algorithm,function,run,final_error
LCFO,F1,1,104.300575179419
LCFO,F1,2,120.52489657132826
LCFO,F1,3,109.44527795996923
LCFO,F1,4,104.80116948592578
LCFO,F1,5,101.2023517363516
LCFO,F1,6,106.77452197798968
LCFO,F1,7,206.96366897049106
LCFO,F1,8,100.29410180181883
LCFO,F1,9,104.11678445796218
LCFO,F1,10,130.18484087452782
LCFO,F1,11,101.10104536287733
LCFO,F1,12,113.66034106490785
LCFO,F1,13,103.83635480479334
LCFO,F1,14,112.63236405505432
LCFO,F1,15,104.13876571709343
LCFO,F1,16,107.24692537522621
LCFO,F1,17,107.13330131340538
LCFO,F1,18,100.31088623603235
LCFO,F1,19,183.15025073236143
LCFO,F1,20,121.41981484236229
LCFO,F1,21,103.715052610622
LCFO,F1,22,108.10578849921397
LCFO,F1,23,105.47267899452675
LCFO,F1,24,104.50306713134822
LCFO,F1,25,113.46359169419311
LCFO,F1,26,120.06984053351474
LCFO,F1,27,179.27115556309073
LCFO,F1,28,101.83013967024438
LCFO,F1,29,107.84302012693175
LCFO,F1,30,101.57045101364183
LCFO,F3,1,870.3499723026769
LCFO,F3,2,387.76430300724286
LCFO,F3,3,1080.2475065836602
LCFO,F3,4,537.3918107995671
LCFO,F3,5,542.3172601784925
LCFO,F3,6,359.45982307070494
LCFO,F3,7,713.5669656640098
LCFO,F3,8,692.6188807737301
LCFO,F3,9,366.3406252707081
LCFO,F3,10,410.0464784466335
LCFO,F3,11,519.2831411316006
LCFO,F3,12,444.95719772255035
LCFO,F3,13,420.8622229774027
LCFO,F3,14,746.6706417986411
LCFO,F3,15,431.01089777266367
LCFO,F3,16,486.3018993741593
LCFO,F3,17,607.7621713880224
LCFO,F3,18,334.94303945513786
LCFO,F3,19,327.57519671595986
LCFO,F3,20,92076.89632699497
LCFO,F3,21,652.5279537485158
LCFO,F3,22,457.1209788925621
LCFO,F3,23,570.2440659419403
LCFO,F3,24,371.55331837193876
LCFO,F3,25,763.9064831448683
LCFO,F3,26,520.7899076576114
LCFO,F3,27,313.7768912340169
LCFO,F3,28,631.26554712861
LCFO,F3,29,1647.3379807809388
LCFO,F3,30,415.2367387030702
LCFO,F4,1,466.946587124142
LCFO,F4,2,484.15638110685427
LCFO,F4,3,486.4775672994248
LCFO,F4,4,472.56199396195893
LCFO,F4,5,483.99202336743133
LCFO,F4,6,484.2314189503298
LCFO,F4,7,485.7420683047654
LCFO,F4,8,485.0261821296972
LCFO,F4,9,483.2833493103726
LCFO,F4,10,462.62058173155924
LCFO,F4,11,470.22258957822964
LCFO,F4,12,486.19379412289015
LCFO,F4,13,483.1633155757009
LCFO,F4,14,458.65352385510704
LCFO,F4,15,464.6931654692839
LCFO,F4,16,486.37460590250635
LCFO,F4,17,483.5466111634901
LCFO,F4,18,468.09173745777434
LCFO,F4,19,484.99766505633374
LCFO,F4,20,483.54784666814226
LCFO,F4,21,486.3335210884816
LCFO,F4,22,485.7919149306039
LCFO,F4,23,458.6093677125143
LCFO,F4,24,489.7580823918909
LCFO,F4,25,467.6980030077537
LCFO,F4,26,464.12386735636994
LCFO,F4,27,483.2664399675093
LCFO,F4,28,485.56807890319476
LCFO,F4,29,485.94338903650805
LCFO,F4,30,486.1594953665635
LCFO,F5,1,527.6677941707834
LCFO,F5,2,538.6316155917581
LCFO,F5,3,531.7614490701757
LCFO,F5,4,530.9022911126198
LCFO,F5,5,521.7021771821853
LCFO,F5,6,522.3012278231627
LCFO,F5,7,516.2287858916492
LCFO,F5,8,535.3114335269235
LCFO,F5,9,518.414665752146
LCFO,F5,10,524.1975244179815
LCFO,F5,11,526.7928889859129
LCFO,F5,12,523.3047551820044
LCFO,F5,13,531.4038235583067
LCFO,F5,14,534.2035225361982
LCFO,F5,15,521.3707579860708
LCFO,F5,16,526.1839256244256
LCFO,F5,17,525.9147648970157
LCFO,F5,18,525.2660326682126
LCFO,F5,19,519.5121735962465
LCFO,F5,20,525.4456994215334
LCFO,F5,21,515.5691010598327
LCFO,F5,22,527.1177791613247
LCFO,F5,23,522.7639249567765
LCFO,F5,24,521.8945722858107
LCFO,F5,25,521.2249263957107
LCFO,F5,26,521.1130180248412
LCFO,F5,27,516.8721655898478
LCFO,F5,28,531.9407409776602
LCFO,F5,29,519.8215280952719
LCFO,F5,30,533.8790630651151
LCFO,F6,1,600.012165793597
LCFO,F6,2,600.0059893932006
LCFO,F6,3,600.024244230676
LCFO,F6,4,600.0057493198094
LCFO,F6,5,600.012411625314
LCFO,F6,6,600.004941833477
LCFO,F6,7,600.0122127677782
LCFO,F6,8,600.0011891871026
LCFO,F6,9,600.0067554582156
LCFO,F6,10,600.0028292396939
LCFO,F6,11,600.0013583273874
LCFO,F6,12,600.006759199219
LCFO,F6,13,600.0069383552677
LCFO,F6,14,600.0043068331892
LCFO,F6,15,600.0069671880506
LCFO,F6,16,600.0187317331629
LCFO,F6,17,600.0089961658059
LCFO,F6,18,600.026781749191
LCFO,F6,19,600.0090392015011
LCFO,F6,20,600.0094413765097
LCFO,F6,21,600.0161963224496
LCFO,F6,22,600.0011681248217
LCFO,F6,23,600.0165356650419
LCFO,F6,24,600.0150580963816
LCFO,F6,25,600.0053733215824
LCFO,F6,26,600.0115333469893
LCFO,F6,27,600.003155512761
LCFO,F6,28,600.0035994912927
LCFO,F6,29,600.0146817539746
LCFO,F6,30,600.0577636520649
LCFO,F7,1,751.0087452717795
LCFO,F7,2,760.2641016948066
LCFO,F7,3,758.0300762076929
LCFO,F7,4,761.2335413224109
LCFO,F7,5,763.5305587623023
LCFO,F7,6,750.8959224636017
LCFO,F7,7,763.2513086199492
LCFO,F7,8,752.7849357205156
LCFO,F7,9,759.4529687622867
LCFO,F7,10,752.791856579673
LCFO,F7,11,763.9442900425186
LCFO,F7,12,753.7218146535455
LCFO,F7,13,752.9157765038982
LCFO,F7,14,757.5917315222889
LCFO,F7,15,766.2446556708251
LCFO,F7,16,762.216470923298
LCFO,F7,17,751.9646847979285
LCFO,F7,18,756.7336655474037
LCFO,F7,19,752.151444160812
LCFO,F7,20,757.3588068899189
LCFO,F7,21,762.2788393053853
LCFO,F7,22,755.8156937920432
LCFO,F7,23,762.5876717922895
LCFO,F7,24,757.6768011224555
LCFO,F7,25,755.1577108099023
LCFO,F7,26,750.6958234705247
LCFO,F7,27,755.951245973407
LCFO,F7,28,758.2642376267662
LCFO,F7,29,760.1463425787201
LCFO,F7,30,754.8690002406036
LCFO,F8,1,826.5108531580967
LCFO,F8,2,819.1141725425405
LCFO,F8,3,823.2074671088768
LCFO,F8,4,821.542222048548
LCFO,F8,5,822.5884599536093
LCFO,F8,6,837.2745542553536
LCFO,F8,7,824.9246084142512
LCFO,F8,8,822.3385818112075
LCFO,F8,9,820.0562037267897
LCFO,F8,10,828.3408034058638
LCFO,F8,11,812.8052687416337
LCFO,F8,12,816.5914458941236
LCFO,F8,13,819.5207302164024
LCFO,F8,14,828.0085026239263
LCFO,F8,15,825.2812441117426
LCFO,F8,16,820.5580757750979
LCFO,F8,17,821.8489427860872
LCFO,F8,18,830.5219746164779
LCFO,F8,19,826.7385654963205
LCFO,F8,20,824.1082834612943
LCFO,F8,21,840.9065643370664
LCFO,F8,22,827.6399597606726
LCFO,F8,23,823.1488623306949
LCFO,F8,24,829.1744795482608
LCFO,F8,25,822.3570271350364
LCFO,F8,26,825.0239215551896
LCFO,F8,27,825.5966055998938
LCFO,F8,28,817.8195974097871
LCFO,F8,29,828.8018662163081
LCFO,F8,30,825.3352743967454
LCFO,F9,1,901.9963525753358
LCFO,F9,2,901.5420285601571
LCFO,F9,3,901.1772327891731
LCFO,F9,4,900.8124370204802
LCFO,F9,5,900.4476412526179
LCFO,F9,6,900.8124370202679
LCFO,F9,7,900.1790565071135
LCFO,F9,8,902.5401836890646
LCFO,F9,9,900.9086480374041
LCFO,F9,10,900.1790565012794
LCFO,F9,11,900.179056500836
LCFO,F9,12,900.6333805245639
LCFO,F9,13,901.7277466680408
LCFO,F9,14,900.5438522691522
LCFO,F9,15,900.179056500835
LCFO,F9,16,901.1772327902677
LCFO,F9,17,901.9963525752725
LCFO,F9,18,900.2685847514645
LCFO,F9,19,900.0895282504189
LCFO,F9,20,900.2685847512815
LCFO,F9,21,900.0000000005114
LCFO,F9,22,901.1772327886245
LCFO,F9,23,900.8124370203934
LCFO,F9,24,901.087704542302
LCFO,F9,25,900.1790565010023
LCFO,F9,26,901.0877045413419
LCFO,F9,27,901.5420285866476
LCFO,F9,28,900.9981762876836
LCFO,F9,29,900.0000000004025
LCFO,F9,30,900.8124370210926
LCFO,F10,1,3977.156700477317
LCFO,F10,2,4222.294019799361
LCFO,F10,3,3612.271809097063
LCFO,F10,4,4425.627005064674
LCFO,F10,5,3776.4617620239223
LCFO,F10,6,4471.549067008911
LCFO,F10,7,4255.044444863539
LCFO,F10,8,4372.352381305789
LCFO,F10,9,4204.122584309538
LCFO,F10,10,4378.463267698407
LCFO,F10,11,3986.9788832840077
LCFO,F10,12,3796.592785053417
LCFO,F10,13,4074.0927227751126
LCFO,F10,14,3937.990192084688
LCFO,F10,15,4104.89910174368
LCFO,F10,16,3890.290902872568
LCFO,F10,17,4173.664030811591
LCFO,F10,18,3817.841123583228
LCFO,F10,19,4007.597691484445
LCFO,F10,20,4005.9346872351434
LCFO,F10,21,4114.047122081418
LCFO,F10,22,3831.58738479352
LCFO,F10,23,3715.205622531137
LCFO,F10,24,4135.51862579439
LCFO,F10,25,3698.2092140994155
LCFO,F10,26,3819.439426775267
LCFO,F10,27,4072.5353680353437
LCFO,F10,28,4001.951687318013
LCFO,F10,29,4440.21722088225
LCFO,F10,30,3690.2457503630885
LCFO,F11,1,1152.0159654656452
LCFO,F11,2,1166.5574504465876
LCFO,F11,3,1130.4310524581133
LCFO,F11,4,1121.4808523630093
LCFO,F11,5,1159.9599144756344
LCFO,F11,6,1172.9151963597333
LCFO,F11,7,1120.4854475435777
LCFO,F11,8,1158.7452917486423
LCFO,F11,9,1116.8057658301238
LCFO,F11,10,1133.1087837454634
LCFO,F11,11,1130.507672820085
LCFO,F11,12,1153.0084771122008
LCFO,F11,13,1153.947440441399
LCFO,F11,14,1126.5185667934898
LCFO,F11,15,1233.6057478500675
LCFO,F11,16,1141.8094005212922
LCFO,F11,17,1179.8170151699474
LCFO,F11,18,1195.856632118727
LCFO,F11,19,1131.190679703115
LCFO,F11,20,1211.2197869441834
LCFO,F11,21,1147.573726867182
LCFO,F11,22,1139.3002633201152
LCFO,F11,23,1130.320195897165
LCFO,F11,24,1134.042832316768
LCFO,F11,25,1162.823446846257
LCFO,F11,26,1202.7630976208188
LCFO,F11,27,1139.205623073814
LCFO,F11,28,1129.9118650083713
LCFO,F11,29,1132.620829745423
LCFO,F11,30,1121.16677223988
LCFO,F12,1,20173.329476731553
LCFO,F12,2,10141.392347834422
LCFO,F12,3,17955.3797857806
LCFO,F12,4,13076.71869088337
LCFO,F12,5,51678.51213493975
LCFO,F12,6,14898.356758462618
LCFO,F12,7,19005.846869040975
LCFO,F12,8,36792.07757649964
LCFO,F12,9,13263.803015874731
LCFO,F12,10,11617.881839012949
LCFO,F12,11,53400.64650619668
LCFO,F12,12,8931.583074701568
LCFO,F12,13,5255.8231603092345
LCFO,F12,14,36126.78301939418
LCFO,F12,15,37392.01138913908
LCFO,F12,16,5244.731396875661
LCFO,F12,17,11842.974684587502
LCFO,F12,18,16063.405921139109
LCFO,F12,19,7650.231936614244
LCFO,F12,20,13539.391580798227
LCFO,F12,21,13695.806143872634
LCFO,F12,22,13453.581331504096
LCFO,F12,23,20645.6388993846
LCFO,F12,24,28440.46142983268
LCFO,F12,25,6009.8257131950195
LCFO,F12,26,39400.339483998054
LCFO,F12,27,12021.95006124505
LCFO,F12,28,16506.40992913682
LCFO,F12,29,24744.19615862066
LCFO,F12,30,5453.667140038724
LCFO,F13,1,1740.891666340255
LCFO,F13,2,1488.1596818066494
LCFO,F13,3,1815.019999270055
LCFO,F13,4,1504.724682840871
LCFO,F13,5,1503.8084792066722
LCFO,F13,6,1505.1715199790956
LCFO,F13,7,2006.696750656371
LCFO,F13,8,1680.3239886535216
LCFO,F13,9,1555.4989246807309
LCFO,F13,10,1655.8051025040118
LCFO,F13,11,1366.6568173272772
LCFO,F13,12,3044.769000172012
LCFO,F13,13,1498.2968196797824
LCFO,F13,14,1526.5390448849375
LCFO,F13,15,1444.1912502822017
LCFO,F13,16,1721.911279321239
LCFO,F13,17,1652.7720301507375
LCFO,F13,18,1673.2245903460616
LCFO,F13,19,1592.1394117401528
LCFO,F13,20,1673.7337101631683
LCFO,F13,21,2046.0983395088747
LCFO,F13,22,1484.6784383367974
LCFO,F13,23,1541.2858208408352
LCFO,F13,24,1493.275780193545
LCFO,F13,25,1448.4305551242903
LCFO,F13,26,1467.824202460428
LCFO,F13,27,1419.8941911530826
LCFO,F13,28,1593.7072292093194
LCFO,F13,29,2133.9936644504023
LCFO,F13,30,1481.5776329324804
LCFO,F14,1,1455.8400455943768
LCFO,F14,2,1483.9294043706127
LCFO,F14,3,1434.9809303572201
LCFO,F14,4,1445.4695810377314
LCFO,F14,5,1453.6430447202981
LCFO,F14,6,1450.7858106345896
LCFO,F14,7,1454.4148279803567
LCFO,F14,8,1442.3897390539316
LCFO,F14,9,1475.2845222195886
LCFO,F14,10,1426.9616061937859
LCFO,F14,11,1433.2755232146533
LCFO,F14,12,1437.3062705534776
LCFO,F14,13,1456.6856088644588
LCFO,F14,14,1438.7545335308187
LCFO,F14,15,1423.3770280141255
LCFO,F14,16,1465.5790920035404
LCFO,F14,17,1454.550820415293
LCFO,F14,18,1435.4075509115462
LCFO,F14,19,1448.4541544255133
LCFO,F14,20,1449.2108285307045
LCFO,F14,21,1430.364924510333
LCFO,F14,22,1452.3172849757748
LCFO,F14,23,1433.2554546826484
LCFO,F14,24,1441.4961971346368
LCFO,F14,25,1428.212664402992
LCFO,F14,26,1434.7738201807585
LCFO,F14,27,1456.6893677653986
LCFO,F14,28,1434.4874448801472
LCFO,F14,29,1429.9621346134436
LCFO,F14,30,1434.83192994877
LCFO,F15,1,1565.071163962311
LCFO,F15,2,1532.6810762738182
LCFO,F15,3,1658.4427738352638
LCFO,F15,4,1578.0561811243367
LCFO,F15,5,1572.095106872928
LCFO,F15,6,1619.3710563029144
LCFO,F15,7,1566.6549846423957
LCFO,F15,8,1527.8583690119062
LCFO,F15,9,1666.4342087013829
LCFO,F15,10,1568.2906465235606
LCFO,F15,11,1552.0683982785754
LCFO,F15,12,1623.6581777567997
LCFO,F15,13,1593.1217833734372
LCFO,F15,14,1770.7864022780138
LCFO,F15,15,1594.4458973215364
LCFO,F15,16,1569.2855591481261
LCFO,F15,17,1539.0221722664296
LCFO,F15,18,1539.1202684244374
LCFO,F15,19,1566.596239330376
LCFO,F15,20,1581.9609925102443
LCFO,F15,21,1610.6544888687317
LCFO,F15,22,1563.7936385416492
LCFO,F15,23,1549.2415658976443
LCFO,F15,24,1580.8108314614533
LCFO,F15,25,1608.4607041979386
LCFO,F15,26,1536.5012041387176
LCFO,F15,27,1601.1227773476699
LCFO,F15,28,1535.824990016371
LCFO,F15,29,1574.266704823571
LCFO,F15,30,1593.7599617809663
LCFO,F16,1,2388.1644450754306
LCFO,F16,2,2022.4545169171172
LCFO,F16,3,1805.7726623925157
LCFO,F16,4,2016.453057352724
LCFO,F16,5,2114.8039523595903
LCFO,F16,6,1822.4842159304474
LCFO,F16,7,1915.905643598021
LCFO,F16,8,2078.525520879795
LCFO,F16,9,2316.0305207267324
LCFO,F16,10,1876.1172302247087
LCFO,F16,11,2446.3077809240845
LCFO,F16,12,1820.5758971535868
LCFO,F16,13,2053.5422709806157
LCFO,F16,14,2386.6475725783594
LCFO,F16,15,2339.3241703525887
LCFO,F16,16,2243.142256429081
LCFO,F16,17,1851.6204711817336
LCFO,F16,18,2110.3995085776114
LCFO,F16,19,2301.015011755014
LCFO,F16,20,2267.9343455453636
LCFO,F16,21,2058.918281985902
LCFO,F16,22,2153.455059039282
LCFO,F16,23,2414.9559499184306
LCFO,F16,24,1892.3331068894747
LCFO,F16,25,2179.103948502427
LCFO,F16,26,2280.247864339425
LCFO,F16,27,2074.4316337318564
LCFO,F16,28,2052.6201814876094
LCFO,F16,29,2168.9572329468856
LCFO,F16,30,2321.2431530659474
LCFO,F17,1,1888.459176239763
LCFO,F17,2,1796.321905625407
LCFO,F17,3,1796.5871994757595
LCFO,F17,4,1798.5104239700938
LCFO,F17,5,1794.5059038795603
LCFO,F17,6,1801.2405180530454
LCFO,F17,7,1853.3228948992153
LCFO,F17,8,1813.9778697434112
LCFO,F17,9,1836.9620591720904
LCFO,F17,10,1776.3457127205645
LCFO,F17,11,1790.8344882276872
LCFO,F17,12,1824.8209324673762
LCFO,F17,13,1830.1099999111082
LCFO,F17,14,1815.1502917422
LCFO,F17,15,1777.0423963410149
LCFO,F17,16,1962.0621182438567
LCFO,F17,17,1793.8214786646615
LCFO,F17,18,1771.8008480955095
LCFO,F17,19,1806.435228994626
LCFO,F17,20,1787.2846674358013
LCFO,F17,21,1800.7248471839746
LCFO,F17,22,1795.857018626776
LCFO,F17,23,1821.9923222445257
LCFO,F17,24,1941.3268184469184
LCFO,F17,25,1781.3812768347043
LCFO,F17,26,1780.4631994455185
LCFO,F17,27,1809.1027673234285
LCFO,F17,28,1773.8656433198078
LCFO,F17,29,1852.409143157443
LCFO,F17,30,1764.7835508824244
LCFO,F18,1,1895.7455477684364
LCFO,F18,2,1891.6927745473774
LCFO,F18,3,1964.4444107674174
LCFO,F18,4,2029.8885377052068
LCFO,F18,5,1931.2680183566638
LCFO,F18,6,2063.202549252496
LCFO,F18,7,1921.0618152249524
LCFO,F18,8,2093.800524850676
LCFO,F18,9,1867.4732747956255
LCFO,F18,10,1930.3160299348756
LCFO,F18,11,2143.3917588707277
LCFO,F18,12,2024.0534404665434
LCFO,F18,13,2016.8268865327016
LCFO,F18,14,1912.4687556859558
LCFO,F18,15,1840.0917248770493
LCFO,F18,16,1940.3125262126382
LCFO,F18,17,2054.9564706100005
LCFO,F18,18,1994.7156409907407
LCFO,F18,19,1934.6255366954472
LCFO,F18,20,1936.8900472692567
LCFO,F18,21,1873.317447777485
LCFO,F18,22,1896.8427541526778
LCFO,F18,23,1875.693723547523
LCFO,F18,24,1834.1911838872027
LCFO,F18,25,2112.2977789990673
LCFO,F18,26,2009.8345422789582
LCFO,F18,27,2016.0156606431378
LCFO,F18,28,2144.4969264047904
LCFO,F18,29,1914.7133091711928
LCFO,F18,30,1892.4010995178694
LCFO,F19,1,2039.357990795532
LCFO,F19,2,1950.2816431784388
LCFO,F19,3,1920.719547911944
LCFO,F19,4,1957.1037308163543
LCFO,F19,5,1921.4886797425181
LCFO,F19,6,1923.774035324802
LCFO,F19,7,1935.5788605466946
LCFO,F19,8,1926.0807544170875
LCFO,F19,9,1930.292423778984
LCFO,F19,10,1942.0428883010345
LCFO,F19,11,1954.5380591727696
LCFO,F19,12,1921.2160443182809
LCFO,F19,13,1952.799043475274
LCFO,F19,14,1921.5162163005346
LCFO,F19,15,1944.4635337831025
LCFO,F19,16,1988.2249088250214
LCFO,F19,17,1921.2739106170009
LCFO,F19,18,1929.2493569998298
LCFO,F19,19,1919.9043273989603
LCFO,F19,20,1946.842648320891
LCFO,F19,21,1977.3853411923299
LCFO,F19,22,1919.1581988419348
LCFO,F19,23,1976.5306313237033
LCFO,F19,24,1921.5979360129697
LCFO,F19,25,1923.8785863789271
LCFO,F19,26,1958.5786235591938
LCFO,F19,27,1921.2707203322232
LCFO,F19,28,1921.0659760991803
LCFO,F19,29,1922.8209232306735
LCFO,F19,30,1924.253532365702
LCFO,F20,1,2120.9203000254993
LCFO,F20,2,2104.5979300335403
LCFO,F20,3,2092.30773812323
LCFO,F20,4,2207.869669329393
LCFO,F20,5,2175.3007688362186
LCFO,F20,6,2083.1394949092883
LCFO,F20,7,2190.707533587757
LCFO,F20,8,2145.250334103431
LCFO,F20,9,2244.657822509065
LCFO,F20,10,2078.2452929596925
LCFO,F20,11,2111.358938676692
LCFO,F20,12,2102.244204236601
LCFO,F20,13,2196.4247882968684
LCFO,F20,14,2212.9945433373414
LCFO,F20,15,2107.2989997629643
LCFO,F20,16,2077.3517408939056
LCFO,F20,17,2059.3236696500007
LCFO,F20,18,2199.1312463228464
LCFO,F20,19,2233.60455928493
LCFO,F20,20,2081.62740695423
LCFO,F20,21,2107.7901093254977
LCFO,F20,22,2234.449524629005
LCFO,F20,23,2124.3722540176427
LCFO,F20,24,2065.2734527721286
LCFO,F20,25,2163.021649543698
LCFO,F20,26,2255.0601473659426
LCFO,F20,27,2088.782408895343
LCFO,F20,28,2106.785439090775
LCFO,F20,29,2102.2539236907287
LCFO,F20,30,2209.80894681912
LCFO,F21,1,2322.694420430964
LCFO,F21,2,2322.940578243888
LCFO,F21,3,2318.064280234183
LCFO,F21,4,2338.6103306586097
LCFO,F21,5,2322.505107989856
LCFO,F21,6,2319.063338214433
LCFO,F21,7,2333.8089422224893
LCFO,F21,8,2325.808575585782
LCFO,F21,9,2325.4127914225846
LCFO,F21,10,2325.1262992917227
LCFO,F21,11,2324.5961203051716
LCFO,F21,12,2322.2631179840732
LCFO,F21,13,2324.353353827286
LCFO,F21,14,2318.2766606030696
LCFO,F21,15,2324.0731163486225
LCFO,F21,16,2318.9808127247493
LCFO,F21,17,2322.5567656899075
LCFO,F21,18,2325.3185162648842
LCFO,F21,19,2325.4445550864493
LCFO,F21,20,2331.4482128953714
LCFO,F21,21,2325.2824551226313
LCFO,F21,22,2316.432785043011
LCFO,F21,23,2321.767348157421
LCFO,F21,24,2329.348290449925
LCFO,F21,25,2329.835702509555
LCFO,F21,26,2317.5605783868205
LCFO,F21,27,2323.712558817171
LCFO,F21,28,2326.4655213676997
LCFO,F21,29,2326.6189880619613
LCFO,F21,30,2332.4953743499686
LCFO,F22,1,2300.00000166046
LCFO,F22,2,2300.000012654816
LCFO,F22,3,2321.346002559427
LCFO,F22,4,2300.0000150265005
LCFO,F22,5,2300.000004742957
LCFO,F22,6,2300.000035581581
LCFO,F22,7,2300.0115395477515
LCFO,F22,8,2300.000045995814
LCFO,F22,9,2300.0000085046877
LCFO,F22,10,2716.03032690815
LCFO,F22,11,2300.000014056637
LCFO,F22,12,2303.3965542682436
LCFO,F22,13,2300.000008496399
LCFO,F22,14,2300.000004621292
LCFO,F22,15,2300.000004753477
LCFO,F22,16,2507.842513767526
LCFO,F22,17,2300.000167739192
LCFO,F22,18,2300.000011710209
LCFO,F22,19,2300.000999927061
LCFO,F22,20,2678.0988299005903
LCFO,F22,21,2300.000130583878
LCFO,F22,22,2300.0000048369347
LCFO,F22,23,2300.0000017243374
LCFO,F22,24,4722.375775711431
LCFO,F22,25,2331.570334417237
LCFO,F22,26,2300.0000139189056
LCFO,F22,27,2302.453362607531
LCFO,F22,28,2391.52540368876
LCFO,F22,29,2300.0000078728
LCFO,F22,30,2300.000000809058
LCFO,F23,1,2684.2968912965903
LCFO,F23,2,2662.842836465604
LCFO,F23,3,2662.102728778307
LCFO,F23,4,2683.3609293759364
LCFO,F23,5,2672.747775578994
LCFO,F23,6,2679.662384024283
LCFO,F23,7,2668.5117245322663
LCFO,F23,8,2669.546879344168
LCFO,F23,9,2680.378300765862
LCFO,F23,10,2673.9167230089347
LCFO,F23,11,2670.0264415806523
LCFO,F23,12,2683.169911030055
LCFO,F23,13,2674.679689570409
LCFO,F23,14,2677.8747064186296
LCFO,F23,15,2678.857796662446
LCFO,F23,16,2674.8818422422046
LCFO,F23,17,2681.493912941791
LCFO,F23,18,2671.106888544716
LCFO,F23,19,2683.7881207548003
LCFO,F23,20,2675.256823515926
LCFO,F23,21,2675.4943117744306
LCFO,F23,22,2651.7073249376863
LCFO,F23,23,2668.024815858825
LCFO,F23,24,2674.7924088166924
LCFO,F23,25,2677.607827191935
LCFO,F23,26,2666.69287659554
LCFO,F23,27,2670.4595683077373
LCFO,F23,28,2688.23030689894
LCFO,F23,29,2678.8163594954785
LCFO,F23,30,2685.944914618124
LCFO,F24,1,2846.129711602959
LCFO,F24,2,2851.613130765836
LCFO,F24,3,2839.915342802278
LCFO,F24,4,2852.8599074116564
LCFO,F24,5,2856.0147000596216
LCFO,F24,6,2840.071989924874
LCFO,F24,7,2847.4467676986565
LCFO,F24,8,2850.9776671701243
LCFO,F24,9,2849.968063001132
LCFO,F24,10,2842.7042054058898
LCFO,F24,11,2840.2644991476873
LCFO,F24,12,2856.6247530522555
LCFO,F24,13,2841.8266325972663
LCFO,F24,14,2836.5575671114484
LCFO,F24,15,2846.594467260439
LCFO,F24,16,2850.3785614034678
LCFO,F24,17,2835.4737566861218
LCFO,F24,18,2836.4195907607145
LCFO,F24,19,2850.4916766739793
LCFO,F24,20,2850.629277061483
LCFO,F24,21,2846.9213365410783
LCFO,F24,22,2846.003350388203
LCFO,F24,23,2845.0002463976575
LCFO,F24,24,2847.1350957932036
LCFO,F24,25,2846.223783871078
LCFO,F24,26,2840.8615826844957
LCFO,F24,27,2841.956813927389
LCFO,F24,28,2845.6694447480636
LCFO,F24,29,2846.4436580332604
LCFO,F24,30,2839.312219498131
LCFO,F25,1,2887.043594983363
LCFO,F25,2,2887.1649056335373
LCFO,F25,3,2887.087207771904
LCFO,F25,4,2886.996653587358
LCFO,F25,5,2887.2769392006603
LCFO,F25,6,2887.144168149386
LCFO,F25,7,2886.992515831699
LCFO,F25,8,2886.8505269658413
LCFO,F25,9,2886.9030117455914
LCFO,F25,10,2886.837758059739
LCFO,F25,11,2887.023396200597
LCFO,F25,12,2886.7964140261006
LCFO,F25,13,2887.052166996392
LCFO,F25,14,2886.9079784539736
LCFO,F25,15,2887.0714714767137
LCFO,F25,16,2887.273324686057
LCFO,F25,17,2883.48310275892
LCFO,F25,18,2886.8203700582003
LCFO,F25,19,2887.054198417244
LCFO,F25,20,2886.8199731130676
LCFO,F25,21,2887.278425522266
LCFO,F25,22,2888.260063515143
LCFO,F25,23,2887.338383446213
LCFO,F25,24,2887.3007275492273
LCFO,F25,25,2887.4545799319767
LCFO,F25,26,2888.2393841662533
LCFO,F25,27,2888.4084277779775
LCFO,F25,28,2886.8162027150256
LCFO,F25,29,2887.0335646863173
LCFO,F25,30,2886.86065101229
LCFO,F26,1,3852.221096189957
LCFO,F26,2,3720.7478248715465
LCFO,F26,3,3804.5104970871644
LCFO,F26,4,3703.3245917255545
LCFO,F26,5,3809.664698052476
LCFO,F26,6,3701.378616916996
LCFO,F26,7,3874.5189769491435
LCFO,F26,8,3705.5520197850146
LCFO,F26,9,3798.1679431458983
LCFO,F26,10,3738.477166425253
LCFO,F26,11,3886.5617201585324
LCFO,F26,12,3767.997340555765
LCFO,F26,13,3781.0807081847397
LCFO,F26,14,3739.2045746084896
LCFO,F26,15,3867.340254045611
LCFO,F26,16,3817.5910622318943
LCFO,F26,17,3721.787696043906
LCFO,F26,18,3730.7119307035937
LCFO,F26,19,3545.68628142685
LCFO,F26,20,3798.4063759696555
LCFO,F26,21,3921.3262996594412
LCFO,F26,22,3793.0878175938287
LCFO,F26,23,3832.806752675395
LCFO,F26,24,3815.508677033322
LCFO,F26,25,3911.3558182808124
LCFO,F26,26,3850.1051432172108
LCFO,F26,27,3817.2931535513926
LCFO,F26,28,3826.3506195326026
LCFO,F26,29,3816.390941675895
LCFO,F26,30,3704.534696338793
LCFO,F27,1,3211.1061626964065
LCFO,F27,2,3204.459815944323
LCFO,F27,3,3209.550092871712
LCFO,F27,4,3192.7242127278773
LCFO,F27,5,3205.8382057588265
LCFO,F27,6,3205.1135350477834
LCFO,F27,7,3212.0053591221067
LCFO,F27,8,3197.3962326059755
LCFO,F27,9,3199.9747206901893
LCFO,F27,10,3194.2703911356402
LCFO,F27,11,3210.5857827964364
LCFO,F27,12,3200.5160523867385
LCFO,F27,13,3200.454986434343
LCFO,F27,14,3198.089220977049
LCFO,F27,15,3207.969614631865
LCFO,F27,16,3197.646057509781
LCFO,F27,17,3217.3943794145825
LCFO,F27,18,3187.0741058408835
LCFO,F27,19,3197.177361805152
LCFO,F27,20,3191.9177914347933
LCFO,F27,21,3211.698655014202
LCFO,F27,22,3199.944301664791
LCFO,F27,23,3199.147302922303
LCFO,F27,24,3208.8816801765256
LCFO,F27,25,3214.562738774883
LCFO,F27,26,3208.9845273811206
LCFO,F27,27,3209.5673719841275
LCFO,F27,28,3206.9179943694744
LCFO,F27,29,3210.0032728967985
LCFO,F27,30,3204.442833721539
LCFO,F28,1,3193.1458590269153
LCFO,F28,2,3207.6672593336557
LCFO,F28,3,3221.506214645862
LCFO,F28,4,3100.1575581380484
LCFO,F28,5,3257.0268918079773
LCFO,F28,6,3201.5799568657426
LCFO,F28,7,3213.9818145306776
LCFO,F28,8,3118.1576518982397
LCFO,F28,9,3207.941598232112
LCFO,F28,10,3191.2400990765436
LCFO,F28,11,3214.0861354155454
LCFO,F28,12,3135.6415714112804
LCFO,F28,13,3201.695487191868
LCFO,F28,14,3208.0063974910477
LCFO,F28,15,3204.1168190609583
LCFO,F28,16,3115.091719541857
LCFO,F28,17,3100.0105059493826
LCFO,F28,18,3283.2910923533755
LCFO,F28,19,3131.8833012105383
LCFO,F28,20,3209.9485438734864
LCFO,F28,21,3118.6883270721414
LCFO,F28,22,3254.01782795756
LCFO,F28,23,3204.865276119689
LCFO,F28,24,3261.846428573769
LCFO,F28,25,3202.456614847221
LCFO,F28,26,3249.8006911858606
LCFO,F28,27,3238.3519414322413
LCFO,F28,28,3101.948335654605
LCFO,F28,29,3178.4204033622163
LCFO,F28,30,3207.746872083576
LCFO,F29,1,3411.0833354232395
LCFO,F29,2,3394.507778566138
LCFO,F29,3,3382.070140975535
LCFO,F29,4,3429.1626746997804
LCFO,F29,5,3409.3377364517974
LCFO,F29,6,3488.8572491822906
LCFO,F29,7,3376.1248666693527
LCFO,F29,8,3405.3101438268764
LCFO,F29,9,3403.0794390948704
LCFO,F29,10,3431.371601525861
LCFO,F29,11,3392.757274411368
LCFO,F29,12,3412.650139355334
LCFO,F29,13,3401.0711057696285
LCFO,F29,14,3416.1249887057766
LCFO,F29,15,3421.8578413312302
LCFO,F29,16,3424.449098819614
LCFO,F29,17,3379.8102873850344
LCFO,F29,18,3462.150830218448
LCFO,F29,19,3347.540707690837
LCFO,F29,20,3438.606264701004
LCFO,F29,21,3386.688623673737
LCFO,F29,22,3445.3654982104026
LCFO,F29,23,3407.1236093384177
LCFO,F29,24,3351.8538069070046
LCFO,F29,25,3379.1028364395643
LCFO,F29,26,3531.83981889741
LCFO,F29,27,3425.2622159894067
LCFO,F29,28,3453.600906514048
LCFO,F29,29,3469.692910190992
LCFO,F29,30,3407.8074456287254
LCFO,F30,1,5627.92530991493
LCFO,F30,2,5889.387999189578
LCFO,F30,3,5218.989887835106
LCFO,F30,4,5717.165189695252
LCFO,F30,5,6691.19424018967
LCFO,F30,6,5531.942458546632
LCFO,F30,7,5712.447706759356
LCFO,F30,8,5525.736537090674
LCFO,F30,9,5142.212084681884
LCFO,F30,10,5015.671993651151
LCFO,F30,11,5304.936470436735
LCFO,F30,12,5295.196906998434
LCFO,F30,13,5614.217114569867
LCFO,F30,14,5285.135884998238
LCFO,F30,15,5157.739930558771
LCFO,F30,16,5524.2005825978285
LCFO,F30,17,6047.475809052628
LCFO,F30,18,4985.198505040643
LCFO,F30,19,5991.116996763364
LCFO,F30,20,6698.141662316852
LCFO,F30,21,5674.291964040165
LCFO,F30,22,6034.66465081778
LCFO,F30,23,5385.060944913587
LCFO,F30,24,5290.073775906311
LCFO,F30,25,5710.033971779954
LCFO,F30,26,5779.304616618718
LCFO,F30,27,5968.762192461648
LCFO,F30,28,5116.366768231761
LCFO,F30,29,5785.96637977155
LCFO,F30,30,5290.643825442356
CFO,F1,1,4330.9455999952315
CFO,F1,2,10027.326280753989
CFO,F1,3,86028.69465289233
CFO,F1,4,88136.85044412302
CFO,F1,5,52818.1570547544
CFO,F1,6,2446.0562409773192
CFO,F1,7,21238.33634902119
CFO,F1,8,3668.6892923244445
CFO,F1,9,3488.9829141016467
CFO,F1,10,32514.704363848712
CFO,F1,11,47805.58290195768
CFO,F1,12,22427.47697984455
CFO,F1,13,4440.7890384629745
CFO,F1,14,5919.7898154821
CFO,F1,15,32687.91264939615
CFO,F1,16,8844.90788346099
CFO,F1,17,24439.0995401623
CFO,F1,18,39959.1744690221
CFO,F1,19,18971.642827832275
CFO,F1,20,39420.801320570354
CFO,F1,21,7154.309212353403
CFO,F1,22,7679.5780031005115
CFO,F1,23,2082.376763002129
CFO,F1,24,458234.6028043275
CFO,F1,25,673665.1714073345
CFO,F1,26,11242.40748171697
CFO,F1,27,23840.96932582319
CFO,F1,28,15636.978897934638
CFO,F1,29,24880.32107179373
CFO,F1,30,5748.422537371693
CFO,F3,1,21605.313341834233
CFO,F3,2,11387.250416117799
CFO,F3,3,15830.637572360996
CFO,F3,4,12317.804419822014
CFO,F3,5,17697.017493413405
CFO,F3,6,15147.945140496578
CFO,F3,7,20039.17842181668
CFO,F3,8,12709.315059517116
CFO,F3,9,9686.56426726077
CFO,F3,10,18842.308002861268
CFO,F3,11,10947.239741188905
CFO,F3,12,6470.739103611908
CFO,F3,13,7003.821235806781
CFO,F3,14,5277.951813931954
CFO,F3,15,21549.841413967588
CFO,F3,16,13448.467442100944
CFO,F3,17,12446.740081273614
CFO,F3,18,13451.708531783652
CFO,F3,19,21804.996386883493
CFO,F3,20,9502.265368215054
CFO,F3,21,12858.40293520411
CFO,F3,22,25823.08947048582
CFO,F3,23,8386.441771867234
CFO,F3,24,16230.055710208988
CFO,F3,25,11136.182322577148
CFO,F3,26,16904.85592900065
CFO,F3,27,20558.036737692368
CFO,F3,28,20925.021890318392
CFO,F3,29,26428.62538041559
CFO,F3,30,6938.205873713053
CFO,F4,1,511.76746828402804
CFO,F4,2,473.8653154439839
CFO,F4,3,557.3280506872347
CFO,F4,4,435.8501982371705
CFO,F4,5,468.98153880162965
CFO,F4,6,511.77099913507243
CFO,F4,7,512.6817633791143
CFO,F4,8,569.5452976542022
CFO,F4,9,534.4967799731239
CFO,F4,10,487.5866965555133
CFO,F4,11,479.3071108118544
CFO,F4,12,492.30555241713705
CFO,F4,13,477.32254552906323
CFO,F4,14,458.6485424166092
CFO,F4,15,520.0130615961102
CFO,F4,16,514.2303231434
CFO,F4,17,495.2095512436959
CFO,F4,18,517.272170286834
CFO,F4,19,484.64728122238864
CFO,F4,20,526.1005385858003
CFO,F4,21,521.2709511151737
CFO,F4,22,469.76368816695526
CFO,F4,23,592.8798481800519
CFO,F4,24,540.3484576019654
CFO,F4,25,518.0740520743394
CFO,F4,26,475.175321278031
CFO,F4,27,513.3404313313536
CFO,F4,28,514.5683046379016
CFO,F4,29,471.8676526228825
CFO,F4,30,456.72957923837714
CFO,F5,1,709.9349835326549
CFO,F5,2,697.9962343162185
CFO,F5,3,732.8176589628096
CFO,F5,4,702.9705669721641
CFO,F5,5,770.6260855679847
CFO,F5,6,684.4415039744916
CFO,F5,7,707.945067388412
CFO,F5,8,761.6712847099789
CFO,F5,9,739.7831154611808
CFO,F5,10,690.0359526111197
CFO,F5,11,677.1018021963228
CFO,F5,12,780.5767797120914
CFO,F5,13,667.1523272036703
CFO,F5,14,700.9806327969774
CFO,F5,15,766.6473851104274
CFO,F5,16,784.5555506205205
CFO,F5,17,833.3064772895376
CFO,F5,18,766.6473553789947
CFO,F5,19,655.2126976563743
CFO,F5,20,713.9142487250574
CFO,F5,21,666.4599098745225
CFO,F5,22,777.5910767542373
CFO,F5,23,791.518419064725
CFO,F5,24,654.2176441497218
CFO,F5,25,768.6360004338375
CFO,F5,26,755.7022754716124
CFO,F5,27,689.0407830865355
CFO,F5,28,655.2125215083036
CFO,F5,29,751.7230296161835
CFO,F5,30,680.0868168876192
CFO,F6,1,642.8695643313733
CFO,F6,2,650.3752358360762
CFO,F6,3,666.0607742521742
CFO,F6,4,672.2602173449582
CFO,F6,5,640.8879428787358
CFO,F6,6,650.0544703652067
CFO,F6,7,660.2203781689069
CFO,F6,8,637.8366731493727
CFO,F6,9,662.6924097597505
CFO,F6,10,667.7251609176631
CFO,F6,11,682.2463745854255
CFO,F6,12,653.4768272732081
CFO,F6,13,677.0754953139264
CFO,F6,14,646.4061541909539
CFO,F6,15,648.8753074640983
CFO,F6,16,646.8501819071655
CFO,F6,17,646.6146029259352
CFO,F6,18,650.7625405247693
CFO,F6,19,657.6925620721283
CFO,F6,20,651.9661366317215
CFO,F6,21,657.4274692981637
CFO,F6,22,654.8448912094549
CFO,F6,23,655.827307614258
CFO,F6,24,637.6721729983144
CFO,F6,25,663.3071478731177
CFO,F6,26,654.8110330973254
CFO,F6,27,663.4270566663419
CFO,F6,28,651.6461185604252
CFO,F6,29,655.5639954787217
CFO,F6,30,658.6666632852222
CFO,F7,1,1162.2535765000712
CFO,F7,2,1243.4692423829001
CFO,F7,3,1204.6921862840827
CFO,F7,4,1185.3054941700234
CFO,F7,5,1248.3149327207225
CFO,F7,6,1004.7093923388519
CFO,F7,7,1020.4611223862878
CFO,F7,8,1178.3216442357973
CFO,F7,9,1200.3184558137175
CFO,F7,10,957.9571217407677
CFO,F7,11,959.1203166731464
CFO,F7,12,1156.0344611796795
CFO,F7,13,1182.5603163633973
CFO,F7,14,1177.8354037090521
CFO,F7,15,1250.730792595626
CFO,F7,16,1112.8288081324822
CFO,F7,17,1105.0252725235036
CFO,F7,18,1056.807039940682
CFO,F7,19,1266.3091047904231
CFO,F7,20,1272.539536106202
CFO,F7,21,1001.5358519974632
CFO,F7,22,1052.9218837732762
CFO,F7,23,1121.2313840827755
CFO,F7,24,1088.0093928384733
CFO,F7,25,1291.4850402582001
CFO,F7,26,1293.4953991915736
CFO,F7,27,1272.1729498811674
CFO,F7,28,1179.587958310832
CFO,F7,29,1279.7385073080027
CFO,F7,30,1096.868031463633
CFO,F8,1,944.2683931416831
CFO,F8,2,1037.793377072192
CFO,F8,3,991.0314164612097
CFO,F8,4,959.1923988332945
CFO,F8,5,971.132169718356
CFO,F8,6,928.3495693485421
CFO,F8,7,1003.9651544329068
CFO,F8,8,939.2937979277192
CFO,F8,9,1012.9197040226621
CFO,F8,10,934.3189057757288
CFO,F8,11,937.3036087094179
CFO,F8,12,947.2532531579393
CFO,F8,13,943.6540193131154
CFO,F8,14,1019.8839552336501
CFO,F8,15,982.077065781636
CFO,F8,16,939.2934828947376
CFO,F8,17,954.2175341937854
CFO,F8,18,988.046338280822
CFO,F8,19,994.016013321536
CFO,F8,20,1043.7633584470382
CFO,F8,21,968.1466183481425
CFO,F8,22,913.4254272290968
CFO,F8,23,959.1933435805231
CFO,F8,24,963.1724323208363
CFO,F8,25,978.096576357867
CFO,F8,26,937.3035690324552
CFO,F8,27,1027.8437626541406
CFO,F8,28,1022.8688645102799
CFO,F8,29,951.2330733643537
CFO,F8,30,1014.9095486531943
CFO,F9,1,3646.3150840751127
CFO,F9,2,6073.004469900587
CFO,F9,3,4278.993357653632
CFO,F9,4,3908.848843755548
CFO,F9,5,5959.291331843979
CFO,F9,6,4862.119484832305
CFO,F9,7,3421.02287580547
CFO,F9,8,4222.952245422603
CFO,F9,9,5031.897002245914
CFO,F9,10,4339.138161096214
CFO,F9,11,5726.299195266352
CFO,F9,12,4504.670442915063
CFO,F9,13,4496.31237383559
CFO,F9,14,4982.778085194408
CFO,F9,15,5613.11009082475
CFO,F9,16,3778.352277136548
CFO,F9,17,5786.110406583205
CFO,F9,18,5089.925256210318
CFO,F9,19,4457.030553025015
CFO,F9,20,4771.782563649776
CFO,F9,21,4941.842187177777
CFO,F9,22,4606.622384621114
CFO,F9,23,4674.740383339944
CFO,F9,24,3938.006912452423
CFO,F9,25,4304.327431292252
CFO,F9,26,4238.538987982421
CFO,F9,27,4200.666000838719
CFO,F9,28,7432.2280460948305
CFO,F9,29,5233.645159432554
CFO,F9,30,4150.031868020122
CFO,F10,1,6590.077419587289
CFO,F10,2,5685.048253602768
CFO,F10,3,5696.262725997355
CFO,F10,4,4204.167034615821
CFO,F10,5,4485.885608045535
CFO,F10,6,5316.859908593193
CFO,F10,7,6331.259482061348
CFO,F10,8,4920.456671027572
CFO,F10,9,5630.773205819729
CFO,F10,10,6472.315113632784
CFO,F10,11,5309.817862163283
CFO,F10,12,7491.558487846262
CFO,F10,13,8239.82878351058
CFO,F10,14,6622.95230242357
CFO,F10,15,4147.122691509867
CFO,F10,16,5873.632943517452
CFO,F10,17,6715.627312196795
CFO,F10,18,6477.730010010837
CFO,F10,19,4979.0979730264335
CFO,F10,20,5838.042903492164
CFO,F10,21,4360.6663256480515
CFO,F10,22,5293.829432697663
CFO,F10,23,5481.196381392269
CFO,F10,24,5176.647467180093
CFO,F10,25,5433.7280200222485
CFO,F10,26,5710.078944509476
CFO,F10,27,4553.88532845573
CFO,F10,28,4975.102330614591
CFO,F10,29,7064.923699184419
CFO,F10,30,5117.801534768403
CFO,F11,1,1220.2036492141976
CFO,F11,2,1444.1832427566324
CFO,F11,3,1281.0328323672181
CFO,F11,4,1330.7531922102253
CFO,F11,5,1236.1286128487916
CFO,F11,6,1374.9695550251004
CFO,F11,7,1388.4369744980354
CFO,F11,8,1355.8744192106751
CFO,F11,9,1339.3624834847958
CFO,F11,10,1229.0250908385392
CFO,F11,11,1189.1284815231575
CFO,F11,12,1412.85470784212
CFO,F11,13,1267.1622561049874
CFO,F11,14,1251.4159700890398
CFO,F11,15,1265.8729316280264
CFO,F11,16,1266.5668892754923
CFO,F11,17,1242.5735741656986
CFO,F11,18,1309.4898454477027
CFO,F11,19,1327.7436503564038
CFO,F11,20,1260.5475246940855
CFO,F11,21,1236.1440160975983
CFO,F11,22,1389.3122365250788
CFO,F11,23,1375.7392968388344
CFO,F11,24,1323.7898402846356
CFO,F11,25,1218.05003053203
CFO,F11,26,1257.4204010851818
CFO,F11,27,1267.2087803722875
CFO,F11,28,1353.4076577083222
CFO,F11,29,1320.6061204433047
CFO,F11,30,1235.7175991129006
CFO,F12,1,1737936.8482001678
CFO,F12,2,466557.98903397965
CFO,F12,3,796689.2943276624
CFO,F12,4,372518.2881023865
CFO,F12,5,278659.0358025243
CFO,F12,6,684595.3547540151
CFO,F12,7,565243.7656120621
CFO,F12,8,560967.3322685193
CFO,F12,9,218908.91774583084
CFO,F12,10,230542.8964481234
CFO,F12,11,262076.48102572846
CFO,F12,12,899048.5344722565
CFO,F12,13,1406072.553131041
CFO,F12,14,1433199.6834715225
CFO,F12,15,267231.8480116185
CFO,F12,16,1385601.7734722993
CFO,F12,17,851334.3488280929
CFO,F12,18,356738.95544947754
CFO,F12,19,116587.70886780151
CFO,F12,20,442903.27425860905
CFO,F12,21,758084.8924203707
CFO,F12,22,539680.2223518126
CFO,F12,23,1286801.6372480304
CFO,F12,24,69632.36063257858
CFO,F12,25,1284549.4815166479
CFO,F12,26,431312.8245857267
CFO,F12,27,523563.6412560063
CFO,F12,28,1366360.0347386072
CFO,F12,29,191285.28402207955
CFO,F12,30,2106235.7406092575
CFO,F13,1,14234.450546432212
CFO,F13,2,67171.8128608624
CFO,F13,3,6751.720593436142
CFO,F13,4,2355.7732224252923
CFO,F13,5,20618.845096371268
CFO,F13,6,29068.655177626133
CFO,F13,7,7419.357633163432
CFO,F13,8,17793.577352702756
CFO,F13,9,53615.385010725
CFO,F13,10,1710.594314226345
CFO,F13,11,59448.62742819832
CFO,F13,12,7764.7791151655365
CFO,F13,13,43806.13909135407
CFO,F13,14,42437.747259192605
CFO,F13,15,10217.778185343706
CFO,F13,16,9498.145808365969
CFO,F13,17,15541.044337850315
CFO,F13,18,6348.940050307402
CFO,F13,19,5752.752580522296
CFO,F13,20,6649.100414673705
CFO,F13,21,7778.888727003198
CFO,F13,22,3935.7016224466324
CFO,F13,23,7884.0020948182255
CFO,F13,24,4855.558461444919
CFO,F13,25,92665.95394467149
CFO,F13,26,23416.084803363083
CFO,F13,27,5746.810839181683
CFO,F13,28,77122.24431802734
CFO,F13,29,6444.083165213553
CFO,F13,30,50907.916181022025
CFO,F14,1,11471.385212154024
CFO,F14,2,1792.0287026599044
CFO,F14,3,3734.5527456881327
CFO,F14,4,1746.703857741534
CFO,F14,5,2108.5547394188857
CFO,F14,6,9010.298218266205
CFO,F14,7,2019.4323875584364
CFO,F14,8,4061.62065131706
CFO,F14,9,1858.803121394651
CFO,F14,10,2424.898496020928
CFO,F14,11,6671.959117709394
CFO,F14,12,3881.1705111653273
CFO,F14,13,2505.8352636703517
CFO,F14,14,12011.318437728842
CFO,F14,15,6137.598270635131
CFO,F14,16,5106.668746028317
CFO,F14,17,3719.747488940491
CFO,F14,18,3176.1809887441264
CFO,F14,19,11710.904638476697
CFO,F14,20,3675.138947578969
CFO,F14,21,2210.384226694964
CFO,F14,22,4240.206218494417
CFO,F14,23,2331.3214817191274
CFO,F14,24,3095.789213473101
CFO,F14,25,2005.8526605615968
CFO,F14,26,4982.287567582855
CFO,F14,27,2147.7057246809904
CFO,F14,28,2475.9304627875817
CFO,F14,29,3023.7980638531208
CFO,F14,30,15792.540000822559
CFO,F15,1,27169.757555969267
CFO,F15,2,21907.824403012546
CFO,F15,3,2895.174254467229
CFO,F15,4,4944.229566022694
CFO,F15,5,5669.224087333941
CFO,F15,6,28117.478900142887
CFO,F15,7,12963.823042401722
CFO,F15,8,9228.071105061515
CFO,F15,9,2572.8396042158965
CFO,F15,10,2703.3147499877027
CFO,F15,11,7759.476173803224
CFO,F15,12,8735.921535086421
CFO,F15,13,2685.679750802632
CFO,F15,14,6761.025918805402
CFO,F15,15,13974.991030704501
CFO,F15,16,3182.6696457585394
CFO,F15,17,1788.6544636264352
CFO,F15,18,42377.62431265095
CFO,F15,19,29170.105522163303
CFO,F15,20,1665.2933266539603
CFO,F15,21,3386.323718703751
CFO,F15,22,5804.122669331193
CFO,F15,23,28315.09839914605
CFO,F15,24,4307.552662897137
CFO,F15,25,19517.883066438037
CFO,F15,26,4919.176587573219
CFO,F15,27,8233.505999261084
CFO,F15,28,1837.8020945493456
CFO,F15,29,3011.2461662658607
CFO,F15,30,2289.056883172548
CFO,F16,1,3024.199435583252
CFO,F16,2,3371.161927474509
CFO,F16,3,2580.0741746168414
CFO,F16,4,2683.118487461541
CFO,F16,5,2747.0688411206966
CFO,F16,6,2420.3195622396183
CFO,F16,7,3285.2968523082964
CFO,F16,8,3019.966533054193
CFO,F16,9,3094.8604498752165
CFO,F16,10,2772.402880204303
CFO,F16,11,3695.5453857745433
CFO,F16,12,2826.058523259562
CFO,F16,13,2678.342825233278
CFO,F16,14,2241.2130439651132
CFO,F16,15,3298.830216866078
CFO,F16,16,2675.6421152046787
CFO,F16,17,2494.6154472792236
CFO,F16,18,2982.0967037960895
CFO,F16,19,2996.7294354095793
CFO,F16,20,3337.795261669004
CFO,F16,21,2869.802808568388
CFO,F16,22,2915.9071024334735
CFO,F16,23,2617.7497213015954
CFO,F16,24,2501.8580044199857
CFO,F16,25,3283.5943838529315
CFO,F16,26,3299.5172344464936
CFO,F16,27,3014.524407147489
CFO,F16,28,2382.519014713555
CFO,F16,29,2996.6175791581886
CFO,F16,30,3311.0339436043914
CFO,F17,1,2455.7022869569814
CFO,F17,2,2674.154967072275
CFO,F17,3,2273.2191962886013
CFO,F17,4,2669.3797856872006
CFO,F17,5,2574.920807489788
CFO,F17,6,2111.9650099657683
CFO,F17,7,2263.2338562414498
CFO,F17,8,3140.9839653952695
CFO,F17,9,2363.200714486772
CFO,F17,10,2523.833937016482
CFO,F17,11,2279.6309997201397
CFO,F17,12,2234.9238831292996
CFO,F17,13,2844.2667401505323
CFO,F17,14,2652.0164211594138
CFO,F17,15,2501.4745608415374
CFO,F17,16,2947.1184360296093
CFO,F17,17,2294.483483677953
CFO,F17,18,2716.4969186270655
CFO,F17,19,2825.655234200461
CFO,F17,20,2778.2002010655474
CFO,F17,21,2610.310155548022
CFO,F17,22,2827.1583155242315
CFO,F17,23,2720.8969320949495
CFO,F17,24,2089.422402539565
CFO,F17,25,2295.7070943317244
CFO,F17,26,2205.2090225442644
CFO,F17,27,2933.0688358166067
CFO,F17,28,1999.6141775293495
CFO,F17,29,2395.1214284283606
CFO,F17,30,2415.1724070106698
CFO,F18,1,137723.2996119875
CFO,F18,2,52503.17073750256
CFO,F18,3,69046.6787315477
CFO,F18,4,181156.4333180731
CFO,F18,5,242568.0840733493
CFO,F18,6,37418.95245969179
CFO,F18,7,77396.1768992152
CFO,F18,8,174977.83748688264
CFO,F18,9,41886.26809340654
CFO,F18,10,331518.85237876035
CFO,F18,11,473407.66205192445
CFO,F18,12,195739.97064286057
CFO,F18,13,249700.7003778384
CFO,F18,14,139645.2434372747
CFO,F18,15,140713.4044639592
CFO,F18,16,80459.63009839173
CFO,F18,17,68357.94997747542
CFO,F18,18,122929.29949656167
CFO,F18,19,331163.07508194406
CFO,F18,20,34812.099545936304
CFO,F18,21,29475.86243683836
CFO,F18,22,148415.54848417308
CFO,F18,23,194305.95709439894
CFO,F18,24,190245.88738588418
CFO,F18,25,114351.70499182436
CFO,F18,26,329039.5216010401
CFO,F18,27,160298.88048748276
CFO,F18,28,55929.03724587515
CFO,F18,29,28695.15796881845
CFO,F18,30,280427.8580663309
CFO,F19,1,2014.1982533888086
CFO,F19,2,19610.618688670515
CFO,F19,3,3151.991977483352
CFO,F19,4,27577.800788631284
CFO,F19,5,14831.913830112522
CFO,F19,6,5206.432823582452
CFO,F19,7,4184.356208927329
CFO,F19,8,18215.16536825548
CFO,F19,9,3409.423405618739
CFO,F19,10,46827.98205828761
CFO,F19,11,50724.53423085146
CFO,F19,12,6533.832318928
CFO,F19,13,4912.597138747785
CFO,F19,14,12437.02551540459
CFO,F19,15,13480.772122854887
CFO,F19,16,56486.510550712905
CFO,F19,17,56323.46396130203
CFO,F19,18,7183.212041244004
CFO,F19,19,24873.563774115075
CFO,F19,20,56475.43205470345
CFO,F19,21,5007.303291069626
CFO,F19,22,24205.593982851085
CFO,F19,23,19471.81370540577
CFO,F19,24,35624.00302659294
CFO,F19,25,18172.478176645433
CFO,F19,26,18073.82053968007
CFO,F19,27,4478.855754616196
CFO,F19,28,2484.9817327241617
CFO,F19,29,7181.83683470131
CFO,F19,30,3380.681505205522
CFO,F20,1,2973.7163144410565
CFO,F20,2,2704.9211855226786
CFO,F20,3,2451.783101838063
CFO,F20,4,2791.095352757577
CFO,F20,5,2837.278552763607
CFO,F20,6,2947.4237506574054
CFO,F20,7,3077.743204107457
CFO,F20,8,2900.284759884556
CFO,F20,9,2762.8941640776993
CFO,F20,10,2786.6553819694286
CFO,F20,11,2922.603106484223
CFO,F20,12,2802.1597756815013
CFO,F20,13,2793.525491991556
CFO,F20,14,2940.3077685970566
CFO,F20,15,2705.734905948497
CFO,F20,16,3348.702316909072
CFO,F20,17,2701.4601703927856
CFO,F20,18,2940.597214831574
CFO,F20,19,3228.39780655059
CFO,F20,20,2682.3849106022662
CFO,F20,21,2594.635852876273
CFO,F20,22,2991.9669097200344
CFO,F20,23,2633.7620736509352
CFO,F20,24,2729.054114914648
CFO,F20,25,2873.635413528263
CFO,F20,26,2776.882073581243
CFO,F20,27,2923.9124261395546
CFO,F20,28,2754.5950405543435
CFO,F20,29,2578.9508323080313
CFO,F20,30,2762.85558967182
CFO,F21,1,2503.113525506373
CFO,F21,2,2553.4459266089243
CFO,F21,3,2529.729827298346
CFO,F21,4,2430.124949889382
CFO,F21,5,2510.0078874502187
CFO,F21,6,2513.968198120211
CFO,F21,7,2414.230952075454
CFO,F21,8,2458.578091455067
CFO,F21,9,2497.480009281994
CFO,F21,10,2437.7245537087865
CFO,F21,11,2521.8552754888765
CFO,F21,12,2446.1252572273947
CFO,F21,13,2626.058679997186
CFO,F21,14,2468.686837779415
CFO,F21,15,2467.288522313132
CFO,F21,16,2500.344825325551
CFO,F21,17,2531.4078106133
CFO,F21,18,2398.081764758942
CFO,F21,19,2464.770719252401
CFO,F21,20,2403.6626644305816
CFO,F21,21,2469.9122694372404
CFO,F21,22,2573.512475599821
CFO,F21,23,2445.2963277493354
CFO,F21,24,2397.7688212159132
CFO,F21,25,2470.0713723172057
CFO,F21,26,2470.359536904465
CFO,F21,27,2446.071673818723
CFO,F21,28,2590.4374878012895
CFO,F21,29,2535.6641131973
CFO,F21,30,2462.667840367152
CFO,F22,1,7335.392493305278
CFO,F22,2,6304.214652921317
CFO,F22,3,2300.155130254035
CFO,F22,4,2332.7256865603053
CFO,F22,5,7948.468054146958
CFO,F22,6,2301.084649384578
CFO,F22,7,6639.8731529333045
CFO,F22,8,8460.414940235416
CFO,F22,9,6852.378355542262
CFO,F22,10,8882.186828743232
CFO,F22,11,6753.914223154187
CFO,F22,12,6651.254116381118
CFO,F22,13,6830.63293730364
CFO,F22,14,7315.288609340021
CFO,F22,15,7817.813254981468
CFO,F22,16,2311.929917971774
CFO,F22,17,7078.547966103066
CFO,F22,18,7456.2990874134575
CFO,F22,19,2311.749029050957
CFO,F22,20,8332.678136075305
CFO,F22,21,7598.414403910901
CFO,F22,22,7533.179549779793
CFO,F22,23,6684.707466410284
CFO,F22,24,6537.376566813988
CFO,F22,25,2345.858669010327
CFO,F22,26,6757.523711164253
CFO,F22,27,7986.326630959209
CFO,F22,28,2366.6570468868663
CFO,F22,29,7774.068560557909
CFO,F22,30,6951.979787340098
CFO,F23,1,3007.7547334057467
CFO,F23,2,3107.0413022192515
CFO,F23,3,2865.6645146473497
CFO,F23,4,2915.2983931001136
CFO,F23,5,2952.169828211527
CFO,F23,6,2799.098455950014
CFO,F23,7,2922.0744919961235
CFO,F23,8,2928.381225557277
CFO,F23,9,2910.2624663073184
CFO,F23,10,2889.3586737837645
CFO,F23,11,2871.079401137116
CFO,F23,12,2928.6958394631574
CFO,F23,13,2859.1125046251877
CFO,F23,14,2992.949906120846
CFO,F23,15,3080.1436955388795
CFO,F23,16,2868.002755613581
CFO,F23,17,2941.3363256344655
CFO,F23,18,2884.3884587222174
CFO,F23,19,2873.940843237214
CFO,F23,20,3061.8648301772364
CFO,F23,21,2902.516459875761
CFO,F23,22,2819.230773768983
CFO,F23,23,2856.1591930529803
CFO,F23,24,2974.0396849864937
CFO,F23,25,3003.011708828155
CFO,F23,26,3001.9519916408076
CFO,F23,27,2962.0624188936044
CFO,F23,28,3140.7362151571406
CFO,F23,29,2915.2753987192887
CFO,F23,30,2907.5255239416097
CFO,F24,1,3032.44858515074
CFO,F24,2,3064.2133881545074
CFO,F24,3,2970.9351789857374
CFO,F24,4,3033.1294092180206
CFO,F24,5,3063.6686447541297
CFO,F24,6,3086.3423796309253
CFO,F24,7,3189.308079557837
CFO,F24,8,3183.86798828272
CFO,F24,9,3153.614572287855
CFO,F24,10,3142.0729110686502
CFO,F24,11,3000.082325301545
CFO,F24,12,3045.657344248583
CFO,F24,13,3024.724695721454
CFO,F24,14,3223.6380293916545
CFO,F24,15,3195.2098998788615
CFO,F24,16,2977.1082587024093
CFO,F24,17,3225.8664708349697
CFO,F24,18,3226.6598544649523
CFO,F24,19,3042.2049627753067
CFO,F24,20,3089.7243747766515
CFO,F24,21,3003.611276442485
CFO,F24,22,2926.231373474044
CFO,F24,23,3051.1818227040994
CFO,F24,24,3161.122231937777
CFO,F24,25,3190.3028686104153
CFO,F24,26,3128.5713312191056
CFO,F24,27,3073.4717884820066
CFO,F24,28,3063.3789580490666
CFO,F24,29,3167.1288594291605
CFO,F24,30,3025.0535508886783
CFO,F25,1,2908.904975425446
CFO,F25,2,2904.80562964845
CFO,F25,3,2890.8607709747953
CFO,F25,4,2905.349444918742
CFO,F25,5,2895.0214729253776
CFO,F25,6,2910.9371824098116
CFO,F25,7,2920.2538122657556
CFO,F25,8,2912.641624402201
CFO,F25,9,2967.673849956366
CFO,F25,10,2959.1209445463182
CFO,F25,11,2941.041928235453
CFO,F25,12,2898.4413114272857
CFO,F25,13,2913.910872331093
CFO,F25,14,2896.351305818909
CFO,F25,15,2887.7430497191144
CFO,F25,16,2916.8709277956877
CFO,F25,17,2960.464211596966
CFO,F25,18,2951.4383724509908
CFO,F25,19,2912.5945889082705
CFO,F25,20,2890.2026178754613
CFO,F25,21,2928.096174521676
CFO,F25,22,2927.073578260013
CFO,F25,23,2950.1683587161865
CFO,F25,24,2936.8011382338927
CFO,F25,25,2893.5517140644524
CFO,F25,26,2927.757146362538
CFO,F25,27,2970.6196938334087
CFO,F25,28,2922.516988630896
CFO,F25,29,2958.337127584995
CFO,F25,30,2935.71177709965
CFO,F26,1,6721.775183672567
CFO,F26,2,5693.8766023217595
CFO,F26,3,8742.278444264846
CFO,F26,4,6665.24098447414
CFO,F26,5,6315.176875293169
CFO,F26,6,8122.65078849364
CFO,F26,7,6270.895401775669
CFO,F26,8,6517.633352563909
CFO,F26,9,7241.114444509951
CFO,F26,10,7264.83397529027
CFO,F26,11,6183.337962301391
CFO,F26,12,2829.515812235714
CFO,F26,13,7218.860803015473
CFO,F26,14,7348.030404791545
CFO,F26,15,6252.264722755068
CFO,F26,16,7728.446201528297
CFO,F26,17,7370.142808104601
CFO,F26,18,6494.573152919077
CFO,F26,19,7939.518103135601
CFO,F26,20,5804.672573572162
CFO,F26,21,7857.530713422308
CFO,F26,22,7285.9797864550565
CFO,F26,23,6662.485408122015
CFO,F26,24,7774.641680371739
CFO,F26,25,8270.553909067472
CFO,F26,26,7416.141807441201
CFO,F26,27,7492.434884646622
CFO,F26,28,2800.7092627167935
CFO,F26,29,6904.841546095155
CFO,F26,30,6210.43953768994
CFO,F27,1,3336.336848546946
CFO,F27,2,3300.1210667077703
CFO,F27,3,3255.69923264386
CFO,F27,4,3327.6308698697844
CFO,F27,5,3382.789769982004
CFO,F27,6,3410.8621210061156
CFO,F27,7,3461.598272943884
CFO,F27,8,3264.448546076482
CFO,F27,9,3263.5220029188476
CFO,F27,10,3292.3325901720477
CFO,F27,11,3348.9981513750195
CFO,F27,12,3550.3300169589993
CFO,F27,13,3268.9506707672076
CFO,F27,14,3252.7313182575626
CFO,F27,15,3312.6037983244096
CFO,F27,16,3385.8651953501317
CFO,F27,17,3292.467701032916
CFO,F27,18,3469.6409776173796
CFO,F27,19,3327.794983537957
CFO,F27,20,3339.700668682649
CFO,F27,21,3385.7814874748005
CFO,F27,22,3333.974103344964
CFO,F27,23,3314.9775515076244
CFO,F27,24,3270.6019702185113
CFO,F27,25,3390.4575658938134
CFO,F27,26,3333.8982989445403
CFO,F27,27,3374.3956343733557
CFO,F27,28,3439.111250888988
CFO,F27,29,3283.774610853711
CFO,F27,30,3352.065102584628
CFO,F28,1,3233.077303182578
CFO,F28,2,3270.705538927894
CFO,F28,3,3268.8818626987595
CFO,F28,4,3269.684024212129
CFO,F28,5,3227.4269865077204
CFO,F28,6,3255.8457266074097
CFO,F28,7,3297.122127220909
CFO,F28,8,3231.096119715518
CFO,F28,9,3303.9592928963084
CFO,F28,10,3268.2644291106853
CFO,F28,11,3337.972112020592
CFO,F28,12,3233.6566475476648
CFO,F28,13,3214.4818895697176
CFO,F28,14,3243.9468220446643
CFO,F28,15,3250.83859568641
CFO,F28,16,3263.2416636582943
CFO,F28,17,3258.621454480187
CFO,F28,18,3284.6028708004733
CFO,F28,19,3220.294862733841
CFO,F28,20,3224.7987692909164
CFO,F28,21,3268.036300576356
CFO,F28,22,3300.5594155107156
CFO,F28,23,3273.696618506818
CFO,F28,24,3287.061748737393
CFO,F28,25,3265.8729951504306
CFO,F28,26,3338.1712756037514
CFO,F28,27,3266.5849753576667
CFO,F28,28,3321.271513184007
CFO,F28,29,3205.348248063952
CFO,F28,30,3276.87552369375
CFO,F29,1,4461.6888223036185
CFO,F29,2,4875.070704815193
CFO,F29,3,4833.686103157759
CFO,F29,4,4889.086968466754
CFO,F29,5,4220.607220115693
CFO,F29,6,3969.69179666894
CFO,F29,7,4224.308111019163
CFO,F29,8,4210.500471575202
CFO,F29,9,4723.040613933029
CFO,F29,10,4647.353192765885
CFO,F29,11,4096.073626484333
CFO,F29,12,4660.137041311257
CFO,F29,13,4242.31884320256
CFO,F29,14,4621.185780641724
CFO,F29,15,4246.345711423844
CFO,F29,16,4882.84731257186
CFO,F29,17,3873.5996068926916
CFO,F29,18,4462.865147174305
CFO,F29,19,3701.8029428454074
CFO,F29,20,4065.0645062270246
CFO,F29,21,4307.531979345977
CFO,F29,22,4909.0298877393125
CFO,F29,23,4802.806187067608
CFO,F29,24,5014.906812186409
CFO,F29,25,4158.348581621429
CFO,F29,26,4720.121070255444
CFO,F29,27,4431.813471686641
CFO,F29,28,4455.637000014491
CFO,F29,29,4210.097593849554
CFO,F29,30,4232.913849671233
CFO,F30,1,16246.290958865611
CFO,F30,2,21022.769150056327
CFO,F30,3,16136.771324226022
CFO,F30,4,10279.424144346682
CFO,F30,5,10348.049850683827
CFO,F30,6,48477.56142748643
CFO,F30,7,14078.466941778335
CFO,F30,8,34733.22111139089
CFO,F30,9,16173.154902320792
CFO,F30,10,26129.131528428858
CFO,F30,11,9876.677895016652
CFO,F30,12,14155.482048327078
CFO,F30,13,16689.837868953015
CFO,F30,14,17881.0679201907
CFO,F30,15,16867.547108192426
CFO,F30,16,5831.864331929209
CFO,F30,17,8919.63999494982
CFO,F30,18,13208.040876671987
CFO,F30,19,22192.680853407397
CFO,F30,20,7775.965628328945
CFO,F30,21,17424.110995899027
CFO,F30,22,28541.24813438811
CFO,F30,23,13558.913904097568
CFO,F30,24,15267.361897518951
CFO,F30,25,16212.632207217885
CFO,F30,26,21080.480689844502
CFO,F30,27,19234.5768249103
CFO,F30,28,10893.95734579701
CFO,F30,29,24508.604060467216
CFO,F30,30,19378.11386811026
JADE,F1,1,100.00638640798088
JADE,F1,2,100.10552952391019
JADE,F1,3,100.00060220179188
JADE,F1,4,100.00236378395581
JADE,F1,5,100.00099545232264
JADE,F1,6,100.02516412338575
JADE,F1,7,100.08364920355227
JADE,F1,8,100.00374937357708
JADE,F1,9,100.01013235182985
JADE,F1,10,103.10616882967801
JADE,F1,11,100.00339753306062
JADE,F1,12,100.01147548594456
JADE,F1,13,100.32566115534267
JADE,F1,14,100.00330059271661
JADE,F1,15,100.00049326359489
JADE,F1,16,100.01257759812692
JADE,F1,17,100.06129032324723
JADE,F1,18,100.2598218389879
JADE,F1,19,100.00983961296733
JADE,F1,20,100.02118475550489
JADE,F1,21,100.0012594192066
JADE,F1,22,100.00372075119729
JADE,F1,23,100.00106852476299
JADE,F1,24,100.35972640289022
JADE,F1,25,100.01049946252174
JADE,F1,26,100.01715190490476
JADE,F1,27,100.0456634230677
JADE,F1,28,100.00115915493444
JADE,F1,29,100.00660123570105
JADE,F1,30,100.00300916950481
JADE,F3,1,1648.5244760430164
JADE,F3,2,73319.79064352806
JADE,F3,3,1278.62375558867
JADE,F3,4,898.0096954051214
JADE,F3,5,653.2390291873587
JADE,F3,6,863.156600222187
JADE,F3,7,1929.3874688194578
JADE,F3,8,602.4351383001389
JADE,F3,9,1075.0181933884953
JADE,F3,10,106453.28152904325
JADE,F3,11,657.8553017357012
JADE,F3,12,527.0040048669016
JADE,F3,13,723.9763646532825
JADE,F3,14,4386.888705451987
JADE,F3,15,2842.361012096742
JADE,F3,16,1027.3492703307213
JADE,F3,17,1724.859868629624
JADE,F3,18,635.3579565748803
JADE,F3,19,5434.6232691582945
JADE,F3,20,709.8349601031259
JADE,F3,21,868.9661145338551
JADE,F3,22,426.68378044426834
JADE,F3,23,1728.544104621691
JADE,F3,24,374.7640347002524
JADE,F3,25,515.7292854851271
JADE,F3,26,2563.8685768106784
JADE,F3,27,1609.9351062143896
JADE,F3,28,2864.9965827548144
JADE,F3,29,556.0405340527434
JADE,F3,30,681.8480526344428
JADE,F4,1,421.1831780771672
JADE,F4,2,484.62423096411277
JADE,F4,3,472.7374921295315
JADE,F4,4,404.00930634466107
JADE,F4,5,400.1062298352404
JADE,F4,6,464.1174398329713
JADE,F4,7,464.14150898944933
JADE,F4,8,469.3936389655485
JADE,F4,9,404.00550870966566
JADE,F4,10,474.98965772807094
JADE,F4,11,485.21387682904634
JADE,F4,12,485.73129548462873
JADE,F4,13,458.5714064910699
JADE,F4,14,400.04571585973304
JADE,F4,15,421.31012937315245
JADE,F4,16,518.5405951744102
JADE,F4,17,477.5851732541464
JADE,F4,18,453.88990880736594
JADE,F4,19,464.1173969128749
JADE,F4,20,404.022632307605
JADE,F4,21,461.80841070664945
JADE,F4,22,464.11806486932437
JADE,F4,23,471.55907210993274
JADE,F4,24,404.4527580487012
JADE,F4,25,458.56158270438067
JADE,F4,26,458.56212269072677
JADE,F4,27,467.8974210555505
JADE,F4,28,473.5835859678498
JADE,F4,29,477.17026541327294
JADE,F4,30,458.47009902476213
JADE,F5,1,574.9765966921871
JADE,F5,2,554.3956673592685
JADE,F5,3,539.2262417183633
JADE,F5,4,558.9727958515147
JADE,F5,5,546.9825666262483
JADE,F5,6,540.6772132237743
JADE,F5,7,543.7784463988273
JADE,F5,8,551.0445741611056
JADE,F5,9,549.6476751064398
JADE,F5,10,536.03382103807
JADE,F5,11,550.1659466302069
JADE,F5,12,548.6874562515834
JADE,F5,13,542.3151223271846
JADE,F5,14,539.3296814671711
JADE,F5,15,539.9763118618806
JADE,F5,16,547.7515223291881
JADE,F5,17,558.3140936116511
JADE,F5,18,540.8875852539451
JADE,F5,19,545.5220385820037
JADE,F5,20,568.9386250527667
JADE,F5,21,556.4813214507329
JADE,F5,22,536.5986168791296
JADE,F5,23,552.09695181404
JADE,F5,24,546.4963611775755
JADE,F5,25,546.1290405735102
JADE,F5,26,563.4281529903257
JADE,F5,27,541.6724912067197
JADE,F5,28,561.3087558024379
JADE,F5,29,549.5987866953868
JADE,F5,30,537.7377200158854
JADE,F6,1,600.0229724670427
JADE,F6,2,600.0076214620312
JADE,F6,3,600.0870610230448
JADE,F6,4,600.1760323059927
JADE,F6,5,600.2270070271624
JADE,F6,6,600.0397630034613
JADE,F6,7,600.1415707444587
JADE,F6,8,600.0202080451481
JADE,F6,9,600.1643333460197
JADE,F6,10,600.4677334363482
JADE,F6,11,600.0199128317823
JADE,F6,12,600.2766223893908
JADE,F6,13,600.0571523659611
JADE,F6,14,600.1237905329095
JADE,F6,15,600.0570200900664
JADE,F6,16,600.0323370419779
JADE,F6,17,600.0077144620213
JADE,F6,18,600.0688061284854
JADE,F6,19,600.0746479600068
JADE,F6,20,600.0138589717482
JADE,F6,21,600.0237902397923
JADE,F6,22,600.0157042790853
JADE,F6,23,600.1060564575713
JADE,F6,24,600.0558211491904
JADE,F6,25,600.0886785456559
JADE,F6,26,600.2108718464767
JADE,F6,27,600.1885565959263
JADE,F6,28,600.109792006767
JADE,F6,29,600.0341070450231
JADE,F6,30,600.0154232701549
JADE,F7,1,811.4772144267126
JADE,F7,2,783.4248866975712
JADE,F7,3,783.6038485963467
JADE,F7,4,776.38406119664
JADE,F7,5,796.1442754462631
JADE,F7,6,794.8875221598555
JADE,F7,7,785.7520952749345
JADE,F7,8,782.0349710454045
JADE,F7,9,799.0420461917437
JADE,F7,10,801.2045922321587
JADE,F7,11,790.4640090190981
JADE,F7,12,815.198607911137
JADE,F7,13,800.4260380314288
JADE,F7,14,785.2561321468195
JADE,F7,15,778.7094638999364
JADE,F7,16,787.1038678038327
JADE,F7,17,817.7390396571337
JADE,F7,18,805.9736898069393
JADE,F7,19,766.6833179751741
JADE,F7,20,804.077040544178
JADE,F7,21,815.7389968570362
JADE,F7,22,791.4154771767699
JADE,F7,23,792.2611005380838
JADE,F7,24,808.89652935724
JADE,F7,25,801.072715208995
JADE,F7,26,785.4106425063795
JADE,F7,27,771.9576027138363
JADE,F7,28,793.3461472215678
JADE,F7,29,805.1173321981086
JADE,F7,30,793.9019956145927
JADE,F8,1,845.1330762977937
JADE,F8,2,858.34154405123
JADE,F8,3,864.6613594123521
JADE,F8,4,848.9675096886981
JADE,F8,5,853.26764573455
JADE,F8,6,856.3862945586934
JADE,F8,7,847.8107392768901
JADE,F8,8,841.0867904275419
JADE,F8,9,850.2549126774468
JADE,F8,10,850.9717362353576
JADE,F8,11,845.7207230050659
JADE,F8,12,866.167236581621
JADE,F8,13,840.8511133994091
JADE,F8,14,842.6272116684976
JADE,F8,15,856.7088993464533
JADE,F8,16,827.5768690505416
JADE,F8,17,847.1601334035093
JADE,F8,18,855.0075773815228
JADE,F8,19,842.8266332894632
JADE,F8,20,855.1359115800092
JADE,F8,21,849.577757087598
JADE,F8,22,842.8883637038699
JADE,F8,23,854.0826479235116
JADE,F8,24,840.9556718831078
JADE,F8,25,848.2588106364727
JADE,F8,26,856.2110246335644
JADE,F8,27,854.9004572116346
JADE,F8,28,851.033059481385
JADE,F8,29,840.9395019636061
JADE,F8,30,847.4658139638558
JADE,F9,1,910.1590642174788
JADE,F9,2,906.4433394323537
JADE,F9,3,911.3604762487814
JADE,F9,4,919.1748038393623
JADE,F9,5,901.721085057439
JADE,F9,6,937.3694860451071
JADE,F9,7,905.7162294335602
JADE,F9,8,910.5413564374716
JADE,F9,9,922.3375323846008
JADE,F9,10,915.1794619827352
JADE,F9,11,1033.9245653836103
JADE,F9,12,900.4476412520825
JADE,F9,13,908.9734474942039
JADE,F9,14,933.1516778680316
JADE,F9,15,903.8720082855327
JADE,F9,16,915.175825601612
JADE,F9,17,1057.791095111066
JADE,F9,18,955.1619969296065
JADE,F9,19,912.7216862821523
JADE,F9,20,906.9043468350324
JADE,F9,21,935.5172616327415
JADE,F9,22,918.5110920859267
JADE,F9,23,906.6290787002894
JADE,F9,24,930.4526110654123
JADE,F9,25,968.9084229504223
JADE,F9,26,922.7079438715178
JADE,F9,27,910.3514159437412
JADE,F9,28,903.2697752246386
JADE,F9,29,912.5394308224351
JADE,F9,30,911.0809863250522
JADE,F10,1,4481.820454039975
JADE,F10,2,4799.742500695689
JADE,F10,3,4763.086958875769
JADE,F10,4,4480.354377317091
JADE,F10,5,4024.5473227147577
JADE,F10,6,4412.658452784684
JADE,F10,7,4425.573383745468
JADE,F10,8,4198.278047307298
JADE,F10,9,4112.193793580014
JADE,F10,10,4473.579009253852
JADE,F10,11,3979.8032360507223
JADE,F10,12,3872.6449799443853
JADE,F10,13,4472.991327116473
JADE,F10,14,4933.323267908929
JADE,F10,15,5075.724072262517
JADE,F10,16,4282.554976690602
JADE,F10,17,4584.7760986196645
JADE,F10,18,4782.246773263392
JADE,F10,19,4579.145819208852
JADE,F10,20,5242.38322362124
JADE,F10,21,4262.72579360666
JADE,F10,22,3979.5743796874704
JADE,F10,23,4074.139346056145
JADE,F10,24,4792.359950410808
JADE,F10,25,4189.311999731392
JADE,F10,26,4357.668869612624
JADE,F10,27,4169.83586028466
JADE,F10,28,4820.559047063654
JADE,F10,29,4331.550726149413
JADE,F10,30,4627.56963827664
JADE,F11,1,1212.7116006524764
JADE,F11,2,1188.690985569307
JADE,F11,3,1266.1878492474639
JADE,F11,4,1173.7327255792638
JADE,F11,5,1211.71664657545
JADE,F11,6,1159.71299000263
JADE,F11,7,1172.6330755098843
JADE,F11,8,1214.7016965459038
JADE,F11,9,1146.7827839396905
JADE,F11,10,1175.7278813089654
JADE,F11,11,1188.5607673181162
JADE,F11,12,1180.3970064705359
JADE,F11,13,1160.6964178011685
JADE,F11,14,1284.3479113032715
JADE,F11,15,1284.347361166855
JADE,F11,16,1320.5686085016753
JADE,F11,17,1139.0487197934056
JADE,F11,18,1146.1413193996577
JADE,F11,19,1194.7815523894128
JADE,F11,20,1149.7745944729354
JADE,F11,21,1169.715231481686
JADE,F11,22,1298.2769557533286
JADE,F11,23,1199.3358362606252
JADE,F11,24,1241.8601517935242
JADE,F11,25,1259.319405709899
JADE,F11,26,1215.4295965137258
JADE,F11,27,1230.2468873626358
JADE,F11,28,1202.4869824040138
JADE,F11,29,1238.5801999424914
JADE,F11,30,1243.6367711577664
JADE,F12,1,44368.53980386972
JADE,F12,2,7553.302778008279
JADE,F12,3,9545.489886429219
JADE,F12,4,30501.069775368844
JADE,F12,5,22656.08785794338
JADE,F12,6,44154.601214089846
JADE,F12,7,7527.7732107950915
JADE,F12,8,23607.56045549827
JADE,F12,9,11842.059854783594
JADE,F12,10,39921.34040425284
JADE,F12,11,38061.6520972398
JADE,F12,12,37888.513562253494
JADE,F12,13,13179.563949542122
JADE,F12,14,21569.31281827566
JADE,F12,15,60374.80798630683
JADE,F12,16,22656.368249795254
JADE,F12,17,36797.846013625094
JADE,F12,18,30111.596089441555
JADE,F12,19,7680.134533190351
JADE,F12,20,7283.260930945119
JADE,F12,21,15435.594087850359
JADE,F12,22,30355.527738295634
JADE,F12,23,21824.38608898418
JADE,F12,24,7695.966142632209
JADE,F12,25,25639.937368553055
JADE,F12,26,19480.254051719447
JADE,F12,27,12527.317562850443
JADE,F12,28,23627.156720562372
JADE,F12,29,22367.67323957602
JADE,F12,30,17208.571693575414
JADE,F13,1,2514.9979428304896
JADE,F13,2,1874.8359208676925
JADE,F13,3,2061.1169431261346
JADE,F13,4,1527.872629853816
JADE,F13,5,3821.1792073821416
JADE,F13,6,2642.791008677036
JADE,F13,7,1611.8654917017316
JADE,F13,8,2060.7261945423634
JADE,F13,9,2135.3414841291815
JADE,F13,10,3436.4469104882482
JADE,F13,11,5999.97852833708
JADE,F13,12,3073.0188887124377
JADE,F13,13,6170.995286152091
JADE,F13,14,2397.013963264291
JADE,F13,15,2426.685952658355
JADE,F13,16,1603.7944423186882
JADE,F13,17,1856.5281911359773
JADE,F13,18,1704.7274658874258
JADE,F13,19,2436.0561140156037
JADE,F13,20,1682.2526790051922
JADE,F13,21,1598.8728249663739
JADE,F13,22,2955.317226169198
JADE,F13,23,6908.625272984855
JADE,F13,24,1710.1892498138538
JADE,F13,25,6757.932788734401
JADE,F13,26,2030.2026112816427
JADE,F13,27,2992.116639434843
JADE,F13,28,3387.694775667683
JADE,F13,29,2125.374106339154
JADE,F13,30,3076.4454654989113
JADE,F14,1,1690.805794312737
JADE,F14,2,1619.2770202068182
JADE,F14,3,1586.1130980486337
JADE,F14,4,1571.5007151565708
JADE,F14,5,1574.5456044833074
JADE,F14,6,1644.0398924716226
JADE,F14,7,1501.6668444495272
JADE,F14,8,1605.495733554169
JADE,F14,9,1546.442648970275
JADE,F14,10,1586.4730549670335
JADE,F14,11,1632.1225420714002
JADE,F14,12,1535.7061744700188
JADE,F14,13,1525.459801714915
JADE,F14,14,1521.8980352391666
JADE,F14,15,1621.7075440096264
JADE,F14,16,1493.719412045885
JADE,F14,17,1706.0607786221196
JADE,F14,18,1559.6533281339773
JADE,F14,19,1723.8213164365047
JADE,F14,20,1525.5561877701325
JADE,F14,21,1584.3178218545206
JADE,F14,22,1541.0984983728267
JADE,F14,23,1629.1409617756449
JADE,F14,24,1606.083635445455
JADE,F14,25,1525.8932178901582
JADE,F14,26,1597.5254537618282
JADE,F14,27,1573.391709599467
JADE,F14,28,1582.395357224938
JADE,F14,29,1575.4485323410795
JADE,F14,30,1595.1212460568827
JADE,F15,1,1600.6400687891664
JADE,F15,2,1666.3419513427846
JADE,F15,3,2430.6825878530954
JADE,F15,4,1624.7555421558336
JADE,F15,5,1638.9916307450349
JADE,F15,6,1840.0562649915614
JADE,F15,7,1609.2071106276612
JADE,F15,8,1707.2952840991368
JADE,F15,9,1724.2791442047082
JADE,F15,10,1740.492363973467
JADE,F15,11,1704.6947682711739
JADE,F15,12,1600.1155863216131
JADE,F15,13,1564.5119006824732
JADE,F15,14,1863.7239603495827
JADE,F15,15,1867.632995901872
JADE,F15,16,1718.625268090043
JADE,F15,17,1722.4332429562573
JADE,F15,18,1706.5060067587413
JADE,F15,19,1602.4920092183509
JADE,F15,20,1824.9320189880452
JADE,F15,21,1851.9827950831145
JADE,F15,22,1713.164343502891
JADE,F15,23,1752.336296170882
JADE,F15,24,1822.891345915092
JADE,F15,25,1944.497690474279
JADE,F15,26,2000.352038213653
JADE,F15,27,1678.4415191954977
JADE,F15,28,1744.5721904131888
JADE,F15,29,2111.9112471439776
JADE,F15,30,1956.5457511717611
JADE,F16,1,2402.0927681202797
JADE,F16,2,2154.1610048397515
JADE,F16,3,2290.1185745956504
JADE,F16,4,2459.7316212519368
JADE,F16,5,2080.559937077287
JADE,F16,6,2228.9301301953055
JADE,F16,7,2321.9053133014904
JADE,F16,8,2118.0474476255513
JADE,F16,9,2423.1282495833907
JADE,F16,10,2159.6704524544293
JADE,F16,11,2455.400822260869
JADE,F16,12,2287.5852870527965
JADE,F16,13,2297.8424448943924
JADE,F16,14,2448.4786274729886
JADE,F16,15,2216.4253698955426
JADE,F16,16,2278.9835219014744
JADE,F16,17,2121.557114346053
JADE,F16,18,2545.752588518953
JADE,F16,19,2444.8693590918447
JADE,F16,20,2408.727831223338
JADE,F16,21,1998.8273556794115
JADE,F16,22,2449.5023389770886
JADE,F16,23,2153.647790425378
JADE,F16,24,2053.5685138242657
JADE,F16,25,2200.430057109364
JADE,F16,26,1988.64121304552
JADE,F16,27,2119.2642174427338
JADE,F16,28,2238.301606688052
JADE,F16,29,2540.0319656152483
JADE,F16,30,2296.703812304785
JADE,F17,1,1792.8102487678098
JADE,F17,2,1919.0980856869278
JADE,F17,3,2142.7720531752143
JADE,F17,4,1813.453086048961
JADE,F17,5,1822.5081852363703
JADE,F17,6,1790.9348812586838
JADE,F17,7,1821.6897983512217
JADE,F17,8,1937.2968160458586
JADE,F17,9,1954.721662073646
JADE,F17,10,2127.9061808177203
JADE,F17,11,1990.5034476619492
JADE,F17,12,1925.694557752662
JADE,F17,13,1933.3389706895503
JADE,F17,14,1785.2507224040355
JADE,F17,15,1825.193465847373
JADE,F17,16,1883.130173736887
JADE,F17,17,1828.264305167449
JADE,F17,18,1811.2769267468416
JADE,F17,19,2001.7345600528733
JADE,F17,20,1986.548971289294
JADE,F17,21,2069.2317337646887
JADE,F17,22,1984.2942980341054
JADE,F17,23,1818.0490837580523
JADE,F17,24,1882.7016696470828
JADE,F17,25,1831.080767472875
JADE,F17,26,1967.6300981108966
JADE,F17,27,2013.5734866913374
JADE,F17,28,1910.8707118330994
JADE,F17,29,1822.8345631040247
JADE,F17,30,2015.4599481195344
JADE,F18,1,4399.729615327461
JADE,F18,2,6190.327250456894
JADE,F18,3,8094.343498481646
JADE,F18,4,7454.572183616061
JADE,F18,5,3181.045466082475
JADE,F18,6,10485.61179870663
JADE,F18,7,11305.489843818254
JADE,F18,8,4438.2270942046325
JADE,F18,9,4902.913495853461
JADE,F18,10,21954.018458436727
JADE,F18,11,5490.527062141736
JADE,F18,12,83082.32559898598
JADE,F18,13,6261.628597312803
JADE,F18,14,3370.7365388282174
JADE,F18,15,22439.48996710315
JADE,F18,16,3386.4726957752655
JADE,F18,17,20297.982597689723
JADE,F18,18,9278.132683669874
JADE,F18,19,2833.538205899088
JADE,F18,20,38126.15335573515
JADE,F18,21,3558.4620126902537
JADE,F18,22,38444.57644001039
JADE,F18,23,38039.05117598324
JADE,F18,24,4797.440707426862
JADE,F18,25,9164.775824890228
JADE,F18,26,13664.415519136659
JADE,F18,27,6635.080313133602
JADE,F18,28,3034.5802337521345
JADE,F18,29,9582.763361004625
JADE,F18,30,9134.130069179111
JADE,F19,1,2092.8308066261816
JADE,F19,2,1958.5190545165967
JADE,F19,3,2052.4469794284137
JADE,F19,4,1992.9414700892303
JADE,F19,5,2074.0493354364285
JADE,F19,6,1988.3502156844581
JADE,F19,7,2013.328899540162
JADE,F19,8,2082.4544865998673
JADE,F19,9,2033.4494951533811
JADE,F19,10,2071.4870898810454
JADE,F19,11,2031.7629898231448
JADE,F19,12,2010.7926096346052
JADE,F19,13,1955.995408519035
JADE,F19,14,2028.3300178023592
JADE,F19,15,2239.061617664317
JADE,F19,16,1937.9701370355267
JADE,F19,17,1963.2365321569212
JADE,F19,18,2078.2919327278946
JADE,F19,19,2003.915811307572
JADE,F19,20,2025.7630226633903
JADE,F19,21,1929.8107708585896
JADE,F19,22,1996.5011761905878
JADE,F19,23,2027.1771754137637
JADE,F19,24,2028.3162121014814
JADE,F19,25,2250.149644466781
JADE,F19,26,1960.0656975554243
JADE,F19,27,2240.5943741290166
JADE,F19,28,2073.695951367418
JADE,F19,29,1980.8000916412043
JADE,F19,30,2094.5223235827793
JADE,F20,1,2079.0578368264646
JADE,F20,2,2287.7305781931964
JADE,F20,3,2132.902915488339
JADE,F20,4,2124.8801888145285
JADE,F20,5,2082.9494860539216
JADE,F20,6,2163.425436445995
JADE,F20,7,2134.134572981135
JADE,F20,8,2264.273109772632
JADE,F20,9,2384.5091531502476
JADE,F20,10,2128.082669325212
JADE,F20,11,2194.069230867756
JADE,F20,12,2333.5532255182284
JADE,F20,13,2381.1452120961126
JADE,F20,14,2285.3844522683676
JADE,F20,15,2241.050922855291
JADE,F20,16,2211.6791683636716
JADE,F20,17,2126.1217215183933
JADE,F20,18,2145.3413067796155
JADE,F20,19,2277.691640033127
JADE,F20,20,2073.771808681985
JADE,F20,21,2273.2223315909673
JADE,F20,22,2134.2707473298897
JADE,F20,23,2352.3422077384544
JADE,F20,24,2306.775678046779
JADE,F20,25,2220.297728020175
JADE,F20,26,2292.7792139596577
JADE,F20,27,2351.061763050898
JADE,F20,28,2156.8478820379846
JADE,F20,29,2248.3953407955164
JADE,F20,30,2269.8962780169704
JADE,F21,1,2350.2539472639046
JADE,F21,2,2353.969601913521
JADE,F21,3,2353.6836826853264
JADE,F21,4,2327.7760456369874
JADE,F21,5,2351.9441415024717
JADE,F21,6,2349.893799487924
JADE,F21,7,2345.62822355597
JADE,F21,8,2348.8793027234415
JADE,F21,9,2347.9885743718733
JADE,F21,10,2339.481241041548
JADE,F21,11,2359.034844679895
JADE,F21,12,2333.3320783747354
JADE,F21,13,2354.8321509922766
JADE,F21,14,2363.5707048843833
JADE,F21,15,2343.775187747291
JADE,F21,16,2337.4917056342088
JADE,F21,17,2350.320903266399
JADE,F21,18,2379.8106395751006
JADE,F21,19,2339.3097040967723
JADE,F21,20,2379.641396964312
JADE,F21,21,2352.860072015321
JADE,F21,22,2358.400480956602
JADE,F21,23,2357.6558984370413
JADE,F21,24,2355.6129803166095
JADE,F21,25,2360.3427965744577
JADE,F21,26,2333.716954452597
JADE,F21,27,2348.994822005599
JADE,F21,28,2333.892280195505
JADE,F21,29,2372.487229994977
JADE,F21,30,2351.6041935849307
JADE,F22,1,2300.000000003148
JADE,F22,2,2300.0000000011273
JADE,F22,3,2302.453362603274
JADE,F22,4,2303.407736867826
JADE,F22,5,5747.770162661433
JADE,F22,6,2302.453362603275
JADE,F22,7,6089.741620124027
JADE,F22,8,2300.000000001758
JADE,F22,9,2300.000000009173
JADE,F22,10,6233.23366853432
JADE,F22,11,2300.000000005302
JADE,F22,12,2300.0000000117634
JADE,F22,13,5877.776312035424
JADE,F22,14,2300.00000000479
JADE,F22,15,2303.9096411493733
JADE,F22,16,2300.0000000021364
JADE,F22,17,2300.0000000068108
JADE,F22,18,2300.0000000036025
JADE,F22,19,2300.0000000046357
JADE,F22,20,3964.132963390305
JADE,F22,21,5782.30871299789
JADE,F22,22,5488.814468656157
JADE,F22,23,6387.3234626039775
JADE,F22,24,5597.07154425246
JADE,F22,25,2300.0000000001505
JADE,F22,26,5190.327470891278
JADE,F22,27,2300.00000000131
JADE,F22,28,2303.9096411493742
JADE,F22,29,6071.936514405383
JADE,F22,30,2387.111994035823
JADE,F23,1,2709.617002437664
JADE,F23,2,2704.694626080992
JADE,F23,3,2739.8418950168752
JADE,F23,4,2689.6354803362956
JADE,F23,5,2696.2821878168015
JADE,F23,6,2692.8277089807634
JADE,F23,7,2708.831016610556
JADE,F23,8,2700.049235925004
JADE,F23,9,2684.158550556056
JADE,F23,10,2713.648214609784
JADE,F23,11,2699.4134313949553
JADE,F23,12,2701.0357847129153
JADE,F23,13,2721.595417197231
JADE,F23,14,2701.571056685829
JADE,F23,15,2695.7017760193053
JADE,F23,16,2694.707076039826
JADE,F23,17,2718.899430307856
JADE,F23,18,2687.7190601539455
JADE,F23,19,2731.829266114085
JADE,F23,20,2708.293931781592
JADE,F23,21,2719.4619088262557
JADE,F23,22,2684.2988459691887
JADE,F23,23,2702.973733893959
JADE,F23,24,2698.0429718747423
JADE,F23,25,2722.1472303612018
JADE,F23,26,2689.9661043198216
JADE,F23,27,2705.6638099063002
JADE,F23,28,2691.390550878153
JADE,F23,29,2703.9199204443403
JADE,F23,30,2717.6974951092766
JADE,F24,1,2891.048276698113
JADE,F24,2,2877.7051279118828
JADE,F24,3,2875.602238988233
JADE,F24,4,2883.698760949236
JADE,F24,5,2861.9050399002567
JADE,F24,6,2886.4412975347022
JADE,F24,7,2877.932728071395
JADE,F24,8,2872.4004645956097
JADE,F24,9,2895.643877238969
JADE,F24,10,2869.6847467699554
JADE,F24,11,2875.838482397937
JADE,F24,12,2872.952579862058
JADE,F24,13,2889.7932745448084
JADE,F24,14,2874.7436255782363
JADE,F24,15,2855.7187000986787
JADE,F24,16,2869.733045070429
JADE,F24,17,2891.8812398781592
JADE,F24,18,2860.3129985792084
JADE,F24,19,2887.7911304446816
JADE,F24,20,2869.3713605681255
JADE,F24,21,2868.510575825907
JADE,F24,22,2885.661788269363
JADE,F24,23,2899.0555575293397
JADE,F24,24,2855.764277308254
JADE,F24,25,2856.221255056872
JADE,F24,26,2863.497641027566
JADE,F24,27,2874.611001256213
JADE,F24,28,2866.2333871429546
JADE,F24,29,2878.495933262292
JADE,F24,30,2891.668286422812
JADE,F25,1,2887.3696041213525
JADE,F25,2,2889.071626095504
JADE,F25,3,2887.672373654982
JADE,F25,4,2886.9976064471857
JADE,F25,5,2887.8474366520695
JADE,F25,6,2927.3671289501553
JADE,F25,7,2887.754322306345
JADE,F25,8,2887.881848385217
JADE,F25,9,2888.330836621367
JADE,F25,10,2889.092335913547
JADE,F25,11,2888.960595733356
JADE,F25,12,2887.1082550332703
JADE,F25,13,2888.5807704443487
JADE,F25,14,2889.358776298445
JADE,F25,15,2887.7807854401044
JADE,F25,16,2888.035641264202
JADE,F25,17,2887.9542298464944
JADE,F25,18,2883.8664959187813
JADE,F25,19,2888.764979399882
JADE,F25,20,2888.463312896386
JADE,F25,21,2888.0412957152575
JADE,F25,22,2887.8380419793557
JADE,F25,23,2888.016940106644
JADE,F25,24,2887.559275248842
JADE,F25,25,2887.848532684702
JADE,F25,26,2887.5464966656737
JADE,F25,27,2887.0834657608348
JADE,F25,28,2887.981380199183
JADE,F25,29,2888.0033017551323
JADE,F25,30,2887.079099167701
JADE,F26,1,4029.283808977622
JADE,F26,2,4593.748371460049
JADE,F26,3,4324.041447313923
JADE,F26,4,4313.397584320933
JADE,F26,5,4245.09650723061
JADE,F26,6,4087.152987450865
JADE,F26,7,4234.520076650391
JADE,F26,8,4432.1233770447725
JADE,F26,9,4168.869553784269
JADE,F26,10,4056.416107267085
JADE,F26,11,4181.48546919488
JADE,F26,12,4083.8796262501182
JADE,F26,13,4442.979654831583
JADE,F26,14,4374.331523565873
JADE,F26,15,4127.518154168744
JADE,F26,16,3949.235181711687
JADE,F26,17,4179.708449194531
JADE,F26,18,4116.314165376163
JADE,F26,19,4159.057209899765
JADE,F26,20,4100.978528139004
JADE,F26,21,4202.876984461373
JADE,F26,22,4739.551838441136
JADE,F26,23,4320.159696394509
JADE,F26,24,3920.3164614274083
JADE,F26,25,4322.44230181491
JADE,F26,26,4142.892637549985
JADE,F26,27,4225.99826814797
JADE,F26,28,4267.6546389622235
JADE,F26,29,4255.309616216706
JADE,F26,30,4056.0434084323188
JADE,F27,1,3205.7903761456223
JADE,F27,2,3216.3946426778048
JADE,F27,3,3218.7419439618025
JADE,F27,4,3221.8592403018697
JADE,F27,5,3221.6779257957432
JADE,F27,6,3206.1431914236196
JADE,F27,7,3207.566286529654
JADE,F27,8,3214.971737705082
JADE,F27,9,3206.604748488539
JADE,F27,10,3208.084831180894
JADE,F27,11,3201.232352810473
JADE,F27,12,3199.6019198138547
JADE,F27,13,3213.184300533395
JADE,F27,14,3197.8353530130344
JADE,F27,15,3204.971041430395
JADE,F27,16,3235.3969943683514
JADE,F27,17,3205.9639418134807
JADE,F27,18,3217.58523497757
JADE,F27,19,3214.102847706281
JADE,F27,20,3215.1145176621835
JADE,F27,21,3220.044389889187
JADE,F27,22,3220.148113125918
JADE,F27,23,3213.028137287947
JADE,F27,24,3217.0423232905173
JADE,F27,25,3209.4630461159286
JADE,F27,26,3217.448509673911
JADE,F27,27,3219.4880059247453
JADE,F27,28,3205.9874395722054
JADE,F27,29,3207.7057448201895
JADE,F27,30,3228.5130732556654
JADE,F28,1,3100.000026193879
JADE,F28,2,3213.983913402444
JADE,F28,3,3213.9752147500417
JADE,F28,4,3261.8627390228385
JADE,F28,5,3101.7759602209026
JADE,F28,6,3251.8022710556975
JADE,F28,7,3190.9458013669882
JADE,F28,8,3204.707991704865
JADE,F28,9,3190.6796460411474
JADE,F28,10,3224.2270633290736
JADE,F28,11,3207.15097021974
JADE,F28,12,3254.2265560745545
JADE,F28,13,3214.00249947989
JADE,F28,14,3190.604041678286
JADE,F28,15,3100.0008258078296
JADE,F28,16,3100.000100609302
JADE,F28,17,3240.172295029261
JADE,F28,18,3194.61165026932
JADE,F28,19,3100.6572195375666
JADE,F28,20,3266.6400214539017
JADE,F28,21,3213.991166869102
JADE,F28,22,3213.9966654885457
JADE,F28,23,3110.790303172356
JADE,F28,24,3210.244011924068
JADE,F28,25,3193.5518648251145
JADE,F28,26,3266.640021399612
JADE,F28,27,3213.9774541998104
JADE,F28,28,3188.566842565017
JADE,F28,29,3254.046691192268
JADE,F28,30,3210.007563310096
JADE,F29,1,3589.368045057964
JADE,F29,2,3448.878400609553
JADE,F29,3,3546.5167094899334
JADE,F29,4,3570.4435814830554
JADE,F29,5,3605.1570191323235
JADE,F29,6,3542.8750597850462
JADE,F29,7,3485.331676350734
JADE,F29,8,3574.866175006796
JADE,F29,9,3562.222392705734
JADE,F29,10,3768.032060067905
JADE,F29,11,3397.8840508359162
JADE,F29,12,3705.2559234559276
JADE,F29,13,3599.0829453685774
JADE,F29,14,3558.8166486241485
JADE,F29,15,3454.4150595810447
JADE,F29,16,3582.8810263715004
JADE,F29,17,3625.8295230090416
JADE,F29,18,3543.790240469706
JADE,F29,19,3563.125981998132
JADE,F29,20,3529.9800160488867
JADE,F29,21,3599.4344639014116
JADE,F29,22,3544.5945528093876
JADE,F29,23,3653.1304532423064
JADE,F29,24,3599.735079903168
JADE,F29,25,3561.6989339166867
JADE,F29,26,3564.952213282576
JADE,F29,27,3544.171567499604
JADE,F29,28,3628.8734715235673
JADE,F29,29,3735.230228951075
JADE,F29,30,3636.8906506485496
JADE,F30,1,5883.088947549722
JADE,F30,2,6303.241420839891
JADE,F30,3,5161.451679095919
JADE,F30,4,6084.604914012706
JADE,F30,5,5966.430958072058
JADE,F30,6,6591.25824755734
JADE,F30,7,5819.7665372849615
JADE,F30,8,5425.3228678394025
JADE,F30,9,6749.625611383869
JADE,F30,10,5116.445668941462
JADE,F30,11,12751.782598775795
JADE,F30,12,5116.523165506876
JADE,F30,13,5681.427087644649
JADE,F30,14,11673.903220558484
JADE,F30,15,15596.770254033356
JADE,F30,16,5168.01039813172
JADE,F30,17,5940.370860875062
JADE,F30,18,7584.540103130272
JADE,F30,19,5076.496828710839
JADE,F30,20,12407.41983546403
JADE,F30,21,5349.487830339766
JADE,F30,22,6675.263934173014
JADE,F30,23,5411.056422036736
JADE,F30,24,5099.232092035607
JADE,F30,25,6136.6710642595335
JADE,F30,26,5464.581984997116
JADE,F30,27,15136.359895527869
JADE,F30,28,6915.35655794203
JADE,F30,29,5250.674357771074
JADE,F30,30,6785.442532505677
SHADE,F1,1,100.00002617873182
SHADE,F1,2,100.14306598226776
SHADE,F1,3,100.00032739481392
SHADE,F1,4,100.00033534594307
SHADE,F1,5,100.00137980835892
SHADE,F1,6,100.00005162072972
SHADE,F1,7,100.00007600499805
SHADE,F1,8,100.00001417601023
SHADE,F1,9,100.00006786047966
SHADE,F1,10,100.00009828725779
SHADE,F1,11,100.00042679436694
SHADE,F1,12,100.00003737674068
SHADE,F1,13,100.0001777249824
SHADE,F1,14,100.00070009449647
SHADE,F1,15,100.00287127048892
SHADE,F1,16,100.00000041331555
SHADE,F1,17,100.00012082478571
SHADE,F1,18,100.00009704952662
SHADE,F1,19,100.00020272806367
SHADE,F1,20,100.00087841168637
SHADE,F1,21,100.00009469738048
SHADE,F1,22,100.00026811731759
SHADE,F1,23,100.00413478914173
SHADE,F1,24,100.02261945188745
SHADE,F1,25,100.00011289725182
SHADE,F1,26,100.000025459714
SHADE,F1,27,100.00006089881506
SHADE,F1,28,100.00028639857143
SHADE,F1,29,100.6020528096246
SHADE,F1,30,100.00006122849612
SHADE,F3,1,326.31099821762575
SHADE,F3,2,725.4486762309026
SHADE,F3,3,464.5650333037171
SHADE,F3,4,345.77373597110903
SHADE,F3,5,346.37928919660266
SHADE,F3,6,642.3068870471238
SHADE,F3,7,568.5634339263601
SHADE,F3,8,1611.3961998691664
SHADE,F3,9,416.09704838237906
SHADE,F3,10,478.27991344446366
SHADE,F3,11,404.08977472322067
SHADE,F3,12,801.8010591594248
SHADE,F3,13,914.1906328217676
SHADE,F3,14,648.1765604743628
SHADE,F3,15,787.1327761279271
SHADE,F3,16,5102.308076967184
SHADE,F3,17,1225.9042463083347
SHADE,F3,18,991.3979206740822
SHADE,F3,19,2151.6563854808446
SHADE,F3,20,1003.7366076633651
SHADE,F3,21,679.3671432192625
SHADE,F3,22,554.199098229419
SHADE,F3,23,1197.050812138123
SHADE,F3,24,2793.7458748195163
SHADE,F3,25,788.800636561738
SHADE,F3,26,2823.0526032001476
SHADE,F3,27,659.8061279909575
SHADE,F3,28,962.752512528901
SHADE,F3,29,724.4478339289769
SHADE,F3,30,1001.6572180971403
SHADE,F4,1,473.87530650274874
SHADE,F4,2,483.37634001789786
SHADE,F4,3,490.0537626954348
SHADE,F4,4,471.40275100639826
SHADE,F4,5,401.00658096762754
SHADE,F4,6,403.99808400765136
SHADE,F4,7,472.17240008190413
SHADE,F4,8,484.7786897276986
SHADE,F4,9,458.56163842559977
SHADE,F4,10,404.0734381925176
SHADE,F4,11,483.3378598756253
SHADE,F4,12,423.61991432196413
SHADE,F4,13,458.5615867982846
SHADE,F4,14,489.3044436048966
SHADE,F4,15,483.44748140058186
SHADE,F4,16,404.2611130476261
SHADE,F4,17,464.11739504323555
SHADE,F4,18,487.75208711425614
SHADE,F4,19,486.3902244708037
SHADE,F4,20,464.45037242615524
SHADE,F4,21,457.48529935902883
SHADE,F4,22,464.18634799914
SHADE,F4,23,486.6474995446446
SHADE,F4,24,470.32484478890177
SHADE,F4,25,404.3397740792968
SHADE,F4,26,458.0435432330494
SHADE,F4,27,464.11743212000533
SHADE,F4,28,469.2141627303107
SHADE,F4,29,471.4568651463771
SHADE,F4,30,428.63863152971015
SHADE,F5,1,561.3002890687515
SHADE,F5,2,528.853792504434
SHADE,F5,3,555.7997889499508
SHADE,F5,4,557.736588339992
SHADE,F5,5,543.2971294195049
SHADE,F5,6,558.7093610832212
SHADE,F5,7,530.0060429275193
SHADE,F5,8,557.7782020581892
SHADE,F5,9,555.0452622456551
SHADE,F5,10,562.8425864852363
SHADE,F5,11,538.6608344466191
SHADE,F5,12,552.99521601121
SHADE,F5,13,568.7272044247574
SHADE,F5,14,545.5857460749337
SHADE,F5,15,567.4214719111774
SHADE,F5,16,546.2977944691098
SHADE,F5,17,555.314196195153
SHADE,F5,18,556.784832628614
SHADE,F5,19,551.4149957942767
SHADE,F5,20,552.8710354625913
SHADE,F5,21,576.6666280119415
SHADE,F5,22,553.9529390947836
SHADE,F5,23,555.4454326762065
SHADE,F5,24,551.3809258869861
SHADE,F5,25,548.0060606251693
SHADE,F5,26,547.3668149984028
SHADE,F5,27,558.2648886345136
SHADE,F5,28,551.3984425698502
SHADE,F5,29,559.9787960886417
SHADE,F5,30,546.6692842479142
SHADE,F6,1,600.0028022692641
SHADE,F6,2,600.0003211187386
SHADE,F6,3,600.0019641871862
SHADE,F6,4,600.0008906936126
SHADE,F6,5,600.0006149132329
SHADE,F6,6,600.0001850600577
SHADE,F6,7,600.0007080234999
SHADE,F6,8,600.0002802205644
SHADE,F6,9,600.0002066695831
SHADE,F6,10,600.0133624859353
SHADE,F6,11,600.0007920625369
SHADE,F6,12,600.0018866527738
SHADE,F6,13,600.0011658166436
SHADE,F6,14,600.0219209134395
SHADE,F6,15,600.0010732496182
SHADE,F6,16,600.001138318212
SHADE,F6,17,600.0068037445111
SHADE,F6,18,600.0001263903106
SHADE,F6,19,600.0001878318564
SHADE,F6,20,600.0013604605946
SHADE,F6,21,600.0001794735794
SHADE,F6,22,600.000162169274
SHADE,F6,23,600.0005154655167
SHADE,F6,24,600.0008827761916
SHADE,F6,25,600.0151225485154
SHADE,F6,26,600.0002461863537
SHADE,F6,27,600.0014686547704
SHADE,F6,28,600.0228051629966
SHADE,F6,29,600.0002088378344
SHADE,F6,30,600.0367552737132
SHADE,F7,1,783.5629063742269
SHADE,F7,2,761.9817716114886
SHADE,F7,3,782.3103018284274
SHADE,F7,4,788.897476461468
SHADE,F7,5,799.3541988647479
SHADE,F7,6,778.6771543653074
SHADE,F7,7,798.8525301380964
SHADE,F7,8,786.4388747891778
SHADE,F7,9,796.8666954712646
SHADE,F7,10,775.8068164970849
SHADE,F7,11,776.4263875999955
SHADE,F7,12,798.3377533050559
SHADE,F7,13,783.1071668927226
SHADE,F7,14,801.5916984280764
SHADE,F7,15,809.8370234919232
SHADE,F7,16,788.3786293379951
SHADE,F7,17,780.0046643057624
SHADE,F7,18,787.8709312394788
SHADE,F7,19,789.7284985259043
SHADE,F7,20,766.9375416661675
SHADE,F7,21,789.9314516497377
SHADE,F7,22,788.0446447161237
SHADE,F7,23,774.7125356968405
SHADE,F7,24,793.6429794417294
SHADE,F7,25,781.7272860348214
SHADE,F7,26,786.0915788661605
SHADE,F7,27,781.6247746923217
SHADE,F7,28,790.1474041680559
SHADE,F7,29,782.3970650951529
SHADE,F7,30,781.6206709667673
SHADE,F8,1,833.701270357138
SHADE,F8,2,862.4167809102964
SHADE,F8,3,847.5584197428292
SHADE,F8,4,841.6619679740567
SHADE,F8,5,869.2887455827577
SHADE,F8,6,849.4593323440137
SHADE,F8,7,862.7154505521759
SHADE,F8,8,866.9276011951133
SHADE,F8,9,853.9137215962138
SHADE,F8,10,866.5489323778462
SHADE,F8,11,856.5198537017594
SHADE,F8,12,848.3810551143645
SHADE,F8,13,857.5427066677746
SHADE,F8,14,850.5420977891333
SHADE,F8,15,843.7383282257006
SHADE,F8,16,855.0511097920099
SHADE,F8,17,842.4115081121993
SHADE,F8,18,840.1213316092599
SHADE,F8,19,873.1183699632221
SHADE,F8,20,860.5062238446327
SHADE,F8,21,865.5615663129241
SHADE,F8,22,853.397466674986
SHADE,F8,23,843.8036960675585
SHADE,F8,24,849.8989060504044
SHADE,F8,25,832.8995735942327
SHADE,F8,26,860.001352994632
SHADE,F8,27,834.9867406671289
SHADE,F8,28,851.7472238741688
SHADE,F8,29,854.3980175192228
SHADE,F8,30,841.6786448808946
SHADE,F9,1,903.9926839944785
SHADE,F9,2,1011.4374822945912
SHADE,F9,3,901.0877045380146
SHADE,F9,4,906.5416415443956
SHADE,F9,5,900.6333805194238
SHADE,F9,6,908.0336519703534
SHADE,F9,7,903.3617638563977
SHADE,F9,8,900.7229087698403
SHADE,F9,9,909.4084721335245
SHADE,F9,10,900.633380519424
SHADE,F9,11,904.9932995075072
SHADE,F9,12,934.2919331326368
SHADE,F9,13,939.0253892916103
SHADE,F9,14,902.6062707503543
SHADE,F9,15,904.3507970128409
SHADE,F9,16,903.359303475055
SHADE,F9,17,904.0888950114037
SHADE,F9,18,902.9777281291236
SHADE,F9,19,904.1784021059068
SHADE,F9,20,901.9068243247797
SHADE,F9,21,905.5438345430706
SHADE,F9,22,908.9023999897161
SHADE,F9,23,903.2697752246387
SHADE,F9,24,909.9013143059099
SHADE,F9,25,904.8142641625867
SHADE,F9,26,905.082848913836
SHADE,F9,27,909.1717283022066
SHADE,F9,28,900.5438522690075
SHADE,F9,29,902.3376859991049
SHADE,F9,30,910.5409871527131
SHADE,F10,1,3726.5408755810786
SHADE,F10,2,4367.053100055211
SHADE,F10,3,3667.7959982673146
SHADE,F10,4,4045.6815951937206
SHADE,F10,5,3895.6151282106875
SHADE,F10,6,4395.70913720633
SHADE,F10,7,4760.995229052283
SHADE,F10,8,4143.314906799213
SHADE,F10,9,4605.11622938447
SHADE,F10,10,4584.771547256209
SHADE,F10,11,3951.077175534998
SHADE,F10,12,4023.8035395730094
SHADE,F10,13,4426.168529035414
SHADE,F10,14,4236.770842624981
SHADE,F10,15,4466.121104725706
SHADE,F10,16,4702.168759308308
SHADE,F10,17,4495.869989822668
SHADE,F10,18,4356.368256700616
SHADE,F10,19,4587.824780201809
SHADE,F10,20,4414.323257897928
SHADE,F10,21,4701.542222631248
SHADE,F10,22,4365.833302347737
SHADE,F10,23,3857.468669232905
SHADE,F10,24,4713.683501674988
SHADE,F10,25,4737.39764819915
SHADE,F10,26,3947.876439020034
SHADE,F10,27,4827.337867090797
SHADE,F10,28,4876.092340126905
SHADE,F10,29,4544.226157573472
SHADE,F10,30,4541.606845714092
SHADE,F11,1,1182.057024333514
SHADE,F11,2,1140.800166838464
SHADE,F11,3,1187.3048419579845
SHADE,F11,4,1168.5223796321613
SHADE,F11,5,1261.213721986162
SHADE,F11,6,1212.711737094693
SHADE,F11,7,1207.828193124151
SHADE,F11,8,1148.793946564142
SHADE,F11,9,1189.9406547766807
SHADE,F11,10,1236.7055591885728
SHADE,F11,11,1117.1162600819223
SHADE,F11,12,1243.629911617674
SHADE,F11,13,1158.2668876589935
SHADE,F11,14,1160.7109915029305
SHADE,F11,15,1175.622831458437
SHADE,F11,16,1163.6936219695767
SHADE,F11,17,1231.6157621357934
SHADE,F11,18,1126.05975453316
SHADE,F11,19,1176.6955872081012
SHADE,F11,20,1213.4418145189074
SHADE,F11,21,1278.3781032124857
SHADE,F11,22,1163.146337722141
SHADE,F11,23,1301.5194805369351
SHADE,F11,24,1191.8177563824029
SHADE,F11,25,1233.6056144952915
SHADE,F11,26,1243.5550526418542
SHADE,F11,27,1147.767588448035
SHADE,F11,28,1210.674321376925
SHADE,F11,29,1149.337128315127
SHADE,F11,30,1256.4894176800522
SHADE,F12,1,17836.478163451753
SHADE,F12,2,34243.51437830928
SHADE,F12,3,17612.698184270674
SHADE,F12,4,34195.3283998441
SHADE,F12,5,39578.15822323721
SHADE,F12,6,13341.942701283868
SHADE,F12,7,18683.431486696958
SHADE,F12,8,8391.048758123794
SHADE,F12,9,49629.322315188045
SHADE,F12,10,35300.532427044374
SHADE,F12,11,37445.73984126142
SHADE,F12,12,21230.166651911735
SHADE,F12,13,13007.7320436717
SHADE,F12,14,43952.28462769158
SHADE,F12,15,26883.772170494427
SHADE,F12,16,34578.541403508
SHADE,F12,17,58422.101493157854
SHADE,F12,18,10112.74424017459
SHADE,F12,19,20538.800219140663
SHADE,F12,20,21762.91025824388
SHADE,F12,21,6140.240175292407
SHADE,F12,22,72746.14230234464
SHADE,F12,23,8080.797854405419
SHADE,F12,24,7535.195222501242
SHADE,F12,25,45937.762198907534
SHADE,F12,26,6246.75643857605
SHADE,F12,27,10287.469112925188
SHADE,F12,28,21653.736542554863
SHADE,F12,29,9567.244694967965
SHADE,F12,30,23312.7251510959
SHADE,F13,1,1928.391877186442
SHADE,F13,2,1748.9031573414222
SHADE,F13,3,2687.0711988215135
SHADE,F13,4,1540.3935900690456
SHADE,F13,5,1707.5258263205571
SHADE,F13,6,2717.424178905294
SHADE,F13,7,4038.6638436732837
SHADE,F13,8,2372.3152747718436
SHADE,F13,9,1895.9650234050798
SHADE,F13,10,2313.443451956493
SHADE,F13,11,1470.3414681840068
SHADE,F13,12,1668.8965195806036
SHADE,F13,13,2186.672888955211
SHADE,F13,14,6957.08819862839
SHADE,F13,15,2840.2125799663327
SHADE,F13,16,2573.236707575993
SHADE,F13,17,2015.7590694328853
SHADE,F13,18,1918.1686130328158
SHADE,F13,19,1974.7363710221357
SHADE,F13,20,1664.7831124803365
SHADE,F13,21,4637.670373266488
SHADE,F13,22,1993.4422678754718
SHADE,F13,23,1730.7823875489332
SHADE,F13,24,2479.661471102917
SHADE,F13,25,3400.362722908037
SHADE,F13,26,3309.5575542259517
SHADE,F13,27,2832.6153794122743
SHADE,F13,28,2812.626391293864
SHADE,F13,29,1605.2753411903352
SHADE,F13,30,2711.3395047040576
SHADE,F14,1,1548.3732694603275
SHADE,F14,2,1527.0485864594011
SHADE,F14,3,1567.3501211577566
SHADE,F14,4,1571.2474750716892
SHADE,F14,5,1565.3457846671545
SHADE,F14,6,1560.5966332398323
SHADE,F14,7,1646.0142193333334
SHADE,F14,8,1568.6010189359088
SHADE,F14,9,1674.713736734861
SHADE,F14,10,1652.9734064118884
SHADE,F14,11,1493.7447640313212
SHADE,F14,12,1550.9512130757976
SHADE,F14,13,1546.982921967722
SHADE,F14,14,1604.3442251666493
SHADE,F14,15,1512.3422227768408
SHADE,F14,16,1545.0076180767282
SHADE,F14,17,1595.2924008140317
SHADE,F14,18,1532.4374402286767
SHADE,F14,19,1613.514992932015
SHADE,F14,20,1525.3955151981258
SHADE,F14,21,1530.5366906478578
SHADE,F14,22,1525.6704628020677
SHADE,F14,23,1604.1405994112974
SHADE,F14,24,1501.6906483678015
SHADE,F14,25,1464.3534369527108
SHADE,F14,26,1519.7854320298588
SHADE,F14,27,1612.1901282510114
SHADE,F14,28,1600.0900691102875
SHADE,F14,29,1461.1888317363037
SHADE,F14,30,1504.715733939307
SHADE,F15,1,1966.6323196597184
SHADE,F15,2,1700.9964486428485
SHADE,F15,3,1701.6896924339178
SHADE,F15,4,1975.5925326472775
SHADE,F15,5,1669.1236978131667
SHADE,F15,6,1888.6865636917494
SHADE,F15,7,1764.8252932207263
SHADE,F15,8,1638.5902454724303
SHADE,F15,9,1798.221828239386
SHADE,F15,10,1613.4551138007712
SHADE,F15,11,1686.1663284869148
SHADE,F15,12,1912.421840173189
SHADE,F15,13,1965.9845147034296
SHADE,F15,14,1863.528736710517
SHADE,F15,15,1744.5758704507887
SHADE,F15,16,1545.2422517018597
SHADE,F15,17,1812.8683668488472
SHADE,F15,18,1975.1480749086209
SHADE,F15,19,1674.5411503609378
SHADE,F15,20,1646.4962128885877
SHADE,F15,21,1701.1736440304676
SHADE,F15,22,1815.3462420383976
SHADE,F15,23,1755.7451353773056
SHADE,F15,24,1608.6869250132443
SHADE,F15,25,1589.393176941791
SHADE,F15,26,1801.8755930181383
SHADE,F15,27,1856.1761115580896
SHADE,F15,28,1671.8476585034387
SHADE,F15,29,1916.363489205316
SHADE,F15,30,1615.809693177973
SHADE,F16,1,2260.0434089490527
SHADE,F16,2,2043.7193400807414
SHADE,F16,3,1897.5924244881694
SHADE,F16,4,2426.866040926196
SHADE,F16,5,2550.9094694035184
SHADE,F16,6,2438.822316931869
SHADE,F16,7,2339.474579905027
SHADE,F16,8,2131.259652090135
SHADE,F16,9,2153.3718966700017
SHADE,F16,10,2494.828654667013
SHADE,F16,11,2370.749460480667
SHADE,F16,12,2111.6874232954124
SHADE,F16,13,2398.6153553101412
SHADE,F16,14,2035.744852272378
SHADE,F16,15,2456.48268240521
SHADE,F16,16,2031.2144540536185
SHADE,F16,17,2127.7439905272863
SHADE,F16,18,2555.493877148574
SHADE,F16,19,2185.0577068166003
SHADE,F16,20,2207.5679455675454
SHADE,F16,21,1905.9865573506029
SHADE,F16,22,1978.6589227176023
SHADE,F16,23,2325.137707945096
SHADE,F16,24,2046.326699689978
SHADE,F16,25,2332.0247716215026
SHADE,F16,26,2125.017000865044
SHADE,F16,27,2027.2791446682709
SHADE,F16,28,2354.151797972348
SHADE,F16,29,2322.543311526154
SHADE,F16,30,2275.591344610137
SHADE,F17,1,1846.871100504684
SHADE,F17,2,1805.1228202638495
SHADE,F17,3,1784.1298414542725
SHADE,F17,4,1810.5402837206332
SHADE,F17,5,2066.425396976295
SHADE,F17,6,1854.1591774495812
SHADE,F17,7,1942.7020509001213
SHADE,F17,8,1793.5400403562182
SHADE,F17,9,1901.668011893217
SHADE,F17,10,2052.5790382178616
SHADE,F17,11,1805.4394966541852
SHADE,F17,12,1788.955293353957
SHADE,F17,13,1926.7100853462748
SHADE,F17,14,1783.9676158111913
SHADE,F17,15,1825.9819116229364
SHADE,F17,16,1909.2542088596717
SHADE,F17,17,2140.9604145318963
SHADE,F17,18,1883.3547924261338
SHADE,F17,19,2051.738257632604
SHADE,F17,20,1787.483978202815
SHADE,F17,21,1831.0350875122506
SHADE,F17,22,1822.5100632995636
SHADE,F17,23,1920.7306947558989
SHADE,F17,24,1901.025339199259
SHADE,F17,25,1831.394902667365
SHADE,F17,26,2158.3298548118387
SHADE,F17,27,1916.2145662714727
SHADE,F17,28,1881.8892752726535
SHADE,F17,29,1909.6338977839066
SHADE,F17,30,2046.550191389521
SHADE,F18,1,8537.197504231626
SHADE,F18,2,42202.29107220785
SHADE,F18,3,43337.392893664575
SHADE,F18,4,5144.94556254194
SHADE,F18,5,47328.667012456055
SHADE,F18,6,29346.280060195324
SHADE,F18,7,34636.42782941595
SHADE,F18,8,2480.622266385363
SHADE,F18,9,4730.395703365676
SHADE,F18,10,5040.507580838155
SHADE,F18,11,11723.931203315644
SHADE,F18,12,9860.146659081474
SHADE,F18,13,12501.368801894194
SHADE,F18,14,3147.7256342352234
SHADE,F18,15,11693.510359471205
SHADE,F18,16,3491.6007238883044
SHADE,F18,17,8317.569377242236
SHADE,F18,18,3090.5285419791553
SHADE,F18,19,5963.733523791792
SHADE,F18,20,5895.240270740626
SHADE,F18,21,12525.090439929398
SHADE,F18,22,13723.598569359297
SHADE,F18,23,11359.354833534859
SHADE,F18,24,33698.98854064875
SHADE,F18,25,4034.378792632642
SHADE,F18,26,5554.888230124948
SHADE,F18,27,11300.999149290456
SHADE,F18,28,73203.996468761
SHADE,F18,29,7963.288228044182
SHADE,F18,30,11689.529906546582
SHADE,F19,1,2217.6350844505873
SHADE,F19,2,2095.0764633310287
SHADE,F19,3,2107.747002078291
SHADE,F19,4,1995.1314989954656
SHADE,F19,5,2197.4471334166806
SHADE,F19,6,2038.1091892686975
SHADE,F19,7,1986.2344452809111
SHADE,F19,8,2036.0015190373113
SHADE,F19,9,2011.8336051035117
SHADE,F19,10,2009.1922097398758
SHADE,F19,11,2039.8581171288222
SHADE,F19,12,1972.3363961480754
SHADE,F19,13,2025.815702392426
SHADE,F19,14,1962.908166663684
SHADE,F19,15,2087.8844579617885
SHADE,F19,16,1996.3003510640115
SHADE,F19,17,2054.3596936968174
SHADE,F19,18,2153.1681284489728
SHADE,F19,19,2067.869760576252
SHADE,F19,20,2034.1495304074915
SHADE,F19,21,1982.5629405369807
SHADE,F19,22,2007.0313322965358
SHADE,F19,23,2088.2724474664024
SHADE,F19,24,2116.7678147003808
SHADE,F19,25,2066.7709606512294
SHADE,F19,26,1980.144291760646
SHADE,F19,27,2003.7058015836972
SHADE,F19,28,1945.3239897174067
SHADE,F19,29,2055.34030515582
SHADE,F19,30,1956.3825682387476
SHADE,F20,1,2196.269247325633
SHADE,F20,2,2314.2098218576716
SHADE,F20,3,2275.537979805915
SHADE,F20,4,2220.9335679871742
SHADE,F20,5,2229.7748938023146
SHADE,F20,6,2233.323805408231
SHADE,F20,7,2257.665774421255
SHADE,F20,8,2367.5329469142175
SHADE,F20,9,2202.3911335265843
SHADE,F20,10,2118.616664450813
SHADE,F20,11,2136.7424325725365
SHADE,F20,12,2308.781610549959
SHADE,F20,13,2431.875735486639
SHADE,F20,14,2086.6146603723714
SHADE,F20,15,2236.9503529518065
SHADE,F20,16,2264.351387282247
SHADE,F20,17,2121.6002069890174
SHADE,F20,18,2206.7456476225416
SHADE,F20,19,2282.409144352592
SHADE,F20,20,2191.1097287509215
SHADE,F20,21,2096.911575241108
SHADE,F20,22,2325.5320363564865
SHADE,F20,23,2236.6171452960457
SHADE,F20,24,2216.933838282487
SHADE,F20,25,2215.157089524712
SHADE,F20,26,2223.692965167625
SHADE,F20,27,2126.7891160284094
SHADE,F20,28,2198.7287421717824
SHADE,F20,29,2103.27434103474
SHADE,F20,30,2163.1964003449802
SHADE,F21,1,2360.2913052052563
SHADE,F21,2,2345.249525179276
SHADE,F21,3,2349.5291983644706
SHADE,F21,4,2360.4134504257195
SHADE,F21,5,2351.9248681014733
SHADE,F21,6,2342.1312277868124
SHADE,F21,7,2342.33440532691
SHADE,F21,8,2334.3513075164597
SHADE,F21,9,2362.435379230106
SHADE,F21,10,2345.0517762735326
SHADE,F21,11,2356.7423371129394
SHADE,F21,12,2358.4377257324145
SHADE,F21,13,2342.8259890160825
SHADE,F21,14,2359.535713471415
SHADE,F21,15,2347.645692632198
SHADE,F21,16,2360.709010376759
SHADE,F21,17,2348.2537770503855
SHADE,F21,18,2352.7578478026153
SHADE,F21,19,2359.391746526216
SHADE,F21,20,2354.8074636288957
SHADE,F21,21,2343.641297438485
SHADE,F21,22,2354.1812757485122
SHADE,F21,23,2354.010446910017
SHADE,F21,24,2349.1728456208784
SHADE,F21,25,2344.1277293527055
SHADE,F21,26,2358.375274393793
SHADE,F21,27,2346.723518718692
SHADE,F21,28,2359.9168903950067
SHADE,F21,29,2355.039894255218
SHADE,F21,30,2363.958779801127
SHADE,F22,1,2300.0000000000023
SHADE,F22,2,2300.000000000002
SHADE,F22,3,2300.0000000000064
SHADE,F22,4,2300.000000000002
SHADE,F22,5,2300.000000000005
SHADE,F22,6,2300.0000000000027
SHADE,F22,7,2300.0000000000036
SHADE,F22,8,2678.2858202478833
SHADE,F22,9,2300.000000000129
SHADE,F22,10,2302.453362603274
SHADE,F22,11,6718.668093041916
SHADE,F22,12,2300.0000000000637
SHADE,F22,13,6294.246454273357
SHADE,F22,14,2300.0000000000105
SHADE,F22,15,2300.0000000000214
SHADE,F22,16,2300.0000000002365
SHADE,F22,17,5771.3347893095615
SHADE,F22,18,2300.0000000000227
SHADE,F22,19,2300.000000000005
SHADE,F22,20,2302.4533626032735
SHADE,F22,21,5448.771237680381
SHADE,F22,22,2300.017568092562
SHADE,F22,23,2302.500914256648
SHADE,F22,24,2302.459765160416
SHADE,F22,25,2300.000000000002
SHADE,F22,26,4984.764454887556
SHADE,F22,27,2300.0000000000023
SHADE,F22,28,2300.0000000000023
SHADE,F22,29,6052.90513235051
SHADE,F22,30,2300.0000000000023
SHADE,F23,1,2706.1180347897052
SHADE,F23,2,2727.863149087926
SHADE,F23,3,2713.059305069027
SHADE,F23,4,2688.009380276218
SHADE,F23,5,2693.8643244085206
SHADE,F23,6,2700.861191047607
SHADE,F23,7,2698.4009592907823
SHADE,F23,8,2711.5731121194103
SHADE,F23,9,2704.0353304629966
SHADE,F23,10,2699.8533447157943
SHADE,F23,11,2697.2809699542972
SHADE,F23,12,2715.18337789041
SHADE,F23,13,2707.6859102867015
SHADE,F23,14,2701.5980439259993
SHADE,F23,15,2700.379989869019
SHADE,F23,16,2694.0142223147514
SHADE,F23,17,2704.3353486450205
SHADE,F23,18,2719.570948321079
SHADE,F23,19,2698.951270205067
SHADE,F23,20,2718.192634360972
SHADE,F23,21,2687.3533671877467
SHADE,F23,22,2709.923429527668
SHADE,F23,23,2706.820900134512
SHADE,F23,24,2720.711639411857
SHADE,F23,25,2694.283452964111
SHADE,F23,26,2713.216399130767
SHADE,F23,27,2713.7997382834797
SHADE,F23,28,2696.8976750324473
SHADE,F23,29,2699.3579678985807
SHADE,F23,30,2705.758209292355
SHADE,F24,1,2877.8355932140007
SHADE,F24,2,2890.2202566700093
SHADE,F24,3,2885.207117057042
SHADE,F24,4,2861.429938203775
SHADE,F24,5,2863.473541258193
SHADE,F24,6,2880.5651160139478
SHADE,F24,7,2930.0185964496886
SHADE,F24,8,2881.078617097861
SHADE,F24,9,2883.3099234313463
SHADE,F24,10,2868.817482141538
SHADE,F24,11,2892.8651518317756
SHADE,F24,12,2893.7893006344275
SHADE,F24,13,2877.940633921963
SHADE,F24,14,2902.6632700296964
SHADE,F24,15,2900.9634417774687
SHADE,F24,16,2863.02002949294
SHADE,F24,17,2884.7273099014174
SHADE,F24,18,2886.105623013148
SHADE,F24,19,2884.1156833668797
SHADE,F24,20,2883.372444893348
SHADE,F24,21,2885.0777902978507
SHADE,F24,22,2875.9537711064513
SHADE,F24,23,2863.5808252380707
SHADE,F24,24,2892.9355918112324
SHADE,F24,25,2859.7916816211277
SHADE,F24,26,2868.57169614975
SHADE,F24,27,2867.0987175073697
SHADE,F24,28,2859.142414907671
SHADE,F24,29,2872.5467948860783
SHADE,F24,30,2871.4495608648267
SHADE,F25,1,2887.0109382306327
SHADE,F25,2,2887.399552471302
SHADE,F25,3,2887.021127666084
SHADE,F25,4,2883.430977111623
SHADE,F25,5,2883.469722601375
SHADE,F25,6,2888.334548363333
SHADE,F25,7,2888.490547071632
SHADE,F25,8,2888.0814322348133
SHADE,F25,9,2896.746725873769
SHADE,F25,10,2883.8432997310647
SHADE,F25,11,2887.522833715704
SHADE,F25,12,2883.4579404771193
SHADE,F25,13,2887.0246000115594
SHADE,F25,14,2891.1365933030233
SHADE,F25,15,2888.110334073296
SHADE,F25,16,2888.796361420137
SHADE,F25,17,2887.6605616314187
SHADE,F25,18,2886.925474182377
SHADE,F25,19,2887.310951580157
SHADE,F25,20,2883.3994233372714
SHADE,F25,21,2886.8756321130822
SHADE,F25,22,2887.170066587
SHADE,F25,23,2887.00281383824
SHADE,F25,24,2887.093728026807
SHADE,F25,25,2886.807548474093
SHADE,F25,26,2887.5557930337454
SHADE,F25,27,2924.2989235577647
SHADE,F25,28,2887.3094081005265
SHADE,F25,29,2887.689556494505
SHADE,F25,30,2888.7767403222197
SHADE,F26,1,3969.6909140666444
SHADE,F26,2,4032.106493651142
SHADE,F26,3,3986.522929012376
SHADE,F26,4,4149.235275094963
SHADE,F26,5,4446.275160267939
SHADE,F26,6,4176.690780705581
SHADE,F26,7,4794.872112993868
SHADE,F26,8,4411.354594942017
SHADE,F26,9,4175.80905468868
SHADE,F26,10,4711.101623641897
SHADE,F26,11,4085.361744021043
SHADE,F26,12,4337.284129410427
SHADE,F26,13,4173.704462541159
SHADE,F26,14,4139.302013498589
SHADE,F26,15,4308.812371183218
SHADE,F26,16,4427.786375565511
SHADE,F26,17,4181.124520433114
SHADE,F26,18,4399.423475499241
SHADE,F26,19,4124.580936076258
SHADE,F26,20,4264.157747965313
SHADE,F26,21,4086.0931282402985
SHADE,F26,22,4218.351179509576
SHADE,F26,23,4436.217457302281
SHADE,F26,24,4145.207657995423
SHADE,F26,25,4279.448164316036
SHADE,F26,26,4259.424113625643
SHADE,F26,27,4187.055332058788
SHADE,F26,28,4381.885150207035
SHADE,F26,29,4242.826377393243
SHADE,F26,30,4129.476769142602
SHADE,F27,1,3215.5720427278984
SHADE,F27,2,3215.239152417399
SHADE,F27,3,3227.1030541818136
SHADE,F27,4,3206.546076560827
SHADE,F27,5,3211.6801141756773
SHADE,F27,6,3217.6691285017423
SHADE,F27,7,3218.0796044647404
SHADE,F27,8,3202.2759044063228
SHADE,F27,9,3255.677810009516
SHADE,F27,10,3211.761284841438
SHADE,F27,11,3216.473327992315
SHADE,F27,12,3202.282640592997
SHADE,F27,13,3220.359502983545
SHADE,F27,14,3208.8505327479647
SHADE,F27,15,3196.4258011458173
SHADE,F27,16,3207.0398584476916
SHADE,F27,17,3207.0105790412035
SHADE,F27,18,3224.512043022097
SHADE,F27,19,3220.2747763121934
SHADE,F27,20,3206.934845104957
SHADE,F27,21,3235.145428278202
SHADE,F27,22,3252.8301230971692
SHADE,F27,23,3230.2198440282864
SHADE,F27,24,3207.486336852762
SHADE,F27,25,3211.6498341197835
SHADE,F27,26,3215.194342711329
SHADE,F27,27,3227.75420418773
SHADE,F27,28,3206.8929866517215
SHADE,F27,29,3220.2755380986423
SHADE,F27,30,3204.036601377367
SHADE,F28,1,3266.6400223623177
SHADE,F28,2,3206.33996033572
SHADE,F28,3,3120.573808422849
SHADE,F28,4,3254.099491357214
SHADE,F28,5,3254.32935132941
SHADE,F28,6,3224.223865383797
SHADE,F28,7,3254.3399276052646
SHADE,F28,8,3145.7766449253713
SHADE,F28,9,3213.977357462145
SHADE,F28,10,3249.6859725260756
SHADE,F28,11,3100.0510113490204
SHADE,F28,12,3100.000051726746
SHADE,F28,13,3207.0537174184756
SHADE,F28,14,3206.5653435903328
SHADE,F28,15,3192.4481630474766
SHADE,F28,16,3100.000016545724
SHADE,F28,17,3100.1461112711163
SHADE,F28,18,3254.252641100378
SHADE,F28,19,3256.412950427515
SHADE,F28,20,3207.736596935865
SHADE,F28,21,3201.4879344501574
SHADE,F28,22,3214.08787158152
SHADE,F28,23,3206.2768246266464
SHADE,F28,24,3114.954057103189
SHADE,F28,25,3240.130654759857
SHADE,F28,26,3196.7901271858277
SHADE,F28,27,3205.4864804203744
SHADE,F28,28,3191.186650370614
SHADE,F28,29,3195.262280512685
SHADE,F28,30,3213.9757239575597
SHADE,F29,1,3729.6827145760585
SHADE,F29,2,3356.542426483815
SHADE,F29,3,3635.1053497774465
SHADE,F29,4,3617.32791832266
SHADE,F29,5,3590.339999259124
SHADE,F29,6,3428.560972082052
SHADE,F29,7,3502.7355917598684
SHADE,F29,8,3650.498755304872
SHADE,F29,9,3519.9826194484544
SHADE,F29,10,3455.714930934192
SHADE,F29,11,3580.327062324375
SHADE,F29,12,3550.7508697292706
SHADE,F29,13,3654.2439282573273
SHADE,F29,14,3443.5120936853173
SHADE,F29,15,3493.2527381062473
SHADE,F29,16,3574.515679159951
SHADE,F29,17,3708.915819154539
SHADE,F29,18,3606.285976238709
SHADE,F29,19,3616.5003323584424
SHADE,F29,20,3543.357011021716
SHADE,F29,21,3531.5549509414327
SHADE,F29,22,3473.5887778647425
SHADE,F29,23,3512.51741727611
SHADE,F29,24,3555.259526789394
SHADE,F29,25,3427.3273386839037
SHADE,F29,26,3621.5588693482005
SHADE,F29,27,3584.163432787121
SHADE,F29,28,3647.234135974268
SHADE,F29,29,3459.1898305862687
SHADE,F29,30,3635.7761517984645
SHADE,F30,1,5192.9053225342
SHADE,F30,2,5626.927586673255
SHADE,F30,3,5668.413298813005
SHADE,F30,4,11027.721900820716
SHADE,F30,5,5986.1248920906755
SHADE,F30,6,9044.35865965705
SHADE,F30,7,6267.769338243254
SHADE,F30,8,7111.463537267359
SHADE,F30,9,6199.2233121758245
SHADE,F30,10,5866.42906156745
SHADE,F30,11,6397.079492339381
SHADE,F30,12,5463.516391021141
SHADE,F30,13,12408.094417668904
SHADE,F30,14,12678.673519265545
SHADE,F30,15,9140.505039701762
SHADE,F30,16,5305.937616561277
SHADE,F30,17,6127.909597431558
SHADE,F30,18,7407.680012395612
SHADE,F30,19,5336.280640498927
SHADE,F30,20,5297.5275723904015
SHADE,F30,21,6497.1066747259
SHADE,F30,22,7596.737897277377
SHADE,F30,23,7020.38838802162
SHADE,F30,24,5525.320710483472
SHADE,F30,25,7222.532519903139
SHADE,F30,26,9239.15217600823
SHADE,F30,27,8226.923466138345
SHADE,F30,28,7283.119592009949
SHADE,F30,29,10214.62185852421
SHADE,F30,30,5073.255863185721
LSHADE,F1,1,14939757859.763622
LSHADE,F1,2,15658197309.06758
LSHADE,F1,3,9082631493.892532
LSHADE,F1,4,5076325186.845644
LSHADE,F1,5,5729179796.19269
LSHADE,F1,6,7525662738.920829
LSHADE,F1,7,16559303203.606075
LSHADE,F1,8,12771869697.861792
LSHADE,F1,9,6035044611.890471
LSHADE,F1,10,5270179155.102286
LSHADE,F1,11,19837393809.876125
LSHADE,F1,12,4099265935.8708887
LSHADE,F1,13,15948100888.192001
LSHADE,F1,14,16550640630.901087
LSHADE,F1,15,10979022127.131922
LSHADE,F1,16,13636253643.635473
LSHADE,F1,17,13881159624.109108
LSHADE,F1,18,14731952007.985376
LSHADE,F1,19,10773645179.171932
LSHADE,F1,20,9870456599.919733
LSHADE,F1,21,3119553092.082175
LSHADE,F1,22,7671349826.490895
LSHADE,F1,23,5312494367.974657
LSHADE,F1,24,16178107848.955452
LSHADE,F1,25,17615901949.067772
LSHADE,F1,26,14586738118.149137
LSHADE,F1,27,16265757286.546165
LSHADE,F1,28,14968868683.780191
LSHADE,F1,29,8645664203.638723
LSHADE,F1,30,13551436907.360863
LSHADE,F3,1,63146.72716803517
LSHADE,F3,2,66920.05956794752
LSHADE,F3,3,78972.44660318362
LSHADE,F3,4,58953.15836439714
LSHADE,F3,5,46772.22314210932
LSHADE,F3,6,59841.50962937604
LSHADE,F3,7,89864.04046698546
LSHADE,F3,8,78364.59859804735
LSHADE,F3,9,27622.0113437158
LSHADE,F3,10,111993.67991600228
LSHADE,F3,11,53516.128150533106
LSHADE,F3,12,53041.58318083474
LSHADE,F3,13,84229.14901186895
LSHADE,F3,14,78348.95855457913
LSHADE,F3,15,61279.523778673145
LSHADE,F3,16,67121.71845174234
LSHADE,F3,17,86644.42423478606
LSHADE,F3,18,85960.49276065259
LSHADE,F3,19,70916.2970104131
LSHADE,F3,20,73949.7514629084
LSHADE,F3,21,68552.04842680866
LSHADE,F3,22,64574.17431902173
LSHADE,F3,23,65538.67626372691
LSHADE,F3,24,66286.28463881994
LSHADE,F3,25,79311.78560178827
LSHADE,F3,26,76137.74601147094
LSHADE,F3,27,34646.6944034213
LSHADE,F3,28,74858.40758915314
LSHADE,F3,29,81190.99427585669
LSHADE,F3,30,149331.95145594503
LSHADE,F4,1,3721.263671473212
LSHADE,F4,2,3482.369111490902
LSHADE,F4,3,1643.746711134085
LSHADE,F4,4,1792.0065993961161
LSHADE,F4,5,2186.0766661628177
LSHADE,F4,6,952.0811533741429
LSHADE,F4,7,1241.0534150556723
LSHADE,F4,8,2707.361545907055
LSHADE,F4,9,1288.407441162149
LSHADE,F4,10,1457.70980294457
LSHADE,F4,11,3245.2617556629875
LSHADE,F4,12,2979.5114819206515
LSHADE,F4,13,3700.2202870461706
LSHADE,F4,14,3147.4909203237535
LSHADE,F4,15,2047.1960290861484
LSHADE,F4,16,1404.0786876486566
LSHADE,F4,17,2789.6429808181574
LSHADE,F4,18,1215.676302898156
LSHADE,F4,19,3060.9174174075733
LSHADE,F4,20,2285.9949380662683
LSHADE,F4,21,3294.6803177316087
LSHADE,F4,22,3171.896210435718
LSHADE,F4,23,1856.6439270790745
LSHADE,F4,24,2779.1132697001444
LSHADE,F4,25,1691.2237211752488
LSHADE,F4,26,1460.670174983844
LSHADE,F4,27,2871.2973575697447
LSHADE,F4,28,2338.527856255776
LSHADE,F4,29,3054.545505585763
LSHADE,F4,30,1685.232686233053
LSHADE,F5,1,780.8305885762263
LSHADE,F5,2,775.0158066504375
LSHADE,F5,3,801.6943820784782
LSHADE,F5,4,730.6521161366543
LSHADE,F5,5,788.0644522064999
LSHADE,F5,6,789.9082119989558
LSHADE,F5,7,759.6154901774241
LSHADE,F5,8,763.9845769220974
LSHADE,F5,9,726.5084500051526
LSHADE,F5,10,762.3238532645979
LSHADE,F5,11,797.9493060220153
LSHADE,F5,12,698.1883006490079
LSHADE,F5,13,764.7719626824389
LSHADE,F5,14,707.7976201238175
LSHADE,F5,15,708.6272460539825
LSHADE,F5,16,773.0326181021378
LSHADE,F5,17,738.5343729667766
LSHADE,F5,18,765.4406413400227
LSHADE,F5,19,787.3336721396347
LSHADE,F5,20,748.7968326785455
LSHADE,F5,21,772.9931846992679
LSHADE,F5,22,769.6672369645769
LSHADE,F5,23,743.3515850453805
LSHADE,F5,24,809.2959801069031
LSHADE,F5,25,777.4549760069866
LSHADE,F5,26,708.8587921509765
LSHADE,F5,27,808.4633413659574
LSHADE,F5,28,764.1351941186281
LSHADE,F5,29,742.8636797388262
LSHADE,F5,30,754.7884234760672
LSHADE,F6,1,640.567856889151
LSHADE,F6,2,638.9334849318658
LSHADE,F6,3,662.7610462627008
LSHADE,F6,4,637.5401812056
LSHADE,F6,5,628.7295691215043
LSHADE,F6,6,653.1704410942612
LSHADE,F6,7,654.8404103122376
LSHADE,F6,8,649.9937653034278
LSHADE,F6,9,656.3720352325522
LSHADE,F6,10,652.7682781019787
LSHADE,F6,11,646.9574116135866
LSHADE,F6,12,664.7283757931546
LSHADE,F6,13,643.4119321711574
LSHADE,F6,14,656.9609738615413
LSHADE,F6,15,629.5553834335617
LSHADE,F6,16,638.1171322079543
LSHADE,F6,17,660.2999480631241
LSHADE,F6,18,664.5452337514265
LSHADE,F6,19,635.3245465447044
LSHADE,F6,20,635.6460981813412
LSHADE,F6,21,628.9450513244915
LSHADE,F6,22,660.4279949317298
LSHADE,F6,23,636.034146152861
LSHADE,F6,24,628.0150117907767
LSHADE,F6,25,636.5184657010186
LSHADE,F6,26,641.9136724221547
LSHADE,F6,27,653.432873583485
LSHADE,F6,28,655.9246423957887
LSHADE,F6,29,647.9127933834612
LSHADE,F6,30,660.6322452161246
LSHADE,F7,1,1171.7855722423014
LSHADE,F7,2,1222.0307056915367
LSHADE,F7,3,1244.9784645185423
LSHADE,F7,4,1231.4484663455987
LSHADE,F7,5,1241.8883906895849
LSHADE,F7,6,1139.2159473258162
LSHADE,F7,7,1189.4263374462835
LSHADE,F7,8,1149.0549359893353
LSHADE,F7,9,1169.358292704083
LSHADE,F7,10,1213.3082073203564
LSHADE,F7,11,1097.6064923307122
LSHADE,F7,12,1133.285766184686
LSHADE,F7,13,1174.9212350590237
LSHADE,F7,14,1197.9619236024118
LSHADE,F7,15,1153.2168193970583
LSHADE,F7,16,1120.2886922860775
LSHADE,F7,17,1214.9416289855972
LSHADE,F7,18,1214.454822698784
LSHADE,F7,19,1192.6453645694714
LSHADE,F7,20,1050.3525938889768
LSHADE,F7,21,1228.7814055063866
LSHADE,F7,22,1183.7761819651291
LSHADE,F7,23,1148.7382034276532
LSHADE,F7,24,1211.3881793438104
LSHADE,F7,25,1218.6448725554137
LSHADE,F7,26,1080.0696446392983
LSHADE,F7,27,1178.2244896129057
LSHADE,F7,28,1230.6996464537517
LSHADE,F7,29,1193.0061337168786
LSHADE,F7,30,1107.984805754245
LSHADE,F8,1,1074.8672626438486
LSHADE,F8,2,1054.3929593509579
LSHADE,F8,3,1059.062039805116
LSHADE,F8,4,1086.2539291230855
LSHADE,F8,5,1099.6331240272555
LSHADE,F8,6,1086.4626492285058
LSHADE,F8,7,994.4487815100622
LSHADE,F8,8,1082.2713117228727
LSHADE,F8,9,1094.6753060980957
LSHADE,F8,10,951.6494072810991
LSHADE,F8,11,1079.4151192320671
LSHADE,F8,12,1002.1840667279582
LSHADE,F8,13,1016.8303453626887
LSHADE,F8,14,1033.6395750933625
LSHADE,F8,15,993.5794894939604
LSHADE,F8,16,965.8571727114925
LSHADE,F8,17,1071.1398246492531
LSHADE,F8,18,1037.9183907672332
LSHADE,F8,19,1099.1974595371337
LSHADE,F8,20,1049.2401099370845
LSHADE,F8,21,1085.8884472342593
LSHADE,F8,22,989.7637518864311
LSHADE,F8,23,1063.6465853408401
LSHADE,F8,24,1045.6606462786367
LSHADE,F8,25,1034.5937956884566
LSHADE,F8,26,972.9854439034045
LSHADE,F8,27,1093.8822851286907
LSHADE,F8,28,1033.3620085907899
LSHADE,F8,29,1062.1669556905747
LSHADE,F8,30,1049.490608599169
LSHADE,F9,1,5403.8665030294
LSHADE,F9,2,7317.46441494085
LSHADE,F9,3,7005.70306490113
LSHADE,F9,4,3415.008757378624
LSHADE,F9,5,6904.487028912172
LSHADE,F9,6,8433.040168415167
LSHADE,F9,7,5809.4284211202275
LSHADE,F9,8,7163.677048882421
LSHADE,F9,9,5995.959498079094
LSHADE,F9,10,4900.834699749954
LSHADE,F9,11,7086.862285378686
LSHADE,F9,12,9307.24462463577
LSHADE,F9,13,7845.43853269544
LSHADE,F9,14,6907.919690664019
LSHADE,F9,15,6199.134376042081
LSHADE,F9,16,4016.972474068038
LSHADE,F9,17,6924.731084283474
LSHADE,F9,18,6732.885370550088
LSHADE,F9,19,5924.457623004792
LSHADE,F9,20,7662.785550209364
LSHADE,F9,21,5613.427701517951
LSHADE,F9,22,7504.839342499245
LSHADE,F9,23,8134.5510067654595
LSHADE,F9,24,7327.986145280123
LSHADE,F9,25,3434.6155383540704
LSHADE,F9,26,7081.808137711418
LSHADE,F9,27,7409.900474775181
LSHADE,F9,28,4123.069889684109
LSHADE,F9,29,6236.736071816368
LSHADE,F9,30,3254.441849433541
LSHADE,F10,1,6758.766152487521
LSHADE,F10,2,7081.185965536723
LSHADE,F10,3,6331.151566149772
LSHADE,F10,4,6839.430209826406
LSHADE,F10,5,7002.860994190735
LSHADE,F10,6,7400.63979520008
LSHADE,F10,7,6928.849129048909
LSHADE,F10,8,7079.675712128894
LSHADE,F10,9,9009.874729024068
LSHADE,F10,10,8021.043872300419
LSHADE,F10,11,7719.779147215232
LSHADE,F10,12,6439.748239525489
LSHADE,F10,13,6994.543179046574
LSHADE,F10,14,7006.783697788539
LSHADE,F10,15,6577.834642915193
LSHADE,F10,16,6509.546730387135
LSHADE,F10,17,6584.889597553504
LSHADE,F10,18,6180.494196935134
LSHADE,F10,19,7469.0066494245475
LSHADE,F10,20,7674.188159701756
LSHADE,F10,21,6904.352816177022
LSHADE,F10,22,7629.913951877995
LSHADE,F10,23,5782.130859708783
LSHADE,F10,24,7421.725706178377
LSHADE,F10,25,7073.625021414331
LSHADE,F10,26,8184.65849285741
LSHADE,F10,27,6876.799465359572
LSHADE,F10,28,7296.6193177814075
LSHADE,F10,29,7786.040768674969
LSHADE,F10,30,6970.1909404123935
LSHADE,F11,1,3495.1676197523557
LSHADE,F11,2,2362.8255593032577
LSHADE,F11,3,1731.4349143791896
LSHADE,F11,4,3557.939681334086
LSHADE,F11,5,2700.819484206675
LSHADE,F11,6,2396.069561938156
LSHADE,F11,7,5373.499212556054
LSHADE,F11,8,2242.757078975253
LSHADE,F11,9,6520.170806772405
LSHADE,F11,10,2232.264436225604
LSHADE,F11,11,2023.1602892583046
LSHADE,F11,12,1999.8773614767672
LSHADE,F11,13,4339.674255994475
LSHADE,F11,14,1718.8782339914253
LSHADE,F11,15,2647.023541771606
LSHADE,F11,16,3099.0877064942797
LSHADE,F11,17,1454.0632563963068
LSHADE,F11,18,2222.298680994525
LSHADE,F11,19,3803.021231572059
LSHADE,F11,20,2872.7717109055966
LSHADE,F11,21,3518.583096389207
LSHADE,F11,22,1626.0988802646532
LSHADE,F11,23,5112.909089375835
LSHADE,F11,24,4430.099777027573
LSHADE,F11,25,2467.218551157164
LSHADE,F11,26,4064.907071453848
LSHADE,F11,27,3466.458423422068
LSHADE,F11,28,5369.558231208701
LSHADE,F11,29,2279.1373781864304
LSHADE,F11,30,3978.8315558737677
LSHADE,F12,1,329215742.4393993
LSHADE,F12,2,594662403.7367779
LSHADE,F12,3,653032849.4964767
LSHADE,F12,4,380968135.7937756
LSHADE,F12,5,123015226.31300235
LSHADE,F12,6,174473967.427247
LSHADE,F12,7,1653952733.9817939
LSHADE,F12,8,1964158156.975842
LSHADE,F12,9,1649335140.770474
LSHADE,F12,10,1751935627.2932324
LSHADE,F12,11,665689190.7986654
LSHADE,F12,12,2313996315.417792
LSHADE,F12,13,1344594540.6012414
LSHADE,F12,14,1440053238.9816818
LSHADE,F12,15,466458790.4874637
LSHADE,F12,16,1399501287.5766563
LSHADE,F12,17,637415082.2059069
LSHADE,F12,18,2386080764.6019564
LSHADE,F12,19,2271873658.1963162
LSHADE,F12,20,1375974298.4412458
LSHADE,F12,21,271749125.3739203
LSHADE,F12,22,33926878.97644795
LSHADE,F12,23,2337354275.560954
LSHADE,F12,24,1220696371.86057
LSHADE,F12,25,392465812.20549965
LSHADE,F12,26,951863803.8214976
LSHADE,F12,27,305838820.5341586
LSHADE,F12,28,1200116154.3613117
LSHADE,F12,29,826974619.4726672
LSHADE,F12,30,681807216.6556818
LSHADE,F13,1,404852567.88985306
LSHADE,F13,2,130764169.27115878
LSHADE,F13,3,167877689.0416497
LSHADE,F13,4,9562146.246528469
LSHADE,F13,5,191419362.73699728
LSHADE,F13,6,14872321.723917518
LSHADE,F13,7,28600300.387607478
LSHADE,F13,8,239360.04584204487
LSHADE,F13,9,6499575.145529286
LSHADE,F13,10,88801638.17766196
LSHADE,F13,11,97014264.10346942
LSHADE,F13,12,45236743.87164941
LSHADE,F13,13,2008753.4836447611
LSHADE,F13,14,52042395.847068295
LSHADE,F13,15,438840097.2160064
LSHADE,F13,16,2568821.6195227136
LSHADE,F13,17,162771790.3439167
LSHADE,F13,18,172102800.30882978
LSHADE,F13,19,491251564.4173222
LSHADE,F13,20,89604579.2916514
LSHADE,F13,21,530421376.15163964
LSHADE,F13,22,78304970.19148608
LSHADE,F13,23,416399884.51488584
LSHADE,F13,24,41201648.33412717
LSHADE,F13,25,382462495.18737996
LSHADE,F13,26,198812183.05505398
LSHADE,F13,27,22482104.25866061
LSHADE,F13,28,22118713.196041666
LSHADE,F13,29,321181164.5200482
LSHADE,F13,30,6176837.185681591
LSHADE,F14,1,56047.84908729758
LSHADE,F14,2,206570.68933223037
LSHADE,F14,3,258899.8722184228
LSHADE,F14,4,28216.615350314616
LSHADE,F14,5,36441.50882193704
LSHADE,F14,6,830683.6462867385
LSHADE,F14,7,185970.39143089493
LSHADE,F14,8,263291.2514200084
LSHADE,F14,9,288546.558524367
LSHADE,F14,10,221601.7401582704
LSHADE,F14,11,40481.79550894428
LSHADE,F14,12,285205.2243543614
LSHADE,F14,13,169828.5422375047
LSHADE,F14,14,108635.2198947603
LSHADE,F14,15,34003.49748267622
LSHADE,F14,16,278931.98084572854
LSHADE,F14,17,9434.490601632366
LSHADE,F14,18,88083.95631851425
LSHADE,F14,19,93553.94343857576
LSHADE,F14,20,295997.8902784839
LSHADE,F14,21,72193.52090847323
LSHADE,F14,22,9525.135709413118
LSHADE,F14,23,64534.848297153716
LSHADE,F14,24,112261.39570280614
LSHADE,F14,25,62105.42275436532
LSHADE,F14,26,263448.6724774098
LSHADE,F14,27,174605.05391459377
LSHADE,F14,28,220882.05737489555
LSHADE,F14,29,218090.57576788546
LSHADE,F14,30,173002.19496088524
LSHADE,F15,1,3859461.6145871026
LSHADE,F15,2,13193.955398508244
LSHADE,F15,3,57230.86145140507
LSHADE,F15,4,577961.1980843677
LSHADE,F15,5,15452084.726868093
LSHADE,F15,6,34913818.68164178
LSHADE,F15,7,35257.48284103722
LSHADE,F15,8,112701.88726726056
LSHADE,F15,9,241963.6573180268
LSHADE,F15,10,950398.4368749075
LSHADE,F15,11,3761286.7033417514
LSHADE,F15,12,167878.51796057966
LSHADE,F15,13,4861251.677933542
LSHADE,F15,14,9697215.20718619
LSHADE,F15,15,3540221.0067790197
LSHADE,F15,16,2449385.6322270697
LSHADE,F15,17,5395551.375832551
LSHADE,F15,18,1170357.6347101335
LSHADE,F15,19,1980131.8008205236
LSHADE,F15,20,1860943.2725965711
LSHADE,F15,21,31997457.316850588
LSHADE,F15,22,1400382.4165974658
LSHADE,F15,23,1514902.7093221103
LSHADE,F15,24,144507.90736713013
LSHADE,F15,25,119774.42571720225
LSHADE,F15,26,6461349.7358228415
LSHADE,F15,27,8258080.483123722
LSHADE,F15,28,435493.63537283806
LSHADE,F15,29,17360916.10263876
LSHADE,F15,30,5018474.930447242
LSHADE,F16,1,3181.4511662288
LSHADE,F16,2,3984.4496236694645
LSHADE,F16,3,3869.724039745297
LSHADE,F16,4,3522.102606626265
LSHADE,F16,5,3535.8911538492007
LSHADE,F16,6,3480.2565690178108
LSHADE,F16,7,3772.9508269737394
LSHADE,F16,8,2938.8256019575074
LSHADE,F16,9,4047.220035690545
LSHADE,F16,10,3977.321819851247
LSHADE,F16,11,3231.111090733956
LSHADE,F16,12,3723.8525509930273
LSHADE,F16,13,3835.6206612230335
LSHADE,F16,14,3822.1828024518554
LSHADE,F16,15,3317.200142702404
LSHADE,F16,16,3116.567736352881
LSHADE,F16,17,3388.4814044221393
LSHADE,F16,18,3683.472253184792
LSHADE,F16,19,3180.876072595528
LSHADE,F16,20,3671.711869359571
LSHADE,F16,21,3591.7768706547217
LSHADE,F16,22,4122.6848987959875
LSHADE,F16,23,3038.069152820105
LSHADE,F16,24,3898.2575672252997
LSHADE,F16,25,3683.231224405865
LSHADE,F16,26,3092.8882103270153
LSHADE,F16,27,3270.5606010591855
LSHADE,F16,28,3396.9528170222875
LSHADE,F16,29,3621.1479640962475
LSHADE,F16,30,3929.945978093242
LSHADE,F17,1,2696.114210571587
LSHADE,F17,2,2531.725179556339
LSHADE,F17,3,2177.1780171050796
LSHADE,F17,4,2382.4466776851614
LSHADE,F17,5,2496.432076492841
LSHADE,F17,6,2337.6013688371418
LSHADE,F17,7,2599.3246620691784
LSHADE,F17,8,2637.2676135290267
LSHADE,F17,9,2358.051989146513
LSHADE,F17,10,2523.2046121248095
LSHADE,F17,11,2688.880747383426
LSHADE,F17,12,2286.187972117299
LSHADE,F17,13,2522.958179531358
LSHADE,F17,14,2588.3379498166396
LSHADE,F17,15,2424.300937958039
LSHADE,F17,16,2657.30707980926
LSHADE,F17,17,2627.8386000105393
LSHADE,F17,18,2167.1298033487874
LSHADE,F17,19,2355.321471799696
LSHADE,F17,20,2502.2762407170108
LSHADE,F17,21,2427.2455275789453
LSHADE,F17,22,2657.985347062655
LSHADE,F17,23,2487.8264339613033
LSHADE,F17,24,2766.0549438403486
LSHADE,F17,25,2676.321834714294
LSHADE,F17,26,2602.1670960195956
LSHADE,F17,27,2344.212340834987
LSHADE,F17,28,2258.8778641057115
LSHADE,F17,29,2351.9169713833426
LSHADE,F17,30,2537.5564021255236
LSHADE,F18,1,818625.4865474922
LSHADE,F18,2,2837521.483980508
LSHADE,F18,3,944564.1464015143
LSHADE,F18,4,87755.06271799306
LSHADE,F18,5,338038.9348375202
LSHADE,F18,6,547725.7293248756
LSHADE,F18,7,3241352.8248977335
LSHADE,F18,8,267565.3238519046
LSHADE,F18,9,368376.41692980495
LSHADE,F18,10,71307.17145263377
LSHADE,F18,11,1650761.4511496606
LSHADE,F18,12,628412.1903873954
LSHADE,F18,13,155806.0560908605
LSHADE,F18,14,3673151.338473139
LSHADE,F18,15,1066403.2870276547
LSHADE,F18,16,4804170.693087779
LSHADE,F18,17,233870.182995071
LSHADE,F18,18,1043591.7984338806
LSHADE,F18,19,235903.82527347567
LSHADE,F18,20,4395371.712489462
LSHADE,F18,21,245724.74090960843
LSHADE,F18,22,74832.04457679042
LSHADE,F18,23,352121.721440998
LSHADE,F18,24,2530017.9562604884
LSHADE,F18,25,1506022.8351369828
LSHADE,F18,26,183803.0791185706
LSHADE,F18,27,2087314.8086821083
LSHADE,F18,28,987186.4610928586
LSHADE,F18,29,1199442.2309581735
LSHADE,F18,30,814917.7195457774
LSHADE,F19,1,219284.85501283436
LSHADE,F19,2,5587274.199600077
LSHADE,F19,3,17642764.0166701
LSHADE,F19,4,3131604.5280363113
LSHADE,F19,5,276926.47299089003
LSHADE,F19,6,36957281.740497194
LSHADE,F19,7,39094.951270898506
LSHADE,F19,8,18661482.371434752
LSHADE,F19,9,13031329.80051725
LSHADE,F19,10,1156601.5636559348
LSHADE,F19,11,20696532.043443654
LSHADE,F19,12,26349917.04264258
LSHADE,F19,13,3880244.2245757277
LSHADE,F19,14,12348037.60371095
LSHADE,F19,15,1086580.9616286294
LSHADE,F19,16,11990088.228737421
LSHADE,F19,17,591804.0035045597
LSHADE,F19,18,20378236.742361873
LSHADE,F19,19,5424179.014014085
LSHADE,F19,20,978074.020599787
LSHADE,F19,21,2025959.8602510998
LSHADE,F19,22,36865267.456775464
LSHADE,F19,23,17673748.959729988
LSHADE,F19,24,43900770.67985021
LSHADE,F19,25,20770249.45069016
LSHADE,F19,26,2499421.1511123357
LSHADE,F19,27,5435756.061405609
LSHADE,F19,28,48776.97485294429
LSHADE,F19,29,16297589.070281897
LSHADE,F19,30,3097564.041497922
LSHADE,F20,1,2428.0716914458253
LSHADE,F20,2,2984.9269463432943
LSHADE,F20,3,2760.4165090379793
LSHADE,F20,4,2523.0799413771374
LSHADE,F20,5,2828.443022934848
LSHADE,F20,6,2615.9234317823825
LSHADE,F20,7,2881.976576551174
LSHADE,F20,8,2634.974393620051
LSHADE,F20,9,2771.787951109613
LSHADE,F20,10,2677.8386096753384
LSHADE,F20,11,2668.88343302046
LSHADE,F20,12,2841.654841855542
LSHADE,F20,13,2557.639007813722
LSHADE,F20,14,2885.8668992271623
LSHADE,F20,15,2667.3164461421225
LSHADE,F20,16,2572.3015380550905
LSHADE,F20,17,2874.6862095629826
LSHADE,F20,18,2926.495479299418
LSHADE,F20,19,2631.3981193669943
LSHADE,F20,20,2809.894267062973
LSHADE,F20,21,2597.076206431197
LSHADE,F20,22,2899.3946198490517
LSHADE,F20,23,2772.7896496971775
LSHADE,F20,24,2624.3952438620463
LSHADE,F20,25,2657.5240315360734
LSHADE,F20,26,2411.5274654769205
LSHADE,F20,27,2699.484528659652
LSHADE,F20,28,2623.5668173965714
LSHADE,F20,29,2917.9713854075385
LSHADE,F20,30,2746.1621046762475
LSHADE,F21,1,2493.0527806500113
LSHADE,F21,2,2559.6703119336225
LSHADE,F21,3,2528.5910881817526
LSHADE,F21,4,2560.3156912749355
LSHADE,F21,5,2577.6437680586146
LSHADE,F21,6,2585.736108926091
LSHADE,F21,7,2547.3046085117085
LSHADE,F21,8,2556.8055141898917
LSHADE,F21,9,2569.423402736467
LSHADE,F21,10,2535.549926355538
LSHADE,F21,11,2568.362931276063
LSHADE,F21,12,2592.389095741432
LSHADE,F21,13,2562.289836946572
LSHADE,F21,14,2622.292293958877
LSHADE,F21,15,2539.8188263910665
LSHADE,F21,16,2585.4158610733302
LSHADE,F21,17,2554.8027561412546
LSHADE,F21,18,2588.1732989198267
LSHADE,F21,19,2590.460403301016
LSHADE,F21,20,2554.8684353973617
LSHADE,F21,21,2483.9714399307795
LSHADE,F21,22,2520.859394028096
LSHADE,F21,23,2544.873671870145
LSHADE,F21,24,2580.640171464913
LSHADE,F21,25,2616.269946825747
LSHADE,F21,26,2481.082822604449
LSHADE,F21,27,2542.7010066196067
LSHADE,F21,28,2589.178192382341
LSHADE,F21,29,2540.057019675023
LSHADE,F21,30,2540.719454925781
LSHADE,F22,1,7594.839054552784
LSHADE,F22,2,3430.5733491680658
LSHADE,F22,3,3077.0209346897873
LSHADE,F22,4,3750.0938654838383
LSHADE,F22,5,5971.269781714822
LSHADE,F22,6,3707.3773698573605
LSHADE,F22,7,4568.511219494631
LSHADE,F22,8,6775.518470220704
LSHADE,F22,9,3329.935773983486
LSHADE,F22,10,3815.942050215646
LSHADE,F22,11,6853.992314363923
LSHADE,F22,12,4768.548131814071
LSHADE,F22,13,5451.832025167503
LSHADE,F22,14,5385.539706291903
LSHADE,F22,15,3732.3807538666792
LSHADE,F22,16,4548.912337719336
LSHADE,F22,17,6854.401881881101
LSHADE,F22,18,5453.664477048177
LSHADE,F22,19,3301.361109750873
LSHADE,F22,20,5326.797828552361
LSHADE,F22,21,3528.244046303589
LSHADE,F22,22,2927.429750731501
LSHADE,F22,23,4754.092768704377
LSHADE,F22,24,2966.0000609686394
LSHADE,F22,25,6761.926416749317
LSHADE,F22,26,7535.925771322798
LSHADE,F22,27,3925.150216887507
LSHADE,F22,28,5641.157416291186
LSHADE,F22,29,4088.087055515621
LSHADE,F22,30,3648.2324233631994
LSHADE,F23,1,3012.28327944022
LSHADE,F23,2,2949.7257191217022
LSHADE,F23,3,3057.673331057386
LSHADE,F23,4,3030.1860519267007
LSHADE,F23,5,3023.5135016683435
LSHADE,F23,6,3002.7065422068627
LSHADE,F23,7,2916.3087640742365
LSHADE,F23,8,2961.7446347468467
LSHADE,F23,9,3052.7594618687576
LSHADE,F23,10,2927.2668997353626
LSHADE,F23,11,3007.7324324468846
LSHADE,F23,12,2937.299774107724
LSHADE,F23,13,3005.55809175149
LSHADE,F23,14,3048.135583121061
LSHADE,F23,15,2884.9596677668696
LSHADE,F23,16,3083.743604210906
LSHADE,F23,17,3069.3307424278073
LSHADE,F23,18,3038.4350337571404
LSHADE,F23,19,2994.787723847558
LSHADE,F23,20,2985.4587662519098
LSHADE,F23,21,2946.760067772443
LSHADE,F23,22,3006.3144637396567
LSHADE,F23,23,3039.072689426139
LSHADE,F23,24,2950.5452669215097
LSHADE,F23,25,3070.950553166319
LSHADE,F23,26,2977.2223423096643
LSHADE,F23,27,2947.6171907831986
LSHADE,F23,28,2938.974135618998
LSHADE,F23,29,3022.0804049612925
LSHADE,F23,30,2877.071610345978
LSHADE,F24,1,3104.163519532275
LSHADE,F24,2,3218.7431633279753
LSHADE,F24,3,3122.4731780371512
LSHADE,F24,4,3183.1459168457027
LSHADE,F24,5,3199.621487502616
LSHADE,F24,6,3166.3327582723723
LSHADE,F24,7,3132.5037594447585
LSHADE,F24,8,3208.3882325140494
LSHADE,F24,9,3105.919515773396
LSHADE,F24,10,3090.7174282154747
LSHADE,F24,11,3108.874670823887
LSHADE,F24,12,3158.7379705277644
LSHADE,F24,13,3160.147260937064
LSHADE,F24,14,3153.4798674259537
LSHADE,F24,15,3184.949621097727
LSHADE,F24,16,3136.5363274130045
LSHADE,F24,17,3195.1324967320434
LSHADE,F24,18,3122.796836288148
LSHADE,F24,19,3167.239440215333
LSHADE,F24,20,3184.354198897873
LSHADE,F24,21,3216.997752399964
LSHADE,F24,22,3134.3446576977803
LSHADE,F24,23,3206.550407036714
LSHADE,F24,24,3162.3332594856965
LSHADE,F24,25,3202.748368920097
LSHADE,F24,26,3174.511238441818
LSHADE,F24,27,3136.6084162550997
LSHADE,F24,28,3113.647669307058
LSHADE,F24,29,3097.985923847929
LSHADE,F24,30,3199.735116653986
LSHADE,F25,1,3588.6810726685226
LSHADE,F25,2,3443.5445068008744
LSHADE,F25,3,3771.000831108826
LSHADE,F25,4,3770.2001234320196
LSHADE,F25,5,3486.2268948799638
LSHADE,F25,6,3832.351993649584
LSHADE,F25,7,3805.229147368188
LSHADE,F25,8,3453.53039340251
LSHADE,F25,9,3301.5462743096878
LSHADE,F25,10,3312.500694019229
LSHADE,F25,11,3807.065923423046
LSHADE,F25,12,3802.779192422523
LSHADE,F25,13,3136.597089303761
LSHADE,F25,14,3754.540863000101
LSHADE,F25,15,3643.9714616350757
LSHADE,F25,16,3539.5543655396777
LSHADE,F25,17,4113.6241596301115
LSHADE,F25,18,3827.7952178699115
LSHADE,F25,19,3531.8166061647353
LSHADE,F25,20,3489.871991272173
LSHADE,F25,21,3245.577959073473
LSHADE,F25,22,3315.161876946526
LSHADE,F25,23,3531.384416850722
LSHADE,F25,24,3703.566532173354
LSHADE,F25,25,3235.897278080093
LSHADE,F25,26,3437.9888428913646
LSHADE,F25,27,3875.365208906263
LSHADE,F25,28,3363.525126907499
LSHADE,F25,29,3695.882680015141
LSHADE,F25,30,3740.122643032506
LSHADE,F26,1,7390.035898564248
LSHADE,F26,2,7410.3143025539775
LSHADE,F26,3,7464.312166860405
LSHADE,F26,4,7024.81803106284
LSHADE,F26,5,7373.927636846518
LSHADE,F26,6,7974.939827360369
LSHADE,F26,7,7033.066098829853
LSHADE,F26,8,7699.3084680353
LSHADE,F26,9,7880.413770059451
LSHADE,F26,10,7313.052521598854
LSHADE,F26,11,7814.1138556442165
LSHADE,F26,12,7246.575750277998
LSHADE,F26,13,7035.309792994796
LSHADE,F26,14,8152.457802249925
LSHADE,F26,15,6398.787876701868
LSHADE,F26,16,7577.273219281813
LSHADE,F26,17,6347.728845356628
LSHADE,F26,18,7653.250031844188
LSHADE,F26,19,7115.300662885429
LSHADE,F26,20,7498.193077034197
LSHADE,F26,21,7076.519337605049
LSHADE,F26,22,6787.185405031242
LSHADE,F26,23,7391.569551764817
LSHADE,F26,24,7409.616463258657
LSHADE,F26,25,7715.291697468209
LSHADE,F26,26,7143.962051130979
LSHADE,F26,27,6812.674794506549
LSHADE,F26,28,6907.940151229962
LSHADE,F26,29,6910.430445345698
LSHADE,F26,30,6750.354035726072
LSHADE,F27,1,3450.382448443261
LSHADE,F27,2,3368.8512723456925
LSHADE,F27,3,3356.3783763213632
LSHADE,F27,4,3448.772315721596
LSHADE,F27,5,3480.137111933859
LSHADE,F27,6,3524.996907015179
LSHADE,F27,7,3443.0408733527743
LSHADE,F27,8,3484.0532109074456
LSHADE,F27,9,3420.6773154685125
LSHADE,F27,10,3488.8431926677613
LSHADE,F27,11,3424.714560082292
LSHADE,F27,12,3484.7652509785385
LSHADE,F27,13,3478.6261340367773
LSHADE,F27,14,3456.6215231833157
LSHADE,F27,15,3331.3211527253707
LSHADE,F27,16,3454.678650485545
LSHADE,F27,17,3536.649127325565
LSHADE,F27,18,3450.64242880171
LSHADE,F27,19,3333.305009664551
LSHADE,F27,20,3293.581073162546
LSHADE,F27,21,3310.7014101459986
LSHADE,F27,22,3311.039856810048
LSHADE,F27,23,3495.7434593906473
LSHADE,F27,24,3433.416676518674
LSHADE,F27,25,3621.5359104280587
LSHADE,F27,26,3603.4591581873015
LSHADE,F27,27,3475.788828424719
LSHADE,F27,28,3475.1261915668574
LSHADE,F27,29,3389.778564296335
LSHADE,F27,30,3344.5460588752157
LSHADE,F28,1,4295.7448199555165
LSHADE,F28,2,4675.839951777799
LSHADE,F28,3,4366.656881307806
LSHADE,F28,4,4474.165771713677
LSHADE,F28,5,4701.60128287934
LSHADE,F28,6,4849.880882134571
LSHADE,F28,7,4115.992697800846
LSHADE,F28,8,3882.9645564757566
LSHADE,F28,9,4179.831250019145
LSHADE,F28,10,4441.54291504762
LSHADE,F28,11,4057.9067499286875
LSHADE,F28,12,4096.1300985206335
LSHADE,F28,13,3770.955179306885
LSHADE,F28,14,4265.485772108678
LSHADE,F28,15,3863.4944438890775
LSHADE,F28,16,3584.712802089399
LSHADE,F28,17,4429.033179452698
LSHADE,F28,18,3918.751684594111
LSHADE,F28,19,4684.396043990338
LSHADE,F28,20,4956.476393235482
LSHADE,F28,21,4092.768752931629
LSHADE,F28,22,3935.8837966940996
LSHADE,F28,23,4697.993757529878
LSHADE,F28,24,4723.37474415172
LSHADE,F28,25,3724.565029456636
LSHADE,F28,26,4788.993916997673
LSHADE,F28,27,3693.0247422171647
LSHADE,F28,28,3617.714063693641
LSHADE,F28,29,4275.4793243802615
LSHADE,F28,30,3898.1546342165866
LSHADE,F29,1,4549.148973927456
LSHADE,F29,2,5033.182816398374
LSHADE,F29,3,4365.139155108918
LSHADE,F29,4,5230.41219371152
LSHADE,F29,5,4945.6294391237825
LSHADE,F29,6,4458.145103463934
LSHADE,F29,7,4193.31390783395
LSHADE,F29,8,4427.5739461892335
LSHADE,F29,9,4659.47972801643
LSHADE,F29,10,4962.248959779291
LSHADE,F29,11,5014.2595595126895
LSHADE,F29,12,4811.907918043602
LSHADE,F29,13,4577.943406425427
LSHADE,F29,14,5125.2362580393055
LSHADE,F29,15,5024.80301724972
LSHADE,F29,16,5300.301448076034
LSHADE,F29,17,4813.294658484072
LSHADE,F29,18,4888.808179248547
LSHADE,F29,19,4479.561090016202
LSHADE,F29,20,4653.231116094611
LSHADE,F29,21,4972.576778784179
LSHADE,F29,22,4897.746545395574
LSHADE,F29,23,4820.144985361394
LSHADE,F29,24,4337.182743380661
LSHADE,F29,25,4776.555377342898
LSHADE,F29,26,4235.452468275118
LSHADE,F29,27,4650.87091373926
LSHADE,F29,28,4781.11238842426
LSHADE,F29,29,4837.2995114183395
LSHADE,F29,30,4424.7888730149425
LSHADE,F30,1,9722334.867803361
LSHADE,F30,2,7265101.7258856185
LSHADE,F30,3,17508789.514843956
LSHADE,F30,4,7677241.663424554
LSHADE,F30,5,20628357.564886898
LSHADE,F30,6,14765844.065352082
LSHADE,F30,7,23332795.059471913
LSHADE,F30,8,20994173.96320112
LSHADE,F30,9,32620128.76452647
LSHADE,F30,10,4064948.949666919
LSHADE,F30,11,15050634.281783216
LSHADE,F30,12,27981948.46321839
LSHADE,F30,13,3777366.8149498547
LSHADE,F30,14,15537540.33907777
LSHADE,F30,15,18675711.253081083
LSHADE,F30,16,3754908.603841374
LSHADE,F30,17,8830289.773516785
LSHADE,F30,18,18793777.697995424
LSHADE,F30,19,10671238.77112947
LSHADE,F30,20,18715182.575013638
LSHADE,F30,21,11486673.736962363
LSHADE,F30,22,14127523.653499108
LSHADE,F30,23,11522861.417526834
LSHADE,F30,24,63863513.53933499
LSHADE,F30,25,5519182.677988106
LSHADE,F30,26,45775611.69595756
LSHADE,F30,27,18745228.002055112
LSHADE,F30,28,15731277.311703518
LSHADE,F30,29,44349358.2647382
LSHADE,F30,30,25674347.388653338
jSO,F1,1,18863096.229295995
jSO,F1,2,602234.0653995338
jSO,F1,3,5115594.619529192
jSO,F1,4,6002632.133788398
jSO,F1,5,726274.6955642875
jSO,F1,6,3751488.9713105094
jSO,F1,7,1220474.8317897588
jSO,F1,8,2996901.2229389786
jSO,F1,9,1665844.475355869
jSO,F1,10,22689007.706784364
jSO,F1,11,1474178.4235974536
jSO,F1,12,2570751.1005513626
jSO,F1,13,4377536.314656102
jSO,F1,14,2794030.3568371246
jSO,F1,15,288721.81111112295
jSO,F1,16,1862023.3204609104
jSO,F1,17,7228324.823926946
jSO,F1,18,2140332.7815962993
jSO,F1,19,2795662.5881622024
jSO,F1,20,494885.8599985019
jSO,F1,21,2790199.2255402775
jSO,F1,22,13610811.044602694
jSO,F1,23,43285932.76933709
jSO,F1,24,2408001.4941438683
jSO,F1,25,11988911.027649019
jSO,F1,26,3176591.777238919
jSO,F1,27,1259485.8656340935
jSO,F1,28,1053158.3390846096
jSO,F1,29,1952339.4148101453
jSO,F1,30,3343800.208889266
jSO,F3,1,24147.13600198903
jSO,F3,2,89154.20280160788
jSO,F3,3,14436.392072213806
jSO,F3,4,17118.06221953453
jSO,F3,5,111481.07505565179
jSO,F3,6,7125.148312050802
jSO,F3,7,74099.03660881496
jSO,F3,8,9547.861835035304
jSO,F3,9,10367.839423079542
jSO,F3,10,104638.85142557128
jSO,F3,11,20566.557948783095
jSO,F3,12,13329.15715250316
jSO,F3,13,3588.014219839051
jSO,F3,14,90149.14188852475
jSO,F3,15,15853.665111262473
jSO,F3,16,12537.98537637584
jSO,F3,17,9859.128482216713
jSO,F3,18,89941.81481547373
jSO,F3,19,20642.72468320812
jSO,F3,20,96290.78641068054
jSO,F3,21,81322.21200834838
jSO,F3,22,95850.87898542009
jSO,F3,23,90517.96115504978
jSO,F3,24,114824.59325318626
jSO,F3,25,109460.95385208023
jSO,F3,26,128703.03532092029
jSO,F3,27,11432.173752940653
jSO,F3,28,102140.85523978873
jSO,F3,29,16229.104275555888
jSO,F3,30,112120.14260029835
jSO,F4,1,518.5521774081958
jSO,F4,2,492.25948614616624
jSO,F4,3,498.4041547067246
jSO,F4,4,519.9039134960999
jSO,F4,5,494.47472301420385
jSO,F4,6,497.63028410730965
jSO,F4,7,501.0997431025389
jSO,F4,8,519.7850972846486
jSO,F4,9,494.53801725260183
jSO,F4,10,525.8505921459657
jSO,F4,11,491.5652879314208
jSO,F4,12,493.0953654255229
jSO,F4,13,492.51848007555856
jSO,F4,14,518.544353499581
jSO,F4,15,517.3350059547539
jSO,F4,16,521.926419107097
jSO,F4,17,521.1922925773664
jSO,F4,18,519.4060863937623
jSO,F4,19,497.4420714378632
jSO,F4,20,483.2073825095295
jSO,F4,21,445.2418306232035
jSO,F4,22,557.5104092514284
jSO,F4,23,495.3099277473473
jSO,F4,24,522.6058250679715
jSO,F4,25,530.2067132147661
jSO,F4,26,502.66778373137817
jSO,F4,27,532.2265972932057
jSO,F4,28,523.2156613037339
jSO,F4,29,502.6062999605111
jSO,F4,30,517.8273459129508
jSO,F5,1,629.926317629901
jSO,F5,2,612.698296626328
jSO,F5,3,588.3104893058068
jSO,F5,4,609.840833232761
jSO,F5,5,600.8835571749943
jSO,F5,6,626.7094500271899
jSO,F5,7,635.7756741864039
jSO,F5,8,622.4088286839924
jSO,F5,9,581.6831201251091
jSO,F5,10,655.6080330096679
jSO,F5,11,634.4102024884731
jSO,F5,12,608.8958407153356
jSO,F5,13,604.1741808847651
jSO,F5,14,640.458771265557
jSO,F5,15,602.6684356194515
jSO,F5,16,616.0469268008351
jSO,F5,17,611.362240743317
jSO,F5,18,632.7841845465358
jSO,F5,19,626.3611076421442
jSO,F5,20,618.1302884219396
jSO,F5,21,610.8000375429622
jSO,F5,22,610.5811692465426
jSO,F5,23,643.5274794150088
jSO,F5,24,623.9809676545399
jSO,F5,25,614.350320603815
jSO,F5,26,698.1790804807082
jSO,F5,27,617.3123297190804
jSO,F5,28,579.1459568610076
jSO,F5,29,639.9559684858581
jSO,F5,30,607.2132580212789
jSO,F6,1,603.7634439022652
jSO,F6,2,602.8276807163787
jSO,F6,3,604.3631657696152
jSO,F6,4,602.8985985028403
jSO,F6,5,602.7438409660311
jSO,F6,6,602.9035753005081
jSO,F6,7,601.8298670398741
jSO,F6,8,602.8526659826103
jSO,F6,9,604.1409946736062
jSO,F6,10,601.697961202447
jSO,F6,11,601.4316476134838
jSO,F6,12,604.5800237987179
jSO,F6,13,602.3895428516641
jSO,F6,14,603.8893197625838
jSO,F6,15,602.7281349657256
jSO,F6,16,602.1076080374651
jSO,F6,17,604.2535411234167
jSO,F6,18,604.122220125086
jSO,F6,19,603.8855327113848
jSO,F6,20,606.717887788447
jSO,F6,21,602.9307589018084
jSO,F6,22,604.6737529705129
jSO,F6,23,603.1900850091384
jSO,F6,24,603.7316662633434
jSO,F6,25,602.279012109235
jSO,F6,26,603.0967013957923
jSO,F6,27,602.2274629640966
jSO,F6,28,601.3175502723386
jSO,F6,29,602.5867479934464
jSO,F6,30,603.9200155779328
jSO,F7,1,865.3758112673079
jSO,F7,2,929.1318137611939
jSO,F7,3,895.4400855357294
jSO,F7,4,885.8650186170453
jSO,F7,5,857.1363451686441
jSO,F7,6,866.2687504132787
jSO,F7,7,846.6629679819803
jSO,F7,8,866.4053117209876
jSO,F7,9,898.8677377007475
jSO,F7,10,860.8378419359603
jSO,F7,11,915.9883446254379
jSO,F7,12,878.1064812556365
jSO,F7,13,899.3251887184321
jSO,F7,14,872.686916304315
jSO,F7,15,820.6393200036873
jSO,F7,16,840.0567233551988
jSO,F7,17,893.4844992375395
jSO,F7,18,871.6014793848806
jSO,F7,19,834.0316003243516
jSO,F7,20,885.3807897840336
jSO,F7,21,847.939360455277
jSO,F7,22,863.4493137159105
jSO,F7,23,894.0776247393658
jSO,F7,24,894.0095347730878
jSO,F7,25,874.2955729520365
jSO,F7,26,887.8871904381613
jSO,F7,27,885.950811969481
jSO,F7,28,905.3104331899615
jSO,F7,29,881.8154704940195
jSO,F7,30,909.0636013187376
jSO,F8,1,923.2340449064558
jSO,F8,2,904.3972273595065
jSO,F8,3,926.8027249782147
jSO,F8,4,896.3528183039551
jSO,F8,5,887.6675874957217
jSO,F8,6,905.5658567107071
jSO,F8,7,907.1287026905806
jSO,F8,8,910.2037909967031
jSO,F8,9,932.8532859893849
jSO,F8,10,926.5654385580742
jSO,F8,11,917.9876996836086
jSO,F8,12,901.4493072296066
jSO,F8,13,907.7163414742199
jSO,F8,14,909.7657884271047
jSO,F8,15,872.1473055566835
jSO,F8,16,910.0003309499886
jSO,F8,17,887.0775013929899
jSO,F8,18,898.9568625108358
jSO,F8,19,923.2490492325334
jSO,F8,20,888.7324622018548
jSO,F8,21,916.7952423615571
jSO,F8,22,903.5605243257052
jSO,F8,23,871.8163688061989
jSO,F8,24,890.3684571921348
jSO,F8,25,916.1226913381707
jSO,F8,26,906.2693191602689
jSO,F8,27,905.5966335878423
jSO,F8,28,901.7654854181593
jSO,F8,29,895.4845884379125
jSO,F8,30,908.3282101698983
jSO,F9,1,1262.7758746323307
jSO,F9,2,2091.1220576541627
jSO,F9,3,1673.2031050963865
jSO,F9,4,1336.404643764065
jSO,F9,5,1608.0688921560945
jSO,F9,6,2333.9711783651874
jSO,F9,7,1621.0842095866547
jSO,F9,8,1438.0538609068126
jSO,F9,9,1975.588386921913
jSO,F9,10,990.2821823319908
jSO,F9,11,2073.1399944460572
jSO,F9,12,2283.931152772717
jSO,F9,13,1679.6655949364563
jSO,F9,14,1618.674634859378
jSO,F9,15,1486.028223631298
jSO,F9,16,1992.0540195078634
jSO,F9,17,1439.2335245809036
jSO,F9,18,2348.4373954889197
jSO,F9,19,2247.035060512282
jSO,F9,20,2122.466535512898
jSO,F9,21,1261.7725741344614
jSO,F9,22,1494.7397885975975
jSO,F9,23,1800.8859510496354
jSO,F9,24,2074.433286269971
jSO,F9,25,2096.897695154969
jSO,F9,26,1092.057175078988
jSO,F9,27,1879.5687315640716
jSO,F9,28,1696.5535710014374
jSO,F9,29,2420.775679908412
jSO,F9,30,2714.540786421748
jSO,F10,1,5387.573785754882
jSO,F10,2,5090.120675585533
jSO,F10,3,4576.454099283756
jSO,F10,4,4725.178069660544
jSO,F10,5,5091.581120999739
jSO,F10,6,5131.736053342362
jSO,F10,7,4778.674442481395
jSO,F10,8,5005.729943698658
jSO,F10,9,5165.3310660705665
jSO,F10,10,5142.338738604714
jSO,F10,11,4842.993917215143
jSO,F10,12,5281.369504684802
jSO,F10,13,4593.102184929046
jSO,F10,14,5117.946242738286
jSO,F10,15,4723.446429226835
jSO,F10,16,5541.222733625921
jSO,F10,17,5170.090520970729
jSO,F10,18,5327.936789059886
jSO,F10,19,5312.417591412788
jSO,F10,20,5138.1736968231235
jSO,F10,21,4669.387344013025
jSO,F10,22,5047.698408373939
jSO,F10,23,4863.269594792202
jSO,F10,24,4419.94088471143
jSO,F10,25,5226.225265220741
jSO,F10,26,5079.187041111281
jSO,F10,27,5050.138136195983
jSO,F10,28,5091.558731064664
jSO,F10,29,5195.987543817722
jSO,F10,30,4574.641847015651
jSO,F11,1,1268.4140532362653
jSO,F11,2,1242.2452841190784
jSO,F11,3,1239.0526292688087
jSO,F11,4,1275.9621805046306
jSO,F11,5,1263.124483276021
jSO,F11,6,1277.5224806909664
jSO,F11,7,1517.2875513756394
jSO,F11,8,1225.783368145103
jSO,F11,9,1237.376091271836
jSO,F11,10,1194.867553492878
jSO,F11,11,1223.7924403506672
jSO,F11,12,1239.5593531858826
jSO,F11,13,1158.3042396049664
jSO,F11,14,1230.9349247987798
jSO,F11,15,1289.6271615860055
jSO,F11,16,1262.2597565044166
jSO,F11,17,1253.6490433795311
jSO,F11,18,1203.826967862571
jSO,F11,19,1210.033429121438
jSO,F11,20,1300.2940668158285
jSO,F11,21,1239.2798573349492
jSO,F11,22,1200.1220224181384
jSO,F11,23,1309.7000681741852
jSO,F11,24,1156.9326703079616
jSO,F11,25,1252.8193831790438
jSO,F11,26,1201.8241457054435
jSO,F11,27,1202.9835704605478
jSO,F11,28,1191.4736073764764
jSO,F11,29,1252.516055591916
jSO,F11,30,1257.8278799956308
jSO,F12,1,125443.8091839803
jSO,F12,2,125085.94749045465
jSO,F12,3,209272.41432960588
jSO,F12,4,641865.3042372831
jSO,F12,5,1240629.3282727182
jSO,F12,6,480225.1627631333
jSO,F12,7,691517.0766594313
jSO,F12,8,829794.6824570018
jSO,F12,9,1194638.0155463228
jSO,F12,10,440864.07849841623
jSO,F12,11,1149628.860106005
jSO,F12,12,1956046.4674577743
jSO,F12,13,303569.7901583513
jSO,F12,14,2023324.9984054721
jSO,F12,15,600965.5469305397
jSO,F12,16,1042834.8117161689
jSO,F12,17,949403.9643014714
jSO,F12,18,394971.80052146385
jSO,F12,19,167361.0159712784
jSO,F12,20,1269509.738412043
jSO,F12,21,1265577.5873564815
jSO,F12,22,251822.14916542626
jSO,F12,23,717449.4663600177
jSO,F12,24,972617.0094401726
jSO,F12,25,496080.02038727526
jSO,F12,26,1061632.8235050268
jSO,F12,27,1156014.0762155578
jSO,F12,28,571508.3633487454
jSO,F12,29,503035.37337936816
jSO,F12,30,1164269.3605670088
jSO,F13,1,26590.51222526034
jSO,F13,2,23825.422764337498
jSO,F13,3,24333.747163487453
jSO,F13,4,27306.123820878103
jSO,F13,5,9116.855120440936
jSO,F13,6,24793.98454478175
jSO,F13,7,12314.598695726685
jSO,F13,8,62093.454074254325
jSO,F13,9,45950.84621432034
jSO,F13,10,10625.457572033749
jSO,F13,11,7926.39102844471
jSO,F13,12,16493.698710056415
jSO,F13,13,12371.564297177656
jSO,F13,14,14052.182417423806
jSO,F13,15,6145.920988374926
jSO,F13,16,41153.645977112246
jSO,F13,17,17191.552246615054
jSO,F13,18,13172.702619895243
jSO,F13,19,12217.608607105045
jSO,F13,20,27320.072671415775
jSO,F13,21,15414.346099659493
jSO,F13,22,10084.388919802665
jSO,F13,23,25534.096508106737
jSO,F13,24,17236.138472686624
jSO,F13,25,10973.315230817501
jSO,F13,26,17720.99348969062
jSO,F13,27,21705.43924096806
jSO,F13,28,22555.787802989744
jSO,F13,29,9822.759961009693
jSO,F13,30,12470.433786479516
jSO,F14,1,1545.6609091303624
jSO,F14,2,83813.4396616779
jSO,F14,3,172051.96406395975
jSO,F14,4,1531.501885640319
jSO,F14,5,1721.6701102546836
jSO,F14,6,57694.22851169924
jSO,F14,7,137550.6689431486
jSO,F14,8,1575.6069712000549
jSO,F14,9,93066.59045536278
jSO,F14,10,181880.46883235575
jSO,F14,11,94032.92021505434
jSO,F14,12,1920.6657937282298
jSO,F14,13,1693.9189566372206
jSO,F14,14,171841.9659879203
jSO,F14,15,1534.7493640195287
jSO,F14,16,1535.3787799851534
jSO,F14,17,1627.2771211654492
jSO,F14,18,1494.7230280957417
jSO,F14,19,1573.4731648084612
jSO,F14,20,1640.9025465361883
jSO,F14,21,95085.42770898055
jSO,F14,22,34075.056432913174
jSO,F14,23,12527.341096442724
jSO,F14,24,1593.231960588641
jSO,F14,25,1509.544718510541
jSO,F14,26,22505.554304854064
jSO,F14,27,191401.5699269528
jSO,F14,28,1998.055321380588
jSO,F14,29,41305.59458901573
jSO,F14,30,1539.2888224716125
jSO,F15,1,3606.721947139695
jSO,F15,2,2056.4289590192116
jSO,F15,3,6146.563958118269
jSO,F15,4,4537.933853508364
jSO,F15,5,165100.527433205
jSO,F15,6,2511.2294420095077
jSO,F15,7,3109.6805950736525
jSO,F15,8,2065.9704799956044
jSO,F15,9,3249.624921118103
jSO,F15,10,2797.2088478453993
jSO,F15,11,2751.935876100093
jSO,F15,12,2426.678580562879
jSO,F15,13,2396.865954961565
jSO,F15,14,2721.192617719187
jSO,F15,15,2290.4848231856868
jSO,F15,16,2354.0076630492545
jSO,F15,17,2656.6056090850384
jSO,F15,18,2162.220213863302
jSO,F15,19,7344.604266133506
jSO,F15,20,2047.2737393331795
jSO,F15,21,2192.7919549202006
jSO,F15,22,2371.455686613881
jSO,F15,23,368951.53365601273
jSO,F15,24,4643.481046988881
jSO,F15,25,2178.581678057498
jSO,F15,26,5407.37013091574
jSO,F15,27,2617.348495513301
jSO,F15,28,3170.4001385634688
jSO,F15,29,14380.358158045607
jSO,F15,30,19259.022692398084
jSO,F16,1,2766.0370605394883
jSO,F16,2,2455.612326489395
jSO,F16,3,2587.7605317662997
jSO,F16,4,2930.1643236017717
jSO,F16,5,2968.232822829803
jSO,F16,6,2757.538443168528
jSO,F16,7,2657.494481369299
jSO,F16,8,2532.4147247473693
jSO,F16,9,2398.009528698304
jSO,F16,10,2893.9013350060823
jSO,F16,11,2462.669548709595
jSO,F16,12,2723.536284128734
jSO,F16,13,2723.078109689804
jSO,F16,14,2973.006619500874
jSO,F16,15,2445.6797437920663
jSO,F16,16,2681.2621311247312
jSO,F16,17,2139.6637449512787
jSO,F16,18,2833.8975335914497
jSO,F16,19,2838.236045553579
jSO,F16,20,2430.6743076723246
jSO,F16,21,2509.443916448665
jSO,F16,22,2591.5833056068936
jSO,F16,23,2469.4136754235797
jSO,F16,24,2703.1961261034667
jSO,F16,25,2568.9413097593188
jSO,F16,26,2839.69950740046
jSO,F16,27,2930.8851018732953
jSO,F16,28,2778.2519219844116
jSO,F16,29,2882.5072484781404
jSO,F16,30,2817.9439065840684
jSO,F17,1,2177.4729009374314
jSO,F17,2,2032.8421039704235
jSO,F17,3,2007.3709187713137
jSO,F17,4,1855.2875438337285
jSO,F17,5,2170.0044799298507
jSO,F17,6,1947.7734971683005
jSO,F17,7,1819.6647184436833
jSO,F17,8,1922.19049740145
jSO,F17,9,1921.6195212872183
jSO,F17,10,2140.6211656911782
jSO,F17,11,1841.3211326778478
jSO,F17,12,2103.724398414457
jSO,F17,13,1984.2313166333865
jSO,F17,14,1961.959894680096
jSO,F17,15,2286.3785896080144
jSO,F17,16,2006.3657823657447
jSO,F17,17,2151.331877266083
jSO,F17,18,2095.0499356883856
jSO,F17,19,2054.3771987229247
jSO,F17,20,2072.0869288663316
jSO,F17,21,2092.0788272275977
jSO,F17,22,2149.227825919848
jSO,F17,23,2164.7760068511575
jSO,F17,24,1896.2740830285409
jSO,F17,25,1970.1945037631065
jSO,F17,26,2062.0738865362177
jSO,F17,27,2140.503689794812
jSO,F17,28,1959.3970109660563
jSO,F17,29,1958.1923517262326
jSO,F17,30,1895.1656754535131
jSO,F18,1,34725.71119046216
jSO,F18,2,273159.8753079404
jSO,F18,3,370240.67096781754
jSO,F18,4,18521.424662867335
jSO,F18,5,41378.60323417979
jSO,F18,6,576579.5663471897
jSO,F18,7,45670.74873814943
jSO,F18,8,26307.244549774106
jSO,F18,9,46145.2441727049
jSO,F18,10,511311.51497876603
jSO,F18,11,29375.030002218038
jSO,F18,12,32225.1219365511
jSO,F18,13,474189.69544789835
jSO,F18,14,35090.021768777166
jSO,F18,15,11513.415971731802
jSO,F18,16,360846.60963157524
jSO,F18,17,27502.209272953187
jSO,F18,18,9154.249722723773
jSO,F18,19,384705.93292576796
jSO,F18,20,723317.6520548457
jSO,F18,21,66352.37530225182
jSO,F18,22,512926.8572391075
jSO,F18,23,70791.99669214041
jSO,F18,24,137245.5621997885
jSO,F18,25,27090.098804293786
jSO,F18,26,208144.46101483953
jSO,F18,27,17036.816063852646
jSO,F18,28,323040.640765635
jSO,F18,29,20438.94639660635
jSO,F18,30,36891.763837961145
jSO,F19,1,7426.6070624532
jSO,F19,2,5571.968833051833
jSO,F19,3,3328.423112144881
jSO,F19,4,2962.860172242157
jSO,F19,5,2037.3675137608147
jSO,F19,6,2358.374972664722
jSO,F19,7,2177.9420949533733
jSO,F19,8,2186.7858604201897
jSO,F19,9,2104.032424810711
jSO,F19,10,2857.545970435487
jSO,F19,11,3622.0668641497296
jSO,F19,12,2168.6692911376117
jSO,F19,13,5506.060353840889
jSO,F19,14,2008.582993591255
jSO,F19,15,2198.981085984822
jSO,F19,16,2332.541194817303
jSO,F19,17,2086.662028585165
jSO,F19,18,2591.6954948119815
jSO,F19,19,10383.113445288469
jSO,F19,20,3467.23746719513
jSO,F19,21,2504.542906271089
jSO,F19,22,3886.6245620505147
jSO,F19,23,19161.903886096115
jSO,F19,24,2171.57128771402
jSO,F19,25,8839.690535939722
jSO,F19,26,2128.46182871601
jSO,F19,27,2813.906539125629
jSO,F19,28,2206.4111871386176
jSO,F19,29,2251.392801549124
jSO,F19,30,4668.527518217981
jSO,F20,1,2425.654872153878
jSO,F20,2,2154.01485278615
jSO,F20,3,2467.5141594374777
jSO,F20,4,2336.5019255458656
jSO,F20,5,2337.079713540119
jSO,F20,6,2267.1837588862486
jSO,F20,7,2345.1735946777562
jSO,F20,8,2174.355580396595
jSO,F20,9,2531.0627421752038
jSO,F20,10,2432.323380704325
jSO,F20,11,2444.531882370983
jSO,F20,12,2241.383530660068
jSO,F20,13,2375.20606419385
jSO,F20,14,2344.54506217857
jSO,F20,15,2189.8418800616537
jSO,F20,16,2170.7747997475517
jSO,F20,17,2371.1924805461035
jSO,F20,18,2369.8457913339616
jSO,F20,19,2306.505796096124
jSO,F20,20,2413.300561775511
jSO,F20,21,2310.227003041427
jSO,F20,22,2414.8859299555543
jSO,F20,23,2421.8612620006825
jSO,F20,24,2426.0591466361675
jSO,F20,25,2463.7025011332785
jSO,F20,26,2513.5008341182183
jSO,F20,27,2513.1884690289025
jSO,F20,28,2446.1331676567333
jSO,F20,29,2349.7740299344205
jSO,F20,30,2143.5498823492426
jSO,F21,1,2400.932102790139
jSO,F21,2,2425.8150984925496
jSO,F21,3,2423.959443044463
jSO,F21,4,2424.8141825146336
jSO,F21,5,2391.5735175150653
jSO,F21,6,2407.769000683819
jSO,F21,7,2424.3857096797233
jSO,F21,8,2390.2017077630226
jSO,F21,9,2411.7363315156913
jSO,F21,10,2396.3952282398054
jSO,F21,11,2407.9275402131625
jSO,F21,12,2418.4021334683107
jSO,F21,13,2380.771758211458
jSO,F21,14,2413.4147972725414
jSO,F21,15,2405.3002895457844
jSO,F21,16,2416.261538529906
jSO,F21,17,2386.3525864339476
jSO,F21,18,2413.102504160663
jSO,F21,19,2422.038536829277
jSO,F21,20,2420.1197165278118
jSO,F21,21,2437.425273234658
jSO,F21,22,2428.8011234663813
jSO,F21,23,2420.742480587005
jSO,F21,24,2415.0634675298315
jSO,F21,25,2409.158899528489
jSO,F21,26,2414.8577557817052
jSO,F21,27,2398.895857318391
jSO,F21,28,2394.7833265087916
jSO,F21,29,2393.597210968566
jSO,F21,30,2377.5194674169466
jSO,F22,1,2322.7802064337725
jSO,F22,2,2323.2364651555586
jSO,F22,3,2320.8871810045252
jSO,F22,4,2315.9101854777914
jSO,F22,5,2325.552410240245
jSO,F22,6,2327.638832966595
jSO,F22,7,2315.2565667698595
jSO,F22,8,2314.566338400649
jSO,F22,9,2338.163253455859
jSO,F22,10,2319.5546601251394
jSO,F22,11,2329.9962959822533
jSO,F22,12,2317.9121510515984
jSO,F22,13,2314.5326132401897
jSO,F22,14,2340.5239821740065
jSO,F22,15,2444.7633800716185
jSO,F22,16,2318.21630483501
jSO,F22,17,2316.7865403953238
jSO,F22,18,2328.708086943375
jSO,F22,19,2325.8594338933426
jSO,F22,20,2347.798568627357
jSO,F22,21,2318.9792552471204
jSO,F22,22,2324.1747612772215
jSO,F22,23,2320.5106682119113
jSO,F22,24,2356.79267304426
jSO,F22,25,2345.014194303937
jSO,F22,26,2314.813667990897
jSO,F22,27,2383.379289081973
jSO,F22,28,2378.9714329454546
jSO,F22,29,2322.727871781386
jSO,F22,30,2348.7883194882434
jSO,F23,1,2764.2064066133075
jSO,F23,2,2772.3978246534316
jSO,F23,3,2734.5856694725526
jSO,F23,4,2767.268144813377
jSO,F23,5,2739.3719643928757
jSO,F23,6,2762.714501915133
jSO,F23,7,2797.2401725897266
jSO,F23,8,2744.6011803794713
jSO,F23,9,2755.962662282874
jSO,F23,10,2761.6957577758635
jSO,F23,11,2788.823438918685
jSO,F23,12,2772.8117581318447
jSO,F23,13,2787.4852298755573
jSO,F23,14,2760.151339574835
jSO,F23,15,2744.931321160274
jSO,F23,16,2775.6362226664096
jSO,F23,17,2763.9803836409983
jSO,F23,18,2816.047131356959
jSO,F23,19,2792.143245635018
jSO,F23,20,2763.5689338355937
jSO,F23,21,2761.8385027778754
jSO,F23,22,2738.8768670628724
jSO,F23,23,2759.4123546852093
jSO,F23,24,2780.5809023857014
jSO,F23,25,2763.22336702877
jSO,F23,26,2754.375300442005
jSO,F23,27,2773.6260968605093
jSO,F23,28,2759.259554868394
jSO,F23,29,2755.6998924814184
jSO,F23,30,2761.1734859129915
jSO,F24,1,2936.4506212516358
jSO,F24,2,2930.362915031393
jSO,F24,3,2928.619767459082
jSO,F24,4,2899.877649049015
jSO,F24,5,2937.8410691949894
jSO,F24,6,2910.462431180735
jSO,F24,7,2954.3201272155566
jSO,F24,8,2957.142975582741
jSO,F24,9,2913.601998419474
jSO,F24,10,2929.9177795484384
jSO,F24,11,2930.814283956758
jSO,F24,12,2930.94165139838
jSO,F24,13,2944.9749649572173
jSO,F24,14,2944.5585881391335
jSO,F24,15,2889.960488843828
jSO,F24,16,2919.760429291525
jSO,F24,17,2918.971857671239
jSO,F24,18,2921.1478173054606
jSO,F24,19,2959.7144888972634
jSO,F24,20,2959.966137994286
jSO,F24,21,2931.4708805753403
jSO,F24,22,2932.1409207953893
jSO,F24,23,2919.5410834222243
jSO,F24,24,2935.391976822592
jSO,F24,25,2925.0218889911716
jSO,F24,26,2898.03075139858
jSO,F24,27,2913.846811876927
jSO,F24,28,2956.6103970420813
jSO,F24,29,2910.814218110667
jSO,F24,30,2958.192718307996
jSO,F25,1,2932.796424986763
jSO,F25,2,2935.8753054424105
jSO,F25,3,2888.7398004692104
jSO,F25,4,2891.144430335257
jSO,F25,5,2888.8382285146336
jSO,F25,6,2893.1238772892607
jSO,F25,7,2892.1510719277726
jSO,F25,8,2891.661623394794
jSO,F25,9,2898.6591271913244
jSO,F25,10,2921.7414048975716
jSO,F25,11,2914.8974960922546
jSO,F25,12,2916.644478973855
jSO,F25,13,2924.0253301022394
jSO,F25,14,2890.5175221738637
jSO,F25,15,2897.054015466592
jSO,F25,16,2905.169672432135
jSO,F25,17,2895.756478054432
jSO,F25,18,2889.886329882649
jSO,F25,19,2929.1357048596087
jSO,F25,20,2905.73226988262
jSO,F25,21,2894.8119091049302
jSO,F25,22,2944.2956510613312
jSO,F25,23,2890.2750427510177
jSO,F25,24,2896.0362783847204
jSO,F25,25,2908.4164792883234
jSO,F25,26,2893.848447849712
jSO,F25,27,2895.5832231075055
jSO,F25,28,2901.7673065852705
jSO,F25,29,2890.1435749792104
jSO,F25,30,2889.7806435088596
jSO,F26,1,4880.667255327436
jSO,F26,2,5039.670321488299
jSO,F26,3,5162.817106221755
jSO,F26,4,4819.10301418547
jSO,F26,5,4716.373415606824
jSO,F26,6,4848.494891401791
jSO,F26,7,4801.818065563137
jSO,F26,8,5307.952578855775
jSO,F26,9,4761.87333869343
jSO,F26,10,4834.197484521503
jSO,F26,11,5022.113966123805
jSO,F26,12,4548.822701524662
jSO,F26,13,5120.592196096062
jSO,F26,14,4794.9858992602585
jSO,F26,15,4859.398081721911
jSO,F26,16,4916.7883587400265
jSO,F26,17,5069.190143866169
jSO,F26,18,4878.304704763337
jSO,F26,19,4654.036608284513
jSO,F26,20,4918.006430384214
jSO,F26,21,4920.892593674305
jSO,F26,22,4914.7567080233075
jSO,F26,23,4881.6606061499315
jSO,F26,24,4947.444580975198
jSO,F26,25,4995.885049871577
jSO,F26,26,4712.03540005114
jSO,F26,27,4818.576858598003
jSO,F26,28,5064.5334154909215
jSO,F26,29,4871.993001619177
jSO,F26,30,5228.277732514584
jSO,F27,1,3227.831506545478
jSO,F27,2,3212.177584738961
jSO,F27,3,3220.364712211731
jSO,F27,4,3220.391437498867
jSO,F27,5,3216.506475079552
jSO,F27,6,3214.9035419629254
jSO,F27,7,3226.7293645048826
jSO,F27,8,3205.0908980695513
jSO,F27,9,3223.9705318493525
jSO,F27,10,3225.7881678155336
jSO,F27,11,3230.369706816662
jSO,F27,12,3211.5132525617
jSO,F27,13,3241.618498051082
jSO,F27,14,3216.7932333114572
jSO,F27,15,3266.794561250441
jSO,F27,16,3226.1935144989184
jSO,F27,17,3246.4345791690166
jSO,F27,18,3220.258611852693
jSO,F27,19,3215.6478865465797
jSO,F27,20,3217.2680100139623
jSO,F27,21,3226.959186284025
jSO,F27,22,3222.061695196657
jSO,F27,23,3232.535599326867
jSO,F27,24,3219.795869132456
jSO,F27,25,3211.6981082180114
jSO,F27,26,3234.1967932062626
jSO,F27,27,3212.687280001613
jSO,F27,28,3223.6489209270435
jSO,F27,29,3213.5372410220675
jSO,F27,30,3216.568016287213
jSO,F28,1,3371.6459512385063
jSO,F28,2,3242.4857062125075
jSO,F28,3,3245.012388795391
jSO,F28,4,3243.6315309457354
jSO,F28,5,3271.6437360112614
jSO,F28,6,3267.4968264181152
jSO,F28,7,3265.657400518119
jSO,F28,8,3254.2925247337125
jSO,F28,9,3262.6613812435717
jSO,F28,10,3257.9399739942005
jSO,F28,11,3265.940535601674
jSO,F28,12,3249.597691733997
jSO,F28,13,3293.793900853402
jSO,F28,14,3254.5820332104886
jSO,F28,15,3210.9525232252595
jSO,F28,16,3274.464190766728
jSO,F28,17,3280.1332352477193
jSO,F28,18,3286.1041622423454
jSO,F28,19,3302.107751521536
jSO,F28,20,3257.22121480025
jSO,F28,21,3244.466786692489
jSO,F28,22,3265.1313905652696
jSO,F28,23,3290.6575015581902
jSO,F28,24,3269.2484354640574
jSO,F28,25,3285.382506067258
jSO,F28,26,3303.6847794736823
jSO,F28,27,3240.671284192165
jSO,F28,28,3270.7786347804913
jSO,F28,29,3310.8251638556344
jSO,F28,30,3289.3334484123334
jSO,F29,1,3609.0213893099844
jSO,F29,2,3688.4389134454177
jSO,F29,3,3749.5153390297955
jSO,F29,4,3726.55803111808
jSO,F29,5,3630.3267402837273
jSO,F29,6,4167.953134224499
jSO,F29,7,3547.1348873249026
jSO,F29,8,3850.1039043379224
jSO,F29,9,3539.3951855573755
jSO,F29,10,3512.3580247407453
jSO,F29,11,3715.2100019260624
jSO,F29,12,3772.6463174861256
jSO,F29,13,3546.6587891499285
jSO,F29,14,3543.7140211724004
jSO,F29,15,3666.409003643652
jSO,F29,16,3486.5923386603226
jSO,F29,17,3765.3047080846477
jSO,F29,18,3702.672909044857
jSO,F29,19,3767.428358165686
jSO,F29,20,3736.7943642475266
jSO,F29,21,3655.310284787258
jSO,F29,22,3713.5574778313057
jSO,F29,23,3846.3175969896984
jSO,F29,24,3548.8651138259024
jSO,F29,25,3606.489368703329
jSO,F29,26,3581.192867859456
jSO,F29,27,3877.4428175131293
jSO,F29,28,3548.8813691456526
jSO,F29,29,3623.007444378161
jSO,F29,30,3714.8981983102353
jSO,F30,1,28718.86992254298
jSO,F30,2,48354.53927840313
jSO,F30,3,15280.459122472206
jSO,F30,4,22400.203762835386
jSO,F30,5,14585.558997529506
jSO,F30,6,327557.892298027
jSO,F30,7,42514.179529055546
jSO,F30,8,252398.19561348678
jSO,F30,9,59759.18508543866
jSO,F30,10,167711.59638066072
jSO,F30,11,31803.44451411606
jSO,F30,12,19064.69426305855
jSO,F30,13,12177.101943185775
jSO,F30,14,30329.436256595356
jSO,F30,15,21608.590776616467
jSO,F30,16,15608.762091192726
jSO,F30,17,47855.185185503506
jSO,F30,18,49489.60571744645
jSO,F30,19,12178.892880357074
jSO,F30,20,30280.941439701954
jSO,F30,21,211939.53905475652
jSO,F30,22,30551.169752944414
jSO,F30,23,36214.64096794126
jSO,F30,24,31931.93412565531
jSO,F30,25,24549.40253947614
jSO,F30,26,20186.854718583694
jSO,F30,27,132626.31760080217
jSO,F30,28,50126.3492752657
jSO,F30,29,146104.98238207732
jSO,F30,30,33366.61418768932
PSO,F1,1,1026803300.795782
PSO,F1,2,1184068293.4491556
PSO,F1,3,1604905399.5790372
PSO,F1,4,4379.147317541246
PSO,F1,5,6056.438427463838
PSO,F1,6,2402703401.6240826
PSO,F1,7,1995.929735081771
PSO,F1,8,5981524971.638874
PSO,F1,9,1375904327.6148348
PSO,F1,10,1026797690.8555667
PSO,F1,11,19477.656404051282
PSO,F1,12,2631713572.023288
PSO,F1,13,2465.4369240543133
PSO,F1,14,1026801811.302252
PSO,F1,15,3484092028.694811
PSO,F1,16,2505109477.9313803
PSO,F1,17,4007600710.467264
PSO,F1,18,2631702015.272964
PSO,F1,19,5610.110191792769
PSO,F1,20,241848241.59027174
PSO,F1,21,1026798171.8403876
PSO,F1,22,241851188.88243258
PSO,F1,23,2766431436.3150935
PSO,F1,24,1679028725.2288597
PSO,F1,25,1026799536.3892221
PSO,F1,26,1026806927.0254078
PSO,F1,27,2210845823.962806
PSO,F1,28,3586745473.8816395
PSO,F1,29,2505089065.719548
PSO,F1,30,12638.896953582132
PSO,F3,1,62863.27753785704
PSO,F3,2,31989.809942306703
PSO,F3,3,46858.204079312185
PSO,F3,4,44897.541255836535
PSO,F3,5,41191.286254378036
PSO,F3,6,31492.399039463882
PSO,F3,7,30392.137210640034
PSO,F3,8,32976.54691710286
PSO,F3,9,28934.161369056405
PSO,F3,10,20910.95286787339
PSO,F3,11,25560.23601810103
PSO,F3,12,44452.59689823757
PSO,F3,13,42472.04337234429
PSO,F3,14,54822.90246318819
PSO,F3,15,51879.38763270318
PSO,F3,16,53775.384886067615
PSO,F3,17,51050.84139901956
PSO,F3,18,26820.042647333375
PSO,F3,19,65665.54790818042
PSO,F3,20,44244.514062367685
PSO,F3,21,21275.828738124586
PSO,F3,22,24778.70013018296
PSO,F3,23,21211.593742438254
PSO,F3,24,25655.975006615023
PSO,F3,25,30588.943967187803
PSO,F3,26,26429.095957139783
PSO,F3,27,16815.38764173114
PSO,F3,28,23423.663573049613
PSO,F3,29,22334.647848764514
PSO,F3,30,37506.087227480784
PSO,F4,1,983.4426484542704
PSO,F4,2,490.3249779759867
PSO,F4,3,854.6980158687436
PSO,F4,4,493.779698523809
PSO,F4,5,710.8302737297862
PSO,F4,6,504.1995989539127
PSO,F4,7,883.7516373195594
PSO,F4,8,592.6220608044733
PSO,F4,9,504.1452179384729
PSO,F4,10,1114.6560533121249
PSO,F4,11,582.4743804968316
PSO,F4,12,531.7720610451454
PSO,F4,13,665.3580484474375
PSO,F4,14,526.3202598274225
PSO,F4,15,673.5559405038805
PSO,F4,16,1274.5158928438382
PSO,F4,17,504.22774004907274
PSO,F4,18,564.6247391574226
PSO,F4,19,504.15691711519236
PSO,F4,20,504.5863345187776
PSO,F4,21,574.3080421212838
PSO,F4,22,1104.0039573249512
PSO,F4,23,548.0343302628949
PSO,F4,24,526.6351443031696
PSO,F4,25,488.8965360174413
PSO,F4,26,859.4460820813485
PSO,F4,27,501.32707933235554
PSO,F4,28,538.5019212067283
PSO,F4,29,594.4962397116025
PSO,F4,30,509.39484236535594
PSO,F5,1,574.4138233156852
PSO,F5,2,619.113558523723
PSO,F5,3,595.2174494890993
PSO,F5,4,552.7407496346743
PSO,F5,5,570.4699803976357
PSO,F5,6,567.7714447183783
PSO,F5,7,575.7476671224978
PSO,F5,8,598.7221978111891
PSO,F5,9,585.6863105686842
PSO,F5,10,563.5452268841915
PSO,F5,11,587.80640495363
PSO,F5,12,660.13924974793
PSO,F5,13,615.0131060792366
PSO,F5,14,577.9368888634306
PSO,F5,15,565.8645612293647
PSO,F5,16,577.6177431082724
PSO,F5,17,586.5034055121869
PSO,F5,18,584.2635110900186
PSO,F5,19,589.2855291009525
PSO,F5,20,554.5558133152634
PSO,F5,21,570.7640296137786
PSO,F5,22,586.7770922262873
PSO,F5,23,577.1839185457288
PSO,F5,24,590.297203739253
PSO,F5,25,584.5781913058155
PSO,F5,26,570.0369592742247
PSO,F5,27,603.7891129531372
PSO,F5,28,577.7335087708441
PSO,F5,29,604.5253866747493
PSO,F5,30,639.6114890105282
PSO,F6,1,611.1973562145107
PSO,F6,2,602.5979796492622
PSO,F6,3,601.9856666152959
PSO,F6,4,604.6133868867923
PSO,F6,5,600.5490412301763
PSO,F6,6,606.5205004121121
PSO,F6,7,601.8665726547341
PSO,F6,8,602.4782212630253
PSO,F6,9,611.0568162940353
PSO,F6,10,604.5115215534779
PSO,F6,11,601.6197102908579
PSO,F6,12,608.8646817513021
PSO,F6,13,601.1556777298584
PSO,F6,14,606.599497436211
PSO,F6,15,611.473151913374
PSO,F6,16,609.3629563604285
PSO,F6,17,603.779005614921
PSO,F6,18,603.5762249972502
PSO,F6,19,604.3423011548956
PSO,F6,20,601.2249089749796
PSO,F6,21,601.7773562785997
PSO,F6,22,601.5094392021977
PSO,F6,23,605.704353149958
PSO,F6,24,604.0543824698648
PSO,F6,25,604.6427037469444
PSO,F6,26,606.4930181180907
PSO,F6,27,612.6859352673375
PSO,F6,28,605.3471440516817
PSO,F6,29,600.4499241587813
PSO,F6,30,602.032822619083
PSO,F7,1,800.1498025243903
PSO,F7,2,789.3395774400213
PSO,F7,3,811.2683154541571
PSO,F7,4,840.5420386526732
PSO,F7,5,857.4555356662221
PSO,F7,6,846.2153591767243
PSO,F7,7,811.4659346029364
PSO,F7,8,789.4031846090696
PSO,F7,9,823.9104022642898
PSO,F7,10,854.097701686931
PSO,F7,11,826.3052333150991
PSO,F7,12,810.396778644747
PSO,F7,13,859.2787620634895
PSO,F7,14,937.9643836405231
PSO,F7,15,954.1168094900283
PSO,F7,16,820.13545466628
PSO,F7,17,797.2789958938044
PSO,F7,18,859.8388660560697
PSO,F7,19,883.3766159832539
PSO,F7,20,930.9611261271884
PSO,F7,21,827.2644639974901
PSO,F7,22,795.3954346235303
PSO,F7,23,828.9109091643966
PSO,F7,24,870.9131200079914
PSO,F7,25,810.99960742648
PSO,F7,26,813.9922829117162
PSO,F7,27,850.7470967924853
PSO,F7,28,888.4052116556643
PSO,F7,29,829.3052847534203
PSO,F7,30,782.2526948286649
PSO,F8,1,859.6995870352874
PSO,F8,2,866.6025589173369
PSO,F8,3,863.850912337438
PSO,F8,4,895.4989322832258
PSO,F8,5,857.801080158376
PSO,F8,6,876.8071558932024
PSO,F8,7,874.2865887188465
PSO,F8,8,889.5484884097855
PSO,F8,9,854.2921556027859
PSO,F8,10,856.8007807996552
PSO,F8,11,885.9602590008993
PSO,F8,12,870.538438150995
PSO,F8,13,879.8588260152618
PSO,F8,14,858.8154852224211
PSO,F8,15,880.6303839248941
PSO,F8,16,890.6417007249004
PSO,F8,17,871.7463318279225
PSO,F8,18,879.6341511212682
PSO,F8,19,870.9631943255947
PSO,F8,20,861.2702701400442
PSO,F8,21,856.77913971994
PSO,F8,22,891.5419739024213
PSO,F8,23,877.1090890802709
PSO,F8,24,938.91300890507
PSO,F8,25,856.6465386987962
PSO,F8,26,866.662839030091
PSO,F8,27,883.5893050438747
PSO,F8,28,919.1527415710574
PSO,F8,29,903.5253464710474
PSO,F8,30,912.1052215734364
PSO,F9,1,929.6226254521744
PSO,F9,2,7935.442118597618
PSO,F9,3,955.5852843165788
PSO,F9,4,913.238691137225
PSO,F9,5,1443.7188948621265
PSO,F9,6,931.7072014860804
PSO,F9,7,2328.947451202475
PSO,F9,8,3006.7840949340502
PSO,F9,9,1033.4721583280632
PSO,F9,10,980.7724153223435
PSO,F9,11,1463.3222953812437
PSO,F9,12,1104.7214951795343
PSO,F9,13,6124.852635277152
PSO,F9,14,1877.8935193155914
PSO,F9,15,1488.55382311832
PSO,F9,16,1365.816607069488
PSO,F9,17,1530.4877144988188
PSO,F9,18,1647.3805867467704
PSO,F9,19,1122.1313085819845
PSO,F9,20,920.4391255298856
PSO,F9,21,1051.6921924380179
PSO,F9,22,1267.665927465414
PSO,F9,23,2308.687492939446
PSO,F9,24,1317.726520771543
PSO,F9,25,1541.5858483002385
PSO,F9,26,937.6960998370716
PSO,F9,27,953.7073802564433
PSO,F9,28,1416.7292184103444
PSO,F9,29,1080.0895916024213
PSO,F9,30,955.6912952109159
PSO,F10,1,4845.383872777591
PSO,F10,2,3978.4034328418147
PSO,F10,3,5099.58999005688
PSO,F10,4,4855.649206525244
PSO,F10,5,4709.509129775937
PSO,F10,6,5669.027307275079
PSO,F10,7,4540.777951888607
PSO,F10,8,4598.487045906251
PSO,F10,9,4870.0577040602475
PSO,F10,10,4149.346322825408
PSO,F10,11,5526.536856545594
PSO,F10,12,4546.317377317875
PSO,F10,13,4866.015588358961
PSO,F10,14,6467.816787157108
PSO,F10,15,5070.239999021054
PSO,F10,16,4613.049030598591
PSO,F10,17,3586.8318289453764
PSO,F10,18,4494.494739955733
PSO,F10,19,4440.035723007273
PSO,F10,20,4981.9465178722385
PSO,F10,21,4876.426997069366
PSO,F10,22,3712.7926960954355
PSO,F10,23,5190.198353570704
PSO,F10,24,4758.984116057254
PSO,F10,25,3482.4699622353164
PSO,F10,26,4711.475304292857
PSO,F10,27,5309.314636322679
PSO,F10,28,4403.821861480104
PSO,F10,29,4476.254878867439
PSO,F10,30,3701.864948981176
PSO,F11,1,1340.0912272925966
PSO,F11,2,1212.2509647681622
PSO,F11,3,1279.2538778521453
PSO,F11,4,1428.077258336863
PSO,F11,5,1952.4921876788421
PSO,F11,6,1319.9782802661211
PSO,F11,7,1356.5233210073097
PSO,F11,8,1266.918238727548
PSO,F11,9,1240.1485767850797
PSO,F11,10,1238.831724385801
PSO,F11,11,1313.6926086758
PSO,F11,12,1504.9606183355752
PSO,F11,13,2174.753516861065
PSO,F11,14,1282.5729495311678
PSO,F11,15,1223.7315683313636
PSO,F11,16,1259.1947386024456
PSO,F11,17,1465.6261584807976
PSO,F11,18,1213.1740781844626
PSO,F11,19,1238.9023467949778
PSO,F11,20,1362.5021172284642
PSO,F11,21,1291.1969770630635
PSO,F11,22,1428.4081803951126
PSO,F11,23,1301.814492707746
PSO,F11,24,1210.4032187947828
PSO,F11,25,1239.8833667138788
PSO,F11,26,1385.9250163696875
PSO,F11,27,1414.1169863603457
PSO,F11,28,1190.4153006450135
PSO,F11,29,1225.07342519641
PSO,F11,30,1284.271656290605
PSO,F12,1,14289491.317469638
PSO,F12,2,11923443.176236723
PSO,F12,3,459557.1736826006
PSO,F12,4,214166676.08866644
PSO,F12,5,323733.9171109792
PSO,F12,6,1620424.7445693195
PSO,F12,7,655105101.9860624
PSO,F12,8,23496459.21544125
PSO,F12,9,2581298.500438766
PSO,F12,10,714367000.8492644
PSO,F12,11,7201300.848204343
PSO,F12,12,11133538.094388194
PSO,F12,13,3652081.7540086294
PSO,F12,14,13507778.649744257
PSO,F12,15,201722971.24065006
PSO,F12,16,1022093.8555125435
PSO,F12,17,113603294.40961547
PSO,F12,18,5115660.892510973
PSO,F12,19,10401793.448660642
PSO,F12,20,3254227.064740598
PSO,F12,21,3684483.9524915796
PSO,F12,22,203736818.0692107
PSO,F12,23,17965535.755938433
PSO,F12,24,4155514.617286213
PSO,F12,25,16817568.700978294
PSO,F12,26,389108.71718045685
PSO,F12,27,2852955.3627169468
PSO,F12,28,2960725.477171237
PSO,F12,29,2326172.939013517
PSO,F12,30,1009738.3898002411
PSO,F13,1,117056.216542031
PSO,F13,2,160185.26794323133
PSO,F13,3,3909.5859636033865
PSO,F13,4,71678868.16733092
PSO,F13,5,4449832.933803267
PSO,F13,6,147303.48574732256
PSO,F13,7,75895.80227491568
PSO,F13,8,28279.849110519077
PSO,F13,9,4443001.232666284
PSO,F13,10,87106.33743092538
PSO,F13,11,28900.985137951302
PSO,F13,12,4448925.367514952
PSO,F13,13,16282.404529936346
PSO,F13,14,120689.52257077848
PSO,F13,15,18378.942605357326
PSO,F13,16,71723302.43613075
PSO,F13,17,22769.05694520014
PSO,F13,18,15702.905438943244
PSO,F13,19,93306.99267752812
PSO,F13,20,136960.04768452313
PSO,F13,21,4457492.961048718
PSO,F13,22,54794.57740012602
PSO,F13,23,4477379.049856779
PSO,F13,24,31250.044325621715
PSO,F13,25,13934.572211464849
PSO,F13,26,38385.87648681205
PSO,F13,27,183594.76646753505
PSO,F13,28,14280.489634423153
PSO,F13,29,4475084.81096382
PSO,F13,30,21924.709047932618
PSO,F14,1,2002.6853686832621
PSO,F14,2,157783.33061068796
PSO,F14,3,206763.13325596644
PSO,F14,4,19835.655612156417
PSO,F14,5,37074.42461503337
PSO,F14,6,23917.508776456474
PSO,F14,7,40933.29997013604
PSO,F14,8,51966.488637380055
PSO,F14,9,80194.06844226336
PSO,F14,10,21278.96648182725
PSO,F14,11,27322.082736922483
PSO,F14,12,117296.46148414206
PSO,F14,13,84391.42880243328
PSO,F14,14,27115.361082490457
PSO,F14,15,30042.50799745536
PSO,F14,16,14268.590836792013
PSO,F14,17,19644.582731708004
PSO,F14,18,3916.4460769779826
PSO,F14,19,32977.37108513374
PSO,F14,20,29530.380826305078
PSO,F14,21,58667.947709304564
PSO,F14,22,24984.525237128444
PSO,F14,23,54160.83850100637
PSO,F14,24,5558.533255692179
PSO,F14,25,23249.165331604814
PSO,F14,26,16570.284481804665
PSO,F14,27,4501.084936380431
PSO,F14,28,5082.4688899771545
PSO,F14,29,21196.597660815216
PSO,F14,30,25654.80471311669
PSO,F15,1,74325.16181259729
PSO,F15,2,32820.33770146618
PSO,F15,3,7260.344389523565
PSO,F15,4,14628.99163903025
PSO,F15,5,3287.238675152375
PSO,F15,6,57896.43655492159
PSO,F15,7,6529.861483482704
PSO,F15,8,9968.028574256865
PSO,F15,9,2123.1328730415335
PSO,F15,10,5763.535951622905
PSO,F15,11,12297.440998434777
PSO,F15,12,2528.3758480958686
PSO,F15,13,15454.403648329358
PSO,F15,14,12731.698278408905
PSO,F15,15,41146.14376013219
PSO,F15,16,50635.14998501016
PSO,F15,17,2460.4367918595553
PSO,F15,18,43289.82046396137
PSO,F15,19,5335.876141937661
PSO,F15,20,2104.2507611436517
PSO,F15,21,22946.51550795308
PSO,F15,22,30983.257312722963
PSO,F15,23,3284.221899708398
PSO,F15,24,7804.101447085916
PSO,F15,25,6909.938520489679
PSO,F15,26,8157.716526396577
PSO,F15,27,31146.748985347316
PSO,F15,28,7030.442441385101
PSO,F15,29,43642.736687093406
PSO,F15,30,2111.076210585852
PSO,F16,1,2633.1454330174065
PSO,F16,2,2750.7890511212763
PSO,F16,3,2459.6526241422907
PSO,F16,4,2428.2574365681653
PSO,F16,5,2065.4648412714837
PSO,F16,6,2197.325161288071
PSO,F16,7,2302.99188767987
PSO,F16,8,2663.97071897333
PSO,F16,9,2221.5612909772453
PSO,F16,10,2087.4753414731395
PSO,F16,11,2642.168179835512
PSO,F16,12,2432.0927511868804
PSO,F16,13,2070.6651029579607
PSO,F16,14,2869.976953953149
PSO,F16,15,2566.5107914095843
PSO,F16,16,2205.9455951595182
PSO,F16,17,2455.0070206504124
PSO,F16,18,2242.1913880016987
PSO,F16,19,2198.187759606829
PSO,F16,20,2774.412050692793
PSO,F16,21,2249.127298417054
PSO,F16,22,2439.839066915789
PSO,F16,23,1978.3236401234963
PSO,F16,24,3454.0293060058375
PSO,F16,25,2833.9741423695705
PSO,F16,26,2540.3312854677674
PSO,F16,27,2697.9066012004073
PSO,F16,28,2601.4023883670084
PSO,F16,29,3326.7629366066535
PSO,F16,30,2825.3793940863407
PSO,F17,1,1788.2711834647923
PSO,F17,2,2421.1822787327956
PSO,F17,3,1917.210713738556
PSO,F17,4,1885.0023622377466
PSO,F17,5,2029.7475519666364
PSO,F17,6,1868.9399803010035
PSO,F17,7,2320.654957159749
PSO,F17,8,1868.8808341214126
PSO,F17,9,2430.074384608586
PSO,F17,10,2167.0045822746347
PSO,F17,11,2109.123902077123
PSO,F17,12,2088.2784030608577
PSO,F17,13,2161.6906155251236
PSO,F17,14,2189.476921027975
PSO,F17,15,1803.2797174435657
PSO,F17,16,2077.939423172081
PSO,F17,17,1834.5079285015868
PSO,F17,18,2103.796622771718
PSO,F17,19,1887.231294417481
PSO,F17,20,1780.4564636539305
PSO,F17,21,1881.4393965325994
PSO,F17,22,2068.133904530864
PSO,F17,23,1916.1586989630027
PSO,F17,24,1942.719146471594
PSO,F17,25,2013.234534067475
PSO,F17,26,2114.5846778660257
PSO,F17,27,2035.1561461630606
PSO,F17,28,2333.8538231851544
PSO,F17,29,2002.3386812251988
PSO,F17,30,2297.6166326777593
PSO,F18,1,640987.3275721401
PSO,F18,2,475637.4373110756
PSO,F18,3,505904.8459734726
PSO,F18,4,892936.4147566508
PSO,F18,5,3793954.7950204187
PSO,F18,6,1217899.7440684647
PSO,F18,7,14908930.835393447
PSO,F18,8,519388.3666256067
PSO,F18,9,1003920.3625247685
PSO,F18,10,88515.49507280558
PSO,F18,11,202331.18317036645
PSO,F18,12,770824.8305705662
PSO,F18,13,465604.1860532154
PSO,F18,14,235397.5540205797
PSO,F18,15,285765.50893240684
PSO,F18,16,139357.5541550533
PSO,F18,17,6881353.1354352385
PSO,F18,18,696880.1802641301
PSO,F18,19,464838.56296268885
PSO,F18,20,91206.09001096015
PSO,F18,21,1353819.841116063
PSO,F18,22,386135.05839929305
PSO,F18,23,2065886.4907096468
PSO,F18,24,667024.7035956365
PSO,F18,25,415394.7282483473
PSO,F18,26,889292.3840160861
PSO,F18,27,391595.1554791276
PSO,F18,28,3199586.162407053
PSO,F18,29,4382949.6274939105
PSO,F18,30,1817650.9267436548
PSO,F19,1,378211.0332592727
PSO,F19,2,7388.677244060853
PSO,F19,3,15736.746133298584
PSO,F19,4,20416.76446509763
PSO,F19,5,2473.9396497644007
PSO,F19,6,4018.374560670783
PSO,F19,7,5130.1784611374005
PSO,F19,8,6962.4900812057995
PSO,F19,9,2863.3320092626445
PSO,F19,10,7290.91699351404
PSO,F19,11,35941.60380756201
PSO,F19,12,6277.08570511464
PSO,F19,13,5195.119265987494
PSO,F19,14,64855.92302312493
PSO,F19,15,2199.191263404463
PSO,F19,16,35087.34807525888
PSO,F19,17,32915.384860730235
PSO,F19,18,2811.212599179495
PSO,F19,19,15684.642350434347
PSO,F19,20,17531.20247660474
PSO,F19,21,3177.9472268486497
PSO,F19,22,2444.377120402389
PSO,F19,23,28589.80554745269
PSO,F19,24,186247.34089196933
PSO,F19,25,2215.2282287128432
PSO,F19,26,6118.122828142754
PSO,F19,27,2630.8195732755357
PSO,F19,28,77766.9631310493
PSO,F19,29,6229.244499001263
PSO,F19,30,2000.0914914690516
PSO,F20,1,2262.88043611256
PSO,F20,2,2399.546331575269
PSO,F20,3,2191.1911551167564
PSO,F20,4,2571.941608593928
PSO,F20,5,2412.980287556272
PSO,F20,6,2086.9425953936257
PSO,F20,7,2236.344838103212
PSO,F20,8,2299.940922066257
PSO,F20,9,2311.1303358730515
PSO,F20,10,2198.194238460474
PSO,F20,11,2218.575884508687
PSO,F20,12,2415.3798791247696
PSO,F20,13,2236.9921873199023
PSO,F20,14,2188.509302779337
PSO,F20,15,2468.366733022449
PSO,F20,16,2316.7720816632254
PSO,F20,17,2260.2655157147983
PSO,F20,18,2278.228130343274
PSO,F20,19,2560.531959984499
PSO,F20,20,2255.5238142796
PSO,F20,21,2541.9383138641206
PSO,F20,22,2653.397098346493
PSO,F20,23,2380.1212050454637
PSO,F20,24,2260.606162040743
PSO,F20,25,2409.246915016995
PSO,F20,26,2343.490320481832
PSO,F20,27,2263.784771573739
PSO,F20,28,2610.7663120573543
PSO,F20,29,2437.1833950373216
PSO,F20,30,2224.51898038633
PSO,F21,1,2383.5592354951536
PSO,F21,2,2384.5022873862054
PSO,F21,3,2389.210166675404
PSO,F21,4,2438.447704051463
PSO,F21,5,2375.9583434719552
PSO,F21,6,2382.01408559769
PSO,F21,7,2437.1846533137805
PSO,F21,8,2398.131809270506
PSO,F21,9,2453.8080110942856
PSO,F21,10,2378.045231570228
PSO,F21,11,2387.209647370519
PSO,F21,12,2406.9202267975043
PSO,F21,13,2420.433734992452
PSO,F21,14,2367.802913365924
PSO,F21,15,2398.614719698226
PSO,F21,16,2397.791532425891
PSO,F21,17,2374.244362060657
PSO,F21,18,2353.38933860079
PSO,F21,19,2409.338425516955
PSO,F21,20,2362.289083385034
PSO,F21,21,2438.1237386866615
PSO,F21,22,2376.855217900316
PSO,F21,23,2394.896561504611
PSO,F21,24,2440.092769070938
PSO,F21,25,2407.983948906164
PSO,F21,26,2414.1685176280275
PSO,F21,27,2357.268105749938
PSO,F21,28,2424.1489159047087
PSO,F21,29,2385.7589138996555
PSO,F21,30,2348.6973921596405
PSO,F22,1,5930.934725365456
PSO,F22,2,2667.4295349119075
PSO,F22,3,2517.459565025445
PSO,F22,4,2300.7022291140665
PSO,F22,5,2300.1188351216583
PSO,F22,6,2452.2772872238556
PSO,F22,7,5373.782649627796
PSO,F22,8,6544.795198178059
PSO,F22,9,5333.24936015887
PSO,F22,10,4949.244794561869
PSO,F22,11,2647.5756874471767
PSO,F22,12,6233.515459160816
PSO,F22,13,7217.326350885489
PSO,F22,14,2469.360569740689
PSO,F22,15,5191.110570528094
PSO,F22,16,6101.591822223774
PSO,F22,17,3367.358531495637
PSO,F22,18,2826.68941676687
PSO,F22,19,2836.5311919884907
PSO,F22,20,2955.7404862208614
PSO,F22,21,5348.134539193196
PSO,F22,22,2603.2959571663923
PSO,F22,23,2659.839958638377
PSO,F22,24,6059.655666120736
PSO,F22,25,2754.141205069318
PSO,F22,26,2851.4660086168165
PSO,F22,27,2614.4033455800377
PSO,F22,28,2809.132931088745
PSO,F22,29,3027.329734278356
PSO,F22,30,5391.486958201821
PSO,F23,1,2862.8416964976177
PSO,F23,2,2845.9983381673555
PSO,F23,3,2955.398273588491
PSO,F23,4,2772.4927135610355
PSO,F23,5,2785.356926244306
PSO,F23,6,3038.006019208243
PSO,F23,7,2882.6845191055722
PSO,F23,8,2862.595711603123
PSO,F23,9,2818.622967524883
PSO,F23,10,2816.2882204744938
PSO,F23,11,2833.3292229314516
PSO,F23,12,2729.0632162481443
PSO,F23,13,2805.0481264708233
PSO,F23,14,3060.810817956085
PSO,F23,15,2804.879523293514
PSO,F23,16,2874.228155606257
PSO,F23,17,2975.0309165357166
PSO,F23,18,2904.970170605259
PSO,F23,19,3077.6422171748745
PSO,F23,20,2946.5114754596857
PSO,F23,21,2975.18256662559
PSO,F23,22,2848.8080005619363
PSO,F23,23,2910.729784324708
PSO,F23,24,2971.3693272298956
PSO,F23,25,2958.2346531487683
PSO,F23,26,2876.590579947364
PSO,F23,27,2997.1904140425822
PSO,F23,28,2773.7077830254375
PSO,F23,29,3101.1784155157284
PSO,F23,30,2780.1510397140573
PSO,F24,1,3083.7183536216444
PSO,F24,2,3122.4539331866927
PSO,F24,3,3074.415446566023
PSO,F24,4,2997.4014792666894
PSO,F24,5,3248.8990125224095
PSO,F24,6,3016.4053739942146
PSO,F24,7,3140.33365527542
PSO,F24,8,3115.5511022592227
PSO,F24,9,3051.1253865478243
PSO,F24,10,3008.2822708403437
PSO,F24,11,3122.502756464644
PSO,F24,12,3007.338209975655
PSO,F24,13,3105.9133558550106
PSO,F24,14,3151.304759480088
PSO,F24,15,3081.5368711582273
PSO,F24,16,3037.7919912587504
PSO,F24,17,3132.2956227742643
PSO,F24,18,2997.104739450415
PSO,F24,19,3035.44303392844
PSO,F24,20,3086.191168467854
PSO,F24,21,3042.4998773145226
PSO,F24,22,3033.7072963969226
PSO,F24,23,3024.9689328889
PSO,F24,24,3001.5192961777184
PSO,F24,25,3115.33885402707
PSO,F24,26,3011.5925944729015
PSO,F24,27,3141.374079406566
PSO,F24,28,3034.181309519643
PSO,F24,29,3224.4682216116053
PSO,F24,30,3126.976287422851
PSO,F25,1,2951.872130624387
PSO,F25,2,2978.7838741762407
PSO,F25,3,2909.8258946858787
PSO,F25,4,2939.464727084862
PSO,F25,5,2918.1548258465446
PSO,F25,6,2889.00306430788
PSO,F25,7,2888.475190252601
PSO,F25,8,2889.451742614657
PSO,F25,9,3008.3756022453936
PSO,F25,10,2910.2920798989917
PSO,F25,11,2910.0946650313685
PSO,F25,12,2888.633190553429
PSO,F25,13,2888.891093427493
PSO,F25,14,2909.2507332422297
PSO,F25,15,2889.0326820976243
PSO,F25,16,2888.841711177722
PSO,F25,17,3000.176544558987
PSO,F25,18,2889.130377600804
PSO,F25,19,3006.2534633398477
PSO,F25,20,2896.067777572328
PSO,F25,21,2948.9464132289654
PSO,F25,22,2888.767215541814
PSO,F25,23,2895.440379005145
PSO,F25,24,2888.8336456963593
PSO,F25,25,2888.978028305863
PSO,F25,26,2895.4189897303045
PSO,F25,27,2909.7580070197932
PSO,F25,28,2897.0245856177407
PSO,F25,29,2906.8348661333207
PSO,F25,30,2891.9287559771856
PSO,F26,1,4868.529855808348
PSO,F26,2,3445.226873837588
PSO,F26,3,5209.196057031283
PSO,F26,4,4940.69673433784
PSO,F26,5,6605.92142440521
PSO,F26,6,4126.806074679542
PSO,F26,7,5054.362424799921
PSO,F26,8,5548.192817439909
PSO,F26,9,4611.923968904346
PSO,F26,10,5680.152411933344
PSO,F26,11,5465.356662207454
PSO,F26,12,3134.3626335907366
PSO,F26,13,4619.343535270802
PSO,F26,14,4944.617727689785
PSO,F26,15,4663.122296912052
PSO,F26,16,5655.902780360687
PSO,F26,17,4147.603597974621
PSO,F26,18,4838.151232749034
PSO,F26,19,4774.67967277643
PSO,F26,20,3436.729410896842
PSO,F26,21,5505.158322452993
PSO,F26,22,5090.025002216509
PSO,F26,23,4844.878898586663
PSO,F26,24,4556.448143597077
PSO,F26,25,5378.131319741911
PSO,F26,26,5096.003739861595
PSO,F26,27,3707.1156378379565
PSO,F26,28,4247.186210656505
PSO,F26,29,5257.327057226956
PSO,F26,30,4517.408151653262
PSO,F27,1,3453.185233206519
PSO,F27,2,3260.5438475774636
PSO,F27,3,3481.4799634423334
PSO,F27,4,3257.3911094654904
PSO,F27,5,3369.7325842491787
PSO,F27,6,3281.966400939295
PSO,F27,7,3353.293918978713
PSO,F27,8,3305.505754375925
PSO,F27,9,3248.098088344688
PSO,F27,10,3331.6392055862807
PSO,F27,11,3457.275967106135
PSO,F27,12,3308.898077161495
PSO,F27,13,3297.7052421814233
PSO,F27,14,3321.5513031376972
PSO,F27,15,3224.4181014605783
PSO,F27,16,3306.921374509601
PSO,F27,17,3287.3381591120933
PSO,F27,18,3303.7494407401164
PSO,F27,19,3239.8499196069693
PSO,F27,20,3306.32906597826
PSO,F27,21,3344.9285209623276
PSO,F27,22,3280.019542009284
PSO,F27,23,3274.353678260621
PSO,F27,24,3266.168664216245
PSO,F27,25,3269.1471246269275
PSO,F27,26,3520.44463934044
PSO,F27,27,3248.3731373086757
PSO,F27,28,3215.8851854022837
PSO,F27,29,3225.7811632707694
PSO,F27,30,3254.840072566431
PSO,F28,1,3418.6922792931687
PSO,F28,2,3376.3812365050053
PSO,F28,3,3278.202889356556
PSO,F28,4,3686.2226922956584
PSO,F28,5,3554.3363544913555
PSO,F28,6,3345.523672498056
PSO,F28,7,3239.699928219737
PSO,F28,8,3472.1516542555546
PSO,F28,9,3576.775900067443
PSO,F28,10,3373.486333052695
PSO,F28,11,3291.910745329535
PSO,F28,12,3261.387494035369
PSO,F28,13,3379.6602064609447
PSO,F28,14,3338.7846415884014
PSO,F28,15,3294.9516923282254
PSO,F28,16,3269.67169411352
PSO,F28,17,3257.0920942412376
PSO,F28,18,3417.4541494216974
PSO,F28,19,3233.4460693900223
PSO,F28,20,3542.0777692891893
PSO,F28,21,3315.346878104775
PSO,F28,22,3426.444542193414
PSO,F28,23,3552.3229104749203
PSO,F28,24,3389.3774378750327
PSO,F28,25,3286.583142421694
PSO,F28,26,3338.8884374208546
PSO,F28,27,3389.7740091831924
PSO,F28,28,3318.9651852088928
PSO,F28,29,3238.676860554777
PSO,F28,30,3355.7885968191154
PSO,F29,1,4151.1949466483375
PSO,F29,2,3740.3720672521754
PSO,F29,3,3912.278486097567
PSO,F29,4,3766.139980457032
PSO,F29,5,4005.2212589700257
PSO,F29,6,3428.2339702488207
PSO,F29,7,3549.8394806623905
PSO,F29,8,3531.5147999046358
PSO,F29,9,3591.983540658869
PSO,F29,10,3739.280930950386
PSO,F29,11,3454.5127852405776
PSO,F29,12,3679.711962126442
PSO,F29,13,3574.3817408152945
PSO,F29,14,3585.484002377651
PSO,F29,15,3612.8693555460786
PSO,F29,16,3434.8545865516344
PSO,F29,17,3928.3758123447724
PSO,F29,18,3390.638097931564
PSO,F29,19,3487.7010631906223
PSO,F29,20,3759.5556647986004
PSO,F29,21,3528.525209650107
PSO,F29,22,3750.4228474645865
PSO,F29,23,3637.6841195473726
PSO,F29,24,3770.126685203896
PSO,F29,25,3795.058117203112
PSO,F29,26,3562.0179187974018
PSO,F29,27,3682.1476320114207
PSO,F29,28,3823.3741250489793
PSO,F29,29,3611.174202578761
PSO,F29,30,3909.0304844092116
PSO,F30,1,68182.87169838094
PSO,F30,2,115343.72622089113
PSO,F30,3,19493.275037714313
PSO,F30,4,199009.35543659044
PSO,F30,5,52287.82198480604
PSO,F30,6,1065292.0856364348
PSO,F30,7,377212.5226461561
PSO,F30,8,39908.76518242485
PSO,F30,9,62005.97292485291
PSO,F30,10,49303.92826904779
PSO,F30,11,21829.58533677333
PSO,F30,12,83332.88782258677
PSO,F30,13,15677.455487721852
PSO,F30,14,100286.911174354
PSO,F30,15,63277.21887797564
PSO,F30,16,52868.393010578075
PSO,F30,17,454332.8997155577
PSO,F30,18,16675.80260538601
PSO,F30,19,890113.6089912762
PSO,F30,20,72732.08514245454
PSO,F30,21,60185.875672129085
PSO,F30,22,13763.000319299388
PSO,F30,23,18214.45320744693
PSO,F30,24,26355.315973595025
PSO,F30,25,315833.7070484432
PSO,F30,26,16723.31482793249
PSO,F30,27,525816.7611718467
PSO,F30,28,48621.409164690456
PSO,F30,29,270568.96037973824
PSO,F30,30,88465.11498986496
DE,F1,1,1770233.4654896106
DE,F1,2,1081952.228970144
DE,F1,3,10639.397601347651
DE,F1,4,7353238.207731029
DE,F1,5,102167.33258767147
DE,F1,6,14446.089957438231
DE,F1,7,16215476.3202345
DE,F1,8,11826.652823705763
DE,F1,9,19050.144374668525
DE,F1,10,3903595.1384432083
DE,F1,11,6251927.393371531
DE,F1,12,112.5870062266174
DE,F1,13,33100.670193418715
DE,F1,14,6235.691667832561
DE,F1,15,154.97256485815004
DE,F1,16,6768562.229700173
DE,F1,17,1826458.0715734847
DE,F1,18,10643.338171907255
DE,F1,19,7039.649631139899
DE,F1,20,7072.88324284224
DE,F1,21,21000083.66867708
DE,F1,22,182.9976848174891
DE,F1,23,25519107.413689822
DE,F1,24,12314.852163812377
DE,F1,25,3346.925490871332
DE,F1,26,32429.158479670867
DE,F1,27,8691.499127563615
DE,F1,28,74716249.34434418
DE,F1,29,12329.583415614268
DE,F1,30,161925812.35746235
DE,F3,1,20982.269252793285
DE,F3,2,28593.470344395475
DE,F3,3,32959.66009620363
DE,F3,4,9488.366070373411
DE,F3,5,25266.98041039988
DE,F3,6,19597.77016082534
DE,F3,7,18176.674177637346
DE,F3,8,18577.19502995251
DE,F3,9,27159.058748753443
DE,F3,10,56088.99303805504
DE,F3,11,22016.927751508443
DE,F3,12,40903.74213671214
DE,F3,13,28473.2215584676
DE,F3,14,22629.339155430214
DE,F3,15,36107.94523697339
DE,F3,16,33395.58481889993
DE,F3,17,19647.8127016388
DE,F3,18,30217.588847702504
DE,F3,19,45690.88782485754
DE,F3,20,28248.685738016167
DE,F3,21,20029.743085879294
DE,F3,22,26211.379141513607
DE,F3,23,69731.9184197361
DE,F3,24,15961.884527269112
DE,F3,25,17276.999884079218
DE,F3,26,29750.242790001386
DE,F3,27,20205.40922647294
DE,F3,28,27424.141975245748
DE,F3,29,15821.711266579912
DE,F3,30,11852.775384582983
DE,F4,1,467.62485577406096
DE,F4,2,492.2631107474368
DE,F4,3,469.33839134985055
DE,F4,4,470.8572944926698
DE,F4,5,514.6028472472435
DE,F4,6,486.15510957292327
DE,F4,7,482.69897005207304
DE,F4,8,501.6986978623297
DE,F4,9,514.1482911620967
DE,F4,10,494.6446839634698
DE,F4,11,469.3834629052064
DE,F4,12,586.5949292854184
DE,F4,13,475.7284871653263
DE,F4,14,488.2812721846686
DE,F4,15,509.43422676739203
DE,F4,16,474.5031034568599
DE,F4,17,476.54020301409355
DE,F4,18,538.3330159791902
DE,F4,19,511.57233877285597
DE,F4,20,512.7307954595584
DE,F4,21,472.521804063504
DE,F4,22,489.643350178586
DE,F4,23,530.1454917372264
DE,F4,24,492.9380817038307
DE,F4,25,488.26834816048006
DE,F4,26,468.86316656956086
DE,F4,27,515.098969715078
DE,F4,28,552.8364135418058
DE,F4,29,491.44378460736
DE,F4,30,490.850815678891
DE,F5,1,704.724262684284
DE,F5,2,717.7017403996988
DE,F5,3,629.6470755594484
DE,F5,4,554.981596364607
DE,F5,5,662.752710666038
DE,F5,6,572.3662084213387
DE,F5,7,670.388428562136
DE,F5,8,690.1031909490002
DE,F5,9,701.2831113860232
DE,F5,10,673.6405405737165
DE,F5,11,703.1188456723928
DE,F5,12,696.6007429593508
DE,F5,13,688.3650906257685
DE,F5,14,537.8148350014652
DE,F5,15,720.1333450732849
DE,F5,16,685.0963140030941
DE,F5,17,664.5751461618331
DE,F5,18,679.851491219912
DE,F5,19,536.8134885404922
DE,F5,20,690.2733250737765
DE,F5,21,585.2709224945908
DE,F5,22,693.0511453533974
DE,F5,23,537.8550461174515
DE,F5,24,697.0830655152249
DE,F5,25,683.9800373271049
DE,F5,26,715.6803208837205
DE,F5,27,693.1645292122556
DE,F5,28,659.8289941046253
DE,F5,29,535.9355857750097
DE,F5,30,694.7963927354444
DE,F6,1,600.0452186599807
DE,F6,2,600.3246984711943
DE,F6,3,600.0699506681634
DE,F6,4,600.1951624926016
DE,F6,5,600.0262329064191
DE,F6,6,600.3500469792943
DE,F6,7,600.1882795227689
DE,F6,8,600.0660885228255
DE,F6,9,600.0130026509468
DE,F6,10,600.1180233752167
DE,F6,11,600.2183303781296
DE,F6,12,600.0193131978681
DE,F6,13,600.0198420700299
DE,F6,14,600.0541897388027
DE,F6,15,600.092831648293
DE,F6,16,600.07143388608
DE,F6,17,600.0098951029232
DE,F6,18,600.0765974669724
DE,F6,19,600.0033083927395
DE,F6,20,600.0261662540636
DE,F6,21,600.0753497388565
DE,F6,22,600.1170509079644
DE,F6,23,600.1312585941964
DE,F6,24,600.0122796132456
DE,F6,25,600.3421295708539
DE,F6,26,600.0010677811833
DE,F6,27,600.0011989784873
DE,F6,28,600.390942924747
DE,F6,29,600.4159431100747
DE,F6,30,600.1265418904068
DE,F7,1,909.7013124182255
DE,F7,2,938.0997386237009
DE,F7,3,917.2395761487402
DE,F7,4,925.3129764378741
DE,F7,5,942.1927960434042
DE,F7,6,972.561756586997
DE,F7,7,940.6939116924951
DE,F7,8,956.7631677976908
DE,F7,9,923.7404813588516
DE,F7,10,955.745766522257
DE,F7,11,935.2985617907804
DE,F7,12,947.7700533844124
DE,F7,13,919.0588961274145
DE,F7,14,933.7052888535583
DE,F7,15,952.3838111886016
DE,F7,16,924.6897188369076
DE,F7,17,929.8921280586717
DE,F7,18,944.4664152060088
DE,F7,19,944.2105646576751
DE,F7,20,930.397290176241
DE,F7,21,922.5799850281758
DE,F7,22,952.7514446320467
DE,F7,23,920.5743457979775
DE,F7,24,941.5613747908379
DE,F7,25,931.5469659706588
DE,F7,26,956.5109907843755
DE,F7,27,927.3895261519708
DE,F7,28,864.1315520122685
DE,F7,29,954.2420695826803
DE,F7,30,954.9204943390467
DE,F8,1,985.9797880789017
DE,F8,2,996.2931209067897
DE,F8,3,993.6489175588661
DE,F8,4,947.2733005278492
DE,F8,5,991.7178243595722
DE,F8,6,966.9207532885309
DE,F8,7,1012.4632447492787
DE,F8,8,842.0375189122424
DE,F8,9,929.0110296954476
DE,F8,10,1009.4853151654748
DE,F8,11,963.6215888529537
DE,F8,12,1014.4747251319072
DE,F8,13,971.9626796915104
DE,F8,14,847.8700873218075
DE,F8,15,969.448909211269
DE,F8,16,961.1701122667757
DE,F8,17,982.8792190436052
DE,F8,18,1006.956667697038
DE,F8,19,1016.3439638179943
DE,F8,20,980.2650386374139
DE,F8,21,902.6380041983969
DE,F8,22,990.0975227944356
DE,F8,23,961.5960733480315
DE,F8,24,992.5083737484798
DE,F8,25,838.2855940583914
DE,F8,26,1017.5478357971638
DE,F8,27,820.4927406766503
DE,F8,28,923.0393398323494
DE,F8,29,963.3901246130589
DE,F8,30,1003.3427766434913
DE,F9,1,912.6662178599541
DE,F9,2,934.0130845957893
DE,F9,3,922.5481505498128
DE,F9,4,2025.577856473785
DE,F9,5,905.200623280395
DE,F9,6,902.6282771895376
DE,F9,7,928.2806605198184
DE,F9,8,910.3714053125409
DE,F9,9,912.6388048057263
DE,F9,10,917.0577353411284
DE,F9,11,901.2672791526068
DE,F9,12,946.7803956341035
DE,F9,13,940.7298569411225
DE,F9,14,1048.9274600844483
DE,F9,15,908.3679306444075
DE,F9,16,906.640724578456
DE,F9,17,1556.317265674797
DE,F9,18,905.6790558345378
DE,F9,19,909.5072022501904
DE,F9,20,901.3569665091962
DE,F9,21,912.4872038075097
DE,F9,22,905.4671717754013
DE,F9,23,1397.8000473859968
DE,F9,24,902.8157321851974
DE,F9,25,918.6298165851933
DE,F9,26,958.330788298897
DE,F9,27,911.008683896759
DE,F9,28,926.4216427431803
DE,F9,29,903.7680227293977
DE,F9,30,924.3566980212432
DE,F10,1,7520.7387394262905
DE,F10,2,8508.797608466419
DE,F10,3,8776.684463515208
DE,F10,4,8574.399741437006
DE,F10,5,8739.8595993925
DE,F10,6,6010.932174576254
DE,F10,7,8476.702810008912
DE,F10,8,3656.7977786121464
DE,F10,9,8485.155079815993
DE,F10,10,8132.184348469397
DE,F10,11,8172.390519342152
DE,F10,12,6997.394949749652
DE,F10,13,8063.7232743803615
DE,F10,14,8919.30497395464
DE,F10,15,4312.845434106779
DE,F10,16,8343.959831828543
DE,F10,17,8577.97439131501
DE,F10,18,5610.256476783364
DE,F10,19,8731.895962248313
DE,F10,20,8657.20915146299
DE,F10,21,8752.056315221012
DE,F10,22,8067.322840091615
DE,F10,23,7616.510088470438
DE,F10,24,8220.36592690336
DE,F10,25,8291.46957683167
DE,F10,26,8086.01843403444
DE,F10,27,7869.387101211933
DE,F10,28,8642.282098805488
DE,F10,29,8194.710831902401
DE,F10,30,7992.64059196854
DE,F11,1,1206.9177964604883
DE,F11,2,1169.6435858197842
DE,F11,3,1288.1366876784277
DE,F11,4,1173.1590876860005
DE,F11,5,1122.1236781008856
DE,F11,6,1188.165442525356
DE,F11,7,1149.088234062438
DE,F11,8,1171.3985490427679
DE,F11,9,1173.623708367806
DE,F11,10,1143.5236216480816
DE,F11,11,1179.4286445524003
DE,F11,12,1258.6368600752705
DE,F11,13,1238.5157269303163
DE,F11,14,1263.8692425931877
DE,F11,15,1241.2471235694375
DE,F11,16,1126.5691449860037
DE,F11,17,1213.2466739336883
DE,F11,18,1220.8835937237245
DE,F11,19,1196.9054343817093
DE,F11,20,1115.8820926161166
DE,F11,21,1165.6153165257633
DE,F11,22,1198.8685109504454
DE,F11,23,1133.3655266829542
DE,F11,24,1129.0141534043594
DE,F11,25,1237.8975300459595
DE,F11,26,1209.5032318377107
DE,F11,27,1164.9975174056913
DE,F11,28,1203.45741349344
DE,F11,29,1171.3547937673004
DE,F11,30,1135.3458413496844
DE,F12,1,99307.23696955052
DE,F12,2,59768.85866406288
DE,F12,3,1711116.972440421
DE,F12,4,382263.12638746103
DE,F12,5,2321984.4811227918
DE,F12,6,321815.9443555967
DE,F12,7,3735576.213803861
DE,F12,8,1057990.1268255077
DE,F12,9,36598.3503436768
DE,F12,10,1180481.237884105
DE,F12,11,309887.01957846136
DE,F12,12,3172859.903580788
DE,F12,13,3434456.452139148
DE,F12,14,201539.68901381135
DE,F12,15,284558.62287816306
DE,F12,16,547945.2882034485
DE,F12,17,188214.5086680905
DE,F12,18,174687.101343036
DE,F12,19,839989.4976930371
DE,F12,20,150571.63475020873
DE,F12,21,1334129.9780139392
DE,F12,22,108393.41856997737
DE,F12,23,731548.1128908244
DE,F12,24,484964.6396863359
DE,F12,25,370691.23848055064
DE,F12,26,240171.16189190932
DE,F12,27,4257876.510913547
DE,F12,28,472279.92613059276
DE,F12,29,2729096.454245813
DE,F12,30,114759.01123333527
DE,F13,1,13919.072507180257
DE,F13,2,7654.069587670046
DE,F13,3,10636.836693572473
DE,F13,4,32215.76443827209
DE,F13,5,1863.7123688449183
DE,F13,6,7694.955646015425
DE,F13,7,59706.91129570648
DE,F13,8,8294.339398260792
DE,F13,9,2848.6883045278373
DE,F13,10,36340.36365608048
DE,F13,11,3071.0598388141048
DE,F13,12,6753.718080438787
DE,F13,13,8071.991060693845
DE,F13,14,5985.670513776561
DE,F13,15,2081.065449470576
DE,F13,16,9982.72111216572
DE,F13,17,15111.489050364378
DE,F13,18,2196.9977817855906
DE,F13,19,2026.2169532456355
DE,F13,20,10894.514260325474
DE,F13,21,53709.07504004152
DE,F13,22,2012.9438642124487
DE,F13,23,10503.365680605017
DE,F13,24,7247.925894341586
DE,F13,25,27231.821513313665
DE,F13,26,2101.7444220874218
DE,F13,27,9392.380710013456
DE,F13,28,15068.191193019129
DE,F13,29,1497.3042756303862
DE,F13,30,5237.184300067771
DE,F14,1,1495.3621053131794
DE,F14,2,1465.0022447341062
DE,F14,3,1914.0713146222188
DE,F14,4,1439.6048382490471
DE,F14,5,1482.4305794739792
DE,F14,6,3504.620074023954
DE,F14,7,6860.851584668541
DE,F14,8,2377.8684715232666
DE,F14,9,4475.906038500361
DE,F14,10,1491.615860944522
DE,F14,11,3466.9712594821217
DE,F14,12,1672.103179900991
DE,F14,13,1451.2060093836326
DE,F14,14,3572.8744002552435
DE,F14,15,1536.7218778977087
DE,F14,16,5190.778089558262
DE,F14,17,2114.9850507545166
DE,F14,18,2038.1861716390276
DE,F14,19,1601.374746372921
DE,F14,20,1843.4793160374916
DE,F14,21,6942.319038769853
DE,F14,22,2179.546265148868
DE,F14,23,1511.9876974156825
DE,F14,24,1515.567913301111
DE,F14,25,4122.954865207391
DE,F14,26,1488.5794797919561
DE,F14,27,6008.473946742048
DE,F14,28,1860.0813322571482
DE,F14,29,81744.17435467288
DE,F14,30,6381.809520895098
DE,F15,1,22448.304045413806
DE,F15,2,1913.9239321670113
DE,F15,3,1928.6949136879532
DE,F15,4,7253.529883850868
DE,F15,5,1836.3226307969658
DE,F15,6,1834.6101651869456
DE,F15,7,1620.7567378230167
DE,F15,8,1656.0662761486408
DE,F15,9,1679.6375378906992
DE,F15,10,1588.7874090173011
DE,F15,11,1883.4081421325536
DE,F15,12,8873.470944925211
DE,F15,13,1536.8792201998747
DE,F15,14,7180.368115658444
DE,F15,15,1679.9364276768479
DE,F15,16,2286.990406096447
DE,F15,17,1557.1581781988557
DE,F15,18,2123.384159940904
DE,F15,19,7264.354332850179
DE,F15,20,1792.0004143063852
DE,F15,21,19175.634663009583
DE,F15,22,4089.0284440689934
DE,F15,23,3056.5473134337863
DE,F15,24,1641.5545605544878
DE,F15,25,9122.15895790808
DE,F15,26,1818.0783334970383
DE,F15,27,2869.042705377805
DE,F15,28,8272.872582946198
DE,F15,29,7324.406082688258
DE,F15,30,29604.19274359914
DE,F16,1,3279.087001083421
DE,F16,2,2554.757049188378
DE,F16,3,2559.7685110210964
DE,F16,4,2513.5282770427043
DE,F16,5,1754.0356317562712
DE,F16,6,1642.8752292813106
DE,F16,7,2075.372125362436
DE,F16,8,3095.545896827769
DE,F16,9,2240.331524187002
DE,F16,10,1792.0835356067676
DE,F16,11,2703.8362957977397
DE,F16,12,3148.251848047157
DE,F16,13,1769.6026791349034
DE,F16,14,2973.0315568428446
DE,F16,15,2532.693537151198
DE,F16,16,1967.3237254975243
DE,F16,17,2161.1660060097092
DE,F16,18,1906.738144703826
DE,F16,19,2392.5060291342206
DE,F16,20,2600.331501143309
DE,F16,21,2709.5384755463633
DE,F16,22,1670.776133046194
DE,F16,23,2878.653282046229
DE,F16,24,2298.9791768196565
DE,F16,25,1827.8784274281056
DE,F16,26,2007.9297378299434
DE,F16,27,3127.2440654904417
DE,F16,28,2253.441493028104
DE,F16,29,2467.976143533342
DE,F16,30,3012.8169444529485
DE,F17,1,1928.1636177358307
DE,F17,2,1785.1722804829603
DE,F17,3,1808.2165411040553
DE,F17,4,1850.371198916022
DE,F17,5,2152.928990031376
DE,F17,6,1806.4166849944145
DE,F17,7,1887.8000981889609
DE,F17,8,1770.3665045534676
DE,F17,9,1777.186040993209
DE,F17,10,1873.9612244326008
DE,F17,11,1781.7699068809504
DE,F17,12,2066.464441656727
DE,F17,13,1897.4702929048115
DE,F17,14,1811.9980121161539
DE,F17,15,1897.653238276399
DE,F17,16,2107.9995050029465
DE,F17,17,1790.1550035625658
DE,F17,18,1806.0916254531035
DE,F17,19,1887.8763759519697
DE,F17,20,1756.4501218867908
DE,F17,21,1906.1639783499581
DE,F17,22,1781.9816388514491
DE,F17,23,1765.5031407552628
DE,F17,24,1792.9137557109461
DE,F17,25,1895.4884183839122
DE,F17,26,1849.4873512822478
DE,F17,27,1930.033817971896
DE,F17,28,1860.4615251494756
DE,F17,29,1932.1737725325643
DE,F17,30,1826.7330008360739
DE,F18,1,81605.43737265251
DE,F18,2,26703.75723605451
DE,F18,3,258100.36491576867
DE,F18,4,17644.62277513594
DE,F18,5,47794.58238971518
DE,F18,6,64005.26960000763
DE,F18,7,82806.42527124187
DE,F18,8,26730.756430419613
DE,F18,9,37799.08870330376
DE,F18,10,42889.88141027498
DE,F18,11,52901.67695900729
DE,F18,12,151842.51787483698
DE,F18,13,61982.43444559685
DE,F18,14,44268.05973480293
DE,F18,15,62883.74845629305
DE,F18,16,222916.49474278948
DE,F18,17,83466.66911003897
DE,F18,18,78550.79364911804
DE,F18,19,106272.98382675197
DE,F18,20,102161.9579543223
DE,F18,21,88402.8889537289
DE,F18,22,36266.206310359215
DE,F18,23,69804.89594697162
DE,F18,24,14608.269646226252
DE,F18,25,20380.454603542767
DE,F18,26,53825.72230293838
DE,F18,27,48122.774823627464
DE,F18,28,44892.61754211472
DE,F18,29,56436.4938720737
DE,F18,30,109882.33832366932
DE,F19,1,2038.8276835907045
DE,F19,2,4342.910876898085
DE,F19,3,7104.235484564541
DE,F19,4,2208.655443836892
DE,F19,5,9622.197523779443
DE,F19,6,5452.7327459829285
DE,F19,7,9342.243262169653
DE,F19,8,3475.412159219889
DE,F19,9,1935.8108703860867
DE,F19,10,25442.910623308704
DE,F19,11,4779.933945941597
DE,F19,12,1972.456878421168
DE,F19,13,6053.140849351714
DE,F19,14,1944.0723363816135
DE,F19,15,5497.276730389673
DE,F19,16,9606.862381000028
DE,F19,17,5813.388568493849
DE,F19,18,4011.7022249437177
DE,F19,19,2158.3389236316566
DE,F19,20,2152.1071113393205
DE,F19,21,2703.74919263125
DE,F19,22,18090.525999860016
DE,F19,23,1982.0724181282842
DE,F19,24,1924.7644032061553
DE,F19,25,5517.694646828606
DE,F19,26,2250.391493192336
DE,F19,27,1950.9241600207793
DE,F19,28,9458.776875953212
DE,F19,29,5809.269611992962
DE,F19,30,1930.093037177641
DE,F20,1,2406.3883494792567
DE,F20,2,2025.0499325938517
DE,F20,3,2052.1120586059888
DE,F20,4,2346.4820169180707
DE,F20,5,2677.554626690024
DE,F20,6,2169.3752291966603
DE,F20,7,2170.9779467476433
DE,F20,8,2089.947666121554
DE,F20,9,2078.4031174068373
DE,F20,10,2597.618611621093
DE,F20,11,2261.885018167993
DE,F20,12,2730.2996912446765
DE,F20,13,2476.091773666273
DE,F20,14,2238.8049591775853
DE,F20,15,2230.9378184299912
DE,F20,16,2074.4650670198844
DE,F20,17,2360.075246871311
DE,F20,18,2605.5888764866554
DE,F20,19,2055.7292231433066
DE,F20,20,2067.024664984854
DE,F20,21,2045.9246734885626
DE,F20,22,2213.1310751054093
DE,F20,23,2212.43508236938
DE,F20,24,2706.62877038675
DE,F20,25,2033.7041810768396
DE,F20,26,2300.4167020843965
DE,F20,27,2149.4482534330873
DE,F20,28,2037.2101294586796
DE,F20,29,2032.4268008611364
DE,F20,30,2343.5105026376077
DE,F21,1,2470.4473712896547
DE,F21,2,2478.562794189694
DE,F21,3,2501.575000428442
DE,F21,4,2480.7315160974213
DE,F21,5,2476.011455823011
DE,F21,6,2335.782047431924
DE,F21,7,2480.3508811746947
DE,F21,8,2363.0200738148746
DE,F21,9,2453.1281805725225
DE,F21,10,2339.7343890166353
DE,F21,11,2493.128793757661
DE,F21,12,2462.619199212201
DE,F21,13,2440.462194661271
DE,F21,14,2466.9835174083305
DE,F21,15,2476.4825065113732
DE,F21,16,2468.416699050169
DE,F21,17,2485.240766330519
DE,F21,18,2411.7611944311266
DE,F21,19,2477.701781948298
DE,F21,20,2353.167236830366
DE,F21,21,2340.7593772567757
DE,F21,22,2480.935967915722
DE,F21,23,2391.5815633840143
DE,F21,24,2509.9164352354433
DE,F21,25,2443.282279778108
DE,F21,26,2339.8497443507927
DE,F21,27,2479.850663753576
DE,F21,28,2500.678633765123
DE,F21,29,2475.519625646586
DE,F21,30,2439.5431905707137
DE,F22,1,9615.893053028725
DE,F22,2,9881.27236142296
DE,F22,3,2300.005684455943
DE,F22,4,2300.5148529732455
DE,F22,5,9850.921559506933
DE,F22,6,2314.2692956824208
DE,F22,7,9850.830461198013
DE,F22,8,2300.016206768684
DE,F22,9,9556.730010836713
DE,F22,10,9635.190380559747
DE,F22,11,4480.008132312541
DE,F22,12,2300.0018565580267
DE,F22,13,2304.6145195767167
DE,F22,14,2302.4630502588725
DE,F22,15,2303.329040485967
DE,F22,16,9742.513371720812
DE,F22,17,2898.1014679082596
DE,F22,18,9890.403311798844
DE,F22,19,2300.09277893644
DE,F22,20,9755.798546016316
DE,F22,21,9875.217548145807
DE,F22,22,2302.522981382101
DE,F22,23,9617.949438510466
DE,F22,24,9105.46153165213
DE,F22,25,2300.716674746131
DE,F22,26,9583.129070445144
DE,F22,27,9589.603271110545
DE,F22,28,2300.104193399449
DE,F22,29,9220.73156741905
DE,F22,30,9102.699088494663
DE,F23,1,2838.848435032142
DE,F23,2,2822.5917481685833
DE,F23,3,2831.3079536261803
DE,F23,4,2827.414024604697
DE,F23,5,2838.4495569499622
DE,F23,6,2744.6251298157226
DE,F23,7,2793.445379269385
DE,F23,8,2698.595524363368
DE,F23,9,2685.0232983826763
DE,F23,10,2827.309980040666
DE,F23,11,2692.642325408907
DE,F23,12,2693.235719302228
DE,F23,13,2907.199940306738
DE,F23,14,2846.3441094769623
DE,F23,15,2691.3170257701713
DE,F23,16,2668.077118660212
DE,F23,17,2715.268972045292
DE,F23,18,2683.3588326700374
DE,F23,19,2671.6658281223545
DE,F23,20,2699.916281935164
DE,F23,21,2736.7304376256957
DE,F23,22,2681.082567259863
DE,F23,23,2777.399954218883
DE,F23,24,2722.65170198868
DE,F23,25,2749.9069063458696
DE,F23,26,2718.882744423485
DE,F23,27,2723.460640145781
DE,F23,28,2827.9664026843575
DE,F23,29,2688.5358531045786
DE,F23,30,2683.204605277203
DE,F24,1,2880.3544710327033
DE,F24,2,2868.825607533911
DE,F24,3,2966.980813952622
DE,F24,4,2857.8489518386195
DE,F24,5,3003.5390929939026
DE,F24,6,3020.353271923153
DE,F24,7,2875.6067392467066
DE,F24,8,3013.4052307084316
DE,F24,9,3037.391433123717
DE,F24,10,3003.108542681207
DE,F24,11,2985.8330049024157
DE,F24,12,3074.439219052023
DE,F24,13,2878.301185319379
DE,F24,14,2931.336095141727
DE,F24,15,3033.780265981575
DE,F24,16,2912.939002426369
DE,F24,17,2860.4396981634845
DE,F24,18,2875.967209424901
DE,F24,19,2866.6317913951366
DE,F24,20,2870.305976878747
DE,F24,21,3033.0289836285783
DE,F24,22,2866.6925053978807
DE,F24,23,2882.942516395121
DE,F24,24,3009.72622087799
DE,F24,25,2854.1380374233595
DE,F24,26,2872.30703261204
DE,F24,27,2854.128648566944
DE,F24,28,2922.6465473598873
DE,F24,29,2858.894187492884
DE,F24,30,3014.181820070513
DE,F25,1,2922.4751321772837
DE,F25,2,2887.3300872803256
DE,F25,3,2888.9564392484076
DE,F25,4,2888.468566823195
DE,F25,5,2888.658805190092
DE,F25,6,2888.722396772074
DE,F25,7,2887.423004717009
DE,F25,8,2891.4886884030852
DE,F25,9,2887.838447311393
DE,F25,10,2890.264902213513
DE,F25,11,2890.154866342721
DE,F25,12,2889.100603981131
DE,F25,13,2898.0556786414763
DE,F25,14,2888.3539824609816
DE,F25,15,2889.3303792935476
DE,F25,16,2893.302905833497
DE,F25,17,2888.77422777721
DE,F25,18,2887.505318194756
DE,F25,19,2921.840882928607
DE,F25,20,2888.175831824174
DE,F25,21,2894.8292112305553
DE,F25,22,2887.7773644359772
DE,F25,23,2890.2951245932263
DE,F25,24,2922.6995394137393
DE,F25,25,2888.5594732061622
DE,F25,26,2887.1723676920683
DE,F25,27,2890.1815962465407
DE,F25,28,2892.271861982988
DE,F25,29,2888.933152516676
DE,F25,30,2893.209777871032
DE,F26,1,5611.444596146592
DE,F26,2,4272.61064940751
DE,F26,3,4189.588324139366
DE,F26,4,4181.510451074571
DE,F26,5,3940.927152887018
DE,F26,6,4255.2547280158415
DE,F26,7,4053.3183580260356
DE,F26,8,4388.696491614486
DE,F26,9,4042.0858374519366
DE,F26,10,4215.516811159649
DE,F26,11,4327.259069951482
DE,F26,12,3960.0343512003446
DE,F26,13,4040.3988859355172
DE,F26,14,4115.145893056646
DE,F26,15,4216.552791877335
DE,F26,16,3954.7063102929656
DE,F26,17,3838.9671252866888
DE,F26,18,4098.019373024898
DE,F26,19,3813.6282923454914
DE,F26,20,4602.179054512034
DE,F26,21,5586.139614946577
DE,F26,22,2938.686525793062
DE,F26,23,4244.041682950865
DE,F26,24,4330.828931075542
DE,F26,25,4365.969385405759
DE,F26,26,3889.0704050657546
DE,F26,27,4026.2876043376123
DE,F26,28,4496.86366335505
DE,F26,29,4299.599201414412
DE,F26,30,4426.467466745069
DE,F27,1,3219.2602400078035
DE,F27,2,3216.172398857262
DE,F27,3,3240.538674427094
DE,F27,4,3227.5871842889414
DE,F27,5,3217.8640222123513
DE,F27,6,3226.070128155041
DE,F27,7,3228.8359470598816
DE,F27,8,3217.7514636705446
DE,F27,9,3208.465386786437
DE,F27,10,3216.249660186286
DE,F27,11,3197.043520774057
DE,F27,12,3219.8745791263445
DE,F27,13,3209.8876349749917
DE,F27,14,3235.1017207360737
DE,F27,15,3212.68994953864
DE,F27,16,3233.647002827767
DE,F27,17,3211.488663587586
DE,F27,18,3216.4809697206238
DE,F27,19,3213.7043994794894
DE,F27,20,3246.0852790876847
DE,F27,21,3227.5302597521313
DE,F27,22,3235.0043844603188
DE,F27,23,3250.9517977185687
DE,F27,24,3209.114501995268
DE,F27,25,3237.679782306329
DE,F27,26,3214.683081480431
DE,F27,27,3216.915873791586
DE,F27,28,3235.605943078712
DE,F27,29,3208.0009330922035
DE,F27,30,3213.45293089831
DE,F28,1,3288.003551453368
DE,F28,2,3285.0959695572983
DE,F28,3,3223.3581230208265
DE,F28,4,3223.0594268799705
DE,F28,5,3254.542027813082
DE,F28,6,3216.493565875413
DE,F28,7,3219.096480195689
DE,F28,8,3207.838119663772
DE,F28,9,3234.868790948366
DE,F28,10,3227.8689454225955
DE,F28,11,3204.6320010714962
DE,F28,12,3254.770379531631
DE,F28,13,3236.356217801198
DE,F28,14,3237.978896061538
DE,F28,15,3230.277564777518
DE,F28,16,3252.530828801113
DE,F28,17,3213.6228043601054
DE,F28,18,3255.891027161246
DE,F28,19,3221.625968645415
DE,F28,20,3358.3404652538866
DE,F28,21,3220.5554530569757
DE,F28,22,3230.86185614422
DE,F28,23,3239.971907351565
DE,F28,24,3232.1416430574695
DE,F28,25,3260.53754985749
DE,F28,26,3229.3635547753815
DE,F28,27,3214.022911805884
DE,F28,28,3230.086047023735
DE,F28,29,3230.814608439379
DE,F28,30,3233.2514580348984
DE,F29,1,3943.795912520731
DE,F29,2,3398.885332518992
DE,F29,3,3418.603934393668
DE,F29,4,3430.0385181022225
DE,F29,5,3390.1727402872407
DE,F29,6,3485.863776314172
DE,F29,7,3425.0888437459107
DE,F29,8,3623.613530484089
DE,F29,9,3475.2445960577074
DE,F29,10,3497.8263845750134
DE,F29,11,3422.657553728065
DE,F29,12,3657.808660607299
DE,F29,13,3365.5613485767485
DE,F29,14,3396.969826666743
DE,F29,15,3633.330745020753
DE,F29,16,3380.518237581109
DE,F29,17,3457.4571744156497
DE,F29,18,3378.356389292934
DE,F29,19,3362.9477734185884
DE,F29,20,3457.583678888397
DE,F29,21,3532.122129227968
DE,F29,22,3418.932361137425
DE,F29,23,3897.869529264306
DE,F29,24,4027.828699532669
DE,F29,25,3768.8416800589453
DE,F29,26,3403.134585986275
DE,F29,27,3490.6139964947906
DE,F29,28,3849.0457986547926
DE,F29,29,3519.8840795704104
DE,F29,30,3472.7552284650765
DE,F30,1,11803.381390723276
DE,F30,2,7463.5139099138305
DE,F30,3,8820.599663009942
DE,F30,4,7474.155927959226
DE,F30,5,7902.1639838753945
DE,F30,6,18935.412809693527
DE,F30,7,13167.712930520162
DE,F30,8,9905.541193793904
DE,F30,9,9419.900072106111
DE,F30,10,11335.173000259982
DE,F30,11,7759.693004741968
DE,F30,12,6628.489208960026
DE,F30,13,8562.10288936382
DE,F30,14,10430.59739258479
DE,F30,15,8871.783797645625
DE,F30,16,14326.37021184611
DE,F30,17,5815.609634663314
DE,F30,18,13651.713954642692
DE,F30,19,10149.966125797153
DE,F30,20,12411.788883251013
DE,F30,21,11661.096188820173
DE,F30,22,8826.195811819473
DE,F30,23,9845.444806575633
DE,F30,24,14530.9920991866
DE,F30,25,5826.012808261829
DE,F30,26,7928.779493346119
DE,F30,27,8545.143922210424
DE,F30,28,12009.904946280914
DE,F30,29,10574.122090373945
DE,F30,30,11000.261256007354
ABC,F1,1,34472038.00950892
ABC,F1,2,12094291.212002302
ABC,F1,3,38574225.45756102
ABC,F1,4,53020051.43292364
ABC,F1,5,10727938.342208818
ABC,F1,6,16619165.41673011
ABC,F1,7,19931493.105394594
ABC,F1,8,42775831.13274176
ABC,F1,9,58924600.7382009
ABC,F1,10,23473495.09241461
ABC,F1,11,53893707.09677389
ABC,F1,12,52844482.94528905
ABC,F1,13,23837209.74316973
ABC,F1,14,24824800.159471992
ABC,F1,15,21985582.52199986
ABC,F1,16,33760265.62852004
ABC,F1,17,9346391.693593761
ABC,F1,18,27150300.491109524
ABC,F1,19,11815864.411270475
ABC,F1,20,17870676.170525234
ABC,F1,21,10037582.149600547
ABC,F1,22,58684169.84509506
ABC,F1,23,20863668.686912388
ABC,F1,24,37079804.782436304
ABC,F1,25,14585249.806633705
ABC,F1,26,13519692.53440078
ABC,F1,27,51276828.265461795
ABC,F1,28,6993817.4971372
ABC,F1,29,29961919.59140835
ABC,F1,30,13708969.933877142
ABC,F3,1,150779.4277777989
ABC,F3,2,140182.8862670468
ABC,F3,3,167070.927491023
ABC,F3,4,108938.91924890937
ABC,F3,5,134010.6798447068
ABC,F3,6,146123.33657626848
ABC,F3,7,160018.31986863696
ABC,F3,8,148451.39753040936
ABC,F3,9,192137.9893975719
ABC,F3,10,160524.21860812834
ABC,F3,11,183476.4726872444
ABC,F3,12,162863.0682098644
ABC,F3,13,144869.8687122199
ABC,F3,14,118199.11958567507
ABC,F3,15,124407.91477162624
ABC,F3,16,168204.18248019597
ABC,F3,17,161962.0756507082
ABC,F3,18,144151.33202271012
ABC,F3,19,121741.69095427677
ABC,F3,20,176057.82696200942
ABC,F3,21,149492.5629074587
ABC,F3,22,84055.5214389694
ABC,F3,23,146351.45157355978
ABC,F3,24,177275.9491205932
ABC,F3,25,121036.00074785008
ABC,F3,26,162852.79352148456
ABC,F3,27,135708.04085966054
ABC,F3,28,143353.12345005397
ABC,F3,29,170333.7297425576
ABC,F3,30,144685.83990518583
ABC,F4,1,590.8582013526169
ABC,F4,2,559.3165949188183
ABC,F4,3,530.915011735684
ABC,F4,4,537.9321499522852
ABC,F4,5,537.3798089248875
ABC,F4,6,567.974007016194
ABC,F4,7,602.2177158923926
ABC,F4,8,569.4199236031477
ABC,F4,9,559.0357029829217
ABC,F4,10,529.6579140619469
ABC,F4,11,561.6456831663211
ABC,F4,12,542.8545643274696
ABC,F4,13,578.1838866791238
ABC,F4,14,552.0401204113822
ABC,F4,15,586.2375941333431
ABC,F4,16,607.4249703321061
ABC,F4,17,567.9591420490625
ABC,F4,18,630.6047539218316
ABC,F4,19,544.415276550192
ABC,F4,20,591.2130320064191
ABC,F4,21,600.9132582934069
ABC,F4,22,554.377661459268
ABC,F4,23,553.099534690286
ABC,F4,24,580.5249807054661
ABC,F4,25,546.1890119833859
ABC,F4,26,526.8082845968661
ABC,F4,27,510.83944582223205
ABC,F4,28,563.0007584755148
ABC,F4,29,580.4677687670064
ABC,F4,30,519.2990130089937
ABC,F5,1,727.1681130427123
ABC,F5,2,738.7678454056476
ABC,F5,3,745.5013991490327
ABC,F5,4,753.0619057308902
ABC,F5,5,732.7828380053974
ABC,F5,6,748.3809080403125
ABC,F5,7,762.3673316862128
ABC,F5,8,729.0602152030964
ABC,F5,9,748.466649154332
ABC,F5,10,727.3013521957652
ABC,F5,11,744.7254474274298
ABC,F5,12,730.1532045350184
ABC,F5,13,728.6455807214968
ABC,F5,14,729.5599470458102
ABC,F5,15,749.454567974068
ABC,F5,16,738.5043295964642
ABC,F5,17,732.2938655290716
ABC,F5,18,739.7218458929575
ABC,F5,19,726.7457190325189
ABC,F5,20,746.6271238864844
ABC,F5,21,747.3826905805655
ABC,F5,22,732.6616213612657
ABC,F5,23,737.2028836300326
ABC,F5,24,727.1713712367903
ABC,F5,25,732.2524469075101
ABC,F5,26,747.2924909235302
ABC,F5,27,725.2896569012743
ABC,F5,28,750.0406252927405
ABC,F5,29,758.3645725596801
ABC,F5,30,702.4347145053432
ABC,F6,1,602.5508393991739
ABC,F6,2,602.241400253336
ABC,F6,3,603.6462390869993
ABC,F6,4,603.5040075978782
ABC,F6,5,603.6490346603337
ABC,F6,6,604.6401364873542
ABC,F6,7,604.1650065524068
ABC,F6,8,603.2618314667891
ABC,F6,9,605.300103528845
ABC,F6,10,604.2569931563643
ABC,F6,11,604.8840377794518
ABC,F6,12,603.5192742686608
ABC,F6,13,603.5536061835979
ABC,F6,14,604.4482053105916
ABC,F6,15,602.9938202388898
ABC,F6,16,603.6599444400026
ABC,F6,17,603.4932434846376
ABC,F6,18,602.287875649569
ABC,F6,19,603.7036025937941
ABC,F6,20,603.4136631106877
ABC,F6,21,604.5545017034574
ABC,F6,22,603.338161808175
ABC,F6,23,603.2937121246985
ABC,F6,24,604.2308075946197
ABC,F6,25,606.4036143997738
ABC,F6,26,603.3100342660354
ABC,F6,27,603.4915937828283
ABC,F6,28,603.1134795600087
ABC,F6,29,604.5756135664583
ABC,F6,30,602.58272279618
ABC,F7,1,1001.7524749076459
ABC,F7,2,982.5254344723735
ABC,F7,3,983.0402479552197
ABC,F7,4,970.1212539993437
ABC,F7,5,984.1896728685256
ABC,F7,6,1002.0261439824446
ABC,F7,7,968.0397606372223
ABC,F7,8,1011.3084371042632
ABC,F7,9,987.8736520531863
ABC,F7,10,980.9763427868739
ABC,F7,11,973.176591708207
ABC,F7,12,962.8140593596236
ABC,F7,13,991.1272202605296
ABC,F7,14,990.5462405087217
ABC,F7,15,974.9977072666736
ABC,F7,16,966.8719449851553
ABC,F7,17,990.3623414016567
ABC,F7,18,973.835258000008
ABC,F7,19,1001.176361612988
ABC,F7,20,982.724208149172
ABC,F7,21,964.6214723902305
ABC,F7,22,994.366868765902
ABC,F7,23,978.6202616975925
ABC,F7,24,1000.0068995202492
ABC,F7,25,997.0528832499668
ABC,F7,26,989.8856537930868
ABC,F7,27,980.252219083123
ABC,F7,28,989.6387040087268
ABC,F7,29,973.7972490191636
ABC,F7,30,992.002873852191
ABC,F8,1,1057.7079425334096
ABC,F8,2,1068.0801212159802
ABC,F8,3,1050.2889100329014
ABC,F8,4,1040.9179945103858
ABC,F8,5,1054.53763760682
ABC,F8,6,1048.7013304311633
ABC,F8,7,1048.6711728315372
ABC,F8,8,1047.979022089095
ABC,F8,9,1024.0083531724536
ABC,F8,10,1031.9921028492563
ABC,F8,11,1048.891067725644
ABC,F8,12,1050.3058872585316
ABC,F8,13,1036.7144467556009
ABC,F8,14,1036.0785032783283
ABC,F8,15,1049.2474326243935
ABC,F8,16,1039.4919724729375
ABC,F8,17,1051.7450643928612
ABC,F8,18,1047.428152764484
ABC,F8,19,1034.187850879454
ABC,F8,20,1005.9021096319933
ABC,F8,21,1045.476121402909
ABC,F8,22,1035.1465139708107
ABC,F8,23,1035.5279304267815
ABC,F8,24,1021.0828812008106
ABC,F8,25,1044.3111453134597
ABC,F8,26,1069.3230549277107
ABC,F8,27,1040.8166571498682
ABC,F8,28,1039.7272218508958
ABC,F8,29,1049.144805206931
ABC,F8,30,1056.9489221202566
ABC,F9,1,1587.2710787295996
ABC,F9,2,2873.781333864596
ABC,F9,3,2277.9543163894605
ABC,F9,4,2236.271424899542
ABC,F9,5,2116.7054038952897
ABC,F9,6,3016.2344212196117
ABC,F9,7,1725.7768917323965
ABC,F9,8,1554.6796786645418
ABC,F9,9,2331.889236024732
ABC,F9,10,2059.490466657379
ABC,F9,11,1544.9662071422417
ABC,F9,12,1794.7605886284764
ABC,F9,13,1449.8922125436513
ABC,F9,14,1962.7403806913524
ABC,F9,15,2370.5993965614693
ABC,F9,16,1823.9101509299426
ABC,F9,17,1822.8655828194128
ABC,F9,18,1928.741699645966
ABC,F9,19,1674.6619411968852
ABC,F9,20,2392.405517638063
ABC,F9,21,1703.369355787584
ABC,F9,22,2318.872712059805
ABC,F9,23,1742.9180164629056
ABC,F9,24,1506.7939537030215
ABC,F9,25,1723.1066945389857
ABC,F9,26,1463.964239722996
ABC,F9,27,1948.6693398954735
ABC,F9,28,2257.0897399723563
ABC,F9,29,2683.0435066508862
ABC,F9,30,2579.822330979594
ABC,F10,1,8878.60717933004
ABC,F10,2,8465.299822885307
ABC,F10,3,8763.315557960996
ABC,F10,4,9130.655708196244
ABC,F10,5,9084.148359694656
ABC,F10,6,8654.127052149
ABC,F10,7,8821.729397705692
ABC,F10,8,8538.29891561859
ABC,F10,9,8013.640691604023
ABC,F10,10,8058.956732773639
ABC,F10,11,8774.62542510555
ABC,F10,12,8765.051339921081
ABC,F10,13,8374.259239604344
ABC,F10,14,8728.168170107198
ABC,F10,15,8156.723817180221
ABC,F10,16,8536.398038886631
ABC,F10,17,8726.608235615258
ABC,F10,18,9071.426476388975
ABC,F10,19,8903.578880066363
ABC,F10,20,8561.106981064979
ABC,F10,21,8540.18320614269
ABC,F10,22,8753.083325962914
ABC,F10,23,8596.054544456607
ABC,F10,24,9025.29987962767
ABC,F10,25,8002.479862402908
ABC,F10,26,8462.131657671223
ABC,F10,27,8931.803198324596
ABC,F10,28,9180.339780470698
ABC,F10,29,8867.162865284206
ABC,F10,30,8608.456581723398
ABC,F11,1,1560.6945514288793
ABC,F11,2,2002.3987592541362
ABC,F11,3,1489.705612901681
ABC,F11,4,1611.1508478895707
ABC,F11,5,1668.7837393172717
ABC,F11,6,1411.657439188859
ABC,F11,7,1773.3963884053937
ABC,F11,8,1615.340412465776
ABC,F11,9,1667.3191167097327
ABC,F11,10,1487.7167499435286
ABC,F11,11,1649.8004406618143
ABC,F11,12,1777.3231518804575
ABC,F11,13,1658.8705881779738
ABC,F11,14,1690.172504792632
ABC,F11,15,1586.5332983193132
ABC,F11,16,1604.1505284603397
ABC,F11,17,1746.381695750405
ABC,F11,18,1391.8027602036295
ABC,F11,19,1578.9347139408378
ABC,F11,20,1519.024975505965
ABC,F11,21,1643.3198957004345
ABC,F11,22,1476.7218797243052
ABC,F11,23,1584.294076299161
ABC,F11,24,1564.6402793286966
ABC,F11,25,1499.959989228355
ABC,F11,26,1660.342298286672
ABC,F11,27,1763.2110634529745
ABC,F11,28,1594.305438071463
ABC,F11,29,1595.0287018305944
ABC,F11,30,1642.4405739951267
ABC,F12,1,13060557.919619873
ABC,F12,2,19903908.719223227
ABC,F12,3,17695062.391940314
ABC,F12,4,26731057.15249677
ABC,F12,5,7991272.072304681
ABC,F12,6,35525257.71552425
ABC,F12,7,16415904.039887302
ABC,F12,8,13139272.486565288
ABC,F12,9,12915828.262047466
ABC,F12,10,17784992.29245656
ABC,F12,11,5604711.984824292
ABC,F12,12,14976017.151138272
ABC,F12,13,65027597.38294958
ABC,F12,14,18182640.283580855
ABC,F12,15,16141216.419405475
ABC,F12,16,9820094.760798605
ABC,F12,17,17555314.07359047
ABC,F12,18,14634991.616028652
ABC,F12,19,14661973.728747992
ABC,F12,20,17317011.213898983
ABC,F12,21,17711600.925551813
ABC,F12,22,17541354.16928202
ABC,F12,23,9218522.560038013
ABC,F12,24,16728403.992959172
ABC,F12,25,24206809.959208436
ABC,F12,26,17856057.006421313
ABC,F12,27,9130864.946382504
ABC,F12,28,28710722.338355668
ABC,F12,29,21557219.986320436
ABC,F12,30,18150157.90342739
ABC,F13,1,28594.79866382991
ABC,F13,2,4081.2659554232164
ABC,F13,3,13852.198930851828
ABC,F13,4,9068.428784739364
ABC,F13,5,18073.807752178094
ABC,F13,6,11661.91553104973
ABC,F13,7,9209.869161288705
ABC,F13,8,55714.83218811283
ABC,F13,9,28120.95632572899
ABC,F13,10,11240.749577351784
ABC,F13,11,4424.3409235151
ABC,F13,12,15526.33374207431
ABC,F13,13,5751.665796274561
ABC,F13,14,25991.03965476818
ABC,F13,15,20309.35367893377
ABC,F13,16,7121.314583704717
ABC,F13,17,12995.286028227887
ABC,F13,18,10393.550971004304
ABC,F13,19,4447.0148950296025
ABC,F13,20,10333.081799358784
ABC,F13,21,31254.845116004297
ABC,F13,22,49319.13130605156
ABC,F13,23,9384.497492494273
ABC,F13,24,6237.784572981
ABC,F13,25,51463.232158162886
ABC,F13,26,26039.33252469235
ABC,F13,27,10478.383190415307
ABC,F13,28,16619.977275581048
ABC,F13,29,2587.0002574931473
ABC,F13,30,30515.046775025807
ABC,F14,1,92674.71005043839
ABC,F14,2,131771.19979830505
ABC,F14,3,93661.76397190041
ABC,F14,4,227243.34717789854
ABC,F14,5,92480.89042368688
ABC,F14,6,116280.54423047592
ABC,F14,7,270161.27190917305
ABC,F14,8,198924.67777011564
ABC,F14,9,190485.71834327027
ABC,F14,10,144928.9066734351
ABC,F14,11,205999.68970940326
ABC,F14,12,118710.87079442754
ABC,F14,13,169363.18925763096
ABC,F14,14,334537.9770683507
ABC,F14,15,154114.37312517557
ABC,F14,16,143691.48375978318
ABC,F14,17,184979.50982930718
ABC,F14,18,114182.3316009946
ABC,F14,19,110767.14091704204
ABC,F14,20,234554.6159266365
ABC,F14,21,556052.09028427
ABC,F14,22,83631.46519872361
ABC,F14,23,205115.6564503673
ABC,F14,24,301154.46777785214
ABC,F14,25,95046.86956150233
ABC,F14,26,274896.9839058711
ABC,F14,27,57416.02161795987
ABC,F14,28,92636.67315057217
ABC,F14,29,82449.04681382609
ABC,F14,30,144193.11906207632
ABC,F15,1,6469.5838799630665
ABC,F15,2,1789.2736976079152
ABC,F15,3,4526.158432847181
ABC,F15,4,9401.63688376019
ABC,F15,5,4414.840715399587
ABC,F15,6,9007.064932662184
ABC,F15,7,1848.7003386699857
ABC,F15,8,3049.645438218806
ABC,F15,9,2387.85856208554
ABC,F15,10,2675.8520112677147
ABC,F15,11,11244.07845504562
ABC,F15,12,3952.7117654286735
ABC,F15,13,3466.104855847644
ABC,F15,14,5892.541290337059
ABC,F15,15,6805.988375020719
ABC,F15,16,2389.775600753202
ABC,F15,17,3046.2056430266425
ABC,F15,18,2619.130094359967
ABC,F15,19,2309.341836802537
ABC,F15,20,8666.54572627213
ABC,F15,21,3592.0849129356748
ABC,F15,22,3888.5422401606506
ABC,F15,23,18094.233778948234
ABC,F15,24,5109.9002037464925
ABC,F15,25,4237.644769345818
ABC,F15,26,4172.402439296328
ABC,F15,27,2984.1125817048205
ABC,F15,28,3336.8065634475415
ABC,F15,29,2048.777730462951
ABC,F15,30,5243.8717082216845
ABC,F16,1,3319.376837552217
ABC,F16,2,3631.9593709281053
ABC,F16,3,2577.5351222858662
ABC,F16,4,3576.642160418485
ABC,F16,5,3439.8036303734816
ABC,F16,6,3584.339467536717
ABC,F16,7,3548.2116762005253
ABC,F16,8,3709.8037588878483
ABC,F16,9,3517.874943446161
ABC,F16,10,3025.104418090262
ABC,F16,11,3535.198547129389
ABC,F16,12,3449.3826781096777
ABC,F16,13,3560.0039011518193
ABC,F16,14,3347.395586739967
ABC,F16,15,3347.5869936842255
ABC,F16,16,3478.5470700634237
ABC,F16,17,3625.2755454771223
ABC,F16,18,3485.2613992791985
ABC,F16,19,3746.0105681176906
ABC,F16,20,3536.501140033948
ABC,F16,21,3544.9305710830436
ABC,F16,22,3712.0838347519375
ABC,F16,23,3650.600950057495
ABC,F16,24,3396.9540567024283
ABC,F16,25,3381.0082526358065
ABC,F16,26,3559.108064281694
ABC,F16,27,3450.2670504783187
ABC,F16,28,3569.832792020963
ABC,F16,29,3253.4698696501628
ABC,F16,30,3404.002885220397
ABC,F17,1,2645.5030066001564
ABC,F17,2,2089.06813780932
ABC,F17,3,2600.183676775478
ABC,F17,4,2475.895781018393
ABC,F17,5,2373.233002490816
ABC,F17,6,2505.609854418845
ABC,F17,7,2555.6883380173954
ABC,F17,8,2170.90353762939
ABC,F17,9,2570.932952517826
ABC,F17,10,2297.9149775929345
ABC,F17,11,2521.180003701498
ABC,F17,12,2101.510266657529
ABC,F17,13,2383.8800784288433
ABC,F17,14,2617.041083861842
ABC,F17,15,2578.2671579483167
ABC,F17,16,2237.1953139115194
ABC,F17,17,2488.3867340431584
ABC,F17,18,2321.5090147552764
ABC,F17,19,2180.2117890401473
ABC,F17,20,2324.465226157072
ABC,F17,21,2608.026551425652
ABC,F17,22,2445.1781856647526
ABC,F17,23,2556.004659875236
ABC,F17,24,2493.698120814761
ABC,F17,25,2574.0667166430057
ABC,F17,26,2256.8422906226024
ABC,F17,27,2354.8792032479487
ABC,F17,28,2645.9323346829437
ABC,F17,29,2556.9087984493276
ABC,F17,30,2494.7480164345434
ABC,F18,1,4969430.45633987
ABC,F18,2,8904541.259604309
ABC,F18,3,4051895.325511457
ABC,F18,4,11818680.956456358
ABC,F18,5,3792261.8531661225
ABC,F18,6,8217137.906354522
ABC,F18,7,2207331.9903815766
ABC,F18,8,5439444.028553954
ABC,F18,9,9762644.359193416
ABC,F18,10,4928245.791192775
ABC,F18,11,1817424.6437346954
ABC,F18,12,7006830.282784743
ABC,F18,13,4400791.532236573
ABC,F18,14,1797666.4705382641
ABC,F18,15,2537169.83932663
ABC,F18,16,3511224.177103488
ABC,F18,17,10455712.627104852
ABC,F18,18,9108749.465716768
ABC,F18,19,14147155.426005922
ABC,F18,20,8081758.509179065
ABC,F18,21,8857514.088448286
ABC,F18,22,2585141.280061821
ABC,F18,23,5166276.718466383
ABC,F18,24,8177820.4627518
ABC,F18,25,6323418.895492147
ABC,F18,26,6672900.71561145
ABC,F18,27,6009398.792514056
ABC,F18,28,6608340.4285445735
ABC,F18,29,8242974.607240469
ABC,F18,30,8850347.660467895
ABC,F19,1,3563.773551997374
ABC,F19,2,6459.543432517651
ABC,F19,3,3739.680638750116
ABC,F19,4,5669.5048177947865
ABC,F19,5,11155.166547499548
ABC,F19,6,6705.325050063119
ABC,F19,7,1971.2074814350838
ABC,F19,8,3861.374925991381
ABC,F19,9,9025.251370272501
ABC,F19,10,4229.4344655989225
ABC,F19,11,21351.336118485116
ABC,F19,12,41048.51796318357
ABC,F19,13,9155.115800438423
ABC,F19,14,17657.501321184773
ABC,F19,15,2022.9171926309873
ABC,F19,16,13613.312444141535
ABC,F19,17,10667.613962376805
ABC,F19,18,13547.578612070003
ABC,F19,19,25022.686786234317
ABC,F19,20,12247.88293112119
ABC,F19,21,2525.867688405462
ABC,F19,22,7441.306608490638
ABC,F19,23,52714.27302960794
ABC,F19,24,4876.845141532544
ABC,F19,25,12186.195089041834
ABC,F19,26,10449.836329283733
ABC,F19,27,11149.175350670039
ABC,F19,28,4573.736477350175
ABC,F19,29,6639.258775569843
ABC,F19,30,51098.6763602069
ABC,F20,1,2854.740352478252
ABC,F20,2,2810.164895971496
ABC,F20,3,2909.40898697606
ABC,F20,4,2888.662328672662
ABC,F20,5,2849.9256446274726
ABC,F20,6,2990.864440526963
ABC,F20,7,2748.429393163695
ABC,F20,8,2898.159604858185
ABC,F20,9,2981.2016776231308
ABC,F20,10,2886.3765326859866
ABC,F20,11,2829.889607949815
ABC,F20,12,2693.6802488109574
ABC,F20,13,2774.8619684542296
ABC,F20,14,2731.6080352226395
ABC,F20,15,2757.286164089629
ABC,F20,16,2865.6312143421637
ABC,F20,17,3059.1538163249634
ABC,F20,18,2678.778728482172
ABC,F20,19,3034.627630993459
ABC,F20,20,2935.6841511067037
ABC,F20,21,2911.369861582367
ABC,F20,22,2966.2253415747696
ABC,F20,23,2632.9810998220364
ABC,F20,24,2825.640526101295
ABC,F20,25,2852.7897652919783
ABC,F20,26,2789.536276359398
ABC,F20,27,3062.4951021996885
ABC,F20,28,2889.6355461505677
ABC,F20,29,2860.845770581921
ABC,F20,30,2795.4160662646395
ABC,F21,1,2519.9424308380976
ABC,F21,2,2546.861965048652
ABC,F21,3,2523.6814117644203
ABC,F21,4,2544.014544871573
ABC,F21,5,2501.410857481187
ABC,F21,6,2532.9084631408937
ABC,F21,7,2522.615313272769
ABC,F21,8,2533.844131534745
ABC,F21,9,2531.2805254585983
ABC,F21,10,2538.351103514724
ABC,F21,11,2489.041304815554
ABC,F21,12,2525.8393435743224
ABC,F21,13,2501.557572823769
ABC,F21,14,2520.58545766382
ABC,F21,15,2538.7801084102653
ABC,F21,16,2542.950692011462
ABC,F21,17,2528.9739509831334
ABC,F21,18,2534.1341598525387
ABC,F21,19,2546.820125764863
ABC,F21,20,2537.799780273003
ABC,F21,21,2537.4598573306293
ABC,F21,22,2526.4006341362947
ABC,F21,23,2539.120063586743
ABC,F21,24,2514.552945742607
ABC,F21,25,2534.0805668910207
ABC,F21,26,2502.806889381737
ABC,F21,27,2551.0298309803184
ABC,F21,28,2520.301585074421
ABC,F21,29,2533.8905770015067
ABC,F21,30,2546.8475940163717
ABC,F22,1,5277.068431839776
ABC,F22,2,3728.359225468343
ABC,F22,3,2637.241430100517
ABC,F22,4,4282.234889928001
ABC,F22,5,9813.495223922535
ABC,F22,6,3181.2377998820243
ABC,F22,7,6364.18502084493
ABC,F22,8,4489.679156732163
ABC,F22,9,2893.988783061368
ABC,F22,10,9984.854842854167
ABC,F22,11,10222.027065727898
ABC,F22,12,4124.555901888936
ABC,F22,13,5748.454433504598
ABC,F22,14,5167.240238586289
ABC,F22,15,6781.650856913046
ABC,F22,16,4346.75815307854
ABC,F22,17,3193.529927323082
ABC,F22,18,9464.92969350049
ABC,F22,19,2408.144962538603
ABC,F22,20,9619.65240758449
ABC,F22,21,5602.660902276296
ABC,F22,22,2452.399937811794
ABC,F22,23,6690.158431039437
ABC,F22,24,6075.764611761035
ABC,F22,25,5399.3613142225395
ABC,F22,26,10171.551138628818
ABC,F22,27,7440.889723727538
ABC,F22,28,2966.163600652948
ABC,F22,29,10344.066955548209
ABC,F22,30,10312.389865842215
ABC,F23,1,2874.5197558750256
ABC,F23,2,2872.8062103698066
ABC,F23,3,2878.652769817788
ABC,F23,4,2871.0009051784627
ABC,F23,5,2864.4060380072383
ABC,F23,6,2876.67243993156
ABC,F23,7,2893.7293405928394
ABC,F23,8,2881.7508456966557
ABC,F23,9,2898.9933758285597
ABC,F23,10,2888.098708018916
ABC,F23,11,2873.5719502337033
ABC,F23,12,2877.0740672211705
ABC,F23,13,2873.9297542817953
ABC,F23,14,2881.1223436813516
ABC,F23,15,2888.450218163166
ABC,F23,16,2867.0303314286775
ABC,F23,17,2850.041435619143
ABC,F23,18,2882.0458468829343
ABC,F23,19,2878.8768586596707
ABC,F23,20,2890.325660841835
ABC,F23,21,2890.399788328459
ABC,F23,22,2867.331361737373
ABC,F23,23,2860.7567915331992
ABC,F23,24,2854.454011465291
ABC,F23,25,2849.9582297031643
ABC,F23,26,2887.8682811888357
ABC,F23,27,2870.400142630747
ABC,F23,28,2882.0180800930507
ABC,F23,29,2889.1240882613984
ABC,F23,30,2872.874277823103
ABC,F24,1,3017.033641612486
ABC,F24,2,3046.9345122428645
ABC,F24,3,3053.2079554503734
ABC,F24,4,3049.32103630684
ABC,F24,5,3044.542119040922
ABC,F24,6,3047.1355949954495
ABC,F24,7,3037.57994355803
ABC,F24,8,3031.3998645370825
ABC,F24,9,3025.7724956021557
ABC,F24,10,3042.4065743587553
ABC,F24,11,3036.086568473745
ABC,F24,12,3018.1085449331017
ABC,F24,13,3036.894181324834
ABC,F24,14,3043.1270342631615
ABC,F24,15,3021.169046450619
ABC,F24,16,3036.643464841756
ABC,F24,17,3050.0972472000462
ABC,F24,18,3046.5876947204747
ABC,F24,19,3045.0004062319813
ABC,F24,20,3050.246843201757
ABC,F24,21,3050.713361907119
ABC,F24,22,3044.285404921503
ABC,F24,23,3058.0914375328275
ABC,F24,24,3045.5859496403523
ABC,F24,25,3047.198710406381
ABC,F24,26,3037.6757338782627
ABC,F24,27,3045.8520775155703
ABC,F24,28,3039.1447364684127
ABC,F24,29,3044.7204791607573
ABC,F24,30,3061.8709460352597
ABC,F25,1,2913.119313588981
ABC,F25,2,2911.8818503382445
ABC,F25,3,2910.067791627575
ABC,F25,4,2907.818765774582
ABC,F25,5,2904.662905492132
ABC,F25,6,2928.9599570275836
ABC,F25,7,2899.240743304679
ABC,F25,8,2931.0757501334942
ABC,F25,9,2910.4656711875878
ABC,F25,10,2928.2833975974954
ABC,F25,11,2916.9061841667594
ABC,F25,12,2898.021898886809
ABC,F25,13,2921.847529570389
ABC,F25,14,2916.7807279208223
ABC,F25,15,2906.38593464568
ABC,F25,16,2931.976292759875
ABC,F25,17,2903.2161418504256
ABC,F25,18,2935.5873120944843
ABC,F25,19,2917.402881102944
ABC,F25,20,2919.742110027779
ABC,F25,21,2916.7390983845635
ABC,F25,22,2926.6151673322365
ABC,F25,23,2933.985732280844
ABC,F25,24,2914.6590402960915
ABC,F25,25,2908.1107817747466
ABC,F25,26,2911.4686059445485
ABC,F25,27,2919.3307382056287
ABC,F25,28,2928.5922039855523
ABC,F25,29,2912.4828708218492
ABC,F25,30,2926.582418001817
ABC,F26,1,5990.311725105914
ABC,F26,2,5992.560796717866
ABC,F26,3,6078.117392772265
ABC,F26,4,5884.200674230369
ABC,F26,5,5969.946776433607
ABC,F26,6,6098.873103157182
ABC,F26,7,5955.272259382857
ABC,F26,8,6168.47811101402
ABC,F26,9,5937.00956273983
ABC,F26,10,6141.674606509433
ABC,F26,11,5863.236037912504
ABC,F26,12,5933.744726761117
ABC,F26,13,6062.798497806385
ABC,F26,14,6022.417959989966
ABC,F26,15,6153.103728287491
ABC,F26,16,5986.130746409442
ABC,F26,17,5990.592963303719
ABC,F26,18,5825.655871157553
ABC,F26,19,5745.225246188121
ABC,F26,20,5847.826511383301
ABC,F26,21,6033.155258005672
ABC,F26,22,5932.217040098789
ABC,F26,23,5963.128712919174
ABC,F26,24,6152.642996782023
ABC,F26,25,6004.682432793553
ABC,F26,26,5791.733733498055
ABC,F26,27,6086.497834960144
ABC,F26,28,5806.709697870318
ABC,F26,29,6032.241401418688
ABC,F26,30,6056.494544674102
ABC,F27,1,3239.651095717389
ABC,F27,2,3243.903290668858
ABC,F27,3,3252.571584611052
ABC,F27,4,3241.1627182014136
ABC,F27,5,3233.054570966963
ABC,F27,6,3232.2445518571235
ABC,F27,7,3236.1163448229713
ABC,F27,8,3261.363019966995
ABC,F27,9,3235.992428097752
ABC,F27,10,3228.613894638549
ABC,F27,11,3241.74460264008
ABC,F27,12,3233.47126191874
ABC,F27,13,3237.222851685548
ABC,F27,14,3235.298629384435
ABC,F27,15,3227.283113008237
ABC,F27,16,3244.010761794143
ABC,F27,17,3239.5173254369215
ABC,F27,18,3242.801076397586
ABC,F27,19,3239.1803000614655
ABC,F27,20,3229.087308966195
ABC,F27,21,3232.402636316882
ABC,F27,22,3241.3893115396404
ABC,F27,23,3224.127553139145
ABC,F27,24,3227.5985415372816
ABC,F27,25,3246.3596340803037
ABC,F27,26,3231.066417269547
ABC,F27,27,3243.5932653758805
ABC,F27,28,3227.052247862784
ABC,F27,29,3244.8350519298992
ABC,F27,30,3222.3469032346884
ABC,F28,1,3315.5486025239334
ABC,F28,2,3357.2067506046797
ABC,F28,3,3345.243741596527
ABC,F28,4,3332.5057444347067
ABC,F28,5,3306.4226982646387
ABC,F28,6,3298.2653707392396
ABC,F28,7,3310.9598939225125
ABC,F28,8,3331.4418729828817
ABC,F28,9,3363.8520678460227
ABC,F28,10,3335.2954284567427
ABC,F28,11,3330.4927941954365
ABC,F28,12,3371.0794292769187
ABC,F28,13,3288.5613651172976
ABC,F28,14,3317.0281661118033
ABC,F28,15,3353.392924091915
ABC,F28,16,3359.7458914615404
ABC,F28,17,3322.8825600427645
ABC,F28,18,3365.4869111699804
ABC,F28,19,3375.0179495314474
ABC,F28,20,3327.242932521598
ABC,F28,21,3301.995579827278
ABC,F28,22,3359.084606094848
ABC,F28,23,3342.227791505751
ABC,F28,24,3320.8961966498428
ABC,F28,25,3307.4178683323735
ABC,F28,26,3318.990233593998
ABC,F28,27,3376.637823164463
ABC,F28,28,3306.964921694558
ABC,F28,29,3347.626256127924
ABC,F28,30,3368.5926943830964
ABC,F29,1,4775.823120707428
ABC,F29,2,4442.356420715516
ABC,F29,3,4596.63147321877
ABC,F29,4,4479.207185597948
ABC,F29,5,4357.466597717366
ABC,F29,6,4473.071129793136
ABC,F29,7,4678.47320161873
ABC,F29,8,4638.968687215253
ABC,F29,9,4238.487323728945
ABC,F29,10,4855.098066453955
ABC,F29,11,4542.762419142462
ABC,F29,12,4838.020544107973
ABC,F29,13,4365.576785902711
ABC,F29,14,4159.3249258869855
ABC,F29,15,4450.641793265785
ABC,F29,16,4466.745280790284
ABC,F29,17,4362.389021476695
ABC,F29,18,4633.763838384474
ABC,F29,19,4503.444077474103
ABC,F29,20,4611.270197148486
ABC,F29,21,4741.701072846706
ABC,F29,22,4429.055587480014
ABC,F29,23,4601.398805646341
ABC,F29,24,4450.0498983748375
ABC,F29,25,4406.616478693952
ABC,F29,26,4494.436002119393
ABC,F29,27,4459.246016571327
ABC,F29,28,4586.008954045914
ABC,F29,29,4791.2235342650965
ABC,F29,30,4624.261193714279
ABC,F30,1,98892.15751855508
ABC,F30,2,124544.81043114465
ABC,F30,3,245559.2571826317
ABC,F30,4,274964.9069870821
ABC,F30,5,780881.6795104301
ABC,F30,6,596450.3893383282
ABC,F30,7,185015.43543155075
ABC,F30,8,389627.0013744782
ABC,F30,9,52703.99488490068
ABC,F30,10,70971.33659510192
ABC,F30,11,315409.9396079084
ABC,F30,12,340108.95851866604
ABC,F30,13,181579.15063698264
ABC,F30,14,189915.97000301373
ABC,F30,15,50325.54803201479
ABC,F30,16,152238.1161337263
ABC,F30,17,169900.86361870784
ABC,F30,18,303704.1967354616
ABC,F30,19,885061.4326437213
ABC,F30,20,121863.14537084002
ABC,F30,21,27885.37636900826
ABC,F30,22,381337.27391059964
ABC,F30,23,194000.81532913103
ABC,F30,24,687940.5061983465
ABC,F30,25,338090.4857300577
ABC,F30,26,32641.727444895674
ABC,F30,27,1006383.4648766536
ABC,F30,28,229373.26377636482
ABC,F30,29,43821.79964944295
ABC,F30,30,59001.9971809419
ACO,F1,1,6584.606060027207
ACO,F1,2,7158.09265671232
ACO,F1,3,708.367677432092
ACO,F1,4,20539.442750830432
ACO,F1,5,19434.852132759213
ACO,F1,6,1546.4609215686955
ACO,F1,7,20549.8808432053
ACO,F1,8,100.73161711178578
ACO,F1,9,20098.835415909354
ACO,F1,10,18448.66996257769
ACO,F1,11,4506.586315386949
ACO,F1,12,268.1671555101418
ACO,F1,13,5511.350131457297
ACO,F1,14,5228.010606202467
ACO,F1,15,163.39663432336488
ACO,F1,16,20262.42601012983
ACO,F1,17,7799.648927347098
ACO,F1,18,3902.455300979751
ACO,F1,19,200.35854265344506
ACO,F1,20,1026817978.6368252
ACO,F1,21,5510.13166107516
ACO,F1,22,17407.35140347443
ACO,F1,23,5265.577425654062
ACO,F1,24,3175.3180405441685
ACO,F1,25,434.59405378203223
ACO,F1,26,5346.433772763484
ACO,F1,27,5456.205871253629
ACO,F1,28,4688.592191688409
ACO,F1,29,5287.219281025583
ACO,F1,30,20669.932922871925
ACO,F3,1,56961.2106519615
ACO,F3,2,63399.06030087157
ACO,F3,3,64163.564781611436
ACO,F3,4,83776.42833231726
ACO,F3,5,54810.46331998067
ACO,F3,6,85358.10082036472
ACO,F3,7,29386.939089205778
ACO,F3,8,145049.81408530887
ACO,F3,9,45742.5194248512
ACO,F3,10,69151.90035617532
ACO,F3,11,65536.48022282589
ACO,F3,12,73752.87624665578
ACO,F3,13,66756.34263189138
ACO,F3,14,66581.73864091974
ACO,F3,15,83075.81833787907
ACO,F3,16,100408.67509442357
ACO,F3,17,101253.00275120228
ACO,F3,18,44446.67829117051
ACO,F3,19,12146.927571928716
ACO,F3,20,154818.27136631234
ACO,F3,21,56915.8606800373
ACO,F3,22,81901.05474407236
ACO,F3,23,83816.33685317641
ACO,F3,24,55629.33375646459
ACO,F3,25,52343.929995486484
ACO,F3,26,61125.661369187175
ACO,F3,27,141342.08697013697
ACO,F3,28,109929.27848990244
ACO,F3,29,68318.33834471718
ACO,F3,30,32047.89249755136
ACO,F4,1,470.3332190342696
ACO,F4,2,489.1120164971695
ACO,F4,3,501.2807884905349
ACO,F4,4,490.31429311508265
ACO,F4,5,490.1943734701355
ACO,F4,6,490.31429315332974
ACO,F4,7,487.9870226072543
ACO,F4,8,488.0215431270685
ACO,F4,9,471.9287827714161
ACO,F4,10,546.7921982356816
ACO,F4,11,516.7463044844533
ACO,F4,12,487.98705462967155
ACO,F4,13,460.0473572601908
ACO,F4,14,493.7736908086061
ACO,F4,15,490.3142932413442
ACO,F4,16,511.98345857113804
ACO,F4,17,484.93567843472596
ACO,F4,18,489.1539756212346
ACO,F4,19,488.53074724274825
ACO,F4,20,501.3235015687322
ACO,F4,21,472.30190002035954
ACO,F4,22,499.2267333908835
ACO,F4,23,536.86313375335
ACO,F4,24,485.539974124011
ACO,F4,25,486.4140632819433
ACO,F4,26,486.9254211914779
ACO,F4,27,512.1455745387084
ACO,F4,28,487.9870642878814
ACO,F4,29,487.9870306664988
ACO,F4,30,471.8947778165936
ACO,F5,1,707.9377391338304
ACO,F5,2,690.1819239248641
ACO,F5,3,607.7899074088492
ACO,F5,4,672.6073541494076
ACO,F5,5,655.212950947265
ACO,F5,6,778.0232676673395
ACO,F5,7,611.435055981141
ACO,F5,8,839.2775822629676
ACO,F5,9,568.6520488576484
ACO,F5,10,701.6016870481388
ACO,F5,11,653.5717959682022
ACO,F5,12,691.0311218354775
ACO,F5,13,568.6520438198278
ACO,F5,14,564.2197729012665
ACO,F5,15,701.9745766724232
ACO,F5,16,687.2464371012338
ACO,F5,17,648.2474480675203
ACO,F5,18,698.9904016386747
ACO,F5,19,682.792282052282
ACO,F5,20,650.2378490158255
ACO,F5,21,752.4408718592834
ACO,F5,22,693.1373654500053
ACO,F5,23,672.7205928653425
ACO,F5,24,723.9286472129012
ACO,F5,25,636.3084620111829
ACO,F5,26,748.5844310177498
ACO,F5,27,664.1673642784783
ACO,F5,28,714.9092511034928
ACO,F5,29,593.5258686570652
ACO,F5,30,685.5139796296025
ACO,F6,1,621.8181629677699
ACO,F6,2,630.6518318211288
ACO,F6,3,652.8410147079727
ACO,F6,4,667.1001099160585
ACO,F6,5,624.6902221845106
ACO,F6,6,632.7380092394828
ACO,F6,7,644.0928618015364
ACO,F6,8,654.9667259294262
ACO,F6,9,625.1628598562081
ACO,F6,10,621.5632698787779
ACO,F6,11,623.4510320350963
ACO,F6,12,619.711928862173
ACO,F6,13,635.049582683709
ACO,F6,14,649.5430348107939
ACO,F6,15,612.8374081265731
ACO,F6,16,621.5937239777045
ACO,F6,17,634.3079538010911
ACO,F6,18,638.5738058059096
ACO,F6,19,653.9244593520137
ACO,F6,20,655.6054412010317
ACO,F6,21,633.8010438195726
ACO,F6,22,654.7100003565406
ACO,F6,23,615.7235106147083
ACO,F6,24,628.2497490424433
ACO,F6,25,630.8728357864369
ACO,F6,26,642.8147681341292
ACO,F6,27,658.1873911657173
ACO,F6,28,637.4665472374742
ACO,F6,29,628.2324964548503
ACO,F6,30,620.4076234744009
ACO,F7,1,977.4282411060119
ACO,F7,2,967.9283286498148
ACO,F7,3,1636.2115004886953
ACO,F7,4,904.2775193272297
ACO,F7,5,977.0875757044678
ACO,F7,6,1329.4100717010442
ACO,F7,7,1079.8684842032872
ACO,F7,8,1078.391463064313
ACO,F7,9,1273.0421111123323
ACO,F7,10,1256.8708592421144
ACO,F7,11,1091.3127406553904
ACO,F7,12,963.0682617533996
ACO,F7,13,1346.5478500903798
ACO,F7,14,1260.7877021993258
ACO,F7,15,902.7764152675488
ACO,F7,16,913.4210835858853
ACO,F7,17,1186.3577845434597
ACO,F7,18,1097.6989816459272
ACO,F7,19,1153.7065808980328
ACO,F7,20,841.3918228334013
ACO,F7,21,974.0224080057585
ACO,F7,22,921.9059537063024
ACO,F7,23,1150.9317896606772
ACO,F7,24,897.9127399124675
ACO,F7,25,920.7577180639878
ACO,F7,26,1059.586265224565
ACO,F7,27,1015.1674078738095
ACO,F7,28,1216.4404254596307
ACO,F7,29,925.2523151711573
ACO,F7,30,1172.963084712143
ACO,F8,1,994.0150565874369
ACO,F8,2,957.818581969512
ACO,F8,3,935.3137792822711
ACO,F8,4,988.3771286746198
ACO,F8,5,995.0303850531991
ACO,F8,6,944.2764778649885
ACO,F8,7,962.4386338493744
ACO,F8,8,977.101720225256
ACO,F8,9,937.4182542107885
ACO,F8,10,939.2928266293122
ACO,F8,11,944.3653811072129
ACO,F8,12,1001.9749474833743
ACO,F8,13,936.308857056908
ACO,F8,14,970.4200803054614
ACO,F8,15,966.2157872619558
ACO,F8,16,1008.9402027723604
ACO,F8,17,964.167420013698
ACO,F8,18,972.9609617629214
ACO,F8,19,935.3135440837436
ACO,F8,20,932.3289780429207
ACO,F8,21,967.1516197286583
ACO,F8,22,887.0768238216904
ACO,F8,23,974.1154356560212
ACO,F8,24,1035.0692718980038
ACO,F8,25,1015.9046613301068
ACO,F8,26,1017.8827876931696
ACO,F8,27,1059.750406563397
ACO,F8,28,945.2083553416551
ACO,F8,29,941.8155055289453
ACO,F8,30,976.1070558814804
ACO,F9,1,12154.891116583263
ACO,F9,2,9850.680412995587
ACO,F9,3,8242.63606225229
ACO,F9,4,3640.14037340198
ACO,F9,5,9680.39802540782
ACO,F9,6,10710.233384094658
ACO,F9,7,6921.5364105274575
ACO,F9,8,12378.45962441509
ACO,F9,9,26182.864293741666
ACO,F9,10,6297.268060499294
ACO,F9,11,6457.014214693082
ACO,F9,12,21858.21931384451
ACO,F9,13,6004.702145995461
ACO,F9,14,9874.997596089475
ACO,F9,15,8293.926267543833
ACO,F9,16,6800.860323704555
ACO,F9,17,12592.767605598387
ACO,F9,18,6352.532198506152
ACO,F9,19,11509.338228804067
ACO,F9,20,9719.160964864683
ACO,F9,21,16485.846195501123
ACO,F9,22,5343.432858791798
ACO,F9,23,13257.534789953559
ACO,F9,24,8382.927647516026
ACO,F9,25,15186.715014638763
ACO,F9,26,14164.472127954163
ACO,F9,27,9743.123273389652
ACO,F9,28,5010.809171771228
ACO,F9,29,11007.406719876026
ACO,F9,30,11203.188504611608
ACO,F10,1,4976.326519091377
ACO,F10,2,4735.301579202769
ACO,F10,3,4529.236934673434
ACO,F10,4,3416.8248565687245
ACO,F10,5,5204.59859346685
ACO,F10,6,5036.156192195514
ACO,F10,7,3715.1650865072424
ACO,F10,8,5609.764726002062
ACO,F10,9,4597.718388271265
ACO,F10,10,4834.491627643878
ACO,F10,11,5183.520578388621
ACO,F10,12,4611.296719115937
ACO,F10,13,4105.877301952027
ACO,F10,14,4090.3070396913718
ACO,F10,15,4723.70786509611
ACO,F10,16,5353.566331910637
ACO,F10,17,4105.790083856631
ACO,F10,18,3800.7137823836365
ACO,F10,19,4851.89228031948
ACO,F10,20,4447.028854294616
ACO,F10,21,4414.252850166404
ACO,F10,22,4380.45276378213
ACO,F10,23,7634.643321332708
ACO,F10,24,4100.274465504399
ACO,F10,25,3839.267045643117
ACO,F10,26,4283.041923583471
ACO,F10,27,4258.504804964827
ACO,F10,28,5100.882778914069
ACO,F10,29,8054.849424169976
ACO,F10,30,4012.5063864452895
ACO,F11,1,1485.7659951522273
ACO,F11,2,1422.8952982795265
ACO,F11,3,1382.7706511111162
ACO,F11,4,1276.7940029537046
ACO,F11,5,1334.8081814098068
ACO,F11,6,1221.8388060665848
ACO,F11,7,1438.860383348399
ACO,F11,8,1425.3608209085291
ACO,F11,9,1204.420988974569
ACO,F11,10,1400.2136685523985
ACO,F11,11,1376.4350886982522
ACO,F11,12,1501.5308396470077
ACO,F11,13,1423.271668095524
ACO,F11,14,1276.9520503315448
ACO,F11,15,1194.5453152356338
ACO,F11,16,1343.9066820308435
ACO,F11,17,1364.3465063541175
ACO,F11,18,1424.9311450408745
ACO,F11,19,1248.017228579553
ACO,F11,20,1459.7165119592185
ACO,F11,21,1290.0607054501404
ACO,F11,22,1399.7591294765052
ACO,F11,23,1405.6460719172542
ACO,F11,24,1394.5341105309403
ACO,F11,25,1398.7596741710308
ACO,F11,26,1464.1469986985178
ACO,F11,27,1253.3462800600685
ACO,F11,28,1293.9148862371258
ACO,F11,29,1449.8864008816117
ACO,F11,30,1390.805932515581
ACO,F12,1,108575.43937958774
ACO,F12,2,182619.40612086226
ACO,F12,3,52845.078242711264
ACO,F12,4,6574659.340214054
ACO,F12,5,320954.563389006
ACO,F12,6,48382.39032884786
ACO,F12,7,35034.23493681868
ACO,F12,8,134985.80142079707
ACO,F12,9,94142.53687886363
ACO,F12,10,244380.1183921021
ACO,F12,11,277507.5387173981
ACO,F12,12,128312.91406752492
ACO,F12,13,1176557.469808488
ACO,F12,14,3211080.161435963
ACO,F12,15,299096.17443279776
ACO,F12,16,1542398.7870295648
ACO,F12,17,127574.9010256602
ACO,F12,18,154683.87167721658
ACO,F12,19,107681.12609152435
ACO,F12,20,128015.00706850579
ACO,F12,21,58211.43946391625
ACO,F12,22,34990.24715280893
ACO,F12,23,383950.49738342693
ACO,F12,24,178430.00193904422
ACO,F12,25,354345.87838948186
ACO,F12,26,299960.12252915674
ACO,F12,27,226918.1994129885
ACO,F12,28,60543.33660672823
ACO,F12,29,430594.83903752465
ACO,F12,30,254502.15261605658
ACO,F13,1,42303.396699514415
ACO,F13,2,9325.226208204189
ACO,F13,3,3938.592458589585
ACO,F13,4,65712.11379881907
ACO,F13,5,67018.08623596311
ACO,F13,6,15470.970238268608
ACO,F13,7,40580.92028647834
ACO,F13,8,12842.495151173676
ACO,F13,9,19761.213326248584
ACO,F13,10,64762.8082678472
ACO,F13,11,11451.550214584891
ACO,F13,12,4509.299378828497
ACO,F13,13,56638.518043118725
ACO,F13,14,17511.89116799843
ACO,F13,15,2101.958088738327
ACO,F13,16,4629.324887129758
ACO,F13,17,63382.866061565954
ACO,F13,18,19938.554364403593
ACO,F13,19,8905.852533502508
ACO,F13,20,68108.406331664
ACO,F13,21,13268.592262892256
ACO,F13,22,24717.618315880864
ACO,F13,23,6968.209313143419
ACO,F13,24,59202.356663054255
ACO,F13,25,67460.3010216693
ACO,F13,26,4654.223634335045
ACO,F13,27,63648.55902800636
ACO,F13,28,8930.687191983568
ACO,F13,29,63785.4573371686
ACO,F13,30,22233.517632688145
ACO,F14,1,36919.797686515834
ACO,F14,2,38408.291659037845
ACO,F14,3,42889.32849594433
ACO,F14,4,42688.37099024151
ACO,F14,5,110079.76853701833
ACO,F14,6,36425.024584253726
ACO,F14,7,36512.426244406095
ACO,F14,8,127885.06158088837
ACO,F14,9,56500.012832033135
ACO,F14,10,42701.35521449214
ACO,F14,11,14750.729187894454
ACO,F14,12,32666.624382917606
ACO,F14,13,5066.359056799463
ACO,F14,14,22683.00207152943
ACO,F14,15,10307.709970444816
ACO,F14,16,2893.5420263341234
ACO,F14,17,10985.011434764063
ACO,F14,18,34210.86654515726
ACO,F14,19,74196.64415792593
ACO,F14,20,40474.60598149641
ACO,F14,21,7917.72037363554
ACO,F14,22,14863.272096639455
ACO,F14,23,161688.4818593135
ACO,F14,24,16284.274139160641
ACO,F14,25,86379.97338303113
ACO,F14,26,37139.39999944783
ACO,F14,27,27169.58400726038
ACO,F14,28,61935.390371226
ACO,F14,29,8103.086833314241
ACO,F14,30,74491.60336989177
ACO,F15,1,9143.540127614428
ACO,F15,2,36778.30120192894
ACO,F15,3,23872.00221112085
ACO,F15,4,13445.136109084782
ACO,F15,5,8885.024922289987
ACO,F15,6,1844.2270363613811
ACO,F15,7,15109.842247675113
ACO,F15,8,5687.203070301767
ACO,F15,9,40471.94564849656
ACO,F15,10,41446.11065449356
ACO,F15,11,3135.6755352604523
ACO,F15,12,31197.323424990125
ACO,F15,13,42223.95661982772
ACO,F15,14,38917.680223125375
ACO,F15,15,6490.472055639262
ACO,F15,16,12450.534163788752
ACO,F15,17,5207.956115100646
ACO,F15,18,29545.123426595903
ACO,F15,19,13933.136240912912
ACO,F15,20,31262.112482696703
ACO,F15,21,7167.806992588969
ACO,F15,22,15720.328764877162
ACO,F15,23,41561.81393614598
ACO,F15,24,2099.5905357620973
ACO,F15,25,30096.448419166216
ACO,F15,26,17270.89137454755
ACO,F15,27,29321.412039368122
ACO,F15,28,5968.38411848174
ACO,F15,29,1969.765096942983
ACO,F15,30,19225.517992682482
ACO,F16,1,3054.5180504527666
ACO,F16,2,3115.855713387611
ACO,F16,3,3374.2808914435723
ACO,F16,4,2671.8352480879544
ACO,F16,5,2821.52072363973
ACO,F16,6,1845.5123283317212
ACO,F16,7,2964.9559621444505
ACO,F16,8,2808.1766978387295
ACO,F16,9,2779.6776343506017
ACO,F16,10,2457.9746964835454
ACO,F16,11,2451.157113411992
ACO,F16,12,3349.8655088363407
ACO,F16,13,3018.77471148483
ACO,F16,14,2760.8666711334317
ACO,F16,15,2978.1934677259546
ACO,F16,16,2784.299018134652
ACO,F16,17,2593.6930072438668
ACO,F16,18,2572.365581589516
ACO,F16,19,2783.3148157668857
ACO,F16,20,2473.28547389877
ACO,F16,21,2719.3576541621114
ACO,F16,22,2512.547420487084
ACO,F16,23,2911.575303608771
ACO,F16,24,2951.280620280207
ACO,F16,25,2605.4153253128284
ACO,F16,26,2367.693188516712
ACO,F16,27,2294.226377043256
ACO,F16,28,2918.0687246313355
ACO,F16,29,2594.288136614121
ACO,F16,30,2337.279731803643
ACO,F17,1,2245.9578426266694
ACO,F17,2,2804.8479578876404
ACO,F17,3,2236.6313003123355
ACO,F17,4,2094.4662999502893
ACO,F17,5,2352.819695063956
ACO,F17,6,2241.425573004116
ACO,F17,7,2262.041994503024
ACO,F17,8,2565.143455536998
ACO,F17,9,2042.339230651285
ACO,F17,10,2769.6476448608237
ACO,F17,11,2349.0044918537365
ACO,F17,12,2395.15750732543
ACO,F17,13,2442.573279840378
ACO,F17,14,2890.10240477397
ACO,F17,15,2487.2275439010928
ACO,F17,16,2528.8356457186173
ACO,F17,17,2611.2373517489495
ACO,F17,18,2432.667079135357
ACO,F17,19,2804.7781497173746
ACO,F17,20,1980.4800908645004
ACO,F17,21,2217.1627680476518
ACO,F17,22,2313.7144094476707
ACO,F17,23,2353.135681800055
ACO,F17,24,2565.044408423979
ACO,F17,25,2732.6684727757356
ACO,F17,26,2065.169725461743
ACO,F17,27,2496.062784627225
ACO,F17,28,2185.0816906829073
ACO,F17,29,2201.239567247235
ACO,F17,30,2058.4881164729018
ACO,F18,1,616686.5187422412
ACO,F18,2,30497.43965689571
ACO,F18,3,272209.2932349973
ACO,F18,4,185066.69527200656
ACO,F18,5,76681.84648204416
ACO,F18,6,216421.5016115603
ACO,F18,7,334057.57339813455
ACO,F18,8,149286.96668895654
ACO,F18,9,301821.73969173036
ACO,F18,10,263789.34039495385
ACO,F18,11,410769.29728319845
ACO,F18,12,22160.756221064235
ACO,F18,13,1159107.4375821874
ACO,F18,14,445997.93782937503
ACO,F18,15,111173.38051150672
ACO,F18,16,72603.75902706568
ACO,F18,17,116201.49250446222
ACO,F18,18,80443.09823598214
ACO,F18,19,141334.94507658033
ACO,F18,20,154032.78390072027
ACO,F18,21,98501.61716212876
ACO,F18,22,27076.31409077603
ACO,F18,23,171232.43407470454
ACO,F18,24,205208.0137588131
ACO,F18,25,208251.01614250068
ACO,F18,26,137074.9295594073
ACO,F18,27,196354.05610671945
ACO,F18,28,565738.6702401179
ACO,F18,29,725753.902510829
ACO,F18,30,41790.03201775878
ACO,F19,1,2969.7199693466027
ACO,F19,2,2528.8067333757926
ACO,F19,3,56587.06824363984
ACO,F19,4,3939.7749369249623
ACO,F19,5,3841.8837201448814
ACO,F19,6,2531.893791256175
ACO,F19,7,13046.370772371763
ACO,F19,8,12131.759322246126
ACO,F19,9,13203.484217086429
ACO,F19,10,56637.2623396253
ACO,F19,11,2358.556266586944
ACO,F19,12,12631.668846047263
ACO,F19,13,27289.23505577571
ACO,F19,14,5621.079109944607
ACO,F19,15,2558.2671264346536
ACO,F19,16,2332.6654579118212
ACO,F19,17,3474.584018886061
ACO,F19,18,17765.47686693925
ACO,F19,19,7298.8901003238825
ACO,F19,20,22443.152809297317
ACO,F19,21,8452.270352860294
ACO,F19,22,32944.221310567445
ACO,F19,23,8607.1814188479
ACO,F19,24,11586.145879841906
ACO,F19,25,18000.454012260656
ACO,F19,26,2489.632315774896
ACO,F19,27,4024.9659253695218
ACO,F19,28,54302.966338090126
ACO,F19,29,14126.406377138923
ACO,F19,30,17325.97657964719
ACO,F20,1,2535.339763332987
ACO,F20,2,2331.2827712045205
ACO,F20,3,2444.0401293035097
ACO,F20,4,2392.259748909289
ACO,F20,5,2308.1224274872698
ACO,F20,6,2637.108944570458
ACO,F20,7,2258.528394641517
ACO,F20,8,2598.0241378321066
ACO,F20,9,2622.173996248934
ACO,F20,10,2321.856116236189
ACO,F20,11,2479.6429983065455
ACO,F20,12,2998.7307581379027
ACO,F20,13,2164.8488105629085
ACO,F20,14,2725.422144116433
ACO,F20,15,2828.205651237151
ACO,F20,16,2350.5630044838863
ACO,F20,17,2238.354505845958
ACO,F20,18,2284.5937440198536
ACO,F20,19,2934.6304760830717
ACO,F20,20,2975.1049709943973
ACO,F20,21,2711.631247426126
ACO,F20,22,2900.2905978655263
ACO,F20,23,2620.2546844561675
ACO,F20,24,2611.0373925117187
ACO,F20,25,3129.1130346014797
ACO,F20,26,2328.2405762261997
ACO,F20,27,2707.5454746225805
ACO,F20,28,2892.9252894466717
ACO,F20,29,2656.595228661761
ACO,F20,30,2734.295708529066
ACO,F21,1,2528.4570627307485
ACO,F21,2,2493.3838262434847
ACO,F21,3,2403.9728246409604
ACO,F21,4,2432.8053711473776
ACO,F21,5,2430.9027736404128
ACO,F21,6,2519.6272793798335
ACO,F21,7,2490.455110915548
ACO,F21,8,2453.23547503775
ACO,F21,9,2430.652583878159
ACO,F21,10,2434.935606722507
ACO,F21,11,2468.017532240874
ACO,F21,12,2468.4573111223212
ACO,F21,13,2446.9296111617027
ACO,F21,14,2462.9173652238333
ACO,F21,15,2519.056302647629
ACO,F21,16,2501.5088042174984
ACO,F21,17,2442.344928236799
ACO,F21,18,2544.6844219599816
ACO,F21,19,2427.76973267479
ACO,F21,20,2506.4176305336623
ACO,F21,21,2419.051078320485
ACO,F21,22,2486.7479528929803
ACO,F21,23,2407.1787641934875
ACO,F21,24,2450.521301217722
ACO,F21,25,2529.5408657461935
ACO,F21,26,2528.798248494086
ACO,F21,27,2459.1731330639936
ACO,F21,28,2403.20093967054
ACO,F21,29,2404.6741968443985
ACO,F21,30,2413.412984766019
ACO,F22,1,5477.965958032409
ACO,F22,2,5066.4250790272035
ACO,F22,3,5133.897005222823
ACO,F22,4,6317.560530965322
ACO,F22,5,2300.000000000016
ACO,F22,6,6157.191717719905
ACO,F22,7,6463.665476673835
ACO,F22,8,6368.418719562978
ACO,F22,9,6157.565352270323
ACO,F22,10,5013.927805684996
ACO,F22,11,6426.383220842162
ACO,F22,12,6259.867691025397
ACO,F22,13,5243.819342891162
ACO,F22,14,2300.00000000002
ACO,F22,15,2300.0000000000396
ACO,F22,16,6232.618388173571
ACO,F22,17,5321.102629373288
ACO,F22,18,4979.297542682998
ACO,F22,19,6111.4825624753175
ACO,F22,20,6310.715131317225
ACO,F22,21,5231.527349437156
ACO,F22,22,5746.4524201684835
ACO,F22,23,5879.270442069909
ACO,F22,24,9571.998210635287
ACO,F22,25,5426.25052743087
ACO,F22,26,10908.290304675631
ACO,F22,27,5508.992012817256
ACO,F22,28,7089.037740049749
ACO,F22,29,6278.475256034538
ACO,F22,30,4440.381898948141
ACO,F23,1,2797.781060001079
ACO,F23,2,2839.2159161835716
ACO,F23,3,2825.4601480320707
ACO,F23,4,2905.820712196872
ACO,F23,5,2870.5319372641015
ACO,F23,6,2860.4480113534237
ACO,F23,7,2803.3162307830435
ACO,F23,8,2846.253709773196
ACO,F23,9,2805.671406648209
ACO,F23,10,2982.034654690152
ACO,F23,11,2749.4876953448875
ACO,F23,12,2815.7412881300966
ACO,F23,13,2780.1688395677756
ACO,F23,14,2818.0368480960187
ACO,F23,15,2745.2564268399124
ACO,F23,16,2823.604522229656
ACO,F23,17,2775.443579030662
ACO,F23,18,2826.5049674326647
ACO,F23,19,2861.7838540129815
ACO,F23,20,2769.1943693404564
ACO,F23,21,2786.556060017728
ACO,F23,22,2894.713564280677
ACO,F23,23,2817.2525556142764
ACO,F23,24,2777.4107986912572
ACO,F23,25,2931.675927756007
ACO,F23,26,2783.892693145113
ACO,F23,27,2892.964979881125
ACO,F23,28,2866.4941350989097
ACO,F23,29,2899.7267828191534
ACO,F23,30,2832.158676189551
ACO,F24,1,3006.7158458100403
ACO,F24,2,2963.783538649318
ACO,F24,3,2928.432919255746
ACO,F24,4,3011.971528583934
ACO,F24,5,3168.5683309441165
ACO,F24,6,2950.307181166921
ACO,F24,7,2954.1945085753587
ACO,F24,8,2988.319448322988
ACO,F24,9,2931.810383965617
ACO,F24,10,2989.741712966171
ACO,F24,11,2962.1313583720766
ACO,F24,12,3057.8278908694783
ACO,F24,13,3029.918241561343
ACO,F24,14,3007.572986519603
ACO,F24,15,2921.913310009394
ACO,F24,16,3020.0229451086616
ACO,F24,17,2992.3701625723643
ACO,F24,18,2957.2588035727767
ACO,F24,19,3001.713829811016
ACO,F24,20,2975.6628608994824
ACO,F24,21,3060.1348747538677
ACO,F24,22,3035.18992640882
ACO,F24,23,3006.0260645761327
ACO,F24,24,3029.716643830066
ACO,F24,25,2977.783228550723
ACO,F24,26,3103.952125010266
ACO,F24,27,3055.7218489428237
ACO,F24,28,2960.533851422101
ACO,F24,29,2952.8884677320975
ACO,F24,30,2928.5945059747173
ACO,F25,1,2939.1293581702184
ACO,F25,2,2887.56814527481
ACO,F25,3,2945.2145622271146
ACO,F25,4,2925.1109851827587
ACO,F25,5,2889.3006794123958
ACO,F25,6,2913.030152716983
ACO,F25,7,2908.2037075652083
ACO,F25,8,2888.3157211948846
ACO,F25,9,2887.830493084123
ACO,F25,10,2888.1971808295643
ACO,F25,11,2889.5028467812576
ACO,F25,12,2924.5614507962164
ACO,F25,13,2889.8147023805914
ACO,F25,14,2883.7875960695505
ACO,F25,15,2920.84721067012
ACO,F25,16,2941.101747185035
ACO,F25,17,3003.2104962815756
ACO,F25,18,2895.1667275687873
ACO,F25,19,2888.973650097578
ACO,F25,20,2888.9037068210646
ACO,F25,21,2888.6300221694173
ACO,F25,22,2887.7921651626466
ACO,F25,23,2924.889736919152
ACO,F25,24,2928.357819911512
ACO,F25,25,2888.534117164266
ACO,F25,26,2890.248801648769
ACO,F25,27,2888.8557581907767
ACO,F25,28,2889.394315489919
ACO,F25,29,2888.4458086761206
ACO,F25,30,2887.922372178608
ACO,F26,1,6222.794375692525
ACO,F26,2,7393.834590467638
ACO,F26,3,5675.213155349843
ACO,F26,4,6456.608991273059
ACO,F26,5,5736.994916154742
ACO,F26,6,5434.181222715657
ACO,F26,7,5101.9840835070245
ACO,F26,8,6129.793039670209
ACO,F26,9,6466.85495283302
ACO,F26,10,4966.898453690786
ACO,F26,11,3089.987934148318
ACO,F26,12,5610.326671559225
ACO,F26,13,5278.14176132539
ACO,F26,14,6243.948124755303
ACO,F26,15,5806.780580184737
ACO,F26,16,7227.243982414726
ACO,F26,17,6942.796122126623
ACO,F26,18,5449.253958471805
ACO,F26,19,6515.196548539486
ACO,F26,20,5824.514763663429
ACO,F26,21,4736.053913511593
ACO,F26,22,6168.900552370942
ACO,F26,23,6284.51329588428
ACO,F26,24,5356.261546399954
ACO,F26,25,2800.0000000000273
ACO,F26,26,6719.33380356725
ACO,F26,27,5627.087468079593
ACO,F26,28,5740.135296237885
ACO,F26,29,5760.4368421483905
ACO,F26,30,6818.4061828117565
ACO,F27,1,3292.3907997107854
ACO,F27,2,3239.9317195493404
ACO,F27,3,3284.416170712773
ACO,F27,4,3305.4557847427704
ACO,F27,5,3243.622016157178
ACO,F27,6,3238.450837739049
ACO,F27,7,3223.854726683484
ACO,F27,8,3318.582363347712
ACO,F27,9,3235.2749674238403
ACO,F27,10,3284.3635993918433
ACO,F27,11,3544.9410290974347
ACO,F27,12,3276.1892251241575
ACO,F27,13,3251.8113832249483
ACO,F27,14,3341.0104289950614
ACO,F27,15,3259.47215179479
ACO,F27,16,3249.438044978179
ACO,F27,17,3267.8511606067113
ACO,F27,18,3365.6308070197592
ACO,F27,19,3263.498890017133
ACO,F27,20,3227.2419197742893
ACO,F27,21,3263.458283461072
ACO,F27,22,3280.429051855875
ACO,F27,23,3296.0656890516057
ACO,F27,24,3288.912618351731
ACO,F27,25,3321.6271647930225
ACO,F27,26,3225.484799034025
ACO,F27,27,3247.9945931070297
ACO,F27,28,3280.215518874463
ACO,F27,29,3233.471869948354
ACO,F27,30,3330.8461932785735
ACO,F28,1,3253.486749828767
ACO,F28,2,3355.5854703772193
ACO,F28,3,3241.9934881336017
ACO,F28,4,3231.6472861708526
ACO,F28,5,3343.7263906479097
ACO,F28,6,3289.1343730397302
ACO,F28,7,3434.0517602316654
ACO,F28,8,3258.4620127519293
ACO,F28,9,3453.2375828932163
ACO,F28,10,3235.8692015254273
ACO,F28,11,3348.679707200733
ACO,F28,12,3254.6629379350047
ACO,F28,13,3254.5164930249734
ACO,F28,14,3240.128614550804
ACO,F28,15,3164.102218077337
ACO,F28,16,3261.985850926272
ACO,F28,17,3262.443471356292
ACO,F28,18,3283.017715439214
ACO,F28,19,3211.3683584488517
ACO,F28,20,3251.8478914754164
ACO,F28,21,3223.976405428958
ACO,F28,22,3232.1451763247833
ACO,F28,23,3288.4085170297185
ACO,F28,24,3304.1578313530717
ACO,F28,25,3227.5689401505415
ACO,F28,26,3448.1783496704993
ACO,F28,27,3205.9299832099646
ACO,F28,28,3254.95869602381
ACO,F28,29,3249.3778448526
ACO,F28,30,3220.680778721563
ACO,F29,1,3987.2453832766087
ACO,F29,2,4374.568431635815
ACO,F29,3,4477.661333960226
ACO,F29,4,3894.817716170247
ACO,F29,5,3914.917662312846
ACO,F29,6,4246.026371104892
ACO,F29,7,4008.5756584978026
ACO,F29,8,3979.4036184406605
ACO,F29,9,4468.489178427642
ACO,F29,10,3976.74840913936
ACO,F29,11,4590.932811977391
ACO,F29,12,4052.0034443685317
ACO,F29,13,4336.582917670747
ACO,F29,14,4416.389796525202
ACO,F29,15,4399.08676007239
ACO,F29,16,4131.289681603879
ACO,F29,17,4389.014930364896
ACO,F29,18,4727.895689420162
ACO,F29,19,3870.5545159522285
ACO,F29,20,4483.819710898929
ACO,F29,21,3973.068689570291
ACO,F29,22,4012.4653458512757
ACO,F29,23,3759.7497195183455
ACO,F29,24,4541.298819456826
ACO,F29,25,3986.7931857176127
ACO,F29,26,4418.58506204444
ACO,F29,27,3692.4554083382745
ACO,F29,28,4521.805096999527
ACO,F29,29,4383.870788801306
ACO,F29,30,4784.617157048659
ACO,F30,1,14244.097103509815
ACO,F30,2,12831.705920467157
ACO,F30,3,5676.307143750037
ACO,F30,4,7657.308103779613
ACO,F30,5,5427.618863105039
ACO,F30,6,7375.9492839497925
ACO,F30,7,8749.631860911635
ACO,F30,8,11085.060076201202
ACO,F30,9,7147.67752865011
ACO,F30,10,14549.056576575162
ACO,F30,11,11810.196794779706
ACO,F30,12,15936.164692009463
ACO,F30,13,20921.53871080279
ACO,F30,14,10334.87281393117
ACO,F30,15,19562.503357266087
ACO,F30,16,16924.522111058282
ACO,F30,17,15221.398391480494
ACO,F30,18,6081.96355204109
ACO,F30,19,18121.32269000832
ACO,F30,20,13206.053210238497
ACO,F30,21,6484.502187668929
ACO,F30,22,26058.89555301948
ACO,F30,23,6191.45668587579
ACO,F30,24,9408.13507099597
ACO,F30,25,10161.369676827271
ACO,F30,26,25288.47289657856
ACO,F30,27,7350.0278560225925
ACO,F30,28,8184.880919907703
ACO,F30,29,9582.621394277066
ACO,F30,30,8126.871302945855
BBO,F1,1,70432898553.49161
BBO,F1,2,63386452563.948105
BBO,F1,3,63434942236.7028
BBO,F1,4,68733669385.91534
BBO,F1,5,67623043591.28688
BBO,F1,6,65805057797.9843
BBO,F1,7,56197999042.41975
BBO,F1,8,69121114866.84746
BBO,F1,9,56026237794.69112
BBO,F1,10,64820530613.78417
BBO,F1,11,62985184837.06137
BBO,F1,12,56933136912.16836
BBO,F1,13,61225736299.62865
BBO,F1,14,68830679368.24002
BBO,F1,15,65320587577.56255
BBO,F1,16,66663165013.57927
BBO,F1,17,70489908086.99745
BBO,F1,18,65438785445.94181
BBO,F1,19,49211861135.70961
BBO,F1,20,65218723519.67798
BBO,F1,21,68673838181.337875
BBO,F1,22,63676684627.792984
BBO,F1,23,69129236670.29689
BBO,F1,24,67604157762.05589
BBO,F1,25,63102052090.28496
BBO,F1,26,58083370602.41646
BBO,F1,27,56141579402.51652
BBO,F1,28,60900034166.695274
BBO,F1,29,70745253152.21631
BBO,F1,30,68053488461.75118
BBO,F3,1,84978.51594422145
BBO,F3,2,87973.19951055889
BBO,F3,3,69028.95631205989
BBO,F3,4,88008.7707120332
BBO,F3,5,89626.00356948886
BBO,F3,6,88760.43607772332
BBO,F3,7,84864.33877658469
BBO,F3,8,92441.6832866598
BBO,F3,9,85701.24229360645
BBO,F3,10,84080.9695367986
BBO,F3,11,91539.8618768104
BBO,F3,12,87012.4543547754
BBO,F3,13,87193.13743890265
BBO,F3,14,79980.6136610271
BBO,F3,15,85090.0098806655
BBO,F3,16,79402.1909951268
BBO,F3,17,82885.77050811274
BBO,F3,18,83350.55530560717
BBO,F3,19,85134.05313929511
BBO,F3,20,91216.09551974338
BBO,F3,21,88293.23626766348
BBO,F3,22,61360.57545919139
BBO,F3,23,78849.32401661918
BBO,F3,24,69577.95634981574
BBO,F3,25,85830.43829691665
BBO,F3,26,87183.23590195146
BBO,F3,27,86721.27952476723
BBO,F3,28,91219.18277484624
BBO,F3,29,87502.85421941981
BBO,F3,30,90636.48821507617
BBO,F4,1,14824.953212948989
BBO,F4,2,10056.623127132305
BBO,F4,3,12626.112350114381
BBO,F4,4,13339.003029048417
BBO,F4,5,11463.338349194843
BBO,F4,6,10603.849876792638
BBO,F4,7,9982.769499159775
BBO,F4,8,11635.34658521088
BBO,F4,9,14521.98050207612
BBO,F4,10,12500.86204135637
BBO,F4,11,10098.96997370311
BBO,F4,12,15520.356442100281
BBO,F4,13,19177.08061792975
BBO,F4,14,17185.93162970354
BBO,F4,15,12312.439260235644
BBO,F4,16,14016.670508829522
BBO,F4,17,17644.789265863372
BBO,F4,18,15371.536394637998
BBO,F4,19,14187.652430815086
BBO,F4,20,13037.372405699243
BBO,F4,21,19318.902740939106
BBO,F4,22,16059.958022416973
BBO,F4,23,10537.733712236
BBO,F4,24,12102.886660489572
BBO,F4,25,12866.828249965847
BBO,F4,26,20560.68852578637
BBO,F4,27,16055.010748064467
BBO,F4,28,9269.985258803054
BBO,F4,29,15418.551323339367
BBO,F4,30,15614.017077710292
BBO,F5,1,938.9258278444288
BBO,F5,2,962.0921292992745
BBO,F5,3,901.0712408498952
BBO,F5,4,972.5346257783659
BBO,F5,5,961.2460127587724
BBO,F5,6,968.2391225110375
BBO,F5,7,943.9166041431156
BBO,F5,8,972.1234022185134
BBO,F5,9,931.9530251745261
BBO,F5,10,933.2946245115809
BBO,F5,11,960.3330255965694
BBO,F5,12,915.9636349731823
BBO,F5,13,947.2641771557554
BBO,F5,14,939.027379406202
BBO,F5,15,972.0935654996019
BBO,F5,16,946.0080640385129
BBO,F5,17,927.6615262177218
BBO,F5,18,944.5133075160189
BBO,F5,19,939.3011381803257
BBO,F5,20,940.4339383035996
BBO,F5,21,948.3830104645748
BBO,F5,22,972.6166553311431
BBO,F5,23,950.133638859852
BBO,F5,24,944.7736881773674
BBO,F5,25,965.992053441146
BBO,F5,26,940.1251109238003
BBO,F5,27,966.3241729217021
BBO,F5,28,945.1603570086936
BBO,F5,29,944.4316397160267
BBO,F5,30,958.4820979227941
BBO,F6,1,688.9458200319335
BBO,F6,2,703.4076247050615
BBO,F6,3,688.3470418110423
BBO,F6,4,697.5278950589781
BBO,F6,5,689.9500755438052
BBO,F6,6,698.1900583463886
BBO,F6,7,697.1791266311742
BBO,F6,8,701.4849189795132
BBO,F6,9,698.4875443128078
BBO,F6,10,696.253758034408
BBO,F6,11,706.05398838907
BBO,F6,12,699.9362665549575
BBO,F6,13,695.0020489814905
BBO,F6,14,696.0008668531816
BBO,F6,15,697.9645689050442
BBO,F6,16,708.1993179967088
BBO,F6,17,690.6444628711383
BBO,F6,18,692.0959591894662
BBO,F6,19,685.1313215029361
BBO,F6,20,696.3434957857141
BBO,F6,21,700.7293724729248
BBO,F6,22,700.3566684872753
BBO,F6,23,698.8900441776115
BBO,F6,24,694.9459873930605
BBO,F6,25,697.899409861108
BBO,F6,26,703.7186825796177
BBO,F6,27,695.9399103730021
BBO,F6,28,695.3629082243918
BBO,F6,29,695.8958633088879
BBO,F6,30,703.3472222624475
BBO,F7,1,1423.396464845191
BBO,F7,2,1481.8475650993882
BBO,F7,3,1397.7801261893171
BBO,F7,4,1469.8371259210396
BBO,F7,5,1481.1681883778651
BBO,F7,6,1460.1186590960224
BBO,F7,7,1389.3138475188516
BBO,F7,8,1449.1710721599725
BBO,F7,9,1506.0604750798016
BBO,F7,10,1400.9936818387594
BBO,F7,11,1422.0830481945286
BBO,F7,12,1482.1332637399698
BBO,F7,13,1453.6059842932586
BBO,F7,14,1491.8076983568276
BBO,F7,15,1518.4515208893863
BBO,F7,16,1437.947627571355
BBO,F7,17,1412.9098554483028
BBO,F7,18,1471.1685890568142
BBO,F7,19,1502.7267375449178
BBO,F7,20,1485.3485170233514
BBO,F7,21,1445.1127286636302
BBO,F7,22,1478.5352837313433
BBO,F7,23,1437.143596906943
BBO,F7,24,1483.8805219076885
BBO,F7,25,1436.4122944965002
BBO,F7,26,1493.8010527430827
BBO,F7,27,1491.7087276200327
BBO,F7,28,1408.9328961870585
BBO,F7,29,1476.5536352062302
BBO,F7,30,1406.2952577151113
BBO,F8,1,1180.6711992802718
BBO,F8,2,1178.3844990318833
BBO,F8,3,1155.1488552517078
BBO,F8,4,1191.2775776704768
BBO,F8,5,1167.7184085825033
BBO,F8,6,1145.9513329952133
BBO,F8,7,1160.168205381518
BBO,F8,8,1179.366912001578
BBO,F8,9,1152.6712662079192
BBO,F8,10,1177.7947201676695
BBO,F8,11,1144.8417852323519
BBO,F8,12,1181.8432335106306
BBO,F8,13,1175.137057941843
BBO,F8,14,1169.1651548660645
BBO,F8,15,1166.605171397612
BBO,F8,16,1162.6721872941573
BBO,F8,17,1152.3562453761974
BBO,F8,18,1180.6606733887631
BBO,F8,19,1176.7874805473473
BBO,F8,20,1188.6295526012173
BBO,F8,21,1138.5476948559556
BBO,F8,22,1169.7449972226918
BBO,F8,23,1188.7955719293213
BBO,F8,24,1160.8608618814042
BBO,F8,25,1147.5700755284097
BBO,F8,26,1176.294611432676
BBO,F8,27,1185.5173523224348
BBO,F8,28,1148.888133055489
BBO,F8,29,1168.6026103776958
BBO,F8,30,1161.9237072012602
BBO,F9,1,13379.198816716967
BBO,F9,2,11963.524043976895
BBO,F9,3,13104.883334980355
BBO,F9,4,12064.650416466526
BBO,F9,5,10462.964329576658
BBO,F9,6,11698.178723485715
BBO,F9,7,11372.72172427676
BBO,F9,8,10286.937174737282
BBO,F9,9,12811.42921361398
BBO,F9,10,12812.313966970878
BBO,F9,11,13230.37273066279
BBO,F9,12,12945.978104956985
BBO,F9,13,12082.063385082127
BBO,F9,14,11962.225163711533
BBO,F9,15,10927.412948339883
BBO,F9,16,11726.94937726994
BBO,F9,17,12352.98942800385
BBO,F9,18,12433.752962175882
BBO,F9,19,12232.089655979955
BBO,F9,20,13256.990857025005
BBO,F9,21,11836.89603838777
BBO,F9,22,13159.147647057505
BBO,F9,23,11328.866204049678
BBO,F9,24,11595.173796252886
BBO,F9,25,12673.552894969913
BBO,F9,26,13143.313975435656
BBO,F9,27,10072.121920685746
BBO,F9,28,11631.945781806826
BBO,F9,29,12582.62146833119
BBO,F9,30,12192.288005434275
BBO,F10,1,9407.724035595778
BBO,F10,2,9713.16340595999
BBO,F10,3,9142.467321820011
BBO,F10,4,9560.260966813938
BBO,F10,5,9279.899276464706
BBO,F10,6,9229.121242201465
BBO,F10,7,9385.277225490881
BBO,F10,8,9093.486530431055
BBO,F10,9,9754.469259560863
BBO,F10,10,9546.405293620996
BBO,F10,11,9495.437527699874
BBO,F10,12,8990.037520535818
BBO,F10,13,9687.65615224078
BBO,F10,14,9126.828525856632
BBO,F10,15,9089.593934721697
BBO,F10,16,8767.183085018023
BBO,F10,17,9763.726720551367
BBO,F10,18,9109.626135609982
BBO,F10,19,9374.896754510868
BBO,F10,20,9286.645490294606
BBO,F10,21,9285.723908009075
BBO,F10,22,8391.156379713553
BBO,F10,23,8948.250794219071
BBO,F10,24,10016.153852998039
BBO,F10,25,9702.395306260587
BBO,F10,26,9631.015503205981
BBO,F10,27,9493.110871893767
BBO,F10,28,9223.211272981658
BBO,F10,29,9646.869213109227
BBO,F10,30,9662.814798774281
BBO,F11,1,16610.855110213895
BBO,F11,2,13531.283309579758
BBO,F11,3,11931.922904542922
BBO,F11,4,12130.206687624814
BBO,F11,5,11906.897618904126
BBO,F11,6,16910.096646714053
BBO,F11,7,13006.427020142923
BBO,F11,8,15352.604353632467
BBO,F11,9,19747.19715291352
BBO,F11,10,10438.893151326363
BBO,F11,11,9805.03922455262
BBO,F11,12,12167.031617666813
BBO,F11,13,10333.589667968927
BBO,F11,14,10214.872454991179
BBO,F11,15,8906.937875442116
BBO,F11,16,7897.6767120578215
BBO,F11,17,13466.314736047329
BBO,F11,18,10518.40190950167
BBO,F11,19,13293.239737480893
BBO,F11,20,15795.925628072186
BBO,F11,21,9476.543222121898
BBO,F11,22,10222.42728094413
BBO,F11,23,17072.9979714797
BBO,F11,24,13331.41120519646
BBO,F11,25,18397.88550468909
BBO,F11,26,15904.606541379846
BBO,F11,27,14469.32647165943
BBO,F11,28,14468.065621371725
BBO,F11,29,7129.895813417794
BBO,F11,30,17055.086143037865
BBO,F12,1,18362552159.74019
BBO,F12,2,19388359578.490265
BBO,F12,3,10172549949.647408
BBO,F12,4,11505932706.05136
BBO,F12,5,17499427047.4048
BBO,F12,6,10077104408.843636
BBO,F12,7,15936501680.690071
BBO,F12,8,15383872407.702957
BBO,F12,9,11606920982.63732
BBO,F12,10,10715340210.56552
BBO,F12,11,19581893441.872787
BBO,F12,12,18590536532.869267
BBO,F12,13,12028405712.655924
BBO,F12,14,17807979791.66955
BBO,F12,15,16321469348.70989
BBO,F12,16,10747498982.496511
BBO,F12,17,11342019029.199005
BBO,F12,18,10349280996.3115
BBO,F12,19,15623492643.325827
BBO,F12,20,13263187648.534447
BBO,F12,21,7884140952.76205
BBO,F12,22,13638246167.071705
BBO,F12,23,14039614081.596329
BBO,F12,24,17173471321.322657
BBO,F12,25,13063818057.218561
BBO,F12,26,8761593303.305893
BBO,F12,27,18660220650.652557
BBO,F12,28,8103662432.573121
BBO,F12,29,14814809273.949959
BBO,F12,30,11618644737.876503
BBO,F13,1,6214606318.200678
BBO,F13,2,15421426151.968027
BBO,F13,3,13815408014.13427
BBO,F13,4,12766740004.342829
BBO,F13,5,9124474695.052864
BBO,F13,6,7584260039.628179
BBO,F13,7,16339941805.85086
BBO,F13,8,11417386025.83204
BBO,F13,9,13446606448.987768
BBO,F13,10,16538802013.86345
BBO,F13,11,3129188058.8855524
BBO,F13,12,15148371907.049765
BBO,F13,13,10141991500.845436
BBO,F13,14,15350873038.2917
BBO,F13,15,13439238899.016315
BBO,F13,16,2902785587.0684543
BBO,F13,17,18007861495.333576
BBO,F13,18,15845553093.710434
BBO,F13,19,4015068493.1491036
BBO,F13,20,2235004046.304808
BBO,F13,21,9723974116.739658
BBO,F13,22,9139920359.887648
BBO,F13,23,10457174420.882942
BBO,F13,24,7159222864.773516
BBO,F13,25,19494938626.218674
BBO,F13,26,2288329600.462568
BBO,F13,27,14476503460.42948
BBO,F13,28,9080145625.181276
BBO,F13,29,17350870917.483902
BBO,F13,30,6576742895.252599
BBO,F14,1,8418358.344044523
BBO,F14,2,17052111.76707592
BBO,F14,3,4795888.931381028
BBO,F14,4,5516669.207357191
BBO,F14,5,1403254.4415099337
BBO,F14,6,3760902.674794937
BBO,F14,7,10367428.179564346
BBO,F14,8,1973919.9476570047
BBO,F14,9,5127970.90428757
BBO,F14,10,3131992.7539010854
BBO,F14,11,4913964.794343625
BBO,F14,12,3509065.362224304
BBO,F14,13,16465387.320364416
BBO,F14,14,16465357.428992622
BBO,F14,15,5196739.399006841
BBO,F14,16,11826162.24515996
BBO,F14,17,6354726.824707195
BBO,F14,18,3377822.507067734
BBO,F14,19,20403969.195087004
BBO,F14,20,3229858.8124099723
BBO,F14,21,16465375.16829699
BBO,F14,22,15159030.979152543
BBO,F14,23,8065665.640822249
BBO,F14,24,11775711.925196735
BBO,F14,25,10546428.705737561
BBO,F14,26,5686656.803987247
BBO,F14,27,8014177.638990205
BBO,F14,28,5150512.718308213
BBO,F14,29,13759350.091835788
BBO,F14,30,49541012.433588125
BBO,F15,1,622869679.602966
BBO,F15,2,449003464.62814224
BBO,F15,3,610067361.5293535
BBO,F15,4,499745064.0961168
BBO,F15,5,431242726.80517644
BBO,F15,6,1514276744.7852895
BBO,F15,7,588521162.7478583
BBO,F15,8,330184750.51558685
BBO,F15,9,352051874.8561875
BBO,F15,10,882327864.9988424
BBO,F15,11,373753816.90260565
BBO,F15,12,737425564.048732
BBO,F15,13,337214119.85197306
BBO,F15,14,493417876.82856834
BBO,F15,15,528732150.4005425
BBO,F15,16,1280582335.1385584
BBO,F15,17,497850690.9979418
BBO,F15,18,337145375.62622327
BBO,F15,19,404811411.0677204
BBO,F15,20,468466107.2032305
BBO,F15,21,587187394.9384474
BBO,F15,22,651412632.638107
BBO,F15,23,613238085.7041868
BBO,F15,24,328460231.0265434
BBO,F15,25,566750013.6989853
BBO,F15,26,355142262.2360782
BBO,F15,27,545334123.1017066
BBO,F15,28,563464486.0689728
BBO,F15,29,467585276.45996225
BBO,F15,30,672346879.9103137
BBO,F16,1,6668.9617190707095
BBO,F16,2,7595.44888518149
BBO,F16,3,7308.719786529667
BBO,F16,4,8223.396228634852
BBO,F16,5,5831.079403932376
BBO,F16,6,7566.025462416823
BBO,F16,7,6933.710616856524
BBO,F16,8,5681.810429564865
BBO,F16,9,7082.991821140646
BBO,F16,10,5630.4195898007365
BBO,F16,11,6758.042178198639
BBO,F16,12,9612.107127117108
BBO,F16,13,5284.345776194514
BBO,F16,14,7932.101324156973
BBO,F16,15,5695.99770377938
BBO,F16,16,6085.94540124372
BBO,F16,17,5980.1932982038725
BBO,F16,18,9186.312619654413
BBO,F16,19,7024.502235747628
BBO,F16,20,6213.314795502465
BBO,F16,21,7767.045809413372
BBO,F16,22,6611.118405516045
BBO,F16,23,8119.311752833621
BBO,F16,24,6725.687137992587
BBO,F16,25,7622.032761750275
BBO,F16,26,5863.458188419978
BBO,F16,27,7752.384695110836
BBO,F16,28,7279.481613911638
BBO,F16,29,6707.372000205099
BBO,F16,30,7062.3333673949155
BBO,F17,1,4091.8632728591197
BBO,F17,2,4053.6188338664883
BBO,F17,3,7056.143253518792
BBO,F17,4,5069.693446956484
BBO,F17,5,5338.693247297484
BBO,F17,6,4869.395015198342
BBO,F17,7,4980.583553706923
BBO,F17,8,7804.895508617835
BBO,F17,9,5444.108727547009
BBO,F17,10,4789.123503178329
BBO,F17,11,4178.498105473289
BBO,F17,12,5273.655093350941
BBO,F17,13,5527.8667568560395
BBO,F17,14,7591.303822790564
BBO,F17,15,4993.090950506789
BBO,F17,16,5584.622025340828
BBO,F17,17,5562.593064821051
BBO,F17,18,5381.078149387024
BBO,F17,19,7639.2499559301505
BBO,F17,20,6157.239044784915
BBO,F17,21,5353.254895882975
BBO,F17,22,4811.817699086992
BBO,F17,23,4926.788898801995
BBO,F17,24,4126.816343299339
BBO,F17,25,5664.218487668006
BBO,F17,26,4536.821164286581
BBO,F17,27,4575.303099716144
BBO,F17,28,4954.5684606987525
BBO,F17,29,6071.060862788271
BBO,F17,30,3967.6640639442867
BBO,F18,1,189628479.48115304
BBO,F18,2,111893623.53205013
BBO,F18,3,74744379.14130713
BBO,F18,4,314533365.5356421
BBO,F18,5,319045182.900178
BBO,F18,6,117403784.89287059
BBO,F18,7,177466378.91730297
BBO,F18,8,36888921.569172025
BBO,F18,9,292232272.6401665
BBO,F18,10,30996466.682501104
BBO,F18,11,29563197.059187178
BBO,F18,12,39188674.02213115
BBO,F18,13,89428142.14025629
BBO,F18,14,294170151.5727332
BBO,F18,15,9363174.489656975
BBO,F18,16,168076559.72910717
BBO,F18,17,267474133.41328344
BBO,F18,18,184550489.2810557
BBO,F18,19,144558174.07088417
BBO,F18,20,253274647.7233009
BBO,F18,21,233346880.43732944
BBO,F18,22,26710147.37090536
BBO,F18,23,63968653.39004324
BBO,F18,24,363711272.0438545
BBO,F18,25,221919356.11607856
BBO,F18,26,43931795.04980326
BBO,F18,27,209480438.94140938
BBO,F18,28,39560009.443076946
BBO,F18,29,75228091.36254711
BBO,F18,30,385629279.5909741
BBO,F19,1,1433062550.5141559
BBO,F19,2,417967239.84197724
BBO,F19,3,874040601.7720665
BBO,F19,4,799118407.6143479
BBO,F19,5,557692235.6947957
BBO,F19,6,677256858.8202268
BBO,F19,7,3072608386.7497144
BBO,F19,8,324775827.3889042
BBO,F19,9,883232188.5834494
BBO,F19,10,339049291.4950085
BBO,F19,11,494583834.2023705
BBO,F19,12,153023589.35047737
BBO,F19,13,535661780.82854545
BBO,F19,14,356708012.8763346
BBO,F19,15,661547369.9272009
BBO,F19,16,216005612.66939202
BBO,F19,17,354441873.6654247
BBO,F19,18,1421311607.6666048
BBO,F19,19,246084136.40227178
BBO,F19,20,275967467.63000876
BBO,F19,21,924342800.9376519
BBO,F19,22,1238944896.0974035
BBO,F19,23,240593048.75755608
BBO,F19,24,1542275423.9901397
BBO,F19,25,660948768.270739
BBO,F19,26,910870280.3373398
BBO,F19,27,730078198.448895
BBO,F19,28,225140547.11359215
BBO,F19,29,545556745.4932923
BBO,F19,30,316644075.0216842
BBO,F20,1,2819.281273197
BBO,F20,2,3384.1562365573454
BBO,F20,3,3057.6223898474445
BBO,F20,4,3182.9294625558705
BBO,F20,5,3387.1800727474456
BBO,F20,6,3254.5863190482733
BBO,F20,7,3305.365940022167
BBO,F20,8,3133.569808528655
BBO,F20,9,3145.8500443150833
BBO,F20,10,3098.52038862657
BBO,F20,11,2970.3076723685163
BBO,F20,12,3153.868885246232
BBO,F20,13,3325.385235759808
BBO,F20,14,3365.3841438811683
BBO,F20,15,3027.6102613432104
BBO,F20,16,3087.8228109323572
BBO,F20,17,3441.1918237758828
BBO,F20,18,2927.1822059839683
BBO,F20,19,3000.434214229956
BBO,F20,20,3072.84625679177
BBO,F20,21,3378.615573660154
BBO,F20,22,3247.6114480071633
BBO,F20,23,3290.521040665445
BBO,F20,24,3223.5196099555806
BBO,F20,25,3193.187146652789
BBO,F20,26,3175.1115083957093
BBO,F20,27,2941.722792125104
BBO,F20,28,3524.7967252649532
BBO,F20,29,3210.341772669861
BBO,F20,30,3021.815312841519
BBO,F21,1,2845.0756976026473
BBO,F21,2,2763.30448338698
BBO,F21,3,2847.884836670583
BBO,F21,4,2895.080514461725
BBO,F21,5,2740.2712066371014
BBO,F21,6,2853.65700160887
BBO,F21,7,2762.0187400457685
BBO,F21,8,2812.4782482240416
BBO,F21,9,2834.055587035534
BBO,F21,10,2816.7549908389465
BBO,F21,11,2790.372248178472
BBO,F21,12,2791.095420660635
BBO,F21,13,2824.2882446691015
BBO,F21,14,2862.0735046109867
BBO,F21,15,2751.4038671711155
BBO,F21,16,2801.7959159562815
BBO,F21,17,2883.2587279244726
BBO,F21,18,2770.482570120498
BBO,F21,19,2868.7328668661494
BBO,F21,20,2790.9889470529515
BBO,F21,21,2786.5923538978773
BBO,F21,22,2763.0438044701864
BBO,F21,23,2852.824467635097
BBO,F21,24,2754.279054707191
BBO,F21,25,2778.068888129353
BBO,F21,26,2769.2059891869994
BBO,F21,27,2706.072026526456
BBO,F21,28,2741.3519838323846
BBO,F21,29,2768.9035617056757
BBO,F21,30,2765.6795718500844
BBO,F22,1,9550.116016155302
BBO,F22,2,10360.049511003332
BBO,F22,3,9126.065894855523
BBO,F22,4,8461.228626504446
BBO,F22,5,9277.744960639491
BBO,F22,6,8113.296671959238
BBO,F22,7,10543.25251581132
BBO,F22,8,10006.936791244425
BBO,F22,9,10429.607303586123
BBO,F22,10,10570.347056092942
BBO,F22,11,10667.146345827332
BBO,F22,12,10057.133822171705
BBO,F22,13,10571.189076422197
BBO,F22,14,9647.394379970594
BBO,F22,15,9037.315015951875
BBO,F22,16,10381.952763757197
BBO,F22,17,9228.581940214377
BBO,F22,18,10184.356215556803
BBO,F22,19,10448.201528436424
BBO,F22,20,10124.259307035722
BBO,F22,21,10739.440157510766
BBO,F22,22,10622.258379017469
BBO,F22,23,10286.43143427471
BBO,F22,24,8821.70092038044
BBO,F22,25,9700.82372666861
BBO,F22,26,10541.140928658324
BBO,F22,27,9777.103019882648
BBO,F22,28,9914.02369614584
BBO,F22,29,9815.089932394298
BBO,F22,30,9769.328371314317
BBO,F23,1,3688.7123054794956
BBO,F23,2,3594.7808452246472
BBO,F23,3,3619.942617521222
BBO,F23,4,3638.8977512287156
BBO,F23,5,3946.7773437805936
BBO,F23,6,3627.9723504555013
BBO,F23,7,3848.8298790335584
BBO,F23,8,3496.433112275353
BBO,F23,9,3784.3196112427986
BBO,F23,10,3860.58446294885
BBO,F23,11,3967.055315540406
BBO,F23,12,3530.1173299758484
BBO,F23,13,3786.594063423676
BBO,F23,14,3809.265610296595
BBO,F23,15,3671.3777766522244
BBO,F23,16,3915.3769227950515
BBO,F23,17,3613.843169725603
BBO,F23,18,3691.080605708618
BBO,F23,19,3630.7717794840196
BBO,F23,20,3644.5369544087444
BBO,F23,21,3624.591367448972
BBO,F23,22,3888.341944379614
BBO,F23,23,4038.2826038381468
BBO,F23,24,3718.467608744471
BBO,F23,25,3624.240925335738
BBO,F23,26,3679.7267482240354
BBO,F23,27,3676.137279371856
BBO,F23,28,3647.219992004714
BBO,F23,29,3927.929327545916
BBO,F23,30,3775.4567211568424
BBO,F24,1,3797.5731027289876
BBO,F24,2,3816.5424013643633
BBO,F24,3,3810.082764152613
BBO,F24,4,3756.7210139575477
BBO,F24,5,3694.082521552309
BBO,F24,6,3862.892689730422
BBO,F24,7,3997.866326748709
BBO,F24,8,3777.4140334319445
BBO,F24,9,3793.1730837663617
BBO,F24,10,3932.668821009119
BBO,F24,11,3873.0307177892237
BBO,F24,12,3918.0036479844157
BBO,F24,13,3765.3785535966313
BBO,F24,14,3921.5971750203335
BBO,F24,15,3846.197419754003
BBO,F24,16,3696.8925357271764
BBO,F24,17,3939.7654877998657
BBO,F24,18,3799.615461764513
BBO,F24,19,3883.893534827671
BBO,F24,20,3744.6954937752607
BBO,F24,21,3874.2975579912118
BBO,F24,22,3973.2473868805855
BBO,F24,23,3842.4229379362023
BBO,F24,24,3709.9434164013655
BBO,F24,25,3876.4536121278456
BBO,F24,26,3936.074689590415
BBO,F24,27,3831.6485005126997
BBO,F24,28,3894.1182665732713
BBO,F24,29,3982.7465956456635
BBO,F24,30,3886.73326003875
BBO,F25,1,5597.334769468751
BBO,F25,2,5444.836083450071
BBO,F25,3,5634.295620636152
BBO,F25,4,5697.765511596605
BBO,F25,5,5774.540409677771
BBO,F25,6,5006.48081705771
BBO,F25,7,5601.723970564341
BBO,F25,8,5613.36351050962
BBO,F25,9,5525.0230656926315
BBO,F25,10,5384.631315341797
BBO,F25,11,5051.897826127242
BBO,F25,12,4490.876124382031
BBO,F25,13,5173.535130839297
BBO,F25,14,5165.451094978881
BBO,F25,15,5721.183143551695
BBO,F25,16,5320.985831168451
BBO,F25,17,4953.904903872993
BBO,F25,18,5773.176014561422
BBO,F25,19,5239.653813458174
BBO,F25,20,5537.143009600116
BBO,F25,21,6658.981003158308
BBO,F25,22,4378.121430935732
BBO,F25,23,4433.973209146364
BBO,F25,24,5925.593144373872
BBO,F25,25,4943.325061453217
BBO,F25,26,5258.840141553083
BBO,F25,27,5806.461085232429
BBO,F25,28,4524.188938964877
BBO,F25,29,4865.094866227737
BBO,F25,30,5476.411400483214
BBO,F26,1,11655.734003896428
BBO,F26,2,13476.837021443554
BBO,F26,3,12308.349595713982
BBO,F26,4,11960.378938672122
BBO,F26,5,12847.625723929359
BBO,F26,6,11456.840312349332
BBO,F26,7,12312.418824420458
BBO,F26,8,12272.111884591843
BBO,F26,9,11990.26466703844
BBO,F26,10,11524.053413001135
BBO,F26,11,12489.585235042403
BBO,F26,12,12846.980531596737
BBO,F26,13,11959.120176088018
BBO,F26,14,12334.92395140646
BBO,F26,15,11675.206273864027
BBO,F26,16,12313.536962742484
BBO,F26,17,13132.384734023983
BBO,F26,18,12687.850072981895
BBO,F26,19,11730.718547184162
BBO,F26,20,12392.303289898988
BBO,F26,21,13254.561549073787
BBO,F26,22,12185.868985713078
BBO,F26,23,12558.098012410985
BBO,F26,24,11250.63447657785
BBO,F26,25,13058.83051586639
BBO,F26,26,12440.939522702462
BBO,F26,27,12448.28478717217
BBO,F26,28,12922.200597166928
BBO,F26,29,12613.929311714068
BBO,F26,30,12139.22618465536
BBO,F27,1,4676.007061448165
BBO,F27,2,4549.001507115805
BBO,F27,3,4980.498903907506
BBO,F27,4,4664.314081394642
BBO,F27,5,5395.55904662574
BBO,F27,6,4577.489521159785
BBO,F27,7,5351.038987920736
BBO,F27,8,5030.703953854347
BBO,F27,9,4246.102789827397
BBO,F27,10,5336.725272821728
BBO,F27,11,5322.64259779819
BBO,F27,12,4527.140404285437
BBO,F27,13,4195.187135043759
BBO,F27,14,4812.321895804399
BBO,F27,15,5227.028043878841
BBO,F27,16,4849.40337535861
BBO,F27,17,4355.727773795254
BBO,F27,18,4347.816031657707
BBO,F27,19,4396.618737759176
BBO,F27,20,4753.727528394511
BBO,F27,21,4613.19969652159
BBO,F27,22,4912.89491889742
BBO,F27,23,5210.572689486845
BBO,F27,24,5099.667738248737
BBO,F27,25,4965.6699103615665
BBO,F27,26,4409.322455370793
BBO,F27,27,4594.7676259246
BBO,F27,28,4787.220247017662
BBO,F27,29,4910.245297490162
BBO,F27,30,4543.091769012817
BBO,F28,1,8631.996800714554
BBO,F28,2,7586.859825757643
BBO,F28,3,6620.272166986868
BBO,F28,4,7542.52825930793
BBO,F28,5,6653.26916508236
BBO,F28,6,7354.557295632033
BBO,F28,7,7153.279834580388
BBO,F28,8,8018.373288570297
BBO,F28,9,7767.740256870857
BBO,F28,10,7762.349625175661
BBO,F28,11,6610.001469810282
BBO,F28,12,6847.467982680941
BBO,F28,13,6924.429129958608
BBO,F28,14,6842.811003080463
BBO,F28,15,6154.331106146796
BBO,F28,16,7668.58905776862
BBO,F28,17,7196.138854866767
BBO,F28,18,6076.429234609423
BBO,F28,19,5691.6825282071495
BBO,F28,20,6512.861784815291
BBO,F28,21,6874.413595805616
BBO,F28,22,7248.343026277785
BBO,F28,23,6412.441077995486
BBO,F28,24,6466.179733311692
BBO,F28,25,6454.908829342904
BBO,F28,26,5556.193518349888
BBO,F28,27,7086.002917298452
BBO,F28,28,6028.528499403939
BBO,F28,29,6941.65573753934
BBO,F28,30,7379.515807275041
BBO,F29,1,7686.260611531558
BBO,F29,2,16994.051283054472
BBO,F29,3,12787.34265521299
BBO,F29,4,10676.751152134457
BBO,F29,5,7626.777828004344
BBO,F29,6,11029.710441882507
BBO,F29,7,8108.981636654297
BBO,F29,8,10560.858093786032
BBO,F29,9,17745.46525069858
BBO,F29,10,15170.545107844433
BBO,F29,11,10382.894976087755
BBO,F29,12,11419.145453900834
BBO,F29,13,9364.912552311649
BBO,F29,14,10386.07338316683
BBO,F29,15,7834.140586526832
BBO,F29,16,9308.295618023029
BBO,F29,17,13319.710898934822
BBO,F29,18,12511.64015243122
BBO,F29,19,8206.700762018349
BBO,F29,20,11168.008427431298
BBO,F29,21,22979.3074789799
BBO,F29,22,7403.536044014347
BBO,F29,23,12348.710700306903
BBO,F29,24,10579.873027596805
BBO,F29,25,10380.966016561646
BBO,F29,26,7814.049480754709
BBO,F29,27,10202.6271680574
BBO,F29,28,15448.092754018562
BBO,F29,29,17981.44450034874
BBO,F29,30,10660.10567181399
BBO,F30,1,2337726755.397365
BBO,F30,2,3269984767.6585264
BBO,F30,3,3364940610.724575
BBO,F30,4,1446043120.5127206
BBO,F30,5,2640276427.257854
BBO,F30,6,1346809821.9621308
BBO,F30,7,2953541619.3044357
BBO,F30,8,4662977634.417473
BBO,F30,9,1460850279.5936897
BBO,F30,10,3236366862.119008
BBO,F30,11,1359821749.188614
BBO,F30,12,3046275460.812342
BBO,F30,13,3627316439.7110453
BBO,F30,14,1320253038.5059114
BBO,F30,15,2093618938.84173
BBO,F30,16,2387828603.647787
BBO,F30,17,2290917578.0999393
BBO,F30,18,771684870.3309871
BBO,F30,19,2073541732.8084397
BBO,F30,20,2227764499.5716815
BBO,F30,21,3592667812.219185
BBO,F30,22,3385195319.0566487
BBO,F30,23,2310846459.7875605
BBO,F30,24,2649476841.5394793
BBO,F30,25,2469186401.1224623
BBO,F30,26,3388029529.59137
BBO,F30,27,1751816881.6859927
BBO,F30,28,3190915134.9656262
BBO,F30,29,1042029851.7026812
BBO,F30,30,3345960220.5165963
CS,F1,1,105284828548.12103
CS,F1,2,65220869847.572784
CS,F1,3,74570037118.10228
CS,F1,4,58796132601.73604
CS,F1,5,70302901147.02931
CS,F1,6,56216599104.87351
CS,F1,7,55657891857.15595
CS,F1,8,77749165489.19656
CS,F1,9,46869275202.83546
CS,F1,10,116578806591.556
CS,F1,11,87989132131.9071
CS,F1,12,94685243259.36617
CS,F1,13,67928701440.81074
CS,F1,14,85103990318.04124
CS,F1,15,76984825909.87715
CS,F1,16,64422629168.0992
CS,F1,17,68763609148.83653
CS,F1,18,130832444718.6216
CS,F1,19,65105534585.16627
CS,F1,20,51975334100.07392
CS,F1,21,36277563615.27924
CS,F1,22,72322950255.12267
CS,F1,23,72162064703.04712
CS,F1,24,104408798977.21172
CS,F1,25,62562752637.5753
CS,F1,26,65155296487.11237
CS,F1,27,84141313012.21858
CS,F1,28,104780342594.84978
CS,F1,29,83432826677.2176
CS,F1,30,73467732723.85007
CS,F3,1,181824.9355490863
CS,F3,2,261169.16915727124
CS,F3,3,18197386.008068863
CS,F3,4,197408.97103305525
CS,F3,5,269561.4699246847
CS,F3,6,240178.65132019058
CS,F3,7,294333.5909946777
CS,F3,8,228858.4565066302
CS,F3,9,214922.89380788294
CS,F3,10,261662.5397096292
CS,F3,11,339229.6600396685
CS,F3,12,2212028.9097135738
CS,F3,13,196853.26439759863
CS,F3,14,224045.12356471128
CS,F3,15,240056.85712408365
CS,F3,16,247510.6953858773
CS,F3,17,217381.11562369586
CS,F3,18,182896.05200801388
CS,F3,19,304572.6812803867
CS,F3,20,224221.55586868772
CS,F3,21,218983.0053172505
CS,F3,22,153014.73178235782
CS,F3,23,274598.8853050257
CS,F3,24,193199.77863232789
CS,F3,25,237290.6879657672
CS,F3,26,293217.721610137
CS,F3,27,144361.86300243562
CS,F3,28,217694.1103603758
CS,F3,29,209555.25756749944
CS,F3,30,240600.48547407068
CS,F4,1,19902.853274599984
CS,F4,2,24891.34624085687
CS,F4,3,24648.928490465834
CS,F4,4,37902.70543967524
CS,F4,5,30710.667500975727
CS,F4,6,26612.193252812267
CS,F4,7,19712.423649255088
CS,F4,8,18324.63206167552
CS,F4,9,24195.0110267969
CS,F4,10,25036.960450464623
CS,F4,11,30437.309254691507
CS,F4,12,16634.459977189108
CS,F4,13,16874.979067500397
CS,F4,14,33393.703636769686
CS,F4,15,40287.96730316302
CS,F4,16,29438.166307025815
CS,F4,17,39024.416823136286
CS,F4,18,12370.893563801765
CS,F4,19,26824.500851975357
CS,F4,20,29857.915689430323
CS,F4,21,21023.16147977564
CS,F4,22,41769.17972139006
CS,F4,23,58938.22891263514
CS,F4,24,18656.42373723396
CS,F4,25,40094.639354163024
CS,F4,26,15688.631896291061
CS,F4,27,20219.80080620863
CS,F4,28,23667.733557213924
CS,F4,29,62116.80326842363
CS,F4,30,24983.707960884363
CS,F5,1,974.9712223199863
CS,F5,2,1182.7922467179483
CS,F5,3,1148.1763354610443
CS,F5,4,1071.822576792751
CS,F5,5,915.9773945931133
CS,F5,6,1094.7420929410948
CS,F5,7,1037.9278750351382
CS,F5,8,1029.371872263215
CS,F5,9,919.6684927384445
CS,F5,10,998.4783222716812
CS,F5,11,1005.3837122279982
CS,F5,12,968.6995602911687
CS,F5,13,869.8045699343411
CS,F5,14,935.5483377126826
CS,F5,15,964.9635746912073
CS,F5,16,1026.830473188879
CS,F5,17,1163.657102806936
CS,F5,18,1112.5280010690187
CS,F5,19,894.9791358962647
CS,F5,20,1056.1187893105434
CS,F5,21,1050.7575145910087
CS,F5,22,1108.0077453286524
CS,F5,23,1211.0505555803122
CS,F5,24,998.5399655386024
CS,F5,25,1069.013888563431
CS,F5,26,1002.5877729723638
CS,F5,27,1176.5057793502333
CS,F5,28,1004.0051552167507
CS,F5,29,1062.5234205601905
CS,F5,30,959.3585476576986
CS,F6,1,680.8001861515486
CS,F6,2,674.1242357813792
CS,F6,3,694.5810361119278
CS,F6,4,696.7104998849798
CS,F6,5,697.3629540613147
CS,F6,6,699.3253652793281
CS,F6,7,712.8465589012434
CS,F6,8,675.910882442828
CS,F6,9,736.2301093981831
CS,F6,10,715.1562292005262
CS,F6,11,701.7260124335288
CS,F6,12,682.3238052898238
CS,F6,13,702.3870457896248
CS,F6,14,711.9246403717816
CS,F6,15,723.9068643321028
CS,F6,16,714.3027358809877
CS,F6,17,694.1327367085
CS,F6,18,709.3770914181375
CS,F6,19,705.1407000569761
CS,F6,20,674.7871250943147
CS,F6,21,692.5192523285064
CS,F6,22,688.6793576023692
CS,F6,23,720.4760495474198
CS,F6,24,707.7800689309979
CS,F6,25,689.1721599754197
CS,F6,26,709.7972676941417
CS,F6,27,720.9882145449048
CS,F6,28,730.9109697653157
CS,F6,29,705.2622137982164
CS,F6,30,716.6079625667634
CS,F7,1,2482.498681799932
CS,F7,2,2284.5191677520243
CS,F7,3,2226.1182132829795
CS,F7,4,2961.1658533658706
CS,F7,5,2406.4730530734255
CS,F7,6,2467.0339367399033
CS,F7,7,1981.2003572858566
CS,F7,8,2367.463907890634
CS,F7,9,1682.6550024086137
CS,F7,10,2675.899310228505
CS,F7,11,2897.763254822905
CS,F7,12,2202.5206349752007
CS,F7,13,2335.8178854348844
CS,F7,14,2083.276640924535
CS,F7,15,3487.4551561224516
CS,F7,16,1841.9217180433777
CS,F7,17,1824.6968954252657
CS,F7,18,2323.0291412262704
CS,F7,19,1930.78505680745
CS,F7,20,2387.6102746540546
CS,F7,21,2135.636719175247
CS,F7,22,2722.6276166667344
CS,F7,23,2361.9732575393027
CS,F7,24,2195.4099211052007
CS,F7,25,2494.3259248845225
CS,F7,26,2069.8213506305874
CS,F7,27,2609.774749200525
CS,F7,28,1863.5491334927508
CS,F7,29,2784.590570869285
CS,F7,30,2723.600502936698
CS,F8,1,1278.2149194675085
CS,F8,2,1318.220160014088
CS,F8,3,1190.174519451552
CS,F8,4,1178.1281614848422
CS,F8,5,1240.1595843883006
CS,F8,6,1307.867625644717
CS,F8,7,1259.0000879206498
CS,F8,8,1133.269388634713
CS,F8,9,1252.4518915124918
CS,F8,10,1380.3556526243142
CS,F8,11,1335.7713613230005
CS,F8,12,1257.4708777723085
CS,F8,13,1189.0839424043222
CS,F8,14,1385.0033653548817
CS,F8,15,1410.3325243498614
CS,F8,16,1436.5116423224422
CS,F8,17,1275.3890672361479
CS,F8,18,1334.9117339240508
CS,F8,19,1266.7458688568372
CS,F8,20,1179.7177004545042
CS,F8,21,1148.8190186357353
CS,F8,22,1285.275040021137
CS,F8,23,1261.7997735898682
CS,F8,24,1237.3877416109185
CS,F8,25,1140.4147569248253
CS,F8,26,1257.6475977264872
CS,F8,27,1361.5607724067108
CS,F8,28,1207.6230313626943
CS,F8,29,1095.2028111029667
CS,F8,30,1241.8579348598528
CS,F9,1,10254.985804258935
CS,F9,2,11167.699582455225
CS,F9,3,20160.172002975585
CS,F9,4,18455.19741698228
CS,F9,5,33835.81317947168
CS,F9,6,17154.413132593694
CS,F9,7,22168.04310478138
CS,F9,8,15708.205557240562
CS,F9,9,20026.962000989322
CS,F9,10,17551.3922013123
CS,F9,11,24304.895821526607
CS,F9,12,17304.86440593938
CS,F9,13,16303.719794235043
CS,F9,14,19736.98785519367
CS,F9,15,36336.24834508846
CS,F9,16,12156.951319202688
CS,F9,17,27672.626843576378
CS,F9,18,20631.758375383895
CS,F9,19,14815.327154622357
CS,F9,20,24245.94572784942
CS,F9,21,13490.640005301804
CS,F9,22,14845.716441234421
CS,F9,23,30487.25109719337
CS,F9,24,12255.816352257887
CS,F9,25,20802.360365755114
CS,F9,26,25910.137881712053
CS,F9,27,24537.240604499217
CS,F9,28,16615.293866700005
CS,F9,29,20089.846276841028
CS,F9,30,24752.756904055517
CS,F10,1,8931.984169158723
CS,F10,2,10197.733070111899
CS,F10,3,9408.806973304612
CS,F10,4,7988.380935620206
CS,F10,5,9160.502177613807
CS,F10,6,9462.448225976554
CS,F10,7,9675.498927112076
CS,F10,8,8917.47102026465
CS,F10,9,9989.520412013782
CS,F10,10,9896.858316417804
CS,F10,11,8381.834736515866
CS,F10,12,9073.515347787259
CS,F10,13,9710.14739335003
CS,F10,14,8529.02210864823
CS,F10,15,8860.62594271636
CS,F10,16,8170.620654010959
CS,F10,17,9101.247298983475
CS,F10,18,10388.091947718507
CS,F10,19,9710.207291021221
CS,F10,20,9224.516188098209
CS,F10,21,8691.259542012807
CS,F10,22,8455.848338741893
CS,F10,23,9157.494104478417
CS,F10,24,10008.054771410962
CS,F10,25,10602.38191303409
CS,F10,26,9268.670618859287
CS,F10,27,7675.75696638817
CS,F10,28,8882.066106898774
CS,F10,29,9185.808005766465
CS,F10,30,10333.028931182049
CS,F11,1,55092.92155356596
CS,F11,2,35731.78311447749
CS,F11,3,35984.91825078651
CS,F11,4,38814.589068313704
CS,F11,5,22884.7335248715
CS,F11,6,62329.412602861106
CS,F11,7,54991.47251296521
CS,F11,8,29167.07215648314
CS,F11,9,11607.182010157612
CS,F11,10,35982.702261902545
CS,F11,11,18608.172777069194
CS,F11,12,31087.30266457924
CS,F11,13,37435.19260429451
CS,F11,14,22392.950228090453
CS,F11,15,9042.795541875443
CS,F11,16,30587.44246093063
CS,F11,17,45028.07381617424
CS,F11,18,31196.035328578586
CS,F11,19,25867.5671262104
CS,F11,20,33377.75718928635
CS,F11,21,32572.603375188795
CS,F11,22,17729.936468961998
CS,F11,23,49501.355398145184
CS,F11,24,36465.02939103143
CS,F11,25,32722.558983674982
CS,F11,26,55643.54489296428
CS,F11,27,22288.849194666145
CS,F11,28,20275.75012888872
CS,F11,29,9837.280330799696
CS,F11,30,44313.01683230307
CS,F12,1,14129387227.410904
CS,F12,2,18327868314.75245
CS,F12,3,14678425982.170544
CS,F12,4,8874422561.90054
CS,F12,5,14605137877.561995
CS,F12,6,20077399470.812195
CS,F12,7,26322278207.767384
CS,F12,8,19276636329.465656
CS,F12,9,16066424018.981981
CS,F12,10,25700067955.89423
CS,F12,11,16385994331.510244
CS,F12,12,20292174191.576786
CS,F12,13,6196137398.421162
CS,F12,14,17998114149.367317
CS,F12,15,18772537136.30687
CS,F12,16,18610178739.695827
CS,F12,17,19372860295.31884
CS,F12,18,17926497109.975426
CS,F12,19,16562980814.358452
CS,F12,20,26249867685.98022
CS,F12,21,11960221027.217257
CS,F12,22,21455598158.928577
CS,F12,23,38164348014.69539
CS,F12,24,10855198610.828114
CS,F12,25,11763944019.481834
CS,F12,26,13434399773.141052
CS,F12,27,20225254043.91346
CS,F12,28,21773852281.65151
CS,F12,29,15421196242.321627
CS,F12,30,18836643590.87039
CS,F13,1,19680395411.931305
CS,F13,2,35152131798.50131
CS,F13,3,16849192052.62282
CS,F13,4,14544478977.651865
CS,F13,5,9330000216.476591
CS,F13,6,10296501743.14174
CS,F13,7,6455603754.692194
CS,F13,8,4452396253.668412
CS,F13,9,12448272943.959547
CS,F13,10,48419551650.11804
CS,F13,11,22741337434.82924
CS,F13,12,5221868704.6329565
CS,F13,13,3655759114.883535
CS,F13,14,9018378311.61452
CS,F13,15,29239053370.750965
CS,F13,16,32955603750.91599
CS,F13,17,5460542734.831481
CS,F13,18,14386836996.86936
CS,F13,19,23715749143.386723
CS,F13,20,6092216959.0399
CS,F13,21,9226766068.069002
CS,F13,22,31374690333.427334
CS,F13,23,34751088569.04421
CS,F13,24,25468179247.328632
CS,F13,25,15375798398.852377
CS,F13,26,6330940963.173213
CS,F13,27,15660603955.162865
CS,F13,28,34277408334.029125
CS,F13,29,22009512979.696907
CS,F13,30,9462244449.843014
CS,F14,1,35603434.9236146
CS,F14,2,6095305.76894407
CS,F14,3,3324138.7255364023
CS,F14,4,2128828.412733464
CS,F14,5,8450327.638933925
CS,F14,6,80454836.46680696
CS,F14,7,28182117.343606986
CS,F14,8,10336765.382014101
CS,F14,9,3331010.8828729116
CS,F14,10,163926574.67442748
CS,F14,11,52619073.38875607
CS,F14,12,15745498.68148596
CS,F14,13,5480092.511717727
CS,F14,14,26626168.44722521
CS,F14,15,21565934.298854582
CS,F14,16,16859643.702016775
CS,F14,17,20783180.969368637
CS,F14,18,3377822.507067734
CS,F14,19,11028660.385210494
CS,F14,20,6672992.494035538
CS,F14,21,17030085.964211848
CS,F14,22,216469896.86542282
CS,F14,23,51353200.38593308
CS,F14,24,2606792.2557886876
CS,F14,25,8633438.200579658
CS,F14,26,19344059.338868737
CS,F14,27,5068856.167729244
CS,F14,28,42168803.53590928
CS,F14,29,58178024.70590467
CS,F14,30,19457806.943133183
CS,F15,1,6892433477.938818
CS,F15,2,1578500054.2641766
CS,F15,3,3557689713.9836855
CS,F15,4,1164725382.9390776
CS,F15,5,2169099449.016277
CS,F15,6,2879765798.671627
CS,F15,7,693854259.3098044
CS,F15,8,374361159.25774443
CS,F15,9,1976385780.1771975
CS,F15,10,1571592788.1934695
CS,F15,11,624466297.5919752
CS,F15,12,8681611292.459087
CS,F15,13,3622191201.6728864
CS,F15,14,916955257.4070861
CS,F15,15,2073427697.550319
CS,F15,16,1841454052.4744487
CS,F15,17,848066710.4142823
CS,F15,18,1979139301.1783376
CS,F15,19,5371999699.42393
CS,F15,20,3245411844.1563406
CS,F15,21,1852633258.129876
CS,F15,22,3660145439.108979
CS,F15,23,7042692979.406341
CS,F15,24,2302323605.421647
CS,F15,25,5774648584.988272
CS,F15,26,1287822123.6927273
CS,F15,27,9419651007.17871
CS,F15,28,4687829664.023311
CS,F15,29,3051508026.25206
CS,F15,30,1150325137.7351737
CS,F16,1,8139.271165497228
CS,F16,2,5938.963799791984
CS,F16,3,6046.690774544903
CS,F16,4,8230.690023069877
CS,F16,5,7688.207559855385
CS,F16,6,5794.563393153025
CS,F16,7,6043.8611947381705
CS,F16,8,5367.910805773241
CS,F16,9,4679.436458602619
CS,F16,10,5998.435897685236
CS,F16,11,7716.355842685427
CS,F16,12,6431.249331127797
CS,F16,13,9548.781527705876
CS,F16,14,6478.73325244067
CS,F16,15,5559.527881775404
CS,F16,16,5749.197265474822
CS,F16,17,4605.370806136043
CS,F16,18,7463.840703424383
CS,F16,19,10305.453671066403
CS,F16,20,6723.833406639615
CS,F16,21,6856.86961922021
CS,F16,22,6661.190611388528
CS,F16,23,6222.9340828839595
CS,F16,24,5070.906766495316
CS,F16,25,5389.219250106737
CS,F16,26,4608.103170503783
CS,F16,27,7795.522993812054
CS,F16,28,8860.692062643557
CS,F16,29,4486.743251928391
CS,F16,30,7062.3333673949155
CS,F17,1,60350.26625137752
CS,F17,2,4693.550790980452
CS,F17,3,3526.7284327067523
CS,F17,4,3205.152788126795
CS,F17,5,5338.693247297484
CS,F17,6,55825.56395311032
CS,F17,7,12036.877896831142
CS,F17,8,4922.590255370793
CS,F17,9,4226.21012103628
CS,F17,10,134741.2494882789
CS,F17,11,3888.77890735171
CS,F17,12,6110.0940924697625
CS,F17,13,17349.485014518825
CS,F17,14,79386.50909310029
CS,F17,15,3349.663185203868
CS,F17,16,5747.631367152839
CS,F17,17,6016.110059590384
CS,F17,18,6274.488910235043
CS,F17,19,3567.9866381964284
CS,F17,20,23595.383905613064
CS,F17,21,32108.62962671161
CS,F17,22,5455.914149708586
CS,F17,23,4385.777864156292
CS,F17,24,5720.893667164108
CS,F17,25,2593.3445234742076
CS,F17,26,3993.1128359461873
CS,F17,27,87289.13616530153
CS,F17,28,4203.570059030068
CS,F17,29,11289.578113725513
CS,F17,30,5117.631530920658
CS,F18,1,129388652.01915027
CS,F18,2,168519235.38565874
CS,F18,3,135004043.61535314
CS,F18,4,309983859.3968347
CS,F18,5,867000500.2110156
CS,F18,6,117403784.89287059
CS,F18,7,177466378.91730297
CS,F18,8,118520964.69960609
CS,F18,9,61377931.80556831
CS,F18,10,70590506.72142456
CS,F18,11,458732738.9633608
CS,F18,12,150034091.14457414
CS,F18,13,221979898.08906907
CS,F18,14,636427871.8416592
CS,F18,15,473014895.10113275
CS,F18,16,1127601387.2540772
CS,F18,17,110519656.12527521
CS,F18,18,34206900.006874636
CS,F18,19,9281106.082824202
CS,F18,20,326653985.7439259
CS,F18,21,30725731.161891703
CS,F18,22,7129651.315509416
CS,F18,23,238467163.97767994
CS,F18,24,61251275.89918027
CS,F18,25,552566580.3777972
CS,F18,26,17942806.75483722
CS,F18,27,16233128.174284935
CS,F18,28,61280172.38257733
CS,F18,29,167041902.01167932
CS,F18,30,385629279.5909741
CS,F19,1,476268288.17420477
CS,F19,2,4952272477.959667
CS,F19,3,1077820706.9145658
CS,F19,4,10973205646.770412
CS,F19,5,4835234804.901786
CS,F19,6,700416766.6006298
CS,F19,7,1704334339.3558257
CS,F19,8,214813343.12673825
CS,F19,9,957502152.5002534
CS,F19,10,257999456.22482124
CS,F19,11,3445866209.0538588
CS,F19,12,923765774.7333157
CS,F19,13,1202481388.4672925
CS,F19,14,6131515748.428959
CS,F19,15,2638383696.620458
CS,F19,16,2637376100.022084
CS,F19,17,353041769.7172058
CS,F19,18,3058820592.00699
CS,F19,19,8583988333.334245
CS,F19,20,6833224716.532829
CS,F19,21,7943716648.643951
CS,F19,22,3268293375.9199114
CS,F19,23,8972333857.720564
CS,F19,24,11634612962.611
CS,F19,25,2595452730.916531
CS,F19,26,3387143745.955956
CS,F19,27,20300118705.86551
CS,F19,28,958933524.6539259
CS,F19,29,6133966721.20393
CS,F19,30,3369494780.2933946
CS,F20,1,3699.3841006838784
CS,F20,2,3602.6022438470263
CS,F20,3,3673.21792609223
CS,F20,4,3865.7464935367675
CS,F20,5,3020.8996721932176
CS,F20,6,3545.39709540687
CS,F20,7,3173.567343809847
CS,F20,8,3419.4067689086723
CS,F20,9,3313.7497379552788
CS,F20,10,3779.693658168652
CS,F20,11,3823.8690167375294
CS,F20,12,3608.694014435012
CS,F20,13,3042.6957996237525
CS,F20,14,3394.8213136358636
CS,F20,15,3412.083152069482
CS,F20,16,3172.885968984572
CS,F20,17,3673.348269705083
CS,F20,18,3613.2196048718965
CS,F20,19,3314.2485718764715
CS,F20,20,3282.218516906579
CS,F20,21,3605.794672236878
CS,F20,22,3454.6767727897222
CS,F20,23,3367.0073077854468
CS,F20,24,3520.8724782606623
CS,F20,25,3287.835876135179
CS,F20,26,3243.959981916725
CS,F20,27,3701.2343141462247
CS,F20,28,3258.604262382546
CS,F20,29,3412.431520736543
CS,F20,30,3829.1144604250308
CS,F21,1,2752.06242366166
CS,F21,2,2717.407831005403
CS,F21,3,2825.480843883084
CS,F21,4,2907.89834714802
CS,F21,5,2745.13199373302
CS,F21,6,2968.042814591355
CS,F21,7,2655.274252720052
CS,F21,8,2668.756304635432
CS,F21,9,2846.386140224053
CS,F21,10,2662.218516172322
CS,F21,11,2921.110746530233
CS,F21,12,2748.6774240057503
CS,F21,13,2815.366029158451
CS,F21,14,2850.03589343793
CS,F21,15,2737.015943860303
CS,F21,16,2644.5404510392545
CS,F21,17,2914.3402117138517
CS,F21,18,2724.0869862157606
CS,F21,19,2768.1569602011123
CS,F21,20,2710.554418262555
CS,F21,21,2767.5749670653545
CS,F21,22,2883.6975528713156
CS,F21,23,2755.213050482653
CS,F21,24,2966.1795966038385
CS,F21,25,2772.3138093907537
CS,F21,26,2699.4757035005123
CS,F21,27,2839.657328085219
CS,F21,28,2682.001718428532
CS,F21,29,2750.0206461225375
CS,F21,30,2901.129305714422
CS,F22,1,10535.149506167443
CS,F22,2,9756.615283542353
CS,F22,3,9471.593363882537
CS,F22,4,8321.699776585672
CS,F22,5,11315.772446714214
CS,F22,6,10015.917419262336
CS,F22,7,10793.954665737752
CS,F22,8,11873.136468262099
CS,F22,9,10092.162861594239
CS,F22,10,11387.418087702272
CS,F22,11,12069.518277876236
CS,F22,12,11882.896055289051
CS,F22,13,10794.04302899306
CS,F22,14,10997.521382155233
CS,F22,15,11015.758928289582
CS,F22,16,11382.616323636214
CS,F22,17,10635.407730517762
CS,F22,18,12072.62141308733
CS,F22,19,11934.081896254631
CS,F22,20,8107.814843721875
CS,F22,21,11210.299642096066
CS,F22,22,10657.083446135684
CS,F22,23,10222.362959710728
CS,F22,24,10061.233847713751
CS,F22,25,10185.612437685873
CS,F22,26,8983.389186028933
CS,F22,27,11159.100598200605
CS,F22,28,11352.031753281055
CS,F22,29,10654.705792958122
CS,F22,30,9475.341437924932
CS,F23,1,3467.434289345458
CS,F23,2,3651.324362573857
CS,F23,3,3381.9165894977546
CS,F23,4,3774.223006388507
CS,F23,5,3744.9385271489837
CS,F23,6,3737.933386056815
CS,F23,7,4138.128153748721
CS,F23,8,4366.523532394009
CS,F23,9,3616.5814729489243
CS,F23,10,3298.1252585659076
CS,F23,11,3600.387114988932
CS,F23,12,3735.2798159407357
CS,F23,13,3621.9664219580254
CS,F23,14,3803.925922131009
CS,F23,15,3904.9354040220464
CS,F23,16,3814.423843877838
CS,F23,17,3829.3419630095414
CS,F23,18,3489.7826577360183
CS,F23,19,3939.692278298306
CS,F23,20,3644.5369544087444
CS,F23,21,3442.0794794644453
CS,F23,22,3576.0206556699977
CS,F23,23,3848.302738307896
CS,F23,24,3621.621320663257
CS,F23,25,3502.900120836988
CS,F23,26,4119.431080031956
CS,F23,27,3504.2337758403883
CS,F23,28,3619.504500610256
CS,F23,29,3810.379514723877
CS,F23,30,3554.57547096864
CS,F24,1,3925.816329320365
CS,F24,2,3740.30544216339
CS,F24,3,3973.3179026804887
CS,F24,4,3737.369595860283
CS,F24,5,3375.2528728692346
CS,F24,6,3563.893102945214
CS,F24,7,4479.648748163283
CS,F24,8,3687.9051527871907
CS,F24,9,4119.47281775337
CS,F24,10,4286.593618440055
CS,F24,11,3739.3442105293993
CS,F24,12,4078.384140091027
CS,F24,13,4622.19714326465
CS,F24,14,3961.749881674435
CS,F24,15,4510.401972528072
CS,F24,16,3888.247438306954
CS,F24,17,4216.403584690949
CS,F24,18,4005.8879065670994
CS,F24,19,4153.114059624606
CS,F24,20,4099.077970849639
CS,F24,21,3993.1601982945017
CS,F24,22,3830.752984205731
CS,F24,23,4163.219225412839
CS,F24,24,3557.4673734267667
CS,F24,25,4430.160429134842
CS,F24,26,3804.4673995275816
CS,F24,27,3690.312636055286
CS,F24,28,4170.687821359352
CS,F24,29,4320.032980236682
CS,F24,30,3921.6989534485674
CS,F25,1,14327.501686993492
CS,F25,2,10225.935632633984
CS,F25,3,13964.472335152539
CS,F25,4,12480.394189327128
CS,F25,5,12110.811931318029
CS,F25,6,13436.381021798315
CS,F25,7,7407.6616117963595
CS,F25,8,14297.590911899759
CS,F25,9,7238.5426692941855
CS,F25,10,18027.825413630904
CS,F25,11,5638.104886933413
CS,F25,12,10314.398505768153
CS,F25,13,16987.841817906694
CS,F25,14,21111.92336704542
CS,F25,15,6478.8946906598285
CS,F25,16,14693.074859133716
CS,F25,17,5541.637014833224
CS,F25,18,14510.825209686136
CS,F25,19,8671.216455394919
CS,F25,20,11492.704798477067
CS,F25,21,10143.36936722513
CS,F25,22,12918.105573490855
CS,F25,23,26741.294377533017
CS,F25,24,12657.543541573572
CS,F25,25,11517.003519729327
CS,F25,26,11218.878125545965
CS,F25,27,7029.845630579281
CS,F25,28,7871.429514316393
CS,F25,29,6721.91856572777
CS,F25,30,7038.796042640903
CS,F26,1,16670.702387757818
CS,F26,2,11823.83272441046
CS,F26,3,11893.025197128021
CS,F26,4,13834.297670419346
CS,F26,5,12891.22837703005
CS,F26,6,13433.476494434577
CS,F26,7,11661.037944893413
CS,F26,8,11907.98611669369
CS,F26,9,13286.701993870138
CS,F26,10,11016.451366463629
CS,F26,11,16127.095359630417
CS,F26,12,14918.132321149196
CS,F26,13,11321.838312164075
CS,F26,14,15499.697615084395
CS,F26,15,12846.199133246642
CS,F26,16,12901.350066849018
CS,F26,17,13501.514948994862
CS,F26,18,15433.931608280038
CS,F26,19,12081.828942278004
CS,F26,20,11264.868091842734
CS,F26,21,13515.702151094985
CS,F26,22,16119.529780723653
CS,F26,23,12014.975467770637
CS,F26,24,11897.27657221736
CS,F26,25,15043.71354702847
CS,F26,26,15369.194313263393
CS,F26,27,13038.68790505224
CS,F26,28,16760.156347456057
CS,F26,29,12487.41623478181
CS,F26,30,12434.24161371695
CS,F27,1,5131.038339873474
CS,F27,2,4659.822052371307
CS,F27,3,5475.4341524055835
CS,F27,4,4811.192679451083
CS,F27,5,5000.825680142115
CS,F27,6,4940.533683544008
CS,F27,7,4322.536100070344
CS,F27,8,4545.027064656246
CS,F27,9,4793.290632891976
CS,F27,10,4795.095909873704
CS,F27,11,5737.813545328224
CS,F27,12,4527.140404285437
CS,F27,13,5838.604716555945
CS,F27,14,4321.516347981593
CS,F27,15,4748.259863548941
CS,F27,16,4287.603196782137
CS,F27,17,4129.74496766879
CS,F27,18,5859.440247154887
CS,F27,19,4047.1641688590385
CS,F27,20,5340.178601832684
CS,F27,21,4370.274359505501
CS,F27,22,5560.5771042741035
CS,F27,23,4187.17144794366
CS,F27,24,5381.354152428603
CS,F27,25,3979.1567121930852
CS,F27,26,4261.325474429931
CS,F27,27,4441.153554128166
CS,F27,28,4411.5685544702865
CS,F27,29,4503.212330474282
CS,F27,30,4544.463805646662
CS,F28,1,8018.67255354227
CS,F28,2,8319.961771094208
CS,F28,3,10712.047477470629
CS,F28,4,10622.909305417546
CS,F28,5,10440.54512508013
CS,F28,6,7606.052091985135
CS,F28,7,14553.984759490924
CS,F28,8,10714.726286547084
CS,F28,9,9009.338655912015
CS,F28,10,9790.114916065675
CS,F28,11,11861.508772104578
CS,F28,12,11245.07378504644
CS,F28,13,8296.48779654237
CS,F28,14,12584.275846054868
CS,F28,15,7076.211485372545
CS,F28,16,12750.963497659635
CS,F28,17,9812.082013753006
CS,F28,18,15892.399861629865
CS,F28,19,7915.449619020245
CS,F28,20,11214.683070444446
CS,F28,21,13155.344088447322
CS,F28,22,10400.783604356264
CS,F28,23,16920.146962633815
CS,F28,24,10910.950728174765
CS,F28,25,7901.058456909373
CS,F28,26,8229.42117165581
CS,F28,27,8229.07747045533
CS,F28,28,12953.661900520507
CS,F28,29,12469.65937324742
CS,F28,30,9808.629178996887
CS,F29,1,21910.135472639155
CS,F29,2,9659.558030917888
CS,F29,3,22471.87279243429
CS,F29,4,32698.55926165665
CS,F29,5,8230.897227077014
CS,F29,6,7919.532172558484
CS,F29,7,70191.0720611645
CS,F29,8,6507.5199195737205
CS,F29,9,6980.566578848957
CS,F29,10,6464.088886231151
CS,F29,11,9093.801968054817
CS,F29,12,7937.16669805881
CS,F29,13,9738.906054887213
CS,F29,14,7720.149670463946
CS,F29,15,13219.748120074943
CS,F29,16,37786.384368124905
CS,F29,17,7830.205517472262
CS,F29,18,11016.809346132408
CS,F29,19,6198.997088132901
CS,F29,20,6444.090457824368
CS,F29,21,15620.673822282031
CS,F29,22,7375.801968771029
CS,F29,23,8236.353881542262
CS,F29,24,28945.59192736296
CS,F29,25,18060.629295158098
CS,F29,26,8671.032374024942
CS,F29,27,5584.235146309731
CS,F29,28,27444.697952506547
CS,F29,29,11747.504262878394
CS,F29,30,7020.494892206011
CS,F30,1,933286467.6590992
CS,F30,2,2819198146.1617374
CS,F30,3,1334522995.5308483
CS,F30,4,1985026002.7701092
CS,F30,5,3117138944.6440687
CS,F30,6,2427400829.7997174
CS,F30,7,3920536296.8503933
CS,F30,8,4406362923.137613
CS,F30,9,1442344571.951825
CS,F30,10,4286316897.0619555
CS,F30,11,2167913414.0897636
CS,F30,12,4428182771.710759
CS,F30,13,5680555994.703887
CS,F30,14,4472106033.130164
CS,F30,15,2998861036.109263
CS,F30,16,5611298207.688386
CS,F30,17,2206594845.9170003
CS,F30,18,771684870.3309871
CS,F30,19,1193133252.730348
CS,F30,20,4847973340.783811
CS,F30,21,2025729399.6278772
CS,F30,22,2671221039.5337424
CS,F30,23,1094081462.5984037
CS,F30,24,710019677.9257631
CS,F30,25,1332248693.5269048
CS,F30,26,1156366797.6943305
CS,F30,27,1751816881.6859927
CS,F30,28,3449718410.6553288
CS,F30,29,2337185863.7618876
CS,F30,30,3139728374.0102777
FA,F1,1,333129648.9470702
FA,F1,2,300293116.59910387
FA,F1,3,321948526.3771527
FA,F1,4,236057006.48397955
FA,F1,5,301432135.1019188
FA,F1,6,299744049.65068287
FA,F1,7,312942238.79759926
FA,F1,8,312158332.40759534
FA,F1,9,361015739.6841035
FA,F1,10,391531053.34988225
FA,F1,11,327079764.24200684
FA,F1,12,222228960.72784302
FA,F1,13,312501411.69118243
FA,F1,14,259004226.36763242
FA,F1,15,479388106.86407197
FA,F1,16,293294455.00876313
FA,F1,17,599759156.1006966
FA,F1,18,397285196.7551747
FA,F1,19,220325822.4388082
FA,F1,20,348057331.80620486
FA,F1,21,175235600.03707275
FA,F1,22,249350362.9591879
FA,F1,23,331124076.6039058
FA,F1,24,235007753.02505365
FA,F1,25,367613410.16406345
FA,F1,26,235076845.08398417
FA,F1,27,262819085.30098253
FA,F1,28,239552448.8341266
FA,F1,29,226027126.17944998
FA,F1,30,232289259.80261374
FA,F3,1,128197.12163962837
FA,F3,2,147929.23257198333
FA,F3,3,56709.59522051934
FA,F3,4,229314.6929966795
FA,F3,5,120995.3966884761
FA,F3,6,175326.59205147406
FA,F3,7,153407.449689876
FA,F3,8,82542.07287465924
FA,F3,9,132662.15769323622
FA,F3,10,151821.1952655638
FA,F3,11,114432.32585401389
FA,F3,12,145421.85974251674
FA,F3,13,104299.1599177211
FA,F3,14,127994.63230834283
FA,F3,15,130280.35466982567
FA,F3,16,114968.99707599917
FA,F3,17,195364.27281197818
FA,F3,18,95569.09152740503
FA,F3,19,140593.82954806965
FA,F3,20,117135.04055412371
FA,F3,21,177620.24581420716
FA,F3,22,99568.70441931633
FA,F3,23,232924.39002876435
FA,F3,24,85371.46350244286
FA,F3,25,164269.74997670867
FA,F3,26,153983.95814530458
FA,F3,27,86386.62139195458
FA,F3,28,96942.90569193556
FA,F3,29,93434.08367934589
FA,F3,30,96817.60570828385
FA,F4,1,594.2401436027161
FA,F4,2,588.4544761682212
FA,F4,3,664.4409699088512
FA,F4,4,568.9400476537053
FA,F4,5,629.0461810227011
FA,F4,6,597.8652397875827
FA,F4,7,562.0409007551038
FA,F4,8,547.9680633873453
FA,F4,9,621.2638111096076
FA,F4,10,650.3274115512355
FA,F4,11,546.0190991740533
FA,F4,12,581.2577018606985
FA,F4,13,541.5419325449855
FA,F4,14,619.8381265698077
FA,F4,15,680.1066861914736
FA,F4,16,696.6673438711778
FA,F4,17,553.3005214465945
FA,F4,18,593.2122832966695
FA,F4,19,585.02133138639
FA,F4,20,532.9774236430078
FA,F4,21,559.2437843063364
FA,F4,22,587.6242661636979
FA,F4,23,544.1715081449069
FA,F4,24,548.209931883572
FA,F4,25,553.0885427711322
FA,F4,26,641.3856538990041
FA,F4,27,618.5001412257154
FA,F4,28,607.71133510971
FA,F4,29,658.5577151227819
FA,F4,30,638.315756246941
FA,F5,1,947.3045558021224
FA,F5,2,973.2799848949871
FA,F5,3,946.5598645196364
FA,F5,4,975.0621330421093
FA,F5,5,966.3093465042676
FA,F5,6,915.7491220425964
FA,F5,7,897.4077435322722
FA,F5,8,966.2265881765375
FA,F5,9,965.7692641142023
FA,F5,10,875.0608092348889
FA,F5,11,963.5516826054509
FA,F5,12,1071.8665923616722
FA,F5,13,853.2094175029035
FA,F5,14,853.9236805151531
FA,F5,15,887.343491446005
FA,F5,16,914.4590010817092
FA,F5,17,969.3486471508029
FA,F5,18,905.9724239092274
FA,F5,19,925.5401766156879
FA,F5,20,892.0539444045703
FA,F5,21,935.3417964741116
FA,F5,22,1036.0715542142484
FA,F5,23,928.8548018288488
FA,F5,24,851.103776919425
FA,F5,25,945.5981580547935
FA,F5,26,915.051565908185
FA,F5,27,869.7959234210182
FA,F5,28,843.1727651933674
FA,F5,29,947.7636115492504
FA,F5,30,924.0318613693875
FA,F6,1,701.2205298677993
FA,F6,2,689.8180404221531
FA,F6,3,709.7461181102415
FA,F6,4,690.029639188732
FA,F6,5,679.9024441848666
FA,F6,6,688.0620988057385
FA,F6,7,707.3734458597197
FA,F6,8,669.0205839006164
FA,F6,9,670.0868464107282
FA,F6,10,704.9102419589689
FA,F6,11,674.0041643572645
FA,F6,12,684.3609415874312
FA,F6,13,686.5291483921063
FA,F6,14,688.0440968821624
FA,F6,15,692.9033960950412
FA,F6,16,694.0112907861388
FA,F6,17,684.6389639183137
FA,F6,18,697.0457361766996
FA,F6,19,678.7870944200822
FA,F6,20,681.9376788619568
FA,F6,21,659.6545396628476
FA,F6,22,703.7396216049847
FA,F6,23,692.898271458078
FA,F6,24,718.1068260649012
FA,F6,25,685.5411734641397
FA,F6,26,703.1075375325003
FA,F6,27,692.0529120797893
FA,F6,28,702.5764855363161
FA,F6,29,703.8179654064268
FA,F6,30,680.9531900898596
FA,F7,1,1317.476009694345
FA,F7,2,1320.5790321659633
FA,F7,3,1358.056168685422
FA,F7,4,1385.848399915923
FA,F7,5,1634.1090954588358
FA,F7,6,1854.4473020564487
FA,F7,7,1395.8495084599172
FA,F7,8,1649.2863647191957
FA,F7,9,1266.7541163131102
FA,F7,10,1692.8169331792985
FA,F7,11,1630.5372892878665
FA,F7,12,1343.3184571679762
FA,F7,13,1320.6531641106285
FA,F7,14,1663.4861747141074
FA,F7,15,1468.8368450328094
FA,F7,16,1228.976726544281
FA,F7,17,1317.2359361888966
FA,F7,18,1722.4493980651732
FA,F7,19,1773.057900817445
FA,F7,20,1512.7665877217778
FA,F7,21,1311.924612152352
FA,F7,22,1511.9751271800808
FA,F7,23,1319.2157224120544
FA,F7,24,1709.5515253692442
FA,F7,25,1721.578049297893
FA,F7,26,1369.501504394665
FA,F7,27,1303.758551120744
FA,F7,28,1816.0646662360325
FA,F7,29,1389.9880038665574
FA,F7,30,1503.458227424355
FA,F8,1,1268.3819417475986
FA,F8,2,1152.5867185454017
FA,F8,3,1079.7209499790781
FA,F8,4,1090.9135627490375
FA,F8,5,1127.612864862418
FA,F8,6,1172.4185210722053
FA,F8,7,1091.2173306750694
FA,F8,8,1121.8179401421994
FA,F8,9,1213.3720565701242
FA,F8,10,1213.3867127916958
FA,F8,11,1072.0120336817276
FA,F8,12,1137.3696584649483
FA,F8,13,1164.4160099715643
FA,F8,14,1131.6368759346706
FA,F8,15,1152.710271346672
FA,F8,16,1247.6306837144764
FA,F8,17,1138.7408311782208
FA,F8,18,1141.3300012675772
FA,F8,19,1180.487962986619
FA,F8,20,1121.2211852851956
FA,F8,21,1196.7121547443198
FA,F8,22,1174.8988536313968
FA,F8,23,1234.8619771377678
FA,F8,24,1130.052509023968
FA,F8,25,1243.9096510946838
FA,F8,26,1128.7130072660032
FA,F8,27,1326.0649204248236
FA,F8,28,1104.9170104029035
FA,F8,29,1151.548286126078
FA,F8,30,1148.4651551408317
FA,F9,1,12494.834152727659
FA,F9,2,11229.505742751482
FA,F9,3,15288.907214734527
FA,F9,4,12982.108578725967
FA,F9,5,14128.943163745098
FA,F9,6,15411.516732706183
FA,F9,7,18835.43426744297
FA,F9,8,18404.366085472753
FA,F9,9,16668.135014993466
FA,F9,10,15246.671152571067
FA,F9,11,14927.559306424931
FA,F9,12,16260.756260269613
FA,F9,13,21851.545661440407
FA,F9,14,15972.726514587168
FA,F9,15,8943.342486646774
FA,F9,16,20593.98852355639
FA,F9,17,17683.040804013704
FA,F9,18,11505.991539814502
FA,F9,19,15198.884701592226
FA,F9,20,16290.71304247244
FA,F9,21,17890.90366669632
FA,F9,22,20018.95443157431
FA,F9,23,11207.623163621696
FA,F9,24,13589.316920374202
FA,F9,25,19741.504127822198
FA,F9,26,14069.340903069256
FA,F9,27,26762.495128148148
FA,F9,28,9509.034006743133
FA,F9,29,15600.75307081176
FA,F9,30,13882.771987280541
FA,F10,1,8030.556279179133
FA,F10,2,7066.850628431701
FA,F10,3,7528.837725071859
FA,F10,4,7621.235586535569
FA,F10,5,7745.835221361092
FA,F10,6,7967.456144318023
FA,F10,7,7645.690887742767
FA,F10,8,6722.3101765354095
FA,F10,9,7565.4673081720175
FA,F10,10,8381.96885623131
FA,F10,11,8039.593513154783
FA,F10,12,8578.017040224398
FA,F10,13,5797.968753329282
FA,F10,14,7263.744813611835
FA,F10,15,7489.53028901765
FA,F10,16,7505.80833413816
FA,F10,17,8463.19792523628
FA,F10,18,7615.9597840599
FA,F10,19,7739.439254817016
FA,F10,20,6745.181541264452
FA,F10,21,7372.670342878731
FA,F10,22,7523.101457489244
FA,F10,23,6564.536740767108
FA,F10,24,7291.801432923655
FA,F10,25,6699.085591699351
FA,F10,26,6812.833244318287
FA,F10,27,6890.478281186428
FA,F10,28,6964.863445671383
FA,F10,29,5871.074310333176
FA,F10,30,8919.729143871704
FA,F11,1,1862.9913430445522
FA,F11,2,1519.0740741015074
FA,F11,3,1900.1294769790406
FA,F11,4,1810.8838858550137
FA,F11,5,1821.7739271255132
FA,F11,6,1811.0945087728405
FA,F11,7,2005.8407960711127
FA,F11,8,3024.373253274477
FA,F11,9,1613.5760701354823
FA,F11,10,1548.4645324508074
FA,F11,11,1878.951360913592
FA,F11,12,1652.6952315145277
FA,F11,13,2121.1578346151505
FA,F11,14,1870.2166888182537
FA,F11,15,2055.7393721429535
FA,F11,16,1828.8732712241485
FA,F11,17,1657.6993617214926
FA,F11,18,1737.9777410357665
FA,F11,19,1581.3747797561534
FA,F11,20,2244.2570978244294
FA,F11,21,1776.5036261786781
FA,F11,22,1540.0941209889734
FA,F11,23,1639.0468056110958
FA,F11,24,1930.0881798876374
FA,F11,25,2103.12464878423
FA,F11,26,2050.9023636464444
FA,F11,27,2118.4661455557894
FA,F11,28,1629.9644395780913
FA,F11,29,1734.8826965342328
FA,F11,30,1832.836007488713
FA,F12,1,82231423.41005662
FA,F12,2,85259242.02899557
FA,F12,3,93110455.34131989
FA,F12,4,44373961.75165565
FA,F12,5,242226924.3355715
FA,F12,6,144613881.72610685
FA,F12,7,156393184.4867147
FA,F12,8,117512896.53807263
FA,F12,9,161636077.18733808
FA,F12,10,123591341.56785989
FA,F12,11,95479800.07026264
FA,F12,12,61817147.065905705
FA,F12,13,112017696.63836247
FA,F12,14,246088358.69863176
FA,F12,15,107728939.51503576
FA,F12,16,207006165.46731603
FA,F12,17,52024451.94162811
FA,F12,18,78449584.69200441
FA,F12,19,37789850.87281856
FA,F12,20,131035910.63402171
FA,F12,21,76571667.07963653
FA,F12,22,144272992.15270138
FA,F12,23,34737689.21474042
FA,F12,24,43521865.56785272
FA,F12,25,75124882.00255993
FA,F12,26,25585738.35651325
FA,F12,27,120064882.4281373
FA,F12,28,216596150.26931944
FA,F12,29,268792868.6690142
FA,F12,30,95338011.2230581
FA,F13,1,7714124.885065161
FA,F13,2,2822452.9517899603
FA,F13,3,25906096.834858138
FA,F13,4,10609193.651993634
FA,F13,5,7672854.219514887
FA,F13,6,5610147.143837172
FA,F13,7,10633376.978673862
FA,F13,8,5517230.252559035
FA,F13,9,6721204.967776054
FA,F13,10,14429704.171917649
FA,F13,11,19359892.521288354
FA,F13,12,3383161.768947997
FA,F13,13,11328270.078345396
FA,F13,14,9049891.87873925
FA,F13,15,14325249.226400487
FA,F13,16,10241284.090841835
FA,F13,17,9230951.89863338
FA,F13,18,13788109.551244833
FA,F13,19,8421048.470168699
FA,F13,20,9177093.275384184
FA,F13,21,11261663.372235097
FA,F13,22,13351360.935169436
FA,F13,23,13432217.689521948
FA,F13,24,13702431.392437488
FA,F13,25,9539227.747808425
FA,F13,26,2922346.9767662655
FA,F13,27,10819885.277733373
FA,F13,28,14302725.832516598
FA,F13,29,12105544.476871926
FA,F13,30,7498959.572701011
FA,F14,1,319692.03863083234
FA,F14,2,232888.5467738187
FA,F14,3,145689.8693584532
FA,F14,4,373137.7716456009
FA,F14,5,112375.7152325845
FA,F14,6,191283.12556204028
FA,F14,7,175263.49866420406
FA,F14,8,142243.34707497046
FA,F14,9,274336.0064149103
FA,F14,10,6625.885268971693
FA,F14,11,151208.71768976143
FA,F14,12,818749.0996316205
FA,F14,13,120636.0826617164
FA,F14,14,238633.75819594352
FA,F14,15,112150.88528407441
FA,F14,16,324006.3642232603
FA,F14,17,255125.32858233538
FA,F14,18,336881.29047277337
FA,F14,19,3863821.239639671
FA,F14,20,510706.53319393954
FA,F14,21,402766.7793414923
FA,F14,22,631505.6691444198
FA,F14,23,1779330.1025051
FA,F14,24,103828.91689882916
FA,F14,25,300696.5843546036
FA,F14,26,1448065.8477603435
FA,F14,27,1090950.5574480996
FA,F14,28,656120.5101789886
FA,F14,29,126635.0940790349
FA,F14,30,34281.70250294712
FA,F15,1,2530476.842760924
FA,F15,2,2337431.8375775213
FA,F15,3,2225484.8633916173
FA,F15,4,1908684.2796267397
FA,F15,5,1352024.2403215354
FA,F15,6,1495266.5824010768
FA,F15,7,1139398.2986596446
FA,F15,8,1619952.4963388485
FA,F15,9,688231.3775331429
FA,F15,10,1565978.6576190116
FA,F15,11,1815925.603336673
FA,F15,12,2205062.4370573447
FA,F15,13,1058245.857514251
FA,F15,14,2319289.8975764206
FA,F15,15,2576570.015933603
FA,F15,16,2099778.8543308945
FA,F15,17,915883.3336175943
FA,F15,18,1912693.476580453
FA,F15,19,1100994.5094240096
FA,F15,20,1571168.071655973
FA,F15,21,1525330.0730143008
FA,F15,22,1851348.3652486636
FA,F15,23,2082396.60177422
FA,F15,24,774098.2089133845
FA,F15,25,2510612.4786958494
FA,F15,26,729785.2708137938
FA,F15,27,2957344.825357314
FA,F15,28,2711887.881309454
FA,F15,29,1363373.8557899413
FA,F15,30,3909361.1644417234
FA,F16,1,3879.8940573590535
FA,F16,2,4276.688728198492
FA,F16,3,4307.663136484938
FA,F16,4,4592.260720289324
FA,F16,5,4593.487215682083
FA,F16,6,4033.2582878830294
FA,F16,7,3943.2737854157867
FA,F16,8,3870.2426658181726
FA,F16,9,4031.2371898953693
FA,F16,10,4409.921217292887
FA,F16,11,3683.6919836872257
FA,F16,12,3751.7052642413046
FA,F16,13,3759.7179646524846
FA,F16,14,3738.0223550687197
FA,F16,15,3870.3199333677485
FA,F16,16,4479.203024300355
FA,F16,17,4598.410143065321
FA,F16,18,4224.137889840428
FA,F16,19,3520.5199118551072
FA,F16,20,4247.969726953855
FA,F16,21,4661.260646732796
FA,F16,22,3857.6511552840175
FA,F16,23,4455.451202356962
FA,F16,24,4502.850487234626
FA,F16,25,4489.244034857363
FA,F16,26,3795.8924899289627
FA,F16,27,4432.711076193892
FA,F16,28,3884.3702173395886
FA,F16,29,3829.7551650514706
FA,F16,30,3631.858802456847
FA,F17,1,2390.348842008605
FA,F17,2,3050.8680364746942
FA,F17,3,2856.0331657290326
FA,F17,4,2655.9359393806108
FA,F17,5,2738.218994275483
FA,F17,6,3380.6807399924146
FA,F17,7,2883.2424224831843
FA,F17,8,3115.878539358534
FA,F17,9,2820.9406944039542
FA,F17,10,2624.1937254687714
FA,F17,11,3135.6404059172564
FA,F17,12,2845.7404393610786
FA,F17,13,2349.2358052343766
FA,F17,14,2658.2777941734876
FA,F17,15,2589.883732757108
FA,F17,16,2624.06581649728
FA,F17,17,2514.836121101814
FA,F17,18,3476.4621411000394
FA,F17,19,2798.2507366924156
FA,F17,20,2937.2114201759605
FA,F17,21,2777.5917639492554
FA,F17,22,3231.97936433195
FA,F17,23,2967.1908664225257
FA,F17,24,2914.1679112600805
FA,F17,25,2708.3991015124384
FA,F17,26,2881.9397484535484
FA,F17,27,2744.5053163471557
FA,F17,28,2500.8764223097787
FA,F17,29,2706.894129791541
FA,F17,30,2700.0559041573974
FA,F18,1,6209669.2995117605
FA,F18,2,2729706.6705816966
FA,F18,3,1140100.10267959
FA,F18,4,9228975.114517555
FA,F18,5,747679.9513824484
FA,F18,6,1359787.0911216561
FA,F18,7,8171888.960945377
FA,F18,8,5607824.124358171
FA,F18,9,2896323.2426119847
FA,F18,10,3300729.8209419097
FA,F18,11,680342.9691042156
FA,F18,12,1690503.292877541
FA,F18,13,3050236.409804943
FA,F18,14,3867876.179195098
FA,F18,15,2558463.2393108094
FA,F18,16,2459303.308267108
FA,F18,17,2615336.2869068407
FA,F18,18,1428494.0307859224
FA,F18,19,578658.592389374
FA,F18,20,353381.05531794624
FA,F18,21,3125776.601811382
FA,F18,22,871768.2048971887
FA,F18,23,1230271.83024584
FA,F18,24,4772516.038191677
FA,F18,25,785175.2351769336
FA,F18,26,4223747.4401900945
FA,F18,27,4144477.9638324394
FA,F18,28,4292001.5488337865
FA,F18,29,11324441.864902154
FA,F18,30,13298324.58635217
FA,F19,1,18048364.30360083
FA,F19,2,4636621.135342224
FA,F19,3,27852534.56992063
FA,F19,4,3761133.144153499
FA,F19,5,34334726.21913251
FA,F19,6,14155723.45291854
FA,F19,7,23195781.693055265
FA,F19,8,33248770.660901047
FA,F19,9,31224012.607931163
FA,F19,10,14039765.559516901
FA,F19,11,34182039.51792803
FA,F19,12,19009543.810755305
FA,F19,13,2970403.3059597933
FA,F19,14,13083112.706774307
FA,F19,15,7655953.672816342
FA,F19,16,10442705.182731986
FA,F19,17,7295360.763227863
FA,F19,18,25507895.879192352
FA,F19,19,3230167.916627482
FA,F19,20,16227538.514872853
FA,F19,21,8100140.125375443
FA,F19,22,33846491.380894996
FA,F19,23,11136663.905678099
FA,F19,24,43717167.88807346
FA,F19,25,7595210.537332591
FA,F19,26,34867563.90429094
FA,F19,27,22146435.441414073
FA,F19,28,39758965.30244509
FA,F19,29,19596615.997673284
FA,F19,30,14150613.998310518
FA,F20,1,3067.4314466580236
FA,F20,2,2744.576093210094
FA,F20,3,3039.550982257545
FA,F20,4,2949.6693008865245
FA,F20,5,3190.122226900129
FA,F20,6,2937.611510689142
FA,F20,7,3338.6878851713
FA,F20,8,3113.897449322212
FA,F20,9,3160.9786589446453
FA,F20,10,3144.069234923956
FA,F20,11,3048.5912337644904
FA,F20,12,3109.335628526401
FA,F20,13,2444.3393768297956
FA,F20,14,2650.7108458313614
FA,F20,15,3116.7731654925765
FA,F20,16,3122.4041582902537
FA,F20,17,2538.439578186614
FA,F20,18,2812.2617542521616
FA,F20,19,2905.614256367685
FA,F20,20,2758.679817070515
FA,F20,21,2907.943912504734
FA,F20,22,3179.357896150501
FA,F20,23,2920.0178859086623
FA,F20,24,3125.881192935365
FA,F20,25,2498.2174160286613
FA,F20,26,3006.0631418358807
FA,F20,27,3154.8655327729944
FA,F20,28,3145.342287400279
FA,F20,29,2773.4551199298003
FA,F20,30,3181.9833828394903
FA,F21,1,2773.8676241701733
FA,F21,2,2687.3937752946385
FA,F21,3,2654.8471888678096
FA,F21,4,2631.462108614467
FA,F21,5,2653.79212734201
FA,F21,6,2732.308072696823
FA,F21,7,2661.298611620431
FA,F21,8,2615.9467163394092
FA,F21,9,2679.6096677088885
FA,F21,10,2663.7384740354314
FA,F21,11,2711.725542573721
FA,F21,12,2676.4118641728614
FA,F21,13,2727.9712149657275
FA,F21,14,2739.2539263770345
FA,F21,15,2643.0145766412775
FA,F21,16,2574.998020242076
FA,F21,17,2757.728494139099
FA,F21,18,2663.0237481880918
FA,F21,19,2674.5209874344578
FA,F21,20,2670.2212279880778
FA,F21,21,2688.9615144781037
FA,F21,22,2797.741542754309
FA,F21,23,2642.46970309229
FA,F21,24,2730.4593188633876
FA,F21,25,2525.401645092165
FA,F21,26,2655.5395756057474
FA,F21,27,2630.209424419695
FA,F21,28,2646.3077965551106
FA,F21,29,2612.266835415902
FA,F21,30,2705.0565441903586
FA,F22,1,9176.20259457424
FA,F22,2,9413.20026647236
FA,F22,3,2520.0697655126405
FA,F22,4,2601.08173190067
FA,F22,5,8348.57621410202
FA,F22,6,9430.360034197176
FA,F22,7,9103.728858092836
FA,F22,8,8445.23017271901
FA,F22,9,8130.9339179219505
FA,F22,10,7985.697247221617
FA,F22,11,9780.6111988728
FA,F22,12,7581.505526762541
FA,F22,13,8627.949889160038
FA,F22,14,9372.52409423218
FA,F22,15,9508.371371044666
FA,F22,16,8055.628690050305
FA,F22,17,8432.020820390655
FA,F22,18,8569.893746137908
FA,F22,19,2821.6220239230706
FA,F22,20,9823.783315070696
FA,F22,21,9030.597274301665
FA,F22,22,7557.213933192058
FA,F22,23,9121.57339340755
FA,F22,24,9865.185539120459
FA,F22,25,8328.797642192858
FA,F22,26,9172.006200371223
FA,F22,27,7892.311745265768
FA,F22,28,2543.6744840634465
FA,F22,29,9687.788137342457
FA,F22,30,9349.926254918144
FA,F23,1,3113.319650003005
FA,F23,2,3157.958299220336
FA,F23,3,3239.64037692941
FA,F23,4,2909.2752463964075
FA,F23,5,2952.6516497012053
FA,F23,6,3207.0154540439007
FA,F23,7,3014.89390648681
FA,F23,8,3265.135817335895
FA,F23,9,3142.4020455522573
FA,F23,10,3139.694399903172
FA,F23,11,3230.1053969556274
FA,F23,12,3462.268300619996
FA,F23,13,3274.060281432008
FA,F23,14,3161.3987126251136
FA,F23,15,3134.816770795804
FA,F23,16,3167.004038741101
FA,F23,17,3358.8221014939627
FA,F23,18,3091.3424473277237
FA,F23,19,3168.807614933025
FA,F23,20,3231.571437733307
FA,F23,21,3353.981311732279
FA,F23,22,3077.503630260948
FA,F23,23,3135.5606548117744
FA,F23,24,3134.2064804938686
FA,F23,25,3003.175121823466
FA,F23,26,3102.0299835698697
FA,F23,27,3111.2458688548495
FA,F23,28,3156.7872808293514
FA,F23,29,3082.526280913307
FA,F23,30,3221.8063768616676
FA,F24,1,3211.4828699762506
FA,F24,2,3404.790698267488
FA,F24,3,3196.3371092209
FA,F24,4,3181.5409754012626
FA,F24,5,3155.179044945603
FA,F24,6,3243.284469721536
FA,F24,7,3221.499267002814
FA,F24,8,3486.553252543742
FA,F24,9,3304.1459187784567
FA,F24,10,3292.7320436430928
FA,F24,11,3119.1885466483086
FA,F24,12,3269.0225888345126
FA,F24,13,3256.273143434304
FA,F24,14,3175.4587718679645
FA,F24,15,3127.860282345113
FA,F24,16,3249.0352843937135
FA,F24,17,3237.8456206397336
FA,F24,18,3151.999829179667
FA,F24,19,3117.7152884118213
FA,F24,20,3289.8877948592544
FA,F24,21,3184.020613466268
FA,F24,22,3252.3282586025502
FA,F24,23,3203.0022958537816
FA,F24,24,3169.853564822538
FA,F24,25,3155.261292473092
FA,F24,26,3185.863276402656
FA,F24,27,3220.9716833841876
FA,F24,28,3059.535029503666
FA,F24,29,3161.3712431262493
FA,F24,30,3333.1454999941852
FA,F25,1,3049.4856650756324
FA,F25,2,2997.1430979876714
FA,F25,3,3004.079622099598
FA,F25,4,3003.2904229978008
FA,F25,5,2990.2691777342025
FA,F25,6,3003.091549575042
FA,F25,7,3023.623151133412
FA,F25,8,2983.1187977850486
FA,F25,9,3055.4093684744676
FA,F25,10,2995.7522121450534
FA,F25,11,2993.7037266253437
FA,F25,12,2974.8534441375373
FA,F25,13,2998.2791334154517
FA,F25,14,2980.102372302832
FA,F25,15,3046.3777283663067
FA,F25,16,3013.033297549817
FA,F25,17,3001.9340614959624
FA,F25,18,3022.1986150780226
FA,F25,19,2991.573831854235
FA,F25,20,2965.9026657255376
FA,F25,21,3014.912662883705
FA,F25,22,3056.2666270569766
FA,F25,23,2956.1150894263315
FA,F25,24,3033.135315449309
FA,F25,25,2970.2805708287433
FA,F25,26,2955.197340508198
FA,F25,27,3010.681490244273
FA,F25,28,2982.3202147796933
FA,F25,29,3005.2822292202486
FA,F25,30,3087.6051023955665
FA,F26,1,9729.888405571257
FA,F26,2,10293.93685922094
FA,F26,3,9054.847552128489
FA,F26,4,10545.53384641057
FA,F26,5,10753.365845450226
FA,F26,6,10481.12808996415
FA,F26,7,9026.607391291187
FA,F26,8,9197.734750274853
FA,F26,9,10273.855262134848
FA,F26,10,9947.789372585929
FA,F26,11,12179.774168124002
FA,F26,12,8820.918590766334
FA,F26,13,8773.566945575338
FA,F26,14,12338.147708821782
FA,F26,15,8864.947177767688
FA,F26,16,8906.118169236095
FA,F26,17,10069.311018518121
FA,F26,18,7750.868783371949
FA,F26,19,8520.218950645998
FA,F26,20,9623.30286012874
FA,F26,21,9414.72424901794
FA,F26,22,9175.401472294106
FA,F26,23,10231.940718261725
FA,F26,24,8277.992348325655
FA,F26,25,10365.204784269677
FA,F26,26,10888.598407648467
FA,F26,27,9244.157306753013
FA,F26,28,8878.43114606559
FA,F26,29,8286.677192592446
FA,F26,30,9151.530970535981
FA,F27,1,3609.1883877212513
FA,F27,2,3288.5104930350208
FA,F27,3,3372.875871160474
FA,F27,4,3315.183606691263
FA,F27,5,3445.360815438045
FA,F27,6,3297.7347838551086
FA,F27,7,3465.0618768422055
FA,F27,8,3469.5605289212563
FA,F27,9,3402.870169981361
FA,F27,10,3380.215599906157
FA,F27,11,3327.9850350683155
FA,F27,12,3822.215972376886
FA,F27,13,3298.2233015366537
FA,F27,14,3640.4172021915083
FA,F27,15,3381.267173846375
FA,F27,16,3766.829278699207
FA,F27,17,3372.574600854494
FA,F27,18,3316.1820355845525
FA,F27,19,3430.4654497726715
FA,F27,20,3331.8062665279226
FA,F27,21,3340.5628684157446
FA,F27,22,3268.26409076643
FA,F27,23,3435.5521724766363
FA,F27,24,3399.3136149527127
FA,F27,25,3301.4692767835627
FA,F27,26,3463.2714687494663
FA,F27,27,3434.373255427551
FA,F27,28,3480.4122333219493
FA,F27,29,3315.002362138896
FA,F27,30,3389.1124568058176
FA,F28,1,3313.1005699998423
FA,F28,2,3467.2482361484417
FA,F28,3,3406.4626567670803
FA,F28,4,3508.2580901157885
FA,F28,5,3349.350851950958
FA,F28,6,3368.3989620122597
FA,F28,7,3403.3162492907913
FA,F28,8,3452.515388915839
FA,F28,9,3349.455148017011
FA,F28,10,3348.704924557377
FA,F28,11,3372.239824468443
FA,F28,12,3328.2837166049994
FA,F28,13,3349.576660506721
FA,F28,14,3315.210423521875
FA,F28,15,3348.1540633765653
FA,F28,16,3373.5110594686735
FA,F28,17,3384.80879390633
FA,F28,18,3294.091595489558
FA,F28,19,3331.7925745142866
FA,F28,20,3450.411058112597
FA,F28,21,3364.1542724442115
FA,F28,22,3354.540519899366
FA,F28,23,3385.5447575832363
FA,F28,24,3502.7297147331765
FA,F28,25,3353.2295527136603
FA,F28,26,3376.5297474711915
FA,F28,27,3391.612569277897
FA,F28,28,3372.5183184231273
FA,F28,29,3329.7565581163963
FA,F28,30,3359.5854234461576
FA,F29,1,6309.111720596598
FA,F29,2,6723.869123128054
FA,F29,3,5146.778417312336
FA,F29,4,4243.156266621223
FA,F29,5,5944.1247911967
FA,F29,6,4893.974635094171
FA,F29,7,6046.702101755346
FA,F29,8,5144.397956843123
FA,F29,9,5475.971032242099
FA,F29,10,5599.380603597055
FA,F29,11,4965.797865164772
FA,F29,12,8123.097952865433
FA,F29,13,5952.657407843836
FA,F29,14,5534.433496461801
FA,F29,15,4377.397746446095
FA,F29,16,6086.817577869252
FA,F29,17,5848.046715148436
FA,F29,18,4722.1403479789715
FA,F29,19,5753.757399114363
FA,F29,20,4670.1429040611
FA,F29,21,5832.65392684959
FA,F29,22,5033.212529078433
FA,F29,23,5442.2297484887
FA,F29,24,5363.711221130852
FA,F29,25,4649.3475903521385
FA,F29,26,5072.512608013571
FA,F29,27,5366.364080237843
FA,F29,28,4981.814653279083
FA,F29,29,5347.182029702863
FA,F29,30,6211.622583817022
FA,F30,1,11034242.98968927
FA,F30,2,28795841.24216801
FA,F30,3,32695813.0359608
FA,F30,4,18351350.781553652
FA,F30,5,19607875.90514552
FA,F30,6,13087890.436722783
FA,F30,7,13514858.748733599
FA,F30,8,27242701.640959807
FA,F30,9,33591263.754179925
FA,F30,10,11872031.412884466
FA,F30,11,33505864.297914885
FA,F30,12,23052427.9872248
FA,F30,13,13484935.063889088
FA,F30,14,14238049.59571274
FA,F30,15,17470553.360534668
FA,F30,16,55289813.51829997
FA,F30,17,25337214.086995006
FA,F30,18,32396296.136055678
FA,F30,19,35633013.81306785
FA,F30,20,25426690.752129957
FA,F30,21,65924492.15799984
FA,F30,22,9831100.644522326
FA,F30,23,9463480.697158938
FA,F30,24,32607060.57052457
FA,F30,25,14668480.076424856
FA,F30,26,5412981.837658834
FA,F30,27,20248001.61609496
FA,F30,28,18010416.828802004
FA,F30,29,20181250.25475806
FA,F30,30,49314885.595954955
GWO,F1,1,2997326923.7540193
GWO,F1,2,3132573304.3668866
GWO,F1,3,4295718711.860193
GWO,F1,4,1547656237.5882075
GWO,F1,5,3449716745.981578
GWO,F1,6,826431939.7512693
GWO,F1,7,1625387588.1423795
GWO,F1,8,2819934426.6391077
GWO,F1,9,3460760883.0495477
GWO,F1,10,1827840363.434177
GWO,F1,11,5083499411.459679
GWO,F1,12,2928274696.6897593
GWO,F1,13,1379704400.8126082
GWO,F1,14,1295824841.8213506
GWO,F1,15,5689624517.220618
GWO,F1,16,2841795133.668863
GWO,F1,17,3486890266.4793835
GWO,F1,18,1396583231.0573611
GWO,F1,19,5065681825.285906
GWO,F1,20,248110659.43849593
GWO,F1,21,4232558587.602177
GWO,F1,22,10779954989.149738
GWO,F1,23,4642678739.839051
GWO,F1,24,1783887990.3426862
GWO,F1,25,844654953.6800843
GWO,F1,26,1464306233.2175517
GWO,F1,27,1767515836.4623458
GWO,F1,28,5415881457.752367
GWO,F1,29,2149157963.1301208
GWO,F1,30,4060167794.3340654
GWO,F3,1,81975.95131462654
GWO,F3,2,47974.17128105095
GWO,F3,3,62019.03372692617
GWO,F3,4,38417.90899461609
GWO,F3,5,74490.95321122777
GWO,F3,6,45657.43061783833
GWO,F3,7,37707.43231412308
GWO,F3,8,45187.90359487152
GWO,F3,9,76792.96176087802
GWO,F3,10,54247.80802538728
GWO,F3,11,42923.59291397082
GWO,F3,12,46787.25313294064
GWO,F3,13,63543.25568870857
GWO,F3,14,43141.495188061286
GWO,F3,15,53116.88785525176
GWO,F3,16,43592.61944242879
GWO,F3,17,38765.018857055045
GWO,F3,18,47208.47173505535
GWO,F3,19,67190.07319850323
GWO,F3,20,39033.55994186455
GWO,F3,21,71690.79449287304
GWO,F3,22,50910.92942443745
GWO,F3,23,45466.26394071105
GWO,F3,24,41126.42819695646
GWO,F3,25,34009.564508948446
GWO,F3,26,42850.2376026159
GWO,F3,27,46380.536162160206
GWO,F3,28,59335.19096310743
GWO,F3,29,49060.16063619444
GWO,F3,30,48934.49082524396
GWO,F4,1,763.6162275419581
GWO,F4,2,621.9569253879714
GWO,F4,3,556.3943568594312
GWO,F4,4,732.4058001568023
GWO,F4,5,568.7963704377162
GWO,F4,6,602.8536298389531
GWO,F4,7,645.772692862631
GWO,F4,8,556.8759197535012
GWO,F4,9,529.2948163672993
GWO,F4,10,578.3246994203843
GWO,F4,11,558.1105733137272
GWO,F4,12,549.3555909251407
GWO,F4,13,580.3557007480995
GWO,F4,14,632.0653808877587
GWO,F4,15,1066.4696385978605
GWO,F4,16,666.2447702214347
GWO,F4,17,579.4473918457916
GWO,F4,18,663.2333720011037
GWO,F4,19,564.7013950656003
GWO,F4,20,638.8132166465236
GWO,F4,21,630.3384186711319
GWO,F4,22,715.8373310884363
GWO,F4,23,623.6127986222547
GWO,F4,24,617.4151477922176
GWO,F4,25,559.4729657408659
GWO,F4,26,763.8347097106112
GWO,F4,27,654.1805676372295
GWO,F4,28,657.6831013562628
GWO,F4,29,600.8382147796898
GWO,F4,30,534.7291083083192
GWO,F5,1,627.7287789340774
GWO,F5,2,618.4233139626201
GWO,F5,3,584.7509981198681
GWO,F5,4,591.3118760858506
GWO,F5,5,638.0951780153305
GWO,F5,6,599.4697794342358
GWO,F5,7,636.5936097076467
GWO,F5,8,609.9064311076442
GWO,F5,9,587.6525948371408
GWO,F5,10,637.6059878224718
GWO,F5,11,646.7401284668233
GWO,F5,12,648.972307996776
GWO,F5,13,615.5987458505527
GWO,F5,14,595.8538134864191
GWO,F5,15,646.6287554184071
GWO,F5,16,605.9392407599081
GWO,F5,17,611.7389720416516
GWO,F5,18,641.2754495145467
GWO,F5,19,633.9606860757833
GWO,F5,20,669.4034627912685
GWO,F5,21,610.4156044924404
GWO,F5,22,595.8056643875249
GWO,F5,23,640.3786897168558
GWO,F5,24,637.5345173980619
GWO,F5,25,574.4018611035505
GWO,F5,26,600.0373662349409
GWO,F5,27,619.8000337651533
GWO,F5,28,587.0099041500118
GWO,F5,29,592.0771362813234
GWO,F5,30,624.1116071891296
GWO,F6,1,608.8439930054891
GWO,F6,2,611.143030735318
GWO,F6,3,615.0680188679934
GWO,F6,4,621.1778384035393
GWO,F6,5,614.8333323771167
GWO,F6,6,601.9718089403563
GWO,F6,7,604.0168721826033
GWO,F6,8,621.8764313568045
GWO,F6,9,619.5311030414446
GWO,F6,10,612.4626182238469
GWO,F6,11,609.813997848512
GWO,F6,12,612.3174658389354
GWO,F6,13,606.4150437888712
GWO,F6,14,611.3440515986106
GWO,F6,15,611.21204348095
GWO,F6,16,607.2205695568954
GWO,F6,17,614.8517736005584
GWO,F6,18,616.2469273048637
GWO,F6,19,607.7849301484197
GWO,F6,20,609.7553163767673
GWO,F6,21,609.8252031315756
GWO,F6,22,607.0931833345813
GWO,F6,23,612.4377081979043
GWO,F6,24,606.5766328597206
GWO,F6,25,604.5051058741267
GWO,F6,26,615.6649555984517
GWO,F6,27,615.5517672992748
GWO,F6,28,613.1059410763606
GWO,F6,29,618.3900145376632
GWO,F6,30,609.2391705855574
GWO,F7,1,867.7703375858273
GWO,F7,2,861.9467247622774
GWO,F7,3,865.0593248702102
GWO,F7,4,918.0400746905627
GWO,F7,5,933.6527150058738
GWO,F7,6,863.806239581446
GWO,F7,7,865.9990915069027
GWO,F7,8,869.4698230398602
GWO,F7,9,862.5202177450054
GWO,F7,10,866.1070578769273
GWO,F7,11,866.4367331908661
GWO,F7,12,959.2313740169575
GWO,F7,13,945.3209946723312
GWO,F7,14,892.5174835919454
GWO,F7,15,840.8891988334968
GWO,F7,16,852.6684524418229
GWO,F7,17,828.0363156248823
GWO,F7,18,856.2807064583441
GWO,F7,19,865.4821757930615
GWO,F7,20,881.4278576299469
GWO,F7,21,832.8466708139686
GWO,F7,22,955.7960769743358
GWO,F7,23,890.8457316991528
GWO,F7,24,808.8742531766773
GWO,F7,25,868.7492133304752
GWO,F7,26,831.7348126494938
GWO,F7,27,876.3161561160362
GWO,F7,28,903.2240118638822
GWO,F7,29,850.9265175024377
GWO,F7,30,929.6581699940241
GWO,F8,1,897.7635099068452
GWO,F8,2,906.1834993542718
GWO,F8,3,877.4289213967276
GWO,F8,4,874.6710138799606
GWO,F8,5,900.6214183085959
GWO,F8,6,905.773623228929
GWO,F8,7,858.7949290856443
GWO,F8,8,871.4029500389867
GWO,F8,9,895.2299204863211
GWO,F8,10,922.2346110426735
GWO,F8,11,900.9177414375644
GWO,F8,12,888.2053206935507
GWO,F8,13,893.3550590309067
GWO,F8,14,936.989234797366
GWO,F8,15,880.595898646741
GWO,F8,16,888.4489195412972
GWO,F8,17,927.4541557395435
GWO,F8,18,914.0105789452372
GWO,F8,19,886.9358815841591
GWO,F8,20,934.3566532809418
GWO,F8,21,930.9185990401215
GWO,F8,22,926.4810120978018
GWO,F8,23,898.8680472008265
GWO,F8,24,889.8111975054993
GWO,F8,25,893.6279178480221
GWO,F8,26,1054.1884058235285
GWO,F8,27,908.5986481983997
GWO,F8,28,948.3159295650728
GWO,F8,29,890.2153697707479
GWO,F8,30,866.3448778722363
GWO,F9,1,2584.068384231605
GWO,F9,2,1996.1823907450182
GWO,F9,3,1695.5463411475616
GWO,F9,4,1373.4461276794475
GWO,F9,5,1961.733843909951
GWO,F9,6,3318.7175056438373
GWO,F9,7,1181.1216455559188
GWO,F9,8,1619.4910367626892
GWO,F9,9,2649.8672787650557
GWO,F9,10,1780.0038950667663
GWO,F9,11,1449.9223370517961
GWO,F9,12,2046.2298087082754
GWO,F9,13,2224.899481351904
GWO,F9,14,2979.230191532686
GWO,F9,15,3187.114833639018
GWO,F9,16,2603.814804779633
GWO,F9,17,3745.3166431500035
GWO,F9,18,2490.7001079620236
GWO,F9,19,1719.1457746583214
GWO,F9,20,1594.0256572020028
GWO,F9,21,3406.9777725137606
GWO,F9,22,1447.8930717206897
GWO,F9,23,1512.2703481762844
GWO,F9,24,1936.1691355170176
GWO,F9,25,5572.708947238588
GWO,F9,26,1418.0512991072007
GWO,F9,27,1886.2970662888915
GWO,F9,28,2113.1214505940766
GWO,F9,29,1690.2370518406078
GWO,F9,30,3646.957581983537
GWO,F10,1,6550.4020814728065
GWO,F10,2,4281.287179011037
GWO,F10,3,6085.437001907136
GWO,F10,4,3586.906877094616
GWO,F10,5,4313.814438088853
GWO,F10,6,4830.554849002758
GWO,F10,7,5932.887974531648
GWO,F10,8,4866.090221632088
GWO,F10,9,4051.9898086214107
GWO,F10,10,3305.638225193923
GWO,F10,11,4630.626696080391
GWO,F10,12,4830.426078346662
GWO,F10,13,4962.444175144852
GWO,F10,14,5570.317123914763
GWO,F10,15,5233.760473570883
GWO,F10,16,3627.835675992661
GWO,F10,17,3713.4421903078655
GWO,F10,18,4732.92110831114
GWO,F10,19,3881.7297189951423
GWO,F10,20,4641.753333174225
GWO,F10,21,3125.220781354361
GWO,F10,22,3589.515594386987
GWO,F10,23,4579.555471816886
GWO,F10,24,7514.233025581231
GWO,F10,25,4765.4721638519095
GWO,F10,26,3676.1533840677603
GWO,F10,27,4548.639806288238
GWO,F10,28,4521.888223330217
GWO,F10,29,4894.092010721317
GWO,F10,30,4932.761968545241
GWO,F11,1,1619.5450226613198
GWO,F11,2,1632.3446495521027
GWO,F11,3,1326.3713488504648
GWO,F11,4,1451.2474494890384
GWO,F11,5,2497.4722658399364
GWO,F11,6,2296.9473173319498
GWO,F11,7,1383.2888555170832
GWO,F11,8,1418.261873047916
GWO,F11,9,1584.8449317985364
GWO,F11,10,1454.652854960241
GWO,F11,11,2071.822663053651
GWO,F11,12,1400.9547807936456
GWO,F11,13,1427.0411273186826
GWO,F11,14,2001.035321542562
GWO,F11,15,4930.274057857501
GWO,F11,16,1580.6910679921598
GWO,F11,17,2032.1526778594305
GWO,F11,18,2145.9729732156584
GWO,F11,19,3443.9613938945445
GWO,F11,20,1330.1071664469866
GWO,F11,21,2266.410762199524
GWO,F11,22,1647.8664031739638
GWO,F11,23,1525.9241785075044
GWO,F11,24,1353.7754391410351
GWO,F11,25,1277.71148546998
GWO,F11,26,3444.716627437826
GWO,F11,27,1701.2281914912326
GWO,F11,28,1500.4664156349604
GWO,F11,29,2213.886209686121
GWO,F11,30,1398.571567539491
GWO,F12,1,4615427.2966881655
GWO,F12,2,17688785.79282035
GWO,F12,3,66478985.46647645
GWO,F12,4,9525644.268023834
GWO,F12,5,57314892.55693251
GWO,F12,6,38372245.00469259
GWO,F12,7,4493531.772031281
GWO,F12,8,15844359.72817206
GWO,F12,9,53664378.90970178
GWO,F12,10,32741035.74077619
GWO,F12,11,138891030.46229357
GWO,F12,12,14704554.969013717
GWO,F12,13,186537333.42472127
GWO,F12,14,48571151.34646803
GWO,F12,15,439956006.4991918
GWO,F12,16,22451601.808418777
GWO,F12,17,61555161.42510881
GWO,F12,18,30065129.95563407
GWO,F12,19,169484039.03359762
GWO,F12,20,10574755.765950516
GWO,F12,21,90926985.12323663
GWO,F12,22,43629336.64431017
GWO,F12,23,59360892.34652582
GWO,F12,24,172672423.21968564
GWO,F12,25,70389518.28196391
GWO,F12,26,25320126.61859506
GWO,F12,27,25550179.677736253
GWO,F12,28,55279283.120665655
GWO,F12,29,41855562.22698076
GWO,F12,30,54344770.16884531
GWO,F13,1,185878.8212730106
GWO,F13,2,160353.82122958856
GWO,F13,3,696519266.5496998
GWO,F13,4,78382.02340254685
GWO,F13,5,88353.48939616949
GWO,F13,6,67323.24360575047
GWO,F13,7,255570.19621826487
GWO,F13,8,175465.96196664078
GWO,F13,9,55504.15208440896
GWO,F13,10,64879.38451018901
GWO,F13,11,1114041.9041265177
GWO,F13,12,888673.5520488808
GWO,F13,13,157685.02839942757
GWO,F13,14,168500.56345418486
GWO,F13,15,28388578.659720864
GWO,F13,16,96052.76890818054
GWO,F13,17,49311.8707145733
GWO,F13,18,104802.01585161456
GWO,F13,19,62832.498499915455
GWO,F13,20,99607.32501726423
GWO,F13,21,145561.5685527966
GWO,F13,22,61408.17623257709
GWO,F13,23,140159574.62497148
GWO,F13,24,67845.24259112032
GWO,F13,25,507817.4876064636
GWO,F13,26,177054.9838582889
GWO,F13,27,98787.63819222976
GWO,F13,28,152295.7487721667
GWO,F13,29,86971.23545246934
GWO,F13,30,105122.95042609768
GWO,F14,1,165879.34759855425
GWO,F14,2,48931.74826070949
GWO,F14,3,224123.56878329997
GWO,F14,4,143902.22774055516
GWO,F14,5,579284.7943768628
GWO,F14,6,138309.07128437734
GWO,F14,7,45826.3448032845
GWO,F14,8,9908.404867655056
GWO,F14,9,166765.41250984446
GWO,F14,10,1807947.6794086006
GWO,F14,11,464234.76598772313
GWO,F14,12,1102034.9505606287
GWO,F14,13,42275.443551478485
GWO,F14,14,40933.736092397245
GWO,F14,15,36430.554741280386
GWO,F14,16,49143.28054062545
GWO,F14,17,19596.576718789664
GWO,F14,18,54733.09769915697
GWO,F14,19,254131.53259784327
GWO,F14,20,45405.60614128231
GWO,F14,21,322336.20691110485
GWO,F14,22,1348920.9402430728
GWO,F14,23,12846.910601148107
GWO,F14,24,65026.5895654454
GWO,F14,25,1254558.4165386541
GWO,F14,26,479253.98121600907
GWO,F14,27,9609.21024733706
GWO,F14,28,42793.540068683695
GWO,F14,29,117602.70318803437
GWO,F14,30,1810189.8442264348
GWO,F15,1,29949.15217692323
GWO,F15,2,2269666.2651506644
GWO,F15,3,23378.70279361113
GWO,F15,4,1918658.5599728492
GWO,F15,5,2792344.6128786434
GWO,F15,6,97392.81935094278
GWO,F15,7,21147.225355272913
GWO,F15,8,1062947.1546982962
GWO,F15,9,61591.937911013636
GWO,F15,10,34739.99234042497
GWO,F15,11,38122.58409146736
GWO,F15,12,72279.2379693071
GWO,F15,13,2674842.692103919
GWO,F15,14,73801.36082975182
GWO,F15,15,77065.88841802682
GWO,F15,16,14000.151710541955
GWO,F15,17,22934.14304012934
GWO,F15,18,116272.48310029828
GWO,F15,19,232166.40386569372
GWO,F15,20,2627002.47385308
GWO,F15,21,4726232.287939438
GWO,F15,22,1158563.0980131049
GWO,F15,23,51533.36038732362
GWO,F15,24,17512.737467167346
GWO,F15,25,111152.14151880625
GWO,F15,26,42946.85362203943
GWO,F15,27,173070.36925514124
GWO,F15,28,734198.5483153486
GWO,F15,29,48127.54261060653
GWO,F15,30,956587.9265895564
GWO,F16,1,2189.3209948874173
GWO,F16,2,2404.606614426978
GWO,F16,3,2134.7348404140603
GWO,F16,4,2498.7656782440044
GWO,F16,5,2937.609712987156
GWO,F16,6,2497.5066038659434
GWO,F16,7,3097.0220683088946
GWO,F16,8,2011.858387281357
GWO,F16,9,2502.060066761008
GWO,F16,10,2472.222411144392
GWO,F16,11,2405.4043873845844
GWO,F16,12,2965.2079710107764
GWO,F16,13,2272.7382039372474
GWO,F16,14,2535.974076008185
GWO,F16,15,2010.6566009415856
GWO,F16,16,2588.4291688545627
GWO,F16,17,2226.607342425651
GWO,F16,18,2629.6830143015577
GWO,F16,19,2825.105124661665
GWO,F16,20,2202.4931585466584
GWO,F16,21,2620.8362632151725
GWO,F16,22,2316.1876376146133
GWO,F16,23,2514.409600794041
GWO,F16,24,2891.787067809718
GWO,F16,25,2766.7144796540742
GWO,F16,26,3108.2469082206253
GWO,F16,27,2213.7546922893835
GWO,F16,28,2797.597875859064
GWO,F16,29,2909.571130785546
GWO,F16,30,2740.3085938843396
GWO,F17,1,2150.791677240418
GWO,F17,2,2013.8671821316736
GWO,F17,3,1942.758201099985
GWO,F17,4,1871.5820862695753
GWO,F17,5,1944.0069391715258
GWO,F17,6,2378.371308881189
GWO,F17,7,1845.3811578223383
GWO,F17,8,2208.9001836592215
GWO,F17,9,2297.4110941153594
GWO,F17,10,2273.1746405910912
GWO,F17,11,1919.4896992141385
GWO,F17,12,2144.84326595218
GWO,F17,13,1881.3523374091014
GWO,F17,14,2017.6812243552004
GWO,F17,15,1933.5915536989737
GWO,F17,16,2136.3368604382304
GWO,F17,17,1886.7914035432464
GWO,F17,18,1914.5723236419524
GWO,F17,19,2382.143281232072
GWO,F17,20,2238.0201921905905
GWO,F17,21,2164.8966769378135
GWO,F17,22,1866.881468754653
GWO,F17,23,2191.5871631966584
GWO,F17,24,2009.528344723865
GWO,F17,25,2132.2805269235846
GWO,F17,26,2005.2486309317528
GWO,F17,27,1975.8666890183383
GWO,F17,28,2248.8336013671374
GWO,F17,29,1887.9227249141359
GWO,F17,30,2180.337302180564
GWO,F18,1,3244668.0285302876
GWO,F18,2,158107.23376260506
GWO,F18,3,6758971.077574284
GWO,F18,4,188983.68023074637
GWO,F18,5,232835.5774261653
GWO,F18,6,618283.6300683254
GWO,F18,7,7749166.469882683
GWO,F18,8,61702.74659506467
GWO,F18,9,340840.2252216692
GWO,F18,10,911584.288203151
GWO,F18,11,574039.2733632642
GWO,F18,12,2002383.3869460104
GWO,F18,13,3870616.1873497204
GWO,F18,14,1257125.8422510987
GWO,F18,15,5061616.191304956
GWO,F18,16,1551295.428142048
GWO,F18,17,374252.49761406955
GWO,F18,18,1090136.4576063293
GWO,F18,19,975844.1739273433
GWO,F18,20,4443957.985762068
GWO,F18,21,1403254.3739734252
GWO,F18,22,1312480.1651386062
GWO,F18,23,797490.4342606374
GWO,F18,24,779568.2484965262
GWO,F18,25,572671.0787547438
GWO,F18,26,589633.561518982
GWO,F18,27,1204315.5005344606
GWO,F18,28,7542120.216438855
GWO,F18,29,1037568.9025533929
GWO,F18,30,663406.8913729558
GWO,F19,1,143172.33309654906
GWO,F19,2,131070.08743954546
GWO,F19,3,104364.33786628775
GWO,F19,4,214652.48399046084
GWO,F19,5,4663666.842293524
GWO,F19,6,8059.399518802361
GWO,F19,7,310208.14033442293
GWO,F19,8,2506855.6577716554
GWO,F19,9,451255.95629481575
GWO,F19,10,49190.78903866128
GWO,F19,11,136914688.21196485
GWO,F19,12,300617.3733799696
GWO,F19,13,8118.177909993857
GWO,F19,14,2655228.2689607856
GWO,F19,15,1207051.1787314902
GWO,F19,16,141576.27172404557
GWO,F19,17,2210259.4861276443
GWO,F19,18,1327689.8595569506
GWO,F19,19,113811.98878082453
GWO,F19,20,1124122.6723214567
GWO,F19,21,1453029.4329274187
GWO,F19,22,519843.8024460883
GWO,F19,23,268877.00152021856
GWO,F19,24,710711.5252969611
GWO,F19,25,60707.13817992488
GWO,F19,26,316507.63290636137
GWO,F19,27,1231891.052861715
GWO,F19,28,16509.24765321554
GWO,F19,29,98141.7985583272
GWO,F19,30,1543842.6017303553
GWO,F20,1,2411.3327596307577
GWO,F20,2,2280.535358182101
GWO,F20,3,2887.4797328121554
GWO,F20,4,2776.28633834874
GWO,F20,5,2469.6883427641546
GWO,F20,6,2281.1093590585638
GWO,F20,7,2418.255087056379
GWO,F20,8,2884.1006562146913
GWO,F20,9,2433.8978473495836
GWO,F20,10,2622.259483253246
GWO,F20,11,2357.773780532085
GWO,F20,12,2182.7508899661602
GWO,F20,13,2506.8032079246336
GWO,F20,14,2816.1836255070925
GWO,F20,15,2355.3974067025865
GWO,F20,16,2342.501729424938
GWO,F20,17,2345.2231517949776
GWO,F20,18,2289.901901885729
GWO,F20,19,2543.13867568381
GWO,F20,20,2385.494356134511
GWO,F20,21,2358.5001480880296
GWO,F20,22,2933.2205626821296
GWO,F20,23,2475.3560681440185
GWO,F20,24,2246.912801136247
GWO,F20,25,2425.2240630753045
GWO,F20,26,2707.2006669955053
GWO,F20,27,2354.1442122074086
GWO,F20,28,2553.6299768323224
GWO,F20,29,2216.541396675159
GWO,F20,30,2259.197419493714
GWO,F21,1,2403.0369365752026
GWO,F21,2,2400.8655699814744
GWO,F21,3,2402.562406077298
GWO,F21,4,2420.9780936200705
GWO,F21,5,2380.405188767261
GWO,F21,6,2423.5256540855385
GWO,F21,7,2412.8275492756784
GWO,F21,8,2367.2336947131107
GWO,F21,9,2557.4215068844574
GWO,F21,10,2387.4611673526347
GWO,F21,11,2411.512885929123
GWO,F21,12,2422.3620026474596
GWO,F21,13,2512.2092716446864
GWO,F21,14,2415.2358211193305
GWO,F21,15,2397.3362656338536
GWO,F21,16,2408.7708574180265
GWO,F21,17,2407.5325562770768
GWO,F21,18,2393.133944889267
GWO,F21,19,2419.2878298668497
GWO,F21,20,2374.144257812768
GWO,F21,21,2404.7347976533324
GWO,F21,22,2391.6507615669693
GWO,F21,23,2372.1317771984595
GWO,F21,24,2389.2712731216125
GWO,F21,25,2387.1290956796247
GWO,F21,26,2387.360628861622
GWO,F21,27,2391.2108167305255
GWO,F21,28,2387.089381968935
GWO,F21,29,2448.5974505117283
GWO,F21,30,2393.771451256663
GWO,F22,1,6345.185134925262
GWO,F22,2,5828.269139407756
GWO,F22,3,2693.9155519306996
GWO,F22,4,3809.421273388396
GWO,F22,5,5217.42521086493
GWO,F22,6,2670.6636951615237
GWO,F22,7,6790.753528544735
GWO,F22,8,5424.564483895467
GWO,F22,9,6183.610045272329
GWO,F22,10,9687.736767741048
GWO,F22,11,5414.879597106654
GWO,F22,12,4971.544526718717
GWO,F22,13,6388.749523093305
GWO,F22,14,5179.971435480712
GWO,F22,15,5169.732772953539
GWO,F22,16,9177.464787093744
GWO,F22,17,9856.692283573631
GWO,F22,18,5921.535509720214
GWO,F22,19,2435.959878096534
GWO,F22,20,4916.343125098988
GWO,F22,21,6140.385068606873
GWO,F22,22,5573.694207406612
GWO,F22,23,5595.0340632585685
GWO,F22,24,2637.79103256909
GWO,F22,25,2608.5710850150203
GWO,F22,26,2833.50279411477
GWO,F22,27,2441.481760792248
GWO,F22,28,2891.0855851079523
GWO,F22,29,9808.520303044617
GWO,F22,30,9607.352567114383
GWO,F23,1,2756.586043810346
GWO,F23,2,2768.4449461488593
GWO,F23,3,2853.053090341268
GWO,F23,4,2796.9617127739216
GWO,F23,5,2849.1314033859444
GWO,F23,6,2755.968055660096
GWO,F23,7,2808.7526503812496
GWO,F23,8,2842.199450410423
GWO,F23,9,2795.6621223076418
GWO,F23,10,2776.866403733963
GWO,F23,11,2743.4267992055284
GWO,F23,12,2749.6217578342303
GWO,F23,13,2733.863501507963
GWO,F23,14,2807.168974055861
GWO,F23,15,2771.4374165665786
GWO,F23,16,2786.2772922122017
GWO,F23,17,2714.765992544688
GWO,F23,18,2745.6216197367685
GWO,F23,19,2813.3735629433404
GWO,F23,20,2727.8235840264515
GWO,F23,21,2761.047188646897
GWO,F23,22,2799.089543292332
GWO,F23,23,2862.520023628733
GWO,F23,24,2776.586684452786
GWO,F23,25,2915.200305691163
GWO,F23,26,2755.907970966502
GWO,F23,27,2784.591984343745
GWO,F23,28,2813.3789574931907
GWO,F23,29,2771.165394205
GWO,F23,30,2783.800314878389
GWO,F24,1,2960.662730810008
GWO,F24,2,2907.2557659458384
GWO,F24,3,2890.060505793642
GWO,F24,4,2909.9225035212785
GWO,F24,5,2889.4890627745035
GWO,F24,6,2907.2723917964495
GWO,F24,7,2902.7597391243944
GWO,F24,8,3054.2209468707056
GWO,F24,9,2930.3144355716186
GWO,F24,10,2945.996341680561
GWO,F24,11,3065.7743382775457
GWO,F24,12,2928.257769579127
GWO,F24,13,3103.731135215255
GWO,F24,14,2920.8205603201704
GWO,F24,15,3083.4815441196024
GWO,F24,16,2912.5936980486013
GWO,F24,17,2918.709592340165
GWO,F24,18,2945.05015595371
GWO,F24,19,2918.093572169186
GWO,F24,20,2936.786735009311
GWO,F24,21,2916.143065701476
GWO,F24,22,2917.98080251138
GWO,F24,23,3056.479779153462
GWO,F24,24,2925.8707590823187
GWO,F24,25,2901.2675473730296
GWO,F24,26,2892.7111255195214
GWO,F24,27,2947.07299628499
GWO,F24,28,2874.1863479122358
GWO,F24,29,2936.5732823083135
GWO,F24,30,2923.9548842868
GWO,F25,1,3110.6633373626582
GWO,F25,2,2954.955146715908
GWO,F25,3,2959.602885459678
GWO,F25,4,3068.844503048016
GWO,F25,5,2921.932056418977
GWO,F25,6,3000.173785224927
GWO,F25,7,3121.720895323504
GWO,F25,8,3022.457063558061
GWO,F25,9,3016.5620772967873
GWO,F25,10,3018.447768729625
GWO,F25,11,3043.407019229571
GWO,F25,12,2985.4896269593896
GWO,F25,13,3018.4809551239123
GWO,F25,14,3073.2520447386532
GWO,F25,15,2980.711808337295
GWO,F25,16,2967.6557391617525
GWO,F25,17,2971.0142651646624
GWO,F25,18,2986.888220317387
GWO,F25,19,3009.1638944008264
GWO,F25,20,2973.172386220436
GWO,F25,21,3041.1536443804052
GWO,F25,22,2976.2459396531294
GWO,F25,23,3108.9170934110066
GWO,F25,24,3002.055506440923
GWO,F25,25,2982.6468990469343
GWO,F25,26,2993.770068348479
GWO,F25,27,2979.64938990356
GWO,F25,28,3023.5690372186473
GWO,F25,29,2947.3807524774106
GWO,F25,30,2988.484266493315
GWO,F26,1,4976.628473649534
GWO,F26,2,4949.179312012811
GWO,F26,3,4947.040942321599
GWO,F26,4,4888.597850658035
GWO,F26,5,4599.045166552238
GWO,F26,6,4398.119229953844
GWO,F26,7,4802.04020680465
GWO,F26,8,4594.789326522076
GWO,F26,9,4713.912157037172
GWO,F26,10,4695.495879955092
GWO,F26,11,5309.9166525971
GWO,F26,12,4957.135526091401
GWO,F26,13,5409.542681462588
GWO,F26,14,4738.978498352965
GWO,F26,15,4772.134682191514
GWO,F26,16,5010.148604274169
GWO,F26,17,4691.11352029188
GWO,F26,18,5245.4704994283275
GWO,F26,19,4982.767265722156
GWO,F26,20,4376.465865987528
GWO,F26,21,5402.175915769369
GWO,F26,22,5438.036351994611
GWO,F26,23,5078.484390490121
GWO,F26,24,4650.65319455417
GWO,F26,25,4857.749619835171
GWO,F26,26,4940.916601799131
GWO,F26,27,4730.937917913307
GWO,F26,28,4349.685330668812
GWO,F26,29,4756.002560050196
GWO,F26,30,5002.746422753756
GWO,F27,1,3240.5294525650233
GWO,F27,2,3254.3873844287705
GWO,F27,3,3225.522258449252
GWO,F27,4,3232.405465405819
GWO,F27,5,3269.6949921607147
GWO,F27,6,3248.005687777434
GWO,F27,7,3326.850912992631
GWO,F27,8,3266.174969030451
GWO,F27,9,3243.915105117304
GWO,F27,10,3307.5828337948215
GWO,F27,11,3302.8239492244434
GWO,F27,12,3232.8071562910745
GWO,F27,13,3251.097919236793
GWO,F27,14,3271.207973567286
GWO,F27,15,3287.485776003811
GWO,F27,16,3283.5429334581104
GWO,F27,17,3257.1643240059084
GWO,F27,18,3282.446251651182
GWO,F27,19,3268.59456113563
GWO,F27,20,3280.8439875060913
GWO,F27,21,3320.9842347059457
GWO,F27,22,3326.278053636731
GWO,F27,23,3258.0681067603955
GWO,F27,24,3248.7129591015782
GWO,F27,25,3255.8329434778834
GWO,F27,26,3267.04586439621
GWO,F27,27,3312.084797728887
GWO,F27,28,3217.280357114142
GWO,F27,29,3262.4535628888666
GWO,F27,30,3262.213062370928
GWO,F28,1,3450.4315528970956
GWO,F28,2,3421.1128517891984
GWO,F28,3,3764.7136300244333
GWO,F28,4,3471.416843955415
GWO,F28,5,3590.1383102291284
GWO,F28,6,3497.9687319155532
GWO,F28,7,3467.116851434316
GWO,F28,8,3394.098114145938
GWO,F28,9,3426.712385815305
GWO,F28,10,3411.8271845054223
GWO,F28,11,3405.0490864086532
GWO,F28,12,3502.664589354872
GWO,F28,13,3484.294405885643
GWO,F28,14,3470.446140860565
GWO,F28,15,3492.8567312418586
GWO,F28,16,3406.0514149507135
GWO,F28,17,3466.0404352852447
GWO,F28,18,3543.0163192862933
GWO,F28,19,3520.2451409894793
GWO,F28,20,3913.6252434719345
GWO,F28,21,3507.7806434919257
GWO,F28,22,3393.165999571924
GWO,F28,23,3569.8271709935902
GWO,F28,24,3520.4444546391887
GWO,F28,25,3514.924147408791
GWO,F28,26,3491.44955990851
GWO,F28,27,3423.3293637615207
GWO,F28,28,3397.3939615749678
GWO,F28,29,3471.803514063549
GWO,F28,30,3509.071374915722
GWO,F29,1,4117.41456208035
GWO,F29,2,4351.373716395701
GWO,F29,3,4154.484881976732
GWO,F29,4,3871.57390602781
GWO,F29,5,3555.9762305928216
GWO,F29,6,4133.283920303817
GWO,F29,7,3827.4739936104834
GWO,F29,8,3847.506435592755
GWO,F29,9,3943.470255320016
GWO,F29,10,4393.264448269098
GWO,F29,11,3950.560482642213
GWO,F29,12,3986.884505394262
GWO,F29,13,3831.6608299732943
GWO,F29,14,4336.549202982524
GWO,F29,15,3865.7869877041685
GWO,F29,16,3717.3239562141985
GWO,F29,17,3897.8088630196994
GWO,F29,18,4002.2160342966836
GWO,F29,19,3886.0577476786757
GWO,F29,20,4114.021476125144
GWO,F29,21,3868.1137744581133
GWO,F29,22,3901.37057450148
GWO,F29,23,3711.121281009129
GWO,F29,24,3755.0253959148263
GWO,F29,25,3909.165777472427
GWO,F29,26,4208.919761528725
GWO,F29,27,3619.3483067049847
GWO,F29,28,3683.7858148426176
GWO,F29,29,3671.654404546236
GWO,F29,30,4174.868204892729
GWO,F30,1,3573844.920998421
GWO,F30,2,12091489.813845715
GWO,F30,3,15399596.200887373
GWO,F30,4,7785123.009287655
GWO,F30,5,1556514.0476960219
GWO,F30,6,6786374.567844212
GWO,F30,7,2560420.173255915
GWO,F30,8,35693814.70695637
GWO,F30,9,8933046.733930424
GWO,F30,10,11415523.956554214
GWO,F30,11,12821385.375177957
GWO,F30,12,4045514.533571269
GWO,F30,13,2827453.282891594
GWO,F30,14,3550326.6309943115
GWO,F30,15,14652809.9762248
GWO,F30,16,3799248.0558003825
GWO,F30,17,1348729.9271192485
GWO,F30,18,13743338.412884697
GWO,F30,19,9140740.844827125
GWO,F30,20,10855472.364219243
GWO,F30,21,15360310.277936533
GWO,F30,22,3005445.931177515
GWO,F30,23,4494763.562467603
GWO,F30,24,8796528.840127757
GWO,F30,25,4085179.858108623
GWO,F30,26,3278936.1242574463
GWO,F30,27,6743104.460132724
GWO,F30,28,6398244.594722929
GWO,F30,29,9041432.017839553
GWO,F30,30,2275597.18960693
MFO,F1,1,101017154431.84695
MFO,F1,2,82279507634.87476
MFO,F1,3,80248060881.0113
MFO,F1,4,105959924602.0228
MFO,F1,5,56069283141.076195
MFO,F1,6,96356501409.70003
MFO,F1,7,78944071390.27516
MFO,F1,8,92528084488.5463
MFO,F1,9,46308286630.25264
MFO,F1,10,62107494703.66159
MFO,F1,11,70215888835.14748
MFO,F1,12,39836029688.47038
MFO,F1,13,106316032197.78232
MFO,F1,14,43065747110.99854
MFO,F1,15,89185096382.75327
MFO,F1,16,40713158841.99059
MFO,F1,17,87158775017.69058
MFO,F1,18,45201167657.494194
MFO,F1,19,59734597393.33788
MFO,F1,20,47270126827.29772
MFO,F1,21,43800793040.33805
MFO,F1,22,75804454550.9945
MFO,F1,23,78078373677.4542
MFO,F1,24,87734032149.22371
MFO,F1,25,43953013233.86244
MFO,F1,26,67164603277.25933
MFO,F1,27,76408734638.63608
MFO,F1,28,51247285791.70027
MFO,F1,29,116768795087.47763
MFO,F1,30,53272702431.94269
MFO,F3,1,278475.11854388
MFO,F3,2,311728.16531079035
MFO,F3,3,279166.2877939174
MFO,F3,4,320319.6716557882
MFO,F3,5,331455.25789915666
MFO,F3,6,242012.9810702901
MFO,F3,7,204722.2307658249
MFO,F3,8,219224.69559355627
MFO,F3,9,273157.5187772175
MFO,F3,10,329134.1163451457
MFO,F3,11,225066.4173425488
MFO,F3,12,282631.10377285467
MFO,F3,13,375499.52416237484
MFO,F3,14,355267.1485817679
MFO,F3,15,270232.30250321986
MFO,F3,16,325748.605343747
MFO,F3,17,307161.7812638549
MFO,F3,18,322491.0708630282
MFO,F3,19,346650.35248907405
MFO,F3,20,313954.40311977296
MFO,F3,21,270140.09606604674
MFO,F3,22,341014.32235370774
MFO,F3,23,353749.9393577785
MFO,F3,24,207791.00544514167
MFO,F3,25,325773.7202021833
MFO,F3,26,280063.4415099262
MFO,F3,27,258615.90880789203
MFO,F3,28,307986.65001984633
MFO,F3,29,312560.4885981852
MFO,F3,30,295010.9916718353
MFO,F4,1,13028.062653850138
MFO,F4,2,18013.620146441102
MFO,F4,3,31885.04006571846
MFO,F4,4,29310.670572992272
MFO,F4,5,22738.853534974107
MFO,F4,6,4924.364182866656
MFO,F4,7,10527.503967159166
MFO,F4,8,2782.98826460458
MFO,F4,9,10309.238162166388
MFO,F4,10,13194.477895859867
MFO,F4,11,17138.892119388893
MFO,F4,12,9955.56335392464
MFO,F4,13,21150.259221094773
MFO,F4,14,9143.096833455487
MFO,F4,15,36739.272259396486
MFO,F4,16,16967.578038522926
MFO,F4,17,6781.3842939793
MFO,F4,18,3530.689003686782
MFO,F4,19,16281.386207607415
MFO,F4,20,34159.13343561045
MFO,F4,21,24048.561332640922
MFO,F4,22,17376.05009147958
MFO,F4,23,25343.06138158129
MFO,F4,24,10801.456311367476
MFO,F4,25,9507.805938327883
MFO,F4,26,7533.867523805918
MFO,F4,27,16233.700983933657
MFO,F4,28,13836.014005768115
MFO,F4,29,11351.757716153075
MFO,F4,30,2044.8862834716138
MFO,F5,1,991.8506585605278
MFO,F5,2,818.4595177451281
MFO,F5,3,872.4780642772687
MFO,F5,4,985.1029011311441
MFO,F5,5,1180.550459928506
MFO,F5,6,1097.2736136034139
MFO,F5,7,934.4484643999174
MFO,F5,8,876.4840000451406
MFO,F5,9,1121.481163806804
MFO,F5,10,856.0489069196409
MFO,F5,11,801.6864800456733
MFO,F5,12,1169.0020607630536
MFO,F5,13,891.1686416354364
MFO,F5,14,870.707783882247
MFO,F5,15,863.4376087933696
MFO,F5,16,832.0918134007836
MFO,F5,17,831.5466937499376
MFO,F5,18,888.9249278835434
MFO,F5,19,1052.9591772861072
MFO,F5,20,935.1388474865107
MFO,F5,21,1091.9319915175674
MFO,F5,22,763.4981688917842
MFO,F5,23,1089.997810940606
MFO,F5,24,1006.923136401312
MFO,F5,25,982.2053855446611
MFO,F5,26,947.3261636145339
MFO,F5,27,1027.559795722896
MFO,F5,28,1082.8673128707956
MFO,F5,29,861.3494096282282
MFO,F5,30,1113.3351915632074
MFO,F6,1,688.0697312672405
MFO,F6,2,678.4520122354962
MFO,F6,3,675.2703070221755
MFO,F6,4,703.979105369651
MFO,F6,5,670.3281238973632
MFO,F6,6,696.5743092487182
MFO,F6,7,672.9809321429861
MFO,F6,8,724.2038149743854
MFO,F6,9,697.5517337651364
MFO,F6,10,705.6176068863631
MFO,F6,11,701.5952630709573
MFO,F6,12,711.5406705643213
MFO,F6,13,657.0606827345987
MFO,F6,14,674.1381299538499
MFO,F6,15,707.5158784082549
MFO,F6,16,699.0796639218805
MFO,F6,17,676.6634627148206
MFO,F6,18,717.3043076444093
MFO,F6,19,684.8234811234009
MFO,F6,20,687.2779269946101
MFO,F6,21,696.0910009606735
MFO,F6,22,733.2970272850803
MFO,F6,23,667.5389024797773
MFO,F6,24,699.2446124511173
MFO,F6,25,686.1519205061581
MFO,F6,26,696.0999353292087
MFO,F6,27,724.0528154908135
MFO,F6,28,713.570753244505
MFO,F6,29,720.2005232283875
MFO,F6,30,722.0061910311111
MFO,F7,1,3812.7556994654115
MFO,F7,2,3626.9812647791287
MFO,F7,3,2988.736592609392
MFO,F7,4,2438.829684829413
MFO,F7,5,3211.7418829743247
MFO,F7,6,2473.6929448523742
MFO,F7,7,3397.319316095478
MFO,F7,8,2712.053638469269
MFO,F7,9,3108.3379028513823
MFO,F7,10,3627.9986943554113
MFO,F7,11,3273.288114776884
MFO,F7,12,3451.898099688112
MFO,F7,13,3082.27396449134
MFO,F7,14,3266.043017818295
MFO,F7,15,2801.2257018523096
MFO,F7,16,3254.0963064420143
MFO,F7,17,2109.2641373552588
MFO,F7,18,3548.2568395411695
MFO,F7,19,2290.923068850189
MFO,F7,20,3068.2001576691573
MFO,F7,21,2902.536962618125
MFO,F7,22,2791.272817558259
MFO,F7,23,3117.3795656323678
MFO,F7,24,2915.0474743396735
MFO,F7,25,3626.3236171113217
MFO,F7,26,2757.3542073378553
MFO,F7,27,3090.3953282427137
MFO,F7,28,3645.6379362954817
MFO,F7,29,3573.854087270565
MFO,F7,30,2702.318796652974
MFO,F8,1,1352.7327228141644
MFO,F8,2,1246.147323434792
MFO,F8,3,1236.422774504383
MFO,F8,4,1297.0780562873344
MFO,F8,5,1179.3781230680822
MFO,F8,6,1292.2710573551694
MFO,F8,7,1272.1208518114026
MFO,F8,8,1237.4376833778424
MFO,F8,9,1293.1452206497934
MFO,F8,10,1370.291040506755
MFO,F8,11,1216.4109675705963
MFO,F8,12,1187.2314589066243
MFO,F8,13,1369.8749098736903
MFO,F8,14,1159.4577981592042
MFO,F8,15,1143.6586818094243
MFO,F8,16,1276.4119210018673
MFO,F8,17,1323.0241992089313
MFO,F8,18,1212.1667709345488
MFO,F8,19,1374.205131608326
MFO,F8,20,1337.462166400749
MFO,F8,21,1115.7576749125642
MFO,F8,22,1123.8434948972101
MFO,F8,23,1161.0812359344407
MFO,F8,24,1282.820967977073
MFO,F8,25,1221.457632125825
MFO,F8,26,1136.2918255239235
MFO,F8,27,1411.718133625879
MFO,F8,28,1340.091578992766
MFO,F8,29,1319.8808826637303
MFO,F8,30,1330.6674311664392
MFO,F9,1,29627.373629808186
MFO,F9,2,28431.45313016851
MFO,F9,3,37513.129369153285
MFO,F9,4,34659.78851734141
MFO,F9,5,33883.730416380145
MFO,F9,6,28736.335309518105
MFO,F9,7,17627.506625545517
MFO,F9,8,35119.44372147114
MFO,F9,9,30409.412716877083
MFO,F9,10,29714.54855312455
MFO,F9,11,23075.79083628838
MFO,F9,12,17612.913307606326
MFO,F9,13,19494.353164353004
MFO,F9,14,14880.330476485029
MFO,F9,15,30094.967404114355
MFO,F9,16,36936.99566237446
MFO,F9,17,30199.732015319496
MFO,F9,18,35645.69282398296
MFO,F9,19,29602.039804174998
MFO,F9,20,21576.83441838218
MFO,F9,21,15423.978148781785
MFO,F9,22,29899.934093425083
MFO,F9,23,30487.25109719337
MFO,F9,24,27873.062272295538
MFO,F9,25,13277.35288532118
MFO,F9,26,31324.45769010573
MFO,F9,27,19388.062856887238
MFO,F9,28,24204.881161316116
MFO,F9,29,36092.91304512394
MFO,F9,30,33871.36322987588
MFO,F10,1,8817.195413842453
MFO,F10,2,8225.396080110979
MFO,F10,3,8963.5831885363
MFO,F10,4,8419.675157410176
MFO,F10,5,8610.920123380234
MFO,F10,6,8702.884967404207
MFO,F10,7,7310.758394550396
MFO,F10,8,8926.115330153794
MFO,F10,9,7635.122451084798
MFO,F10,10,7404.513605352757
MFO,F10,11,8905.096807249629
MFO,F10,12,8744.35132001113
MFO,F10,13,8469.66483228644
MFO,F10,14,7874.137100720658
MFO,F10,15,8155.915124969744
MFO,F10,16,9091.888210897801
MFO,F10,17,9028.010743897774
MFO,F10,18,7086.4034914165395
MFO,F10,19,7944.102922083515
MFO,F10,20,7158.174351041543
MFO,F10,21,9384.854559863761
MFO,F10,22,7553.054857840325
MFO,F10,23,9028.72817639221
MFO,F10,24,9132.711443858963
MFO,F10,25,8922.096173494687
MFO,F10,26,9110.92234160666
MFO,F10,27,9357.928973454802
MFO,F10,28,8074.037697866099
MFO,F10,29,9332.086809484323
MFO,F10,30,6469.247287382076
MFO,F11,1,24830.64184274302
MFO,F11,2,25828.65532485419
MFO,F11,3,18793.875708026706
MFO,F11,4,33868.831689833656
MFO,F11,5,25388.268195446115
MFO,F11,6,37155.558661718664
MFO,F11,7,32047.177673622988
MFO,F11,8,20942.550932859252
MFO,F11,9,33708.484785075925
MFO,F11,10,26158.49734097651
MFO,F11,11,26676.063445388132
MFO,F11,12,20795.733834372335
MFO,F11,13,29731.112168610834
MFO,F11,14,22392.950228090453
MFO,F11,15,29614.481331932006
MFO,F11,16,16567.484344931847
MFO,F11,17,23951.84024254255
MFO,F11,18,27817.082563847605
MFO,F11,19,28518.755574045103
MFO,F11,20,15635.126251185462
MFO,F11,21,29213.331734621384
MFO,F11,22,33926.42303859235
MFO,F11,23,35324.95220349868
MFO,F11,24,28089.539223829015
MFO,F11,25,23680.81223519845
MFO,F11,26,42393.49758185174
MFO,F11,27,22288.849194666145
MFO,F11,28,20379.09233922899
MFO,F11,29,21376.563485146926
MFO,F11,30,18012.268964131097
MFO,F12,1,2099852531.2879088
MFO,F12,2,13822191426.150621
MFO,F12,3,2223326932.8357563
MFO,F12,4,5885905641.150841
MFO,F12,5,3595832676.6727486
MFO,F12,6,2621946906.740361
MFO,F12,7,2266802181.9322677
MFO,F12,8,12505394016.985699
MFO,F12,9,13472830242.946148
MFO,F12,10,2853862500.470858
MFO,F12,11,15489100114.303915
MFO,F12,12,363995184.87774915
MFO,F12,13,8715453319.642447
MFO,F12,14,978999410.7365172
MFO,F12,15,16242480779.590954
MFO,F12,16,4152731293.1346264
MFO,F12,17,1108391351.3294547
MFO,F12,18,14219139052.947353
MFO,F12,19,2229123549.9630213
MFO,F12,20,9520016641.088219
MFO,F12,21,18525532543.80446
MFO,F12,22,9738363397.109219
MFO,F12,23,4676534731.912821
MFO,F12,24,760675586.3971641
MFO,F12,25,5656400197.508627
MFO,F12,26,902320350.7666743
MFO,F12,27,3163168443.16714
MFO,F12,28,3462202508.646444
MFO,F12,29,11805731331.82821
MFO,F12,30,3279008688.493231
MFO,F13,1,9220789635.248436
MFO,F13,2,7751328608.567949
MFO,F13,3,3439309533.7129865
MFO,F13,4,10690112330.728743
MFO,F13,5,733357009.487314
MFO,F13,6,4178490662.901218
MFO,F13,7,476066.456561921
MFO,F13,8,3941515382.4116545
MFO,F13,9,1060405069.1477338
MFO,F13,10,3306283911.4357543
MFO,F13,11,689638406.2454352
MFO,F13,12,3311138052.238562
MFO,F13,13,12094292767.065855
MFO,F13,14,1059829243.070766
MFO,F13,15,11829731876.47516
MFO,F13,16,11438848605.829725
MFO,F13,17,7824838073.354898
MFO,F13,18,190238999.49824485
MFO,F13,19,100346928.09555992
MFO,F13,20,7824463552.8760605
MFO,F13,21,72051412.37650947
MFO,F13,22,10222487177.973013
MFO,F13,23,8548745904.187374
MFO,F13,24,4178535635.1833205
MFO,F13,25,14002523903.293594
MFO,F13,26,2599335166.6737423
MFO,F13,27,7968129757.046377
MFO,F13,28,3333124601.3009205
MFO,F13,29,9492786968.376749
MFO,F13,30,10761802281.16406
MFO,F14,1,115277.20232767408
MFO,F14,2,2984832.856565295
MFO,F14,3,2660377.523113912
MFO,F14,4,6414264.999194463
MFO,F14,5,8450327.638933925
MFO,F14,6,6312075.715874901
MFO,F14,7,3408052.6071570213
MFO,F14,8,7315574.054445317
MFO,F14,9,8793917.278324723
MFO,F14,10,4676240.763257891
MFO,F14,11,3257371.5051874663
MFO,F14,12,1683384.938850572
MFO,F14,13,11666020.709788788
MFO,F14,14,3853942.8676911304
MFO,F14,15,1443866.4339913377
MFO,F14,16,1048818.158811255
MFO,F14,17,6295068.824742701
MFO,F14,18,3377822.507067734
MFO,F14,19,3542577.3399205455
MFO,F14,20,1300199.7688368894
MFO,F14,21,7135643.292411733
MFO,F14,22,6228959.20067771
MFO,F14,23,8255605.46599344
MFO,F14,24,539802.6331591958
MFO,F14,25,2825040.7038020203
MFO,F14,26,7394188.370021544
MFO,F14,27,4849875.130887076
MFO,F14,28,1221172.7700291264
MFO,F14,29,6614802.51121517
MFO,F14,30,7201768.765507985
MFO,F15,1,1094969245.4715788
MFO,F15,2,1578500054.2641766
MFO,F15,3,1763110654.8641357
MFO,F15,4,120159.1968766817
MFO,F15,5,3690423464.0494623
MFO,F15,6,347475.1496039023
MFO,F15,7,903184774.2740368
MFO,F15,8,229996.9594765415
MFO,F15,9,87490.16774138251
MFO,F15,10,3433849331.197624
MFO,F15,11,1323678731.216813
MFO,F15,12,1814872501.9099302
MFO,F15,13,1323413901.9969106
MFO,F15,14,1180345377.0830371
MFO,F15,15,204929.7169897492
MFO,F15,16,2405175487.230158
MFO,F15,17,1180491599.3947802
MFO,F15,18,158404.27512250407
MFO,F15,19,96797308.09707884
MFO,F15,20,903012985.7162712
MFO,F15,21,5695768.90357731
MFO,F15,22,267506.3041675325
MFO,F15,23,1384938426.3685884
MFO,F15,24,1323599896.5298147
MFO,F15,25,1180354887.1356497
MFO,F15,26,1323739709.6837995
MFO,F15,27,3017313952.9999247
MFO,F15,28,938178.0778168731
MFO,F15,29,361824.17610848474
MFO,F15,30,1124798211.6518495
MFO,F16,1,4339.196241679716
MFO,F16,2,4640.391543779248
MFO,F16,3,5915.632551885013
MFO,F16,4,4220.02497326136
MFO,F16,5,3651.3890173335976
MFO,F16,6,5113.359202943833
MFO,F16,7,3998.973313932939
MFO,F16,8,4047.0470389725274
MFO,F16,9,5041.067933591903
MFO,F16,10,4559.390137224902
MFO,F16,11,4408.2987006320345
MFO,F16,12,3476.2994074416865
MFO,F16,13,5476.758892409479
MFO,F16,14,3398.074502869207
MFO,F16,15,4660.618441726589
MFO,F16,16,4480.006291096472
MFO,F16,17,4454.6598361716415
MFO,F16,18,4497.5103417576875
MFO,F16,19,4267.748053955571
MFO,F16,20,5344.093736237288
MFO,F16,21,3542.912728957867
MFO,F16,22,3852.1513685321816
MFO,F16,23,4601.1977167491605
MFO,F16,24,3722.1879642467793
MFO,F16,25,4013.04829006987
MFO,F16,26,4399.648628210396
MFO,F16,27,5267.319965210289
MFO,F16,28,5019.102409091358
MFO,F16,29,3971.336578784772
MFO,F16,30,3709.584843653007
MFO,F17,1,3309.396188494801
MFO,F17,2,3447.011736208796
MFO,F17,3,3310.9529788958644
MFO,F17,4,2887.472453991283
MFO,F17,5,3772.6393471554916
MFO,F17,6,3994.181994791089
MFO,F17,7,3385.711357120192
MFO,F17,8,3501.8208312768916
MFO,F17,9,3345.5818128769533
MFO,F17,10,4233.463997204433
MFO,F17,11,3761.147168494603
MFO,F17,12,3375.3648155233814
MFO,F17,13,3428.944324758929
MFO,F17,14,3622.987158745663
MFO,F17,15,3462.82361156496
MFO,F17,16,2929.166415484561
MFO,F17,17,2867.152365638938
MFO,F17,18,2845.050167723335
MFO,F17,19,3446.041589834775
MFO,F17,20,4433.850096514484
MFO,F17,21,3104.7953315041627
MFO,F17,22,3851.471913925054
MFO,F17,23,3824.2966597346413
MFO,F17,24,3320.097735024074
MFO,F17,25,3271.4278991752544
MFO,F17,26,3424.7360566566686
MFO,F17,27,3281.6798112443907
MFO,F17,28,3666.8171714836963
MFO,F17,29,3403.073611018503
MFO,F17,30,3361.954382933823
MFO,F18,1,98469096.45223245
MFO,F18,2,39553619.84703173
MFO,F18,3,1239383.0624171104
MFO,F18,4,125797154.19522128
MFO,F18,5,113159450.0573969
MFO,F18,6,12763514.848311989
MFO,F18,7,32230004.25970961
MFO,F18,8,102043358.79131787
MFO,F18,9,73043220.03787939
MFO,F18,10,39972865.62434906
MFO,F18,11,87057122.27124529
MFO,F18,12,150034091.14457414
MFO,F18,13,83698929.1082306
MFO,F18,14,29115979.11901758
MFO,F18,15,112307775.58701701
MFO,F18,16,72537416.97962952
MFO,F18,17,11673015.862564838
MFO,F18,18,39270652.96042848
MFO,F18,19,192376917.4188024
MFO,F18,20,57543162.35051739
MFO,F18,21,414719.15669273125
MFO,F18,22,24068219.36995004
MFO,F18,23,57766595.89936702
MFO,F18,24,115607498.82401486
MFO,F18,25,121498919.94274487
MFO,F18,26,141761945.8931723
MFO,F18,27,39547583.74804902
MFO,F18,28,86963523.31316756
MFO,F18,29,17566221.158783104
MFO,F18,30,9183796.003110947
MFO,F19,1,105388268.98944657
MFO,F19,2,1815898265.014541
MFO,F19,3,277754216.6983982
MFO,F19,4,86267014.92876185
MFO,F19,5,1809979891.7369404
MFO,F19,6,41255937.93668292
MFO,F19,7,1839599169.312495
MFO,F19,8,6191832.033511958
MFO,F19,9,8491720.127391215
MFO,F19,10,52216722.39366637
MFO,F19,11,2844948336.3633285
MFO,F19,12,8427642.810778946
MFO,F19,13,233496350.40585968
MFO,F19,14,344214056.1400728
MFO,F19,15,1235223170.152435
MFO,F19,16,1243960640.311799
MFO,F19,17,8687204.227366349
MFO,F19,18,12555108.411314903
MFO,F19,19,260826557.77929267
MFO,F19,20,76550421.28809786
MFO,F19,21,2431954989.10499
MFO,F19,22,91749027.09539482
MFO,F19,23,38748784.06360117
MFO,F19,24,61340366.27852381
MFO,F19,25,22943900.288624797
MFO,F19,26,694527084.523333
MFO,F19,27,187794993.24735725
MFO,F19,28,1379883379.4359856
MFO,F19,29,671549096.9092355
MFO,F19,30,375138427.0235562
MFO,F20,1,3222.3998648275538
MFO,F20,2,3167.730903308029
MFO,F20,3,3216.532378764895
MFO,F20,4,3074.6357803233204
MFO,F20,5,3338.339403829438
MFO,F20,6,3106.781785358209
MFO,F20,7,3349.676221270613
MFO,F20,8,3280.917638601026
MFO,F20,9,2844.1385751874236
MFO,F20,10,2669.372238345727
MFO,F20,11,3113.2939916552446
MFO,F20,12,3115.3507694494656
MFO,F20,13,3062.619962591366
MFO,F20,14,3120.1358975099283
MFO,F20,15,3200.490841672527
MFO,F20,16,3217.3399824787266
MFO,F20,17,3245.619174297056
MFO,F20,18,2613.4002917393673
MFO,F20,19,3104.7926816954177
MFO,F20,20,2996.583017828526
MFO,F20,21,3279.897670441115
MFO,F20,22,3087.0226779302984
MFO,F20,23,3057.478502303401
MFO,F20,24,3177.610591323226
MFO,F20,25,3052.279050427409
MFO,F20,26,3135.9660008567657
MFO,F20,27,3367.8423648381126
MFO,F20,28,3001.5354069432606
MFO,F20,29,3113.820450101367
MFO,F20,30,3030.242829583487
MFO,F21,1,2850.5962579695642
MFO,F21,2,2803.060401453879
MFO,F21,3,2770.4337373083763
MFO,F21,4,2647.69218367543
MFO,F21,5,2593.723715024399
MFO,F21,6,2698.390793037168
MFO,F21,7,2681.221025278134
MFO,F21,8,2741.1830027327683
MFO,F21,9,2697.8818724045423
MFO,F21,10,2659.241110673616
MFO,F21,11,2685.749301869933
MFO,F21,12,2685.7249935319505
MFO,F21,13,2799.899843197584
MFO,F21,14,2851.1855326767345
MFO,F21,15,2709.0965659962158
MFO,F21,16,2809.863626605593
MFO,F21,17,2793.5559805518706
MFO,F21,18,2785.0791060801744
MFO,F21,19,2576.3531647005307
MFO,F21,20,2724.6656260744235
MFO,F21,21,2644.4086943252278
MFO,F21,22,2789.5478976967647
MFO,F21,23,2588.9887540038576
MFO,F21,24,2651.500738045047
MFO,F21,25,2748.8312631776794
MFO,F21,26,2842.3704775720416
MFO,F21,27,2596.106276472076
MFO,F21,28,2806.8001620476866
MFO,F21,29,2663.0182770327165
MFO,F21,30,2875.1939895937
MFO,F22,1,10604.335783912575
MFO,F22,2,10218.125678908094
MFO,F22,3,9471.593363882537
MFO,F22,4,7915.594614689731
MFO,F22,5,10061.982827954198
MFO,F22,6,10313.976756690197
MFO,F22,7,10602.034505686468
MFO,F22,8,10470.019383802311
MFO,F22,9,10167.096254982012
MFO,F22,10,10260.150345120699
MFO,F22,11,9903.366810159543
MFO,F22,12,10630.90730524421
MFO,F22,13,10530.7412516616
MFO,F22,14,9611.332053981343
MFO,F22,15,8927.477341450354
MFO,F22,16,10238.578944098095
MFO,F22,17,9977.195686177056
MFO,F22,18,9724.236059664476
MFO,F22,19,10143.248827804291
MFO,F22,20,10390.054845447017
MFO,F22,21,9895.902647762297
MFO,F22,22,10132.133828215245
MFO,F22,23,10575.127930838313
MFO,F22,24,9220.112079185938
MFO,F22,25,10680.29299864017
MFO,F22,26,9897.015349138459
MFO,F22,27,10516.364587833948
MFO,F22,28,9419.909687606978
MFO,F22,29,10324.259465270185
MFO,F22,30,10936.600542493517
MFO,F23,1,3073.0541061633103
MFO,F23,2,3100.882493838753
MFO,F23,3,2979.422630193521
MFO,F23,4,3085.278523184792
MFO,F23,5,3051.1934128229423
MFO,F23,6,3199.039137429875
MFO,F23,7,3124.5747496369395
MFO,F23,8,3058.4891004256287
MFO,F23,9,3099.156877573865
MFO,F23,10,2936.313875065238
MFO,F23,11,2965.1502989575756
MFO,F23,12,3195.3272606067394
MFO,F23,13,2930.5726187921973
MFO,F23,14,3022.583876134988
MFO,F23,15,3190.960282338301
MFO,F23,16,3061.205621456257
MFO,F23,17,3143.786971315444
MFO,F23,18,3204.578706030908
MFO,F23,19,3033.8419347111467
MFO,F23,20,2950.9847126814484
MFO,F23,21,3083.86176788862
MFO,F23,22,2878.0823685464916
MFO,F23,23,3143.7813752216475
MFO,F23,24,3179.0089971977995
MFO,F23,25,3016.0869012632493
MFO,F23,26,2948.540797846673
MFO,F23,27,3129.483947516485
MFO,F23,28,3018.822138090581
MFO,F23,29,3011.7762173673154
MFO,F23,30,2940.64008210051
MFO,F24,1,3117.811670168392
MFO,F24,2,3097.588710376953
MFO,F24,3,3276.7629793306105
MFO,F24,4,3269.2232166168105
MFO,F24,5,3284.6159473681
MFO,F24,6,3217.1567291626025
MFO,F24,7,3123.457197539737
MFO,F24,8,3166.5355186306824
MFO,F24,9,3209.0732909911612
MFO,F24,10,3078.164339900332
MFO,F24,11,3170.755450901902
MFO,F24,12,3053.433116770075
MFO,F24,13,3438.561514978383
MFO,F24,14,3124.72603302997
MFO,F24,15,3276.984165946463
MFO,F24,16,3227.7939675266716
MFO,F24,17,3169.4477436076622
MFO,F24,18,3249.2636246569737
MFO,F24,19,3025.648343987974
MFO,F24,20,3129.9521372787567
MFO,F24,21,3286.992414867652
MFO,F24,22,3360.451489787929
MFO,F24,23,3333.2040007789656
MFO,F24,24,3098.627630816345
MFO,F24,25,3226.370274116032
MFO,F24,26,3093.9864971572147
MFO,F24,27,3286.1592384202413
MFO,F24,28,3347.402199789236
MFO,F24,29,3107.3375160523137
MFO,F24,30,3182.742069128777
MFO,F25,1,7673.146559919404
MFO,F25,2,13583.589549754864
MFO,F25,3,7011.867879561835
MFO,F25,4,10900.29454515224
MFO,F25,5,12532.887983525052
MFO,F25,6,5225.210858371227
MFO,F25,7,13789.11561086721
MFO,F25,8,17788.546384747056
MFO,F25,9,16445.957800144126
MFO,F25,10,10227.590598011517
MFO,F25,11,19625.27082721202
MFO,F25,12,9769.492217328838
MFO,F25,13,18041.367326551623
MFO,F25,14,8492.419045129298
MFO,F25,15,9388.87427697787
MFO,F25,16,8052.468132996264
MFO,F25,17,11284.548468067236
MFO,F25,18,3543.988329793116
MFO,F25,19,12599.269926615276
MFO,F25,20,18354.32394618226
MFO,F25,21,9477.88434413998
MFO,F25,22,18645.55070436938
MFO,F25,23,11923.802457813816
MFO,F25,24,15459.758446568892
MFO,F25,25,18322.02382563726
MFO,F25,26,20591.069197549168
MFO,F25,27,16918.139649761208
MFO,F25,28,7870.443791779712
MFO,F25,29,12201.58947133661
MFO,F25,30,10745.0382814714
MFO,F26,1,6806.625595077346
MFO,F26,2,8442.157656455087
MFO,F26,3,6927.751910321346
MFO,F26,4,7079.189795903196
MFO,F26,5,8868.930501892692
MFO,F26,6,8366.267504715226
MFO,F26,7,10252.559174055768
MFO,F26,8,8103.081517208632
MFO,F26,9,8878.959336700882
MFO,F26,10,9668.965629964585
MFO,F26,11,10192.822980908697
MFO,F26,12,8498.909516548503
MFO,F26,13,9602.516875228725
MFO,F26,14,9637.265723458948
MFO,F26,15,10351.762555136633
MFO,F26,16,8741.948628703176
MFO,F26,17,7270.115102063775
MFO,F26,18,9649.364233175795
MFO,F26,19,8905.831155574166
MFO,F26,20,9075.583657963074
MFO,F26,21,9788.1644755235
MFO,F26,22,8809.3996873131
MFO,F26,23,10181.536955277821
MFO,F26,24,7439.460910932647
MFO,F26,25,9358.325313702782
MFO,F26,26,10251.905405664904
MFO,F26,27,7442.7285139635305
MFO,F26,28,8670.10133807197
MFO,F26,29,10577.888313730087
MFO,F26,30,9555.972127772868
MFO,F27,1,3375.252388668356
MFO,F27,2,3408.9364995781452
MFO,F27,3,3356.9116835381324
MFO,F27,4,3380.9972445145886
MFO,F27,5,3464.188969243008
MFO,F27,6,3606.8662937300487
MFO,F27,7,3579.218410917112
MFO,F27,8,3317.7217355554567
MFO,F27,9,3390.732207672759
MFO,F27,10,3424.590918497743
MFO,F27,11,3462.155491858885
MFO,F27,12,3318.1924118143515
MFO,F27,13,3661.4887584500993
MFO,F27,14,3512.215146928863
MFO,F27,15,3380.562780472448
MFO,F27,16,3376.634919095241
MFO,F27,17,3538.428586668051
MFO,F27,18,3405.1745968331434
MFO,F27,19,3731.0313558545054
MFO,F27,20,3311.8799437178686
MFO,F27,21,3570.926073510366
MFO,F27,22,3557.354773435225
MFO,F27,23,3386.942491155565
MFO,F27,24,3362.3044113143424
MFO,F27,25,3744.2279018544086
MFO,F27,26,3348.8183453830598
MFO,F27,27,3347.352417024718
MFO,F27,28,3456.1332597912137
MFO,F27,29,3409.0660041862193
MFO,F27,30,3294.350825895175
MFO,F28,1,6894.586401781011
MFO,F28,2,7605.789039311706
MFO,F28,3,6854.505611534803
MFO,F28,4,6634.481115848675
MFO,F28,5,6628.181822032792
MFO,F28,6,8298.182821654127
MFO,F28,7,6740.966249303483
MFO,F28,8,6553.870710269466
MFO,F28,9,9150.748515381754
MFO,F28,10,9263.60389145849
MFO,F28,11,7276.306765615432
MFO,F28,12,7659.344442053366
MFO,F28,13,9233.95634455935
MFO,F28,14,7570.437508613407
MFO,F28,15,7702.893170776486
MFO,F28,16,7749.363292801935
MFO,F28,17,7289.200548885045
MFO,F28,18,9689.96949255837
MFO,F28,19,9805.615659656683
MFO,F28,20,9866.705385797703
MFO,F28,21,7535.699792486346
MFO,F28,22,8518.96097374782
MFO,F28,23,7144.2954757587795
MFO,F28,24,7042.975010289239
MFO,F28,25,7365.027368217053
MFO,F28,26,6954.525145686677
MFO,F28,27,6706.4320853836
MFO,F28,28,6129.534353249812
MFO,F28,29,7049.655348005938
MFO,F28,30,7462.881104075431
MFO,F29,1,6657.397222935533
MFO,F29,2,5428.630358773411
MFO,F29,3,7867.820912905965
MFO,F29,4,9882.223391963154
MFO,F29,5,5000.436576638711
MFO,F29,6,4666.032886933635
MFO,F29,7,5868.221287455714
MFO,F29,8,6610.431378157509
MFO,F29,9,5441.226309806338
MFO,F29,10,4977.129417033639
MFO,F29,11,5821.948283111147
MFO,F29,12,5339.490059812003
MFO,F29,13,6635.029708347001
MFO,F29,14,6037.492632605442
MFO,F29,15,6752.717053527411
MFO,F29,16,6162.638567901114
MFO,F29,17,5907.275282532895
MFO,F29,18,5142.153548014432
MFO,F29,19,5175.85542745805
MFO,F29,20,8243.490782369861
MFO,F29,21,4677.153848829985
MFO,F29,22,6189.533972566662
MFO,F29,23,4398.175451836095
MFO,F29,24,5467.034947917811
MFO,F29,25,5873.799222727969
MFO,F29,26,5525.767121355333
MFO,F29,27,4526.899219389759
MFO,F29,28,5434.123507911338
MFO,F29,29,5596.691955202434
MFO,F29,30,5008.552979883849
MFO,F30,1,84539188.3084333
MFO,F30,2,1641590.3567053098
MFO,F30,3,989525853.9865172
MFO,F30,4,1312371180.3930411
MFO,F30,5,44255852.84575554
MFO,F30,6,5437719.254406717
MFO,F30,7,1646449933.5736423
MFO,F30,8,6745608.910670587
MFO,F30,9,27767536.59839806
MFO,F30,10,144466355.07868138
MFO,F30,11,1465228882.9895773
MFO,F30,12,16764566.977370096
MFO,F30,13,13956155.82054977
MFO,F30,14,3953178.2762092273
MFO,F30,15,1604979951.7795382
MFO,F30,16,944655583.4597554
MFO,F30,17,3932974.058232042
MFO,F30,18,771684870.3309871
MFO,F30,19,8589626.962891653
MFO,F30,20,16355559.145019386
MFO,F30,21,1361074528.841373
MFO,F30,22,2054883891.111311
MFO,F30,23,1629938814.933416
MFO,F30,24,1064858683.3840294
MFO,F30,25,10428319.709250148
MFO,F30,26,472979933.0096632
MFO,F30,27,1637679508.8799553
MFO,F30,28,108413071.34000643
MFO,F30,29,1640039162.2314963
MFO,F30,30,1651827241.9599254
SSA,F1,1,580609736.1901494
SSA,F1,2,2342997705.472298
SSA,F1,3,1624509874.1948776
SSA,F1,4,2182931150.538514
SSA,F1,5,5503891215.148763
SSA,F1,6,1414459352.4220965
SSA,F1,7,1933025474.2142682
SSA,F1,8,793806544.0254092
SSA,F1,9,1359964608.2323139
SSA,F1,10,449380230.1733548
SSA,F1,11,1101162434.0368514
SSA,F1,12,542525548.7022607
SSA,F1,13,486147283.96595454
SSA,F1,14,740756536.0364176
SSA,F1,15,450680845.42349344
SSA,F1,16,2590258824.102259
SSA,F1,17,1005930846.4645495
SSA,F1,18,2043036518.16295
SSA,F1,19,786144199.3534617
SSA,F1,20,427845183.39340407
SSA,F1,21,3818760920.6793876
SSA,F1,22,1129870965.1889205
SSA,F1,23,1898445574.656031
SSA,F1,24,992446286.0496125
SSA,F1,25,799108156.0573415
SSA,F1,26,286456208.0193051
SSA,F1,27,403654346.69687927
SSA,F1,28,1254451724.4534326
SSA,F1,29,761279516.0330892
SSA,F1,30,660379954.893028
SSA,F3,1,47868.77622729696
SSA,F3,2,64100.82647928834
SSA,F3,3,49836.51476549424
SSA,F3,4,62063.93990684325
SSA,F3,5,63403.33377029715
SSA,F3,6,47321.13637302859
SSA,F3,7,49922.842018107374
SSA,F3,8,54231.56787846868
SSA,F3,9,80186.30483676371
SSA,F3,10,52945.492722535295
SSA,F3,11,60548.2486043016
SSA,F3,12,44877.10251392826
SSA,F3,13,64377.34009221545
SSA,F3,14,78579.82736712246
SSA,F3,15,61552.39642824635
SSA,F3,16,64024.3854207769
SSA,F3,17,49449.983417092124
SSA,F3,18,78051.4055167758
SSA,F3,19,77081.95769675155
SSA,F3,20,59056.38970538814
SSA,F3,21,82092.44855294241
SSA,F3,22,54704.0677362626
SSA,F3,23,36136.6531332196
SSA,F3,24,53308.446889918814
SSA,F3,25,60240.54724319573
SSA,F3,26,53733.713728753115
SSA,F3,27,52667.23795582877
SSA,F3,28,41857.868234611495
SSA,F3,29,61449.16020846896
SSA,F3,30,70582.53760757254
SSA,F4,1,566.8400952499923
SSA,F4,2,847.423515054591
SSA,F4,3,611.8066439787508
SSA,F4,4,767.3756486984657
SSA,F4,5,632.0774884757941
SSA,F4,6,826.9625718519967
SSA,F4,7,682.7010562939679
SSA,F4,8,768.59934522239
SSA,F4,9,995.2908545988626
SSA,F4,10,585.8961181133493
SSA,F4,11,608.9301976640184
SSA,F4,12,638.5914211031451
SSA,F4,13,702.6149945919628
SSA,F4,14,600.311039174841
SSA,F4,15,684.184759306915
SSA,F4,16,980.8051119914294
SSA,F4,17,684.9652870855832
SSA,F4,18,985.6081173186067
SSA,F4,19,619.7193000978068
SSA,F4,20,770.9658588487252
SSA,F4,21,616.938294458861
SSA,F4,22,851.2706448510932
SSA,F4,23,771.5173564670233
SSA,F4,24,771.8301744023544
SSA,F4,25,860.9821947848284
SSA,F4,26,627.7613692891606
SSA,F4,27,737.9329764173751
SSA,F4,28,574.9715696689316
SSA,F4,29,773.9506245146262
SSA,F4,30,660.2480034375219
SSA,F5,1,680.3331063607744
SSA,F5,2,790.245921737978
SSA,F5,3,714.5470838767661
SSA,F5,4,686.7095420442924
SSA,F5,5,747.8238886639256
SSA,F5,6,718.5310919723081
SSA,F5,7,673.7057049395737
SSA,F5,8,752.0530952837757
SSA,F5,9,761.2692502972122
SSA,F5,10,755.543415810537
SSA,F5,11,730.9857713598823
SSA,F5,12,815.6352518013313
SSA,F5,13,744.2197268031246
SSA,F5,14,778.8697242561618
SSA,F5,15,745.4585807089121
SSA,F5,16,739.6604629522857
SSA,F5,17,658.9793214768123
SSA,F5,18,765.734610483433
SSA,F5,19,640.0125734925397
SSA,F5,20,683.992046516503
SSA,F5,21,748.2078973498452
SSA,F5,22,682.6484433361888
SSA,F5,23,661.9073816567952
SSA,F5,24,695.8650239401252
SSA,F5,25,732.2494759897305
SSA,F5,26,755.146705470261
SSA,F5,27,685.9386862823886
SSA,F5,28,702.322450689395
SSA,F5,29,670.6333917504794
SSA,F5,30,628.9334246556579
SSA,F6,1,648.1975505758346
SSA,F6,2,662.3329277929582
SSA,F6,3,654.0934175198698
SSA,F6,4,649.537658405326
SSA,F6,5,660.8664375936254
SSA,F6,6,647.8440554378761
SSA,F6,7,654.6801329162057
SSA,F6,8,662.897860517173
SSA,F6,9,646.6759559639064
SSA,F6,10,668.3565603327995
SSA,F6,11,665.7097451754521
SSA,F6,12,654.6599706847137
SSA,F6,13,663.2316475052407
SSA,F6,14,650.2349473505525
SSA,F6,15,648.0228867002292
SSA,F6,16,655.6700278383482
SSA,F6,17,661.7353518574192
SSA,F6,18,667.6645295259164
SSA,F6,19,655.4906375127362
SSA,F6,20,657.860142575566
SSA,F6,21,655.9062240257194
SSA,F6,22,678.9898220420596
SSA,F6,23,670.930559654082
SSA,F6,24,666.4474048213284
SSA,F6,25,656.2420903959168
SSA,F6,26,673.780670056301
SSA,F6,27,671.752717693448
SSA,F6,28,645.0605407190897
SSA,F6,29,651.6755221100525
SSA,F6,30,663.678495719126
SSA,F7,1,1092.8879817550705
SSA,F7,2,1106.1780953421207
SSA,F7,3,944.1077722424834
SSA,F7,4,1121.730364495057
SSA,F7,5,990.8694124883059
SSA,F7,6,1305.4139039814308
SSA,F7,7,1063.8879686943599
SSA,F7,8,1292.1540034876843
SSA,F7,9,869.3077322795128
SSA,F7,10,1121.8319566416928
SSA,F7,11,991.2397589027244
SSA,F7,12,1184.0262497779281
SSA,F7,13,1093.0552160292948
SSA,F7,14,1190.6925289057062
SSA,F7,15,1015.670128969748
SSA,F7,16,986.188241085386
SSA,F7,17,1123.8499524443755
SSA,F7,18,978.2626668409171
SSA,F7,19,1203.6893742082616
SSA,F7,20,984.7284602767994
SSA,F7,21,949.1642368652779
SSA,F7,22,1209.1294816136772
SSA,F7,23,1200.8073489318353
SSA,F7,24,1305.199142336376
SSA,F7,25,1157.249823238019
SSA,F7,26,1101.8983565633753
SSA,F7,27,1122.179557521822
SSA,F7,28,923.925419171527
SSA,F7,29,1101.1969896005858
SSA,F7,30,1141.8109638965607
SSA,F8,1,976.0480615329963
SSA,F8,2,1004.6778454545588
SSA,F8,3,1009.5699431902357
SSA,F8,4,991.1132016775185
SSA,F8,5,974.3267558720108
SSA,F8,6,981.5802527233459
SSA,F8,7,1030.9233444410456
SSA,F8,8,973.3477513682569
SSA,F8,9,989.0766122133873
SSA,F8,10,958.1725016889652
SSA,F8,11,967.004730021903
SSA,F8,12,969.8071671734012
SSA,F8,13,960.3030192342496
SSA,F8,14,950.9182165641672
SSA,F8,15,946.8821849303876
SSA,F8,16,944.637788383934
SSA,F8,17,936.9144704267188
SSA,F8,18,1009.2566938761961
SSA,F8,19,965.2074991125494
SSA,F8,20,1027.0869814333457
SSA,F8,21,982.3620933078996
SSA,F8,22,964.4776107099883
SSA,F8,23,949.1517338357473
SSA,F8,24,1048.105921029765
SSA,F8,25,933.0945830163492
SSA,F8,26,981.5884606541215
SSA,F8,27,1004.5337809981737
SSA,F8,28,906.1813112968589
SSA,F8,29,934.910482102246
SSA,F8,30,1022.5069643802073
SSA,F9,1,6168.484054498967
SSA,F9,2,5492.944160273991
SSA,F9,3,4487.593746355048
SSA,F9,4,5093.671570428297
SSA,F9,5,6992.162908205606
SSA,F9,6,6515.667164233727
SSA,F9,7,6457.359918454172
SSA,F9,8,5595.098812726478
SSA,F9,9,6352.504601542409
SSA,F9,10,4908.917091249097
SSA,F9,11,4543.807267782077
SSA,F9,12,7089.7393822316735
SSA,F9,13,3602.6282725080823
SSA,F9,14,6628.218717114563
SSA,F9,15,3381.517609428631
SSA,F9,16,5776.479872550216
SSA,F9,17,6797.650951579683
SSA,F9,18,5637.164112938012
SSA,F9,19,5593.991981794375
SSA,F9,20,6165.514391707269
SSA,F9,21,4396.024736510495
SSA,F9,22,6820.283493232925
SSA,F9,23,3122.353653583323
SSA,F9,24,7641.01972044564
SSA,F9,25,5286.078647418826
SSA,F9,26,6392.486165511858
SSA,F9,27,5304.593133857415
SSA,F9,28,3598.253532444312
SSA,F9,29,4425.568794791034
SSA,F9,30,6722.039681427375
SSA,F10,1,7430.841635075403
SSA,F10,2,5708.43766051492
SSA,F10,3,7282.5503198711995
SSA,F10,4,6493.6407393507025
SSA,F10,5,5012.621720746587
SSA,F10,6,6003.564053533534
SSA,F10,7,6875.874991761528
SSA,F10,8,4852.99206182841
SSA,F10,9,4819.670578672489
SSA,F10,10,5908.386963233774
SSA,F10,11,6319.351199748316
SSA,F10,12,6571.330800244076
SSA,F10,13,5176.668511440974
SSA,F10,14,7336.894483509869
SSA,F10,15,7256.416967372347
SSA,F10,16,5963.776994681033
SSA,F10,17,5772.450436828025
SSA,F10,18,6008.344329400262
SSA,F10,19,6056.391731916136
SSA,F10,20,5778.411369286692
SSA,F10,21,6083.92917143595
SSA,F10,22,6488.76870954585
SSA,F10,23,5105.843903326206
SSA,F10,24,4993.73902704883
SSA,F10,25,5696.772243439565
SSA,F10,26,5983.35721999125
SSA,F10,27,5863.87421137819
SSA,F10,28,5003.708444092259
SSA,F10,29,5222.049080544575
SSA,F10,30,6453.242370607809
SSA,F11,1,1858.1279520524542
SSA,F11,2,2118.310179041407
SSA,F11,3,1441.638413832588
SSA,F11,4,1776.1226867998785
SSA,F11,5,2269.40703094098
SSA,F11,6,2124.0324987563627
SSA,F11,7,1864.282461408819
SSA,F11,8,2077.9400437625936
SSA,F11,9,1747.686942070819
SSA,F11,10,2641.88344882605
SSA,F11,11,1911.1214123805396
SSA,F11,12,1757.5394228923174
SSA,F11,13,1878.5089630973778
SSA,F11,14,1701.901698639678
SSA,F11,15,1573.2220959599363
SSA,F11,16,1573.281648886243
SSA,F11,17,2111.909168274109
SSA,F11,18,1891.8823561993806
SSA,F11,19,1879.4480672842967
SSA,F11,20,2219.0387989366436
SSA,F11,21,1889.2669759996438
SSA,F11,22,2231.9988900764765
SSA,F11,23,1604.362944931731
SSA,F11,24,1926.8753295611325
SSA,F11,25,1484.8583377150621
SSA,F11,26,1666.0613180001874
SSA,F11,27,1835.4218848768683
SSA,F11,28,2838.7727094487673
SSA,F11,29,1541.1318990852074
SSA,F11,30,2167.6921149185373
SSA,F12,1,24678215.59039538
SSA,F12,2,161095522.6726727
SSA,F12,3,81890114.21926484
SSA,F12,4,28521428.609489188
SSA,F12,5,3181232.2881600265
SSA,F12,6,11342314.054786643
SSA,F12,7,381323975.3549344
SSA,F12,8,40131272.53418152
SSA,F12,9,181534134.72976354
SSA,F12,10,128408652.84307906
SSA,F12,11,14694797.432557799
SSA,F12,12,127805306.39784698
SSA,F12,13,66420180.82785033
SSA,F12,14,211180128.76198837
SSA,F12,15,63164901.065112635
SSA,F12,16,193200124.04557234
SSA,F12,17,81179224.71122555
SSA,F12,18,122000722.40597105
SSA,F12,19,79576045.64671983
SSA,F12,20,24240324.359924357
SSA,F12,21,31651104.885053556
SSA,F12,22,64143419.49256681
SSA,F12,23,111438972.78729972
SSA,F12,24,24236713.508488625
SSA,F12,25,13864379.62746617
SSA,F12,26,48260009.06833608
SSA,F12,27,58601032.19978344
SSA,F12,28,104139694.2986631
SSA,F12,29,6095024.406759275
SSA,F12,30,163718879.351423
SSA,F13,1,104731.41954978282
SSA,F13,2,167487.65641674827
SSA,F13,3,51069.053797859335
SSA,F13,4,54474.882420823174
SSA,F13,5,36234.67018407113
SSA,F13,6,40669.14356755481
SSA,F13,7,124479.05801700198
SSA,F13,8,8571.81049580187
SSA,F13,9,49548.1517913241
SSA,F13,10,91760.52339009171
SSA,F13,11,50566.95519345216
SSA,F13,12,59512.56361761809
SSA,F13,13,179070.63548761047
SSA,F13,14,38250.106582011664
SSA,F13,15,77257.9268873872
SSA,F13,16,37335.797082913996
SSA,F13,17,66122.84226241414
SSA,F13,18,160090.9104289275
SSA,F13,19,164491.4388801822
SSA,F13,20,39583.28739349376
SSA,F13,21,83832.82922214118
SSA,F13,22,80767.10729366938
SSA,F13,23,25383.62690191743
SSA,F13,24,72297.78295722675
SSA,F13,25,48851.92274846467
SSA,F13,26,193032.3428817784
SSA,F13,27,153376.35070046643
SSA,F13,28,58633.93641082583
SSA,F13,29,64549.032104197504
SSA,F13,30,89804.52247376746
SSA,F14,1,115130.96257136544
SSA,F14,2,829359.4962520836
SSA,F14,3,147889.59320024584
SSA,F14,4,391340.7238158209
SSA,F14,5,419938.35173184494
SSA,F14,6,1583489.0003158725
SSA,F14,7,167858.04671782412
SSA,F14,8,82857.34518476544
SSA,F14,9,379102.86274583125
SSA,F14,10,499286.96109179396
SSA,F14,11,75665.59502186076
SSA,F14,12,124975.12766640112
SSA,F14,13,273636.944950257
SSA,F14,14,356619.0539006311
SSA,F14,15,308651.2762700506
SSA,F14,16,60449.66855307646
SSA,F14,17,886912.3023918078
SSA,F14,18,880339.1766081234
SSA,F14,19,657913.6647499321
SSA,F14,20,115310.04627549511
SSA,F14,21,536280.5599622332
SSA,F14,22,606640.6625578629
SSA,F14,23,311219.1280131961
SSA,F14,24,131371.49854397422
SSA,F14,25,2606.243172127917
SSA,F14,26,582575.0407234583
SSA,F14,27,212739.60766625233
SSA,F14,28,84433.47462732221
SSA,F14,29,89662.23713922745
SSA,F14,30,1732470.0795582894
SSA,F15,1,60903.234026657854
SSA,F15,2,28293.746014048495
SSA,F15,3,46269.94041724583
SSA,F15,4,104670.43579978912
SSA,F15,5,41315.01336787426
SSA,F15,6,59320.426725491576
SSA,F15,7,12047.222480097204
SSA,F15,8,16516.54787329233
SSA,F15,9,24110.592486963575
SSA,F15,10,19159.196622489715
SSA,F15,11,19782.331164332383
SSA,F15,12,66570.98315831381
SSA,F15,13,30721.571893962715
SSA,F15,14,25314.30645466266
SSA,F15,15,44441.80337726949
SSA,F15,16,48774.948173318626
SSA,F15,17,51249.992420107315
SSA,F15,18,42234.33565958168
SSA,F15,19,60363.6410618084
SSA,F15,20,45605.53518425547
SSA,F15,21,23919.338798586723
SSA,F15,22,78581.75143536895
SSA,F15,23,26030.045509622734
SSA,F15,24,11832.055095996719
SSA,F15,25,99086.10142586913
SSA,F15,26,33832.87207544622
SSA,F15,27,28878.88708482786
SSA,F15,28,18820.4866086636
SSA,F15,29,12131.603580093766
SSA,F15,30,70432.99906252582
SSA,F16,1,3568.308258607306
SSA,F16,2,3766.7536495220343
SSA,F16,3,3550.046867919981
SSA,F16,4,3116.3101052473526
SSA,F16,5,3378.911763244131
SSA,F16,6,3082.64420155394
SSA,F16,7,3428.5169985799785
SSA,F16,8,3371.757579270395
SSA,F16,9,3047.0096837121782
SSA,F16,10,3983.7064265820736
SSA,F16,11,3410.1938567059224
SSA,F16,12,3642.531801342816
SSA,F16,13,3373.9786069860997
SSA,F16,14,3005.3679604552644
SSA,F16,15,3003.879355387153
SSA,F16,16,3357.9364415978052
SSA,F16,17,3519.5486661471805
SSA,F16,18,3392.8485497189977
SSA,F16,19,3839.3846604707187
SSA,F16,20,3641.8190105953927
SSA,F16,21,3824.9331465118867
SSA,F16,22,3215.065209016771
SSA,F16,23,3102.9496861478547
SSA,F16,24,3715.1063060915485
SSA,F16,25,2985.415215055195
SSA,F16,26,3371.0270964206547
SSA,F16,27,3650.889620837036
SSA,F16,28,2954.8477806208275
SSA,F16,29,3124.5101580569126
SSA,F16,30,3349.4842840584847
SSA,F17,1,2512.144951633974
SSA,F17,2,2583.2036781941506
SSA,F17,3,2409.004123558486
SSA,F17,4,2690.048048133839
SSA,F17,5,2257.193554378804
SSA,F17,6,2485.79441274648
SSA,F17,7,2584.8249353798383
SSA,F17,8,2334.366119883789
SSA,F17,9,2797.2657095785057
SSA,F17,10,2499.82236673854
SSA,F17,11,2000.2189883840551
SSA,F17,12,2448.112363765388
SSA,F17,13,2611.0753436574555
SSA,F17,14,2410.586105983553
SSA,F17,15,2455.587129158961
SSA,F17,16,2434.5509834371096
SSA,F17,17,2421.153511025298
SSA,F17,18,2547.883569226202
SSA,F17,19,2847.322871985893
SSA,F17,20,2000.3347446258338
SSA,F17,21,2378.991582311882
SSA,F17,22,2293.1943333742115
SSA,F17,23,2406.631209319801
SSA,F17,24,2631.159901163134
SSA,F17,25,2848.258982896161
SSA,F17,26,2538.6767407725542
SSA,F17,27,2573.6783328529255
SSA,F17,28,2343.469913001057
SSA,F17,29,2738.1006723837586
SSA,F17,30,2691.842647863665
SSA,F18,1,10349532.815256864
SSA,F18,2,11493775.6308601
SSA,F18,3,2036941.8564711062
SSA,F18,4,183917.72398822787
SSA,F18,5,208288.791365479
SSA,F18,6,128389.12316422329
SSA,F18,7,5184084.374834753
SSA,F18,8,184635.330751608
SSA,F18,9,649690.3801588035
SSA,F18,10,5197122.924241641
SSA,F18,11,483857.0049470437
SSA,F18,12,5880777.61416406
SSA,F18,13,4482111.579235987
SSA,F18,14,7665460.114714719
SSA,F18,15,4369157.112369687
SSA,F18,16,481896.82771492156
SSA,F18,17,1495801.9485858975
SSA,F18,18,5896837.418238353
SSA,F18,19,2347776.9723553057
SSA,F18,20,3977579.8137847506
SSA,F18,21,256301.30659587294
SSA,F18,22,3491352.2489157696
SSA,F18,23,1089424.116067712
SSA,F18,24,719026.740937949
SSA,F18,25,19106751.31530042
SSA,F18,26,1620465.231302349
SSA,F18,27,376679.441641966
SSA,F18,28,1326986.2898827817
SSA,F18,29,3842657.728230831
SSA,F18,30,1897194.5017979848
SSA,F19,1,13445575.217574647
SSA,F19,2,1691308.1037921624
SSA,F19,3,1490240.4401821857
SSA,F19,4,16476729.63470302
SSA,F19,5,35265655.79088566
SSA,F19,6,33722632.28617944
SSA,F19,7,19900626.907263447
SSA,F19,8,14096399.415635325
SSA,F19,9,2275198.690399887
SSA,F19,10,5634064.966000194
SSA,F19,11,7793517.592332568
SSA,F19,12,6219525.225191147
SSA,F19,13,14249796.922393385
SSA,F19,14,339202.8319560223
SSA,F19,15,19190711.635722946
SSA,F19,16,497572.19166194554
SSA,F19,17,11638476.623143084
SSA,F19,18,1749078.416843709
SSA,F19,19,1719045.0507437205
SSA,F19,20,4033079.4588447805
SSA,F19,21,20562791.23359421
SSA,F19,22,93625.40742475967
SSA,F19,23,20825060.617640566
SSA,F19,24,22740374.230546493
SSA,F19,25,7901746.654530989
SSA,F19,26,1154884.1688653086
SSA,F19,27,1871207.8618137233
SSA,F19,28,713254.734498636
SSA,F19,29,1653128.572813009
SSA,F19,30,22993353.022054184
SSA,F20,1,2689.1528285264385
SSA,F20,2,2525.910334622036
SSA,F20,3,2362.031385494296
SSA,F20,4,2410.9686679381707
SSA,F20,5,2349.27077532985
SSA,F20,6,2358.746798881768
SSA,F20,7,2460.827695690142
SSA,F20,8,2539.4723286036
SSA,F20,9,2498.331035200388
SSA,F20,10,2607.354584931163
SSA,F20,11,2470.5438228920793
SSA,F20,12,2946.754031223326
SSA,F20,13,2767.2369901526113
SSA,F20,14,2675.7180746072763
SSA,F20,15,2602.4168452134463
SSA,F20,16,2979.66187606035
SSA,F20,17,2416.7448376401803
SSA,F20,18,2569.9612798975027
SSA,F20,19,2353.5171136106233
SSA,F20,20,2844.2188238723948
SSA,F20,21,2677.3876224890096
SSA,F20,22,2939.94147267668
SSA,F20,23,2517.9383799580737
SSA,F20,24,2576.7025061996123
SSA,F20,25,2436.708779703322
SSA,F20,26,2711.730987427426
SSA,F20,27,2610.1025450614325
SSA,F20,28,2755.277947546877
SSA,F20,29,2596.0951504268633
SSA,F20,30,2885.2767872226896
SSA,F21,1,2438.2745757068433
SSA,F21,2,2483.088928469095
SSA,F21,3,2480.090543567943
SSA,F21,4,2445.7506083861986
SSA,F21,5,2551.8440201476005
SSA,F21,6,2495.4789694451297
SSA,F21,7,2478.086430289797
SSA,F21,8,2415.3825959401674
SSA,F21,9,2495.287544673801
SSA,F21,10,2507.028757892963
SSA,F21,11,2513.984074602881
SSA,F21,12,2515.1322589413367
SSA,F21,13,2473.5563109672316
SSA,F21,14,2508.707992432858
SSA,F21,15,2491.5907464729908
SSA,F21,16,2446.9365283792004
SSA,F21,17,2498.4297320683427
SSA,F21,18,2486.5232536536278
SSA,F21,19,2533.426940295692
SSA,F21,20,2541.843058824847
SSA,F21,21,2445.3971809458517
SSA,F21,22,2470.6083287915317
SSA,F21,23,2431.760665042813
SSA,F21,24,2490.2347182168232
SSA,F21,25,2496.3102731133786
SSA,F21,26,2499.4555823362016
SSA,F21,27,2438.874262278315
SSA,F21,28,2531.283195902423
SSA,F21,29,2528.32493446766
SSA,F21,30,2502.5088499046315
SSA,F22,1,2537.2662739816437
SSA,F22,2,8096.577517768725
SSA,F22,3,2423.1440567391996
SSA,F22,4,2711.3469926443972
SSA,F22,5,2676.3884098245867
SSA,F22,6,2593.256812970603
SSA,F22,7,7723.023726584769
SSA,F22,8,2872.8508621354895
SSA,F22,9,2400.0431928274074
SSA,F22,10,3382.105243787886
SSA,F22,11,2472.9375077811037
SSA,F22,12,2692.5263889619528
SSA,F22,13,8664.218210730249
SSA,F22,14,7588.662609485846
SSA,F22,15,7029.770499370468
SSA,F22,16,2479.201296513421
SSA,F22,17,2505.6685936356616
SSA,F22,18,7681.86863754746
SSA,F22,19,2540.242522635527
SSA,F22,20,7697.5079599233195
SSA,F22,21,2689.4115469532494
SSA,F22,22,2785.811578362827
SSA,F22,23,3000.022826102991
SSA,F22,24,2681.312489903279
SSA,F22,25,3061.1349459592993
SSA,F22,26,3061.736267260522
SSA,F22,27,2502.096970050933
SSA,F22,28,2421.5248025459778
SSA,F22,29,3546.2889145008658
SSA,F22,30,8043.74350228137
SSA,F23,1,2885.547574358487
SSA,F23,2,2870.6986543727558
SSA,F23,3,2818.51672511223
SSA,F23,4,2926.9585452110496
SSA,F23,5,2904.989479804759
SSA,F23,6,2974.8080962392196
SSA,F23,7,3005.772547028366
SSA,F23,8,2801.51282721303
SSA,F23,9,2974.8700518830938
SSA,F23,10,2956.265363162691
SSA,F23,11,2864.0330332073886
SSA,F23,12,2868.176595016916
SSA,F23,13,2863.2810728110326
SSA,F23,14,2934.6197666799044
SSA,F23,15,2976.838105031716
SSA,F23,16,2964.8782499237213
SSA,F23,17,2865.184530153784
SSA,F23,18,2842.264515886655
SSA,F23,19,2810.4824380559894
SSA,F23,20,2833.894881891101
SSA,F23,21,3044.2868006474346
SSA,F23,22,2893.125652478986
SSA,F23,23,2980.3125954593456
SSA,F23,24,3034.3184362101506
SSA,F23,25,2919.7970045109732
SSA,F23,26,2963.2706761029403
SSA,F23,27,2858.2949637777115
SSA,F23,28,3034.2954845364543
SSA,F23,29,2945.7768063466933
SSA,F23,30,2816.667328996758
SSA,F24,1,3034.528804932236
SSA,F24,2,3044.919161908194
SSA,F24,3,2973.037835481704
SSA,F24,4,3027.469213337749
SSA,F24,5,3051.6037274082646
SSA,F24,6,3097.171375553633
SSA,F24,7,2960.9453679828885
SSA,F24,8,2948.6895367454504
SSA,F24,9,3126.2403697024483
SSA,F24,10,3043.68941447204
SSA,F24,11,3022.817759508826
SSA,F24,12,3026.216904827974
SSA,F24,13,3162.854997718281
SSA,F24,14,3051.003302827933
SSA,F24,15,3022.901015181282
SSA,F24,16,2959.5475373937898
SSA,F24,17,2946.749436114833
SSA,F24,18,3095.2817072932444
SSA,F24,19,3048.012064192589
SSA,F24,20,3005.0483570400434
SSA,F24,21,2979.3662664467465
SSA,F24,22,2958.9841751945046
SSA,F24,23,2950.6024468082433
SSA,F24,24,3057.360031211682
SSA,F24,25,3122.734480800674
SSA,F24,26,2951.8331187254
SSA,F24,27,3124.3005496460146
SSA,F24,28,3072.3170430909477
SSA,F24,29,3024.5007581974382
SSA,F24,30,2999.693467157914
SSA,F25,1,3169.802964237457
SSA,F25,2,3068.0347682454913
SSA,F25,3,3083.140108967248
SSA,F25,4,3219.823638203892
SSA,F25,5,3118.3761522689047
SSA,F25,6,3010.2151151195917
SSA,F25,7,3011.4232647684807
SSA,F25,8,3042.7211896068566
SSA,F25,9,3103.3321597989293
SSA,F25,10,3060.2030357529134
SSA,F25,11,3168.6635619671656
SSA,F25,12,3089.701069682784
SSA,F25,13,3130.8652800954405
SSA,F25,14,3106.5570378118
SSA,F25,15,3077.168741226468
SSA,F25,16,3043.0879799125623
SSA,F25,17,3092.4056215864807
SSA,F25,18,3077.0546334625456
SSA,F25,19,3058.1446282511893
SSA,F25,20,3205.072462213707
SSA,F25,21,3081.6126993187722
SSA,F25,22,3126.869205876858
SSA,F25,23,3252.900460564706
SSA,F25,24,3119.9729122255007
SSA,F25,25,3013.4971376739713
SSA,F25,26,3202.7526433753746
SSA,F25,27,3091.391912074002
SSA,F25,28,3157.331481551392
SSA,F25,29,2986.3618782461185
SSA,F25,30,3165.4746004947992
SSA,F26,1,3772.260755760492
SSA,F26,2,3860.381788661186
SSA,F26,3,6818.134201139408
SSA,F26,4,4767.038643549546
SSA,F26,5,6129.042249651539
SSA,F26,6,6090.85889026127
SSA,F26,7,7836.631185512006
SSA,F26,8,7492.928657927088
SSA,F26,9,7010.7506443476905
SSA,F26,10,4422.886152360398
SSA,F26,11,6295.998951539653
SSA,F26,12,4105.273737863041
SSA,F26,13,3760.3047777574693
SSA,F26,14,7592.963874047824
SSA,F26,15,3725.7402017548875
SSA,F26,16,7181.255659784185
SSA,F26,17,4381.521925665502
SSA,F26,18,8262.518858353242
SSA,F26,19,7298.2556266033325
SSA,F26,20,7514.593668107002
SSA,F26,21,9099.846691465122
SSA,F26,22,4041.004189818881
SSA,F26,23,6722.651888708514
SSA,F26,24,5629.594126400047
SSA,F26,25,7684.26985935082
SSA,F26,26,3732.7471355468047
SSA,F26,27,4452.876726128456
SSA,F26,28,5810.519660227798
SSA,F26,29,3998.4369546456173
SSA,F26,30,6123.870306330787
SSA,F27,1,3357.734923337285
SSA,F27,2,3410.3042732239683
SSA,F27,3,3318.9694256074854
SSA,F27,4,3340.0472232406437
SSA,F27,5,3409.079768313672
SSA,F27,6,3558.908796160694
SSA,F27,7,3381.6697377197074
SSA,F27,8,3299.63780515182
SSA,F27,9,3634.5665291070836
SSA,F27,10,3355.2822412035475
SSA,F27,11,3359.55864765605
SSA,F27,12,3468.3771096001137
SSA,F27,13,3510.5738213368004
SSA,F27,14,3336.1990863987944
SSA,F27,15,3424.932928221516
SSA,F27,16,3836.5490673488794
SSA,F27,17,3369.9396002714398
SSA,F27,18,3323.0290601783813
SSA,F27,19,3339.0238447596903
SSA,F27,20,3363.276349856193
SSA,F27,21,3316.924504503124
SSA,F27,22,3396.2017987226172
SSA,F27,23,3364.692285764254
SSA,F27,24,3390.324277433675
SSA,F27,25,3393.6483190035833
SSA,F27,26,3419.68576521501
SSA,F27,27,3488.449517232315
SSA,F27,28,3328.763479902879
SSA,F27,29,3434.7621766030898
SSA,F27,30,3343.519935159203
SSA,F28,1,3408.440601380037
SSA,F28,2,3767.347946741553
SSA,F28,3,3409.912734594344
SSA,F28,4,3507.1336209636615
SSA,F28,5,3587.316916530016
SSA,F28,6,3652.0705769455717
SSA,F28,7,3495.628593111992
SSA,F28,8,3673.268350012219
SSA,F28,9,3522.686864584819
SSA,F28,10,3450.5233470977437
SSA,F28,11,3931.1652844774044
SSA,F28,12,3362.31161573788
SSA,F28,13,3392.9895502039526
SSA,F28,14,3457.1921650922022
SSA,F28,15,3365.738392372926
SSA,F28,16,3704.3407100373242
SSA,F28,17,3548.505642987125
SSA,F28,18,3426.417436944367
SSA,F28,19,3381.7042257538174
SSA,F28,20,3377.791615773184
SSA,F28,21,3709.99692041015
SSA,F28,22,3585.038707948501
SSA,F28,23,3496.806069344787
SSA,F28,24,3443.769370220444
SSA,F28,25,3418.937868990729
SSA,F28,26,3667.9659110561606
SSA,F28,27,3462.641395185429
SSA,F28,28,3494.626263094814
SSA,F28,29,3451.4551715458997
SSA,F28,30,3748.959793466046
SSA,F29,1,4745.690856916734
SSA,F29,2,5735.5739024811255
SSA,F29,3,4613.427563742836
SSA,F29,4,4488.907603650575
SSA,F29,5,5264.369134004753
SSA,F29,6,4984.284629742853
SSA,F29,7,5433.084267471217
SSA,F29,8,4865.8392672083555
SSA,F29,9,5703.110922633787
SSA,F29,10,4760.820196199743
SSA,F29,11,4883.764174026579
SSA,F29,12,4223.547861587886
SSA,F29,13,4493.51245418604
SSA,F29,14,4603.239022035369
SSA,F29,15,4819.7191575480765
SSA,F29,16,4609.058860219955
SSA,F29,17,4266.681494157738
SSA,F29,18,4510.007254814921
SSA,F29,19,4694.40878427116
SSA,F29,20,4630.868632465543
SSA,F29,21,4821.313769004746
SSA,F29,22,4967.982503153294
SSA,F29,23,3992.754605552639
SSA,F29,24,4574.394829301187
SSA,F29,25,4748.315057326112
SSA,F29,26,4540.684793729444
SSA,F29,27,4476.477557241388
SSA,F29,28,4458.138426594431
SSA,F29,29,4984.579581753479
SSA,F29,30,4792.685461433115
SSA,F30,1,21598316.259060763
SSA,F30,2,7563108.869181946
SSA,F30,3,10842139.451363722
SSA,F30,4,58526794.39065015
SSA,F30,5,4572195.024955413
SSA,F30,6,27528863.29515646
SSA,F30,7,5196622.164606836
SSA,F30,8,12756029.178949159
SSA,F30,9,30813880.646689706
SSA,F30,10,28778766.640526537
SSA,F30,11,4125592.5637757173
SSA,F30,12,3312808.6079797307
SSA,F30,13,17382530.640172753
SSA,F30,14,17516898.344424855
SSA,F30,15,11921716.857618362
SSA,F30,16,5872215.945821921
SSA,F30,17,4990942.7289801715
SSA,F30,18,2759315.029297918
SSA,F30,19,16349951.540061021
SSA,F30,20,19684285.858442307
SSA,F30,21,20322902.70459537
SSA,F30,22,3925820.6730712797
SSA,F30,23,19296980.438435435
SSA,F30,24,5102693.389103172
SSA,F30,25,29733363.003105722
SSA,F30,26,6631311.019628303
SSA,F30,27,22103042.50650139
SSA,F30,28,19868070.462018386
SSA,F30,29,10753810.476110604
SSA,F30,30,8617663.889282621
TLBO,F1,1,3092500.3284721095
TLBO,F1,2,208428.3176753253
TLBO,F1,3,195778.93434522094
TLBO,F1,4,133647.98151715205
TLBO,F1,5,135658.97832990042
TLBO,F1,6,1224611.7149052185
TLBO,F1,7,635408.6820116227
TLBO,F1,8,1323075.426135418
TLBO,F1,9,142665104.53250363
TLBO,F1,10,7529499.192946414
TLBO,F1,11,29917172.121960398
TLBO,F1,12,1316983.365333212
TLBO,F1,13,257776.91860483875
TLBO,F1,14,8293124.85673023
TLBO,F1,15,2478788.8756016213
TLBO,F1,16,875985.5198179663
TLBO,F1,17,122172.18510745907
TLBO,F1,18,1264645.6849607117
TLBO,F1,19,11692208.012703743
TLBO,F1,20,318468.9376690463
TLBO,F1,21,59851.417947050286
TLBO,F1,22,25464033.07584004
TLBO,F1,23,319572.1678928328
TLBO,F1,24,255864.12376830963
TLBO,F1,25,365166.82219277555
TLBO,F1,26,398427.9595168259
TLBO,F1,27,5381459.487748486
TLBO,F1,28,1664698.1018196002
TLBO,F1,29,149225.07585850853
TLBO,F1,30,510694.3830769916
TLBO,F3,1,58391.66981716638
TLBO,F3,2,32628.27602598908
TLBO,F3,3,52649.360384196596
TLBO,F3,4,56300.58958418851
TLBO,F3,5,41389.41805112655
TLBO,F3,6,53114.93369173241
TLBO,F3,7,44796.69754365078
TLBO,F3,8,50409.31847079323
TLBO,F3,9,55689.41570322941
TLBO,F3,10,61928.307135673276
TLBO,F3,11,67707.20631764847
TLBO,F3,12,39284.247072211256
TLBO,F3,13,41594.92124278276
TLBO,F3,14,51050.839905316294
TLBO,F3,15,60556.82534463848
TLBO,F3,16,33093.324509783706
TLBO,F3,17,63100.13118693846
TLBO,F3,18,42482.21966304222
TLBO,F3,19,41945.570441987074
TLBO,F3,20,42102.78428815951
TLBO,F3,21,54017.79481236867
TLBO,F3,22,30255.944811641188
TLBO,F3,23,45942.79660710574
TLBO,F3,24,52517.56096494099
TLBO,F3,25,47810.08582788826
TLBO,F3,26,44587.02807172271
TLBO,F3,27,53878.42510051277
TLBO,F3,28,25795.851777758588
TLBO,F3,29,40619.8305615243
TLBO,F3,30,56719.51561753226
TLBO,F4,1,494.76071216110654
TLBO,F4,2,556.1656509948082
TLBO,F4,3,519.0409459109442
TLBO,F4,4,522.7113459312828
TLBO,F4,5,559.4665315839487
TLBO,F4,6,545.4363045520819
TLBO,F4,7,538.539344922738
TLBO,F4,8,516.0423252905025
TLBO,F4,9,548.4292393748052
TLBO,F4,10,588.6235971260347
TLBO,F4,11,543.3029543699433
TLBO,F4,12,555.7634368959971
TLBO,F4,13,536.4654921908342
TLBO,F4,14,525.109772611718
TLBO,F4,15,522.8929713169076
TLBO,F4,16,504.1477700482731
TLBO,F4,17,524.4383334387359
TLBO,F4,18,602.311264811292
TLBO,F4,19,494.1101229102478
TLBO,F4,20,594.8288861021764
TLBO,F4,21,519.9708546332918
TLBO,F4,22,543.295313484635
TLBO,F4,23,544.3690559800405
TLBO,F4,24,537.8256727776945
TLBO,F4,25,502.37297058486695
TLBO,F4,26,476.21575077661475
TLBO,F4,27,536.416167784148
TLBO,F4,28,498.05222325546583
TLBO,F4,29,520.5367204895892
TLBO,F4,30,428.22987310650507
TLBO,F5,1,605.8680912700504
TLBO,F5,2,611.0099159164512
TLBO,F5,3,581.9431640879535
TLBO,F5,4,576.962018955744
TLBO,F5,5,580.0678791128096
TLBO,F5,6,663.3990550338544
TLBO,F5,7,619.4977986535663
TLBO,F5,8,599.8779148700166
TLBO,F5,9,619.5265348494773
TLBO,F5,10,618.510746434986
TLBO,F5,11,590.64041690071
TLBO,F5,12,611.0081510119458
TLBO,F5,13,700.9002538337764
TLBO,F5,14,603.6908434131486
TLBO,F5,15,585.5376682783365
TLBO,F5,16,603.0839338934647
TLBO,F5,17,599.5163403898991
TLBO,F5,18,583.5019273123162
TLBO,F5,19,608.0555429873734
TLBO,F5,20,566.2208018876736
TLBO,F5,21,635.5204291809591
TLBO,F5,22,633.0510912920478
TLBO,F5,23,588.6554461091695
TLBO,F5,24,618.7923551498145
TLBO,F5,25,625.5020369792367
TLBO,F5,26,592.8979436862596
TLBO,F5,27,608.4950687756171
TLBO,F5,28,648.4683636405426
TLBO,F5,29,633.6342177667938
TLBO,F5,30,634.2259423658306
TLBO,F6,1,628.6905523300316
TLBO,F6,2,608.2723472269529
TLBO,F6,3,606.5787710971663
TLBO,F6,4,611.068429037125
TLBO,F6,5,616.4148401998101
TLBO,F6,6,619.7551044531727
TLBO,F6,7,605.004926428398
TLBO,F6,8,623.8333214583588
TLBO,F6,9,621.1412906457073
TLBO,F6,10,616.2522603457479
TLBO,F6,11,614.6176726022604
TLBO,F6,12,619.8617575252731
TLBO,F6,13,611.3185257011402
TLBO,F6,14,630.1072401994909
TLBO,F6,15,613.4563357759569
TLBO,F6,16,614.3883088551001
TLBO,F6,17,611.0838561988423
TLBO,F6,18,619.8228076587382
TLBO,F6,19,611.3675473979664
TLBO,F6,20,616.5354676735146
TLBO,F6,21,623.2110623753739
TLBO,F6,22,624.3631765026444
TLBO,F6,23,610.0896257651045
TLBO,F6,24,610.7468465726762
TLBO,F6,25,614.858207653998
TLBO,F6,26,622.7521210541134
TLBO,F6,27,610.4163699808834
TLBO,F6,28,621.4826703849651
TLBO,F6,29,615.4707640729134
TLBO,F6,30,626.5209603417767
TLBO,F7,1,990.6234919703486
TLBO,F7,2,887.5804208291934
TLBO,F7,3,874.1252350216752
TLBO,F7,4,918.0051259843904
TLBO,F7,5,953.7753304992331
TLBO,F7,6,971.1556359339106
TLBO,F7,7,946.3184322623893
TLBO,F7,8,856.3720394434989
TLBO,F7,9,873.8062392205395
TLBO,F7,10,938.7113310781
TLBO,F7,11,876.5470013311194
TLBO,F7,12,860.0078828352921
TLBO,F7,13,906.1386005851377
TLBO,F7,14,943.1767737143589
TLBO,F7,15,920.5029352483992
TLBO,F7,16,939.4280198149528
TLBO,F7,17,864.2157364124856
TLBO,F7,18,980.7366470231314
TLBO,F7,19,836.2782522496184
TLBO,F7,20,976.7474218983969
TLBO,F7,21,991.0851829059353
TLBO,F7,22,907.4542343766877
TLBO,F7,23,955.0511089800118
TLBO,F7,24,933.0370671877608
TLBO,F7,25,903.6425019312666
TLBO,F7,26,939.2211602996799
TLBO,F7,27,951.5131767504674
TLBO,F7,28,932.9108186477852
TLBO,F7,29,963.0820953825178
TLBO,F7,30,882.9524755306675
TLBO,F8,1,907.5633892018574
TLBO,F8,2,878.9258591840102
TLBO,F8,3,875.2062722010486
TLBO,F8,4,897.6702230545661
TLBO,F8,5,857.9663795399711
TLBO,F8,6,886.5233311181046
TLBO,F8,7,878.0751676688454
TLBO,F8,8,882.5882172883215
TLBO,F8,9,886.8126687880003
TLBO,F8,10,877.4187563022456
TLBO,F8,11,855.9750335029227
TLBO,F8,12,933.0481889124937
TLBO,F8,13,874.1525633927475
TLBO,F8,14,882.0045282959974
TLBO,F8,15,894.956186831877
TLBO,F8,16,914.4738838291581
TLBO,F8,17,889.3190151926091
TLBO,F8,18,916.8152772290084
TLBO,F8,19,904.7527026127402
TLBO,F8,20,881.0384985537072
TLBO,F8,21,887.8801005423811
TLBO,F8,22,920.6794236186922
TLBO,F8,23,885.504303087768
TLBO,F8,24,962.7854038048658
TLBO,F8,25,868.9123716480551
TLBO,F8,26,866.0351250800704
TLBO,F8,27,940.2446621131787
TLBO,F8,28,860.5809056882395
TLBO,F8,29,893.5810178892231
TLBO,F8,30,867.3805770484453
TLBO,F9,1,2379.488316178131
TLBO,F9,2,1999.477590569467
TLBO,F9,3,1739.490423667308
TLBO,F9,4,3563.9023747235374
TLBO,F9,5,3979.216861275384
TLBO,F9,6,2831.6940745424163
TLBO,F9,7,2921.788345433506
TLBO,F9,8,3697.7634292493985
TLBO,F9,9,1286.9160128711508
TLBO,F9,10,3279.2801279688274
TLBO,F9,11,3254.7506360302586
TLBO,F9,12,1327.0577409986215
TLBO,F9,13,2438.9617347458416
TLBO,F9,14,1373.0412208208274
TLBO,F9,15,4131.077380220502
TLBO,F9,16,3572.589347189957
TLBO,F9,17,2121.8192464504436
TLBO,F9,18,2115.024467266988
TLBO,F9,19,1707.2614922705893
TLBO,F9,20,1135.4202036680574
TLBO,F9,21,3176.014802588829
TLBO,F9,22,2001.217099244713
TLBO,F9,23,2069.751006530758
TLBO,F9,24,2187.3464453657016
TLBO,F9,25,1836.662852766246
TLBO,F9,26,2637.049379835493
TLBO,F9,27,1818.6714451247685
TLBO,F9,28,1553.3292866923448
TLBO,F9,29,3506.4695510872843
TLBO,F9,30,2157.2090689288243
TLBO,F10,1,8543.400591762194
TLBO,F10,2,9022.197992091264
TLBO,F10,3,8310.343229334114
TLBO,F10,4,8153.013170404426
TLBO,F10,5,8567.968007294818
TLBO,F10,6,8648.346830773087
TLBO,F10,7,8782.47588938997
TLBO,F10,8,8631.106930520016
TLBO,F10,9,6620.432672115929
TLBO,F10,10,8559.593518516573
TLBO,F10,11,6939.102835401828
TLBO,F10,12,8098.095848025125
TLBO,F10,13,8757.920325000305
TLBO,F10,14,8653.16825802473
TLBO,F10,15,7934.277883454455
TLBO,F10,16,8593.503275504156
TLBO,F10,17,8505.54028982624
TLBO,F10,18,8706.878484219544
TLBO,F10,19,8822.330977664242
TLBO,F10,20,8686.75230709671
TLBO,F10,21,8515.440412396452
TLBO,F10,22,8524.819189805596
TLBO,F10,23,8203.69293107765
TLBO,F10,24,8523.346365914029
TLBO,F10,25,8659.349572383497
TLBO,F10,26,8938.915581148853
TLBO,F10,27,7963.552470708252
TLBO,F10,28,8767.597005147643
TLBO,F10,29,8159.988548753956
TLBO,F10,30,8793.563418067148
TLBO,F11,1,1245.1476880397317
TLBO,F11,2,1306.3680108163949
TLBO,F11,3,1349.112006718627
TLBO,F11,4,1274.5327111406395
TLBO,F11,5,1228.8201736980986
TLBO,F11,6,1291.7134382184568
TLBO,F11,7,1271.287416246199
TLBO,F11,8,1324.1543558639178
TLBO,F11,9,1196.569738338897
TLBO,F11,10,1355.3059115218498
TLBO,F11,11,1238.5999477510036
TLBO,F11,12,1152.8019861987482
TLBO,F11,13,1242.3233328290416
TLBO,F11,14,1273.5019382352566
TLBO,F11,15,1234.8339516544854
TLBO,F11,16,1247.1174038863478
TLBO,F11,17,1200.1785281030898
TLBO,F11,18,1175.0625720136513
TLBO,F11,19,1208.1440965736042
TLBO,F11,20,1307.8488751914417
TLBO,F11,21,1286.0835680523676
TLBO,F11,22,1212.4551650697517
TLBO,F11,23,1292.8720099348477
TLBO,F11,24,1379.2474902447427
TLBO,F11,25,1191.6261438226693
TLBO,F11,26,1312.0853732638125
TLBO,F11,27,1230.3837097899261
TLBO,F11,28,1175.848656862288
TLBO,F11,29,1255.1708016218213
TLBO,F11,30,1203.2887957122514
TLBO,F12,1,1179869.7244844374
TLBO,F12,2,7056342.650082003
TLBO,F12,3,187834.1423514678
TLBO,F12,4,158185.9966015904
TLBO,F12,5,37921.6679392097
TLBO,F12,6,531601.9066782284
TLBO,F12,7,1027817.4060359541
TLBO,F12,8,588915.0706369695
TLBO,F12,9,2372137.5857601496
TLBO,F12,10,218989.0811504359
TLBO,F12,11,501179.1355629605
TLBO,F12,12,79348.3622282042
TLBO,F12,13,822658.042764034
TLBO,F12,14,68384.80529238402
TLBO,F12,15,93648.37268792406
TLBO,F12,16,2459868.778161893
TLBO,F12,17,387423.1710495375
TLBO,F12,18,246808.54234339055
TLBO,F12,19,5351894.656721447
TLBO,F12,20,367012.43902868795
TLBO,F12,21,2069099.8219870366
TLBO,F12,22,3061816.12188549
TLBO,F12,23,96054.86759455442
TLBO,F12,24,114527.88151532749
TLBO,F12,25,144000.22929321678
TLBO,F12,26,76188.90461781688
TLBO,F12,27,868524.4497419294
TLBO,F12,28,530494.0830939226
TLBO,F12,29,600118.1837054937
TLBO,F12,30,95553.1995478947
TLBO,F13,1,4157.369137454917
TLBO,F13,2,10586.017677958574
TLBO,F13,3,13723.19471377985
TLBO,F13,4,3483.584516475138
TLBO,F13,5,31128.34609820077
TLBO,F13,6,3574.757679228164
TLBO,F13,7,61187.60488717824
TLBO,F13,8,13145.41530410811
TLBO,F13,9,98240.96848755436
TLBO,F13,10,22878.057247032957
TLBO,F13,11,5971.9657532658275
TLBO,F13,12,4657.232885817259
TLBO,F13,13,16038.61258534139
TLBO,F13,14,30851.77457316889
TLBO,F13,15,30737.382741605816
TLBO,F13,16,12279.338737226899
TLBO,F13,17,6616.1543085105
TLBO,F13,18,6215.926237234065
TLBO,F13,19,31176.173211211
TLBO,F13,20,27528.22711424766
TLBO,F13,21,15863.594974785728
TLBO,F13,22,21968.178310865136
TLBO,F13,23,25334.51453346279
TLBO,F13,24,5581.710581235062
TLBO,F13,25,46130.313728834924
TLBO,F13,26,20668.12554393593
TLBO,F13,27,3034.1691137574408
TLBO,F13,28,17052.577296626707
TLBO,F13,29,15985.363957454
TLBO,F13,30,3236.9820069120938
TLBO,F14,1,7946.926077987219
TLBO,F14,2,10525.695879499004
TLBO,F14,3,17261.5429282607
TLBO,F14,4,74663.75325866265
TLBO,F14,5,34077.24672333574
TLBO,F14,6,2892.662193344589
TLBO,F14,7,17895.484692246315
TLBO,F14,8,6659.1700631111
TLBO,F14,9,11655.27476232554
TLBO,F14,10,35152.281304163946
TLBO,F14,11,24585.63937643403
TLBO,F14,12,5156.09693586082
TLBO,F14,13,22787.258592211754
TLBO,F14,14,10575.266361872315
TLBO,F14,15,13673.718538090712
TLBO,F14,16,12175.450898836292
TLBO,F14,17,15266.826921293958
TLBO,F14,18,19472.13015981143
TLBO,F14,19,32340.455738154844
TLBO,F14,20,11426.344678120151
TLBO,F14,21,4677.998716263817
TLBO,F14,22,8362.984323920507
TLBO,F14,23,21827.341238648092
TLBO,F14,24,53881.773470158514
TLBO,F14,25,19146.86124587374
TLBO,F14,26,8689.520616586804
TLBO,F14,27,17225.952886062943
TLBO,F14,28,3182.8244014889187
TLBO,F14,29,67271.61101878398
TLBO,F14,30,23783.735120766596
TLBO,F15,1,4461.926778269932
TLBO,F15,2,11949.065039446323
TLBO,F15,3,2233.141862148282
TLBO,F15,4,3000.4483946231294
TLBO,F15,5,2764.4007030315647
TLBO,F15,6,10562.496922001044
TLBO,F15,7,9193.600528694627
TLBO,F15,8,3369.7234606239863
TLBO,F15,9,18173.765470916045
TLBO,F15,10,2345.960886599015
TLBO,F15,11,2575.1642528884804
TLBO,F15,12,2637.826266026555
TLBO,F15,13,2461.7263760824662
TLBO,F15,14,46676.28348871733
TLBO,F15,15,3755.163185070078
TLBO,F15,16,7604.642399355631
TLBO,F15,17,3723.130844726579
TLBO,F15,18,14788.00684235799
TLBO,F15,19,10157.121145758118
TLBO,F15,20,13465.621564254272
TLBO,F15,21,2433.872796495152
TLBO,F15,22,17163.24573589408
TLBO,F15,23,20245.277238352974
TLBO,F15,24,6284.998004717897
TLBO,F15,25,39461.723426677396
TLBO,F15,26,7029.72778001519
TLBO,F15,27,3699.9757123273334
TLBO,F15,28,12732.843120375837
TLBO,F15,29,16853.66974067327
TLBO,F15,30,2155.234014347809
TLBO,F16,1,2357.208742908335
TLBO,F16,2,1785.5598894627299
TLBO,F16,3,2417.129171117868
TLBO,F16,4,2559.260978741118
TLBO,F16,5,2591.7949951683995
TLBO,F16,6,2558.580833874982
TLBO,F16,7,3402.4349220335425
TLBO,F16,8,2768.300560635207
TLBO,F16,9,3168.3273164780276
TLBO,F16,10,2495.9830253935097
TLBO,F16,11,2271.075516424736
TLBO,F16,12,2280.3838174274892
TLBO,F16,13,2541.756287422868
TLBO,F16,14,3131.2096834122794
TLBO,F16,15,3317.3905162278897
TLBO,F16,16,2831.090248636747
TLBO,F16,17,1992.4119086327496
TLBO,F16,18,2263.0908249910894
TLBO,F16,19,2646.1750945542653
TLBO,F16,20,2465.9979639761677
TLBO,F16,21,2511.840294800346
TLBO,F16,22,2593.040623051612
TLBO,F16,23,2545.861312988566
TLBO,F16,24,2438.421246196776
TLBO,F16,25,2450.6058104572635
TLBO,F16,26,2997.2891494624605
TLBO,F16,27,2579.290038464048
TLBO,F16,28,2595.4303507706522
TLBO,F16,29,2039.7911183277306
TLBO,F16,30,2557.6677946003947
TLBO,F17,1,2260.8414433322464
TLBO,F17,2,2221.1458201083974
TLBO,F17,3,1825.9799491078963
TLBO,F17,4,1976.8469658367728
TLBO,F17,5,2002.2116683856302
TLBO,F17,6,2279.8664255349313
TLBO,F17,7,2259.7383587181184
TLBO,F17,8,1951.1933340363357
TLBO,F17,9,2145.289536951663
TLBO,F17,10,1809.6113644321397
TLBO,F17,11,2060.7759402290753
TLBO,F17,12,1898.0317783410505
TLBO,F17,13,2226.05296369668
TLBO,F17,14,1845.36643518755
TLBO,F17,15,1800.2173557483438
TLBO,F17,16,2159.7230624755575
TLBO,F17,17,2014.9497770875291
TLBO,F17,18,2002.1657509067331
TLBO,F17,19,2402.103858481319
TLBO,F17,20,1855.5567929358422
TLBO,F17,21,1928.8206521447323
TLBO,F17,22,2010.6956094672512
TLBO,F17,23,2303.4425964149473
TLBO,F17,24,2026.56702275507
TLBO,F17,25,1866.0407478446623
TLBO,F17,26,2322.86765090295
TLBO,F17,27,1946.3511281531792
TLBO,F17,28,1868.4186958135886
TLBO,F17,29,2009.6022794643386
TLBO,F17,30,1985.0467637386369
TLBO,F18,1,919518.988091748
TLBO,F18,2,124576.86672719449
TLBO,F18,3,99948.2055095741
TLBO,F18,4,576322.4451573382
TLBO,F18,5,1117604.6833424703
TLBO,F18,6,734138.5955182577
TLBO,F18,7,390319.9943844679
TLBO,F18,8,176660.2664475345
TLBO,F18,9,373930.42131227755
TLBO,F18,10,257478.41133727925
TLBO,F18,11,750485.2574291781
TLBO,F18,12,1067631.7711691926
TLBO,F18,13,189355.6738232884
TLBO,F18,14,1549489.72193981
TLBO,F18,15,28391.9825338542
TLBO,F18,16,298798.99369088793
TLBO,F18,17,1685022.657819476
TLBO,F18,18,178810.47283492092
TLBO,F18,19,810484.723691301
TLBO,F18,20,692703.5258741833
TLBO,F18,21,1347152.0956731124
TLBO,F18,22,377594.5892904718
TLBO,F18,23,328762.53019482514
TLBO,F18,24,1110468.0221553626
TLBO,F18,25,246827.9305921308
TLBO,F18,26,138320.1399290745
TLBO,F18,27,858651.9414523297
TLBO,F18,28,534274.0269035524
TLBO,F18,29,287278.4244104221
TLBO,F18,30,368464.22040638
TLBO,F19,1,2211.1909663182178
TLBO,F19,2,2141.008107139059
TLBO,F19,3,2487.641565909482
TLBO,F19,4,4905.320273847679
TLBO,F19,5,16022.338984196838
TLBO,F19,6,7898.694135258718
TLBO,F19,7,17368.004102538318
TLBO,F19,8,7599.957812134008
TLBO,F19,9,3867.782956161125
TLBO,F19,10,3225.2355033543745
TLBO,F19,11,26358.625804207233
TLBO,F19,12,4741.673487051108
TLBO,F19,13,12838.677391555082
TLBO,F19,14,16299.571471921745
TLBO,F19,15,2847.210479227848
TLBO,F19,16,14558.331644487296
TLBO,F19,17,2042.9556267781045
TLBO,F19,18,6811.575393102822
TLBO,F19,19,12970.559370813668
TLBO,F19,20,8398.676853201934
TLBO,F19,21,1999.967285675789
TLBO,F19,22,16782.471031285055
TLBO,F19,23,48352.08875957818
TLBO,F19,24,47793.78305131511
TLBO,F19,25,6081.330743412674
TLBO,F19,26,6830.268135512495
TLBO,F19,27,8137.320722166507
TLBO,F19,28,3788.3566505440226
TLBO,F19,29,3826.8403369094194
TLBO,F19,30,2126.066018703607
TLBO,F20,1,2703.1915735029925
TLBO,F20,2,2456.057442444495
TLBO,F20,3,2288.925866328754
TLBO,F20,4,2360.5841809797485
TLBO,F20,5,2655.781659419833
TLBO,F20,6,2347.1514228613773
TLBO,F20,7,2421.230972043495
TLBO,F20,8,2415.3019839631306
TLBO,F20,9,2643.6971138331032
TLBO,F20,10,2435.2622451363973
TLBO,F20,11,2450.3236590177726
TLBO,F20,12,2770.358589143062
TLBO,F20,13,2758.2442383432644
TLBO,F20,14,2364.4707509567256
TLBO,F20,15,2310.950322774613
TLBO,F20,16,2378.013946955844
TLBO,F20,17,2309.936023478087
TLBO,F20,18,2486.6436294515665
TLBO,F20,19,2281.519163649839
TLBO,F20,20,2409.6130719770126
TLBO,F20,21,2527.4476951053825
TLBO,F20,22,2413.98290725307
TLBO,F20,23,2458.729006980103
TLBO,F20,24,2317.599803911853
TLBO,F20,25,2503.0540942626612
TLBO,F20,26,2426.8070630093926
TLBO,F20,27,2700.1900664790737
TLBO,F20,28,2482.7936846256316
TLBO,F20,29,2769.5996888864934
TLBO,F20,30,2400.1327462029817
TLBO,F21,1,2386.4999817942175
TLBO,F21,2,2401.15208972333
TLBO,F21,3,2431.5226004270585
TLBO,F21,4,2352.767200678107
TLBO,F21,5,2386.671448652821
TLBO,F21,6,2385.901085766898
TLBO,F21,7,2409.5749872864562
TLBO,F21,8,2415.229385793762
TLBO,F21,9,2408.5686585500716
TLBO,F21,10,2385.0512781867506
TLBO,F21,11,2415.4435017667834
TLBO,F21,12,2400.1290586530895
TLBO,F21,13,2422.1402422066744
TLBO,F21,14,2409.7348119876083
TLBO,F21,15,2437.809354832923
TLBO,F21,16,2437.1424976030503
TLBO,F21,17,2441.2737283087267
TLBO,F21,18,2398.322966897568
TLBO,F21,19,2396.203019217954
TLBO,F21,20,2408.99538301361
TLBO,F21,21,2381.700256430068
TLBO,F21,22,2403.8885371893916
TLBO,F21,23,2428.945203709143
TLBO,F21,24,2403.0543107784533
TLBO,F21,25,2439.225634919271
TLBO,F21,26,2435.6146443737484
TLBO,F21,27,2380.841763665305
TLBO,F21,28,2345.4716062805737
TLBO,F21,29,2393.2418631033247
TLBO,F21,30,2374.7127692501895
TLBO,F22,1,2424.6720259841068
TLBO,F22,2,2309.063069767012
TLBO,F22,3,2314.2008087598947
TLBO,F22,4,2315.9216623352477
TLBO,F22,5,2321.4389916662767
TLBO,F22,6,2409.761473165924
TLBO,F22,7,2308.3804674905905
TLBO,F22,8,2318.533449492987
TLBO,F22,9,2325.93259515867
TLBO,F22,10,2352.689052217862
TLBO,F22,11,2344.2140216025236
TLBO,F22,12,2309.6309541130754
TLBO,F22,13,2333.0350484342744
TLBO,F22,14,2332.3235345250678
TLBO,F22,15,2372.433927827373
TLBO,F22,16,2459.5818450321617
TLBO,F22,17,2314.4173493400663
TLBO,F22,18,2316.5121430012337
TLBO,F22,19,2382.779588146167
TLBO,F22,20,2673.7663459939545
TLBO,F22,21,2313.600474200306
TLBO,F22,22,2304.7638423786716
TLBO,F22,23,2343.9697873364466
TLBO,F22,24,2335.978555675779
TLBO,F22,25,2315.5558888335863
TLBO,F22,26,2328.4780426454868
TLBO,F22,27,2338.384619186689
TLBO,F22,28,2328.401685010241
TLBO,F22,29,2308.088808226454
TLBO,F22,30,2316.4152936794117
TLBO,F23,1,2713.718838780075
TLBO,F23,2,2817.0489315423083
TLBO,F23,3,2726.518749473863
TLBO,F23,4,2825.007404417529
TLBO,F23,5,2799.537692914882
TLBO,F23,6,2758.982209653678
TLBO,F23,7,2908.102131744643
TLBO,F23,8,2808.3546269999397
TLBO,F23,9,2805.801854723016
TLBO,F23,10,2747.0965450322324
TLBO,F23,11,2760.343017526851
TLBO,F23,12,2811.4870066972717
TLBO,F23,13,2802.571921590434
TLBO,F23,14,2742.4611835667793
TLBO,F23,15,2864.0551752908996
TLBO,F23,16,2792.543497478529
TLBO,F23,17,2852.4371106795243
TLBO,F23,18,2794.3297121101114
TLBO,F23,19,2829.013167549135
TLBO,F23,20,2844.403234199076
TLBO,F23,21,2761.2784094636827
TLBO,F23,22,2764.0889091782096
TLBO,F23,23,2797.104670756905
TLBO,F23,24,2793.1161064042076
TLBO,F23,25,2805.357929168535
TLBO,F23,26,2761.7575462266
TLBO,F23,27,2844.834230459755
TLBO,F23,28,2741.345714879153
TLBO,F23,29,2864.3627010341916
TLBO,F23,30,2770.4363894363423
TLBO,F24,1,3052.8294559043907
TLBO,F24,2,3043.565845808746
TLBO,F24,3,2945.0768305630136
TLBO,F24,4,3011.7265891359025
TLBO,F24,5,2986.4648590370234
TLBO,F24,6,2946.2789008364775
TLBO,F24,7,2979.502433823492
TLBO,F24,8,2920.752615391847
TLBO,F24,9,2926.4764626933675
TLBO,F24,10,2931.001204646049
TLBO,F24,11,2982.2769328735494
TLBO,F24,12,2967.1561509349112
TLBO,F24,13,2931.4893314218143
TLBO,F24,14,2990.756033133377
TLBO,F24,15,2959.880166691798
TLBO,F24,16,2997.011327310666
TLBO,F24,17,2959.9326554836703
TLBO,F24,18,2885.8424234148047
TLBO,F24,19,2973.381461258964
TLBO,F24,20,2875.647576929306
TLBO,F24,21,2910.6013085549685
TLBO,F24,22,2919.1091444183435
TLBO,F24,23,2935.3998749699113
TLBO,F24,24,2911.9469973495006
TLBO,F24,25,2971.5849592831655
TLBO,F24,26,2900.1603155317744
TLBO,F24,27,2991.17973190926
TLBO,F24,28,2965.855874260127
TLBO,F24,29,2941.3017061164264
TLBO,F24,30,2970.9903380530336
TLBO,F25,1,2941.0398227282076
TLBO,F25,2,2966.1615779768945
TLBO,F25,3,2901.554683956787
TLBO,F25,4,2962.3229906765528
TLBO,F25,5,2901.202562723949
TLBO,F25,6,2944.2566875185285
TLBO,F25,7,2976.5630600135405
TLBO,F25,8,2918.629683359743
TLBO,F25,9,2947.9529425805813
TLBO,F25,10,2951.129711585527
TLBO,F25,11,2921.865777096034
TLBO,F25,12,2927.8019022901785
TLBO,F25,13,2971.1272823911527
TLBO,F25,14,2950.7632891851003
TLBO,F25,15,2920.3544543848307
TLBO,F25,16,2953.6933007845796
TLBO,F25,17,2952.586528609636
TLBO,F25,18,2926.216983182133
TLBO,F25,19,2938.4126076216075
TLBO,F25,20,2900.014620556407
TLBO,F25,21,2903.1950270274265
TLBO,F25,22,2951.6812681996885
TLBO,F25,23,2940.2523366713904
TLBO,F25,24,2950.351186191985
TLBO,F25,25,2942.0832324224807
TLBO,F25,26,2912.8046076733335
TLBO,F25,27,2917.327889888146
TLBO,F25,28,2905.583959094075
TLBO,F25,29,3005.381629486975
TLBO,F25,30,2937.650004545808
TLBO,F26,1,6071.624741440985
TLBO,F26,2,4960.705550420592
TLBO,F26,3,3459.0718805768684
TLBO,F26,4,4458.849549959811
TLBO,F26,5,5417.645542946786
TLBO,F26,6,6281.036949076382
TLBO,F26,7,5835.189598870739
TLBO,F26,8,5654.7289110373495
TLBO,F26,9,6778.823027746493
TLBO,F26,10,6491.89659189363
TLBO,F26,11,5960.688211400337
TLBO,F26,12,6586.711005546248
TLBO,F26,13,6831.030793847026
TLBO,F26,14,5651.309117791134
TLBO,F26,15,5909.557837902712
TLBO,F26,16,5330.113734393217
TLBO,F26,17,6335.599980557421
TLBO,F26,18,5620.205307767148
TLBO,F26,19,5719.752273946835
TLBO,F26,20,5407.869827034867
TLBO,F26,21,6325.688408776878
TLBO,F26,22,3230.3658342308686
TLBO,F26,23,5802.433146892954
TLBO,F26,24,2855.151360129392
TLBO,F26,25,5517.906617105269
TLBO,F26,26,6498.7356428304765
TLBO,F26,27,5779.209583707838
TLBO,F26,28,2837.2712773279954
TLBO,F26,29,6036.826178634379
TLBO,F26,30,3955.207017152934
TLBO,F27,1,3245.5295356683177
TLBO,F27,2,3271.7938227148925
TLBO,F27,3,3224.8912717067033
TLBO,F27,4,3229.93840881895
TLBO,F27,5,3237.519591576876
TLBO,F27,6,3238.7155075001665
TLBO,F27,7,3232.5039258091974
TLBO,F27,8,3255.078214284098
TLBO,F27,9,3277.4764221866017
TLBO,F27,10,3311.8173495967094
TLBO,F27,11,3277.709864023686
TLBO,F27,12,3321.6710167915444
TLBO,F27,13,3254.9388249430967
TLBO,F27,14,3227.467940553733
TLBO,F27,15,3317.7715689694483
TLBO,F27,16,3252.1954708330263
TLBO,F27,17,3257.9215529473786
TLBO,F27,18,3238.682409890135
TLBO,F27,19,3287.5866935291288
TLBO,F27,20,3240.11777108247
TLBO,F27,21,3281.1295246870113
TLBO,F27,22,3248.201384093458
TLBO,F27,23,3261.547256399077
TLBO,F27,24,3313.272460515813
TLBO,F27,25,3288.2939286139062
TLBO,F27,26,3311.443772945985
TLBO,F27,27,3318.144877461252
TLBO,F27,28,3256.66576905282
TLBO,F27,29,3279.74593230557
TLBO,F27,30,3240.1640875526655
TLBO,F28,1,3280.994903977474
TLBO,F28,2,3273.592284483865
TLBO,F28,3,3306.411725274388
TLBO,F28,4,3307.656095433502
TLBO,F28,5,3285.446093449496
TLBO,F28,6,3281.9732116599944
TLBO,F28,7,3301.4920792058256
TLBO,F28,8,3295.0433460565587
TLBO,F28,9,3250.7984548474565
TLBO,F28,10,3271.211985826556
TLBO,F28,11,3344.2622502478544
TLBO,F28,12,3267.0353214650618
TLBO,F28,13,3346.7562868513287
TLBO,F28,14,3209.8615872466776
TLBO,F28,15,3398.7009685305998
TLBO,F28,16,3325.681175850932
TLBO,F28,17,3222.894738188046
TLBO,F28,18,3325.895934464705
TLBO,F28,19,3227.2654587382754
TLBO,F28,20,3316.775193410357
TLBO,F28,21,3305.6562952447216
TLBO,F28,22,3300.860898981531
TLBO,F28,23,3316.653649397321
TLBO,F28,24,3250.5222075916986
TLBO,F28,25,3292.8924447889335
TLBO,F28,26,3302.3199236078945
TLBO,F28,27,3294.271682119263
TLBO,F28,28,3304.5955906465597
TLBO,F28,29,3323.764874922589
TLBO,F28,30,3254.52097624112
TLBO,F29,1,4066.3636716464
TLBO,F29,2,3539.2184213871333
TLBO,F29,3,3904.223079713667
TLBO,F29,4,3969.7831631984623
TLBO,F29,5,3527.2494254565086
TLBO,F29,6,4096.061696359247
TLBO,F29,7,3843.877022730776
TLBO,F29,8,3827.9738933466583
TLBO,F29,9,4045.0283992245913
TLBO,F29,10,3817.241838195604
TLBO,F29,11,4015.381561945374
TLBO,F29,12,4434.120982049191
TLBO,F29,13,4028.8356003658314
TLBO,F29,14,3987.481506489662
TLBO,F29,15,3852.8490997653944
TLBO,F29,16,3975.6055514394247
TLBO,F29,17,3743.8921923537537
TLBO,F29,18,3984.6852652220723
TLBO,F29,19,3687.185837467813
TLBO,F29,20,3826.6886332910667
TLBO,F29,21,3537.6953779268406
TLBO,F29,22,3769.808535764303
TLBO,F29,23,4110.152139965775
TLBO,F29,24,3862.0649754257843
TLBO,F29,25,3846.6812313993555
TLBO,F29,26,3853.1764585119217
TLBO,F29,27,3702.8617736944448
TLBO,F29,28,4161.199980531985
TLBO,F29,29,3598.3489781214967
TLBO,F29,30,3521.09688454292
TLBO,F30,1,7977.474745756061
TLBO,F30,2,14913.382075636688
TLBO,F30,3,23478.283755242806
TLBO,F30,4,63404.38792976542
TLBO,F30,5,8053.703706615329
TLBO,F30,6,18834.653050009467
TLBO,F30,7,7951.163153777213
TLBO,F30,8,10711.314757193459
TLBO,F30,9,7216.929327576098
TLBO,F30,10,13183.008036632025
TLBO,F30,11,10032.433962231324
TLBO,F30,12,9970.23926895381
TLBO,F30,13,15700.531318030635
TLBO,F30,14,15658.989450890618
TLBO,F30,15,11503.291423791947
TLBO,F30,16,8497.86966280155
TLBO,F30,17,31315.013953778503
TLBO,F30,18,16304.736017476727
TLBO,F30,19,8852.110922426338
TLBO,F30,20,10836.906132046777
TLBO,F30,21,22968.997776747477
TLBO,F30,22,18695.545818886967
TLBO,F30,23,6868.161623012299
TLBO,F30,24,17720.268910695824
TLBO,F30,25,19516.481867337956
TLBO,F30,26,14619.289521504968
TLBO,F30,27,11514.507299176907
TLBO,F30,28,12290.41915948047
TLBO,F30,29,111509.0671320979
TLBO,F30,30,12642.252029633197
WOA,F1,1,19849664409.04746
WOA,F1,2,34494359882.3647
WOA,F1,3,31873255029.899036
WOA,F1,4,25698622235.69445
WOA,F1,5,24827842224.326664
WOA,F1,6,28389133892.29359
WOA,F1,7,23010329574.853165
WOA,F1,8,13187796052.955053
WOA,F1,9,34521732735.01902
WOA,F1,10,20065233208.167347
WOA,F1,11,21560878625.021896
WOA,F1,12,24243767567.710957
WOA,F1,13,32568829539.626038
WOA,F1,14,34892687453.699295
WOA,F1,15,20581708922.470165
WOA,F1,16,29709757303.29723
WOA,F1,17,32464649345.708282
WOA,F1,18,27716356351.612274
WOA,F1,19,49709340445.38766
WOA,F1,20,23446588267.747135
WOA,F1,21,25616117984.843243
WOA,F1,22,21047651619.949883
WOA,F1,23,32808667661.489304
WOA,F1,24,33424584772.981873
WOA,F1,25,25230890777.945206
WOA,F1,26,28804399521.43575
WOA,F1,27,26820340982.887566
WOA,F1,28,22204466088.531097
WOA,F1,29,35351850363.83165
WOA,F1,30,33952150930.478584
WOA,F3,1,322608.31133223407
WOA,F3,2,250628.6163770104
WOA,F3,3,179398.9480974843
WOA,F3,4,195306.8207644075
WOA,F3,5,202821.20825070617
WOA,F3,6,260876.8905708794
WOA,F3,7,96145.12105487264
WOA,F3,8,263619.2216505795
WOA,F3,9,231973.1894250497
WOA,F3,10,189589.50999655327
WOA,F3,11,201515.76144772247
WOA,F3,12,262985.0223885479
WOA,F3,13,445393.6017183174
WOA,F3,14,227666.24750655066
WOA,F3,15,94707.60455238052
WOA,F3,16,112817.24172866954
WOA,F3,17,253011.09631960507
WOA,F3,18,180360.4722708919
WOA,F3,19,434527.1937507262
WOA,F3,20,361957.31437391177
WOA,F3,21,258641.51351457174
WOA,F3,22,217473.66021755175
WOA,F3,23,302168.64969043364
WOA,F3,24,190350.7687555443
WOA,F3,25,234789.0113973315
WOA,F3,26,94284.78764768614
WOA,F3,27,139264.14392524664
WOA,F3,28,93478.25692449987
WOA,F3,29,218029.30731559035
WOA,F3,30,197344.30058272576
WOA,F4,1,3272.699320781419
WOA,F4,2,7683.224607670506
WOA,F4,3,9473.204560963655
WOA,F4,4,7199.486242710797
WOA,F4,5,9723.855293311632
WOA,F4,6,4934.347126652276
WOA,F4,7,4950.753999660516
WOA,F4,8,6005.9751309404
WOA,F4,9,5199.649750521192
WOA,F4,10,5145.361684237934
WOA,F4,11,4246.089698346897
WOA,F4,12,13688.260802440025
WOA,F4,13,7845.505882349592
WOA,F4,14,4590.503643713542
WOA,F4,15,9879.655740308954
WOA,F4,16,4176.496938157756
WOA,F4,17,8710.851333901093
WOA,F4,18,2160.6721430424877
WOA,F4,19,12081.82104693035
WOA,F4,20,8183.828282810988
WOA,F4,21,7565.404015345208
WOA,F4,22,4531.001285378915
WOA,F4,23,5386.59664181321
WOA,F4,24,9751.8046458283
WOA,F4,25,5225.602719762135
WOA,F4,26,5139.929506960072
WOA,F4,27,10051.10316581112
WOA,F4,28,6926.768902107324
WOA,F4,29,5643.312126240399
WOA,F4,30,10419.243949802523
WOA,F5,1,886.8216481067161
WOA,F5,2,939.3906519190036
WOA,F5,3,822.8688931168631
WOA,F5,4,920.7287675799968
WOA,F5,5,907.5066855132652
WOA,F5,6,945.1141045104498
WOA,F5,7,881.6852557713345
WOA,F5,8,950.4458318638751
WOA,F5,9,967.307162793981
WOA,F5,10,837.3406449660652
WOA,F5,11,864.6996118802442
WOA,F5,12,946.676255959712
WOA,F5,13,825.0185950128099
WOA,F5,14,864.7126772816807
WOA,F5,15,778.9154730064749
WOA,F5,16,926.223319378784
WOA,F5,17,972.826133494372
WOA,F5,18,932.520829014987
WOA,F5,19,910.8976702329069
WOA,F5,20,871.1052280722295
WOA,F5,21,944.5218088846074
WOA,F5,22,936.1266435673228
WOA,F5,23,880.3699710667523
WOA,F5,24,904.123308731896
WOA,F5,25,939.492624628388
WOA,F5,26,927.5260647270072
WOA,F5,27,876.0326878952444
WOA,F5,28,916.7677190096626
WOA,F5,29,922.6532440543717
WOA,F5,30,905.0644576500604
WOA,F6,1,691.166853397544
WOA,F6,2,699.6177072400205
WOA,F6,3,701.9679921392542
WOA,F6,4,667.7276060683859
WOA,F6,5,676.9749976237224
WOA,F6,6,672.866421335488
WOA,F6,7,681.3446000940684
WOA,F6,8,681.8343732621865
WOA,F6,9,690.8367275348874
WOA,F6,10,691.2846768478181
WOA,F6,11,691.7211516530947
WOA,F6,12,685.3738166470207
WOA,F6,13,693.7352825419619
WOA,F6,14,678.8179245674854
WOA,F6,15,677.1441422842379
WOA,F6,16,675.150710760372
WOA,F6,17,688.9313169263158
WOA,F6,18,675.7087922504616
WOA,F6,19,689.2547492722874
WOA,F6,20,687.3601565439742
WOA,F6,21,686.1412899538498
WOA,F6,22,680.6474407755427
WOA,F6,23,683.5585524363095
WOA,F6,24,669.9170540048682
WOA,F6,25,688.5222646431441
WOA,F6,26,692.6718308055152
WOA,F6,27,683.8369357378763
WOA,F6,28,677.0716683692655
WOA,F6,29,682.5138830600276
WOA,F6,30,679.5979399903096
WOA,F7,1,1414.0703284412152
WOA,F7,2,1451.7337683841379
WOA,F7,3,1433.713950282253
WOA,F7,4,1457.6440166004663
WOA,F7,5,1338.381707749979
WOA,F7,6,1445.3613518746267
WOA,F7,7,1420.0465965613307
WOA,F7,8,1293.3917571710003
WOA,F7,9,1353.82373396614
WOA,F7,10,1391.945509166148
WOA,F7,11,1381.1736590672595
WOA,F7,12,1387.6887688915804
WOA,F7,13,1346.9058025795182
WOA,F7,14,1442.102908908355
WOA,F7,15,1365.4099542215624
WOA,F7,16,1314.3758619120372
WOA,F7,17,1488.4472732399831
WOA,F7,18,1429.391753507357
WOA,F7,19,1438.9706022055334
WOA,F7,20,1484.675321144602
WOA,F7,21,1427.5955622430238
WOA,F7,22,1322.0135406657241
WOA,F7,23,1447.650631703577
WOA,F7,24,1355.627531359509
WOA,F7,25,1459.3004003529
WOA,F7,26,1401.9834501343028
WOA,F7,27,1355.5700239033938
WOA,F7,28,1366.3600711925292
WOA,F7,29,1431.6658292924178
WOA,F7,30,1508.9528003938133
WOA,F8,1,1117.8961110590974
WOA,F8,2,1086.6902988520185
WOA,F8,3,1158.0842662690873
WOA,F8,4,1133.178839119877
WOA,F8,5,1114.405728149925
WOA,F8,6,1085.882596531634
WOA,F8,7,1053.8022804989796
WOA,F8,8,1116.2700431080705
WOA,F8,9,1130.3528210786505
WOA,F8,10,1117.9706133602122
WOA,F8,11,1120.2895583892587
WOA,F8,12,1129.163304103043
WOA,F8,13,1122.7537582305793
WOA,F8,14,1148.1171848885308
WOA,F8,15,1087.288520380434
WOA,F8,16,1106.5195626297113
WOA,F8,17,1123.5356469143658
WOA,F8,18,1100.5798369022164
WOA,F8,19,1137.7437832284213
WOA,F8,20,1157.9973198362575
WOA,F8,21,1111.4073518861987
WOA,F8,22,1114.004659092013
WOA,F8,23,1142.4641628286658
WOA,F8,24,1121.587346258314
WOA,F8,25,1159.136508712272
WOA,F8,26,1002.3118344975094
WOA,F8,27,1134.1942417942832
WOA,F8,28,1111.8638826614656
WOA,F8,29,1100.0843975086616
WOA,F8,30,1157.4321054306547
WOA,F9,1,10490.246422444028
WOA,F9,2,11834.57228234193
WOA,F9,3,10186.218492470192
WOA,F9,4,9533.656900533899
WOA,F9,5,13723.801402497482
WOA,F9,6,10025.912167222468
WOA,F9,7,7514.450468199533
WOA,F9,8,8181.036911436794
WOA,F9,9,11923.53963159672
WOA,F9,10,14739.562735043497
WOA,F9,11,11405.253723765201
WOA,F9,12,14378.267474693941
WOA,F9,13,16171.28509101535
WOA,F9,14,11736.229758219573
WOA,F9,15,9571.318867390317
WOA,F9,16,9051.128342573276
WOA,F9,17,10330.308544744748
WOA,F9,18,9883.206336377283
WOA,F9,19,14404.602744401724
WOA,F9,20,9692.542087670476
WOA,F9,21,11987.492289493628
WOA,F9,22,11515.287177719558
WOA,F9,23,8743.049409938212
WOA,F9,24,11003.039985189522
WOA,F9,25,7669.843992177977
WOA,F9,26,13599.920595349966
WOA,F9,27,9439.107249415443
WOA,F9,28,9253.310887557964
WOA,F9,29,12936.499987534717
WOA,F9,30,8652.233302097702
WOA,F10,1,7685.070438345031
WOA,F10,2,7738.210847891317
WOA,F10,3,9150.47318724209
WOA,F10,4,7340.097065638458
WOA,F10,5,7510.89202026073
WOA,F10,6,8795.310191258002
WOA,F10,7,7852.733088423035
WOA,F10,8,7223.378231230488
WOA,F10,9,7489.599450456031
WOA,F10,10,9204.05678558445
WOA,F10,11,8447.151960184692
WOA,F10,12,7938.36189051227
WOA,F10,13,8349.49379596141
WOA,F10,14,8959.639120821059
WOA,F10,15,8622.4766132103
WOA,F10,16,7965.102555342992
WOA,F10,17,8936.94025743835
WOA,F10,18,7615.041777403762
WOA,F10,19,8001.593308368639
WOA,F10,20,7051.0716087876435
WOA,F10,21,7213.836299754989
WOA,F10,22,8234.02496591
WOA,F10,23,8516.772826664665
WOA,F10,24,8392.152873966028
WOA,F10,25,8561.689460258553
WOA,F10,26,8828.325794401264
WOA,F10,27,9029.405085981736
WOA,F10,28,7757.509975000717
WOA,F10,29,8589.248971121324
WOA,F10,30,8975.448734419646
WOA,F11,1,15294.333591102415
WOA,F11,2,15302.197916491534
WOA,F11,3,8110.0367849741215
WOA,F11,4,9957.06944658466
WOA,F11,5,11530.770241957685
WOA,F11,6,5727.165053530446
WOA,F11,7,16079.717089822998
WOA,F11,8,7731.794282335311
WOA,F11,9,9871.797714160017
WOA,F11,10,10930.245226679715
WOA,F11,11,11412.995580559944
WOA,F11,12,11727.998266836534
WOA,F11,13,10856.759740519723
WOA,F11,14,6588.001436041304
WOA,F11,15,8614.832378926592
WOA,F11,16,12706.375483064103
WOA,F11,17,8611.565001740539
WOA,F11,18,10348.343999007877
WOA,F11,19,11546.747056590277
WOA,F11,20,5898.025700290911
WOA,F11,21,11161.391499061638
WOA,F11,22,10557.408882781883
WOA,F11,23,15178.351559816227
WOA,F11,24,9320.214799760497
WOA,F11,25,9732.489804429553
WOA,F11,26,15295.399083367665
WOA,F11,27,3531.669919630475
WOA,F11,28,6357.938729234979
WOA,F11,29,12329.6556696652
WOA,F11,30,10279.36094347565
WOA,F12,1,2078568683.7666488
WOA,F12,2,5733904863.854877
WOA,F12,3,2115497512.9772902
WOA,F12,4,3039952679.7282896
WOA,F12,5,1729268093.5539515
WOA,F12,6,1985743874.5340967
WOA,F12,7,2296950717.1234345
WOA,F12,8,1544157865.327271
WOA,F12,9,4639442341.075944
WOA,F12,10,1716605026.4239101
WOA,F12,11,4732194498.982611
WOA,F12,12,4427505537.459961
WOA,F12,13,2201253429.1189294
WOA,F12,14,4075135059.4301796
WOA,F12,15,2416939205.706956
WOA,F12,16,662141748.8540213
WOA,F12,17,4772316135.323969
WOA,F12,18,4191590563.410412
WOA,F12,19,2446350825.2731476
WOA,F12,20,1843954832.5916052
WOA,F12,21,2787802802.89404
WOA,F12,22,2622374157.984794
WOA,F12,23,1452602269.4102333
WOA,F12,24,2093876198.5596075
WOA,F12,25,3157835851.6404886
WOA,F12,26,3124278078.581708
WOA,F12,27,2652109704.48956
WOA,F12,28,2255140954.0223966
WOA,F12,29,1381805340.638388
WOA,F12,30,4832025818.670476
WOA,F13,1,97622963.25972478
WOA,F13,2,57565182.866923995
WOA,F13,3,585270020.1379889
WOA,F13,4,59097997.23236201
WOA,F13,5,203144830.909415
WOA,F13,6,391644795.31155854
WOA,F13,7,204099242.73841
WOA,F13,8,867412333.1435604
WOA,F13,9,350951621.1087738
WOA,F13,10,93610179.63638219
WOA,F13,11,506015242.91161484
WOA,F13,12,153803473.07778388
WOA,F13,13,168975559.5209863
WOA,F13,14,496025587.299987
WOA,F13,15,172830985.8992099
WOA,F13,16,840827309.16284
WOA,F13,17,1139471931.5831945
WOA,F13,18,1304383984.9012885
WOA,F13,19,386391889.8140082
WOA,F13,20,719109740.6857461
WOA,F13,21,786924391.9894329
WOA,F13,22,654457374.3619916
WOA,F13,23,145662072.14076403
WOA,F13,24,64382119.734314285
WOA,F13,25,445979859.8073217
WOA,F13,26,63298232.07333001
WOA,F13,27,620826986.5674862
WOA,F13,28,870272113.4182369
WOA,F13,29,237206716.54568678
WOA,F13,30,1066288257.4027743
WOA,F14,1,697340.6308353591
WOA,F14,2,1115846.9656473096
WOA,F14,3,846585.4905216688
WOA,F14,4,2213474.761453031
WOA,F14,5,298307.3666950049
WOA,F14,6,757530.8613495863
WOA,F14,7,3771059.192390854
WOA,F14,8,3280490.031452957
WOA,F14,9,418153.3302508186
WOA,F14,10,1369037.7738701052
WOA,F14,11,1797990.073887991
WOA,F14,12,11993459.56500769
WOA,F14,13,5351361.352828478
WOA,F14,14,414071.27776128595
WOA,F14,15,6057057.829835178
WOA,F14,16,1224739.10293333
WOA,F14,17,142027.73118179888
WOA,F14,18,2077932.7832567382
WOA,F14,19,1499619.1186298442
WOA,F14,20,5164353.72085439
WOA,F14,21,4466962.749503242
WOA,F14,22,1653740.0590127797
WOA,F14,23,3170306.6955188937
WOA,F14,24,723740.7302680232
WOA,F14,25,1830859.0724760403
WOA,F14,26,7161604.092336542
WOA,F14,27,4986997.33093214
WOA,F14,28,3563748.4490714897
WOA,F14,29,986388.7492676985
WOA,F14,30,5514640.588767981
WOA,F15,1,78647973.03438662
WOA,F15,2,180634753.93953964
WOA,F15,3,89108838.42186512
WOA,F15,4,60052349.49180737
WOA,F15,5,735513142.4160535
WOA,F15,6,1487017.1903002346
WOA,F15,7,25791024.479176395
WOA,F15,8,21498621.910314813
WOA,F15,9,35930659.07528963
WOA,F15,10,5974075.700567473
WOA,F15,11,65263722.50819005
WOA,F15,12,51793550.15073704
WOA,F15,13,23846264.113282796
WOA,F15,14,5701635.690596452
WOA,F15,15,2450824.9576864312
WOA,F15,16,21925038.32272972
WOA,F15,17,299995650.1949725
WOA,F15,18,56620962.934451744
WOA,F15,19,35323360.3851751
WOA,F15,20,215111477.19835028
WOA,F15,21,29275004.366914187
WOA,F15,22,125308721.48323156
WOA,F15,23,164127187.69151938
WOA,F15,24,25830655.737397138
WOA,F15,25,8071851.692180029
WOA,F15,26,39870056.21747171
WOA,F15,27,349704.87507967616
WOA,F15,28,278686099.3003484
WOA,F15,29,30293328.325196933
WOA,F15,30,182105382.81176212
WOA,F16,1,4196.264723958214
WOA,F16,2,4578.61153205902
WOA,F16,3,4966.162028746833
WOA,F16,4,3723.818882463321
WOA,F16,5,6245.641663678002
WOA,F16,6,4537.425542717136
WOA,F16,7,4662.430579147258
WOA,F16,8,3972.712088332141
WOA,F16,9,4092.8486917962887
WOA,F16,10,3327.6545474859076
WOA,F16,11,4561.443882816212
WOA,F16,12,6008.624187074227
WOA,F16,13,5392.631003351544
WOA,F16,14,4662.18711030152
WOA,F16,15,3564.998492020225
WOA,F16,16,3961.77265593844
WOA,F16,17,4345.9223776198005
WOA,F16,18,4057.5466463671255
WOA,F16,19,5001.035582662071
WOA,F16,20,5271.755659080728
WOA,F16,21,4734.047688317812
WOA,F16,22,4434.660274088975
WOA,F16,23,5222.479022770756
WOA,F16,24,4696.206121609844
WOA,F16,25,4368.656279417974
WOA,F16,26,3633.435987784408
WOA,F16,27,5452.380822915988
WOA,F16,28,4122.329453775029
WOA,F16,29,4018.9710250884646
WOA,F16,30,4785.009966576423
WOA,F17,1,3679.9899983760347
WOA,F17,2,2901.4891513618495
WOA,F17,3,28048.231386790576
WOA,F17,4,2668.942870399591
WOA,F17,5,2506.007992393622
WOA,F17,6,2620.5877050267354
WOA,F17,7,2854.4564392261964
WOA,F17,8,3377.2359569197297
WOA,F17,9,2869.2196233375234
WOA,F17,10,3175.25680598479
WOA,F17,11,3484.115563051877
WOA,F17,12,2494.687272649671
WOA,F17,13,2226.61210734056
WOA,F17,14,2847.3828742631886
WOA,F17,15,2341.8921285235037
WOA,F17,16,3582.3201958047584
WOA,F17,17,2980.801050742425
WOA,F17,18,3505.9920901868013
WOA,F17,19,3049.2779520921454
WOA,F17,20,2996.122825398281
WOA,F17,21,3323.294814754784
WOA,F17,22,2865.950560226319
WOA,F17,23,2803.4272062848863
WOA,F17,24,3153.5988506244
WOA,F17,25,2241.8666106137853
WOA,F17,26,3142.4731608891034
WOA,F17,27,2987.7177521390063
WOA,F17,28,2787.584214381893
WOA,F17,29,3097.935886732249
WOA,F17,30,3074.438344844017
WOA,F18,1,82095183.41025259
WOA,F18,2,78507720.45377794
WOA,F18,3,19007599.97798408
WOA,F18,4,105289255.83339784
WOA,F18,5,22956498.23633422
WOA,F18,6,1569008.8598179726
WOA,F18,7,16833142.679577682
WOA,F18,8,13432455.481942505
WOA,F18,9,24740118.268185765
WOA,F18,10,52736378.02720197
WOA,F18,11,3095959.3572308538
WOA,F18,12,2478714.1774738603
WOA,F18,13,68533012.49937908
WOA,F18,14,8272876.10606971
WOA,F18,15,41694024.69334997
WOA,F18,16,3508953.0435722573
WOA,F18,17,24810363.71522419
WOA,F18,18,1760895.7298741448
WOA,F18,19,6289189.611020905
WOA,F18,20,117132941.53709963
WOA,F18,21,25692346.54108977
WOA,F18,22,3597606.004129666
WOA,F18,23,7493764.132307416
WOA,F18,24,72913006.09445256
WOA,F18,25,28202568.16414968
WOA,F18,26,25786091.835322928
WOA,F18,27,43456355.86098925
WOA,F18,28,6522300.829290498
WOA,F18,29,49584641.31364871
WOA,F18,30,25307113.08134534
WOA,F19,1,8918529.980187563
WOA,F19,2,54183079.4259219
WOA,F19,3,9232698.721385585
WOA,F19,4,121827887.8924212
WOA,F19,5,65806343.151565544
WOA,F19,6,282552569.29471886
WOA,F19,7,50131692.711210586
WOA,F19,8,56027522.25808867
WOA,F19,9,565569926.9107603
WOA,F19,10,109468297.7985412
WOA,F19,11,21246401.304819573
WOA,F19,12,28717207.964238103
WOA,F19,13,113429627.36053237
WOA,F19,14,2338693.3689563097
WOA,F19,15,136400399.047132
WOA,F19,16,102718402.49459352
WOA,F19,17,137667267.62970546
WOA,F19,18,35526314.94325905
WOA,F19,19,559503010.8750927
WOA,F19,20,27052859.98673666
WOA,F19,21,11369464.4581911
WOA,F19,22,97884088.11192694
WOA,F19,23,149174455.52682158
WOA,F19,24,505284194.4045324
WOA,F19,25,81542528.71868551
WOA,F19,26,103487337.40322097
WOA,F19,27,261344635.4617638
WOA,F19,28,55964797.44243055
WOA,F19,29,215262771.21566942
WOA,F19,30,95286893.39904872
WOA,F20,1,3182.9745387224793
WOA,F20,2,3142.426003913168
WOA,F20,3,2964.9116118914662
WOA,F20,4,2772.4778629828766
WOA,F20,5,3054.386438004686
WOA,F20,6,2489.0536318668164
WOA,F20,7,3330.67969247572
WOA,F20,8,3056.9280233554105
WOA,F20,9,3277.88319285699
WOA,F20,10,2993.4907628995315
WOA,F20,11,3156.9315062134137
WOA,F20,12,3032.357368420646
WOA,F20,13,3001.729790438845
WOA,F20,14,3028.9197625754996
WOA,F20,15,3086.841971788481
WOA,F20,16,2962.296803614934
WOA,F20,17,2748.7622046930237
WOA,F20,18,3355.6191448296277
WOA,F20,19,2809.2799336271905
WOA,F20,20,3043.5589553083564
WOA,F20,21,2916.6521023667974
WOA,F20,22,2876.565193150878
WOA,F20,23,2935.2459923312654
WOA,F20,24,3171.7597632757743
WOA,F20,25,3048.985347399146
WOA,F20,26,2645.2105951056833
WOA,F20,27,2744.5227995315868
WOA,F20,28,3111.314943039897
WOA,F20,29,3022.837492115181
WOA,F20,30,3158.358553650565
WOA,F21,1,2726.8061973772824
WOA,F21,2,2671.7026613939756
WOA,F21,3,2709.4379400047515
WOA,F21,4,2731.0643884822293
WOA,F21,5,2630.478649652132
WOA,F21,6,2713.3925004274624
WOA,F21,7,2629.398668231468
WOA,F21,8,2676.0902232564595
WOA,F21,9,2669.1765224376104
WOA,F21,10,2742.3663066754507
WOA,F21,11,2698.8387969905193
WOA,F21,12,2692.2004452235924
WOA,F21,13,2600.4786959963603
WOA,F21,14,2789.902356175829
WOA,F21,15,2728.0739367436563
WOA,F21,16,2595.5749713353734
WOA,F21,17,2655.1638466079885
WOA,F21,18,2723.899726735844
WOA,F21,19,2763.584010644387
WOA,F21,20,2654.38178043705
WOA,F21,21,2776.882882799375
WOA,F21,22,2711.9389160665933
WOA,F21,23,2668.8724972219925
WOA,F21,24,2755.989679591557
WOA,F21,25,2726.6382355540754
WOA,F21,26,2674.647623057991
WOA,F21,27,2558.7370240902032
WOA,F21,28,2681.626099822284
WOA,F21,29,2736.656726545209
WOA,F21,30,2665.614225791437
WOA,F22,1,9845.727863841705
WOA,F22,2,9649.814084332234
WOA,F22,3,6371.065957429028
WOA,F22,4,7626.2012342365515
WOA,F22,5,9404.542568851542
WOA,F22,6,8365.226050893702
WOA,F22,7,9552.12481289507
WOA,F22,8,8757.366073456848
WOA,F22,9,10346.52403027099
WOA,F22,10,9881.724212549652
WOA,F22,11,9531.518794946893
WOA,F22,12,8047.602475927395
WOA,F22,13,10803.805789630233
WOA,F22,14,10874.309266618302
WOA,F22,15,10200.813311777054
WOA,F22,16,11027.223412575693
WOA,F22,17,10474.416813418642
WOA,F22,18,9005.880759246073
WOA,F22,19,7200.377616944965
WOA,F22,20,9641.708432337193
WOA,F22,21,10148.086383444044
WOA,F22,22,9330.52062732957
WOA,F22,23,9629.173753901323
WOA,F22,24,9455.983616901885
WOA,F22,25,8021.168610033234
WOA,F22,26,8619.204441103015
WOA,F22,27,8658.405437970894
WOA,F22,28,9232.115879658055
WOA,F22,29,9170.081910887322
WOA,F22,30,10369.387007465684
WOA,F23,1,3075.3669883252833
WOA,F23,2,3156.044286411073
WOA,F23,3,3182.92334793849
WOA,F23,4,3285.9128744017694
WOA,F23,5,3287.2538363184576
WOA,F23,6,3545.0378078860404
WOA,F23,7,3185.317745726124
WOA,F23,8,3589.617773052896
WOA,F23,9,3563.9409490814046
WOA,F23,10,3030.5560246688797
WOA,F23,11,3421.308184963391
WOA,F23,12,3396.184048622168
WOA,F23,13,3454.4820088694887
WOA,F23,14,3377.1540197038094
WOA,F23,15,3683.4711884886347
WOA,F23,16,3175.002355897635
WOA,F23,17,3516.4432322522703
WOA,F23,18,3191.611470384229
WOA,F23,19,3398.791239763557
WOA,F23,20,3324.5421595461853
WOA,F23,21,3271.092528016468
WOA,F23,22,3352.357518543182
WOA,F23,23,3264.395393752977
WOA,F23,24,3465.5549610962516
WOA,F23,25,3285.8180163153584
WOA,F23,26,3728.4093046069506
WOA,F23,27,3718.300485135155
WOA,F23,28,3411.8380166823245
WOA,F23,29,3406.1256764923555
WOA,F23,30,3262.7714635674924
WOA,F24,1,4298.00294494212
WOA,F24,2,3755.8471399862688
WOA,F24,3,3778.6997391353457
WOA,F24,4,3534.9783724539043
WOA,F24,5,3376.7181473120727
WOA,F24,6,3268.9132184876353
WOA,F24,7,3601.8420435172025
WOA,F24,8,3582.451895577883
WOA,F24,9,3626.506654687627
WOA,F24,10,3949.3235534505034
WOA,F24,11,3600.1543322521507
WOA,F24,12,3567.964532130663
WOA,F24,13,3905.5558361371322
WOA,F24,14,3420.7482796573004
WOA,F24,15,3770.535427254191
WOA,F24,16,3458.6662419458894
WOA,F24,17,3650.180683641839
WOA,F24,18,3472.311550615338
WOA,F24,19,3486.1417562535107
WOA,F24,20,3617.7238945572763
WOA,F24,21,3783.516822715048
WOA,F24,22,3439.7232727925793
WOA,F24,23,3122.9392495447173
WOA,F24,24,3552.43010254736
WOA,F24,25,3373.949582419902
WOA,F24,26,3363.918027651604
WOA,F24,27,3425.1027638893006
WOA,F24,28,3404.5121917075144
WOA,F24,29,3505.2584113290786
WOA,F24,30,3446.9705656877604
WOA,F25,1,3853.8261469570393
WOA,F25,2,4223.212247456761
WOA,F25,3,3428.248710244354
WOA,F25,4,4081.5621206845985
WOA,F25,5,3714.046806262192
WOA,F25,6,3716.121925101598
WOA,F25,7,4598.7110297245
WOA,F25,8,3875.511091685532
WOA,F25,9,3595.3527781938483
WOA,F25,10,3588.9570726565644
WOA,F25,11,3744.539742109705
WOA,F25,12,4484.865079921792
WOA,F25,13,4428.451673747211
WOA,F25,14,3899.573070087667
WOA,F25,15,3953.661309465265
WOA,F25,16,3860.6631435506924
WOA,F25,17,4291.428332735048
WOA,F25,18,4028.3085790159166
WOA,F25,19,3609.1853524132157
WOA,F25,20,3800.1144568900945
WOA,F25,21,4105.962460426261
WOA,F25,22,3863.690372994041
WOA,F25,23,4307.92591106394
WOA,F25,24,3928.1845042093573
WOA,F25,25,4153.397219167566
WOA,F25,26,3658.554278508219
WOA,F25,27,3810.250081736568
WOA,F25,28,3585.6412586234615
WOA,F25,29,4467.321121374469
WOA,F25,30,3939.1085282963477
WOA,F26,1,10132.789053055836
WOA,F26,2,9992.228701003096
WOA,F26,3,10373.9799084139
WOA,F26,4,12574.314106465525
WOA,F26,5,10163.585234288135
WOA,F26,6,11142.282554767437
WOA,F26,7,8710.488084551891
WOA,F26,8,8969.160159324296
WOA,F26,9,8336.763452661866
WOA,F26,10,11742.538620728781
WOA,F26,11,10664.883886554853
WOA,F26,12,11786.656950083261
WOA,F26,13,9633.572741777065
WOA,F26,14,9070.420004624859
WOA,F26,15,9100.530828302424
WOA,F26,16,9580.43878341815
WOA,F26,17,8940.808633303095
WOA,F26,18,11469.054109512415
WOA,F26,19,13114.365948258437
WOA,F26,20,9600.159204908286
WOA,F26,21,9897.975926835257
WOA,F26,22,10473.076758054083
WOA,F26,23,10458.85391381611
WOA,F26,24,8943.158984498872
WOA,F26,25,9251.257702232931
WOA,F26,26,13041.756539458725
WOA,F26,27,10994.92056998063
WOA,F26,28,10494.069579572824
WOA,F26,29,10957.95504232475
WOA,F26,30,9290.62926124691
WOA,F27,1,4510.043590104695
WOA,F27,2,3723.793684628121
WOA,F27,3,4195.412669983712
WOA,F27,4,4116.667869584335
WOA,F27,5,3920.0933964039764
WOA,F27,6,3673.506022903556
WOA,F27,7,3770.872997087148
WOA,F27,8,4455.90717648004
WOA,F27,9,3861.6096405497224
WOA,F27,10,3623.3938845815655
WOA,F27,11,3849.1387795306205
WOA,F27,12,3904.5751746080673
WOA,F27,13,3613.775169582803
WOA,F27,14,3858.1252868960373
WOA,F27,15,3876.2417365271513
WOA,F27,16,4041.0681703582927
WOA,F27,17,3425.4607530580192
WOA,F27,18,4275.000455140871
WOA,F27,19,3803.9852519223487
WOA,F27,20,3647.5391130616663
WOA,F27,21,4032.9621888662255
WOA,F27,22,3446.2617539184594
WOA,F27,23,3458.5080140783884
WOA,F27,24,3916.456311233601
WOA,F27,25,3546.7846956921267
WOA,F27,26,3815.747093000354
WOA,F27,27,3761.9823407185854
WOA,F27,28,3579.670153941259
WOA,F27,29,4049.9426555975183
WOA,F27,30,3655.661508307836
WOA,F28,1,5108.0918983757765
WOA,F28,2,5448.567688996946
WOA,F28,3,5903.709009509649
WOA,F28,4,6002.817148673511
WOA,F28,5,6094.156853269245
WOA,F28,6,4818.9629691081445
WOA,F28,7,5822.66513391957
WOA,F28,8,4858.737883103804
WOA,F28,9,4972.141773311241
WOA,F28,10,5392.705288320225
WOA,F28,11,4867.754555393926
WOA,F28,12,4378.644527499842
WOA,F28,13,5906.341044902885
WOA,F28,14,5909.597773580596
WOA,F28,15,5195.396879474697
WOA,F28,16,6414.244536646387
WOA,F28,17,4959.859008411562
WOA,F28,18,4762.435047408403
WOA,F28,19,5086.222010926287
WOA,F28,20,5147.036528360388
WOA,F28,21,6156.701598906024
WOA,F28,22,4287.437622221348
WOA,F28,23,6744.423048226443
WOA,F28,24,6384.4762998152755
WOA,F28,25,5885.808661320754
WOA,F28,26,4960.281292920021
WOA,F28,27,5231.30380089553
WOA,F28,28,5201.484848525495
WOA,F28,29,6577.315214312992
WOA,F28,30,5146.521183771332
WOA,F29,1,4973.413242779795
WOA,F29,2,7387.4270146171675
WOA,F29,3,5287.070311238047
WOA,F29,4,5461.654456354989
WOA,F29,5,6415.368046867286
WOA,F29,6,5742.48394735447
WOA,F29,7,8832.504310473872
WOA,F29,8,4818.299960517787
WOA,F29,9,6419.3959096984
WOA,F29,10,5624.596882487317
WOA,F29,11,6696.75740749216
WOA,F29,12,7209.832994357443
WOA,F29,13,6759.995237978756
WOA,F29,14,6941.091195075051
WOA,F29,15,5932.00763576053
WOA,F29,16,8195.045910619418
WOA,F29,17,4865.993213427975
WOA,F29,18,6792.886394292998
WOA,F29,19,4877.751558107
WOA,F29,20,5966.6152809125715
WOA,F29,21,6835.698548302798
WOA,F29,22,5768.60030788573
WOA,F29,23,6200.514824306574
WOA,F29,24,6284.642669237658
WOA,F29,25,5785.5503009202275
WOA,F29,26,8263.084824389036
WOA,F29,27,6969.511382260859
WOA,F29,28,6018.166606243595
WOA,F29,29,6362.041772843675
WOA,F29,30,7089.956375841277
WOA,F30,1,439965441.2298284
WOA,F30,2,63599623.38594981
WOA,F30,3,562352788.3645833
WOA,F30,4,59246629.310817696
WOA,F30,5,162246851.07000574
WOA,F30,6,59810541.66410672
WOA,F30,7,270880651.5823278
WOA,F30,8,48538602.153670385
WOA,F30,9,224899762.4593841
WOA,F30,10,223799183.1883839
WOA,F30,11,253891399.33153185
WOA,F30,12,58631001.74400378
WOA,F30,13,318339605.0372376
WOA,F30,14,206435173.70005122
WOA,F30,15,230218429.95661607
WOA,F30,16,995673432.8907253
WOA,F30,17,138783576.99309832
WOA,F30,18,55158517.24729648
WOA,F30,19,320851427.38736916
WOA,F30,20,83981158.7608757
WOA,F30,21,383681846.53694355
WOA,F30,22,22913862.896135002
WOA,F30,23,512597045.46438724
WOA,F30,24,117583189.71413654
WOA,F30,25,261567576.0452116
WOA,F30,26,157867155.9755059
WOA,F30,27,361024795.5183751
WOA,F30,28,71032323.70595817
WOA,F30,29,124221338.532555
WOA,F30,30,92251250.97313134
BHO,F1,1,19485.54610599563
BHO,F1,2,21489.157641232847
BHO,F1,3,5029.700897625631
BHO,F1,4,2301.52288389563
BHO,F1,5,1969.0753147136957
BHO,F1,6,5643.315808872149
BHO,F1,7,1575.5219297765677
BHO,F1,8,14819.271250784663
BHO,F1,9,101562.03726607857
BHO,F1,10,3813.305819878911
BHO,F1,11,256.83283254463447
BHO,F1,12,8062.651817513637
BHO,F1,13,180.26430427289023
BHO,F1,14,2331.10144740912
BHO,F1,15,3755.0427616356915
BHO,F1,16,214.5387532890204
BHO,F1,17,25776.96900841346
BHO,F1,18,2121.804694206778
BHO,F1,19,685.8749599629081
BHO,F1,20,2435.1133626320548
BHO,F1,21,6513.996958406808
BHO,F1,22,1422.3571088866036
BHO,F1,23,1532.637375364926
BHO,F1,24,6960.480435249514
BHO,F1,25,1465.383953256438
BHO,F1,26,1596.8499564085496
BHO,F1,27,4692.366502918198
BHO,F1,28,2495.9109333932174
BHO,F1,29,3711.869368111263
BHO,F1,30,2070.952434791877
BHO,F3,1,6719.880758111288
BHO,F3,2,4577.281988895495
BHO,F3,3,28195.091808598783
BHO,F3,4,5072.007010785543
BHO,F3,5,4613.026281754293
BHO,F3,6,4079.2258567455106
BHO,F3,7,7940.520567174655
BHO,F3,8,4824.071984525968
BHO,F3,9,14678.699343529495
BHO,F3,10,2921.843528185947
BHO,F3,11,7561.890202044862
BHO,F3,12,3391.773820794126
BHO,F3,13,29688.87538173137
BHO,F3,14,8081.230168465751
BHO,F3,15,6802.797834110962
BHO,F3,16,37959.14424087377
BHO,F3,17,3738.9799445711565
BHO,F3,18,14089.164152316385
BHO,F3,19,5866.885229377757
BHO,F3,20,6057.87969850981
BHO,F3,21,7471.5765949105125
BHO,F3,22,8676.636430235998
BHO,F3,23,5891.756697356302
BHO,F3,24,1183.316680915935
BHO,F3,25,12451.301047285999
BHO,F3,26,4148.601621970038
BHO,F3,27,13873.85004605148
BHO,F3,28,27100.258932106528
BHO,F3,29,4690.472520502108
BHO,F3,30,7999.929073315595
BHO,F4,1,513.430769186336
BHO,F4,2,513.9340880384033
BHO,F4,3,473.4229533351862
BHO,F4,4,519.0874750356242
BHO,F4,5,491.47073703081963
BHO,F4,6,477.809487478164
BHO,F4,7,490.78606129741723
BHO,F4,8,495.02286523898476
BHO,F4,9,515.3505035754575
BHO,F4,10,518.6429086725334
BHO,F4,11,497.43500697017896
BHO,F4,12,511.63974737121066
BHO,F4,13,487.4062442003108
BHO,F4,14,492.0304872321195
BHO,F4,15,492.25607559133965
BHO,F4,16,499.70014791595946
BHO,F4,17,474.753447425098
BHO,F4,18,499.2959819838568
BHO,F4,19,472.8870147761836
BHO,F4,20,492.47995340872563
BHO,F4,21,492.84118074718447
BHO,F4,22,517.9442924071338
BHO,F4,23,507.5635702328777
BHO,F4,24,483.9169290562951
BHO,F4,25,512.3475734782842
BHO,F4,26,515.8194189654398
BHO,F4,27,504.739881882384
BHO,F4,28,515.8833902379038
BHO,F4,29,516.652501240833
BHO,F4,30,492.5811365843935
BHO,F5,1,606.4104326418338
BHO,F5,2,557.4268374742179
BHO,F5,3,567.9845238112213
BHO,F5,4,565.6989185296089
BHO,F5,5,603.8964621695966
BHO,F5,6,578.8587485788526
BHO,F5,7,550.5972085704732
BHO,F5,8,580.5098212657389
BHO,F5,9,565.5193422625707
BHO,F5,10,578.5731362669414
BHO,F5,11,589.1449065749928
BHO,F5,12,582.1750650050411
BHO,F5,13,557.7068617984075
BHO,F5,14,577.725741895985
BHO,F5,15,556.4914423219722
BHO,F5,16,559.4929607972718
BHO,F5,17,581.8811773839356
BHO,F5,18,551.0161006600392
BHO,F5,19,558.7706250854582
BHO,F5,20,591.922646506358
BHO,F5,21,582.544568854009
BHO,F5,22,582.1415475587226
BHO,F5,23,564.2334587281113
BHO,F5,24,562.4467672153061
BHO,F5,25,584.0393513880151
BHO,F5,26,595.9977183168893
BHO,F5,27,572.4323220841129
BHO,F5,28,574.8395534418775
BHO,F5,29,577.8339227860255
BHO,F5,30,654.8585485274135
BHO,F6,1,606.9792032288059
BHO,F6,2,608.7540771052788
BHO,F6,3,602.3346895674014
BHO,F6,4,602.4776015652155
BHO,F6,5,600.6450683743944
BHO,F6,6,607.9198522957283
BHO,F6,7,602.2142354883781
BHO,F6,8,603.9122168260473
BHO,F6,9,602.5381574480076
BHO,F6,10,606.9624471407234
BHO,F6,11,600.9201312197845
BHO,F6,12,602.440227072931
BHO,F6,13,604.5434715892538
BHO,F6,14,604.04288290071
BHO,F6,15,602.4862438329899
BHO,F6,16,603.4310183818276
BHO,F6,17,601.3670683990066
BHO,F6,18,603.7457728823405
BHO,F6,19,602.1259903945627
BHO,F6,20,604.3688855880944
BHO,F6,21,602.3535846254765
BHO,F6,22,602.2114130729983
BHO,F6,23,603.447873348638
BHO,F6,24,606.1955266445432
BHO,F6,25,603.7002742224588
BHO,F6,26,605.6096730853164
BHO,F6,27,601.9788657038828
BHO,F6,28,604.5211137473067
BHO,F6,29,601.9112349604061
BHO,F6,30,604.282414448674
BHO,F7,1,852.0034025174224
BHO,F7,2,823.1653660127017
BHO,F7,3,821.9650288020196
BHO,F7,4,846.8093936776858
BHO,F7,5,812.6559165739772
BHO,F7,6,815.8900936824167
BHO,F7,7,826.6317895073026
BHO,F7,8,884.8176327208164
BHO,F7,9,811.4966104382268
BHO,F7,10,809.000182415406
BHO,F7,11,816.8164181307682
BHO,F7,12,839.031743170535
BHO,F7,13,799.7676156905571
BHO,F7,14,790.9869064974072
BHO,F7,15,785.0224194573016
BHO,F7,16,831.7258706525984
BHO,F7,17,813.0310464459609
BHO,F7,18,834.3096298328024
BHO,F7,19,835.1626833123013
BHO,F7,20,809.8139492689772
BHO,F7,21,810.4324187975
BHO,F7,22,813.3610575868036
BHO,F7,23,821.1070994056884
BHO,F7,24,822.870771980484
BHO,F7,25,820.0583358454188
BHO,F7,26,813.666069629261
BHO,F7,27,867.4504936487571
BHO,F7,28,826.4771880558378
BHO,F7,29,794.44948719321
BHO,F7,30,937.001800512468
BHO,F8,1,884.8349262164386
BHO,F8,2,859.964747583614
BHO,F8,3,850.1201179977326
BHO,F8,4,868.7773036873164
BHO,F8,5,851.1144405603436
BHO,F8,6,876.2315424908222
BHO,F8,7,870.3826152192827
BHO,F8,8,951.6053918745101
BHO,F8,9,886.6451264860812
BHO,F8,10,879.0692911545791
BHO,F8,11,897.3858331626943
BHO,F8,12,879.6161629006807
BHO,F8,13,893.0484697298415
BHO,F8,14,860.342587134078
BHO,F8,15,877.096549731775
BHO,F8,16,864.0463776616116
BHO,F8,17,844.9549945689412
BHO,F8,18,856.5394591238891
BHO,F8,19,878.8477864199331
BHO,F8,20,887.8213084504855
BHO,F8,21,865.5496702776828
BHO,F8,22,879.3455627151553
BHO,F8,23,865.8984909319215
BHO,F8,24,864.0468356451255
BHO,F8,25,865.5267118073959
BHO,F8,26,862.4653460674544
BHO,F8,27,873.9602789064263
BHO,F8,28,871.4229870931051
BHO,F8,29,864.2720093176548
BHO,F8,30,865.731838859633
BHO,F9,1,1463.6684894285654
BHO,F9,2,1716.392496189459
BHO,F9,3,1352.0691479447491
BHO,F9,4,1180.1480502041275
BHO,F9,5,2140.46288609679
BHO,F9,6,1967.6201968003652
BHO,F9,7,1411.8875649069853
BHO,F9,8,1931.205525642168
BHO,F9,9,1026.789083280352
BHO,F9,10,1168.2402804379717
BHO,F9,11,1349.7616056487398
BHO,F9,12,1102.2253675920315
BHO,F9,13,1273.463804163769
BHO,F9,14,1196.6705545992297
BHO,F9,15,1234.1848656388004
BHO,F9,16,1088.3281761647265
BHO,F9,17,1163.6230242397087
BHO,F9,18,907.9996400345196
BHO,F9,19,1809.3462657023515
BHO,F9,20,1333.1266353144035
BHO,F9,21,1025.3262908885893
BHO,F9,22,1092.69190435426
BHO,F9,23,1400.5100290864343
BHO,F9,24,1144.3472474243633
BHO,F9,25,1575.8621100055661
BHO,F9,26,993.8453121994443
BHO,F9,27,2142.3433803692133
BHO,F9,28,1325.6387349199126
BHO,F9,29,1129.6353101789969
BHO,F9,30,1023.8071471889996
BHO,F10,1,4902.795073300726
BHO,F10,2,4815.351982490651
BHO,F10,3,4763.88620834512
BHO,F10,4,4299.177912254412
BHO,F10,5,4905.905379321488
BHO,F10,6,5082.382252014522
BHO,F10,7,5314.686103466009
BHO,F10,8,5022.481881020782
BHO,F10,9,4976.133422868341
BHO,F10,10,4876.1799371786965
BHO,F10,11,4643.98861473131
BHO,F10,12,5169.327700608243
BHO,F10,13,4873.640312938578
BHO,F10,14,4548.878046712991
BHO,F10,15,4315.030947773625
BHO,F10,16,4216.475760334615
BHO,F10,17,4885.818954574694
BHO,F10,18,4558.030290688501
BHO,F10,19,5528.635619108726
BHO,F10,20,4677.286746995065
BHO,F10,21,4202.191743576841
BHO,F10,22,4448.931904317811
BHO,F10,23,3676.4187124815326
BHO,F10,24,4470.2281102086745
BHO,F10,25,4976.0093329117935
BHO,F10,26,4129.50183725149
BHO,F10,27,4703.33858708389
BHO,F10,28,4896.308372228097
BHO,F10,29,4857.464238137905
BHO,F10,30,4256.900369067445
BHO,F11,1,1279.4086066034345
BHO,F11,2,1153.1384167993067
BHO,F11,3,1186.4518569285358
BHO,F11,4,1261.3179501943234
BHO,F11,5,1245.188465642447
BHO,F11,6,1205.5652063361633
BHO,F11,7,1259.731122460608
BHO,F11,8,1293.2579715586908
BHO,F11,9,1250.2532046809129
BHO,F11,10,1303.669572795874
BHO,F11,11,1267.1581686287118
BHO,F11,12,1280.119776008631
BHO,F11,13,1252.335313632961
BHO,F11,14,1209.823097697219
BHO,F11,15,1220.2268570285569
BHO,F11,16,1298.0437776934684
BHO,F11,17,1272.4929644775966
BHO,F11,18,1300.1677245809399
BHO,F11,19,1183.454636510946
BHO,F11,20,1222.9287734880547
BHO,F11,21,1174.2608022923823
BHO,F11,22,1260.118904154813
BHO,F11,23,1282.1003964977992
BHO,F11,24,1281.2518026961106
BHO,F11,25,1237.967195645972
BHO,F11,26,1306.7603621650187
BHO,F11,27,1300.1457123681948
BHO,F11,28,1311.3335737301904
BHO,F11,29,1258.4139054652092
BHO,F11,30,1192.7898601482566
BHO,F12,1,334901.33553332475
BHO,F12,2,180795.46418919976
BHO,F12,3,388611.3818900637
BHO,F12,4,107410.77775198795
BHO,F12,5,177306.29802883315
BHO,F12,6,119556.36501958559
BHO,F12,7,137792.64213082305
BHO,F12,8,69297.82260848435
BHO,F12,9,111211.22703981644
BHO,F12,10,551574.7012767409
BHO,F12,11,63489.36896698257
BHO,F12,12,314617.8565514744
BHO,F12,13,48485.03173557909
BHO,F12,14,111575.72912707628
BHO,F12,15,119909.2903358324
BHO,F12,16,158721.96776271766
BHO,F12,17,31513.75589298521
BHO,F12,18,41974.09700375232
BHO,F12,19,78751.76894764854
BHO,F12,20,1228976.9666982517
BHO,F12,21,166292.18966498706
BHO,F12,22,79147.80699553073
BHO,F12,23,387950.5114653418
BHO,F12,24,17408.977032849994
BHO,F12,25,92471.7331053123
BHO,F12,26,115511.19173744453
BHO,F12,27,263584.9506016893
BHO,F12,28,25207.395023215577
BHO,F12,29,138371.126885107
BHO,F12,30,360190.66359139216
BHO,F13,1,5524.853341858111
BHO,F13,2,6420.541360751666
BHO,F13,3,6683.322631868337
BHO,F13,4,11653.983027369359
BHO,F13,5,14101.324964660927
BHO,F13,6,5289.065790563992
BHO,F13,7,9249.33778635987
BHO,F13,8,5105.139647867525
BHO,F13,9,10739.065712621103
BHO,F13,10,11134.298128038816
BHO,F13,11,5409.711324503422
BHO,F13,12,7424.707891530308
BHO,F13,13,15411.3857767302
BHO,F13,14,12371.931450856471
BHO,F13,15,7930.2765062130175
BHO,F13,16,3569.3290683204755
BHO,F13,17,6056.070374999771
BHO,F13,18,5407.413471123175
BHO,F13,19,16501.427686115512
BHO,F13,20,6146.928086774106
BHO,F13,21,12176.016082299337
BHO,F13,22,5541.22926015056
BHO,F13,23,8194.96000328158
BHO,F13,24,7395.592699694117
BHO,F13,25,9967.463384094528
BHO,F13,26,6582.166818291258
BHO,F13,27,5124.867268124601
BHO,F13,28,6579.3875265403385
BHO,F13,29,8108.549369793687
BHO,F13,30,7193.48416817882
BHO,F14,1,1559.4363462007984
BHO,F14,2,1563.0779592674917
BHO,F14,3,1654.1598688639747
BHO,F14,4,1631.8691202519906
BHO,F14,5,1590.6132914625853
BHO,F14,6,1655.3584405010013
BHO,F14,7,1602.6561653939557
BHO,F14,8,1661.8613176386584
BHO,F14,9,1616.4048276764702
BHO,F14,10,1797.485155223857
BHO,F14,11,1616.9363510086914
BHO,F14,12,1760.7691733780255
BHO,F14,13,1631.3319280657875
BHO,F14,14,1690.1600028144765
BHO,F14,15,1629.5761215739944
BHO,F14,16,1531.8740411721674
BHO,F14,17,1525.3792530473343
BHO,F14,18,1565.349566448123
BHO,F14,19,1532.889955043912
BHO,F14,20,1566.661805125993
BHO,F14,21,1560.0085848335477
BHO,F14,22,1691.5082681726694
BHO,F14,23,1638.5986845467567
BHO,F14,24,1585.373166383498
BHO,F14,25,1633.7541425091867
BHO,F14,26,1588.191037660683
BHO,F14,27,1496.868125945563
BHO,F14,28,1743.7033548023244
BHO,F14,29,1552.4551475742996
BHO,F14,30,1576.1459630380932
BHO,F15,1,1927.4040545609785
BHO,F15,2,2282.033334459835
BHO,F15,3,2264.55640177803
BHO,F15,4,2122.423474123348
BHO,F15,5,4696.792629167601
BHO,F15,6,2125.7615032102094
BHO,F15,7,2430.3073074968165
BHO,F15,8,1851.9363974300525
BHO,F15,9,2244.7819063910665
BHO,F15,10,1808.656967367001
BHO,F15,11,2351.416723106968
BHO,F15,12,2076.168597189129
BHO,F15,13,2030.7605134515302
BHO,F15,14,2158.1284668851545
BHO,F15,15,2341.256947982348
BHO,F15,16,2308.2376503256987
BHO,F15,17,2299.9694777756677
BHO,F15,18,2069.7114319524226
BHO,F15,19,3041.692244392678
BHO,F15,20,2132.7716367254316
BHO,F15,21,1870.160328003189
BHO,F15,22,2100.372714741214
BHO,F15,23,2146.893094275134
BHO,F15,24,2294.0657838211664
BHO,F15,25,1846.1650057889406
BHO,F15,26,2008.5888717176877
BHO,F15,27,2194.2730816650874
BHO,F15,28,2381.407519164695
BHO,F15,29,2345.6773810622567
BHO,F15,30,1973.5637954099177
BHO,F16,1,2502.706933731185
BHO,F16,2,2211.6060431874084
BHO,F16,3,2337.2852957120667
BHO,F16,4,1943.7295296135217
BHO,F16,5,2507.314998307176
BHO,F16,6,2372.049843900514
BHO,F16,7,2202.4633279693935
BHO,F16,8,2148.7394344350287
BHO,F16,9,2182.7176372901804
BHO,F16,10,2767.0951065791305
BHO,F16,11,2321.5625927670512
BHO,F16,12,2147.290974128164
BHO,F16,13,2474.3541713878244
BHO,F16,14,2366.6090384121676
BHO,F16,15,2505.485188904379
BHO,F16,16,2280.7132201958407
BHO,F16,17,2555.2927704958447
BHO,F16,18,2232.676390299476
BHO,F16,19,2355.3492028833125
BHO,F16,20,2563.59284550595
BHO,F16,21,2344.0669176710926
BHO,F16,22,1865.2688554832373
BHO,F16,23,2152.133516159618
BHO,F16,24,2085.252707247373
BHO,F16,25,2290.2864527260613
BHO,F16,26,2210.4307024780755
BHO,F16,27,2279.3683994236567
BHO,F16,28,2381.8317194306587
BHO,F16,29,1957.9572745665953
BHO,F16,30,2304.709624442261
BHO,F17,1,1939.7901565320565
BHO,F17,2,1899.916195397983
BHO,F17,3,1785.2129599223242
BHO,F17,4,1808.5990307408324
BHO,F17,5,1987.4814225725854
BHO,F17,6,1834.4787690168673
BHO,F17,7,2198.6365918561
BHO,F17,8,2001.418820196733
BHO,F17,9,1808.5368498313458
BHO,F17,10,1865.079067265684
BHO,F17,11,1924.724932597067
BHO,F17,12,1820.028238481398
BHO,F17,13,1927.9327993990412
BHO,F17,14,1841.9369210710659
BHO,F17,15,1866.108598935839
BHO,F17,16,1878.4158203100133
BHO,F17,17,1943.1206609534743
BHO,F17,18,1977.1295094008833
BHO,F17,19,2084.1917215490375
BHO,F17,20,1871.3161959683746
BHO,F17,21,2022.422786690073
BHO,F17,22,1869.5175755905811
BHO,F17,23,1809.8644509956616
BHO,F17,24,1984.342790204847
BHO,F17,25,1936.629167361059
BHO,F17,26,1817.942952343851
BHO,F17,27,2032.3081437390838
BHO,F17,28,2242.311921783117
BHO,F17,29,1921.181900533786
BHO,F17,30,2064.4839516514635
BHO,F18,1,4929.552397497275
BHO,F18,2,27474.82704036925
BHO,F18,3,9648.464546751798
BHO,F18,4,48168.43882762421
BHO,F18,5,15569.343844483223
BHO,F18,6,32814.11596707961
BHO,F18,7,39060.66938789484
BHO,F18,8,14926.693540069266
BHO,F18,9,14406.160387785247
BHO,F18,10,21371.64619183895
BHO,F18,11,9192.845949979452
BHO,F18,12,45336.87762811419
BHO,F18,13,57431.779007884266
BHO,F18,14,9233.371946856409
BHO,F18,15,59539.308085817655
BHO,F18,16,14708.042275903517
BHO,F18,17,20503.49643700026
BHO,F18,18,43137.182886890885
BHO,F18,19,8159.679199193334
BHO,F18,20,29782.4823075299
BHO,F18,21,17445.957410225972
BHO,F18,22,10569.13302758506
BHO,F18,23,37655.18076511636
BHO,F18,24,8572.581534443128
BHO,F18,25,26268.605068575554
BHO,F18,26,26207.41328165967
BHO,F18,27,8476.501055665714
BHO,F18,28,20068.19836270708
BHO,F18,29,10025.294399870367
BHO,F18,30,4224.456701238756
BHO,F19,1,2321.2006952658826
BHO,F19,2,2016.4126381225192
BHO,F19,3,2150.7662446258414
BHO,F19,4,2006.297728382834
BHO,F19,5,2151.4409822279554
BHO,F19,6,2223.5901183143665
BHO,F19,7,2154.5680785780896
BHO,F19,8,2222.042539356685
BHO,F19,9,2078.2423545409356
BHO,F19,10,2065.7339274644055
BHO,F19,11,2280.150909704296
BHO,F19,12,2095.3504906447215
BHO,F19,13,2082.2543753547025
BHO,F19,14,2090.352206643974
BHO,F19,15,2159.274675466338
BHO,F19,16,2042.4225662770398
BHO,F19,17,2071.853244696867
BHO,F19,18,2050.5298984180927
BHO,F19,19,2086.985766780998
BHO,F19,20,2040.0779527115562
BHO,F19,21,2245.9750960370325
BHO,F19,22,2080.509949767941
BHO,F19,23,2019.662988121751
BHO,F19,24,2144.088449607637
BHO,F19,25,2091.489600614173
BHO,F19,26,2112.554389223108
BHO,F19,27,2059.690102993175
BHO,F19,28,2141.756148116095
BHO,F19,29,1973.1935095889703
BHO,F19,30,2219.852612820772
BHO,F20,1,2146.569494362895
BHO,F20,2,2262.984833365437
BHO,F20,3,2287.8336183111355
BHO,F20,4,2241.721478476244
BHO,F20,5,2258.792682862083
BHO,F20,6,2466.255239661177
BHO,F20,7,2162.044544615411
BHO,F20,8,2226.4794883885234
BHO,F20,9,2375.832388461408
BHO,F20,10,2231.9872213637864
BHO,F20,11,2261.4295381715624
BHO,F20,12,2236.8561554287135
BHO,F20,13,2350.472406347872
BHO,F20,14,2114.0713593005717
BHO,F20,15,2233.4865457398028
BHO,F20,16,2137.4085750454333
BHO,F20,17,2351.19111146291
BHO,F20,18,2309.4467222326753
BHO,F20,19,2187.6363136172245
BHO,F20,20,2152.3412537287395
BHO,F20,21,2319.8424253050084
BHO,F20,22,2273.8368369083955
BHO,F20,23,2297.7102818302856
BHO,F20,24,2340.6014991855373
BHO,F20,25,2470.994291956156
BHO,F20,26,2133.6328848907715
BHO,F20,27,2322.219147762524
BHO,F20,28,2284.2286085842366
BHO,F20,29,2149.234006784002
BHO,F20,30,2161.974728212661
BHO,F21,1,2383.427223117131
BHO,F21,2,2345.0766407219344
BHO,F21,3,2381.3702367702776
BHO,F21,4,2393.17608273929
BHO,F21,5,2375.0050513111782
BHO,F21,6,2390.651935383389
BHO,F21,7,2367.4176894427296
BHO,F21,8,2373.3286353039293
BHO,F21,9,2392.8507057778816
BHO,F21,10,2347.089548761539
BHO,F21,11,2390.117960049617
BHO,F21,12,2392.734933639849
BHO,F21,13,2419.2968581406362
BHO,F21,14,2361.0194989783167
BHO,F21,15,2457.3421323662046
BHO,F21,16,2358.5530109764354
BHO,F21,17,2373.0501660649284
BHO,F21,18,2378.024384205043
BHO,F21,19,2356.1678952799366
BHO,F21,20,2364.8756108560933
BHO,F21,21,2215.908102865781
BHO,F21,22,2369.5801005293024
BHO,F21,23,2374.789113849309
BHO,F21,24,2437.7569392944847
BHO,F21,25,2364.377295434489
BHO,F21,26,2375.2005595997066
BHO,F21,27,2400.4402682191035
BHO,F21,28,2383.212147955318
BHO,F21,29,2353.396963640819
BHO,F21,30,2365.918849724318
BHO,F22,1,2303.43881906972
BHO,F22,2,2334.0620410096726
BHO,F22,3,2300.747245873282
BHO,F22,4,2300.434106455583
BHO,F22,5,2326.0993048821906
BHO,F22,6,2303.879447029246
BHO,F22,7,2301.214608218743
BHO,F22,8,2300.4646451792987
BHO,F22,9,2321.0154099395468
BHO,F22,10,2304.210801569136
BHO,F22,11,2303.322686538592
BHO,F22,12,2400.7900721512774
BHO,F22,13,2338.676302127128
BHO,F22,14,2302.529434858328
BHO,F22,15,2322.605868304299
BHO,F22,16,2356.7870555674576
BHO,F22,17,2356.29936561246
BHO,F22,18,2300.273009756152
BHO,F22,19,2356.0935445966084
BHO,F22,20,2300.10314331473
BHO,F22,21,2410.741746827413
BHO,F22,22,2354.6202614907415
BHO,F22,23,2302.9275886127834
BHO,F22,24,2324.2903075682675
BHO,F22,25,2414.047364680919
BHO,F22,26,2346.6884856699508
BHO,F22,27,2300.619392167409
BHO,F22,28,2321.069713727428
BHO,F22,29,2300.558594444082
BHO,F22,30,2322.0473588572595
BHO,F23,1,2737.4089410580373
BHO,F23,2,2725.3073014070446
BHO,F23,3,2787.481983522714
BHO,F23,4,2760.608930450564
BHO,F23,5,2744.7105320236647
BHO,F23,6,2712.803612068546
BHO,F23,7,2725.7419278770863
BHO,F23,8,2731.305311632478
BHO,F23,9,2742.6003091742105
BHO,F23,10,2750.375549681329
BHO,F23,11,2744.2539360602054
BHO,F23,12,2765.0062785299515
BHO,F23,13,2797.0388889038063
BHO,F23,14,2754.842824325893
BHO,F23,15,2762.7754849604094
BHO,F23,16,2766.14166100047
BHO,F23,17,2709.2169549407026
BHO,F23,18,2759.9915468156223
BHO,F23,19,2714.638949292258
BHO,F23,20,2718.3720166447924
BHO,F23,21,2696.8846754100405
BHO,F23,22,2708.45820848148
BHO,F23,23,2756.887630630906
BHO,F23,24,2729.7610109044786
BHO,F23,25,2744.4366365186643
BHO,F23,26,2725.4054118477316
BHO,F23,27,2730.898620288728
BHO,F23,28,2738.5729877268177
BHO,F23,29,2758.818221003164
BHO,F23,30,2731.057480772743
BHO,F24,1,2916.3042450353555
BHO,F24,2,2901.512291971121
BHO,F24,3,2934.8764536033887
BHO,F24,4,2909.681876791124
BHO,F24,5,2911.6844339974414
BHO,F24,6,2900.1736826451242
BHO,F24,7,2881.393865891184
BHO,F24,8,2963.232410826341
BHO,F24,9,2915.804738688767
BHO,F24,10,2898.1557422186715
BHO,F24,11,2903.349734186441
BHO,F24,12,2903.872857207448
BHO,F24,13,2912.3403889731517
BHO,F24,14,2902.511778182347
BHO,F24,15,2908.889030088604
BHO,F24,16,2897.2061918828113
BHO,F24,17,2941.8030762657463
BHO,F24,18,2862.146426998155
BHO,F24,19,2899.2138640229623
BHO,F24,20,2926.7682842420645
BHO,F24,21,2905.5091895325577
BHO,F24,22,2880.739311420359
BHO,F24,23,2882.7229301335346
BHO,F24,24,2889.019522973512
BHO,F24,25,2995.8334091683187
BHO,F24,26,2885.8276510336545
BHO,F24,27,2893.2708066345026
BHO,F24,28,2891.116302197729
BHO,F24,29,2895.4434242283824
BHO,F24,30,2875.7055960902317
BHO,F25,1,2892.623116805874
BHO,F25,2,2929.1267898751134
BHO,F25,3,2912.2398547563143
BHO,F25,4,2905.7680489295617
BHO,F25,5,2887.6087737840526
BHO,F25,6,2887.9531973228786
BHO,F25,7,2888.6533377318183
BHO,F25,8,2888.0867686650367
BHO,F25,9,2889.9602804620995
BHO,F25,10,2933.2242688792576
BHO,F25,11,2888.255093141787
BHO,F25,12,2890.0126598877614
BHO,F25,13,2887.61962620063
BHO,F25,14,2888.241330453937
BHO,F25,15,2889.1034630261297
BHO,F25,16,2887.976928269906
BHO,F25,17,2902.1527147058882
BHO,F25,18,2887.6431284305268
BHO,F25,19,2890.4054531182287
BHO,F25,20,2894.4478579172223
BHO,F25,21,2894.1073626469984
BHO,F25,22,2889.9540682221245
BHO,F25,23,2912.717044191982
BHO,F25,24,2883.6186306958907
BHO,F25,25,2887.7157924325484
BHO,F25,26,2902.4600812139056
BHO,F25,27,2888.2324625476303
BHO,F25,28,2922.9004673993045
BHO,F25,29,2926.5591992533627
BHO,F25,30,2890.1210188077803
BHO,F26,1,4441.204855721002
BHO,F26,2,3706.353570613799
BHO,F26,3,3994.2572315566395
BHO,F26,4,4346.533716024051
BHO,F26,5,3476.723137474168
BHO,F26,6,3398.83623753553
BHO,F26,7,4246.284291920743
BHO,F26,8,4864.151743650411
BHO,F26,9,3689.348031087226
BHO,F26,10,3406.0763121466002
BHO,F26,11,4776.333897374761
BHO,F26,12,3546.023473489042
BHO,F26,13,4312.756148325948
BHO,F26,14,4635.693165273908
BHO,F26,15,4180.758577568288
BHO,F26,16,3450.3044365482374
BHO,F26,17,4963.585887359233
BHO,F26,18,3912.9710345337653
BHO,F26,19,3386.8965888124576
BHO,F26,20,2901.490954540899
BHO,F26,21,2804.5081836035374
BHO,F26,22,3206.519854595362
BHO,F26,23,3522.3660627842987
BHO,F26,24,4369.655115476925
BHO,F26,25,3109.3803632180684
BHO,F26,26,4492.088893485142
BHO,F26,27,4836.448407070846
BHO,F26,28,4144.575406389643
BHO,F26,29,4364.182145345245
BHO,F26,30,4654.1216373541065
BHO,F27,1,3255.8187489922625
BHO,F27,2,3232.283022627914
BHO,F27,3,3263.325948267844
BHO,F27,4,3219.6263372589756
BHO,F27,5,3238.4004448740056
BHO,F27,6,3225.560210089402
BHO,F27,7,3225.1729092408978
BHO,F27,8,3270.5998023435804
BHO,F27,9,3235.2418750742527
BHO,F27,10,3222.9223821674204
BHO,F27,11,3220.9455915640765
BHO,F27,12,3240.62691069775
BHO,F27,13,3233.344950005182
BHO,F27,14,3220.58577083436
BHO,F27,15,3215.316625905221
BHO,F27,16,3241.5816705300613
BHO,F27,17,3254.832190342738
BHO,F27,18,3253.7424782661333
BHO,F27,19,3222.2216746988406
BHO,F27,20,3227.608994562995
BHO,F27,21,3229.89569069526
BHO,F27,22,3221.4877967867146
BHO,F27,23,3246.0326688001023
BHO,F27,24,3238.4743929947936
BHO,F27,25,3249.178915011359
BHO,F27,26,3219.2597278975204
BHO,F27,27,3299.8728484488315
BHO,F27,28,3266.5473495603105
BHO,F27,29,3214.661599921733
BHO,F27,30,3212.9118198855576
BHO,F28,1,3230.0161435273058
BHO,F28,2,3261.065990575401
BHO,F28,3,3217.959865756366
BHO,F28,4,3227.1654867175816
BHO,F28,5,3224.109556744684
BHO,F28,6,3220.9666507707466
BHO,F28,7,3211.044387878027
BHO,F28,8,3231.098454375896
BHO,F28,9,3226.629421347121
BHO,F28,10,3264.7411796605716
BHO,F28,11,3217.935227650898
BHO,F28,12,3217.413490967269
BHO,F28,13,3214.6398291287787
BHO,F28,14,3257.3419777694353
BHO,F28,15,3277.7142329980893
BHO,F28,16,3228.503814722368
BHO,F28,17,3228.2756935993266
BHO,F28,18,3244.502286571321
BHO,F28,19,3233.418106012459
BHO,F28,20,3216.749735709192
BHO,F28,21,3284.2064861387043
BHO,F28,22,3210.483562982488
BHO,F28,23,3232.234101514054
BHO,F28,24,3257.95753712504
BHO,F28,25,3242.3572345640237
BHO,F28,26,3260.5486187916645
BHO,F28,27,3258.6775109567398
BHO,F28,28,3196.586150031721
BHO,F28,29,3211.755574270946
BHO,F28,30,3217.7790273425085
BHO,F29,1,3607.190242548149
BHO,F29,2,3739.8616989984903
BHO,F29,3,3715.6921700807115
BHO,F29,4,3672.4629377966257
BHO,F29,5,3481.3267272652392
BHO,F29,6,3726.4727286092802
BHO,F29,7,3844.909172959695
BHO,F29,8,3487.744668992431
BHO,F29,9,3806.1591397338643
BHO,F29,10,3707.397241569922
BHO,F29,11,3686.797562177738
BHO,F29,12,3494.0112892828183
BHO,F29,13,3668.5620263288456
BHO,F29,14,3535.6931667243307
BHO,F29,15,3594.062639078615
BHO,F29,16,3685.7124255452977
BHO,F29,17,3744.0183572693422
BHO,F29,18,3907.3331786432927
BHO,F29,19,3483.344982877574
BHO,F29,20,3582.8973938971308
BHO,F29,21,3593.3227620756634
BHO,F29,22,3881.939088155909
BHO,F29,23,3542.096042892326
BHO,F29,24,3570.7803441994747
BHO,F29,25,3435.724689369825
BHO,F29,26,3641.1770338476617
BHO,F29,27,3683.0721711282085
BHO,F29,28,3623.400474740978
BHO,F29,29,3875.5981662567965
BHO,F29,30,3739.5874782341457
BHO,F30,1,8021.453475197175
BHO,F30,2,11892.394642548206
BHO,F30,3,17329.523560868445
BHO,F30,4,21316.5283893727
BHO,F30,5,9170.436631108765
BHO,F30,6,19297.75907316373
BHO,F30,7,13904.316386694712
BHO,F30,8,10997.56318934594
BHO,F30,9,10164.258983998812
BHO,F30,10,12515.588056385963
BHO,F30,11,25002.95794140885
BHO,F30,12,18336.707111186894
BHO,F30,13,13357.78219768352
BHO,F30,14,18201.85791283778
BHO,F30,15,8966.182097454803
BHO,F30,16,18390.79581701566
BHO,F30,17,17795.165195139896
BHO,F30,18,8332.003390800692
BHO,F30,19,16386.96900351272
BHO,F30,20,13545.649786068087
BHO,F30,21,25239.07936668345
BHO,F30,22,16381.703483841384
BHO,F30,23,14808.303601622556
BHO,F30,24,22742.915076509933
BHO,F30,25,12422.06170032668
BHO,F30,26,8391.77799439473
BHO,F30,27,9336.839149601845
BHO,F30,28,8139.914656878564
BHO,F30,29,9743.857341136492
BHO,F30,30,24124.05227757356
ESTA,F1,1,8495.548786154866
ESTA,F1,2,5771.912253134291
ESTA,F1,3,17671.147433158272
ESTA,F1,4,18059.802279062133
ESTA,F1,5,810.0845191492507
ESTA,F1,6,2041.8478047412484
ESTA,F1,7,1614.6821677541557
ESTA,F1,8,101.02601809445424
ESTA,F1,9,15189.72476514526
ESTA,F1,10,103.57092182612917
ESTA,F1,11,15829.405245808483
ESTA,F1,12,117.19002265678432
ESTA,F1,13,14076.333975319792
ESTA,F1,14,12747.399632949748
ESTA,F1,15,7084.73024177715
ESTA,F1,16,182.50730307488612
ESTA,F1,17,10109.777810165366
ESTA,F1,18,2761.0822809188585
ESTA,F1,19,2911.7158722964027
ESTA,F1,20,1154.378776155316
ESTA,F1,21,1298.856812239678
ESTA,F1,22,15825.608672559352
ESTA,F1,23,11178.325074163928
ESTA,F1,24,5777.757646141202
ESTA,F1,25,2616.4145212728367
ESTA,F1,26,5772.5561021098465
ESTA,F1,27,5486.578616549708
ESTA,F1,28,1475.7811680215684
ESTA,F1,29,15461.961820947306
ESTA,F1,30,1172.9620850931256
ESTA,F3,1,452.9484257321229
ESTA,F3,2,315.51977474790664
ESTA,F3,3,362.34741461206556
ESTA,F3,4,647.4436133052216
ESTA,F3,5,379.650801628645
ESTA,F3,6,415.80668717874795
ESTA,F3,7,381.52770899315664
ESTA,F3,8,306.99699681727134
ESTA,F3,9,334.5890713237221
ESTA,F3,10,633.5280443469103
ESTA,F3,11,323.3316441067672
ESTA,F3,12,635.4273833317901
ESTA,F3,13,332.95604482570855
ESTA,F3,14,350.3482136813277
ESTA,F3,15,577.0248805147481
ESTA,F3,16,311.58620897462936
ESTA,F3,17,322.5805312124502
ESTA,F3,18,439.55855381739184
ESTA,F3,19,541.2860081598981
ESTA,F3,20,329.91537316885245
ESTA,F3,21,353.0862762026449
ESTA,F3,22,369.8657190387015
ESTA,F3,23,362.5473479882063
ESTA,F3,24,459.80759499175167
ESTA,F3,25,348.82148912267235
ESTA,F3,26,311.5306478966115
ESTA,F3,27,372.3689297724217
ESTA,F3,28,407.7419653696395
ESTA,F3,29,347.20620215103384
ESTA,F3,30,361.9272489115299
ESTA,F4,1,466.873517046833
ESTA,F4,2,473.7655605566878
ESTA,F4,3,518.083745732419
ESTA,F4,4,410.77169941193955
ESTA,F4,5,513.9858789809547
ESTA,F4,6,488.75041706798606
ESTA,F4,7,487.71904322847905
ESTA,F4,8,490.7868232607445
ESTA,F4,9,514.9956537275614
ESTA,F4,10,419.81232036868835
ESTA,F4,11,517.1689097323828
ESTA,F4,12,402.1220526376488
ESTA,F4,13,487.2974304572791
ESTA,F4,14,470.2460448000236
ESTA,F4,15,490.8303712443184
ESTA,F4,16,425.6714061085117
ESTA,F4,17,404.0813939253797
ESTA,F4,18,471.72491333381515
ESTA,F4,19,488.3394718626104
ESTA,F4,20,513.0768324868578
ESTA,F4,21,472.3404617851697
ESTA,F4,22,537.0278797067135
ESTA,F4,23,424.6299629976185
ESTA,F4,24,507.6838855180906
ESTA,F4,25,471.1848474312987
ESTA,F4,26,516.2378453539839
ESTA,F4,27,514.4301363956257
ESTA,F4,28,514.4900077888935
ESTA,F4,29,515.0240811697877
ESTA,F4,30,487.3626387378513
ESTA,F5,1,690.0358795485134
ESTA,F5,2,702.7044254942844
ESTA,F5,3,687.0510099705123
ESTA,F5,4,702.9699015497754
ESTA,F5,5,714.9538971393855
ESTA,F5,6,654.2183531736644
ESTA,F5,7,626.3592542462188
ESTA,F5,8,721.0722790751469
ESTA,F5,9,773.6099833745494
ESTA,F5,10,777.5898323172069
ESTA,F5,11,700.9843100608828
ESTA,F5,12,653.2228501455043
ESTA,F5,13,654.2763312014206
ESTA,F5,14,697.9955601983568
ESTA,F5,15,668.4907926987592
ESTA,F5,16,687.0864427785789
ESTA,F5,17,635.3138096011331
ESTA,F5,18,670.1371745427348
ESTA,F5,19,717.8944781617042
ESTA,F5,20,673.1316906915055
ESTA,F5,21,653.2227257212606
ESTA,F5,22,770.6262589219298
ESTA,F5,23,681.090722185958
ESTA,F5,24,675.1168340680904
ESTA,F5,25,682.0765669751488
ESTA,F5,26,633.3218512654998
ESTA,F5,27,685.0598132860183
ESTA,F5,28,653.2226134348799
ESTA,F5,29,759.6817819786814
ESTA,F5,30,677.1016462459482
ESTA,F6,1,601.2337708668696
ESTA,F6,2,603.2101950899577
ESTA,F6,3,600.6376083454077
ESTA,F6,4,604.4074740509219
ESTA,F6,5,605.4818938672039
ESTA,F6,6,601.0664394090115
ESTA,F6,7,600.151377479153
ESTA,F6,8,604.5787601002629
ESTA,F6,9,605.8468075418529
ESTA,F6,10,601.020861624612
ESTA,F6,11,602.219126766158
ESTA,F6,12,600.1126940586508
ESTA,F6,13,600.8893049850985
ESTA,F6,14,606.1439467156589
ESTA,F6,15,600.1080090711567
ESTA,F6,16,604.619539386486
ESTA,F6,17,600.6725870936552
ESTA,F6,18,601.4150396666911
ESTA,F6,19,600.1475544238377
ESTA,F6,20,600.0997819560308
ESTA,F6,21,600.0994040506322
ESTA,F6,22,602.1430612670816
ESTA,F6,23,600.0996056901926
ESTA,F6,24,600.6629867569991
ESTA,F6,25,600.2688168697637
ESTA,F6,26,605.160594742869
ESTA,F6,27,600.8508106325829
ESTA,F6,28,600.3892336354813
ESTA,F6,29,601.7671046932098
ESTA,F6,30,603.0001612716655
ESTA,F7,1,1049.5867564739976
ESTA,F7,2,1188.8735060437575
ESTA,F7,3,978.8955033786781
ESTA,F7,4,1007.1565003017668
ESTA,F7,5,1005.7042544936476
ESTA,F7,6,893.3974728861926
ESTA,F7,7,965.1866948664137
ESTA,F7,8,958.3265698018054
ESTA,F7,9,1084.5960261412629
ESTA,F7,10,960.3929225655303
ESTA,F7,11,1155.4679758769166
ESTA,F7,12,893.1539256435711
ESTA,F7,13,917.1587243262659
ESTA,F7,14,955.0828327995116
ESTA,F7,15,967.8641378336595
ESTA,F7,16,963.2431823391692
ESTA,F7,17,960.7952692438643
ESTA,F7,18,1153.476363505304
ESTA,F7,19,953.6439606204674
ESTA,F7,20,1095.8809550465533
ESTA,F7,21,1073.2391676937818
ESTA,F7,22,1044.1279367485618
ESTA,F7,23,1110.566550183208
ESTA,F7,24,978.3611800798462
ESTA,F7,25,1073.435434611002
ESTA,F7,26,1084.8678862984723
ESTA,F7,27,1021.8017767061319
ESTA,F7,28,1002.3244752001228
ESTA,F7,29,1007.8533350940694
ESTA,F7,30,932.0128332903205
ESTA,F8,1,940.2885796715176
ESTA,F8,2,960.2134503561324
ESTA,F8,3,989.0404353375031
ESTA,F8,4,1059.6824181160368
ESTA,F8,5,932.3291405383027
ESTA,F8,6,985.0607614395487
ESTA,F8,7,913.456906461873
ESTA,F8,8,935.3138453149108
ESTA,F8,9,983.0713108212237
ESTA,F8,10,910.4399748612844
ESTA,F8,11,1001.975315255713
ESTA,F8,12,956.2082458973649
ESTA,F8,13,911.4348274078651
ESTA,F8,14,927.3541724574793
ESTA,F8,15,945.2631414216758
ESTA,F8,16,958.1975824288859
ESTA,F8,17,1025.8537079696398
ESTA,F8,18,952.2280534717952
ESTA,F8,19,949.2429812210385
ESTA,F8,20,912.4299309127821
ESTA,F8,21,979.0917959781202
ESTA,F8,22,891.5385469986454
ESTA,F8,23,942.2784826068071
ESTA,F8,24,939.2935192448012
ESTA,F8,25,954.2176662271349
ESTA,F8,26,914.4198363418931
ESTA,F8,27,914.4194745053886
ESTA,F8,28,1031.8243545563155
ESTA,F8,29,982.0761127540279
ESTA,F8,30,914.4197046741194
ESTA,F9,1,5039.635168210118
ESTA,F9,2,5646.083214965471
ESTA,F9,3,4167.092831161521
ESTA,F9,4,8658.6337661935
ESTA,F9,5,4344.946984547595
ESTA,F9,6,5559.887656727403
ESTA,F9,7,5899.022641649849
ESTA,F9,8,8319.745477463566
ESTA,F9,9,8297.77929169167
ESTA,F9,10,3995.909161712814
ESTA,F9,11,4230.993666423721
ESTA,F9,12,8485.809467354404
ESTA,F9,13,3624.2349111693225
ESTA,F9,14,4429.125233238403
ESTA,F9,15,4709.406922724764
ESTA,F9,16,3699.401788362208
ESTA,F9,17,6976.114470523797
ESTA,F9,18,2861.2863691857683
ESTA,F9,19,5498.110229222022
ESTA,F9,20,5650.6801285300635
ESTA,F9,21,6400.945073221643
ESTA,F9,22,6250.8760524471645
ESTA,F9,23,5092.972696978039
ESTA,F9,24,3475.227299164599
ESTA,F9,25,8864.968593421629
ESTA,F9,26,3864.8922609950832
ESTA,F9,27,3504.498035885308
ESTA,F9,28,3983.6956908179473
ESTA,F9,29,3687.532267064939
ESTA,F9,30,4664.614171897789
ESTA,F10,1,4122.220869839006
ESTA,F10,2,4465.524460193232
ESTA,F10,3,4166.24074990032
ESTA,F10,4,4359.148565171046
ESTA,F10,5,3805.9328956321788
ESTA,F10,6,3789.196423922971
ESTA,F10,7,4767.521673672727
ESTA,F10,8,4420.757649894409
ESTA,F10,9,4332.58695521345
ESTA,F10,10,4347.424710918771
ESTA,F10,11,5241.23388773865
ESTA,F10,12,4301.35568319698
ESTA,F10,13,3806.7299652051443
ESTA,F10,14,4979.71066037946
ESTA,F10,15,4384.43291030496
ESTA,F10,16,4569.088209624491
ESTA,F10,17,4731.359763240889
ESTA,F10,18,4374.809149871433
ESTA,F10,19,5382.997454207208
ESTA,F10,20,4536.927387658623
ESTA,F10,21,4774.240032383068
ESTA,F10,22,4326.248035471968
ESTA,F10,23,4069.0652581162467
ESTA,F10,24,5302.130088701355
ESTA,F10,25,5580.316303968914
ESTA,F10,26,5656.474458040499
ESTA,F10,27,4710.476553462044
ESTA,F10,28,4073.4105163228487
ESTA,F10,29,5514.063302945536
ESTA,F10,30,5517.4395604709025
ESTA,F11,1,1248.3953171761407
ESTA,F11,2,1171.678497709037
ESTA,F11,3,1197.3225577615647
ESTA,F11,4,1210.6873768007158
ESTA,F11,5,1220.772013426337
ESTA,F11,6,1249.1729022126274
ESTA,F11,7,1203.134507199855
ESTA,F11,8,1258.3188265928104
ESTA,F11,9,1171.3970506701835
ESTA,F11,10,1161.3660670817176
ESTA,F11,11,1235.0667557612205
ESTA,F11,12,1257.7128403828885
ESTA,F11,13,1246.3721351156826
ESTA,F11,14,1204.6379842375077
ESTA,F11,15,1288.6797960788547
ESTA,F11,16,1171.736318697037
ESTA,F11,17,1218.0169683316803
ESTA,F11,18,1158.8782807852006
ESTA,F11,19,1329.3803009495882
ESTA,F11,20,1287.3792769638064
ESTA,F11,21,1232.6314705263912
ESTA,F11,22,1193.9582737166957
ESTA,F11,23,1166.61820164207
ESTA,F11,24,1210.117373162595
ESTA,F11,25,1247.3349628802175
ESTA,F11,26,1139.4752992375475
ESTA,F11,27,1297.3624114685267
ESTA,F11,28,1272.4207084351578
ESTA,F11,29,1198.8565038441695
ESTA,F11,30,1201.9446493392813
ESTA,F12,1,1579144.7678531858
ESTA,F12,2,373525.48509736115
ESTA,F12,3,269289.23197352164
ESTA,F12,4,1301756.201139404
ESTA,F12,5,573475.6417484639
ESTA,F12,6,194227.13424810072
ESTA,F12,7,1609836.705480575
ESTA,F12,8,140510.76803073628
ESTA,F12,9,533281.9240985422
ESTA,F12,10,379032.3002762824
ESTA,F12,11,104301.75840368275
ESTA,F12,12,60186.499085656396
ESTA,F12,13,306005.06054752925
ESTA,F12,14,140738.79626868138
ESTA,F12,15,694150.9636871539
ESTA,F12,16,871532.1217419142
ESTA,F12,17,550240.96255055
ESTA,F12,18,956017.4670430797
ESTA,F12,19,1566277.0972610803
ESTA,F12,20,763712.6056417616
ESTA,F12,21,1287358.0909219373
ESTA,F12,22,1269038.289663589
ESTA,F12,23,396178.8253790544
ESTA,F12,24,427428.4503620817
ESTA,F12,25,210443.85776316046
ESTA,F12,26,461272.3163499435
ESTA,F12,27,2144617.8031969676
ESTA,F12,28,584355.4979761734
ESTA,F12,29,92877.58886721608
ESTA,F12,30,71806.6413933007
ESTA,F13,1,7909.040471334658
ESTA,F13,2,12266.550258974365
ESTA,F13,3,28452.011034889212
ESTA,F13,4,26647.254532644056
ESTA,F13,5,14409.640946864163
ESTA,F13,6,34159.39007521772
ESTA,F13,7,63664.370408305454
ESTA,F13,8,2122.5751346178517
ESTA,F13,9,52095.91571566261
ESTA,F13,10,62388.201519000315
ESTA,F13,11,2743.5032350053716
ESTA,F13,12,24642.53667812843
ESTA,F13,13,32654.939734312942
ESTA,F13,14,14815.517233718912
ESTA,F13,15,4553.611255870583
ESTA,F13,16,7249.781309962626
ESTA,F13,17,62458.59849139294
ESTA,F13,18,31589.634384855228
ESTA,F13,19,26151.22233380497
ESTA,F13,20,18137.687066160863
ESTA,F13,21,11857.225444989064
ESTA,F13,22,2773.926584111515
ESTA,F13,23,16108.400670400733
ESTA,F13,24,7144.036221093478
ESTA,F13,25,7251.766054659987
ESTA,F13,26,38256.54832961167
ESTA,F13,27,8503.005471254732
ESTA,F13,28,9074.418838640097
ESTA,F13,29,17253.955167825894
ESTA,F13,30,1483.4493890773056
ESTA,F14,1,4191.277584449841
ESTA,F14,2,1999.3970916689823
ESTA,F14,3,3006.8369192246905
ESTA,F14,4,1550.6671957878757
ESTA,F14,5,1582.7069403955682
ESTA,F14,6,2098.2765883644333
ESTA,F14,7,1589.9674398993814
ESTA,F14,8,7322.692261954284
ESTA,F14,9,1529.8843837937661
ESTA,F14,10,5976.706394146697
ESTA,F14,11,1621.350435897511
ESTA,F14,12,3044.5919911330884
ESTA,F14,13,1577.0107850626937
ESTA,F14,14,2425.633131577676
ESTA,F14,15,1626.0169345853806
ESTA,F14,16,1934.172523847951
ESTA,F14,17,1502.127041780891
ESTA,F14,18,1506.9479860256301
ESTA,F14,19,2543.4830727885483
ESTA,F14,20,1439.7080468027282
ESTA,F14,21,2485.6311441370817
ESTA,F14,22,1564.2074477921776
ESTA,F14,23,1573.9453234820369
ESTA,F14,24,3132.7799491896712
ESTA,F14,25,1530.0988038816306
ESTA,F14,26,1594.6826251866555
ESTA,F14,27,1670.826891053785
ESTA,F14,28,1708.4252502991935
ESTA,F14,29,1496.0424795587949
ESTA,F14,30,7066.538111132489
ESTA,F15,1,2466.8292659607646
ESTA,F15,2,2249.1607272143287
ESTA,F15,3,1939.4020962133586
ESTA,F15,4,19682.541294511328
ESTA,F15,5,6959.582287206259
ESTA,F15,6,2385.7361470575993
ESTA,F15,7,2444.5543175296993
ESTA,F15,8,2718.0591211930578
ESTA,F15,9,2735.494523529477
ESTA,F15,10,8439.066834357083
ESTA,F15,11,42612.57811552741
ESTA,F15,12,9139.429934751239
ESTA,F15,13,9055.394679939145
ESTA,F15,14,4110.744611301771
ESTA,F15,15,13055.236327689217
ESTA,F15,16,6849.141939175356
ESTA,F15,17,11999.959784114488
ESTA,F15,18,12201.274228931014
ESTA,F15,19,10053.08196527263
ESTA,F15,20,3825.336338786626
ESTA,F15,21,1725.622017445675
ESTA,F15,22,7944.786824542054
ESTA,F15,23,26111.264872397718
ESTA,F15,24,6347.284299240118
ESTA,F15,25,7907.565432944635
ESTA,F15,26,3949.7340834975116
ESTA,F15,27,9746.780337421478
ESTA,F15,28,6470.839565666076
ESTA,F15,29,3668.4568897463296
ESTA,F15,30,12975.153187689495
ESTA,F16,1,3046.0705708995424
ESTA,F16,2,2662.179993109238
ESTA,F16,3,2582.414326648225
ESTA,F16,4,2552.8545566463977
ESTA,F16,5,2904.4260613672723
ESTA,F16,6,3007.8884457574627
ESTA,F16,7,2511.299792816405
ESTA,F16,8,3252.767301256432
ESTA,F16,9,3469.0426327764735
ESTA,F16,10,2694.1098058227058
ESTA,F16,11,2382.0333537667893
ESTA,F16,12,3205.183995662963
ESTA,F16,13,2401.1584193856734
ESTA,F16,14,3055.588194646898
ESTA,F16,15,3105.2900416714024
ESTA,F16,16,3337.109608396559
ESTA,F16,17,3188.627751928436
ESTA,F16,18,2517.122211043269
ESTA,F16,19,3239.734346442311
ESTA,F16,20,2560.856096426709
ESTA,F16,21,3481.9228954494934
ESTA,F16,22,3150.9124453435998
ESTA,F16,23,3372.5166801962114
ESTA,F16,24,3405.6510785887667
ESTA,F16,25,3410.3298436338
ESTA,F16,26,2670.6937038679707
ESTA,F16,27,3721.4662968853722
ESTA,F16,28,2929.761401438367
ESTA,F16,29,2442.561402487499
ESTA,F16,30,3221.1173266294854
ESTA,F17,1,2976.371403477432
ESTA,F17,2,2644.2719155425734
ESTA,F17,3,2129.4842119575596
ESTA,F17,4,2087.9418665536173
ESTA,F17,5,2389.0903362915433
ESTA,F17,6,2320.114291030596
ESTA,F17,7,1940.4245747255404
ESTA,F17,8,2718.548121407659
ESTA,F17,9,2609.352841091788
ESTA,F17,10,2406.852577230132
ESTA,F17,11,2379.5018861613416
ESTA,F17,12,2304.2440984574355
ESTA,F17,13,2785.9152252037225
ESTA,F17,14,3041.557942690258
ESTA,F17,15,2358.9779727104133
ESTA,F17,16,2774.738454848628
ESTA,F17,17,2396.252890418141
ESTA,F17,18,2975.8868408783255
ESTA,F17,19,2469.206223041962
ESTA,F17,20,2195.9900783843814
ESTA,F17,21,2568.9202708452385
ESTA,F17,22,2199.191902580588
ESTA,F17,23,2685.31027110802
ESTA,F17,24,2576.9308418112428
ESTA,F17,25,2730.805885587375
ESTA,F17,26,2708.2674451274015
ESTA,F17,27,2731.3464458849194
ESTA,F17,28,2526.13549607371
ESTA,F17,29,1776.1369490406967
ESTA,F17,30,2323.8033807840006
ESTA,F18,1,109668.23179641087
ESTA,F18,2,78632.45929185192
ESTA,F18,3,29852.879883076348
ESTA,F18,4,80478.80293197201
ESTA,F18,5,58609.56641201416
ESTA,F18,6,26339.884154252068
ESTA,F18,7,64536.00267175382
ESTA,F18,8,38195.647937019574
ESTA,F18,9,28094.973904022045
ESTA,F18,10,66744.99299591771
ESTA,F18,11,54452.850737844616
ESTA,F18,12,84614.21352189916
ESTA,F18,13,86810.2026234419
ESTA,F18,14,49546.2961908462
ESTA,F18,15,41958.94807731408
ESTA,F18,16,59773.60527505046
ESTA,F18,17,59770.47825684132
ESTA,F18,18,136456.74377906337
ESTA,F18,19,31904.249798140285
ESTA,F18,20,26332.08817638317
ESTA,F18,21,38106.54395185299
ESTA,F18,22,41965.887912169004
ESTA,F18,23,50013.3908955244
ESTA,F18,24,44642.38598755244
ESTA,F18,25,37200.376870201275
ESTA,F18,26,67221.32113796895
ESTA,F18,27,54638.823043488905
ESTA,F18,28,44850.39057970878
ESTA,F18,29,82478.7466854207
ESTA,F18,30,110674.38241252676
ESTA,F19,1,5779.967243838155
ESTA,F19,2,6847.197705048979
ESTA,F19,3,10664.309403632988
ESTA,F19,4,3437.387858260906
ESTA,F19,5,2058.615864723572
ESTA,F19,6,3574.5836196063565
ESTA,F19,7,27470.987991904374
ESTA,F19,8,2184.5866757313447
ESTA,F19,9,3322.408016415107
ESTA,F19,10,2001.4616173106554
ESTA,F19,11,37977.0185284428
ESTA,F19,12,5660.788362110107
ESTA,F19,13,6377.8046596709455
ESTA,F19,14,10374.61332169716
ESTA,F19,15,7612.51290273286
ESTA,F19,16,2410.494988237914
ESTA,F19,17,40997.12616367204
ESTA,F19,18,1987.1282832474624
ESTA,F19,19,2633.795727314786
ESTA,F19,20,3191.2771032184564
ESTA,F19,21,2261.717410524263
ESTA,F19,22,2259.1609285572476
ESTA,F19,23,3867.0468368572
ESTA,F19,24,15615.131756199999
ESTA,F19,25,10728.002674406003
ESTA,F19,26,3327.4734989206445
ESTA,F19,27,2448.4679175592983
ESTA,F19,28,9464.3342035391
ESTA,F19,29,3834.997567305625
ESTA,F19,30,6488.168532072893
ESTA,F20,1,2815.0120034445895
ESTA,F20,2,2846.438946411752
ESTA,F20,3,2495.5247767006595
ESTA,F20,4,2670.445680124545
ESTA,F20,5,2255.3832656984496
ESTA,F20,6,2634.929684452899
ESTA,F20,7,2881.692689817104
ESTA,F20,8,2881.613208127932
ESTA,F20,9,3090.504229280389
ESTA,F20,10,2638.3907158467737
ESTA,F20,11,2452.920763181716
ESTA,F20,12,2669.68611337582
ESTA,F20,13,2562.406584594407
ESTA,F20,14,2586.8566252193664
ESTA,F20,15,2563.399351136861
ESTA,F20,16,2204.199109186532
ESTA,F20,17,2235.930481793425
ESTA,F20,18,2981.799587303367
ESTA,F20,19,2723.171113433722
ESTA,F20,20,2710.546365320356
ESTA,F20,21,3062.6592024590777
ESTA,F20,22,2976.804061682996
ESTA,F20,23,2904.69372227954
ESTA,F20,24,2619.631295184716
ESTA,F20,25,2655.9167036920944
ESTA,F20,26,2959.996895004149
ESTA,F20,27,2933.3448554505344
ESTA,F20,28,2671.5930955457416
ESTA,F20,29,2429.9804169046733
ESTA,F20,30,2441.8355809318946
ESTA,F21,1,2519.6936531239116
ESTA,F21,2,2423.243053525476
ESTA,F21,3,2421.8001320139724
ESTA,F21,4,2476.3835049108093
ESTA,F21,5,2464.363590758553
ESTA,F21,6,2571.344733703611
ESTA,F21,7,2504.5746919365124
ESTA,F21,8,2492.871595309088
ESTA,F21,9,2571.8862805150434
ESTA,F21,10,2576.4509739441414
ESTA,F21,11,2479.389492489331
ESTA,F21,12,2571.5872346361693
ESTA,F21,13,2491.376764721769
ESTA,F21,14,2509.515786875667
ESTA,F21,15,2422.1613355197755
ESTA,F21,16,2563.7530772548944
ESTA,F21,17,2398.9816172818064
ESTA,F21,18,2575.042142173792
ESTA,F21,19,2526.1612157759105
ESTA,F21,20,2423.3747357549837
ESTA,F21,21,2444.6583186733947
ESTA,F21,22,2453.8914609948133
ESTA,F21,23,2538.0716397840392
ESTA,F21,24,2453.3325520241765
ESTA,F21,25,2477.088005513767
ESTA,F21,26,2444.8399808400773
ESTA,F21,27,2448.475943684668
ESTA,F21,28,2472.5018259722638
ESTA,F21,29,2577.386690353028
ESTA,F21,30,2516.528918717797
ESTA,F22,1,6452.225413487398
ESTA,F22,2,6149.083791231373
ESTA,F22,3,2302.459876987409
ESTA,F22,4,6551.021695840657
ESTA,F22,5,2300.001014207375
ESTA,F22,6,7321.2320921094
ESTA,F22,7,7231.19749997913
ESTA,F22,8,6920.365425919478
ESTA,F22,9,5478.8191606586
ESTA,F22,10,6429.507395145691
ESTA,F22,11,6920.741003238774
ESTA,F22,12,6856.77933426169
ESTA,F22,13,5935.1010628240765
ESTA,F22,14,6590.383168150006
ESTA,F22,15,5711.855660629347
ESTA,F22,16,6950.803118130494
ESTA,F22,17,5695.739823890932
ESTA,F22,18,2300.00052674936
ESTA,F22,19,5999.199469454857
ESTA,F22,20,7497.111542049781
ESTA,F22,21,2302.501944418112
ESTA,F22,22,6247.497300624955
ESTA,F22,23,2303.397647828002
ESTA,F22,24,2300.000100834164
ESTA,F22,25,6871.496097830894
ESTA,F22,26,2300.0000968342288
ESTA,F22,27,2302.459949190584
ESTA,F22,28,5617.766982031195
ESTA,F22,29,6692.486703195305
ESTA,F22,30,2300.0002782022348
ESTA,F23,1,2785.992161615624
ESTA,F23,2,2739.3201209656936
ESTA,F23,3,2909.156971964573
ESTA,F23,4,2859.3750452766117
ESTA,F23,5,2917.97194487018
ESTA,F23,6,2853.936850569141
ESTA,F23,7,3042.9638034529244
ESTA,F23,8,2887.7949283992607
ESTA,F23,9,2970.1453058095613
ESTA,F23,10,2965.9663263815364
ESTA,F23,11,2840.650371897451
ESTA,F23,12,2936.6911718210013
ESTA,F23,13,2783.665383572711
ESTA,F23,14,2880.9602192369957
ESTA,F23,15,3019.556369823066
ESTA,F23,16,2890.1959403333185
ESTA,F23,17,3040.758861985879
ESTA,F23,18,3029.694110521576
ESTA,F23,19,2992.4375594504095
ESTA,F23,20,2791.8590530989477
ESTA,F23,21,2872.155702148242
ESTA,F23,22,2890.7201607917154
ESTA,F23,23,2931.1794568552855
ESTA,F23,24,3027.566024885131
ESTA,F23,25,2698.8742151704696
ESTA,F23,26,2915.5583517146392
ESTA,F23,27,2815.2936535079543
ESTA,F23,28,2872.995835457842
ESTA,F23,29,2894.2066353633395
ESTA,F23,30,2895.296923376016
ESTA,F24,1,3395.8896033819356
ESTA,F24,2,3326.1834711950546
ESTA,F24,3,3240.0307027455583
ESTA,F24,4,3154.3036086284815
ESTA,F24,5,3132.7124485908694
ESTA,F24,6,3171.6041245030265
ESTA,F24,7,3474.7404602885117
ESTA,F24,8,3353.6899675963878
ESTA,F24,9,3177.602801071463
ESTA,F24,10,3228.4079077160904
ESTA,F24,11,3160.9901460794636
ESTA,F24,12,3383.068369088113
ESTA,F24,13,3552.097895069598
ESTA,F24,14,3372.8474440107975
ESTA,F24,15,3243.5021183685635
ESTA,F24,16,3602.9924500063094
ESTA,F24,17,3515.7696733121184
ESTA,F24,18,3136.395197398205
ESTA,F24,19,3221.381910934002
ESTA,F24,20,3410.803182365088
ESTA,F24,21,3093.3848910905062
ESTA,F24,22,3437.6142226135744
ESTA,F24,23,3152.1016708880807
ESTA,F24,24,3414.027139241021
ESTA,F24,25,3364.6030610964194
ESTA,F24,26,3288.424227953077
ESTA,F24,27,3142.051273419694
ESTA,F24,28,3185.6235335819833
ESTA,F24,29,3299.904901433304
ESTA,F24,30,3078.2237160037853
ESTA,F25,1,2887.837723747896
ESTA,F25,2,2887.1272686516395
ESTA,F25,3,2883.7975645588435
ESTA,F25,4,2887.056341473641
ESTA,F25,5,2883.726033288996
ESTA,F25,6,2925.3455567735055
ESTA,F25,7,2888.952523070347
ESTA,F25,8,2924.1044654267544
ESTA,F25,9,2887.1429814404655
ESTA,F25,10,2923.5804219357055
ESTA,F25,11,2888.3431832419865
ESTA,F25,12,2892.7430596652525
ESTA,F25,13,2888.1496271204787
ESTA,F25,14,2888.715221275715
ESTA,F25,15,2888.4264659427686
ESTA,F25,16,2883.5998728058835
ESTA,F25,17,2883.584310778123
ESTA,F25,18,2883.521602996876
ESTA,F25,19,2887.6144140928745
ESTA,F25,20,2888.590510102131
ESTA,F25,21,2888.7872607502304
ESTA,F25,22,2888.3767194162583
ESTA,F25,23,2887.514172693831
ESTA,F25,24,2883.8988669788523
ESTA,F25,25,2888.11399660893
ESTA,F25,26,2883.9603868116233
ESTA,F25,27,2883.6462027522675
ESTA,F25,28,2883.651896628192
ESTA,F25,29,2889.500988698711
ESTA,F25,30,2897.864528195051
ESTA,F26,1,7121.7815134573
ESTA,F26,2,2818.203931788761
ESTA,F26,3,7747.978915866041
ESTA,F26,4,7079.079065072096
ESTA,F26,5,7436.088562660652
ESTA,F26,6,6465.804238786674
ESTA,F26,7,7313.966745318927
ESTA,F26,8,5783.0574060538365
ESTA,F26,9,6381.7406756531345
ESTA,F26,10,2800.0023110285124
ESTA,F26,11,6642.334886639295
ESTA,F26,12,6212.779061313404
ESTA,F26,13,5532.160105748649
ESTA,F26,14,2800.0044651778735
ESTA,F26,15,6286.132023136124
ESTA,F26,16,5392.737826893267
ESTA,F26,17,6651.791832780152
ESTA,F26,18,6257.651588451074
ESTA,F26,19,6970.123485711245
ESTA,F26,20,6129.178914297445
ESTA,F26,21,6439.7226557474605
ESTA,F26,22,6640.521963086408
ESTA,F26,23,8117.502555245852
ESTA,F26,24,2900.0010522979405
ESTA,F26,25,2900.0139027247133
ESTA,F26,26,6853.714462466565
ESTA,F26,27,6453.383867221682
ESTA,F26,28,6866.758767204322
ESTA,F26,29,6910.48606941363
ESTA,F26,30,6646.132040384036
ESTA,F27,1,3259.105422430208
ESTA,F27,2,3303.018926585973
ESTA,F27,3,3267.943761081607
ESTA,F27,4,3272.1560014409015
ESTA,F27,5,3276.2965087475723
ESTA,F27,6,3275.316315622563
ESTA,F27,7,3349.6607479986515
ESTA,F27,8,3227.584117652987
ESTA,F27,9,3239.2291739798893
ESTA,F27,10,3283.3823279465514
ESTA,F27,11,3264.824942978693
ESTA,F27,12,3269.4265524295943
ESTA,F27,13,3358.8861384090415
ESTA,F27,14,3313.9532211707265
ESTA,F27,15,3392.607856412401
ESTA,F27,16,3281.583402403877
ESTA,F27,17,3311.424225281513
ESTA,F27,18,3375.817219341068
ESTA,F27,19,3291.5468487367157
ESTA,F27,20,3294.01432149091
ESTA,F27,21,3248.172114775411
ESTA,F27,22,3289.8016757438177
ESTA,F27,23,3320.830480872905
ESTA,F27,24,3254.0950240936363
ESTA,F27,25,3373.765018311455
ESTA,F27,26,3288.6470376062
ESTA,F27,27,3269.9261529126934
ESTA,F27,28,3298.8908848388796
ESTA,F27,29,3354.771682656116
ESTA,F27,30,3385.227907278903
ESTA,F28,1,3213.98993122909
ESTA,F28,2,3257.0146328323985
ESTA,F28,3,3190.471147883689
ESTA,F28,4,3205.8979436547697
ESTA,F28,5,3104.447698974608
ESTA,F28,6,3198.0198300979305
ESTA,F28,7,3100.24074201879
ESTA,F28,8,3101.1794378428676
ESTA,F28,9,3200.432907618126
ESTA,F28,10,3210.830644599027
ESTA,F28,11,3203.5310059876115
ESTA,F28,12,3193.4034106203603
ESTA,F28,13,3105.1326136297776
ESTA,F28,14,3100.228003795512
ESTA,F28,15,3205.9083329158493
ESTA,F28,16,3100.0713584810906
ESTA,F28,17,3214.0297114401515
ESTA,F28,18,3214.028110322188
ESTA,F28,19,3100.2958494457966
ESTA,F28,20,3100.228265439417
ESTA,F28,21,3142.633416781364
ESTA,F28,22,3100.078615689431
ESTA,F28,23,3206.332642606849
ESTA,F28,24,3262.40929432582
ESTA,F28,25,3100.264173642369
ESTA,F28,26,3170.4648619238133
ESTA,F28,27,3208.9353174333746
ESTA,F28,28,3107.2622587481706
ESTA,F28,29,3122.907766992055
ESTA,F28,30,3194.3009855834644
ESTA,F29,1,3869.191354931701
ESTA,F29,2,4072.156319935567
ESTA,F29,3,4039.947160320322
ESTA,F29,4,3808.1402793982807
ESTA,F29,5,4130.38515498766
ESTA,F29,6,4281.526249282813
ESTA,F29,7,4202.351891706253
ESTA,F29,8,3715.3258208562465
ESTA,F29,9,3666.8056603044124
ESTA,F29,10,4374.126937938904
ESTA,F29,11,4230.319648511899
ESTA,F29,12,4270.769399026056
ESTA,F29,13,4052.3315985854815
ESTA,F29,14,3947.316080736713
ESTA,F29,15,4241.995624095536
ESTA,F29,16,4075.658411563104
ESTA,F29,17,3783.7921192290787
ESTA,F29,18,3753.8183184377494
ESTA,F29,19,3725.7574131692772
ESTA,F29,20,4427.248645802549
ESTA,F29,21,3954.9273264435205
ESTA,F29,22,3910.35620057755
ESTA,F29,23,3953.458129464676
ESTA,F29,24,4296.345196453465
ESTA,F29,25,3822.0450806156946
ESTA,F29,26,3868.6247460410323
ESTA,F29,27,3832.5744741908024
ESTA,F29,28,3918.2785411869936
ESTA,F29,29,3902.1514519382
ESTA,F29,30,3829.744181477077
ESTA,F30,1,20363.844353754514
ESTA,F30,2,9454.495801731358
ESTA,F30,3,10529.760534398096
ESTA,F30,4,23439.8263353724
ESTA,F30,5,9034.837353676543
ESTA,F30,6,8564.764864954801
ESTA,F30,7,9480.965179282242
ESTA,F30,8,16431.64392320379
ESTA,F30,9,19823.37038662256
ESTA,F30,10,9983.978876546325
ESTA,F30,11,9088.711525023722
ESTA,F30,12,9028.109760257896
ESTA,F30,13,17393.99061021072
ESTA,F30,14,7663.211679626867
ESTA,F30,15,12357.632458274446
ESTA,F30,16,7544.085452926612
ESTA,F30,17,16291.936523535116
ESTA,F30,18,15497.55724302238
ESTA,F30,19,14542.70159833163
ESTA,F30,20,21222.522012575773
ESTA,F30,21,14439.222632058018
ESTA,F30,22,7616.7528764849985
ESTA,F30,23,11552.800406821567
ESTA,F30,24,8887.494281508862
ESTA,F30,25,10840.871077592925
ESTA,F30,26,13860.127900287223
ESTA,F30,27,10745.712394360857
ESTA,F30,28,9553.612546524351
ESTA,F30,29,9965.756378481961
ESTA,F30,30,9710.994854334203
ZOA,F1,1,222.92741380349884
ZOA,F1,2,4261.5247458410595
ZOA,F1,3,8067.915020879784
ZOA,F1,4,1011.5141739525878
ZOA,F1,5,121.91306837979013
ZOA,F1,6,7145.261870297256
ZOA,F1,7,3117.1440344923717
ZOA,F1,8,5998.5473861836
ZOA,F1,9,12238.651840044564
ZOA,F1,10,506.2516642889101
ZOA,F1,11,104.08627109853637
ZOA,F1,12,2290.3842368966493
ZOA,F1,13,228.88111845301128
ZOA,F1,14,6987.339397407091
ZOA,F1,15,8138.751230534054
ZOA,F1,16,1550.3906726112853
ZOA,F1,17,6319.0351725024075
ZOA,F1,18,2164.4162951194585
ZOA,F1,19,696.5663818140958
ZOA,F1,20,3038.7666410382453
ZOA,F1,21,10741.358462779384
ZOA,F1,22,7965.193160200864
ZOA,F1,23,4707.511405081387
ZOA,F1,24,383.0788049338773
ZOA,F1,25,138.93288506449153
ZOA,F1,26,669.9398136039151
ZOA,F1,27,2089.9359419528478
ZOA,F1,28,1471.1476573061536
ZOA,F1,29,150.83109020928518
ZOA,F1,30,191.10976685455609
ZOA,F3,1,36245.7386310926
ZOA,F3,2,39709.67003910457
ZOA,F3,3,64710.31082976689
ZOA,F3,4,34738.13452617254
ZOA,F3,5,63158.705846392964
ZOA,F3,6,59525.08261517901
ZOA,F3,7,34156.732457165526
ZOA,F3,8,26225.260101211807
ZOA,F3,9,45133.11938706698
ZOA,F3,10,32192.58771943607
ZOA,F3,11,64007.77470134438
ZOA,F3,12,50005.92955800274
ZOA,F3,13,45155.37262326718
ZOA,F3,14,56088.966148189116
ZOA,F3,15,36648.52828823129
ZOA,F3,16,40021.28173876104
ZOA,F3,17,40659.752684426116
ZOA,F3,18,17438.59429412422
ZOA,F3,19,32666.628340175845
ZOA,F3,20,41293.851108023846
ZOA,F3,21,50553.65300452952
ZOA,F3,22,65388.557678828554
ZOA,F3,23,41823.12799925931
ZOA,F3,24,38141.618419378305
ZOA,F3,25,40218.82540421385
ZOA,F3,26,31782.735504820757
ZOA,F3,27,41593.49781260699
ZOA,F3,28,52347.56454014327
ZOA,F3,29,35516.69096028993
ZOA,F3,30,36293.93233300468
ZOA,F4,1,492.35676801048197
ZOA,F4,2,514.4098103555582
ZOA,F4,3,512.0591080017873
ZOA,F4,4,489.65829878167284
ZOA,F4,5,470.9770402067064
ZOA,F4,6,514.7152676833159
ZOA,F4,7,473.1148668588508
ZOA,F4,8,511.65724665570394
ZOA,F4,9,521.836044989885
ZOA,F4,10,505.30341916528505
ZOA,F4,11,476.00338274816005
ZOA,F4,12,481.5749763971984
ZOA,F4,13,512.8241560117997
ZOA,F4,14,514.9575471599037
ZOA,F4,15,481.8084555658795
ZOA,F4,16,515.7015845766397
ZOA,F4,17,485.9477934776096
ZOA,F4,18,517.4027026748461
ZOA,F4,19,514.8223213176727
ZOA,F4,20,482.06749165136875
ZOA,F4,21,472.57800122260903
ZOA,F4,22,515.5018285214271
ZOA,F4,23,517.9021527739391
ZOA,F4,24,514.9562143294074
ZOA,F4,25,468.2705334709963
ZOA,F4,26,514.1445023192207
ZOA,F4,27,516.461499756763
ZOA,F4,28,502.92907390372466
ZOA,F4,29,469.94306134007655
ZOA,F4,30,514.2893651406649
ZOA,F5,1,622.3793272289049
ZOA,F5,2,619.3947633154404
ZOA,F5,3,651.2332461553225
ZOA,F5,4,634.3187003976409
ZOA,F5,5,579.5965290595708
ZOA,F5,6,702.9704379740265
ZOA,F5,7,690.0363951239423
ZOA,F5,8,620.389563052649
ZOA,F5,9,636.3087291038102
ZOA,F5,10,623.3745605932149
ZOA,F5,11,654.2177453627735
ZOA,F5,12,671.1325102956462
ZOA,F5,13,668.1477175817445
ZOA,F5,14,644.2684585460688
ZOA,F5,15,694.016301105029
ZOA,F5,16,588.5510156051023
ZOA,F5,17,686.0564830096052
ZOA,F5,18,711.9245962695537
ZOA,F5,19,643.2735833018597
ZOA,F5,20,663.1726258425208
ZOA,F5,21,649.2436044191918
ZOA,F5,22,669.1424300692144
ZOA,F5,23,594.520881070616
ZOA,F5,24,605.4653334995028
ZOA,F5,25,632.3294587788376
ZOA,F5,26,633.3239550577606
ZOA,F5,27,630.3417931082793
ZOA,F5,28,624.369390718756
ZOA,F5,29,616.4097086101477
ZOA,F5,30,673.1219063903496
ZOA,F6,1,602.9193375486977
ZOA,F6,2,601.3351508213171
ZOA,F6,3,602.1776239755384
ZOA,F6,4,606.9552237109848
ZOA,F6,5,604.8889366614221
ZOA,F6,6,609.5480718282316
ZOA,F6,7,610.4199599518182
ZOA,F6,8,606.2243078542409
ZOA,F6,9,606.6048531195175
ZOA,F6,10,606.9996553018659
ZOA,F6,11,611.6034241822633
ZOA,F6,12,602.6248892858673
ZOA,F6,13,614.6165962535355
ZOA,F6,14,606.1503565303772
ZOA,F6,15,605.4240073647301
ZOA,F6,16,605.1153794094341
ZOA,F6,17,601.5722431635555
ZOA,F6,18,601.4225072345289
ZOA,F6,19,602.3841781354532
ZOA,F6,20,605.1022336717253
ZOA,F6,21,604.7280032982128
ZOA,F6,22,605.2924468222946
ZOA,F6,23,613.1520880670128
ZOA,F6,24,605.103853413119
ZOA,F6,25,612.1425615726755
ZOA,F6,26,600.0055845000168
ZOA,F6,27,605.3030269220849
ZOA,F6,28,606.3486167226499
ZOA,F6,29,609.0855620632923
ZOA,F6,30,604.8524585969212
ZOA,F7,1,901.2458233462436
ZOA,F7,2,865.6418157978467
ZOA,F7,3,858.9739844544063
ZOA,F7,4,881.5151087109437
ZOA,F7,5,866.1165524057953
ZOA,F7,6,905.3848123507305
ZOA,F7,7,856.4353355890138
ZOA,F7,8,945.6037907921939
ZOA,F7,9,917.0138558327002
ZOA,F7,10,858.8843537846147
ZOA,F7,11,833.4353144654915
ZOA,F7,12,924.028339366395
ZOA,F7,13,931.3045875082989
ZOA,F7,14,828.6202849401925
ZOA,F7,15,910.5546968937609
ZOA,F7,16,881.1161557232361
ZOA,F7,17,862.8715212236946
ZOA,F7,18,834.4383993165968
ZOA,F7,19,859.7806453666825
ZOA,F7,20,888.2714306729603
ZOA,F7,21,905.538641347943
ZOA,F7,22,831.7575250799696
ZOA,F7,23,941.9118134545417
ZOA,F7,24,847.4117294824225
ZOA,F7,25,818.6212143768089
ZOA,F7,26,929.3122431345514
ZOA,F7,27,869.0712182110165
ZOA,F7,28,938.3496555340705
ZOA,F7,29,827.1051620349699
ZOA,F7,30,914.7426180562227
ZOA,F8,1,882.581328783589
ZOA,F8,2,918.3997922602996
ZOA,F8,3,902.4804117973769
ZOA,F8,4,911.4347523515544
ZOA,F8,5,937.3068232056553
ZOA,F8,6,936.3078502107048
ZOA,F8,7,908.4505070401428
ZOA,F8,8,956.2080587890425
ZOA,F8,9,864.6723766744361
ZOA,F8,10,922.3796652015087
ZOA,F8,11,908.4505083114772
ZOA,F8,12,931.334092244858
ZOA,F8,13,920.0719621961966
ZOA,F8,14,912.4301460439714
ZOA,F8,15,930.3392021364282
ZOA,F8,16,939.2938771226464
ZOA,F8,17,939.2936017630508
ZOA,F8,18,959.1922836854715
ZOA,F8,19,911.4360246282274
ZOA,F8,20,966.1566773181879
ZOA,F8,21,949.2445388486091
ZOA,F8,22,905.4654712529864
ZOA,F8,23,932.3289856685476
ZOA,F8,24,884.5710010636437
ZOA,F8,25,907.4553286417442
ZOA,F8,26,940.288677036717
ZOA,F8,27,934.3189887643216
ZOA,F8,28,951.2332273137217
ZOA,F8,29,946.2580905422735
ZOA,F8,30,945.2635048392011
ZOA,F9,1,2885.663243825129
ZOA,F9,2,2830.0355324050483
ZOA,F9,3,2021.8040184664576
ZOA,F9,4,3246.8884058889957
ZOA,F9,5,4781.342785592441
ZOA,F9,6,1627.6949709509754
ZOA,F9,7,1979.9387238601778
ZOA,F9,8,2661.023900954003
ZOA,F9,9,2026.0383745717525
ZOA,F9,10,2962.666416530899
ZOA,F9,11,2514.381028780929
ZOA,F9,12,2258.7417237268583
ZOA,F9,13,2224.5053489944758
ZOA,F9,14,2316.346543456025
ZOA,F9,15,2530.425525402315
ZOA,F9,16,3175.6410756719074
ZOA,F9,17,3132.3681429104226
ZOA,F9,18,1323.6934286003777
ZOA,F9,19,1707.8252967178869
ZOA,F9,20,1954.9472964171116
ZOA,F9,21,2417.863859214131
ZOA,F9,22,2666.2630745227552
ZOA,F9,23,2000.037023893323
ZOA,F9,24,1782.3986625127782
ZOA,F9,25,2003.1172358433969
ZOA,F9,26,2590.1500330786034
ZOA,F9,27,2658.6319812869424
ZOA,F9,28,3005.57596106002
ZOA,F9,29,1545.7297438104374
ZOA,F9,30,1953.4621568412635
ZOA,F10,1,4614.057747455487
ZOA,F10,2,4975.780979990643
ZOA,F10,3,3900.988949983839
ZOA,F10,4,4967.406018426607
ZOA,F10,5,4564.663639915352
ZOA,F10,6,4755.364610943232
ZOA,F10,7,5068.380788177086
ZOA,F10,8,4539.990716565077
ZOA,F10,9,4707.651883855757
ZOA,F10,10,4652.490361348397
ZOA,F10,11,4207.96912871743
ZOA,F10,12,5449.529546486046
ZOA,F10,13,5853.079488781914
ZOA,F10,14,3523.3733679234792
ZOA,F10,15,4455.7492143442305
ZOA,F10,16,5153.978660317949
ZOA,F10,17,5662.333217469253
ZOA,F10,18,4823.393831596397
ZOA,F10,19,3680.6520019037816
ZOA,F10,20,5307.9020544237155
ZOA,F10,21,4939.933454342807
ZOA,F10,22,6251.580580559411
ZOA,F10,23,5235.231243398528
ZOA,F10,24,6322.718363136093
ZOA,F10,25,5129.212525320538
ZOA,F10,26,5928.249726515712
ZOA,F10,27,6407.501190982356
ZOA,F10,28,5170.056845858293
ZOA,F10,29,4293.728443305321
ZOA,F10,30,5719.380052876824
ZOA,F11,1,1296.297231142938
ZOA,F11,2,1178.368620656643
ZOA,F11,3,1676.8386614971819
ZOA,F11,4,1199.7002066090365
ZOA,F11,5,1239.059864513113
ZOA,F11,6,1246.922251215287
ZOA,F11,7,1187.1557335725554
ZOA,F11,8,1299.9853786405838
ZOA,F11,9,1202.6220585072015
ZOA,F11,10,1250.3383663498837
ZOA,F11,11,1250.0118396290827
ZOA,F11,12,1229.985385315355
ZOA,F11,13,1262.0460689855918
ZOA,F11,14,1250.8013304624747
ZOA,F11,15,1621.0055859144636
ZOA,F11,16,1223.4596466806765
ZOA,F11,17,1257.603943890301
ZOA,F11,18,1235.2880504328368
ZOA,F11,19,1215.9954761423776
ZOA,F11,20,1166.7150795532946
ZOA,F11,21,1170.0656930209952
ZOA,F11,22,1262.139403559422
ZOA,F11,23,1320.9815841197662
ZOA,F11,24,1259.890727686924
ZOA,F11,25,1183.0578035173328
ZOA,F11,26,1244.4076697569958
ZOA,F11,27,1233.9194214049273
ZOA,F11,28,1237.516029892216
ZOA,F11,29,1243.4416057958435
ZOA,F11,30,1261.1842912856157
ZOA,F12,1,3939594.303465646
ZOA,F12,2,56712.9879873092
ZOA,F12,3,458346.0211240721
ZOA,F12,4,1587470.000517123
ZOA,F12,5,2328094.5330593665
ZOA,F12,6,1132741.1062344196
ZOA,F12,7,2245519.47480818
ZOA,F12,8,1619952.7159251133
ZOA,F12,9,911252.1589976342
ZOA,F12,10,1113908.4613260468
ZOA,F12,11,1954147.52417513
ZOA,F12,12,1983275.862173583
ZOA,F12,13,1003104.4990303149
ZOA,F12,14,327583.34820510744
ZOA,F12,15,4866805.0272021275
ZOA,F12,16,3920068.99870621
ZOA,F12,17,2155800.8895556796
ZOA,F12,18,3964572.882793908
ZOA,F12,19,2685872.347362283
ZOA,F12,20,949782.3160805701
ZOA,F12,21,2154340.202153935
ZOA,F12,22,451838.34948623856
ZOA,F12,23,2190119.1256143497
ZOA,F12,24,3777770.264237315
ZOA,F12,25,2784856.8390608444
ZOA,F12,26,1046186.5551737739
ZOA,F12,27,4161958.8280143286
ZOA,F12,28,1001302.9709882105
ZOA,F12,29,2127650.3128178176
ZOA,F12,30,4151149.1576908166
ZOA,F13,1,28028.76351364624
ZOA,F13,2,8152.55407449761
ZOA,F13,3,25705.22510891187
ZOA,F13,4,36183.766368454526
ZOA,F13,5,4350.184204441566
ZOA,F13,6,22204.25664585584
ZOA,F13,7,21336.93995804422
ZOA,F13,8,18348.878114320538
ZOA,F13,9,5098.632382276175
ZOA,F13,10,60434.89269426278
ZOA,F13,11,44291.06801910036
ZOA,F13,12,16573.62140829849
ZOA,F13,13,41305.11817435601
ZOA,F13,14,7893.807563386513
ZOA,F13,15,10634.627248184011
ZOA,F13,16,5085.656877331967
ZOA,F13,17,35425.28185436936
ZOA,F13,18,16080.617903829072
ZOA,F13,19,3964.1251949475427
ZOA,F13,20,17772.45684416711
ZOA,F13,21,7483.370990087814
ZOA,F13,22,10046.139853877805
ZOA,F13,23,4915.39803383323
ZOA,F13,24,22799.165860144145
ZOA,F13,25,2292.303136407495
ZOA,F13,26,16298.438847820617
ZOA,F13,27,13901.79227002302
ZOA,F13,28,33116.27915822998
ZOA,F13,29,12099.627169236079
ZOA,F13,30,21864.8274541809
ZOA,F14,1,52468.27581197931
ZOA,F14,2,5778.582104391952
ZOA,F14,3,118931.81956044673
ZOA,F14,4,4557.697984652735
ZOA,F14,5,3239.4369843500695
ZOA,F14,6,3273.6833812878567
ZOA,F14,7,71552.208323428
ZOA,F14,8,26343.76861158141
ZOA,F14,9,259515.599036792
ZOA,F14,10,41267.03916805506
ZOA,F14,11,31947.17184373313
ZOA,F14,12,74054.59627475862
ZOA,F14,13,55565.63547411557
ZOA,F14,14,22323.875072441613
ZOA,F14,15,6785.882378235209
ZOA,F14,16,73513.05578674022
ZOA,F14,17,44415.85592166724
ZOA,F14,18,11418.633397782787
ZOA,F14,19,48827.52048031695
ZOA,F14,20,22365.62769685238
ZOA,F14,21,57481.16819582934
ZOA,F14,22,23428.790153454727
ZOA,F14,23,28310.540915577443
ZOA,F14,24,61026.42889337641
ZOA,F14,25,66468.94306210798
ZOA,F14,26,221901.13546039732
ZOA,F14,27,393069.15184889996
ZOA,F14,28,193931.3999831262
ZOA,F14,29,24218.274641803742
ZOA,F14,30,30105.448016600938
ZOA,F15,1,3746.5304582173035
ZOA,F15,2,1958.4507943588071
ZOA,F15,3,1894.9108462107322
ZOA,F15,4,2081.0666461889205
ZOA,F15,5,5041.803297807144
ZOA,F15,6,2036.3385733019827
ZOA,F15,7,1621.90269657088
ZOA,F15,8,4306.4146515878965
ZOA,F15,9,4499.1277295387135
ZOA,F15,10,13573.76207424174
ZOA,F15,11,3342.0434944653125
ZOA,F15,12,4245.77632070722
ZOA,F15,13,10799.222032248166
ZOA,F15,14,10598.55152836835
ZOA,F15,15,2863.101191897739
ZOA,F15,16,2237.6395165681033
ZOA,F15,17,3056.9171477630834
ZOA,F15,18,13168.935993301604
ZOA,F15,19,4766.107571819113
ZOA,F15,20,4657.435313094579
ZOA,F15,21,1790.8796404549112
ZOA,F15,22,2702.483414609948
ZOA,F15,23,2404.8993018406845
ZOA,F15,24,9176.733761752379
ZOA,F15,25,3868.627463829044
ZOA,F15,26,3697.0765932546346
ZOA,F15,27,5624.604326760757
ZOA,F15,28,1693.403071044646
ZOA,F15,29,2091.578029575732
ZOA,F15,30,2511.890279989896
ZOA,F16,1,2291.5698894762922
ZOA,F16,2,1977.197380803934
ZOA,F16,3,2463.194785244863
ZOA,F16,4,2512.666441352667
ZOA,F16,5,2691.8731971495204
ZOA,F16,6,2958.9743360093235
ZOA,F16,7,2770.8240788795656
ZOA,F16,8,2325.637348230416
ZOA,F16,9,2654.6206763711025
ZOA,F16,10,3071.172192092703
ZOA,F16,11,2459.533320820168
ZOA,F16,12,2214.023105159429
ZOA,F16,13,2327.833400089104
ZOA,F16,14,2917.1305716588176
ZOA,F16,15,2942.4776503732464
ZOA,F16,16,2139.112844659718
ZOA,F16,17,2645.444423399499
ZOA,F16,18,2658.932895313792
ZOA,F16,19,2729.3769226814647
ZOA,F16,20,2829.9206416746138
ZOA,F16,21,2585.112628731355
ZOA,F16,22,2522.0673496783147
ZOA,F16,23,2545.0006954970554
ZOA,F16,24,2848.216083697168
ZOA,F16,25,2759.099214266923
ZOA,F16,26,2265.412324893756
ZOA,F16,27,3040.0935663896817
ZOA,F16,28,2672.3939087949148
ZOA,F16,29,2420.983111252954
ZOA,F16,30,2325.661453668741
ZOA,F17,1,2019.4414886337736
ZOA,F17,2,1814.6933368881096
ZOA,F17,3,2142.570028343595
ZOA,F17,4,2079.269928247335
ZOA,F17,5,2070.0761963796704
ZOA,F17,6,2068.4613361682455
ZOA,F17,7,2007.6610556426913
ZOA,F17,8,2353.3218430913676
ZOA,F17,9,1916.8963628459292
ZOA,F17,10,2208.6140787016284
ZOA,F17,11,2169.3250180489094
ZOA,F17,12,2274.3530242427514
ZOA,F17,13,1948.838610586754
ZOA,F17,14,1889.1435343024123
ZOA,F17,15,1920.7408042897891
ZOA,F17,16,1908.6723533420657
ZOA,F17,17,2386.673892494611
ZOA,F17,18,2189.2052309469955
ZOA,F17,19,1782.5091122439926
ZOA,F17,20,1771.5394162717178
ZOA,F17,21,2163.822070611812
ZOA,F17,22,1909.407343966649
ZOA,F17,23,1959.4752595568923
ZOA,F17,24,2025.3823708090863
ZOA,F17,25,1806.3343088964775
ZOA,F17,26,1950.9069464160373
ZOA,F17,27,2135.1695799802683
ZOA,F17,28,2012.07148698166
ZOA,F17,29,1839.0489031601173
ZOA,F17,30,1939.1579821624498
ZOA,F18,1,531364.0899876116
ZOA,F18,2,468769.02572880086
ZOA,F18,3,463331.6634382361
ZOA,F18,4,831922.0283178592
ZOA,F18,5,169538.2381591115
ZOA,F18,6,142009.67589565064
ZOA,F18,7,282392.1618633467
ZOA,F18,8,357589.4754800849
ZOA,F18,9,646099.0670730417
ZOA,F18,10,381433.1795298415
ZOA,F18,11,178399.63521419707
ZOA,F18,12,2125561.801227987
ZOA,F18,13,241908.70863063165
ZOA,F18,14,741676.0108563234
ZOA,F18,15,652942.033230517
ZOA,F18,16,245183.63687325548
ZOA,F18,17,286081.03157456627
ZOA,F18,18,260111.33428782047
ZOA,F18,19,175144.83675925466
ZOA,F18,20,185166.6213901645
ZOA,F18,21,339591.9934759136
ZOA,F18,22,433657.3654436511
ZOA,F18,23,446349.5937648229
ZOA,F18,24,389903.59985317633
ZOA,F18,25,69965.88954096765
ZOA,F18,26,802890.2399166601
ZOA,F18,27,413119.4197817413
ZOA,F18,28,481292.8622723301
ZOA,F18,29,1238166.5862185769
ZOA,F18,30,1023432.8505345571
ZOA,F19,1,5230.436165261286
ZOA,F19,2,10905.613213891733
ZOA,F19,3,3414.029392989627
ZOA,F19,4,12642.686246978297
ZOA,F19,5,5561.860683906896
ZOA,F19,6,18942.08403401744
ZOA,F19,7,21980.142660142912
ZOA,F19,8,20156.873960627807
ZOA,F19,9,7406.496746322887
ZOA,F19,10,2046.0353412537875
ZOA,F19,11,2378.0774340325265
ZOA,F19,12,2456.2577810331672
ZOA,F19,13,7679.13669033057
ZOA,F19,14,2052.938633569577
ZOA,F19,15,13870.698069988292
ZOA,F19,16,27582.369388613268
ZOA,F19,17,19655.4253144665
ZOA,F19,18,8161.623238037073
ZOA,F19,19,2721.4762885721375
ZOA,F19,20,12693.143627937754
ZOA,F19,21,2081.799213376938
ZOA,F19,22,4262.175924070632
ZOA,F19,23,9670.647579375523
ZOA,F19,24,6181.118549284256
ZOA,F19,25,2418.57462545026
ZOA,F19,26,2151.773085340191
ZOA,F19,27,2175.901498112279
ZOA,F19,28,4795.711467083243
ZOA,F19,29,5572.1047603866555
ZOA,F19,30,11041.0264188552
ZOA,F20,1,2373.13592093283
ZOA,F20,2,2330.897634990171
ZOA,F20,3,2432.8422885255986
ZOA,F20,4,2277.7988798821393
ZOA,F20,5,2233.0781754129193
ZOA,F20,6,2287.867284785246
ZOA,F20,7,2218.8201843267802
ZOA,F20,8,2664.9956640507053
ZOA,F20,9,2395.118605395211
ZOA,F20,10,2436.7658979838875
ZOA,F20,11,2549.74608417581
ZOA,F20,12,2296.811822265204
ZOA,F20,13,2599.017174052633
ZOA,F20,14,2503.493770643695
ZOA,F20,15,2271.3986058393984
ZOA,F20,16,2315.8276674213907
ZOA,F20,17,2241.842526701631
ZOA,F20,18,2250.752504073076
ZOA,F20,19,2278.197203433995
ZOA,F20,20,2277.508172955352
ZOA,F20,21,2382.718360741426
ZOA,F20,22,2331.868185954966
ZOA,F20,23,2747.6789525282416
ZOA,F20,24,2524.425073892218
ZOA,F20,25,2284.4992184060275
ZOA,F20,26,2686.1677440900494
ZOA,F20,27,2266.7772035369408
ZOA,F20,28,2259.916552620859
ZOA,F20,29,2232.1810563603767
ZOA,F20,30,2447.4676278555876
ZOA,F21,1,2470.50843630306
ZOA,F21,2,2403.2463420100617
ZOA,F21,3,2386.4524369551414
ZOA,F21,4,2419.0762627321787
ZOA,F21,5,2426.1656852145484
ZOA,F21,6,2418.9766129054533
ZOA,F21,7,2369.9089782670853
ZOA,F21,8,2469.4640906755067
ZOA,F21,9,2370.9579431965462
ZOA,F21,10,2442.7896894807554
ZOA,F21,11,2526.839636324866
ZOA,F21,12,2430.34131805345
ZOA,F21,13,2434.2338135471364
ZOA,F21,14,2491.1372541791984
ZOA,F21,15,2453.4365485435337
ZOA,F21,16,2401.266360992106
ZOA,F21,17,2357.723182293612
ZOA,F21,18,2451.8009618535625
ZOA,F21,19,2370.7450625823803
ZOA,F21,20,2363.5845855198804
ZOA,F21,21,2402.0632300554803
ZOA,F21,22,2429.2748082157495
ZOA,F21,23,2419.9596266412377
ZOA,F21,24,2416.4901225639524
ZOA,F21,25,2389.8933552961053
ZOA,F21,26,2426.8684884635886
ZOA,F21,27,2472.8154469352708
ZOA,F21,28,2390.8162713346655
ZOA,F21,29,2361.852483295096
ZOA,F21,30,2396.3941355323577
ZOA,F22,1,2300.0264260358445
ZOA,F22,2,2300.0256261937993
ZOA,F22,3,2300.0295569929144
ZOA,F22,4,2300.010351477072
ZOA,F22,5,2300.0179305480174
ZOA,F22,6,2300.022214282094
ZOA,F22,7,7016.858891511309
ZOA,F22,8,2300.1359981265664
ZOA,F22,9,2300.012326705594
ZOA,F22,10,2300.0516317582433
ZOA,F22,11,2300.023311162408
ZOA,F22,12,2302.458704388098
ZOA,F22,13,2305.1452792409063
ZOA,F22,14,2300.014037010288
ZOA,F22,15,2300.0358279242137
ZOA,F22,16,6935.98993128194
ZOA,F22,17,2300.0139648776426
ZOA,F22,18,2300.0135625112325
ZOA,F22,19,2300.3083088092326
ZOA,F22,20,2300.0083456897582
ZOA,F22,21,2300.015885471304
ZOA,F22,22,2300.011705563239
ZOA,F22,23,2300.007231084133
ZOA,F22,24,2302.480448299917
ZOA,F22,25,2300.067726573924
ZOA,F22,26,2300.0314119185905
ZOA,F22,27,2303.430428507831
ZOA,F22,28,2300.014969716293
ZOA,F22,29,2302.472188877502
ZOA,F22,30,2300.2898601870124
ZOA,F23,1,2850.4951782359803
ZOA,F23,2,2754.214331283636
ZOA,F23,3,2793.1959725065635
ZOA,F23,4,2827.701710320118
ZOA,F23,5,2828.154695372534
ZOA,F23,6,2768.7614833938405
ZOA,F23,7,2846.2161605432766
ZOA,F23,8,2787.7425225018465
ZOA,F23,9,2808.296958092951
ZOA,F23,10,2769.951096847045
ZOA,F23,11,2896.860485341456
ZOA,F23,12,2806.0614074661394
ZOA,F23,13,2759.9762267824044
ZOA,F23,14,2740.193364726193
ZOA,F23,15,2813.412740783976
ZOA,F23,16,2755.7259767758915
ZOA,F23,17,2762.8010849747934
ZOA,F23,18,2830.226350652929
ZOA,F23,19,2818.932382155722
ZOA,F23,20,2855.880766327954
ZOA,F23,21,2898.6524900841355
ZOA,F23,22,2860.476872106455
ZOA,F23,23,2947.7800824519873
ZOA,F23,24,2878.7567516273893
ZOA,F23,25,2817.839323612317
ZOA,F23,26,2840.3520472284918
ZOA,F23,27,2806.0787771728897
ZOA,F23,28,2883.613461799068
ZOA,F23,29,2887.871929402344
ZOA,F23,30,2754.0218789398396
ZOA,F24,1,3059.0402516727745
ZOA,F24,2,3049.14023363147
ZOA,F24,3,2970.92185690014
ZOA,F24,4,2951.9795571583877
ZOA,F24,5,3069.107683909522
ZOA,F24,6,3048.3910224975643
ZOA,F24,7,3013.1981657346732
ZOA,F24,8,3003.2390000077035
ZOA,F24,9,3008.044064385591
ZOA,F24,10,2984.845423164615
ZOA,F24,11,3026.75648089755
ZOA,F24,12,2977.713176053293
ZOA,F24,13,2986.615923099183
ZOA,F24,14,3068.054200248548
ZOA,F24,15,2948.489356130156
ZOA,F24,16,3032.6530772981396
ZOA,F24,17,3054.3831565443306
ZOA,F24,18,3041.662253015938
ZOA,F24,19,2989.6534351692803
ZOA,F24,20,2983.250538660544
ZOA,F24,21,2988.1018502868124
ZOA,F24,22,3082.159313943519
ZOA,F24,23,3100.405733397813
ZOA,F24,24,3059.40203682228
ZOA,F24,25,3045.0754830740498
ZOA,F24,26,2997.2127508063213
ZOA,F24,27,3042.098460353096
ZOA,F24,28,3066.214784344459
ZOA,F24,29,2928.2717133695883
ZOA,F24,30,2954.8795960104853
ZOA,F25,1,2895.4678215004255
ZOA,F25,2,2883.947848460065
ZOA,F25,3,2899.0278961029167
ZOA,F25,4,2909.373921065832
ZOA,F25,5,2920.509725092069
ZOA,F25,6,2887.2036638908085
ZOA,F25,7,2912.2866058478867
ZOA,F25,8,2899.0618308145704
ZOA,F25,9,2883.630919678263
ZOA,F25,10,2894.135827617929
ZOA,F25,11,2887.540309596836
ZOA,F25,12,2914.022953037785
ZOA,F25,13,2911.548514239605
ZOA,F25,14,2928.8567227743897
ZOA,F25,15,2884.0710579971897
ZOA,F25,16,2887.564212585258
ZOA,F25,17,2944.8129655302428
ZOA,F25,18,2883.8950479204605
ZOA,F25,19,2883.94252611545
ZOA,F25,20,2893.2796898574206
ZOA,F25,21,2888.6178546009214
ZOA,F25,22,2937.3865714867275
ZOA,F25,23,2926.862013948012
ZOA,F25,24,2888.2587815643515
ZOA,F25,25,2912.7907089635337
ZOA,F25,26,2887.659663099736
ZOA,F25,27,2943.2629094451668
ZOA,F25,28,2929.6884357495774
ZOA,F25,29,2890.9671637646843
ZOA,F25,30,2890.732162097228
ZOA,F26,1,5969.167226742175
ZOA,F26,2,2800.2346336221444
ZOA,F26,3,6386.729862573628
ZOA,F26,4,5158.978726929305
ZOA,F26,5,2800.029282172517
ZOA,F26,6,6271.595441627518
ZOA,F26,7,2900.0070013025693
ZOA,F26,8,5042.603247745241
ZOA,F26,9,5164.975261994847
ZOA,F26,10,6411.323226338969
ZOA,F26,11,5684.290509511349
ZOA,F26,12,2800.0973023889483
ZOA,F26,13,7080.731586816546
ZOA,F26,14,6461.962135448206
ZOA,F26,15,2800.0225442826895
ZOA,F26,16,6817.64249154049
ZOA,F26,17,6766.223275996341
ZOA,F26,18,5512.328802001082
ZOA,F26,19,5275.823704489192
ZOA,F26,20,5802.689059323597
ZOA,F26,21,6289.030130572107
ZOA,F26,22,5998.855436372014
ZOA,F26,23,5337.81076522986
ZOA,F26,24,5295.010090701577
ZOA,F26,25,5097.864240291585
ZOA,F26,26,7021.71406303277
ZOA,F26,27,6492.567194285658
ZOA,F26,28,6537.118498071696
ZOA,F26,29,5829.310672498775
ZOA,F26,30,5860.6499604649325
ZOA,F27,1,3311.2869789255997
ZOA,F27,2,3294.172591204321
ZOA,F27,3,3301.9697416804793
ZOA,F27,4,3257.5571059924787
ZOA,F27,5,3327.817133414392
ZOA,F27,6,3244.9426977457438
ZOA,F27,7,3279.2284935096027
ZOA,F27,8,3275.9456357032504
ZOA,F27,9,3283.446960267365
ZOA,F27,10,3262.761589763732
ZOA,F27,11,3329.427586041381
ZOA,F27,12,3342.5490975188923
ZOA,F27,13,3248.300593144215
ZOA,F27,14,3376.4903384143295
ZOA,F27,15,3242.9366458366753
ZOA,F27,16,3308.5094188647736
ZOA,F27,17,3247.1786023307845
ZOA,F27,18,3282.0943121063447
ZOA,F27,19,3311.5343652630713
ZOA,F27,20,3286.5503405287636
ZOA,F27,21,3280.0588305595766
ZOA,F27,22,3286.376026335458
ZOA,F27,23,3299.403567284041
ZOA,F27,24,3338.968642256794
ZOA,F27,25,3259.4221072998753
ZOA,F27,26,3286.304665486692
ZOA,F27,27,3253.6549731447744
ZOA,F27,28,3241.767209410733
ZOA,F27,29,3290.7672870568467
ZOA,F27,30,3249.8165782519036
ZOA,F28,1,3214.2531842042818
ZOA,F28,2,3253.16060599837
ZOA,F28,3,3202.984947404121
ZOA,F28,4,3202.923987228862
ZOA,F28,5,3211.1014297253805
ZOA,F28,6,3195.758991697963
ZOA,F28,7,3198.203428845991
ZOA,F28,8,3288.722635681368
ZOA,F28,9,3262.2468506967716
ZOA,F28,10,3207.6188388143532
ZOA,F28,11,3204.310791123944
ZOA,F28,12,3254.604958663807
ZOA,F28,13,3260.0176138619454
ZOA,F28,14,3266.9445787128097
ZOA,F28,15,3256.7369019768184
ZOA,F28,16,3242.6511393376045
ZOA,F28,17,3203.3502424785784
ZOA,F28,18,3199.735125113869
ZOA,F28,19,3262.9140383914005
ZOA,F28,20,3249.1327502311788
ZOA,F28,21,3250.7783521801266
ZOA,F28,22,3194.8554411571213
ZOA,F28,23,3217.2139938961964
ZOA,F28,24,3216.0354184531952
ZOA,F28,25,3258.5000330707435
ZOA,F28,26,3252.393392525339
ZOA,F28,27,3202.589584415321
ZOA,F28,28,3201.802189135934
ZOA,F28,29,3196.2069175274905
ZOA,F28,30,3205.8367505471647
ZOA,F29,1,3871.345642094811
ZOA,F29,2,3861.191025892086
ZOA,F29,3,4051.599450163353
ZOA,F29,4,3877.3003189164674
ZOA,F29,5,4024.4745663176186
ZOA,F29,6,3751.2330941282926
ZOA,F29,7,3787.298386619975
ZOA,F29,8,3718.0321325551995
ZOA,F29,9,3929.3216556237585
ZOA,F29,10,3677.580946527167
ZOA,F29,11,3788.1458961101525
ZOA,F29,12,3925.408525735522
ZOA,F29,13,4142.386580253311
ZOA,F29,14,3795.6377355956815
ZOA,F29,15,4078.2353361732457
ZOA,F29,16,3473.848814888281
ZOA,F29,17,3549.9809902804864
ZOA,F29,18,3861.901058317433
ZOA,F29,19,3919.119588713186
ZOA,F29,20,4052.1209631760908
ZOA,F29,21,3856.1780634958104
ZOA,F29,22,3627.786767185325
ZOA,F29,23,4079.5276141906425
ZOA,F29,24,3775.118578661954
ZOA,F29,25,3986.79376567051
ZOA,F29,26,4107.720918347808
ZOA,F29,27,4188.897246452106
ZOA,F29,28,3813.4781316756344
ZOA,F29,29,3793.584777293649
ZOA,F29,30,3460.692864747386
ZOA,F30,1,8076.374969044472
ZOA,F30,2,9225.81833175436
ZOA,F30,3,9245.56827303763
ZOA,F30,4,19630.42979395824
ZOA,F30,5,7842.826235563709
ZOA,F30,6,12518.120959550375
ZOA,F30,7,7280.2310690658105
ZOA,F30,8,9373.484374343043
ZOA,F30,9,9794.950795644136
ZOA,F30,10,10911.585534404077
ZOA,F30,11,12890.737345239317
ZOA,F30,12,10681.457143405356
ZOA,F30,13,6138.033065901058
ZOA,F30,14,10514.260451142285
ZOA,F30,15,14354.96142001386
ZOA,F30,16,9304.716723836947
ZOA,F30,17,8940.346131969622
ZOA,F30,18,10379.718389827878
ZOA,F30,19,8748.14012242994
ZOA,F30,20,9024.978007686526
ZOA,F30,21,11663.873322394495
ZOA,F30,22,10228.820914011594
ZOA,F30,23,9375.259343765305
ZOA,F30,24,15152.711840078426
ZOA,F30,25,10357.075349985631
ZOA,F30,26,7752.7963305086
ZOA,F30,27,16720.05341717046
ZOA,F30,28,7922.16432471904
ZOA,F30,29,14442.841309060213
ZOA,F30,30,12641.042615132177
GRO,F1,1,1096.6564233037675
GRO,F1,2,5205.063873568135
GRO,F1,3,1709.3961623696462
GRO,F1,4,4636.662904143898
GRO,F1,5,1181.0295190736952
GRO,F1,6,4717.033625602896
GRO,F1,7,8114.057656464278
GRO,F1,8,1485.1990787082746
GRO,F1,9,10928.407351213913
GRO,F1,10,12059.459593667405
GRO,F1,11,6179.547251702474
GRO,F1,12,3489.2703230738643
GRO,F1,13,4091.6058811982
GRO,F1,14,7668.452957218515
GRO,F1,15,3874.1323019162915
GRO,F1,16,1504.986828903918
GRO,F1,17,6808.275562003988
GRO,F1,18,2806.5997572120964
GRO,F1,19,10018.533426237354
GRO,F1,20,11815.105090266728
GRO,F1,21,4154.295613000448
GRO,F1,22,1220.1296033172334
GRO,F1,23,7416.141868732451
GRO,F1,24,10538.840072910436
GRO,F1,25,1015.8546003764745
GRO,F1,26,3590.361505978038
GRO,F1,27,2175.6613875921475
GRO,F1,28,1523.930613786852
GRO,F1,29,9702.31928078651
GRO,F1,30,2603.9397745785695
GRO,F3,1,30409.72531378669
GRO,F3,2,44393.78782087471
GRO,F3,3,38173.4450781569
GRO,F3,4,36762.472936165344
GRO,F3,5,40386.0946495349
GRO,F3,6,28155.164576272313
GRO,F3,7,55763.745065732284
GRO,F3,8,36182.60772501563
GRO,F3,9,41881.59344316359
GRO,F3,10,30571.93861836133
GRO,F3,11,50834.36731066129
GRO,F3,12,41763.73010058608
GRO,F3,13,36289.80168147262
GRO,F3,14,44994.24018178668
GRO,F3,15,38770.2957727016
GRO,F3,16,43940.02620146545
GRO,F3,17,56542.2929660438
GRO,F3,18,33276.630536941615
GRO,F3,19,40888.60531486043
GRO,F3,20,48220.85569757005
GRO,F3,21,47014.30049825918
GRO,F3,22,47489.075345306075
GRO,F3,23,37875.08430452938
GRO,F3,24,61445.49528969562
GRO,F3,25,34539.16288316285
GRO,F3,26,45559.96167386042
GRO,F3,27,49073.858333219316
GRO,F3,28,49295.3705253937
GRO,F3,29,35852.70816846835
GRO,F3,30,55131.94099210707
GRO,F4,1,508.88515729381356
GRO,F4,2,512.7819452885756
GRO,F4,3,487.3951221146492
GRO,F4,4,490.4338918693309
GRO,F4,5,514.8109884611195
GRO,F4,6,474.02569158789345
GRO,F4,7,514.7424200383545
GRO,F4,8,507.8396004380676
GRO,F4,9,491.60456665037566
GRO,F4,10,487.6731577527804
GRO,F4,11,510.79647089477527
GRO,F4,12,512.3022871217737
GRO,F4,13,513.6118209644438
GRO,F4,14,508.0508063668436
GRO,F4,15,473.1103627782618
GRO,F4,16,523.6896680365991
GRO,F4,17,513.7660651643067
GRO,F4,18,516.3599359525123
GRO,F4,19,473.3382933049215
GRO,F4,20,468.32368405164164
GRO,F4,21,471.0432590509701
GRO,F4,22,518.4821035785096
GRO,F4,23,514.2604233303688
GRO,F4,24,486.702406407361
GRO,F4,25,512.1626491700839
GRO,F4,26,516.1551887877002
GRO,F4,27,517.1655039709549
GRO,F4,28,520.009202115106
GRO,F4,29,513.5963666304237
GRO,F4,30,489.6462466884068
GRO,F5,1,636.2801130593377
GRO,F5,2,735.89542968256
GRO,F5,3,630.5608650335279
GRO,F5,4,681.6958047366483
GRO,F5,5,651.8913917971287
GRO,F5,6,695.2197743123188
GRO,F5,7,672.2350271320306
GRO,F5,8,699.4006221027587
GRO,F5,9,616.164744390028
GRO,F5,10,621.7376064968025
GRO,F5,11,630.0709197743945
GRO,F5,12,701.4048752095448
GRO,F5,13,723.659932490339
GRO,F5,14,730.5512656121614
GRO,F5,15,717.7902514735058
GRO,F5,16,687.5530705367394
GRO,F5,17,562.3878429103163
GRO,F5,18,687.5919375856746
GRO,F5,19,697.4734598118395
GRO,F5,20,716.1979667447346
GRO,F5,21,754.4726920378142
GRO,F5,22,670.7327169489089
GRO,F5,23,715.6795856123399
GRO,F5,24,699.8285167875695
GRO,F5,25,688.9138341509828
GRO,F5,26,652.0935781221459
GRO,F5,27,733.1591774051722
GRO,F5,28,712.7985363608688
GRO,F5,29,604.7104383009107
GRO,F5,30,694.6088160112977
GRO,F6,1,600.1575908577358
GRO,F6,2,600.0476564218463
GRO,F6,3,600.0739660406592
GRO,F6,4,600.1200265116487
GRO,F6,5,600.2568662141774
GRO,F6,6,600.0714488081975
GRO,F6,7,600.4879109544155
GRO,F6,8,600.1961578302028
GRO,F6,9,600.2549734912471
GRO,F6,10,600.161113081827
GRO,F6,11,600.1263811243615
GRO,F6,12,600.1912009135374
GRO,F6,13,600.1356764599221
GRO,F6,14,600.1283214881953
GRO,F6,15,600.0354269759852
GRO,F6,16,600.1072926963824
GRO,F6,17,600.0793284636666
GRO,F6,18,600.1033209417569
GRO,F6,19,600.0532714840372
GRO,F6,20,600.0537331434101
GRO,F6,21,600.4092359903194
GRO,F6,22,600.3447606884648
GRO,F6,23,600.1142361216662
GRO,F6,24,601.2336512878287
GRO,F6,25,600.6973319625756
GRO,F6,26,600.1890531203263
GRO,F6,27,600.0353951512649
GRO,F6,28,601.100397301462
GRO,F6,29,600.2259801315593
GRO,F6,30,600.1841146906789
GRO,F7,1,907.7460608428155
GRO,F7,2,957.5470774390056
GRO,F7,3,937.7347033583701
GRO,F7,4,921.3246200598546
GRO,F7,5,925.5718002536612
GRO,F7,6,952.7269739732944
GRO,F7,7,916.6295513872266
GRO,F7,8,965.5644000919872
GRO,F7,9,934.5684407100216
GRO,F7,10,956.089645444938
GRO,F7,11,950.6156934136244
GRO,F7,12,893.3162359783566
GRO,F7,13,1005.5691109779912
GRO,F7,14,1016.5004003033889
GRO,F7,15,902.2375528561795
GRO,F7,16,931.2100445714477
GRO,F7,17,930.3338944921726
GRO,F7,18,872.4000472900443
GRO,F7,19,889.6477670634608
GRO,F7,20,972.4293885812451
GRO,F7,21,945.5103021101388
GRO,F7,22,990.2968239905182
GRO,F7,23,974.9879429705807
GRO,F7,24,944.2806469570312
GRO,F7,25,968.4529761610256
GRO,F7,26,980.2821733519393
GRO,F7,27,881.2777848592307
GRO,F7,28,947.5617604410169
GRO,F7,29,914.2831278706747
GRO,F7,30,893.2764634293915
GRO,F8,1,951.0547937650311
GRO,F8,2,977.1541425326923
GRO,F8,3,892.2747757334545
GRO,F8,4,981.3485937918754
GRO,F8,5,974.3359417346866
GRO,F8,6,1019.4017902331274
GRO,F8,7,984.8289631467233
GRO,F8,8,1016.4656421633293
GRO,F8,9,907.0931724902351
GRO,F8,10,904.7153439603212
GRO,F8,11,976.4786009755763
GRO,F8,12,967.571608603822
GRO,F8,13,900.8893218386175
GRO,F8,14,965.3407316937132
GRO,F8,15,999.321979682605
GRO,F8,16,875.5560632344235
GRO,F8,17,951.5912796427466
GRO,F8,18,999.2498417294314
GRO,F8,19,919.4815693814202
GRO,F8,20,965.7306164989686
GRO,F8,21,912.2910431307589
GRO,F8,22,966.1115834346427
GRO,F8,23,952.1884043341137
GRO,F8,24,980.9690599526818
GRO,F8,25,869.2634659797986
GRO,F8,26,926.0067962846172
GRO,F8,27,940.4355382755906
GRO,F8,28,960.7153795010768
GRO,F8,29,971.2651016102878
GRO,F8,30,871.9692801653499
GRO,F9,1,901.3077027939673
GRO,F9,2,903.8652438515599
GRO,F9,3,938.2998706609413
GRO,F9,4,910.1991370523266
GRO,F9,5,1056.493290421429
GRO,F9,6,980.9917084571418
GRO,F9,7,901.7901178272514
GRO,F9,8,1392.7800972480927
GRO,F9,9,910.980352455757
GRO,F9,10,911.0117903036804
GRO,F9,11,904.0655524201036
GRO,F9,12,922.1975983199353
GRO,F9,13,913.5582032054843
GRO,F9,14,904.852048166943
GRO,F9,15,1421.0518581228919
GRO,F9,16,911.7517528615152
GRO,F9,17,900.4052003931722
GRO,F9,18,1211.826599911527
GRO,F9,19,909.6702412519383
GRO,F9,20,905.0341924722795
GRO,F9,21,904.7973327524039
GRO,F9,22,966.7772534596768
GRO,F9,23,1856.8510871734734
GRO,F9,24,3048.1546227635363
GRO,F9,25,907.6423704625506
GRO,F9,26,1020.3126398658753
GRO,F9,27,910.7320426615676
GRO,F9,28,920.2327032513667
GRO,F9,29,907.7646593388295
GRO,F9,30,901.2927084117797
GRO,F10,1,7893.925492158796
GRO,F10,2,8093.240447005752
GRO,F10,3,8636.982126359206
GRO,F10,4,7855.491164956298
GRO,F10,5,8239.624028894126
GRO,F10,6,6450.487574851237
GRO,F10,7,6523.099128555691
GRO,F10,8,7750.029629156077
GRO,F10,9,5273.036031063115
GRO,F10,10,8332.146453442478
GRO,F10,11,7341.814438251785
GRO,F10,12,7083.147376738861
GRO,F10,13,8392.419798610485
GRO,F10,14,7449.848126781217
GRO,F10,15,8205.45847063612
GRO,F10,16,8187.63451810123
GRO,F10,17,7913.512083833038
GRO,F10,18,7973.28777646441
GRO,F10,19,5562.397100528087
GRO,F10,20,7196.685695374283
GRO,F10,21,7463.925119464766
GRO,F10,22,7759.099823740881
GRO,F10,23,8130.564520467375
GRO,F10,24,7369.444393679557
GRO,F10,25,5075.5539265306215
GRO,F10,26,8502.911893032178
GRO,F10,27,7986.963235014799
GRO,F10,28,7817.2001931149025
GRO,F10,29,8308.383818288177
GRO,F10,30,8557.808775610672
GRO,F11,1,1155.3591009959143
GRO,F11,2,1215.4263356831823
GRO,F11,3,1185.2100063738626
GRO,F11,4,1220.551193185975
GRO,F11,5,1186.6048630534922
GRO,F11,6,1182.0840325922939
GRO,F11,7,1196.6205787892104
GRO,F11,8,1150.1318985078778
GRO,F11,9,1241.8483954007672
GRO,F11,10,1150.3290174249978
GRO,F11,11,1220.1634499558797
GRO,F11,12,1235.2975372589744
GRO,F11,13,1236.0786717070794
GRO,F11,14,1226.6808587545406
GRO,F11,15,1234.4200104499657
GRO,F11,16,1224.6764696711714
GRO,F11,17,1207.5691096205235
GRO,F11,18,1118.6721430013577
GRO,F11,19,1222.0324481208452
GRO,F11,20,1244.3844219158075
GRO,F11,21,1191.805736168986
GRO,F11,22,1230.797244935631
GRO,F11,23,1191.8728753058344
GRO,F11,24,1258.0562093016824
GRO,F11,25,1172.5602744907849
GRO,F11,26,1197.801288717154
GRO,F11,27,1236.4708172002297
GRO,F11,28,1245.2999677514917
GRO,F11,29,1156.835935400488
GRO,F11,30,1179.5505242318577
GRO,F12,1,509715.961699869
GRO,F12,2,806557.331561653
GRO,F12,3,1165417.0608812938
GRO,F12,4,693064.6022326899
GRO,F12,5,703171.44525609
GRO,F12,6,1496208.8574467772
GRO,F12,7,401010.0013265394
GRO,F12,8,1103702.457658528
GRO,F12,9,1137343.409731669
GRO,F12,10,1529370.9629054118
GRO,F12,11,617341.5510615088
GRO,F12,12,315881.0134311648
GRO,F12,13,911182.6449034619
GRO,F12,14,363479.76681111637
GRO,F12,15,754888.7029396563
GRO,F12,16,233962.01519439794
GRO,F12,17,848561.2784136594
GRO,F12,18,559340.170153435
GRO,F12,19,1712200.2975527835
GRO,F12,20,60553.45647855446
GRO,F12,21,227767.29033304338
GRO,F12,22,564686.4175532684
GRO,F12,23,689435.7255419364
GRO,F12,24,1284509.952196622
GRO,F12,25,1254501.4794338979
GRO,F12,26,224084.09555498947
GRO,F12,27,600249.0286627526
GRO,F12,28,462588.6308700857
GRO,F12,29,490448.69299440744
GRO,F12,30,848229.0653037983
GRO,F13,1,14379.847987029261
GRO,F13,2,1463.788374601493
GRO,F13,3,26037.2937710223
GRO,F13,4,15876.823109724843
GRO,F13,5,25558.713733572495
GRO,F13,6,43794.3165849047
GRO,F13,7,2315.353156711947
GRO,F13,8,42403.66793691619
GRO,F13,9,23170.25142534353
GRO,F13,10,50912.31972562868
GRO,F13,11,5288.016937591757
GRO,F13,12,67058.11173527704
GRO,F13,13,19188.604863591278
GRO,F13,14,9187.016334871209
GRO,F13,15,30096.802048738566
GRO,F13,16,18976.23731452825
GRO,F13,17,4645.390450505274
GRO,F13,18,3020.674277084036
GRO,F13,19,15379.964176245305
GRO,F13,20,36393.0694888114
GRO,F13,21,2938.043126619397
GRO,F13,22,32185.423271358577
GRO,F13,23,19081.115219185653
GRO,F13,24,1752.5122815105751
GRO,F13,25,11914.504279388046
GRO,F13,26,29199.55172362459
GRO,F13,27,34278.67141693388
GRO,F13,28,10220.052003994035
GRO,F13,29,20092.10134416375
GRO,F13,30,6134.703259022947
GRO,F14,1,19630.58731901591
GRO,F14,2,34852.70715216615
GRO,F14,3,20181.42241301916
GRO,F14,4,87204.38323772314
GRO,F14,5,34429.855196047196
GRO,F14,6,40723.941836220576
GRO,F14,7,10729.91120361567
GRO,F14,8,8635.243952010149
GRO,F14,9,93387.57065571978
GRO,F14,10,11971.550198172803
GRO,F14,11,8358.661415152117
GRO,F14,12,27468.56692538408
GRO,F14,13,20937.71440699124
GRO,F14,14,18306.136931476463
GRO,F14,15,31474.999367385593
GRO,F14,16,11876.803343086673
GRO,F14,17,12670.33025632624
GRO,F14,18,47963.12543734605
GRO,F14,19,15195.415312597625
GRO,F14,20,27397.9578740288
GRO,F14,21,34971.84425569496
GRO,F14,22,62015.09386218211
GRO,F14,23,29371.999955925578
GRO,F14,24,25751.3304499515
GRO,F14,25,15806.609848757034
GRO,F14,26,9032.37467842659
GRO,F14,27,14552.120456688222
GRO,F14,28,12477.530837940232
GRO,F14,29,14734.333617839127
GRO,F14,30,3537.445040054706
GRO,F15,1,17290.264032138268
GRO,F15,2,3788.772314449899
GRO,F15,3,2889.4038681757675
GRO,F15,4,5173.6427915913855
GRO,F15,5,2064.254914027225
GRO,F15,6,8597.210649554469
GRO,F15,7,25788.17778327111
GRO,F15,8,3432.5744541434196
GRO,F15,9,7477.813045419866
GRO,F15,10,17046.616008235786
GRO,F15,11,17638.46323340916
GRO,F15,12,7003.6482341855035
GRO,F15,13,7651.808173869796
GRO,F15,14,1946.861443900029
GRO,F15,15,1928.2330950520898
GRO,F15,16,3159.4501461512073
GRO,F15,17,7140.93223484305
GRO,F15,18,4382.881274895647
GRO,F15,19,8601.398985147953
GRO,F15,20,9042.332091226524
GRO,F15,21,3296.5353670715276
GRO,F15,22,10646.517127044031
GRO,F15,23,10102.87837772931
GRO,F15,24,12010.921016895707
GRO,F15,25,8743.705617303034
GRO,F15,26,5760.309803101308
GRO,F15,27,2834.784716837
GRO,F15,28,6665.510963881141
GRO,F15,29,6320.894225814821
GRO,F15,30,12923.700245833503
GRO,F16,1,2238.9090760995155
GRO,F16,2,3332.7687656771905
GRO,F16,3,3100.769263552634
GRO,F16,4,3418.3590321196893
GRO,F16,5,3306.575757286378
GRO,F16,6,2982.090876650219
GRO,F16,7,3337.388590058885
GRO,F16,8,2745.135261127465
GRO,F16,9,2602.2277054829565
GRO,F16,10,2761.540752538269
GRO,F16,11,2934.6928762179828
GRO,F16,12,3262.647615512133
GRO,F16,13,3626.8095525225644
GRO,F16,14,3590.963313439072
GRO,F16,15,3358.9499268502345
GRO,F16,16,2334.9541713774033
GRO,F16,17,3409.5902733759654
GRO,F16,18,2757.629378902355
GRO,F16,19,2771.048043423928
GRO,F16,20,3076.2372437821323
GRO,F16,21,2870.7786426416706
GRO,F16,22,3290.18412860664
GRO,F16,23,3293.1150203649286
GRO,F16,24,2682.724442299207
GRO,F16,25,3185.4911096017768
GRO,F16,26,3296.4261259122804
GRO,F16,27,3312.6870696324677
GRO,F16,28,3233.156021069027
GRO,F16,29,2867.938104705335
GRO,F16,30,2921.6573734646945
GRO,F17,1,1852.3909791508709
GRO,F17,2,1810.0609996963733
GRO,F17,3,1937.8972235409933
GRO,F17,4,1801.0430515341359
GRO,F17,5,1954.4216736203914
GRO,F17,6,2125.7495795851237
GRO,F17,7,1912.8405540573667
GRO,F17,8,2011.2305496087108
GRO,F17,9,1929.5807147869932
GRO,F17,10,1925.148520679261
GRO,F17,11,2267.3913444648006
GRO,F17,12,1772.6072739861663
GRO,F17,13,2086.3531181864582
GRO,F17,14,2079.877133072816
GRO,F17,15,1865.6697106493389
GRO,F17,16,1907.0875093054951
GRO,F17,17,1943.457455072912
GRO,F17,18,2042.416368339704
GRO,F17,19,2132.585477089012
GRO,F17,20,1891.0768299328126
GRO,F17,21,1835.117537623582
GRO,F17,22,2085.5156095559446
GRO,F17,23,1901.051559861691
GRO,F17,24,1751.8703313204524
GRO,F17,25,2037.6565987902677
GRO,F17,26,1876.6949427001214
GRO,F17,27,1848.4623411489827
GRO,F17,28,1823.0107022163502
GRO,F17,29,2048.0143466277414
GRO,F17,30,1881.3418502419936
GRO,F18,1,403623.83729061915
GRO,F18,2,1287472.724388049
GRO,F18,3,1075036.7662746855
GRO,F18,4,124463.1152066902
GRO,F18,5,363662.8362270648
GRO,F18,6,320532.3954693967
GRO,F18,7,746798.7236144168
GRO,F18,8,1519094.7820881852
GRO,F18,9,664445.5762040996
GRO,F18,10,664678.6513754006
GRO,F18,11,883849.8973756743
GRO,F18,12,193833.28678004234
GRO,F18,13,543249.4813743314
GRO,F18,14,547446.2807840818
GRO,F18,15,1258271.244263519
GRO,F18,16,1309983.3560162184
GRO,F18,17,520677.87280783814
GRO,F18,18,1316909.0246530895
GRO,F18,19,499942.01675388415
GRO,F18,20,904813.0034603218
GRO,F18,21,1437429.0104626408
GRO,F18,22,662796.4020958268
GRO,F18,23,632813.3199114987
GRO,F18,24,1303972.6094232216
GRO,F18,25,568750.6414081571
GRO,F18,26,419939.1524158773
GRO,F18,27,881628.2552845716
GRO,F18,28,278303.65463207767
GRO,F18,29,1131837.9969551784
GRO,F18,30,1542112.3745708705
GRO,F19,1,43287.07511825183
GRO,F19,2,3195.2562519433777
GRO,F19,3,9963.54792369728
GRO,F19,4,7819.925468856432
GRO,F19,5,11934.666528007248
GRO,F19,6,2366.9130795296423
GRO,F19,7,3184.6871252988794
GRO,F19,8,6095.420327295476
GRO,F19,9,6285.892215721821
GRO,F19,10,3511.128327524522
GRO,F19,11,3601.3816367420904
GRO,F19,12,4142.570541377483
GRO,F19,13,4637.773533260781
GRO,F19,14,7369.067651756434
GRO,F19,15,4057.0650641252296
GRO,F19,16,50141.711306963945
GRO,F19,17,8951.497714243767
GRO,F19,18,4043.5084966031504
GRO,F19,19,2130.8933856916356
GRO,F19,20,5354.2728271325705
GRO,F19,21,2457.2450770449827
GRO,F19,22,9227.855303864548
GRO,F19,23,6792.764381288145
GRO,F19,24,5823.264987368368
GRO,F19,25,17925.045523603992
GRO,F19,26,5565.807384540201
GRO,F19,27,8823.829189006254
GRO,F19,28,2409.9734117660646
GRO,F19,29,14693.733948226965
GRO,F19,30,11924.701939926592
GRO,F20,1,2237.4444529149155
GRO,F20,2,2205.316707418969
GRO,F20,3,2376.0153507087643
GRO,F20,4,2153.8829568501546
GRO,F20,5,2532.578200466749
GRO,F20,6,2375.386817495758
GRO,F20,7,2153.861624604286
GRO,F20,8,2164.458179346932
GRO,F20,9,2248.3960340334925
GRO,F20,10,2286.542926823765
GRO,F20,11,2223.2901644964777
GRO,F20,12,2613.515899126872
GRO,F20,13,2425.452647879853
GRO,F20,14,2329.9619219482893
GRO,F20,15,2344.741717026066
GRO,F20,16,2366.860629145891
GRO,F20,17,2235.7947110654586
GRO,F20,18,2197.571940625342
GRO,F20,19,2344.0532094796586
GRO,F20,20,2324.8932055929317
GRO,F20,21,2266.5840799506896
GRO,F20,22,2304.46821121514
GRO,F20,23,2251.268045134886
GRO,F20,24,2183.4216265887244
GRO,F20,25,2244.433106735739
GRO,F20,26,2344.8646497338646
GRO,F20,27,2201.7395674778427
GRO,F20,28,2242.5170583091885
GRO,F20,29,2302.555206522025
GRO,F20,30,2441.9026634085203
GRO,F21,1,2472.3623284389064
GRO,F21,2,2494.9915637842496
GRO,F21,3,2435.2721152721006
GRO,F21,4,2374.734372473213
GRO,F21,5,2356.7052645084736
GRO,F21,6,2402.9915629824577
GRO,F21,7,2476.2173412606962
GRO,F21,8,2479.631404653275
GRO,F21,9,2385.8049957016883
GRO,F21,10,2450.059704891167
GRO,F21,11,2489.4041316128605
GRO,F21,12,2518.9729196452868
GRO,F21,13,2403.456796979812
GRO,F21,14,2450.052179058654
GRO,F21,15,2471.3080674291346
GRO,F21,16,2464.17374872266
GRO,F21,17,2482.5220579299244
GRO,F21,18,2429.9782069279954
GRO,F21,19,2461.4261879464966
GRO,F21,20,2479.7094060598174
GRO,F21,21,2385.5624925460006
GRO,F21,22,2382.337711055847
GRO,F21,23,2463.311602309301
GRO,F21,24,2430.17427666792
GRO,F21,25,2493.6555355582213
GRO,F21,26,2402.245534085841
GRO,F21,27,2507.533330535499
GRO,F21,28,2371.478061848416
GRO,F21,29,2487.6708721895557
GRO,F21,30,2398.6052622535344
GRO,F22,1,2300.3150564660814
GRO,F22,2,2300.3094753505065
GRO,F22,3,2300.1444715208427
GRO,F22,4,2305.652512769057
GRO,F22,5,2300.2632159282007
GRO,F22,6,2300.2673404968896
GRO,F22,7,2300.2194216721464
GRO,F22,8,2303.5874977667654
GRO,F22,9,2302.6071701909386
GRO,F22,10,2300.1399522243146
GRO,F22,11,2300.2376947508055
GRO,F22,12,2300.264124398028
GRO,F22,13,2300.4209509819257
GRO,F22,14,2300.048475557497
GRO,F22,15,2300.14504410184
GRO,F22,16,2300.045980927754
GRO,F22,17,2300.2063191903735
GRO,F22,18,2300.078253934056
GRO,F22,19,2300.042162295404
GRO,F22,20,2300.075428171895
GRO,F22,21,9224.947071836752
GRO,F22,22,2300.24311117514
GRO,F22,23,2300.246711643169
GRO,F22,24,2300.2034063659103
GRO,F22,25,2305.812104897063
GRO,F22,26,2300.1645668665165
GRO,F22,27,2300.082569376824
GRO,F22,28,2300.114361476631
GRO,F22,29,2300.3838262193017
GRO,F22,30,2300.1324375016306
GRO,F23,1,2794.8496520014914
GRO,F23,2,2749.5382400687404
GRO,F23,3,2743.8589596147967
GRO,F23,4,2742.5487097389223
GRO,F23,5,2733.813024238826
GRO,F23,6,2740.0183158444684
GRO,F23,7,2850.8610049964086
GRO,F23,8,2735.4194125698777
GRO,F23,9,2821.392471449327
GRO,F23,10,2734.3248711674196
GRO,F23,11,2771.812373082579
GRO,F23,12,2716.524994664911
GRO,F23,13,2800.6978868279475
GRO,F23,14,2751.317489915407
GRO,F23,15,2820.8365856394453
GRO,F23,16,2858.0597045951035
GRO,F23,17,2717.8277030535205
GRO,F23,18,2702.411168429352
GRO,F23,19,2754.368663007444
GRO,F23,20,2761.327742687921
GRO,F23,21,2786.785101751404
GRO,F23,22,2827.923951649779
GRO,F23,23,2816.4084293897386
GRO,F23,24,2802.9344824906543
GRO,F23,25,2708.74469196862
GRO,F23,26,2759.707102010663
GRO,F23,27,2806.7480348787976
GRO,F23,28,2844.8286254887444
GRO,F23,29,2815.6786485404555
GRO,F23,30,2758.776040593967
GRO,F24,1,2997.356197930732
GRO,F24,2,2880.7142658654993
GRO,F24,3,2989.7213434554183
GRO,F24,4,2922.5227780654423
GRO,F24,5,3001.1884636593695
GRO,F24,6,2892.797533083617
GRO,F24,7,3003.101937093186
GRO,F24,8,2948.3323511616636
GRO,F24,9,2944.6091944758214
GRO,F24,10,2994.860254285098
GRO,F24,11,2974.765092030626
GRO,F24,12,2940.768831739292
GRO,F24,13,3004.2424884641196
GRO,F24,14,2979.8200129729335
GRO,F24,15,2940.00420102271
GRO,F24,16,2944.862210377527
GRO,F24,17,2993.8685172220007
GRO,F24,18,2947.390567122047
GRO,F24,19,3005.207784792606
GRO,F24,20,2949.1672770303153
GRO,F24,21,2940.4584220895777
GRO,F24,22,2938.659995008592
GRO,F24,23,3012.460140104419
GRO,F24,24,2981.750336755681
GRO,F24,25,2924.9966283784047
GRO,F24,26,2953.5664558469116
GRO,F24,27,2896.341527069864
GRO,F24,28,3004.9573427928235
GRO,F24,29,2996.4802527616293
GRO,F24,30,2959.115283091082
GRO,F25,1,2897.915778260705
GRO,F25,2,2893.338755432351
GRO,F25,3,2883.7538067504147
GRO,F25,4,2891.1657961931455
GRO,F25,5,2883.76168357357
GRO,F25,6,2887.098188489541
GRO,F25,7,2887.430991367143
GRO,F25,8,2887.5302777276065
GRO,F25,9,2891.3296397166414
GRO,F25,10,2910.395664741911
GRO,F25,11,2887.815226534087
GRO,F25,12,2924.11263346803
GRO,F25,13,2890.634785280005
GRO,F25,14,2907.0938059344035
GRO,F25,15,2924.042433195778
GRO,F25,16,2887.6384656963405
GRO,F25,17,2909.166660695464
GRO,F25,18,2890.2882752750324
GRO,F25,19,2900.119472920478
GRO,F25,20,2887.25507276166
GRO,F25,21,2907.386168489691
GRO,F25,22,2889.1633881507305
GRO,F25,23,2888.9752077138905
GRO,F25,24,2887.719707395319
GRO,F25,25,2889.8938450327005
GRO,F25,26,2888.8440385762196
GRO,F25,27,2923.7720546530763
GRO,F25,28,2888.007231619351
GRO,F25,29,2887.4721481330166
GRO,F25,30,2888.0524720481963
GRO,F26,1,4400.215935390896
GRO,F26,2,2902.957656864354
GRO,F26,3,2905.1066717024823
GRO,F26,4,2807.387290012753
GRO,F26,5,4840.424950376733
GRO,F26,6,4354.17418215193
GRO,F26,7,2800.765008217001
GRO,F26,8,2902.534265986238
GRO,F26,9,2901.8386276358397
GRO,F26,10,4706.602808967167
GRO,F26,11,2901.5824613991663
GRO,F26,12,4333.143559648419
GRO,F26,13,2901.091561142555
GRO,F26,14,2914.06475465207
GRO,F26,15,2800.4066271414763
GRO,F26,16,4943.755510799443
GRO,F26,17,4712.704323227266
GRO,F26,18,2800.966115867444
GRO,F26,19,4337.905198205316
GRO,F26,20,2900.720563973671
GRO,F26,21,2800.697629159874
GRO,F26,22,2801.0693484348612
GRO,F26,23,4926.145402945971
GRO,F26,24,2901.870291267748
GRO,F26,25,4799.367961271622
GRO,F26,26,2901.609198265475
GRO,F26,27,4431.326814794926
GRO,F26,28,4422.015204695591
GRO,F26,29,5075.544935579581
GRO,F26,30,2902.135064055904
GRO,F27,1,3253.7070626596533
GRO,F27,2,3239.4526789505667
GRO,F27,3,3244.3098919407585
GRO,F27,4,3214.3392066737456
GRO,F27,5,3238.578934621224
GRO,F27,6,3242.5692225368466
GRO,F27,7,3256.720805818968
GRO,F27,8,3234.458895716831
GRO,F27,9,3221.6068515087545
GRO,F27,10,3237.491969756129
GRO,F27,11,3263.0573677721977
GRO,F27,12,3228.97272584378
GRO,F27,13,3227.519875029675
GRO,F27,14,3218.2345529871636
GRO,F27,15,3215.479908596976
GRO,F27,16,3283.320264557118
GRO,F27,17,3242.4773701897766
GRO,F27,18,3224.7836064473768
GRO,F27,19,3249.51632561277
GRO,F27,20,3272.195464909195
GRO,F27,21,3199.0101365379705
GRO,F27,22,3265.113095443098
GRO,F27,23,3226.701008071238
GRO,F27,24,3253.0368522761946
GRO,F27,25,3226.6441601445363
GRO,F27,26,3216.439919659428
GRO,F27,27,3226.2676851707392
GRO,F27,28,3230.0919254597293
GRO,F27,29,3251.586337723771
GRO,F27,30,3218.670875155621
GRO,F28,1,3219.728954921296
GRO,F28,2,3219.3004354827885
GRO,F28,3,3217.8865412353534
GRO,F28,4,3236.9239421173547
GRO,F28,5,3224.4203049025164
GRO,F28,6,3207.0482290531118
GRO,F28,7,3223.5060328786067
GRO,F28,8,3205.0493606570935
GRO,F28,9,3205.754176758641
GRO,F28,10,3259.4022159798433
GRO,F28,11,3212.573810221388
GRO,F28,12,3229.2516263811917
GRO,F28,13,3260.4101714029666
GRO,F28,14,3240.3379604053034
GRO,F28,15,3220.5483749844243
GRO,F28,16,3280.0519972197567
GRO,F28,17,3217.6818371334093
GRO,F28,18,3205.9541905520573
GRO,F28,19,3209.2436153373874
GRO,F28,20,3258.853746706852
GRO,F28,21,3206.6397422302093
GRO,F28,22,3212.0824021660305
GRO,F28,23,3225.877369326058
GRO,F28,24,3216.1222165556205
GRO,F28,25,3219.5460423659547
GRO,F28,26,3258.6534979499547
GRO,F28,27,3224.149137090727
GRO,F28,28,3208.170165643695
GRO,F28,29,3203.178738826089
GRO,F28,30,3239.230159544537
GRO,F29,1,3456.4290222617396
GRO,F29,2,3745.891799597044
GRO,F29,3,3754.6876248140093
GRO,F29,4,4044.301677297302
GRO,F29,5,3746.8907771372587
GRO,F29,6,3909.5040256730545
GRO,F29,7,3734.5069648744075
GRO,F29,8,3818.4746084804874
GRO,F29,9,3750.064198558006
GRO,F29,10,4000.4721140002007
GRO,F29,11,3778.2779419165736
GRO,F29,12,3944.1768816176477
GRO,F29,13,3725.853113392095
GRO,F29,14,3507.779555256288
GRO,F29,15,4006.983450354448
GRO,F29,16,3657.6756453267326
GRO,F29,17,3913.272010103886
GRO,F29,18,4054.0499421227514
GRO,F29,19,4149.509532870564
GRO,F29,20,3686.8799676764984
GRO,F29,21,4158.824036587322
GRO,F29,22,3933.1249848513135
GRO,F29,23,3455.8142723041906
GRO,F29,24,3718.040953199722
GRO,F29,25,3816.012824410787
GRO,F29,26,3803.2128939525833
GRO,F29,27,4121.380358323694
GRO,F29,28,3500.9784823208183
GRO,F29,29,3743.2720221747672
GRO,F29,30,3788.3411116726675
GRO,F30,1,17966.160107593685
GRO,F30,2,42880.03895599146
GRO,F30,3,90904.26293628823
GRO,F30,4,437701.313487045
GRO,F30,5,90821.95603950534
GRO,F30,6,21276.984906600166
GRO,F30,7,12715.165712469474
GRO,F30,8,78262.11301032382
GRO,F30,9,43589.914166696006
GRO,F30,10,17777.871089330984
GRO,F30,11,34321.9971052575
GRO,F30,12,88510.39144564666
GRO,F30,13,216677.7097002159
GRO,F30,14,229800.61122410194
GRO,F30,15,29345.764561565433
GRO,F30,16,283954.2815123034
GRO,F30,17,59149.686022522335
GRO,F30,18,907068.0408373538
GRO,F30,19,251197.13476900372
GRO,F30,20,180849.40446182832
GRO,F30,21,22763.70113608463
GRO,F30,22,705043.1041120442
GRO,F30,23,231262.15920603627
GRO,F30,24,429606.7840886382
GRO,F30,25,789185.8001369447
GRO,F30,26,62552.36613948911
GRO,F30,27,54602.91673880599
GRO,F30,28,34170.752502876334
GRO,F30,29,302906.4883462645
GRO,F30,30,129790.20306177446
MO,F1,1,11068247945.296951
MO,F1,2,29390764456.286724
MO,F1,3,19970133455.740726
MO,F1,4,28409554592.54281
MO,F1,5,25906710944.942097
MO,F1,6,31975003718.98125
MO,F1,7,14700174903.445616
MO,F1,8,29135814766.384834
MO,F1,9,23000709343.029984
MO,F1,10,36443814039.31795
MO,F1,11,23695815532.197723
MO,F1,12,23042981604.894287
MO,F1,13,23983003268.922768
MO,F1,14,12032142796.284962
MO,F1,15,18183247258.884052
MO,F1,16,22198784893.01249
MO,F1,17,16090966459.452053
MO,F1,18,20859181989.190365
MO,F1,19,18054695962.510338
MO,F1,20,21636830349.53811
MO,F1,21,20869356142.970024
MO,F1,22,14650210931.852552
MO,F1,23,20174212422.7959
MO,F1,24,20040594794.573006
MO,F1,25,33838480390.889336
MO,F1,26,24139286741.210796
MO,F1,27,37686173148.44556
MO,F1,28,21443692069.98772
MO,F1,29,31747193973.191063
MO,F1,30,24124313099.23963
MO,F3,1,76060.38932006658
MO,F3,2,77380.92031710675
MO,F3,3,75775.29390337791
MO,F3,4,74139.724948812
MO,F3,5,89850.53148513184
MO,F3,6,82531.25127092937
MO,F3,7,84268.59341993963
MO,F3,8,86099.27709005529
MO,F3,9,75736.17806158842
MO,F3,10,86085.86937824408
MO,F3,11,88451.35928211977
MO,F3,12,78466.42565811328
MO,F3,13,83358.30557126402
MO,F3,14,82981.49011879785
MO,F3,15,87198.91059177244
MO,F3,16,60354.93331236539
MO,F3,17,81281.02195379233
MO,F3,18,83079.21652393299
MO,F3,19,87712.97585993861
MO,F3,20,78162.05274943222
MO,F3,21,76321.9689767089
MO,F3,22,83339.83398402373
MO,F3,23,71964.48148253969
MO,F3,24,82324.70380921692
MO,F3,25,89193.17825736792
MO,F3,26,86689.11486268158
MO,F3,27,62978.32032304781
MO,F3,28,84179.29261903443
MO,F3,29,83742.79150533944
MO,F3,30,86358.644043339
MO,F4,1,1131.5857558072405
MO,F4,2,2960.637309922448
MO,F4,3,5247.032508555377
MO,F4,4,7060.213121122083
MO,F4,5,5701.209158875572
MO,F4,6,1796.2190281517728
MO,F4,7,3092.6847248516883
MO,F4,8,6186.283015178198
MO,F4,9,3917.09983839442
MO,F4,10,5609.884168407645
MO,F4,11,3954.4050304233747
MO,F4,12,4965.50663378229
MO,F4,13,2528.109251501644
MO,F4,14,3266.344225051797
MO,F4,15,7953.419904182718
MO,F4,16,8419.123071008325
MO,F4,17,3884.3045928067977
MO,F4,18,3981.7884484743977
MO,F4,19,7081.833145790159
MO,F4,20,1969.9442121088746
MO,F4,21,2616.6362060266597
MO,F4,22,5155.892831013958
MO,F4,23,3101.5759584305097
MO,F4,24,2141.108895015756
MO,F4,25,5060.66363257258
MO,F4,26,2285.0412880863814
MO,F4,27,3767.9623238306476
MO,F4,28,6324.218045854295
MO,F4,29,2903.1744593484464
MO,F4,30,4055.828147722257
MO,F5,1,897.3905261804603
MO,F5,2,802.0134710455878
MO,F5,3,832.1863280770519
MO,F5,4,798.1541779172971
MO,F5,5,840.6932185075925
MO,F5,6,866.3499829344446
MO,F5,7,840.7520717315249
MO,F5,8,820.8651405818698
MO,F5,9,830.6534704455883
MO,F5,10,790.5499423290362
MO,F5,11,833.9865141921221
MO,F5,12,835.7335851401865
MO,F5,13,860.1904821657666
MO,F5,14,821.2639151551216
MO,F5,15,863.9978669764403
MO,F5,16,870.5679803118227
MO,F5,17,899.388022140992
MO,F5,18,885.2111662297483
MO,F5,19,884.755268791394
MO,F5,20,775.48600803861
MO,F5,21,819.6616155707966
MO,F5,22,878.323256068395
MO,F5,23,833.0891179325506
MO,F5,24,713.4517348942443
MO,F5,25,865.7376656840785
MO,F5,26,784.068928808131
MO,F5,27,822.6161675713408
MO,F5,28,823.4320918433092
MO,F5,29,806.3647807383322
MO,F5,30,809.0233649839912
MO,F6,1,678.3103077673713
MO,F6,2,665.4223213977933
MO,F6,3,671.644196690143
MO,F6,4,668.6227941005914
MO,F6,5,667.0351155078378
MO,F6,6,676.534883059072
MO,F6,7,672.2821908575172
MO,F6,8,661.3492215417907
MO,F6,9,678.7720654918926
MO,F6,10,680.987681286416
MO,F6,11,668.3021329873982
MO,F6,12,654.9939540116842
MO,F6,13,683.1085975048853
MO,F6,14,676.5496881463743
MO,F6,15,677.0509729875595
MO,F6,16,673.3877712921567
MO,F6,17,685.7186605424677
MO,F6,18,688.0802398051381
MO,F6,19,695.3689360579004
MO,F6,20,677.8568415183568
MO,F6,21,667.0120687120711
MO,F6,22,664.8800822494211
MO,F6,23,663.5987064786289
MO,F6,24,678.0006616046646
MO,F6,25,658.454137853784
MO,F6,26,674.7879876752386
MO,F6,27,682.6824409834852
MO,F6,28,674.5713937118541
MO,F6,29,652.1958974327044
MO,F6,30,674.4628847270242
MO,F7,1,1245.6633329067627
MO,F7,2,1387.3706882670901
MO,F7,3,1319.0052337063457
MO,F7,4,1289.989662444821
MO,F7,5,1357.7088872090237
MO,F7,6,1361.8747183155606
MO,F7,7,1353.6778027922267
MO,F7,8,1307.4290907837913
MO,F7,9,1089.2626626807255
MO,F7,10,1342.6139897782914
MO,F7,11,1247.2086929881725
MO,F7,12,1253.3747986850858
MO,F7,13,1244.4795878470818
MO,F7,14,1362.0616922770264
MO,F7,15,1250.795003192476
MO,F7,16,1385.0326946843193
MO,F7,17,1437.0232836277062
MO,F7,18,1395.3037131484343
MO,F7,19,1330.8549424147154
MO,F7,20,1305.6388479278626
MO,F7,21,1248.591378692539
MO,F7,22,1285.1281046045938
MO,F7,23,1292.6170080389622
MO,F7,24,1286.8158971281089
MO,F7,25,1249.273688821523
MO,F7,26,1192.2377066060635
MO,F7,27,1154.2210213667022
MO,F7,28,1399.9379654486686
MO,F7,29,1343.4583486003376
MO,F7,30,1321.8841506464205
MO,F8,1,1077.109188243256
MO,F8,2,1040.0318088114768
MO,F8,3,1106.4115332737351
MO,F8,4,1039.5589467737104
MO,F8,5,1038.01149794899
MO,F8,6,1068.7977949829065
MO,F8,7,1044.0248725439203
MO,F8,8,1058.6728585237063
MO,F8,9,1024.0841690754357
MO,F8,10,1072.3677804596568
MO,F8,11,1071.6499682024332
MO,F8,12,1074.7040177577364
MO,F8,13,1077.9899380819943
MO,F8,14,1028.7402808600036
MO,F8,15,1041.337350537656
MO,F8,16,1073.7446455353052
MO,F8,17,1053.3596391811698
MO,F8,18,1036.3968850443782
MO,F8,19,1028.5108111065097
MO,F8,20,1071.9251979148003
MO,F8,21,1039.6153143468175
MO,F8,22,1061.2141980299857
MO,F8,23,1074.5306111297496
MO,F8,24,1056.8004232942806
MO,F8,25,1089.918896037207
MO,F8,26,1087.2417184456822
MO,F8,27,1099.130452144469
MO,F8,28,1064.3108167584896
MO,F8,29,1023.556123059208
MO,F8,30,1031.566658744423
MO,F9,1,9042.249836128725
MO,F9,2,6813.284738850844
MO,F9,3,6163.923028674666
MO,F9,4,7224.005434672323
MO,F9,5,6462.716579992895
MO,F9,6,8709.895172467961
MO,F9,7,6953.157899090313
MO,F9,8,5349.369326846474
MO,F9,9,6572.327629883174
MO,F9,10,6118.836355099404
MO,F9,11,5433.896364338849
MO,F9,12,5349.654401292514
MO,F9,13,7096.819698451886
MO,F9,14,4881.342892704898
MO,F9,15,6426.277424568103
MO,F9,16,6773.822556560372
MO,F9,17,9101.34336363505
MO,F9,18,9369.589773498867
MO,F9,19,12148.63056352351
MO,F9,20,6643.470017702984
MO,F9,21,6955.246934391657
MO,F9,22,5148.290556524677
MO,F9,23,7086.721477809253
MO,F9,24,6043.708214570983
MO,F9,25,7888.297908482044
MO,F9,26,4789.356474406713
MO,F9,27,5076.575748792687
MO,F9,28,5140.755990931996
MO,F9,29,5354.721162550771
MO,F9,30,6938.676817720018
MO,F10,1,6993.969306640005
MO,F10,2,8370.584955786293
MO,F10,3,7103.802487719266
MO,F10,4,6806.646167796646
MO,F10,5,8948.30518186996
MO,F10,6,8188.988648622082
MO,F10,7,7777.603110238791
MO,F10,8,7813.964159712425
MO,F10,9,7340.949609108545
MO,F10,10,8326.054649507543
MO,F10,11,8084.405545021612
MO,F10,12,7231.326620398475
MO,F10,13,6873.637221639786
MO,F10,14,7972.89976317273
MO,F10,15,8596.591472641841
MO,F10,16,6737.733948899584
MO,F10,17,7359.670608930045
MO,F10,18,7180.626273179552
MO,F10,19,6563.426082337161
MO,F10,20,7543.623384343021
MO,F10,21,7132.851875862423
MO,F10,22,7516.902802726188
MO,F10,23,8120.877305705761
MO,F10,24,6967.1918017555845
MO,F10,25,6316.290241122913
MO,F10,26,7926.570153640762
MO,F10,27,7786.565063662331
MO,F10,28,8056.215558891699
MO,F10,29,7302.029273820094
MO,F10,30,8180.23654382854
MO,F11,1,4684.587522639431
MO,F11,2,5397.252034324605
MO,F11,3,6343.314511742761
MO,F11,4,4731.953638518479
MO,F11,5,7595.616534376178
MO,F11,6,7917.906428277253
MO,F11,7,4096.155055680514
MO,F11,8,8563.61260414309
MO,F11,9,8162.0014810545945
MO,F11,10,5226.27729160617
MO,F11,11,8124.496834316887
MO,F11,12,4354.86327396768
MO,F11,13,7342.602246645142
MO,F11,14,5692.895879328217
MO,F11,15,7953.713052112267
MO,F11,16,5413.923965775008
MO,F11,17,4880.261808928134
MO,F11,18,7570.868875489256
MO,F11,19,6496.537593500627
MO,F11,20,5227.3094967882125
MO,F11,21,4149.287267360086
MO,F11,22,5514.632370871853
MO,F11,23,5607.167367204302
MO,F11,24,6609.040764155091
MO,F11,25,7283.832703170299
MO,F11,26,4031.5300542853306
MO,F11,27,4689.798607998257
MO,F11,28,7263.395255285314
MO,F11,29,4619.43075495357
MO,F11,30,7850.423223610688
MO,F12,1,3408082987.4826016
MO,F12,2,2719701567.768409
MO,F12,3,2174231100.57091
MO,F12,4,2077736048.5627904
MO,F12,5,2875095477.9831014
MO,F12,6,2417735380.0184746
MO,F12,7,3376351076.4280534
MO,F12,8,3288618389.7574453
MO,F12,9,3445561982.263874
MO,F12,10,2998730560.8143053
MO,F12,11,1989974884.868633
MO,F12,12,4356104952.977281
MO,F12,13,1110333725.9598234
MO,F12,14,3080478133.7882457
MO,F12,15,3238410353.997595
MO,F12,16,6417249029.347912
MO,F12,17,1244378407.5583663
MO,F12,18,1793262185.437567
MO,F12,19,1240113705.1345162
MO,F12,20,3562043781.127023
MO,F12,21,1249711107.2443686
MO,F12,22,816638794.9447942
MO,F12,23,3946718521.6279716
MO,F12,24,1844236821.368411
MO,F12,25,2689413162.552118
MO,F12,26,2166901661.6597757
MO,F12,27,3095355625.5427794
MO,F12,28,7559069848.975435
MO,F12,29,449451579.8671545
MO,F12,30,5471185680.957006
MO,F13,1,111920475.78933015
MO,F13,2,628311284.9698007
MO,F13,3,132529911.91637608
MO,F13,4,18810494.714587543
MO,F13,5,1750613102.1754992
MO,F13,6,27645155.50624028
MO,F13,7,1404432788.7765143
MO,F13,8,2124560167.1733263
MO,F13,9,349049350.61453044
MO,F13,10,397405601.8464497
MO,F13,11,1341295037.22029
MO,F13,12,731147112.591702
MO,F13,13,1094657147.7929811
MO,F13,14,156231805.32626715
MO,F13,15,4200752722.6280637
MO,F13,16,137827666.8114467
MO,F13,17,38625668.35537883
MO,F13,18,9305417.414069943
MO,F13,19,523931621.5899631
MO,F13,20,94989804.05491678
MO,F13,21,230768426.86891574
MO,F13,22,1925546579.3807328
MO,F13,23,1058604935.4487807
MO,F13,24,887232333.681114
MO,F13,25,12521972663.697723
MO,F13,26,753453893.7693999
MO,F13,27,245584858.70340055
MO,F13,28,158357282.8547798
MO,F13,29,73232504.96857284
MO,F13,30,300467776.4564187
MO,F14,1,3988574.0747506735
MO,F14,2,1113862.1846827043
MO,F14,3,1816133.7068736511
MO,F14,4,2056962.7261308513
MO,F14,5,226769.44568947557
MO,F14,6,3352362.275970697
MO,F14,7,1718552.9752534325
MO,F14,8,320578.88112412964
MO,F14,9,538529.0731929125
MO,F14,10,2619734.0259915222
MO,F14,11,1040938.4914661174
MO,F14,12,4777485.292439807
MO,F14,13,1110356.257875617
MO,F14,14,122996.7610738328
MO,F14,15,338559.90083773405
MO,F14,16,2091536.3690162832
MO,F14,17,422843.7950754418
MO,F14,18,185136.30630452477
MO,F14,19,2183888.1845881236
MO,F14,20,442920.2162371178
MO,F14,21,1920389.513675504
MO,F14,22,732937.9758571433
MO,F14,23,1141381.3657129381
MO,F14,24,9556697.068299329
MO,F14,25,559733.0200145168
MO,F14,26,2628763.8317918284
MO,F14,27,4276802.409971621
MO,F14,28,5551072.482548855
MO,F14,29,1544468.3558700497
MO,F14,30,2122980.1373686492
MO,F15,1,149392.50561735005
MO,F15,2,154757.31814879918
MO,F15,3,3511043.060862538
MO,F15,4,13159.947879248535
MO,F15,5,203150301.6042341
MO,F15,6,160318.91701035431
MO,F15,7,46519.903512109195
MO,F15,8,256446.52129318845
MO,F15,9,111860.87765569187
MO,F15,10,20055.159360027545
MO,F15,11,9483.935983711435
MO,F15,12,382342553.24214154
MO,F15,13,342296.087483914
MO,F15,14,96068.54872064319
MO,F15,15,295178756.8572919
MO,F15,16,59122.065270899824
MO,F15,17,32565.215558161286
MO,F15,18,298842.16998972825
MO,F15,19,26191.133511564854
MO,F15,20,8182541.7680055965
MO,F15,21,32263.66151166073
MO,F15,22,52687.908671963254
MO,F15,23,3504477.085292967
MO,F15,24,2196096.782153201
MO,F15,25,406299.22167102026
MO,F15,26,995761.4042352977
MO,F15,27,35855.19803827979
MO,F15,28,7331340.66012892
MO,F15,29,1203365.633052322
MO,F15,30,184846.28966844047
MO,F16,1,3359.3554773153483
MO,F16,2,3690.4706870154687
MO,F16,3,4781.422262208352
MO,F16,4,3375.823689625493
MO,F16,5,4146.330863194576
MO,F16,6,4346.943454383607
MO,F16,7,4482.449393983305
MO,F16,8,4334.8377607691
MO,F16,9,4017.028501023183
MO,F16,10,4314.412798500861
MO,F16,11,3316.265055340078
MO,F16,12,4416.019001944743
MO,F16,13,3981.5416196936308
MO,F16,14,4926.267865889443
MO,F16,15,3571.6677307868113
MO,F16,16,4376.995779299712
MO,F16,17,4384.9496458817575
MO,F16,18,3901.344522734177
MO,F16,19,4091.456930891182
MO,F16,20,4179.809750536439
MO,F16,21,4081.588879387534
MO,F16,22,4343.5811322130785
MO,F16,23,4582.556869083635
MO,F16,24,3744.8553480156297
MO,F16,25,3148.492004595034
MO,F16,26,3788.463597245561
MO,F16,27,3475.765698913704
MO,F16,28,4345.073139743378
MO,F16,29,3372.0862946546285
MO,F16,30,4791.3791210637355
MO,F17,1,2845.8761856319106
MO,F17,2,3376.695317534389
MO,F17,3,2975.6177692325455
MO,F17,4,2509.29897050935
MO,F17,5,2828.9520291695017
MO,F17,6,2800.850010131131
MO,F17,7,2097.043190749643
MO,F17,8,2459.6696943159873
MO,F17,9,2493.9108869776765
MO,F17,10,2302.751067270905
MO,F17,11,2490.839995957814
MO,F17,12,2762.7160690016813
MO,F17,13,3073.0444664033475
MO,F17,14,2696.1850853342567
MO,F17,15,3084.2631834424683
MO,F17,16,3434.482643258255
MO,F17,17,2996.1320083160795
MO,F17,18,3137.6837139140125
MO,F17,19,2697.1016107097807
MO,F17,20,3226.522617100017
MO,F17,21,2600.3431320825603
MO,F17,22,3236.8411468141207
MO,F17,23,2892.067756933091
MO,F17,24,2618.735660746539
MO,F17,25,3277.678155255636
MO,F17,26,2268.761855098049
MO,F17,27,2841.208580923458
MO,F17,28,2651.3634019518495
MO,F17,29,3272.5396653241714
MO,F17,30,2607.5234887558654
MO,F18,1,2011878.9763711048
MO,F18,2,11708119.815225182
MO,F18,3,12867163.911205858
MO,F18,4,7440522.451752305
MO,F18,5,15418571.505358353
MO,F18,6,1869800.904105876
MO,F18,7,6793981.574341344
MO,F18,8,8516540.014577428
MO,F18,9,29424939.492016837
MO,F18,10,1250742.1456856064
MO,F18,11,1154961.8859402991
MO,F18,12,2124579.4976897035
MO,F18,13,9308106.733514054
MO,F18,14,5056550.340056574
MO,F18,15,12623882.989344347
MO,F18,16,6068068.251827455
MO,F18,17,9339767.91999105
MO,F18,18,1721857.7320638692
MO,F18,19,3449165.5389236747
MO,F18,20,3358853.0133035816
MO,F18,21,3513219.4808062194
MO,F18,22,25830888.392459814
MO,F18,23,15079556.52868676
MO,F18,24,3868335.2320599733
MO,F18,25,5439491.337594705
MO,F18,26,12725094.826887326
MO,F18,27,3793407.0828086836
MO,F18,28,2719199.2243194208
MO,F18,29,27257647.238639083
MO,F18,30,16812812.152094204
MO,F19,1,3258888.758663043
MO,F19,2,619835.797324274
MO,F19,3,135411961.5412043
MO,F19,4,1400458.3596103096
MO,F19,5,58040539.31163796
MO,F19,6,80543548.53609262
MO,F19,7,3110668.519787303
MO,F19,8,759928.4613111153
MO,F19,9,13182924.61999831
MO,F19,10,12050965.742861535
MO,F19,11,3202877.242874153
MO,F19,12,44861828.40404867
MO,F19,13,24431181.167444907
MO,F19,14,12903.141429410398
MO,F19,15,46914.19862482492
MO,F19,16,4079250.9910223465
MO,F19,17,106292745.32997741
MO,F19,18,34312525.48985998
MO,F19,19,45348831.80515787
MO,F19,20,34562569.67095965
MO,F19,21,119006340.62829499
MO,F19,22,2397231.3819661243
MO,F19,23,111817768.48435885
MO,F19,24,35524902.72806683
MO,F19,25,3973521.786395338
MO,F19,26,6586356.236884486
MO,F19,27,759224.5131176531
MO,F19,28,2550519.581196395
MO,F19,29,16171826.056606278
MO,F19,30,2549822.3888506806
MO,F20,1,2931.2460697843
MO,F20,2,2946.098229065866
MO,F20,3,2818.2696874999183
MO,F20,4,2423.6452452403173
MO,F20,5,2757.8113211087034
MO,F20,6,2890.215820181158
MO,F20,7,2721.962157242123
MO,F20,8,2975.7909111189624
MO,F20,9,2515.0571932785174
MO,F20,10,2795.233242482887
MO,F20,11,2601.5971850515616
MO,F20,12,2814.414374024372
MO,F20,13,3001.3060270985866
MO,F20,14,2869.5598378527147
MO,F20,15,3082.854579751581
MO,F20,16,2869.464114932947
MO,F20,17,3083.0881265959497
MO,F20,18,2621.3824988913375
MO,F20,19,2667.029782323936
MO,F20,20,2742.640823715077
MO,F20,21,3004.0632598229327
MO,F20,22,2836.146098762907
MO,F20,23,2992.3864520548464
MO,F20,24,2947.863703661348
MO,F20,25,2897.4929071721244
MO,F20,26,2924.2524551313663
MO,F20,27,2888.993788371673
MO,F20,28,2838.4032988002327
MO,F20,29,2946.546415377746
MO,F20,30,2859.198728051885
MO,F21,1,2585.40227634809
MO,F21,2,2669.561160707903
MO,F21,3,2563.334437120878
MO,F21,4,2673.7478692105637
MO,F21,5,2596.4676813364968
MO,F21,6,2721.703794109666
MO,F21,7,2695.4833697325794
MO,F21,8,2616.0273217059853
MO,F21,9,2626.6801352951006
MO,F21,10,2657.4437466429995
MO,F21,11,2651.4259325400476
MO,F21,12,2620.4384533666425
MO,F21,13,2696.199191852046
MO,F21,14,2592.2970613923353
MO,F21,15,2666.047324461707
MO,F21,16,2600.9817689394886
MO,F21,17,2621.837098476424
MO,F21,18,2617.3490910399287
MO,F21,19,2632.166772935361
MO,F21,20,2468.29973169625
MO,F21,21,2584.034273818595
MO,F21,22,2621.686898572002
MO,F21,23,2632.818310160176
MO,F21,24,2605.800627150966
MO,F21,25,2610.0820269359137
MO,F21,26,2614.363503533185
MO,F21,27,2479.9827215602404
MO,F21,28,2666.7587704714556
MO,F21,29,2595.4919418178006
MO,F21,30,2604.5415484276177
MO,F22,1,7750.194284595538
MO,F22,2,4210.96764131695
MO,F22,3,4945.796796596751
MO,F22,4,8895.104379856966
MO,F22,5,4634.745974246951
MO,F22,6,5008.703649366274
MO,F22,7,8543.881444900007
MO,F22,8,5639.624099426277
MO,F22,9,5276.274780927182
MO,F22,10,6961.898138282447
MO,F22,11,8485.841789593613
MO,F22,12,4852.007986242908
MO,F22,13,8785.39932344664
MO,F22,14,7779.853746210064
MO,F22,15,4403.506008863142
MO,F22,16,5590.707783215846
MO,F22,17,5222.873190807948
MO,F22,18,4937.623150064065
MO,F22,19,8664.468253706951
MO,F22,20,7698.905931224495
MO,F22,21,5306.29133960592
MO,F22,22,8777.36279945484
MO,F22,23,8752.725113010973
MO,F22,24,5190.556826266383
MO,F22,25,9316.12417290123
MO,F22,26,5395.166587851911
MO,F22,27,5141.790785057446
MO,F22,28,6863.7349780248815
MO,F22,29,8797.730567989756
MO,F22,30,7551.63355566712
MO,F23,1,3323.2913291872705
MO,F23,2,3003.6410970320503
MO,F23,3,3137.15431135649
MO,F23,4,3027.1880431408176
MO,F23,5,3203.870064637095
MO,F23,6,3234.49066124837
MO,F23,7,3177.6217796948868
MO,F23,8,3025.4920214222807
MO,F23,9,3182.356889466175
MO,F23,10,3018.4574277587117
MO,F23,11,3199.5488811637333
MO,F23,12,3071.4648314836
MO,F23,13,3180.9299646334694
MO,F23,14,3130.344495572454
MO,F23,15,3237.329908827048
MO,F23,16,3159.787962147956
MO,F23,17,3014.0884397259133
MO,F23,18,3209.7467158191375
MO,F23,19,3321.8367876930124
MO,F23,20,3175.3512015686865
MO,F23,21,3293.1702312296825
MO,F23,22,3077.8304430315166
MO,F23,23,3296.96854971428
MO,F23,24,3126.7503664996916
MO,F23,25,3104.6144261341337
MO,F23,26,3182.145296632284
MO,F23,27,3169.516872301175
MO,F23,28,2963.6287786024486
MO,F23,29,3228.9145177547703
MO,F23,30,3183.6809593888984
MO,F24,1,3292.0265332142635
MO,F24,2,3131.1813218893303
MO,F24,3,3216.51197884275
MO,F24,4,3263.776926605299
MO,F24,5,3318.938625439796
MO,F24,6,3373.4908113020083
MO,F24,7,3405.6233870671085
MO,F24,8,3375.556298870621
MO,F24,9,3242.5963237305705
MO,F24,10,3173.322525369277
MO,F24,11,3265.2507517798954
MO,F24,12,3520.2512428805103
MO,F24,13,3256.10491200699
MO,F24,14,3403.8148259257136
MO,F24,15,3356.0608917650616
MO,F24,16,3192.169008194849
MO,F24,17,3243.0919612640564
MO,F24,18,3417.4667869459236
MO,F24,19,3363.7197080762926
MO,F24,20,3377.1689939082435
MO,F24,21,3259.282868865906
MO,F24,22,3322.0869212461375
MO,F24,23,3317.4418076605816
MO,F24,24,3240.6316764050616
MO,F24,25,3174.7707815875783
MO,F24,26,3109.853156619809
MO,F24,27,3219.0139460210853
MO,F24,28,3091.9253411562236
MO,F24,29,3492.7256564289128
MO,F24,30,3223.775203929337
MO,F25,1,3298.0666228826453
MO,F25,2,4208.000837994688
MO,F25,3,3850.806725209643
MO,F25,4,3861.502615654238
MO,F25,5,4371.971748237297
MO,F25,6,3525.306291065488
MO,F25,7,3647.188971967692
MO,F25,8,3502.173843032867
MO,F25,9,3843.848678342136
MO,F25,10,4189.752188872372
MO,F25,11,3559.813520606166
MO,F25,12,4240.427890699797
MO,F25,13,3521.253644249713
MO,F25,14,3777.40751023624
MO,F25,15,3849.246522765308
MO,F25,16,3571.6945956547806
MO,F25,17,3555.054270693804
MO,F25,18,3629.7267037330093
MO,F25,19,4832.541457395166
MO,F25,20,4938.446978186081
MO,F25,21,3615.0014010098066
MO,F25,22,3533.2520880450065
MO,F25,23,3734.748792161666
MO,F25,24,3489.770329046629
MO,F25,25,3327.130037689439
MO,F25,26,3505.7085531613525
MO,F25,27,3880.4703356813893
MO,F25,28,3614.205806833102
MO,F25,29,3567.511229985551
MO,F25,30,3480.6042158551013
MO,F26,1,6530.04222306518
MO,F26,2,8712.850016629902
MO,F26,3,8001.3937558540165
MO,F26,4,9175.802290975018
MO,F26,5,8292.037565516488
MO,F26,6,7530.043132025734
MO,F26,7,11652.974261508858
MO,F26,8,10465.127677859778
MO,F26,9,7599.958712902702
MO,F26,10,9252.693728354614
MO,F26,11,7171.040923025072
MO,F26,12,8314.924982986695
MO,F26,13,7158.855993632232
MO,F26,14,8189.244481153467
MO,F26,15,8909.418246401936
MO,F26,16,8547.793756689312
MO,F26,17,9890.192688572815
MO,F26,18,7099.479186768879
MO,F26,19,8747.896008420295
MO,F26,20,8400.761653687614
MO,F26,21,8259.19410258341
MO,F26,22,8107.097918348363
MO,F26,23,7610.530734430926
MO,F26,24,5672.300716885964
MO,F26,25,8161.497896245113
MO,F26,26,10261.000440434866
MO,F26,27,10908.160737362028
MO,F26,28,7968.728694287247
MO,F26,29,8924.36510711201
MO,F26,30,10025.95114374254
MO,F27,1,3650.1507962106452
MO,F27,2,3375.73629613381
MO,F27,3,3540.24907347723
MO,F27,4,3743.095944838633
MO,F27,5,3352.968863581187
MO,F27,6,3513.4657778533538
MO,F27,7,3586.3583151963526
MO,F27,8,3538.683314731563
MO,F27,9,3733.807974503375
MO,F27,10,3626.0096186352903
MO,F27,11,3540.816655393609
MO,F27,12,3601.3734059395324
MO,F27,13,3453.994793825268
MO,F27,14,3630.6748831456403
MO,F27,15,3540.4850962990595
MO,F27,16,3442.516842677327
MO,F27,17,3654.639304303473
MO,F27,18,3721.7132178153306
MO,F27,19,3787.1142290528096
MO,F27,20,3621.9291633718276
MO,F27,21,3496.3393560370023
MO,F27,22,3612.6749300413426
MO,F27,23,3787.0848562504902
MO,F27,24,3526.070217409767
MO,F27,25,3606.9767868219515
MO,F27,26,3332.1944829253302
MO,F27,27,3753.273129719783
MO,F27,28,3497.228033048699
MO,F27,29,3514.7736334625106
MO,F27,30,3746.898551354486
MO,F28,1,4607.813017059963
MO,F28,2,4854.27444526744
MO,F28,3,5825.732705968389
MO,F28,4,4341.152098069872
MO,F28,5,5141.058312241143
MO,F28,6,4434.911620388207
MO,F28,7,4974.538901603878
MO,F28,8,5281.603941709163
MO,F28,9,4548.750735872663
MO,F28,10,5238.948754725905
MO,F28,11,3900.7530589692315
MO,F28,12,4545.576177389821
MO,F28,13,5229.2214393559625
MO,F28,14,5030.457209569463
MO,F28,15,4773.802071784159
MO,F28,16,4801.944222700427
MO,F28,17,5259.9794380899475
MO,F28,18,5028.351729570011
MO,F28,19,4890.663777573383
MO,F28,20,3883.542874754493
MO,F28,21,4605.288039152838
MO,F28,22,4340.62523400485
MO,F28,23,5190.903006753152
MO,F28,24,4010.2423731330446
MO,F28,25,4419.677087949191
MO,F28,26,4531.257141111068
MO,F28,27,4572.938186918686
MO,F28,28,6270.378494548759
MO,F28,29,4837.36532936032
MO,F28,30,4310.907439166498
MO,F29,1,6156.1137864300235
MO,F29,2,6244.99735803592
MO,F29,3,5009.043013165294
MO,F29,4,4411.473984088905
MO,F29,5,5791.453134564226
MO,F29,6,5596.920129312474
MO,F29,7,4972.853722712523
MO,F29,8,4917.014537761546
MO,F29,9,6176.064143490963
MO,F29,10,5358.521165721942
MO,F29,11,5321.270068419499
MO,F29,12,4599.765344958918
MO,F29,13,4900.107698565043
MO,F29,14,5908.288834010036
MO,F29,15,5308.911339752343
MO,F29,16,7098.717773285683
MO,F29,17,5065.961592326072
MO,F29,18,5845.9655774837665
MO,F29,19,5211.269759380997
MO,F29,20,5976.563851047844
MO,F29,21,5827.644854904664
MO,F29,22,5648.483575256504
MO,F29,23,5562.021489670392
MO,F29,24,5078.474800092502
MO,F29,25,5871.977768484856
MO,F29,26,4983.0930053598195
MO,F29,27,5943.634494430897
MO,F29,28,5968.817121701557
MO,F29,29,5827.720621064328
MO,F29,30,5558.137271147542
MO,F30,1,123447520.95061389
MO,F30,2,117038998.78702325
MO,F30,3,400764747.34142977
MO,F30,4,102297413.32451373
MO,F30,5,124080627.32983547
MO,F30,6,101155934.3938667
MO,F30,7,37025911.15774379
MO,F30,8,54477535.693881676
MO,F30,9,131303422.96620676
MO,F30,10,401269735.67371774
MO,F30,11,262654746.70082712
MO,F30,12,94995855.35876787
MO,F30,13,70563203.87801869
MO,F30,14,345046690.0606103
MO,F30,15,118720495.41882895
MO,F30,16,117406237.48785987
MO,F30,17,36449167.867063195
MO,F30,18,75502629.83634925
MO,F30,19,92417628.91101106
MO,F30,20,140226212.91018254
MO,F30,21,135248700.05035877
MO,F30,22,208404264.77709407
MO,F30,23,179927929.04750413
MO,F30,24,25418849.45466615
MO,F30,25,12665018.93052998
MO,F30,26,29632820.17042861
MO,F30,27,186571151.09051117
MO,F30,28,67874833.06025736
MO,F30,29,56558123.12476428
MO,F30,30,233313004.66954786
NDO,F1,1,3714188.4219703353
NDO,F1,2,356561.7675574147
NDO,F1,3,156102.96435607268
NDO,F1,4,174118.28896177854
NDO,F1,5,2077266.9002756937
NDO,F1,6,139964.15924601228
NDO,F1,7,344901.60535736685
NDO,F1,8,85251.60503626955
NDO,F1,9,638488.9743434465
NDO,F1,10,16111.961143405228
NDO,F1,11,352425.69806235476
NDO,F1,12,14914717.537495298
NDO,F1,13,563295.7669622083
NDO,F1,14,256023.50896288987
NDO,F1,15,464568.8803629088
NDO,F1,16,87766.0479521974
NDO,F1,17,69894.20151660178
NDO,F1,18,241577.79928141006
NDO,F1,19,138597.86867289172
NDO,F1,20,1827511.7206557377
NDO,F1,21,41029.967017124996
NDO,F1,22,3918790.402115542
NDO,F1,23,43987.58892076127
NDO,F1,24,75554.29813752805
NDO,F1,25,299388.2824261703
NDO,F1,26,124844.45086243331
NDO,F1,27,79127.64222162138
NDO,F1,28,122729.22430193689
NDO,F1,29,86096.64762753878
NDO,F1,30,242098.50267926455
NDO,F3,1,107317.94714885892
NDO,F3,2,116985.86695952638
NDO,F3,3,84647.54569612489
NDO,F3,4,76861.2104899976
NDO,F3,5,108478.07588010242
NDO,F3,6,99630.08903230393
NDO,F3,7,85189.09918779232
NDO,F3,8,47524.336879309325
NDO,F3,9,125025.61333071154
NDO,F3,10,134897.27603837094
NDO,F3,11,93879.47258706184
NDO,F3,12,105432.6373110652
NDO,F3,13,86821.4778460064
NDO,F3,14,118747.7376130274
NDO,F3,15,109697.35025459931
NDO,F3,16,94650.07557550154
NDO,F3,17,81061.8530775477
NDO,F3,18,66924.46224520431
NDO,F3,19,73936.99968550153
NDO,F3,20,78985.80622864359
NDO,F3,21,133591.82225546747
NDO,F3,22,65674.570891193
NDO,F3,23,109681.58201303592
NDO,F3,24,92802.72592820227
NDO,F3,25,110713.39608053747
NDO,F3,26,112545.96473550874
NDO,F3,27,100387.33509052046
NDO,F3,28,74539.85942303525
NDO,F3,29,87392.96174294541
NDO,F3,30,102195.8619431184
NDO,F4,1,491.5658120098501
NDO,F4,2,549.6734367975027
NDO,F4,3,539.7103156030867
NDO,F4,4,543.6710836842624
NDO,F4,5,575.9851283795591
NDO,F4,6,472.8570818719029
NDO,F4,7,517.5087796196535
NDO,F4,8,414.2139044354242
NDO,F4,9,489.5873785502896
NDO,F4,10,484.4057621067799
NDO,F4,11,520.028234497737
NDO,F4,12,508.10573407435356
NDO,F4,13,537.4933175281873
NDO,F4,14,478.66655683490455
NDO,F4,15,517.3449388399413
NDO,F4,16,505.9072938366155
NDO,F4,17,489.8396616543448
NDO,F4,18,527.4588012931634
NDO,F4,19,439.2900187098302
NDO,F4,20,522.8371375349703
NDO,F4,21,482.309031463635
NDO,F4,22,519.0875787099937
NDO,F4,23,547.7036183613757
NDO,F4,24,520.17982777541
NDO,F4,25,557.3879057656407
NDO,F4,26,518.4686536503095
NDO,F4,27,549.4048406822124
NDO,F4,28,518.6136913440841
NDO,F4,29,513.6493078236538
NDO,F4,30,541.2165856186359
NDO,F5,1,654.2725616502233
NDO,F5,2,669.0570711856524
NDO,F5,3,571.3540259497677
NDO,F5,4,607.4966420680661
NDO,F5,5,618.1134558314402
NDO,F5,6,595.2850043408574
NDO,F5,7,613.0555098090563
NDO,F5,8,619.7916238933102
NDO,F5,9,569.2122208673052
NDO,F5,10,556.1422054967359
NDO,F5,11,618.7434754598777
NDO,F5,12,634.5835195702178
NDO,F5,13,636.7821168047132
NDO,F5,14,584.7661194704665
NDO,F5,15,581.4273190492312
NDO,F5,16,622.0931397492618
NDO,F5,17,634.966669830754
NDO,F5,18,582.9077352365068
NDO,F5,19,583.3666309258763
NDO,F5,20,565.0064990173785
NDO,F5,21,686.5861842766024
NDO,F5,22,575.5259755133405
NDO,F5,23,615.6512985671454
NDO,F5,24,563.5152297098974
NDO,F5,25,570.7581051648413
NDO,F5,26,574.9640656270444
NDO,F5,27,552.9879175622387
NDO,F5,28,575.079679051286
NDO,F5,29,623.0053438094756
NDO,F5,30,559.0925136860332
NDO,F6,1,603.316293847219
NDO,F6,2,610.517238168296
NDO,F6,3,604.4277641790203
NDO,F6,4,607.3779309519274
NDO,F6,5,614.479115540867
NDO,F6,6,606.962547708322
NDO,F6,7,602.4203535317032
NDO,F6,8,618.3332899751343
NDO,F6,9,607.7484339985066
NDO,F6,10,609.4781827912453
NDO,F6,11,610.0016861658677
NDO,F6,12,609.1694617270305
NDO,F6,13,605.9143411491763
NDO,F6,14,614.0799678517632
NDO,F6,15,616.6016187315596
NDO,F6,16,610.4272894180775
NDO,F6,17,608.2029771634138
NDO,F6,18,602.9694374170771
NDO,F6,19,602.2344830561268
NDO,F6,20,602.5687723662928
NDO,F6,21,615.2527441204019
NDO,F6,22,606.7118656142713
NDO,F6,23,604.9677156797599
NDO,F6,24,604.1497569300765
NDO,F6,25,603.7509515631997
NDO,F6,26,604.6555074215121
NDO,F6,27,604.149934563451
NDO,F6,28,603.0745626031793
NDO,F6,29,614.9525429947494
NDO,F6,30,603.0033998581212
NDO,F7,1,938.8809859986809
NDO,F7,2,905.4394932844531
NDO,F7,3,945.6992653716511
NDO,F7,4,850.7641819155085
NDO,F7,5,862.2083328079608
NDO,F7,6,878.291146672125
NDO,F7,7,951.2135867220009
NDO,F7,8,937.2974903320471
NDO,F7,9,842.6523069969035
NDO,F7,10,924.4244255278998
NDO,F7,11,905.809006967236
NDO,F7,12,824.3010157419781
NDO,F7,13,870.7278260704765
NDO,F7,14,941.7892793626812
NDO,F7,15,889.5988379851472
NDO,F7,16,912.1797612038308
NDO,F7,17,876.7306114536682
NDO,F7,18,860.0930743801216
NDO,F7,19,846.123567824458
NDO,F7,20,814.8224673621951
NDO,F7,21,877.0875771937235
NDO,F7,22,837.1548258168926
NDO,F7,23,848.9336810638692
NDO,F7,24,880.9728966938835
NDO,F7,25,920.7760684858681
NDO,F7,26,832.3836247333329
NDO,F7,27,976.7247742336208
NDO,F7,28,914.0029489949445
NDO,F7,29,857.8616519783045
NDO,F7,30,925.8287723926169
NDO,F8,1,938.3635325868986
NDO,F8,2,944.8106542468004
NDO,F8,3,881.9299489761356
NDO,F8,4,884.6887738860901
NDO,F8,5,895.2616117298167
NDO,F8,6,910.8057111810627
NDO,F8,7,901.8386344274172
NDO,F8,8,917.9763954720928
NDO,F8,9,882.4709331159464
NDO,F8,10,937.3916119079531
NDO,F8,11,866.8928727508509
NDO,F8,12,858.5765202279002
NDO,F8,13,894.6194476164976
NDO,F8,14,871.5235850537971
NDO,F8,15,911.7118755152037
NDO,F8,16,917.2432992620593
NDO,F8,17,934.6784209708769
NDO,F8,18,1006.6792564559288
NDO,F8,19,939.1092546913233
NDO,F8,20,865.8661136139399
NDO,F8,21,875.6331905196884
NDO,F8,22,876.1367726820564
NDO,F8,23,903.4906800351257
NDO,F8,24,865.8424508626301
NDO,F8,25,872.6822533635279
NDO,F8,26,878.9203353568644
NDO,F8,27,956.4102128248803
NDO,F8,28,924.6540346251077
NDO,F8,29,885.4818987399043
NDO,F8,30,877.0813294542593
NDO,F9,1,1297.3996251882513
NDO,F9,2,2424.347138220636
NDO,F9,3,1418.926133829948
NDO,F9,4,4442.229058599997
NDO,F9,5,1271.621379793477
NDO,F9,6,2270.8767098811713
NDO,F9,7,1998.6679000237625
NDO,F9,8,3271.757027695372
NDO,F9,9,1925.4713443770006
NDO,F9,10,2459.689745295793
NDO,F9,11,1497.354405823317
NDO,F9,12,2942.9132960927745
NDO,F9,13,3445.564611929789
NDO,F9,14,1510.0240024136092
NDO,F9,15,1773.7545069657053
NDO,F9,16,2649.7420256137484
NDO,F9,17,2018.0780182273381
NDO,F9,18,2173.2823027667882
NDO,F9,19,2049.138504945638
NDO,F9,20,2168.0111811752186
NDO,F9,21,1849.5442960083549
NDO,F9,22,1476.0464771379072
NDO,F9,23,2262.670020325281
NDO,F9,24,4524.237310849935
NDO,F9,25,1686.945917646306
NDO,F9,26,1551.465723218499
NDO,F9,27,2174.4330653317675
NDO,F9,28,2919.1724483746307
NDO,F9,29,1188.6473006792628
NDO,F9,30,2844.4630199520334
NDO,F10,1,5264.9998294449415
NDO,F10,2,4350.284896658717
NDO,F10,3,4928.260947129613
NDO,F10,4,6477.626549577179
NDO,F10,5,3955.921716642086
NDO,F10,6,5662.412948483237
NDO,F10,7,6075.37280036937
NDO,F10,8,5542.908959500767
NDO,F10,9,6327.559345073214
NDO,F10,10,7334.259322891762
NDO,F10,11,8650.734787860198
NDO,F10,12,8432.156491898677
NDO,F10,13,4748.84682876099
NDO,F10,14,5262.079748900365
NDO,F10,15,5067.981768576514
NDO,F10,16,5702.177268859563
NDO,F10,17,8244.951917866805
NDO,F10,18,6550.823617504467
NDO,F10,19,6248.356885012709
NDO,F10,20,5107.257711524564
NDO,F10,21,7566.543756023544
NDO,F10,22,6681.681668772651
NDO,F10,23,6746.841715858017
NDO,F10,24,8398.102515482224
NDO,F10,25,5997.814742955642
NDO,F10,26,6003.356647477474
NDO,F10,27,5016.751016603968
NDO,F10,28,5131.267656729569
NDO,F10,29,8023.991219074711
NDO,F10,30,5430.8177920377675
NDO,F11,1,1212.9506280848623
NDO,F11,2,1462.2956752151058
NDO,F11,3,1293.7589254837792
NDO,F11,4,1162.3530670198325
NDO,F11,5,1263.690128662328
NDO,F11,6,1355.9980908065497
NDO,F11,7,1267.6238490618932
NDO,F11,8,1259.8252544067016
NDO,F11,9,1477.360485245583
NDO,F11,10,1211.8980909419147
NDO,F11,11,1258.3235951614827
NDO,F11,12,1234.1522553613281
NDO,F11,13,1300.5635119562521
NDO,F11,14,1199.837441962202
NDO,F11,15,1212.731834548324
NDO,F11,16,1203.7815893060867
NDO,F11,17,1200.9917279688123
NDO,F11,18,1207.3991802238295
NDO,F11,19,1201.1615443488017
NDO,F11,20,1220.0652144166788
NDO,F11,21,1235.3974577021831
NDO,F11,22,1255.4552623267837
NDO,F11,23,1235.0571350742987
NDO,F11,24,1283.794636645326
NDO,F11,25,1232.6305509894141
NDO,F11,26,1241.238655339122
NDO,F11,27,1314.3524072696794
NDO,F11,28,1270.8988746947275
NDO,F11,29,1275.3502992227507
NDO,F11,30,1342.3213940464598
NDO,F12,1,398564.44111660845
NDO,F12,2,403185.4894153951
NDO,F12,3,2599150.624896033
NDO,F12,4,1220585.587156658
NDO,F12,5,748601.3387382859
NDO,F12,6,4304173.912915974
NDO,F12,7,112379.87846389445
NDO,F12,8,39648.72345967671
NDO,F12,9,155101.5773061572
NDO,F12,10,395709.9857625702
NDO,F12,11,1654197.0336819873
NDO,F12,12,2015072.1998949214
NDO,F12,13,23847.123799083278
NDO,F12,14,317099.1771045691
NDO,F12,15,994757.3935140683
NDO,F12,16,1110505.6912110162
NDO,F12,17,2213192.0375563726
NDO,F12,18,1950633.237175384
NDO,F12,19,2745222.0486276574
NDO,F12,20,929671.6424070768
NDO,F12,21,244180.01085305962
NDO,F12,22,253596.0095880872
NDO,F12,23,2006267.222191201
NDO,F12,24,758349.5491804965
NDO,F12,25,611005.8428467484
NDO,F12,26,1000427.4229557654
NDO,F12,27,824706.9130486028
NDO,F12,28,316988.0415887769
NDO,F12,29,1230704.697734987
NDO,F12,30,1652043.7358850772
NDO,F13,1,4535.921294579433
NDO,F13,2,8234.928510019636
NDO,F13,3,31840.40590046268
NDO,F13,4,5505.535687605121
NDO,F13,5,26546.367060666686
NDO,F13,6,3226.7802438390872
NDO,F13,7,32283.824752118413
NDO,F13,8,6218.1101751477345
NDO,F13,9,58696.697042350395
NDO,F13,10,2419.1885447259656
NDO,F13,11,13947.389339581217
NDO,F13,12,6829.505135667327
NDO,F13,13,19715.000666146254
NDO,F13,14,2547.78263789974
NDO,F13,15,2869.6331090210742
NDO,F13,16,12341.677299341347
NDO,F13,17,38772.30939730022
NDO,F13,18,33305.07221158834
NDO,F13,19,16848.70678598885
NDO,F13,20,4436.602396923213
NDO,F13,21,18098.45348619595
NDO,F13,22,6332.062489033626
NDO,F13,23,15966.796148181562
NDO,F13,24,13751.19498363754
NDO,F13,25,28765.53169348917
NDO,F13,26,8460.42913778382
NDO,F13,27,4468.213994367946
NDO,F13,28,31435.660402825833
NDO,F13,29,5557.775972803844
NDO,F13,30,3941.708336517542
NDO,F14,1,126604.15550468848
NDO,F14,2,80168.43719411483
NDO,F14,3,64675.42950144953
NDO,F14,4,11929.218975282203
NDO,F14,5,10751.321362359062
NDO,F14,6,3890.2409831010045
NDO,F14,7,155836.46524469205
NDO,F14,8,5646.393071697309
NDO,F14,9,58733.34573110619
NDO,F14,10,48493.93792738753
NDO,F14,11,16636.81397812094
NDO,F14,12,87423.83754667599
NDO,F14,13,111006.46049222519
NDO,F14,14,7423.593275302819
NDO,F14,15,21761.01713704728
NDO,F14,16,19941.502288143074
NDO,F14,17,41626.68103701513
NDO,F14,18,21808.048686610953
NDO,F14,19,12118.972238793314
NDO,F14,20,108093.45749953068
NDO,F14,21,44413.56100018666
NDO,F14,22,47423.26551631342
NDO,F14,23,36763.3332264881
NDO,F14,24,22936.729352558534
NDO,F14,25,58331.51011016928
NDO,F14,26,48469.77458275191
NDO,F14,27,35861.2640989928
NDO,F14,28,140487.8114611624
NDO,F14,29,46709.575983109346
NDO,F14,30,103807.95534340729
NDO,F15,1,3532.8008753440267
NDO,F15,2,6196.8822141138135
NDO,F15,3,2259.939195733946
NDO,F15,4,22744.78628310312
NDO,F15,5,30906.96030274967
NDO,F15,6,16237.375433433335
NDO,F15,7,9635.557523181804
NDO,F15,8,5376.275632491504
NDO,F15,9,19980.3379597286
NDO,F15,10,1860.2903400107684
NDO,F15,11,2840.6355451729105
NDO,F15,12,6372.570817210924
NDO,F15,13,10534.320476289524
NDO,F15,14,4428.156703264132
NDO,F15,15,4177.5410122150115
NDO,F15,16,3373.6458890650542
NDO,F15,17,12713.44612260035
NDO,F15,18,36939.17015478613
NDO,F15,19,6449.2816262567685
NDO,F15,20,4709.3265566402115
NDO,F15,21,2040.0724152512253
NDO,F15,22,1694.274771840478
NDO,F15,23,2945.4546150817087
NDO,F15,24,4521452.3102565445
NDO,F15,25,21055.989079382114
NDO,F15,26,6786.093304279999
NDO,F15,27,2052.280762088949
NDO,F15,28,1605.5265036897172
NDO,F15,29,11961.430635086095
NDO,F15,30,5795.378040621038
NDO,F16,1,2150.4053815263233
NDO,F16,2,2849.0102696816084
NDO,F16,3,3356.964663748199
NDO,F16,4,2189.594355423653
NDO,F16,5,2463.888447931713
NDO,F16,6,2601.97985821041
NDO,F16,7,2486.2356775157587
NDO,F16,8,3174.695812423106
NDO,F16,9,2765.3771851663755
NDO,F16,10,1983.849393868967
NDO,F16,11,2488.2027902780715
NDO,F16,12,3117.1124537717924
NDO,F16,13,2662.9937480432254
NDO,F16,14,2564.8129211532746
NDO,F16,15,2739.2613695636105
NDO,F16,16,2589.418903010424
NDO,F16,17,2579.963926102614
NDO,F16,18,2283.330710573734
NDO,F16,19,2418.2255065941326
NDO,F16,20,2420.3801569797242
NDO,F16,21,2420.345747198222
NDO,F16,22,2682.3360226774603
NDO,F16,23,3049.5390018907283
NDO,F16,24,1729.0813268225745
NDO,F16,25,2005.631571557422
NDO,F16,26,2596.573032896613
NDO,F16,27,2310.6705864148066
NDO,F16,28,2600.6399146437307
NDO,F16,29,3050.720632647065
NDO,F16,30,2616.481687647631
NDO,F17,1,1884.680962613665
NDO,F17,2,2047.109278435003
NDO,F17,3,1777.0845165455528
NDO,F17,4,1768.2516749991873
NDO,F17,5,2495.4002322701367
NDO,F17,6,2000.4176148638112
NDO,F17,7,2194.827914009293
NDO,F17,8,2533.2425210782512
NDO,F17,9,2239.546573175312
NDO,F17,10,1913.6975910442138
NDO,F17,11,2278.066006638145
NDO,F17,12,1783.1601569162826
NDO,F17,13,2117.1043603241465
NDO,F17,14,1799.4444466345983
NDO,F17,15,2281.195386212584
NDO,F17,16,1839.1671706314637
NDO,F17,17,1913.4184464861373
NDO,F17,18,1818.6245598639528
NDO,F17,19,2376.349017506207
NDO,F17,20,2012.918487354103
NDO,F17,21,2072.643248527717
NDO,F17,22,2654.383307959326
NDO,F17,23,1906.3345414681883
NDO,F17,24,2298.4891259555325
NDO,F17,25,2224.5985710263158
NDO,F17,26,2152.606451183294
NDO,F17,27,1898.23004429193
NDO,F17,28,2175.019732693095
NDO,F17,29,2074.2487345477725
NDO,F17,30,2317.943545546441
NDO,F18,1,968882.5540783317
NDO,F18,2,350637.36943913973
NDO,F18,3,812502.5513096004
NDO,F18,4,426225.30871524295
NDO,F18,5,1395085.757256789
NDO,F18,6,1077382.7384063823
NDO,F18,7,2494778.5841813446
NDO,F18,8,931919.7713557177
NDO,F18,9,595348.4365904242
NDO,F18,10,794953.5266507961
NDO,F18,11,4479229.009705959
NDO,F18,12,487411.0592659212
NDO,F18,13,1207323.398006986
NDO,F18,14,239784.8972408265
NDO,F18,15,504688.2301063561
NDO,F18,16,1531516.419060274
NDO,F18,17,262554.3583917806
NDO,F18,18,177231.64739211762
NDO,F18,19,339070.5451788607
NDO,F18,20,374135.64778318844
NDO,F18,21,276859.62288270844
NDO,F18,22,2023199.4311310444
NDO,F18,23,585227.251418302
NDO,F18,24,2884944.461945839
NDO,F18,25,94845.8106570087
NDO,F18,26,86675.78743973552
NDO,F18,27,8090288.280390452
NDO,F18,28,1611666.2147790731
NDO,F18,29,3085331.770931779
NDO,F18,30,10074291.41355034
NDO,F19,1,13137.681285219498
NDO,F19,2,3148.9741576183565
NDO,F19,3,3609.81530129741
NDO,F19,4,2737.3505695180174
NDO,F19,5,3646.1389576050683
NDO,F19,6,11538.572134269843
NDO,F19,7,16321.264483892226
NDO,F19,8,2904.135578924275
NDO,F19,9,9840.915609900856
NDO,F19,10,4907.908075469063
NDO,F19,11,23132.112865016705
NDO,F19,12,8123.355341545082
NDO,F19,13,7031.425395523838
NDO,F19,14,11545.688628426318
NDO,F19,15,3574.5466075415525
NDO,F19,16,8004.7566016191
NDO,F19,17,7205.090448309092
NDO,F19,18,2735.7529623974838
NDO,F19,19,7148.270931467465
NDO,F19,20,2310.9607342915137
NDO,F19,21,53351.010051975674
NDO,F19,22,11547.020042556489
NDO,F19,23,8654.313265137054
NDO,F19,24,13518.356937995228
NDO,F19,25,4663.740750450965
NDO,F19,26,24169.30703504771
NDO,F19,27,6376.977351328228
NDO,F19,28,9169.092765356481
NDO,F19,29,3029.5674984355637
NDO,F19,30,5067.892532388797
NDO,F20,1,2417.4201001767274
NDO,F20,2,2483.6776586176743
NDO,F20,3,2404.014091720437
NDO,F20,4,2657.6105685882285
NDO,F20,5,2636.0823825425377
NDO,F20,6,2541.5142462506005
NDO,F20,7,2562.949103400207
NDO,F20,8,2346.4455850707363
NDO,F20,9,2611.688385638856
NDO,F20,10,2629.204044031202
NDO,F20,11,2593.164957947204
NDO,F20,12,2401.614259090153
NDO,F20,13,2549.95189336907
NDO,F20,14,2460.4364122526026
NDO,F20,15,2288.9137438955368
NDO,F20,16,2454.267653486535
NDO,F20,17,2347.6569249967015
NDO,F20,18,2730.849151688073
NDO,F20,19,2300.626299878451
NDO,F20,20,2404.986131956158
NDO,F20,21,2453.0014725354
NDO,F20,22,2351.120583127282
NDO,F20,23,2193.397601757334
NDO,F20,24,2532.093523192831
NDO,F20,25,2232.486791322278
NDO,F20,26,2518.5909924177495
NDO,F20,27,2079.531039882943
NDO,F20,28,2301.463796925022
NDO,F20,29,2406.431790494857
NDO,F20,30,2514.904420022942
NDO,F21,1,2367.345291983402
NDO,F21,2,2371.56477998768
NDO,F21,3,2391.4397034697104
NDO,F21,4,2372.5887909340004
NDO,F21,5,2385.821351928956
NDO,F21,6,2413.4223110117855
NDO,F21,7,2377.866371188209
NDO,F21,8,2391.4050187242556
NDO,F21,9,2386.1895897516592
NDO,F21,10,2394.9783444446034
NDO,F21,11,2368.445672603023
NDO,F21,12,2412.9311836687643
NDO,F21,13,2428.343274827585
NDO,F21,14,2385.558406871338
NDO,F21,15,2405.2992069459006
NDO,F21,16,2376.6792602428213
NDO,F21,17,2360.779409241738
NDO,F21,18,2365.766019296794
NDO,F21,19,2444.9843194646874
NDO,F21,20,2399.9144436944107
NDO,F21,21,2457.3627373177615
NDO,F21,22,2395.7613282088823
NDO,F21,23,2360.3508551112773
NDO,F21,24,2394.441337423303
NDO,F21,25,2401.946223680261
NDO,F21,26,2408.704961502728
NDO,F21,27,2399.0949975340636
NDO,F21,28,2357.6054316103887
NDO,F21,29,2422.9034892699324
NDO,F21,30,2414.3397896063952
NDO,F22,1,2306.257210595592
NDO,F22,2,2302.326229029335
NDO,F22,3,2314.8477421503153
NDO,F22,4,2306.1581679110527
NDO,F22,5,2343.4433435139968
NDO,F22,6,2305.545366108857
NDO,F22,7,2319.371819722158
NDO,F22,8,2308.131405300513
NDO,F22,9,2309.531544144507
NDO,F22,10,2315.8730439756896
NDO,F22,11,2310.7742063256487
NDO,F22,12,2304.364895531464
NDO,F22,13,2327.793142149062
NDO,F22,14,2331.406714941091
NDO,F22,15,2307.794173297229
NDO,F22,16,2301.728439206725
NDO,F22,17,2324.524226090166
NDO,F22,18,2317.1095463716715
NDO,F22,19,2307.0329789660977
NDO,F22,20,2310.671609490337
NDO,F22,21,2313.8661887452654
NDO,F22,22,2309.7502649577327
NDO,F22,23,2311.1362737176396
NDO,F22,24,2305.813420639178
NDO,F22,25,2303.4617576214705
NDO,F22,26,7071.131258723211
NDO,F22,27,2308.0844113297203
NDO,F22,28,2315.6474546678046
NDO,F22,29,2303.671725930547
NDO,F22,30,7817.7462882291875
NDO,F23,1,2803.5861536074344
NDO,F23,2,2793.7593072218365
NDO,F23,3,2715.818736330766
NDO,F23,4,2748.0965016475056
NDO,F23,5,2787.8042882414748
NDO,F23,6,2742.5289131103796
NDO,F23,7,2742.470452607297
NDO,F23,8,2818.056057033369
NDO,F23,9,2760.570736218465
NDO,F23,10,2784.524141799805
NDO,F23,11,2808.9290668619888
NDO,F23,12,2738.065570581067
NDO,F23,13,2755.046505095543
NDO,F23,14,2734.3877965495567
NDO,F23,15,2701.709161139635
NDO,F23,16,2744.7903200911783
NDO,F23,17,2788.3025353846197
NDO,F23,18,2781.5059644881726
NDO,F23,19,2745.0677611587503
NDO,F23,20,2761.7188781711793
NDO,F23,21,2747.1171465666453
NDO,F23,22,2763.4484830749566
NDO,F23,23,2764.6369809294424
NDO,F23,24,2757.51417775126
NDO,F23,25,2756.5500121495315
NDO,F23,26,2742.5428641875333
NDO,F23,27,2794.4250336448445
NDO,F23,28,2721.1443781142307
NDO,F23,29,2710.0310334742135
NDO,F23,30,2769.5543261967346
NDO,F24,1,2942.6058738679094
NDO,F24,2,2924.542476125829
NDO,F24,3,2935.434352216956
NDO,F24,4,2950.9224373732677
NDO,F24,5,2962.589314333348
NDO,F24,6,2933.7449830159967
NDO,F24,7,2932.0258860758095
NDO,F24,8,2901.7298541170335
NDO,F24,9,2932.6221207536682
NDO,F24,10,2985.650376757038
NDO,F24,11,2949.9987791401963
NDO,F24,12,2877.37291533727
NDO,F24,13,2969.7713166997096
NDO,F24,14,3003.943467998669
NDO,F24,15,2981.565382363181
NDO,F24,16,2942.475573256884
NDO,F24,17,2909.784440181766
NDO,F24,18,2920.8951054824684
NDO,F24,19,2978.3455303096343
NDO,F24,20,2912.448171249725
NDO,F24,21,2916.453421212391
NDO,F24,22,3189.5665196224018
NDO,F24,23,2961.8724414243693
NDO,F24,24,2907.6802041147807
NDO,F24,25,2896.498728288526
NDO,F24,26,2930.3821161218552
NDO,F24,27,2940.5045322956375
NDO,F24,28,2942.1367273690225
NDO,F24,29,2912.2634457727186
NDO,F24,30,2942.67344104687
NDO,F25,1,2908.1859004966072
NDO,F25,2,2894.027366125984
NDO,F25,3,2931.0262857998023
NDO,F25,4,2906.1457310438445
NDO,F25,5,2896.6032823015466
NDO,F25,6,2944.0969979545316
NDO,F25,7,2924.289630903796
NDO,F25,8,2930.6870691777367
NDO,F25,9,2950.295818561818
NDO,F25,10,2946.8594582632777
NDO,F25,11,2888.2314910815826
NDO,F25,12,2913.4291391816446
NDO,F25,13,2893.7751460949617
NDO,F25,14,2884.438208315832
NDO,F25,15,2892.7439139262538
NDO,F25,16,2920.526173897918
NDO,F25,17,2937.11408563485
NDO,F25,18,2893.982839404459
NDO,F25,19,2929.0140699860076
NDO,F25,20,2922.774604045428
NDO,F25,21,2905.262886634168
NDO,F25,22,2920.3528316356737
NDO,F25,23,2918.333639181479
NDO,F25,24,2940.436433815151
NDO,F25,25,2888.438755398413
NDO,F25,26,2927.6274545824435
NDO,F25,27,2930.8430847709096
NDO,F25,28,2910.0394009863044
NDO,F25,29,2921.4115560262203
NDO,F25,30,2925.0350928261123
NDO,F26,1,5138.891431583529
NDO,F26,2,5244.153977950782
NDO,F26,3,5633.5683524210535
NDO,F26,4,5111.804064025232
NDO,F26,5,5508.846381417654
NDO,F26,6,3234.745277607947
NDO,F26,7,5383.317342911943
NDO,F26,8,2809.597138629226
NDO,F26,9,5816.673559389771
NDO,F26,10,2807.936937563883
NDO,F26,11,4659.5335097697425
NDO,F26,12,4605.329283678144
NDO,F26,13,6230.21994918982
NDO,F26,14,4945.070332632929
NDO,F26,15,5219.910457772901
NDO,F26,16,5140.750344917333
NDO,F26,17,2993.5192968814963
NDO,F26,18,4212.3492091926755
NDO,F26,19,4389.904821610555
NDO,F26,20,4269.165044973136
NDO,F26,21,5086.213741321675
NDO,F26,22,5956.023423598598
NDO,F26,23,6314.640284275198
NDO,F26,24,5319.393247595187
NDO,F26,25,5241.879853371518
NDO,F26,26,5530.173721163378
NDO,F26,27,5219.646021537912
NDO,F26,28,2806.369591403344
NDO,F26,29,4829.389040407113
NDO,F26,30,3289.83497319683
NDO,F27,1,3235.0420662140414
NDO,F27,2,3241.39404286631
NDO,F27,3,3280.8496782346247
NDO,F27,4,3214.199323651444
NDO,F27,5,3257.414766060021
NDO,F27,6,3329.229015642011
NDO,F27,7,3244.051202779221
NDO,F27,8,3252.47010739049
NDO,F27,9,3253.883245589839
NDO,F27,10,3251.8207806096198
NDO,F27,11,3317.872541387706
NDO,F27,12,3281.368180418275
NDO,F27,13,3306.3465433446277
NDO,F27,14,3276.073672024422
NDO,F27,15,3274.210816847925
NDO,F27,16,3262.709783381758
NDO,F27,17,3239.8582413090708
NDO,F27,18,3296.6843358520127
NDO,F27,19,3247.0995362259846
NDO,F27,20,3282.9533247623353
NDO,F27,21,3237.1524073841156
NDO,F27,22,3259.2392751307793
NDO,F27,23,3245.0853882910856
NDO,F27,24,3231.442222704819
NDO,F27,25,3277.9930430955674
NDO,F27,26,3257.4082380280033
NDO,F27,27,3251.699451303424
NDO,F27,28,3237.142225830282
NDO,F27,29,3288.4657754932778
NDO,F27,30,3246.4158837347
NDO,F28,1,3301.2259961038562
NDO,F28,2,3219.706456908895
NDO,F28,3,3223.0253167468663
NDO,F28,4,3304.175430533218
NDO,F28,5,3264.660983758829
NDO,F28,6,3331.1976265822104
NDO,F28,7,3236.298099076331
NDO,F28,8,3247.2252826425465
NDO,F28,9,3278.8890146473536
NDO,F28,10,3275.157004196477
NDO,F28,11,3315.681276410394
NDO,F28,12,3278.838016568908
NDO,F28,13,3307.771367252767
NDO,F28,14,3369.485655351901
NDO,F28,15,3239.60097985105
NDO,F28,16,3251.2317157420075
NDO,F28,17,3228.1843551633883
NDO,F28,18,3281.1671498501278
NDO,F28,19,3244.202765000219
NDO,F28,20,3294.8093059775847
NDO,F28,21,3262.8498997407787
NDO,F28,22,3294.6472945941373
NDO,F28,23,3351.2892817790002
NDO,F28,24,3282.83284712667
NDO,F28,25,3228.2501841961416
NDO,F28,26,3280.6220067440254
NDO,F28,27,3231.648854664484
NDO,F28,28,3284.40761592476
NDO,F28,29,3287.083859194479
NDO,F28,30,3267.5582771742584
NDO,F29,1,3690.9093499501687
NDO,F29,2,3715.1244572640826
NDO,F29,3,3869.0979425511796
NDO,F29,4,3614.8236198873115
NDO,F29,5,4280.426762319794
NDO,F29,6,3723.9328286459067
NDO,F29,7,3634.290042478803
NDO,F29,8,4346.561715640896
NDO,F29,9,3791.4301096229874
NDO,F29,10,3887.909876504168
NDO,F29,11,3624.684550782389
NDO,F29,12,3904.6512612577153
NDO,F29,13,3677.388791459885
NDO,F29,14,4129.595139863468
NDO,F29,15,3869.5641463841016
NDO,F29,16,3784.9594299608007
NDO,F29,17,3729.1072847738183
NDO,F29,18,3584.5952152689606
NDO,F29,19,3837.6996582299525
NDO,F29,20,3664.1870365416785
NDO,F29,21,3794.782661614347
NDO,F29,22,3488.025625130214
NDO,F29,23,3713.736997603199
NDO,F29,24,3635.4531183658955
NDO,F29,25,3650.4776808300535
NDO,F29,26,3679.687751120745
NDO,F29,27,4048.2151558670694
NDO,F29,28,3698.5120130274804
NDO,F29,29,3732.3605282455874
NDO,F29,30,4058.501805418152
NDO,F30,1,97936.3186135407
NDO,F30,2,15493.032368244203
NDO,F30,3,14996.453987322022
NDO,F30,4,17341.023180679676
NDO,F30,5,15050.639675753035
NDO,F30,6,14607.270808562735
NDO,F30,7,18863.851181124086
NDO,F30,8,13416.740955913352
NDO,F30,9,21184.278427464873
NDO,F30,10,16513.41263012243
NDO,F30,11,14006.596097635169
NDO,F30,12,26577.628517296245
NDO,F30,13,14461.376961375416
NDO,F30,14,10348.620778967406
NDO,F30,15,8943.191044222729
NDO,F30,16,21196.15577989593
NDO,F30,17,18537.254984045227
NDO,F30,18,20988.353346917953
NDO,F30,19,12233.826940325951
NDO,F30,20,16292.483237551807
NDO,F30,21,31756.387705828092
NDO,F30,22,9939.041262166384
NDO,F30,23,13846.862224856264
NDO,F30,24,40525.16402604588
NDO,F30,25,9851.57135752969
NDO,F30,26,19194.57869011375
NDO,F30,27,44781.97532228289
NDO,F30,28,18350.16711759774
NDO,F30,29,16703.718569509878
NDO,F30,30,194689.834656848
NGO,F1,1,24811602.635064725
NGO,F1,2,9173669.64596453
NGO,F1,3,21878362.218802653
NGO,F1,4,8518176.134590639
NGO,F1,5,27099575.727717087
NGO,F1,6,1299265699.7573037
NGO,F1,7,4070705.1697521536
NGO,F1,8,14343817.953568053
NGO,F1,9,115666294.40834847
NGO,F1,10,357046983.3500949
NGO,F1,11,2211202.9046692876
NGO,F1,12,15662821.316568505
NGO,F1,13,24624094.504210502
NGO,F1,14,27188800.926660355
NGO,F1,15,63693587.1004967
NGO,F1,16,61133455.60402677
NGO,F1,17,4726993.407277561
NGO,F1,18,451210339.71644616
NGO,F1,19,853413796.4400905
NGO,F1,20,11815237.687368104
NGO,F1,21,12863549.678928148
NGO,F1,22,977464398.0524851
NGO,F1,23,3221328.0132645466
NGO,F1,24,333831383.13864094
NGO,F1,25,22563573.22620927
NGO,F1,26,35124753.18556647
NGO,F1,27,72462012.6633597
NGO,F1,28,19204315.830472745
NGO,F1,29,23500339.77425235
NGO,F1,30,125173446.34107874
NGO,F3,1,68646.5875449389
NGO,F3,2,57938.878343888755
NGO,F3,3,68261.34338736904
NGO,F3,4,52838.109507480614
NGO,F3,5,56269.2331507174
NGO,F3,6,69631.31161101382
NGO,F3,7,65842.80814770979
NGO,F3,8,69219.42320401498
NGO,F3,9,50708.3133425009
NGO,F3,10,64867.52099734817
NGO,F3,11,56955.34160445734
NGO,F3,12,59000.107193976975
NGO,F3,13,53704.846669795676
NGO,F3,14,54990.399375663284
NGO,F3,15,55234.45467740199
NGO,F3,16,62365.473905696985
NGO,F3,17,69509.83234072218
NGO,F3,18,57317.9999249313
NGO,F3,19,64194.60391136764
NGO,F3,20,68714.79608889612
NGO,F3,21,61650.385382497356
NGO,F3,22,78605.65471886522
NGO,F3,23,63679.112341267726
NGO,F3,24,55943.58870386877
NGO,F3,25,54110.32108722477
NGO,F3,26,60789.983831335885
NGO,F3,27,61045.74012172246
NGO,F3,28,61467.99097257825
NGO,F3,29,62648.28213999517
NGO,F3,30,66265.12461531351
NGO,F4,1,539.2290860080137
NGO,F4,2,534.0669643665692
NGO,F4,3,517.0732243349106
NGO,F4,4,533.0601396811716
NGO,F4,5,530.8085460822487
NGO,F4,6,550.3650308424822
NGO,F4,7,549.7528132650611
NGO,F4,8,508.77587782508243
NGO,F4,9,510.9722533373023
NGO,F4,10,626.8481907758473
NGO,F4,11,570.5052571234787
NGO,F4,12,564.1127734284928
NGO,F4,13,543.0295787530781
NGO,F4,14,531.7597783582837
NGO,F4,15,537.7040272258505
NGO,F4,16,510.5022677415648
NGO,F4,17,574.3175769151372
NGO,F4,18,528.9276872423543
NGO,F4,19,572.3314802617049
NGO,F4,20,523.8622205178386
NGO,F4,21,534.6446561846669
NGO,F4,22,532.5827948717456
NGO,F4,23,497.8195006734585
NGO,F4,24,528.3635591054885
NGO,F4,25,516.2923988501943
NGO,F4,26,543.4880594454004
NGO,F4,27,509.1046919201028
NGO,F4,28,523.26226585724
NGO,F4,29,532.5211114743438
NGO,F4,30,529.7524145016712
NGO,F5,1,658.8475947438178
NGO,F5,2,741.7909526773477
NGO,F5,3,653.1921487721744
NGO,F5,4,700.0771459643445
NGO,F5,5,689.8806924849654
NGO,F5,6,737.645030982989
NGO,F5,7,685.0274229044464
NGO,F5,8,669.106175408992
NGO,F5,9,696.7471535821678
NGO,F5,10,677.2678561973208
NGO,F5,11,700.9522617737756
NGO,F5,12,685.8813693997719
NGO,F5,13,683.9269846030257
NGO,F5,14,685.2297878339873
NGO,F5,15,699.383966814921
NGO,F5,16,667.6737218793585
NGO,F5,17,679.8448856404415
NGO,F5,18,706.4482944536322
NGO,F5,19,668.1990837418001
NGO,F5,20,702.5723471600089
NGO,F5,21,708.419058174508
NGO,F5,22,744.8132377689327
NGO,F5,23,705.3979638692463
NGO,F5,24,677.9233289658526
NGO,F5,25,701.5853098730797
NGO,F5,26,691.2298775585241
NGO,F5,27,668.9553651230715
NGO,F5,28,689.1082768281594
NGO,F5,29,682.6494046096395
NGO,F5,30,678.2802110746245
NGO,F6,1,613.3225595575327
NGO,F6,2,635.9419223645241
NGO,F6,3,609.8544560834565
NGO,F6,4,623.038963176334
NGO,F6,5,610.4025626124442
NGO,F6,6,631.8998182511755
NGO,F6,7,614.3814128675893
NGO,F6,8,618.4721314498362
NGO,F6,9,624.2678806831851
NGO,F6,10,615.0801064774024
NGO,F6,11,613.7514463362315
NGO,F6,12,624.4684216917124
NGO,F6,13,614.7265049773619
NGO,F6,14,627.73230905694
NGO,F6,15,610.7516975664382
NGO,F6,16,635.6747887562275
NGO,F6,17,609.3308471696721
NGO,F6,18,610.9454080406351
NGO,F6,19,634.9653021156312
NGO,F6,20,619.5894146203424
NGO,F6,21,616.3774745347271
NGO,F6,22,617.6599953186618
NGO,F6,23,620.3548656204337
NGO,F6,24,631.4966800588904
NGO,F6,25,605.3119440296874
NGO,F6,26,606.9708502190412
NGO,F6,27,637.3422296376158
NGO,F6,28,613.4205520755124
NGO,F6,29,641.4402577467447
NGO,F6,30,609.9467682416664
NGO,F7,1,967.813259976069
NGO,F7,2,884.3255019312584
NGO,F7,3,972.245341545113
NGO,F7,4,924.326399974424
NGO,F7,5,897.6751207621227
NGO,F7,6,945.3059985513812
NGO,F7,7,988.142589831603
NGO,F7,8,1003.9616498726807
NGO,F7,9,1025.0622620681152
NGO,F7,10,905.8350683968869
NGO,F7,11,1015.9545473794797
NGO,F7,12,980.9342321470272
NGO,F7,13,936.4418691869043
NGO,F7,14,985.3961742943449
NGO,F7,15,1036.004531399454
NGO,F7,16,1019.6621971311424
NGO,F7,17,930.2262636645897
NGO,F7,18,969.7736887012594
NGO,F7,19,1022.2159270228083
NGO,F7,20,1037.9749049296934
NGO,F7,21,931.2395189812593
NGO,F7,22,926.8136439938239
NGO,F7,23,963.2508815328198
NGO,F7,24,937.5885253725671
NGO,F7,25,962.9335935695557
NGO,F7,26,905.6488880614492
NGO,F7,27,1047.3855892252043
NGO,F7,28,942.9567813827305
NGO,F7,29,937.7588617919821
NGO,F7,30,976.4037772654766
NGO,F8,1,948.918398020996
NGO,F8,2,960.0896666770769
NGO,F8,3,960.3099706258895
NGO,F8,4,954.094612775526
NGO,F8,5,984.0050106534665
NGO,F8,6,962.9629570978236
NGO,F8,7,952.7926254396486
NGO,F8,8,955.9428558327228
NGO,F8,9,941.6812649712951
NGO,F8,10,941.0042252787246
NGO,F8,11,929.1607335694522
NGO,F8,12,980.0282245573819
NGO,F8,13,953.9742326988967
NGO,F8,14,991.896868089968
NGO,F8,15,936.4391657757884
NGO,F8,16,960.7583252315056
NGO,F8,17,978.4162523863475
NGO,F8,18,955.7550157221704
NGO,F8,19,967.4266538822146
NGO,F8,20,922.1370027093196
NGO,F8,21,954.0718310181547
NGO,F8,22,918.0646253721897
NGO,F8,23,972.8526072804281
NGO,F8,24,945.148643136945
NGO,F8,25,961.7820951736855
NGO,F8,26,936.3625505465527
NGO,F8,27,952.5196434851998
NGO,F8,28,946.1978779103787
NGO,F8,29,958.4794730381499
NGO,F8,30,950.4171701504399
NGO,F9,1,2880.7543214209545
NGO,F9,2,2960.4203869034536
NGO,F9,3,1326.10604308633
NGO,F9,4,3110.5996335929453
NGO,F9,5,3457.0840316022104
NGO,F9,6,4332.9504743817415
NGO,F9,7,1896.6521037868245
NGO,F9,8,2510.2818048205963
NGO,F9,9,5123.34600858161
NGO,F9,10,2807.285162551374
NGO,F9,11,2937.3273245754917
NGO,F9,12,2179.0686226273274
NGO,F9,13,5094.650909449343
NGO,F9,14,2365.6030920529865
NGO,F9,15,4734.018515140326
NGO,F9,16,3929.171436611733
NGO,F9,17,4102.020741185399
NGO,F9,18,1787.1815621005153
NGO,F9,19,2966.8205565815183
NGO,F9,20,2283.171915545744
NGO,F9,21,2641.544971516655
NGO,F9,22,2602.070921231406
NGO,F9,23,3919.0013563967054
NGO,F9,24,3043.2870794875726
NGO,F9,25,2752.995735107103
NGO,F9,26,4008.882418358681
NGO,F9,27,1541.5807281460443
NGO,F9,28,3146.6600476781077
NGO,F9,29,2902.4736244502496
NGO,F9,30,3084.049056248301
NGO,F10,1,5660.663906291482
NGO,F10,2,5951.687849392995
NGO,F10,3,5504.399193305209
NGO,F10,4,5356.46633248099
NGO,F10,5,5691.815788136543
NGO,F10,6,5529.351834444128
NGO,F10,7,4637.315933697606
NGO,F10,8,5177.651143104646
NGO,F10,9,5418.4444019906705
NGO,F10,10,5921.061058860184
NGO,F10,11,5354.147916395927
NGO,F10,12,5890.9022512399115
NGO,F10,13,4380.598347537569
NGO,F10,14,5675.939219652268
NGO,F10,15,5450.703685691125
NGO,F10,16,4443.512557101923
NGO,F10,17,5860.378308725296
NGO,F10,18,5827.051476782888
NGO,F10,19,5112.618856934989
NGO,F10,20,6022.715688215858
NGO,F10,21,5227.587094207731
NGO,F10,22,4595.362153164318
NGO,F10,23,5662.385277340522
NGO,F10,24,5834.274103416119
NGO,F10,25,5691.647250895505
NGO,F10,26,5697.634805777202
NGO,F10,27,5559.268069782505
NGO,F10,28,5205.395203574932
NGO,F10,29,5498.403998779261
NGO,F10,30,5405.188541452278
NGO,F11,1,1304.6985907948897
NGO,F11,2,1290.1098980140675
NGO,F11,3,1247.7569372574208
NGO,F11,4,1244.5667816097189
NGO,F11,5,1244.1754355804574
NGO,F11,6,1264.6531670215272
NGO,F11,7,1210.3749587432485
NGO,F11,8,1275.8236833550852
NGO,F11,9,1258.6992865879452
NGO,F11,10,1262.4666643047428
NGO,F11,11,1276.1151927166845
NGO,F11,12,1304.0219461996471
NGO,F11,13,1257.5495668258243
NGO,F11,14,1288.1353121563525
NGO,F11,15,1245.889538753894
NGO,F11,16,1177.1807433511465
NGO,F11,17,1216.410837737124
NGO,F11,18,1192.2833307064977
NGO,F11,19,1204.3881806568431
NGO,F11,20,1250.0943006627117
NGO,F11,21,1269.4997793423877
NGO,F11,22,1257.1967869564778
NGO,F11,23,1208.0980476763211
NGO,F11,24,1273.7155828539787
NGO,F11,25,1264.6054998758073
NGO,F11,26,1295.7886507448266
NGO,F11,27,1297.9340815447283
NGO,F11,28,1278.6221655625225
NGO,F11,29,1253.8808553918125
NGO,F11,30,1257.945819793354
NGO,F12,1,997595.9293063683
NGO,F12,2,1794678.9444272204
NGO,F12,3,418370.29935446527
NGO,F12,4,2898335.6956733726
NGO,F12,5,2196562.4083462106
NGO,F12,6,643311.1792437889
NGO,F12,7,5656263.123946388
NGO,F12,8,2143037.8030839637
NGO,F12,9,1548424.9537161607
NGO,F12,10,1111139.322339426
NGO,F12,11,1062656.7813048551
NGO,F12,12,1473377.575279352
NGO,F12,13,5872242.488682207
NGO,F12,14,1713629.0778024585
NGO,F12,15,2753338.010881515
NGO,F12,16,4885199.118774846
NGO,F12,17,183967.54624793978
NGO,F12,18,879927.9007828478
NGO,F12,19,115713.23847565186
NGO,F12,20,565930.1644854802
NGO,F12,21,1937671.210974505
NGO,F12,22,1299843.2221953075
NGO,F12,23,854378.3364822986
NGO,F12,24,1268886.6898437545
NGO,F12,25,1722661.5289777727
NGO,F12,26,1340523.0306176073
NGO,F12,27,904561.0243712604
NGO,F12,28,2339930.687308083
NGO,F12,29,1858368.3996007836
NGO,F12,30,1545301.251107512
NGO,F13,1,4240.407210708703
NGO,F13,2,28074.865498654042
NGO,F13,3,38528.2086240483
NGO,F13,4,18414.249794599
NGO,F13,5,22957.369075473478
NGO,F13,6,19225.586750698327
NGO,F13,7,22724.228018653717
NGO,F13,8,4768.803882219231
NGO,F13,9,50657.973833943804
NGO,F13,10,41077.42155500244
NGO,F13,11,11181.753572754269
NGO,F13,12,5462.716033991076
NGO,F13,13,48193.36401547919
NGO,F13,14,24769.968621526736
NGO,F13,15,31148.84786527534
NGO,F13,16,7342.139719442348
NGO,F13,17,9767.871545245845
NGO,F13,18,11881.834617727962
NGO,F13,19,35026.62760401705
NGO,F13,20,12352.74922746413
NGO,F13,21,18344.767405493418
NGO,F13,22,24760.85067834625
NGO,F13,23,32327.841035975904
NGO,F13,24,5624.989168691982
NGO,F13,25,43715.74029375652
NGO,F13,26,42963.777840172785
NGO,F13,27,24366.19693858866
NGO,F13,28,40674.184980924496
NGO,F13,29,5483.192918719389
NGO,F13,30,12723.593852186414
NGO,F14,1,28444.002422766993
NGO,F14,2,13818.401529806242
NGO,F14,3,11900.958941143448
NGO,F14,4,25729.522161337718
NGO,F14,5,40300.34116738554
NGO,F14,6,14422.057586409786
NGO,F14,7,3221.3210068593216
NGO,F14,8,9214.446493661168
NGO,F14,9,16118.93577783812
NGO,F14,10,7517.466268306705
NGO,F14,11,43453.857573233276
NGO,F14,12,11287.429666477812
NGO,F14,13,24979.628834073337
NGO,F14,14,13151.808613836818
NGO,F14,15,4761.586196625954
NGO,F14,16,4389.839087877277
NGO,F14,17,10870.955736884232
NGO,F14,18,3812.775837852544
NGO,F14,19,57524.26692325426
NGO,F14,20,59008.51963748399
NGO,F14,21,3997.919500660624
NGO,F14,22,13502.235378306335
NGO,F14,23,8819.305983460972
NGO,F14,24,37811.44853652993
NGO,F14,25,6289.813425704661
NGO,F14,26,6178.407726401573
NGO,F14,27,14518.099910063507
NGO,F14,28,26733.247054240164
NGO,F14,29,8737.034242062102
NGO,F14,30,17600.499469818118
NGO,F15,1,1984.7683790444535
NGO,F15,2,3815.5194128484573
NGO,F15,3,2524.9287172104964
NGO,F15,4,1873.826489787716
NGO,F15,5,6791.493305916012
NGO,F15,6,2036.285475551654
NGO,F15,7,3967.4387947002115
NGO,F15,8,8007.686144992618
NGO,F15,9,3150.399219060702
NGO,F15,10,2416.199174999607
NGO,F15,11,1854.121830868446
NGO,F15,12,2423.902992631854
NGO,F15,13,5235.390812756144
NGO,F15,14,3764.290217233463
NGO,F15,15,3400.032927286141
NGO,F15,16,3152.2660615013747
NGO,F15,17,2721.554765491132
NGO,F15,18,3982.607127355422
NGO,F15,19,4176.9977970112795
NGO,F15,20,13144.091528771318
NGO,F15,21,1640.957607209552
NGO,F15,22,2016.0169379966428
NGO,F15,23,4638.570851823768
NGO,F15,24,2250.310842614866
NGO,F15,25,4527.787466526724
NGO,F15,26,4887.065408443884
NGO,F15,27,3101.8723623606666
NGO,F15,28,5134.71279104314
NGO,F15,29,2454.370502025219
NGO,F15,30,2793.260254967209
NGO,F16,1,2688.135603955307
NGO,F16,2,2456.761296860411
NGO,F16,3,2695.1741484952645
NGO,F16,4,2205.88585606167
NGO,F16,5,2706.423622191332
NGO,F16,6,2681.3917196423936
NGO,F16,7,2795.9308017642143
NGO,F16,8,2678.305957289028
NGO,F16,9,2666.3893211735485
NGO,F16,10,2637.2385440868657
NGO,F16,11,2559.2512409990168
NGO,F16,12,2584.604280694244
NGO,F16,13,2889.4424939253636
NGO,F16,14,2850.8568107502106
NGO,F16,15,3032.4978932516074
NGO,F16,16,2889.950955020815
NGO,F16,17,2337.8603920166165
NGO,F16,18,2829.785375311648
NGO,F16,19,2959.6904492342974
NGO,F16,20,2821.4920309426006
NGO,F16,21,2845.47698786506
NGO,F16,22,2364.7151210784978
NGO,F16,23,2676.638730451344
NGO,F16,24,2617.648981314328
NGO,F16,25,2595.811798592504
NGO,F16,26,2764.4770942517766
NGO,F16,27,2359.3334857060295
NGO,F16,28,2830.1058542198643
NGO,F16,29,2905.7192027970887
NGO,F16,30,2675.624251819247
NGO,F17,1,2198.353014324862
NGO,F17,2,1958.449455813335
NGO,F17,3,2073.03845836308
NGO,F17,4,1932.9936123227776
NGO,F17,5,2306.210142459459
NGO,F17,6,2115.0853737377442
NGO,F17,7,1981.8421764856944
NGO,F17,8,2020.8493251529019
NGO,F17,9,2210.488613982029
NGO,F17,10,2168.200590655737
NGO,F17,11,1978.9444744375119
NGO,F17,12,2232.007163833313
NGO,F17,13,1930.5958116086636
NGO,F17,14,2132.2532247090203
NGO,F17,15,2058.8181523927037
NGO,F17,16,1946.8878238152322
NGO,F17,17,1957.9038271622785
NGO,F17,18,1887.8346098024967
NGO,F17,19,2077.2577780412794
NGO,F17,20,2158.134411204909
NGO,F17,21,1926.6944319955942
NGO,F17,22,1978.3425744139863
NGO,F17,23,2113.0043367059384
NGO,F17,24,1878.2271503781233
NGO,F17,25,2116.4265993210183
NGO,F17,26,1917.2193564805334
NGO,F17,27,1956.723829025201
NGO,F17,28,1980.114590486882
NGO,F17,29,1828.1858200060997
NGO,F17,30,2083.4787852565596
NGO,F18,1,457572.43759102403
NGO,F18,2,294824.36387828365
NGO,F18,3,78573.10216807005
NGO,F18,4,280314.663661634
NGO,F18,5,107927.29222780814
NGO,F18,6,109698.57983657223
NGO,F18,7,228243.61155501637
NGO,F18,8,85713.87357238488
NGO,F18,9,179649.2871038064
NGO,F18,10,103025.25690126247
NGO,F18,11,107805.74425944505
NGO,F18,12,125207.94475130909
NGO,F18,13,149371.60871098278
NGO,F18,14,80162.48696346178
NGO,F18,15,171484.71724363966
NGO,F18,16,125050.90319900503
NGO,F18,17,177309.32094303297
NGO,F18,18,96201.77113442888
NGO,F18,19,89315.06634969905
NGO,F18,20,119052.97240792628
NGO,F18,21,228337.13781312117
NGO,F18,22,106772.41379627632
NGO,F18,23,87882.32204883493
NGO,F18,24,78747.06278556993
NGO,F18,25,84320.2595727925
NGO,F18,26,66517.35175582542
NGO,F18,27,160149.16759487076
NGO,F18,28,77776.17485969895
NGO,F18,29,269929.718476072
NGO,F18,30,325767.7721037899
NGO,F19,1,4349.510905964092
NGO,F19,2,2676.6479435974748
NGO,F19,3,5574.594836209542
NGO,F19,4,5047.792524045491
NGO,F19,5,19396.40163148001
NGO,F19,6,7282.237484827102
NGO,F19,7,6802.656765981883
NGO,F19,8,8136.7111214544375
NGO,F19,9,4106.469593784921
NGO,F19,10,6699.882308240193
NGO,F19,11,6744.251962717987
NGO,F19,12,7441.811516160019
NGO,F19,13,5674.707547116255
NGO,F19,14,6304.80258608184
NGO,F19,15,4896.752297460942
NGO,F19,16,3804.6393287772826
NGO,F19,17,3420.1492238871224
NGO,F19,18,2180.7130959573983
NGO,F19,19,12198.940104139683
NGO,F19,20,3629.2111761145215
NGO,F19,21,2352.0818282361224
NGO,F19,22,3564.733767546398
NGO,F19,23,7381.668579739472
NGO,F19,24,7212.913109569897
NGO,F19,25,12629.619736172546
NGO,F19,26,7858.504159170282
NGO,F19,27,4082.405634260818
NGO,F19,28,4162.825753239969
NGO,F19,29,4127.120140620678
NGO,F19,30,8844.984719327673
NGO,F20,1,2345.8591217702815
NGO,F20,2,2441.023367082093
NGO,F20,3,2347.2954087409635
NGO,F20,4,2479.5492449468434
NGO,F20,5,2406.5997553081093
NGO,F20,6,2458.784285401182
NGO,F20,7,2407.534211163079
NGO,F20,8,2341.1959386068393
NGO,F20,9,2323.441022818928
NGO,F20,10,2383.820744531542
NGO,F20,11,2402.3891885923076
NGO,F20,12,2352.505710320996
NGO,F20,13,2427.246151580943
NGO,F20,14,2352.5833013588967
NGO,F20,15,2385.710997446151
NGO,F20,16,2355.1638513661264
NGO,F20,17,2399.1412237509717
NGO,F20,18,2329.3812760267865
NGO,F20,19,2335.9402639009386
NGO,F20,20,2297.182150763915
NGO,F20,21,2562.704351669906
NGO,F20,22,2566.3929339371957
NGO,F20,23,2427.4496982228325
NGO,F20,24,2314.558049191364
NGO,F20,25,2365.5039979760127
NGO,F20,26,2341.5821379456384
NGO,F20,27,2413.7118211201196
NGO,F20,28,2393.095249080901
NGO,F20,29,2298.0011393121626
NGO,F20,30,2448.2973353094144
NGO,F21,1,2464.149053742902
NGO,F21,2,2469.533517035607
NGO,F21,3,2425.0373077531654
NGO,F21,4,2423.7470113345985
NGO,F21,5,2448.964432326237
NGO,F21,6,2436.8491528034274
NGO,F21,7,2461.629075922686
NGO,F21,8,2434.3856386129673
NGO,F21,9,2416.194029793033
NGO,F21,10,2430.6408819687144
NGO,F21,11,2447.5405732468316
NGO,F21,12,2437.9637888103234
NGO,F21,13,2421.8237542137376
NGO,F21,14,2456.4682413401915
NGO,F21,15,2424.2949746292916
NGO,F21,16,2457.8350957962934
NGO,F21,17,2415.834928916893
NGO,F21,18,2448.4474478855077
NGO,F21,19,2503.177468522872
NGO,F21,20,2410.8933176889536
NGO,F21,21,2434.8424408110013
NGO,F21,22,2437.3095786182475
NGO,F21,23,2459.881448293887
NGO,F21,24,2459.8918331082955
NGO,F21,25,2455.7545017714415
NGO,F21,26,2452.889524441549
NGO,F21,27,2424.9077489335473
NGO,F21,28,2449.9116449883995
NGO,F21,29,2436.857282239639
NGO,F21,30,2449.3392793415373
NGO,F22,1,2327.752326083037
NGO,F22,2,2362.8945639139724
NGO,F22,3,2348.946384509573
NGO,F22,4,2317.023383292363
NGO,F22,5,2398.335654762932
NGO,F22,6,2352.959834353683
NGO,F22,7,2386.4649346614588
NGO,F22,8,2459.8622805391387
NGO,F22,9,2332.0220340759624
NGO,F22,10,2330.9840584636813
NGO,F22,11,2316.898448847278
NGO,F22,12,2490.0061601780685
NGO,F22,13,2329.934210113157
NGO,F22,14,2362.691469881899
NGO,F22,15,2323.539258641954
NGO,F22,16,2359.031512954752
NGO,F22,17,2349.6977107025045
NGO,F22,18,2348.370247497662
NGO,F22,19,2339.7170860541933
NGO,F22,20,2319.4553718142292
NGO,F22,21,2362.3906274473734
NGO,F22,22,2355.9178000088946
NGO,F22,23,2321.2622158151175
NGO,F22,24,2319.343529932663
NGO,F22,25,2320.635502583555
NGO,F22,26,2317.6651771330835
NGO,F22,27,2322.176814375526
NGO,F22,28,2325.2924946954085
NGO,F22,29,2383.5771592798746
NGO,F22,30,2314.3123782777857
NGO,F23,1,2845.358260685036
NGO,F23,2,2810.53026460212
NGO,F23,3,2785.9039635835297
NGO,F23,4,2838.1088645243576
NGO,F23,5,2782.7732072070926
NGO,F23,6,2790.151962309078
NGO,F23,7,2760.5304202682914
NGO,F23,8,2812.414933200187
NGO,F23,9,2825.1961993388277
NGO,F23,10,2800.422822612603
NGO,F23,11,2834.1374217804355
NGO,F23,12,2740.7667012885113
NGO,F23,13,2795.6667532042543
NGO,F23,14,2803.238750207281
NGO,F23,15,2812.506529179387
NGO,F23,16,2793.9894679564977
NGO,F23,17,2750.52959834877
NGO,F23,18,2748.7963892219236
NGO,F23,19,2830.180002024983
NGO,F23,20,2795.1027475175842
NGO,F23,21,2854.4115508864315
NGO,F23,22,2805.244417958431
NGO,F23,23,2847.286535544682
NGO,F23,24,2788.688379987085
NGO,F23,25,2815.1931757637967
NGO,F23,26,2772.6296627366614
NGO,F23,27,2786.6513470943305
NGO,F23,28,2790.210614989595
NGO,F23,29,2780.690087828255
NGO,F23,30,2795.3447698572486
NGO,F24,1,2950.465681018173
NGO,F24,2,2995.852416360064
NGO,F24,3,2967.819134460645
NGO,F24,4,2941.4083985166626
NGO,F24,5,2980.6125548870436
NGO,F24,6,2973.056833798009
NGO,F24,7,2955.8389274886367
NGO,F24,8,2978.0209306034676
NGO,F24,9,2960.1450748284456
NGO,F24,10,2935.098433787985
NGO,F24,11,2994.317978510522
NGO,F24,12,2915.1795505662635
NGO,F24,13,2938.046365325043
NGO,F24,14,2973.0599265261335
NGO,F24,15,2974.562936222577
NGO,F24,16,2930.2573642496754
NGO,F24,17,2974.2597744191553
NGO,F24,18,2949.389767349582
NGO,F24,19,3023.330937134732
NGO,F24,20,2992.9646778259803
NGO,F24,21,2972.378883748593
NGO,F24,22,2974.2857590674316
NGO,F24,23,2943.648706181282
NGO,F24,24,2962.3562870086193
NGO,F24,25,2960.784161681699
NGO,F24,26,2936.7407052352237
NGO,F24,27,2953.2610770810666
NGO,F24,28,2951.737096748615
NGO,F24,29,2996.6324954069764
NGO,F24,30,2986.546810826946
NGO,F25,1,2945.4588381236044
NGO,F25,2,2973.126038976127
NGO,F25,3,2939.4950828696074
NGO,F25,4,2994.0036783505006
NGO,F25,5,2995.6863910815164
NGO,F25,6,2941.2811754361755
NGO,F25,7,2934.1904926991783
NGO,F25,8,2919.783455429106
NGO,F25,9,2970.870536277797
NGO,F25,10,2925.664757345529
NGO,F25,11,2949.5678305661304
NGO,F25,12,2952.0097137436073
NGO,F25,13,2965.588620615854
NGO,F25,14,2964.232566634466
NGO,F25,15,2994.051811762334
NGO,F25,16,2940.8950106660736
NGO,F25,17,2966.170980754952
NGO,F25,18,2985.743469064882
NGO,F25,19,2959.9949137602134
NGO,F25,20,2996.1953281729475
NGO,F25,21,2931.2607658226116
NGO,F25,22,2940.325479796743
NGO,F25,23,2964.311575980925
NGO,F25,24,2954.4142697556617
NGO,F25,25,2906.5373174299093
NGO,F25,26,2917.193340404351
NGO,F25,27,2923.558605638703
NGO,F25,28,2921.8823646771575
NGO,F25,29,2932.5654924995843
NGO,F25,30,2969.3019991734836
NGO,F26,1,2863.4792257001463
NGO,F26,2,4719.489376737829
NGO,F26,3,3264.531613241703
NGO,F26,4,7552.797873702996
NGO,F26,5,6042.356666027475
NGO,F26,6,6280.294277795331
NGO,F26,7,3954.473318020431
NGO,F26,8,4855.074756517746
NGO,F26,9,3200.8684559163994
NGO,F26,10,3077.8801154541375
NGO,F26,11,3590.893366270292
NGO,F26,12,6091.93347415132
NGO,F26,13,5561.590744871177
NGO,F26,14,3958.6414045715546
NGO,F26,15,6540.104736121252
NGO,F26,16,3634.9039679748093
NGO,F26,17,3835.8935210139116
NGO,F26,18,5528.330574154364
NGO,F26,19,5688.744270556723
NGO,F26,20,3697.719079336577
NGO,F26,21,2989.3146515057797
NGO,F26,22,5488.480627002444
NGO,F26,23,3947.5245547533364
NGO,F26,24,3440.8766043433343
NGO,F26,25,6283.0070597840495
NGO,F26,26,3705.5555572429193
NGO,F26,27,3204.0573425264647
NGO,F26,28,6299.438115147234
NGO,F26,29,5002.474093850235
NGO,F26,30,3073.4949992058355
NGO,F27,1,3219.6278386143495
NGO,F27,2,3238.521710941946
NGO,F27,3,3222.3583299161655
NGO,F27,4,3209.510161965661
NGO,F27,5,3226.871313941248
NGO,F27,6,3233.656646605606
NGO,F27,7,3223.8624443715717
NGO,F27,8,3236.521581068756
NGO,F27,9,3248.234599807564
NGO,F27,10,3231.3813373528005
NGO,F27,11,3233.673421734876
NGO,F27,12,3232.863614400125
NGO,F27,13,3221.2253749237457
NGO,F27,14,3232.0736129090683
NGO,F27,15,3225.462680217615
NGO,F27,16,3199.611381806694
NGO,F27,17,3221.7040565597617
NGO,F27,18,3236.2474398996274
NGO,F27,19,3230.7299314270426
NGO,F27,20,3246.01122613977
NGO,F27,21,3246.7470822637088
NGO,F27,22,3207.1222942093013
NGO,F27,23,3220.407727693643
NGO,F27,24,3232.405594283625
NGO,F27,25,3223.299586568224
NGO,F27,26,3206.1443725814333
NGO,F27,27,3236.876893095546
NGO,F27,28,3241.0726891566883
NGO,F27,29,3241.7643209475254
NGO,F27,30,3253.25353318988
NGO,F28,1,3322.3994452249317
NGO,F28,2,3302.4403669088056
NGO,F28,3,3289.152463360933
NGO,F28,4,3352.4045964474644
NGO,F28,5,3316.661095716211
NGO,F28,6,3330.5724438073535
NGO,F28,7,3308.0295443175974
NGO,F28,8,3344.841367603367
NGO,F28,9,3309.9438135136747
NGO,F28,10,3403.894422568067
NGO,F28,11,3312.4581607495247
NGO,F28,12,3336.094866889534
NGO,F28,13,3302.52120558874
NGO,F28,14,3352.9310459778803
NGO,F28,15,3285.196698161563
NGO,F28,16,3298.82226814378
NGO,F28,17,3357.007880864253
NGO,F28,18,3398.363828949573
NGO,F28,19,3299.357757476366
NGO,F28,20,3340.471989885545
NGO,F28,21,3335.5024826736358
NGO,F28,22,3336.204998567062
NGO,F28,23,3357.529802500094
NGO,F28,24,3321.6753289341923
NGO,F28,25,3316.64525438491
NGO,F28,26,3331.957365564206
NGO,F28,27,3389.277042165928
NGO,F28,28,3310.0908249043105
NGO,F28,29,3303.512874966068
NGO,F28,30,3291.281487431559
NGO,F29,1,4412.111566626298
NGO,F29,2,4008.3882734903054
NGO,F29,3,4303.969948669381
NGO,F29,4,4509.758674854013
NGO,F29,5,3953.4977956317875
NGO,F29,6,4130.461127526872
NGO,F29,7,4084.1903216348055
NGO,F29,8,3966.703450846967
NGO,F29,9,4085.7043934843755
NGO,F29,10,4034.4790048105206
NGO,F29,11,4011.7484377374712
NGO,F29,12,4090.926703785367
NGO,F29,13,3886.7997104995334
NGO,F29,14,4150.670829221479
NGO,F29,15,4047.5137359258033
NGO,F29,16,3815.4848130107257
NGO,F29,17,4132.372113061247
NGO,F29,18,3824.8195432606303
NGO,F29,19,3837.8653692980133
NGO,F29,20,3807.3801067232007
NGO,F29,21,4334.027063921823
NGO,F29,22,3962.34343699656
NGO,F29,23,4395.370679121133
NGO,F29,24,4000.114551701299
NGO,F29,25,3998.208459170481
NGO,F29,26,3837.809810226003
NGO,F29,27,4102.890270051908
NGO,F29,28,3958.999995252738
NGO,F29,29,3661.508030295834
NGO,F29,30,3860.9814238633735
NGO,F30,1,27479.45534332742
NGO,F30,2,25053.88884833241
NGO,F30,3,19305.17023023566
NGO,F30,4,13838.058593513317
NGO,F30,5,14940.649737243872
NGO,F30,6,14460.408084649378
NGO,F30,7,23901.284542031328
NGO,F30,8,56112.51883091595
NGO,F30,9,12119.993132002728
NGO,F30,10,11273.395149631111
NGO,F30,11,17984.603050769583
NGO,F30,12,20869.488356308102
NGO,F30,13,16583.49603710387
NGO,F30,14,17019.582132532614
NGO,F30,15,8652.611861941567
NGO,F30,16,13263.738614656053
NGO,F30,17,25381.673981430955
NGO,F30,18,11927.876730936187
NGO,F30,19,19952.552339124675
NGO,F30,20,16658.395596077113
NGO,F30,21,15376.639455484656
NGO,F30,22,54361.40206269076
NGO,F30,23,17382.966587446175
NGO,F30,24,20558.152229712065
NGO,F30,25,23721.836362115
NGO,F30,26,30468.49576724157
NGO,F30,27,683334.1353028694
NGO,F30,28,9526.694593782495
NGO,F30,29,10125.440249410096
NGO,F30,30,29860.930387842425
OOA,F1,1,88264.0511680432
OOA,F1,2,195747.0421840321
OOA,F1,3,13411576.391947037
OOA,F1,4,266605767.5947824
OOA,F1,5,40166.81915222195
OOA,F1,6,8117.718390814393
OOA,F1,7,59624987.06824128
OOA,F1,8,10116.47701735931
OOA,F1,9,43723.54910175922
OOA,F1,10,250166.03363124141
OOA,F1,11,86509.32928049013
OOA,F1,12,13323.89720635048
OOA,F1,13,41038.380851330876
OOA,F1,14,248198.5372728919
OOA,F1,15,81881.50363026612
OOA,F1,16,10292.963943970493
OOA,F1,17,63293889.040591806
OOA,F1,18,12188.29181369759
OOA,F1,19,21954.352251613534
OOA,F1,20,49673.82898582757
OOA,F1,21,12966.610850304553
OOA,F1,22,7170.218763567919
OOA,F1,23,47343.07868970885
OOA,F1,24,3618.660808828601
OOA,F1,25,3897.054710642247
OOA,F1,26,882037.3165270104
OOA,F1,27,658894.6677756717
OOA,F1,28,554960.5708956907
OOA,F1,29,479874.79143817315
OOA,F1,30,56714384.48876977
OOA,F3,1,63242.91497899568
OOA,F3,2,63175.62103891373
OOA,F3,3,60044.84882450306
OOA,F3,4,64546.95824510241
OOA,F3,5,51483.31281029153
OOA,F3,6,58785.919011795624
OOA,F3,7,49450.80772781556
OOA,F3,8,61330.36905524711
OOA,F3,9,61292.6305737466
OOA,F3,10,64597.947566512354
OOA,F3,11,68353.7200374967
OOA,F3,12,65244.590234300726
OOA,F3,13,66712.53832508501
OOA,F3,14,71276.56629307619
OOA,F3,15,63673.86589029457
OOA,F3,16,70308.08254550911
OOA,F3,17,55255.644689743094
OOA,F3,18,52719.25082562522
OOA,F3,19,62997.02334237875
OOA,F3,20,47588.86901224281
OOA,F3,21,77613.57420758186
OOA,F3,22,65450.616083184526
OOA,F3,23,63823.69233867905
OOA,F3,24,74264.88152331598
OOA,F3,25,67555.6555721496
OOA,F3,26,54905.642598387305
OOA,F3,27,65925.8512239067
OOA,F3,28,56842.63065013902
OOA,F3,29,49016.88672358565
OOA,F3,30,59993.66801424215
OOA,F4,1,494.4348780789216
OOA,F4,2,498.5300342236285
OOA,F4,3,551.9669647863896
OOA,F4,4,616.2204070934492
OOA,F4,5,472.5677744475593
OOA,F4,6,683.7762751752357
OOA,F4,7,496.16306328213625
OOA,F4,8,514.755663307684
OOA,F4,9,730.3374663970276
OOA,F4,10,566.7982213788514
OOA,F4,11,496.3788607340417
OOA,F4,12,547.1747091141668
OOA,F4,13,518.1586402910051
OOA,F4,14,717.4698453968508
OOA,F4,15,494.79040143815826
OOA,F4,16,506.5459294997032
OOA,F4,17,542.9787937053846
OOA,F4,18,624.9429724950562
OOA,F4,19,519.5724072671941
OOA,F4,20,487.80415068735465
OOA,F4,21,516.890160229307
OOA,F4,22,508.9614216266085
OOA,F4,23,524.9271959502694
OOA,F4,24,515.4597556399705
OOA,F4,25,497.27893192166584
OOA,F4,26,655.5774001412448
OOA,F4,27,521.4535134662382
OOA,F4,28,483.4759552934401
OOA,F4,29,492.4002346529359
OOA,F4,30,571.3716289566908
OOA,F5,1,714.7635658238084
OOA,F5,2,700.0351000909984
OOA,F5,3,730.5804591527942
OOA,F5,4,704.6115059999299
OOA,F5,5,734.4162534399685
OOA,F5,6,715.0479540468965
OOA,F5,7,728.9944332072138
OOA,F5,8,717.8938549822578
OOA,F5,9,705.8758184300157
OOA,F5,10,713.9301048749539
OOA,F5,11,720.4017983780839
OOA,F5,12,704.0102921357795
OOA,F5,13,715.3926384270421
OOA,F5,14,720.5177467542171
OOA,F5,15,724.088752729238
OOA,F5,16,699.942059915978
OOA,F5,17,717.6673171056333
OOA,F5,18,725.0045605847464
OOA,F5,19,718.5578911666098
OOA,F5,20,710.8436941069147
OOA,F5,21,694.4742916763429
OOA,F5,22,705.4522228214714
OOA,F5,23,703.9940646267607
OOA,F5,24,713.4523523385103
OOA,F5,25,713.0822240554618
OOA,F5,26,720.938851875543
OOA,F5,27,713.5738284342129
OOA,F5,28,696.4930855572927
OOA,F5,29,708.8720035895119
OOA,F5,30,701.9929542406768
OOA,F6,1,615.6247635573128
OOA,F6,2,611.7846388613481
OOA,F6,3,615.3835935078256
OOA,F6,4,613.349099756305
OOA,F6,5,612.3790712172218
OOA,F6,6,605.0145355089224
OOA,F6,7,605.8876239704508
OOA,F6,8,604.9151911692609
OOA,F6,9,607.6932515686507
OOA,F6,10,617.5542947136504
OOA,F6,11,610.4298926958085
OOA,F6,12,610.1456590924415
OOA,F6,13,610.6218256753474
OOA,F6,14,609.8223474268547
OOA,F6,15,611.1218986223869
OOA,F6,16,608.5965376814597
OOA,F6,17,611.907947173068
OOA,F6,18,615.7279209773427
OOA,F6,19,605.8953566338645
OOA,F6,20,603.9505737807772
OOA,F6,21,603.72765889758
OOA,F6,22,602.7973134425938
OOA,F6,23,616.3290211670878
OOA,F6,24,604.1364711057693
OOA,F6,25,610.815610907788
OOA,F6,26,603.6008880855388
OOA,F6,27,609.3168862635066
OOA,F6,28,605.190003475654
OOA,F6,29,603.6354125092965
OOA,F6,30,602.4791975327491
OOA,F7,1,1007.6405944540049
OOA,F7,2,992.9841827881662
OOA,F7,3,1013.3523605226433
OOA,F7,4,954.4729433157636
OOA,F7,5,1017.139877717014
OOA,F7,6,968.5268256621634
OOA,F7,7,969.7942506175125
OOA,F7,8,988.836793522301
OOA,F7,9,948.23273582543
OOA,F7,10,1028.223788565434
OOA,F7,11,1015.3785883985732
OOA,F7,12,1011.4920495403779
OOA,F7,13,975.0686911176792
OOA,F7,14,962.5462693580962
OOA,F7,15,1004.7372376272767
OOA,F7,16,947.1439880010731
OOA,F7,17,1038.9943072542897
OOA,F7,18,981.8708087559614
OOA,F7,19,984.951065409667
OOA,F7,20,1010.9181312785862
OOA,F7,21,1014.2227281803644
OOA,F7,22,976.5832041721538
OOA,F7,23,947.9716934500912
OOA,F7,24,1011.0520645239587
OOA,F7,25,980.0609957259394
OOA,F7,26,969.8798922641525
OOA,F7,27,1011.3700540023411
OOA,F7,28,1041.8920726818642
OOA,F7,29,996.5566077353994
OOA,F7,30,1041.6596647679048
OOA,F8,1,1009.0714240751802
OOA,F8,2,1020.4267007224163
OOA,F8,3,1012.5125713967685
OOA,F8,4,995.2396639772413
OOA,F8,5,1021.7950079382344
OOA,F8,6,1007.0061017239948
OOA,F8,7,1015.4083252843915
OOA,F8,8,1024.117426999955
OOA,F8,9,1035.153113802373
OOA,F8,10,1021.855571636476
OOA,F8,11,1014.7577918862125
OOA,F8,12,1028.3491685026904
OOA,F8,13,1015.844521299558
OOA,F8,14,1009.3636948977773
OOA,F8,15,1012.1842365655873
OOA,F8,16,1012.9011311975091
OOA,F8,17,1022.7680501145835
OOA,F8,18,1035.4574102627116
OOA,F8,19,1012.3043803217406
OOA,F8,20,1021.1372306008127
OOA,F8,21,1018.4222113623956
OOA,F8,22,1037.054595221259
OOA,F8,23,1018.4865510747788
OOA,F8,24,1012.2602612684359
OOA,F8,25,1004.6067147820012
OOA,F8,26,1021.7661677604183
OOA,F8,27,995.5366762270837
OOA,F8,28,1019.545744029949
OOA,F8,29,1011.2933835685969
OOA,F8,30,1024.2794166629046
OOA,F9,1,1527.078346245228
OOA,F9,2,1502.7258152892393
OOA,F9,3,1344.2411541454298
OOA,F9,4,1657.2136251557986
OOA,F9,5,1168.2824216084352
OOA,F9,6,1386.4324050044847
OOA,F9,7,1684.3217274649164
OOA,F9,8,1677.931830146409
OOA,F9,9,1338.673573671994
OOA,F9,10,1719.348205962418
OOA,F9,11,1816.3406278493767
OOA,F9,12,1541.4435124083975
OOA,F9,13,1427.1672656016844
OOA,F9,14,1263.706809312272
OOA,F9,15,1772.6868025851315
OOA,F9,16,1662.77186128422
OOA,F9,17,1695.154971229229
OOA,F9,18,1623.2108690149457
OOA,F9,19,1416.4283608699825
OOA,F9,20,1157.2668111113421
OOA,F9,21,1459.8432621956708
OOA,F9,22,1686.9536277675047
OOA,F9,23,1425.131673152875
OOA,F9,24,1567.82302613278
OOA,F9,25,1331.1073914029544
OOA,F9,26,1331.388901827032
OOA,F9,27,1613.0597451764627
OOA,F9,28,1314.2176965376761
OOA,F9,29,1821.5974907888549
OOA,F9,30,1512.5170403249872
OOA,F10,1,8465.624779550557
OOA,F10,2,4057.2951264990643
OOA,F10,3,8248.362250566825
OOA,F10,4,4705.508299557561
OOA,F10,5,8045.140967202993
OOA,F10,6,5277.839862440174
OOA,F10,7,7272.791096767737
OOA,F10,8,4802.981669523813
OOA,F10,9,5080.651348314199
OOA,F10,10,4629.162872073512
OOA,F10,11,4030.632790675734
OOA,F10,12,7074.836923482441
OOA,F10,13,4960.979201487651
OOA,F10,14,7989.5893003941355
OOA,F10,15,4577.727048402607
OOA,F10,16,6598.113240437022
OOA,F10,17,5005.708981843698
OOA,F10,18,4528.5394324660265
OOA,F10,19,5894.243202307112
OOA,F10,20,4005.8023929888495
OOA,F10,21,5819.640830924733
OOA,F10,22,4890.855562525094
OOA,F10,23,8040.324451148871
OOA,F10,24,6604.480143241366
OOA,F10,25,4863.293811288306
OOA,F10,26,5943.96088203549
OOA,F10,27,5518.175512194086
OOA,F10,28,4415.605208809129
OOA,F10,29,4744.224431964885
OOA,F10,30,5336.170184219352
OOA,F11,1,2484.3315742709083
OOA,F11,2,2508.469677929623
OOA,F11,3,3424.2790368720953
OOA,F11,4,2991.9192059366123
OOA,F11,5,2474.584836261628
OOA,F11,6,4396.164367869684
OOA,F11,7,3320.6403978786657
OOA,F11,8,2516.6666835713813
OOA,F11,9,2783.1184370027186
OOA,F11,10,2612.683461387411
OOA,F11,11,3518.070631589525
OOA,F11,12,3202.881787695629
OOA,F11,13,2510.8523743540045
OOA,F11,14,1809.688047445225
OOA,F11,15,3589.8305467655236
OOA,F11,16,3222.330192708605
OOA,F11,17,3692.0288872287156
OOA,F11,18,2898.179276955395
OOA,F11,19,2697.591039443237
OOA,F11,20,2027.3282963172974
OOA,F11,21,3343.2805171654227
OOA,F11,22,3515.0684015021952
OOA,F11,23,3562.6428966463695
OOA,F11,24,2881.152589601337
OOA,F11,25,4065.618013516978
OOA,F11,26,3722.5563165419
OOA,F11,27,3164.3705868067073
OOA,F11,28,2865.726091219977
OOA,F11,29,3010.8082693855363
OOA,F11,30,2543.795481783177
OOA,F12,1,329213.729732143
OOA,F12,2,808607.0580300522
OOA,F12,3,141480.39134241745
OOA,F12,4,658886.963308661
OOA,F12,5,684694.9960347334
OOA,F12,6,708583.5840374064
OOA,F12,7,901568.2260752614
OOA,F12,8,887464.7950539087
OOA,F12,9,366865.55764200556
OOA,F12,10,1590927.6855215305
OOA,F12,11,151629.67013857228
OOA,F12,12,446255.3124327879
OOA,F12,13,812958.9169886386
OOA,F12,14,2420732.212397447
OOA,F12,15,387408.7506385393
OOA,F12,16,698483.4562401776
OOA,F12,17,617230.9081717641
OOA,F12,18,116525.93369655396
OOA,F12,19,383929.2495033405
OOA,F12,20,208461.53080386788
OOA,F12,21,830051.0917870641
OOA,F12,22,344728.2519956813
OOA,F12,23,975648.7855270435
OOA,F12,24,282058.41576377663
OOA,F12,25,99751.89647060301
OOA,F12,26,1110285.2264447222
OOA,F12,27,962078.4439218948
OOA,F12,28,6229368.390871124
OOA,F12,29,84702.64096806689
OOA,F12,30,227590.2471626143
OOA,F13,1,42537.509380518466
OOA,F13,2,10000.358258798306
OOA,F13,3,2127.598310660496
OOA,F13,4,20108.967914603785
OOA,F13,5,24707.935128086843
OOA,F13,6,10807.11249338751
OOA,F13,7,7753.3852479507905
OOA,F13,8,5094.177009925293
OOA,F13,9,21054.93535105561
OOA,F13,10,28518.56080809006
OOA,F13,11,50693.22618388146
OOA,F13,12,18883.225024207928
OOA,F13,13,10985.34042842578
OOA,F13,14,63118.29534414138
OOA,F13,15,24599.42972271319
OOA,F13,16,61645.89433040589
OOA,F13,17,4827.373071015407
OOA,F13,18,18361.88650700839
OOA,F13,19,56439.416447347765
OOA,F13,20,7406.202261036702
OOA,F13,21,21550.489664255725
OOA,F13,22,12330.046862104406
OOA,F13,23,21823.251498186022
OOA,F13,24,30461.202134341725
OOA,F13,25,21536.679188699567
OOA,F13,26,35785.35159014571
OOA,F13,27,14230.448757967924
OOA,F13,28,18638.421270308507
OOA,F13,29,55818.34524327822
OOA,F13,30,28043.17524219033
OOA,F14,1,53770.89714603426
OOA,F14,2,17149.581954290134
OOA,F14,3,73353.37027116412
OOA,F14,4,126850.87712289757
OOA,F14,5,68360.44190654949
OOA,F14,6,145324.27827983443
OOA,F14,7,158592.34300474
OOA,F14,8,225655.57445018983
OOA,F14,9,434548.8871917826
OOA,F14,10,41383.97744417006
OOA,F14,11,128605.46889545451
OOA,F14,12,55608.068503462266
OOA,F14,13,70298.42497436627
OOA,F14,14,34834.33062291243
OOA,F14,15,29822.28498165249
OOA,F14,16,171987.25290589934
OOA,F14,17,90029.42196114032
OOA,F14,18,144383.61193797117
OOA,F14,19,117145.47831023797
OOA,F14,20,25979.636790779557
OOA,F14,21,605983.9597650246
OOA,F14,22,55447.784931386785
OOA,F14,23,12273.163123060063
OOA,F14,24,135516.5253873502
OOA,F14,25,78152.39008553431
OOA,F14,26,53539.94763262509
OOA,F14,27,191073.42741247825
OOA,F14,28,22161.989766606595
OOA,F14,29,21474.853125937632
OOA,F14,30,114450.0522322605
OOA,F15,1,2337.5518558306803
OOA,F15,2,8486.046888703464
OOA,F15,3,5285.0278701708685
OOA,F15,4,4420.857849876998
OOA,F15,5,1720.4770688893198
OOA,F15,6,1864.9872874221535
OOA,F15,7,5580.487975906014
OOA,F15,8,3220.380193905706
OOA,F15,9,5179.908683659831
OOA,F15,10,1849.5968393609994
OOA,F15,11,2997.239924327281
OOA,F15,12,1700.1338136637178
OOA,F15,13,2338.481824118643
OOA,F15,14,5097.917119152047
OOA,F15,15,1696.6492462391582
OOA,F15,16,6007.319297770373
OOA,F15,17,4819.048992918559
OOA,F15,18,3041.9788779918404
OOA,F15,19,3302.4767075788313
OOA,F15,20,2842.916308706484
OOA,F15,21,5863.303779742357
OOA,F15,22,1720.7756945980823
OOA,F15,23,1730.7104371847813
OOA,F15,24,1883.5758901542263
OOA,F15,25,4023.5320226724175
OOA,F15,26,1659.2341147134084
OOA,F15,27,2335.0061041905183
OOA,F15,28,1771.3012426791188
OOA,F15,29,7635.3368121982585
OOA,F15,30,2528.892217009934
OOA,F16,1,3490.5339884701507
OOA,F16,2,3133.942281629333
OOA,F16,3,3171.9629383884485
OOA,F16,4,3474.552487073899
OOA,F16,5,3110.5073693909444
OOA,F16,6,3394.9809220974075
OOA,F16,7,3450.5260961199124
OOA,F16,8,3356.3897045310514
OOA,F16,9,3320.298744291951
OOA,F16,10,3364.498268333444
OOA,F16,11,3244.080601908072
OOA,F16,12,3431.453126726631
OOA,F16,13,3595.5047380492706
OOA,F16,14,3220.188287614428
OOA,F16,15,2916.4733504021942
OOA,F16,16,3429.4631935067646
OOA,F16,17,3530.134132386458
OOA,F16,18,3233.104022990329
OOA,F16,19,3402.677114586091
OOA,F16,20,3373.7317706465024
OOA,F16,21,3492.1649936614785
OOA,F16,22,3384.346503567798
OOA,F16,23,3484.5967481406246
OOA,F16,24,3322.0650652425356
OOA,F16,25,3482.44855531438
OOA,F16,26,3290.5233215989647
OOA,F16,27,3294.210706548498
OOA,F16,28,3700.029881876084
OOA,F16,29,3392.0545921571697
OOA,F16,30,3483.5750191821353
OOA,F17,1,2322.6196949204286
OOA,F17,2,2194.4077883448495
OOA,F17,3,2352.1352085236917
OOA,F17,4,2472.054175543315
OOA,F17,5,2163.605222227636
OOA,F17,6,2527.751477005122
OOA,F17,7,2377.2016003427843
OOA,F17,8,2115.320896662719
OOA,F17,9,2351.7735219467277
OOA,F17,10,2322.5099435449238
OOA,F17,11,2297.8058025671025
OOA,F17,12,2270.1251904806354
OOA,F17,13,2392.1985141918
OOA,F17,14,2521.418762688745
OOA,F17,15,1903.1226455864207
OOA,F17,16,2109.2156712532706
OOA,F17,17,2021.6924658462574
OOA,F17,18,2409.037855527555
OOA,F17,19,2316.372252334155
OOA,F17,20,2468.1831557982323
OOA,F17,21,2457.656287174754
OOA,F17,22,2632.4588585825477
OOA,F17,23,2138.394907152615
OOA,F17,24,2072.637230186929
OOA,F17,25,2253.3858881462265
OOA,F17,26,2295.728178241465
OOA,F17,27,2412.9775190565415
OOA,F17,28,2488.6579436664165
OOA,F17,29,2087.8486667894404
OOA,F17,30,2671.394687540478
OOA,F18,1,1322657.696676631
OOA,F18,2,704618.5320166193
OOA,F18,3,1854281.0317135758
OOA,F18,4,1404659.7249960303
OOA,F18,5,825322.5309593179
OOA,F18,6,957642.61697507
OOA,F18,7,827898.2145667104
OOA,F18,8,239997.85110317866
OOA,F18,9,981205.4818975617
OOA,F18,10,1057583.9673236888
OOA,F18,11,859442.3240040442
OOA,F18,12,2193906.84114293
OOA,F18,13,460231.673708788
OOA,F18,14,1224187.6337191393
OOA,F18,15,849696.1884565778
OOA,F18,16,2357285.7950664973
OOA,F18,17,2561614.4707746757
OOA,F18,18,1158165.6987975398
OOA,F18,19,536507.9145701327
OOA,F18,20,1259415.096866825
OOA,F18,21,863064.1100651101
OOA,F18,22,592498.2380174185
OOA,F18,23,983538.8266898285
OOA,F18,24,1132905.8683696056
OOA,F18,25,1012837.3391332207
OOA,F18,26,1668395.467963678
OOA,F18,27,1002098.2529960755
OOA,F18,28,597861.4911422941
OOA,F18,29,1624127.7307485123
OOA,F18,30,562074.1577428457
OOA,F19,1,4428.116672491782
OOA,F19,2,5473.777579919442
OOA,F19,3,5575.306338980145
OOA,F19,4,18174.65990241074
OOA,F19,5,7239.271352892966
OOA,F19,6,2787.5637937308074
OOA,F19,7,7391.718174096738
OOA,F19,8,5241.567259706334
OOA,F19,9,5455.5480162305375
OOA,F19,10,6596.822980667349
OOA,F19,11,6020.630533530679
OOA,F19,12,5037.385800674187
OOA,F19,13,9412.13827972091
OOA,F19,14,5374.237559255413
OOA,F19,15,4709.46770867805
OOA,F19,16,8254.315598236319
OOA,F19,17,5395.170250369334
OOA,F19,18,3071.511868657759
OOA,F19,19,6223.889710163511
OOA,F19,20,14135.294121489656
OOA,F19,21,6624.148237605333
OOA,F19,22,6641.249754206086
OOA,F19,23,4061.4699333010094
OOA,F19,24,8980.87935671558
OOA,F19,25,9199.647195699861
OOA,F19,26,8572.302103942508
OOA,F19,27,3665.7721729194736
OOA,F19,28,7290.2142262000525
OOA,F19,29,5233.111925600527
OOA,F19,30,8610.583378882087
OOA,F20,1,2412.34240694596
OOA,F20,2,2865.5647076826754
OOA,F20,3,2666.1300683201853
OOA,F20,4,2931.4579293785
OOA,F20,5,2666.610249200828
OOA,F20,6,2405.4547402525454
OOA,F20,7,2341.567336113648
OOA,F20,8,2600.86080874076
OOA,F20,9,2510.9642813112478
OOA,F20,10,2335.0003241173836
OOA,F20,11,2701.7542876975176
OOA,F20,12,2588.0617668880345
OOA,F20,13,2716.392252625693
OOA,F20,14,2413.517692039078
OOA,F20,15,2868.774007411351
OOA,F20,16,2206.495853430533
OOA,F20,17,2490.364333539163
OOA,F20,18,2439.4194740112202
OOA,F20,19,2407.2908697357393
OOA,F20,20,2728.539129511191
OOA,F20,21,2635.03608382755
OOA,F20,22,2716.118294157039
OOA,F20,23,2504.988795823499
OOA,F20,24,2914.6292718963473
OOA,F20,25,2534.5061528931788
OOA,F20,26,2767.226093155651
OOA,F20,27,2249.960272607083
OOA,F20,28,2635.731462532376
OOA,F20,29,2649.401804413359
OOA,F20,30,2655.5607618586887
OOA,F21,1,2509.425068128179
OOA,F21,2,2494.9074148221084
OOA,F21,3,2485.8572049176373
OOA,F21,4,2501.975705696047
OOA,F21,5,2495.5763135411203
OOA,F21,6,2511.707600237657
OOA,F21,7,2482.7778050474767
OOA,F21,8,2499.1787130382863
OOA,F21,9,2497.5443033369193
OOA,F21,10,2499.6266560461822
OOA,F21,11,2486.644318593539
OOA,F21,12,2489.394824255021
OOA,F21,13,2488.816422497182
OOA,F21,14,2495.3582256373356
OOA,F21,15,2501.5119654518608
OOA,F21,16,2494.3585979421027
OOA,F21,17,2521.0514758588424
OOA,F21,18,2501.7737178264742
OOA,F21,19,2482.4604961136797
OOA,F21,20,2497.19792999961
OOA,F21,21,2471.940401003697
OOA,F21,22,2491.920424665596
OOA,F21,23,2502.3652487638537
OOA,F21,24,2501.2649486599234
OOA,F21,25,2489.818129238486
OOA,F21,26,2511.311209031854
OOA,F21,27,2500.440841154993
OOA,F21,28,2499.1445235435676
OOA,F21,29,2485.3643247568903
OOA,F21,30,2486.258044910617
OOA,F22,1,2307.6020602832677
OOA,F22,2,2306.0773506752384
OOA,F22,3,2316.2820262370583
OOA,F22,4,2440.514124948438
OOA,F22,5,2302.2818566538713
OOA,F22,6,2302.31766228079
OOA,F22,7,2305.7126770675795
OOA,F22,8,2303.1958963895063
OOA,F22,9,2303.039101240588
OOA,F22,10,2305.6553595245177
OOA,F22,11,2314.3380756885585
OOA,F22,12,2345.459060181407
OOA,F22,13,2304.676899797093
OOA,F22,14,2315.2043008012565
OOA,F22,15,2303.76352755977
OOA,F22,16,2306.722822744626
OOA,F22,17,2306.534549604595
OOA,F22,18,2306.3768198108482
OOA,F22,19,2300.7367671793327
OOA,F22,20,2308.6567448694786
OOA,F22,21,2307.3892363964515
OOA,F22,22,2302.557007821877
OOA,F22,23,2305.4470446933838
OOA,F22,24,2308.1338375495493
OOA,F22,25,2305.0869180609984
OOA,F22,26,2305.9668159346497
OOA,F22,27,2302.856970903699
OOA,F22,28,2302.9761570114993
OOA,F22,29,2302.497414490286
OOA,F22,30,2304.835451345495
OOA,F23,1,2833.7577740403417
OOA,F23,2,2878.5238568364884
OOA,F23,3,2858.269775367224
OOA,F23,4,2853.8937711963654
OOA,F23,5,2852.706998477149
OOA,F23,6,2854.9171800951317
OOA,F23,7,2863.5120002593762
OOA,F23,8,2859.329893944025
OOA,F23,9,2851.1514783033335
OOA,F23,10,2845.3018005208432
OOA,F23,11,2860.111699142177
OOA,F23,12,2847.2320944974904
OOA,F23,13,2851.360225657558
OOA,F23,14,2860.506035519527
OOA,F23,15,2835.96590778829
OOA,F23,16,2859.015933858778
OOA,F23,17,2863.0183627909823
OOA,F23,18,2861.620218383854
OOA,F23,19,2868.234454475472
OOA,F23,20,2862.059976102586
OOA,F23,21,2840.295920008319
OOA,F23,22,2846.998108902658
OOA,F23,23,2841.7549325590753
OOA,F23,24,2878.149246405648
OOA,F23,25,2866.2782355502254
OOA,F23,26,2847.937497949362
OOA,F23,27,2850.182472097863
OOA,F23,28,2863.694135812522
OOA,F23,29,2860.009129704172
OOA,F23,30,2864.3559464756363
OOA,F24,1,3019.281094841339
OOA,F24,2,3027.813072496355
OOA,F24,3,3044.3992014749165
OOA,F24,4,3026.2788126209034
OOA,F24,5,3028.3324649570377
OOA,F24,6,2994.6860164989785
OOA,F24,7,3019.0082458555326
OOA,F24,8,3022.0520633234664
OOA,F24,9,3038.7037935994467
OOA,F24,10,3002.5029377995925
OOA,F24,11,3017.6909199189436
OOA,F24,12,3030.923006080678
OOA,F24,13,3012.8244616127486
OOA,F24,14,3018.86206615519
OOA,F24,15,3037.632826272727
OOA,F24,16,3039.3884297824443
OOA,F24,17,3012.229454428232
OOA,F24,18,3009.929734000647
OOA,F24,19,3030.681061322858
OOA,F24,20,3012.806134744461
OOA,F24,21,3008.5404135913495
OOA,F24,22,3031.5593175254553
OOA,F24,23,3020.669040147149
OOA,F24,24,3024.6397513454895
OOA,F24,25,3030.4333326303217
OOA,F24,26,3025.11467622809
OOA,F24,27,3004.4744718317697
OOA,F24,28,3016.3970599216764
OOA,F24,29,3010.030110652154
OOA,F24,30,3039.9562894411797
OOA,F25,1,2900.270665243831
OOA,F25,2,2891.632512335939
OOA,F25,3,2910.9961266983855
OOA,F25,4,2987.8995149161124
OOA,F25,5,2910.5796413778507
OOA,F25,6,2924.533325143572
OOA,F25,7,2924.5687558252207
OOA,F25,8,2945.3147725348826
OOA,F25,9,2887.2560283860703
OOA,F25,10,3001.431289889533
OOA,F25,11,2936.1812246157074
OOA,F25,12,3000.701396009369
OOA,F25,13,2884.9624893544415
OOA,F25,14,2928.87873236208
OOA,F25,15,2915.4921009307045
OOA,F25,16,2953.47088599469
OOA,F25,17,2932.237353750517
OOA,F25,18,2893.0194992295887
OOA,F25,19,2894.7466281722222
OOA,F25,20,2914.861552608908
OOA,F25,21,2946.9767654429934
OOA,F25,22,2933.807866551938
OOA,F25,23,2901.394354977505
OOA,F25,24,2938.0573938029943
OOA,F25,25,2928.2529307908035
OOA,F25,26,2890.362373858868
OOA,F25,27,2959.013496257711
OOA,F25,28,2904.270242890698
OOA,F25,29,2904.66338794602
OOA,F25,30,2932.696752839468
OOA,F26,1,5577.542003135006
OOA,F26,2,5475.3990786028335
OOA,F26,3,5815.547857913223
OOA,F26,4,5603.885174740948
OOA,F26,5,5684.829711218443
OOA,F26,6,5849.12672378373
OOA,F26,7,5619.3920404221135
OOA,F26,8,5982.584128282548
OOA,F26,9,5573.226167988458
OOA,F26,10,5627.721383006019
OOA,F26,11,5471.1283028519465
OOA,F26,12,5668.6135606196
OOA,F26,13,5900.6575849688725
OOA,F26,14,5900.576856224416
OOA,F26,15,5781.738305811252
OOA,F26,16,5753.212617507248
OOA,F26,17,6023.475225608288
OOA,F26,18,6047.928373528465
OOA,F26,19,5669.799196403281
OOA,F26,20,5672.241090497253
OOA,F26,21,5721.687239482713
OOA,F26,22,5712.001123897766
OOA,F26,23,5753.4885429207025
OOA,F26,24,5762.021115612575
OOA,F26,25,5552.363553627907
OOA,F26,26,5808.187308506882
OOA,F26,27,5901.22371334445
OOA,F26,28,5986.195675810269
OOA,F26,29,5883.854116985959
OOA,F26,30,5946.392337290488
OOA,F27,1,3226.89682707131
OOA,F27,2,3220.6027912268846
OOA,F27,3,3228.6000624039034
OOA,F27,4,3270.2543858967156
OOA,F27,5,3231.752041067359
OOA,F27,6,3230.2327538735835
OOA,F27,7,3225.353448278552
OOA,F27,8,3220.07532006996
OOA,F27,9,3224.581668584561
OOA,F27,10,3220.822653920135
OOA,F27,11,3222.521938627686
OOA,F27,12,3234.7774045364486
OOA,F27,13,3261.7352119943926
OOA,F27,14,3229.2588728249943
OOA,F27,15,3236.369197476911
OOA,F27,16,3211.851268703575
OOA,F27,17,3213.514731884158
OOA,F27,18,3228.04297247319
OOA,F27,19,3231.2580703955437
OOA,F27,20,3213.222373072066
OOA,F27,21,3230.499718813537
OOA,F27,22,3221.21949326337
OOA,F27,23,3215.5510910005746
OOA,F27,24,3227.796160056683
OOA,F27,25,3212.4262252694857
OOA,F27,26,3223.4569235781883
OOA,F27,27,3236.671885889905
OOA,F27,28,3216.640585344815
OOA,F27,29,3214.5090098053724
OOA,F27,30,3256.3511238430824
OOA,F28,1,3261.475209044441
OOA,F28,2,3264.7878229573207
OOA,F28,3,3273.6746354634024
OOA,F28,4,3375.039149714323
OOA,F28,5,3260.347937542667
OOA,F28,6,3221.9920952746143
OOA,F28,7,3275.7513214746023
OOA,F28,8,3242.245691748895
OOA,F28,9,3274.8005437533634
OOA,F28,10,3346.8109131378947
OOA,F28,11,3335.5265176532903
OOA,F28,12,3323.519337795827
OOA,F28,13,3266.001112182805
OOA,F28,14,3257.108012447032
OOA,F28,15,3258.3259976740137
OOA,F28,16,3269.831079779849
OOA,F28,17,3393.296784039735
OOA,F28,18,3363.2761956338395
OOA,F28,19,3261.698511118344
OOA,F28,20,3259.9513271095757
OOA,F28,21,3293.315000357433
OOA,F28,22,3245.185250443219
OOA,F28,23,3262.3374630029716
OOA,F28,24,3272.512608404636
OOA,F28,25,3261.85669352067
OOA,F28,26,3312.11426094393
OOA,F28,27,3283.7964540224493
OOA,F28,28,3265.406931025895
OOA,F28,29,3321.279250958106
OOA,F28,30,3255.456498648182
OOA,F29,1,4240.068735303212
OOA,F29,2,4258.858948574061
OOA,F29,3,4079.7296949913357
OOA,F29,4,4123.366051491146
OOA,F29,5,4119.294254155831
OOA,F29,6,4140.222268053178
OOA,F29,7,4346.0271449055535
OOA,F29,8,4207.183422321902
OOA,F29,9,4439.616058304028
OOA,F29,10,4326.515589027566
OOA,F29,11,3963.687443923329
OOA,F29,12,4466.011851478741
OOA,F29,13,4331.248150688858
OOA,F29,14,4309.26927488036
OOA,F29,15,4359.356899172172
OOA,F29,16,4338.993084446081
OOA,F29,17,4060.941503819324
OOA,F29,18,4151.098408715575
OOA,F29,19,3922.4877589062644
OOA,F29,20,4197.610121327163
OOA,F29,21,4486.185950243514
OOA,F29,22,3979.2750565097112
OOA,F29,23,4288.90490537243
OOA,F29,24,4236.345664899698
OOA,F29,25,4470.86626481145
OOA,F29,26,3990.6081580995797
OOA,F29,27,4210.8391768404035
OOA,F29,28,4380.462752723164
OOA,F29,29,4240.848877106339
OOA,F29,30,4133.881423011667
OOA,F30,1,28925.242902404025
OOA,F30,2,65097.21451206421
OOA,F30,3,55030.221759536755
OOA,F30,4,80848.79442703864
OOA,F30,5,113763.23651631232
OOA,F30,6,24403.592878235497
OOA,F30,7,46860.68553434716
OOA,F30,8,28575.44378555662
OOA,F30,9,23867.370737520556
OOA,F30,10,14073.809016423384
OOA,F30,11,66588.87267148923
OOA,F30,12,34343.23754200453
OOA,F30,13,10657.183742746265
OOA,F30,14,13885.541803962798
OOA,F30,15,55349.24078137693
OOA,F30,16,33680.626671162034
OOA,F30,17,18702.93283818296
OOA,F30,18,18138.308767780243
OOA,F30,19,9002.673069592742
OOA,F30,20,14512.000223124385
OOA,F30,21,16198.002747914905
OOA,F30,22,15776.033889664875
OOA,F30,23,19632.48514535516
OOA,F30,24,17298.101075078543
OOA,F30,25,40548.386282294116
OOA,F30,26,65724.62091255198
OOA,F30,27,24402.47328410497
OOA,F30,28,12139.17994205679
OOA,F30,29,20323.24415537542
OOA,F30,30,54985.360177199196
WOO,F1,1,10684467.095022492
WOO,F1,2,7576860.132825535
WOO,F1,3,6510313.962627239
WOO,F1,4,8308796.28808986
WOO,F1,5,7258305.820193211
WOO,F1,6,14429317.98009903
WOO,F1,7,5334265.407160458
WOO,F1,8,9754036.017969424
WOO,F1,9,5266204.13991989
WOO,F1,10,9985869.535907026
WOO,F1,11,6734752.34230025
WOO,F1,12,10451461.006632881
WOO,F1,13,8570827.952910196
WOO,F1,14,3954904.2009864873
WOO,F1,15,6491224.13770128
WOO,F1,16,5996002.305722787
WOO,F1,17,14411305.701686919
WOO,F1,18,17499808.14084746
WOO,F1,19,9525416.615290519
WOO,F1,20,13073048.94393009
WOO,F1,21,6735015.259801979
WOO,F1,22,12234949.728347192
WOO,F1,23,9933280.740141766
WOO,F1,24,3462401.261336405
WOO,F1,25,6441136.186870452
WOO,F1,26,8582100.296317626
WOO,F1,27,6492675.615040498
WOO,F1,28,4569009.412075104
WOO,F1,29,11625645.362011595
WOO,F1,30,9438934.483947007
WOO,F3,1,31387.41841862583
WOO,F3,2,33375.04900214167
WOO,F3,3,49005.166183002424
WOO,F3,4,45139.98735040768
WOO,F3,5,35368.19134146755
WOO,F3,6,43930.50786601726
WOO,F3,7,42326.115382997596
WOO,F3,8,38848.31258635702
WOO,F3,9,36477.66244282289
WOO,F3,10,33647.17451436623
WOO,F3,11,35732.41294276668
WOO,F3,12,39223.25248515287
WOO,F3,13,31723.36201790481
WOO,F3,14,33930.133538267466
WOO,F3,15,19888.43796363843
WOO,F3,16,28236.25109938895
WOO,F3,17,53212.16061030785
WOO,F3,18,47044.87854531638
WOO,F3,19,35053.19880958787
WOO,F3,20,36739.09763016043
WOO,F3,21,27608.626126668354
WOO,F3,22,20929.926151622287
WOO,F3,23,42557.83387644668
WOO,F3,24,30252.82658054663
WOO,F3,25,45675.116983212974
WOO,F3,26,36263.0648649595
WOO,F3,27,32544.240989169797
WOO,F3,28,34916.38943822909
WOO,F3,29,32415.86157132498
WOO,F3,30,34477.12375458116
WOO,F4,1,537.2976783918587
WOO,F4,2,553.748809883488
WOO,F4,3,526.324446934605
WOO,F4,4,550.8975831432767
WOO,F4,5,546.8302767403642
WOO,F4,6,548.4992706952021
WOO,F4,7,555.223058263496
WOO,F4,8,551.3992912931368
WOO,F4,9,555.2456117486062
WOO,F4,10,549.7059071757197
WOO,F4,11,565.0643395225984
WOO,F4,12,554.1475156172596
WOO,F4,13,545.8180372513011
WOO,F4,14,571.7661327079883
WOO,F4,15,548.7784544726458
WOO,F4,16,549.1615426858112
WOO,F4,17,546.5625051434196
WOO,F4,18,580.2852811067539
WOO,F4,19,563.7729773910004
WOO,F4,20,559.0878259811866
WOO,F4,21,550.6944278745691
WOO,F4,22,554.9961988053414
WOO,F4,23,559.4771841856921
WOO,F4,24,543.1954844424331
WOO,F4,25,539.3951738344476
WOO,F4,26,567.0746732644868
WOO,F4,27,538.486900428445
WOO,F4,28,554.4883527467887
WOO,F4,29,562.8405000429469
WOO,F4,30,537.5603866280599
WOO,F5,1,701.9916852937607
WOO,F5,2,715.1211400314825
WOO,F5,3,689.9109264044206
WOO,F5,4,741.6454081731245
WOO,F5,5,711.4917390682625
WOO,F5,6,680.2764268226312
WOO,F5,7,732.9322061016824
WOO,F5,8,687.2954746892021
WOO,F5,9,715.7633234768352
WOO,F5,10,698.2461604147461
WOO,F5,11,722.1763169394699
WOO,F5,12,705.0882051463013
WOO,F5,13,704.2272390205019
WOO,F5,14,676.0729938377136
WOO,F5,15,724.2365259733771
WOO,F5,16,701.6385758010335
WOO,F5,17,728.3856972147951
WOO,F5,18,703.1959775837237
WOO,F5,19,723.93772854483
WOO,F5,20,715.7473588187588
WOO,F5,21,732.8392412573257
WOO,F5,22,668.539267001268
WOO,F5,23,724.3599581814666
WOO,F5,24,696.0609440768328
WOO,F5,25,706.9700682680851
WOO,F5,26,705.7241715547686
WOO,F5,27,730.5850989688239
WOO,F5,28,721.6611313722847
WOO,F5,29,714.9412535122588
WOO,F5,30,705.6552990462983
WOO,F6,1,628.6666599678457
WOO,F6,2,623.4074687329949
WOO,F6,3,618.3970015366104
WOO,F6,4,626.0374018832752
WOO,F6,5,625.9652620580619
WOO,F6,6,623.2354583052892
WOO,F6,7,616.8901165836163
WOO,F6,8,622.6339806592352
WOO,F6,9,619.6141184010784
WOO,F6,10,621.7934671577096
WOO,F6,11,626.284279404998
WOO,F6,12,622.6408797137974
WOO,F6,13,620.0384636579226
WOO,F6,14,629.3725603761247
WOO,F6,15,619.1490754385342
WOO,F6,16,622.5046054842287
WOO,F6,17,628.3511239396743
WOO,F6,18,622.2365131871946
WOO,F6,19,619.4365203158353
WOO,F6,20,626.451722369248
WOO,F6,21,626.3446460428913
WOO,F6,22,629.1697740741217
WOO,F6,23,622.1462750265212
WOO,F6,24,625.4606644464045
WOO,F6,25,622.8641713829079
WOO,F6,26,626.3883019233657
WOO,F6,27,625.0894163138405
WOO,F6,28,615.1726270221276
WOO,F6,29,612.5064987275196
WOO,F6,30,618.8249463899112
WOO,F7,1,943.0953243484714
WOO,F7,2,931.9152220382068
WOO,F7,3,985.4339756446188
WOO,F7,4,964.3016306542404
WOO,F7,5,917.0241839861342
WOO,F7,6,964.0653094474455
WOO,F7,7,969.7526098080365
WOO,F7,8,948.9667227340346
WOO,F7,9,969.973820573806
WOO,F7,10,959.0662875969783
WOO,F7,11,950.3350015357247
WOO,F7,12,945.228352547412
WOO,F7,13,964.0322794375196
WOO,F7,14,984.0752239274917
WOO,F7,15,982.2685722232836
WOO,F7,16,921.9662661592212
WOO,F7,17,960.8987069567095
WOO,F7,18,959.7513572485269
WOO,F7,19,968.6415190770178
WOO,F7,20,925.7099408383859
WOO,F7,21,938.5346755994942
WOO,F7,22,980.8601323944328
WOO,F7,23,965.1224538981708
WOO,F7,24,958.1021468450056
WOO,F7,25,975.9234639193459
WOO,F7,26,960.5592996742355
WOO,F7,27,975.0738201877259
WOO,F7,28,957.6888774360968
WOO,F7,29,944.5858516249546
WOO,F7,30,970.8912694275598
WOO,F8,1,1004.2901085576102
WOO,F8,2,999.0573507949038
WOO,F8,3,1013.5408837726151
WOO,F8,4,1008.0312325492318
WOO,F8,5,1042.5588855162164
WOO,F8,6,997.4026358440768
WOO,F8,7,1025.698193804759
WOO,F8,8,1028.4433500359546
WOO,F8,9,1007.3865908752915
WOO,F8,10,1027.1174298628234
WOO,F8,11,998.1529223638206
WOO,F8,12,1008.1156193689948
WOO,F8,13,1021.3846628780908
WOO,F8,14,1031.3324740586672
WOO,F8,15,1041.4675688205593
WOO,F8,16,1003.2902667285457
WOO,F8,17,1001.0564800107207
WOO,F8,18,1028.3691878374782
WOO,F8,19,1007.0971875350871
WOO,F8,20,1044.907458639955
WOO,F8,21,992.5192915257194
WOO,F8,22,1017.5416986619841
WOO,F8,23,1032.314091050664
WOO,F8,24,989.9568077217721
WOO,F8,25,1020.7327025531187
WOO,F8,26,1000.4787789920442
WOO,F8,27,1010.8023141025888
WOO,F8,28,1008.8917525106933
WOO,F8,29,1002.8324839258045
WOO,F8,30,982.5136185240813
WOO,F9,1,2619.4903311827584
WOO,F9,2,2185.730530559771
WOO,F9,3,2355.0504225856266
WOO,F9,4,1743.1356756930293
WOO,F9,5,2667.0711878309357
WOO,F9,6,2843.518683056805
WOO,F9,7,2254.5642349958193
WOO,F9,8,2860.1357124593633
WOO,F9,9,2523.4055809460942
WOO,F9,10,2897.9875300267304
WOO,F9,11,3603.793640288934
WOO,F9,12,3029.5884414134885
WOO,F9,13,3352.2732403156206
WOO,F9,14,2320.71764316977
WOO,F9,15,2230.5438233128225
WOO,F9,16,2612.0909832179414
WOO,F9,17,3383.4654586164515
WOO,F9,18,2208.7635836671634
WOO,F9,19,2541.9543579051942
WOO,F9,20,2587.66270389487
WOO,F9,21,2517.19810097308
WOO,F9,22,2896.8629387867613
WOO,F9,23,2191.4742015872707
WOO,F9,24,2709.207438168449
WOO,F9,25,2738.561804435605
WOO,F9,26,2969.3621234344528
WOO,F9,27,3226.0362903946
WOO,F9,28,2072.7090847958093
WOO,F9,29,2192.0126437776344
WOO,F9,30,3021.0623495985997
WOO,F10,1,7890.329146374951
WOO,F10,2,6839.708115493656
WOO,F10,3,7721.430165713871
WOO,F10,4,7269.812107164128
WOO,F10,5,7737.194717448049
WOO,F10,6,7134.567757117688
WOO,F10,7,7574.315774030527
WOO,F10,8,7820.411766686441
WOO,F10,9,7914.825338034331
WOO,F10,10,7499.631241620519
WOO,F10,11,7556.999929186313
WOO,F10,12,7167.022302742207
WOO,F10,13,7604.580027299517
WOO,F10,14,7609.518414684734
WOO,F10,15,7844.116358851638
WOO,F10,16,7498.735127896489
WOO,F10,17,6477.1543438956005
WOO,F10,18,6661.116650210428
WOO,F10,19,7057.076491229534
WOO,F10,20,7667.960385279466
WOO,F10,21,7706.003124383006
WOO,F10,22,7403.46456924985
WOO,F10,23,7715.399479376783
WOO,F10,24,6936.9793779199845
WOO,F10,25,8212.75942725634
WOO,F10,26,7536.865420701956
WOO,F10,27,7504.765295631103
WOO,F10,28,7418.16639123959
WOO,F10,29,7588.962271682138
WOO,F10,30,7917.05715932006
WOO,F11,1,1291.2309990361978
WOO,F11,2,1298.6602757292699
WOO,F11,3,1294.5293324725076
WOO,F11,4,1315.0678449463321
WOO,F11,5,1284.4958280365304
WOO,F11,6,1277.3163738566816
WOO,F11,7,1273.7211936566682
WOO,F11,8,1282.73393763571
WOO,F11,9,1252.675262487585
WOO,F11,10,1251.5985565974747
WOO,F11,11,1306.5305658782077
WOO,F11,12,1309.306015539075
WOO,F11,13,1294.8653797156117
WOO,F11,14,1249.4525376069241
WOO,F11,15,1278.924297866274
WOO,F11,16,1290.8359640115975
WOO,F11,17,1264.231806824524
WOO,F11,18,1287.4861626920513
WOO,F11,19,1265.967064302794
WOO,F11,20,1311.2571945998866
WOO,F11,21,1298.079211246131
WOO,F11,22,1244.3299656689483
WOO,F11,23,1304.1434742702277
WOO,F11,24,1278.2433984622653
WOO,F11,25,1324.2552405921797
WOO,F11,26,1331.4870056064258
WOO,F11,27,1287.319777687539
WOO,F11,28,1283.51312937599
WOO,F11,29,1289.9740781594421
WOO,F11,30,1280.6230296505166
WOO,F12,1,2393678.0806314307
WOO,F12,2,2044516.1123115094
WOO,F12,3,2034317.0752724754
WOO,F12,4,2392212.5956929694
WOO,F12,5,1285176.2453815972
WOO,F12,6,2961539.662530195
WOO,F12,7,1320483.359363587
WOO,F12,8,3938339.068398103
WOO,F12,9,1562233.7205941665
WOO,F12,10,4420704.568905717
WOO,F12,11,1681050.131285591
WOO,F12,12,1508737.5417185547
WOO,F12,13,1074202.6521983906
WOO,F12,14,2582403.069198406
WOO,F12,15,1956279.3302526674
WOO,F12,16,1903423.86932255
WOO,F12,17,2165523.160573949
WOO,F12,18,3369414.230611666
WOO,F12,19,2730271.9984383862
WOO,F12,20,2077847.1287615318
WOO,F12,21,3817375.131455754
WOO,F12,22,2043011.9017149475
WOO,F12,23,2194335.2033756957
WOO,F12,24,1176328.4320706094
WOO,F12,25,2008134.1975519564
WOO,F12,26,2258736.1196667263
WOO,F12,27,1158365.0724735016
WOO,F12,28,2476649.4688136615
WOO,F12,29,1499679.0655618508
WOO,F12,30,1747741.9737672014
WOO,F13,1,53517.161946215645
WOO,F13,2,53337.71582438154
WOO,F13,3,22925.394334539305
WOO,F13,4,46756.782537717154
WOO,F13,5,80113.82734529665
WOO,F13,6,35303.447730488384
WOO,F13,7,46291.14585250125
WOO,F13,8,35157.40469745371
WOO,F13,9,15491.18777900527
WOO,F13,10,41466.41424297632
WOO,F13,11,34123.658813605
WOO,F13,12,83837.59122466386
WOO,F13,13,47247.5285988396
WOO,F13,14,39793.33841270856
WOO,F13,15,54891.95628258704
WOO,F13,16,78238.48447754937
WOO,F13,17,37531.212117311035
WOO,F13,18,64618.34262660676
WOO,F13,19,49928.95788790916
WOO,F13,20,61623.41617680738
WOO,F13,21,77992.54622217422
WOO,F13,22,32381.886265218298
WOO,F13,23,76878.57896248282
WOO,F13,24,69587.13773803682
WOO,F13,25,64263.726861819225
WOO,F13,26,52794.68523570288
WOO,F13,27,44896.66710489511
WOO,F13,28,42944.21332746166
WOO,F13,29,28340.926604260272
WOO,F13,30,67343.11867084069
WOO,F14,1,1788.1345711433758
WOO,F14,2,1756.3763726163143
WOO,F14,3,1730.8661641713875
WOO,F14,4,1922.0974076052812
WOO,F14,5,1676.4504503455
WOO,F14,6,1785.8404350130108
WOO,F14,7,1758.863565368724
WOO,F14,8,1683.0535291235612
WOO,F14,9,1776.2634651226547
WOO,F14,10,1746.1230749942347
WOO,F14,11,1782.7010938305614
WOO,F14,12,1684.190665906287
WOO,F14,13,1729.5159891030153
WOO,F14,14,1807.5169020022993
WOO,F14,15,1762.6863837443648
WOO,F14,16,1699.4568235630015
WOO,F14,17,1722.0322030412945
WOO,F14,18,1648.9302775372712
WOO,F14,19,1648.9683073819533
WOO,F14,20,1653.5828215500014
WOO,F14,21,1725.7228785074008
WOO,F14,22,1614.6223113929323
WOO,F14,23,1670.4118593347187
WOO,F14,24,1760.7378096090426
WOO,F14,25,1674.9945554082465
WOO,F14,26,1680.1642825313247
WOO,F14,27,1799.180645490014
WOO,F14,28,1647.2891780857549
WOO,F14,29,1840.6326934270228
WOO,F14,30,1734.451895073131
WOO,F15,1,4485.376773904868
WOO,F15,2,4459.435921616189
WOO,F15,3,8016.797129857104
WOO,F15,4,6719.205806440404
WOO,F15,5,5704.297533927816
WOO,F15,6,5036.402173238649
WOO,F15,7,4498.11363628921
WOO,F15,8,8494.03584502919
WOO,F15,9,6702.244888412946
WOO,F15,10,4835.975750600439
WOO,F15,11,4661.5121318217225
WOO,F15,12,4931.14200380779
WOO,F15,13,7988.170889010495
WOO,F15,14,5401.848851418188
WOO,F15,15,7438.729219244636
WOO,F15,16,4362.006286844376
WOO,F15,17,6028.521744569244
WOO,F15,18,5183.53505439525
WOO,F15,19,6091.371301007602
WOO,F15,20,3348.007457121727
WOO,F15,21,4385.333666497067
WOO,F15,22,7141.562894781551
WOO,F15,23,3994.372919288674
WOO,F15,24,4107.209156247038
WOO,F15,25,7580.226542036167
WOO,F15,26,6650.44008221954
WOO,F15,27,6146.507184690447
WOO,F15,28,5390.282869289679
WOO,F15,29,6059.552775407774
WOO,F15,30,6578.531196373544
WOO,F16,1,3045.6629487338396
WOO,F16,2,3154.6859824967632
WOO,F16,3,3210.7647650824692
WOO,F16,4,3014.142086340994
WOO,F16,5,3119.134689379397
WOO,F16,6,3131.3900260282435
WOO,F16,7,3048.3872585277686
WOO,F16,8,3316.8143726964877
WOO,F16,9,3323.0501371038486
WOO,F16,10,2824.5943566038795
WOO,F16,11,2487.177670036757
WOO,F16,12,3251.045951951466
WOO,F16,13,3068.0827425858192
WOO,F16,14,2935.4352479600702
WOO,F16,15,3193.263205056026
WOO,F16,16,3262.4518959212255
WOO,F16,17,3301.084713039785
WOO,F16,18,3119.1540271327663
WOO,F16,19,2768.1213538929146
WOO,F16,20,3142.24333890614
WOO,F16,21,3100.1537123702687
WOO,F16,22,3132.8180356286325
WOO,F16,23,3099.4239496134214
WOO,F16,24,3235.868668400054
WOO,F16,25,3221.4760242419243
WOO,F16,26,2996.4195287447083
WOO,F16,27,3221.4795104537475
WOO,F16,28,3221.093788978372
WOO,F16,29,3180.335369635728
WOO,F16,30,3181.668374725942
WOO,F17,1,2037.165025583528
WOO,F17,2,2188.4825487071457
WOO,F17,3,2188.457815229072
WOO,F17,4,2173.8657587493544
WOO,F17,5,2185.2035174833477
WOO,F17,6,2008.1650616091788
WOO,F17,7,2134.025416818164
WOO,F17,8,2002.4754668402356
WOO,F17,9,2189.2125801668535
WOO,F17,10,2115.057861760659
WOO,F17,11,2063.228020086069
WOO,F17,12,2081.9174147839785
WOO,F17,13,2140.859683927302
WOO,F17,14,2191.5260740495933
WOO,F17,15,2191.5414502819926
WOO,F17,16,2107.286862815713
WOO,F17,17,2049.6974181060414
WOO,F17,18,2052.2400448242224
WOO,F17,19,2158.138414494583
WOO,F17,20,2096.863620343252
WOO,F17,21,2014.5561304852886
WOO,F17,22,2162.352278747614
WOO,F17,23,2217.1626726548475
WOO,F17,24,2220.9402290828248
WOO,F17,25,1992.8147343049973
WOO,F17,26,1974.4441907404027
WOO,F17,27,1991.5226750894565
WOO,F17,28,2117.1999360025525
WOO,F17,29,2117.8955101470715
WOO,F17,30,2162.7726969447826
WOO,F18,1,40981.56525225648
WOO,F18,2,57006.85771421395
WOO,F18,3,39542.04130583414
WOO,F18,4,44009.680378639605
WOO,F18,5,36753.03968996467
WOO,F18,6,43449.94019067521
WOO,F18,7,41146.8350078729
WOO,F18,8,34759.29583003439
WOO,F18,9,58863.637615733875
WOO,F18,10,48825.86054046049
WOO,F18,11,31058.19196628725
WOO,F18,12,36064.53463907565
WOO,F18,13,62797.29167268571
WOO,F18,14,39193.88841173932
WOO,F18,15,51285.5622068969
WOO,F18,16,93155.29400803606
WOO,F18,17,35985.72305904664
WOO,F18,18,42603.071623049254
WOO,F18,19,56860.279158595324
WOO,F18,20,42372.23339475485
WOO,F18,21,48095.29492203293
WOO,F18,22,41255.19409314797
WOO,F18,23,37906.936193345
WOO,F18,24,40706.27793610408
WOO,F18,25,64320.58662184744
WOO,F18,26,68943.03728034667
WOO,F18,27,74336.73169046635
WOO,F18,28,67376.107967974
WOO,F18,29,61289.313082132954
WOO,F18,30,38350.332634683655
WOO,F19,1,3120.050207585763
WOO,F19,2,3219.8749528464436
WOO,F19,3,4917.112131574605
WOO,F19,4,2918.6189124787825
WOO,F19,5,4868.748326711132
WOO,F19,6,6551.842261183464
WOO,F19,7,9478.39220855308
WOO,F19,8,6062.788676487926
WOO,F19,9,4246.299681435378
WOO,F19,10,4996.16692821583
WOO,F19,11,8549.374574968946
WOO,F19,12,5361.259651217313
WOO,F19,13,6656.753127101537
WOO,F19,14,3789.005432026225
WOO,F19,15,6258.456181131911
WOO,F19,16,5335.027208447529
WOO,F19,17,4675.947281422563
WOO,F19,18,5333.596021524834
WOO,F19,19,3496.6113838038173
WOO,F19,20,10432.774524392526
WOO,F19,21,4486.095238174051
WOO,F19,22,4841.386047072669
WOO,F19,23,5844.968923289318
WOO,F19,24,6100.171047929638
WOO,F19,25,6885.9635653317655
WOO,F19,26,12897.594514005155
WOO,F19,27,6819.39566022201
WOO,F19,28,5272.4239709021895
WOO,F19,29,4659.592740633076
WOO,F19,30,3042.35801522535
WOO,F20,1,2497.5103593537187
WOO,F20,2,2801.4036734609645
WOO,F20,3,2744.1560180630627
WOO,F20,4,2383.0789170045196
WOO,F20,5,2546.8283674131285
WOO,F20,6,2762.696713994924
WOO,F20,7,2430.205046220509
WOO,F20,8,2598.093154635614
WOO,F20,9,2577.7469481554626
WOO,F20,10,2527.2132127260275
WOO,F20,11,2435.207108820305
WOO,F20,12,2533.780956784367
WOO,F20,13,2612.212897654374
WOO,F20,14,2486.8367302515394
WOO,F20,15,2448.217715132683
WOO,F20,16,2641.013527730268
WOO,F20,17,2481.0743447867144
WOO,F20,18,2581.3300209020285
WOO,F20,19,2593.3970154429953
WOO,F20,20,2732.4001157520056
WOO,F20,21,2565.9982904868184
WOO,F20,22,2429.116594647822
WOO,F20,23,2516.042307355318
WOO,F20,24,2292.8919516822048
WOO,F20,25,2468.318329701591
WOO,F20,26,2586.3107655477934
WOO,F20,27,2553.8502240975317
WOO,F20,28,2574.8251792609913
WOO,F20,29,2554.69019599331
WOO,F20,30,2544.028311611783
WOO,F21,1,2509.5659024813667
WOO,F21,2,2519.01156639066
WOO,F21,3,2476.1414243776685
WOO,F21,4,2503.480199857835
WOO,F21,5,2506.511365758297
WOO,F21,6,2516.3027426438985
WOO,F21,7,2497.6409381251733
WOO,F21,8,2505.5702456074314
WOO,F21,9,2516.826806235329
WOO,F21,10,2515.0322183200515
WOO,F21,11,2515.3248256255733
WOO,F21,12,2513.140087864018
WOO,F21,13,2504.402400277966
WOO,F21,14,2471.422459698888
WOO,F21,15,2494.862396803583
WOO,F21,16,2512.6627827657676
WOO,F21,17,2527.0898272591344
WOO,F21,18,2513.2218238489654
WOO,F21,19,2502.5565090763794
WOO,F21,20,2511.2241440395246
WOO,F21,21,2511.165512046475
WOO,F21,22,2499.7659749486816
WOO,F21,23,2512.3467462967387
WOO,F21,24,2484.5409329706918
WOO,F21,25,2519.1739238982314
WOO,F21,26,2505.6397415882084
WOO,F21,27,2483.263951614119
WOO,F21,28,2497.593424468166
WOO,F21,29,2506.405775429351
WOO,F21,30,2508.7215981621803
WOO,F22,1,2435.6544319491
WOO,F22,2,2451.094224712355
WOO,F22,3,2588.1214162421047
WOO,F22,4,2690.393877710837
WOO,F22,5,2606.6187413682514
WOO,F22,6,2381.4976871965155
WOO,F22,7,3109.1994251057727
WOO,F22,8,2781.5618102876315
WOO,F22,9,2408.8203559846047
WOO,F22,10,2493.6866254651277
WOO,F22,11,2421.6393620227527
WOO,F22,12,2492.275348186729
WOO,F22,13,2683.817495673274
WOO,F22,14,2340.148508877513
WOO,F22,15,2552.532630990289
WOO,F22,16,2375.0090538045265
WOO,F22,17,2356.150215699337
WOO,F22,18,2408.6337974491485
WOO,F22,19,2499.288316946023
WOO,F22,20,2373.806984770076
WOO,F22,21,2538.5290973609726
WOO,F22,22,2378.5853286379815
WOO,F22,23,2388.216832852075
WOO,F22,24,2575.2740528588033
WOO,F22,25,2426.3101958169814
WOO,F22,26,2590.951209512886
WOO,F22,27,2654.0957677969463
WOO,F22,28,2459.978089940675
WOO,F22,29,2535.4578051693225
WOO,F22,30,2463.3702621336433
WOO,F23,1,2824.558858452705
WOO,F23,2,2884.9524026966656
WOO,F23,3,2883.627416879617
WOO,F23,4,2878.8330577226443
WOO,F23,5,2907.1348728883827
WOO,F23,6,2890.0614628712383
WOO,F23,7,2846.780486834009
WOO,F23,8,2797.1580382371712
WOO,F23,9,2841.7719999881456
WOO,F23,10,2771.5488511238455
WOO,F23,11,2867.518549598331
WOO,F23,12,2763.7884534243312
WOO,F23,13,2880.3483588589975
WOO,F23,14,2894.9458639170984
WOO,F23,15,2883.252647782287
WOO,F23,16,2861.7063432547375
WOO,F23,17,2906.791379039761
WOO,F23,18,2893.2968206436044
WOO,F23,19,2892.9479209270075
WOO,F23,20,2870.9883402783057
WOO,F23,21,2844.038737286062
WOO,F23,22,2882.2861652688102
WOO,F23,23,2864.366260432415
WOO,F23,24,2902.810107481031
WOO,F23,25,2863.4413338927066
WOO,F23,26,2876.762655063058
WOO,F23,27,2879.486890661671
WOO,F23,28,2789.706192932633
WOO,F23,29,2859.3148062046275
WOO,F23,30,2875.3965610484956
WOO,F24,1,3037.9305032920265
WOO,F24,2,3068.0107822192167
WOO,F24,3,3061.48787271291
WOO,F24,4,3065.5649760604138
WOO,F24,5,3045.674906972808
WOO,F24,6,3028.738625920052
WOO,F24,7,3033.088096510246
WOO,F24,8,3052.5745975840828
WOO,F24,9,3034.677083305166
WOO,F24,10,3037.31202329438
WOO,F24,11,3049.109157824377
WOO,F24,12,3033.0487702412765
WOO,F24,13,3013.163129257928
WOO,F24,14,3015.5127863458297
WOO,F24,15,3064.1136925813053
WOO,F24,16,3090.244926075708
WOO,F24,17,3041.9040374824053
WOO,F24,18,3058.445665077856
WOO,F24,19,3021.582068014804
WOO,F24,20,3047.6285987884166
WOO,F24,21,3052.1963343673815
WOO,F24,22,3046.3542839350953
WOO,F24,23,3041.774715556326
WOO,F24,24,3052.8790582860156
WOO,F24,25,3069.7512451972852
WOO,F24,26,3023.943510338348
WOO,F24,27,3043.8300668395773
WOO,F24,28,3041.269141375782
WOO,F24,29,3040.1079150875153
WOO,F24,30,3034.5724316397313
WOO,F25,1,2905.394865474462
WOO,F25,2,2910.6067594179926
WOO,F25,3,2907.621212760433
WOO,F25,4,2907.753039603511
WOO,F25,5,2901.7486179712982
WOO,F25,6,2907.5948174293867
WOO,F25,7,2911.554130988893
WOO,F25,8,2898.7472943004345
WOO,F25,9,2916.0562589842802
WOO,F25,10,2910.5476565560516
WOO,F25,11,2908.508492143651
WOO,F25,12,2901.584999670988
WOO,F25,13,2907.044283038037
WOO,F25,14,2906.3286167922915
WOO,F25,15,2922.6900944448003
WOO,F25,16,2924.3631061438364
WOO,F25,17,2914.868814659838
WOO,F25,18,2911.559366378919
WOO,F25,19,2915.231136230357
WOO,F25,20,2919.4363335164403
WOO,F25,21,2917.6856878388858
WOO,F25,22,2921.19646609677
WOO,F25,23,2909.2039564766956
WOO,F25,24,2926.498674433093
WOO,F25,25,2909.3181687934402
WOO,F25,26,2924.4380301288047
WOO,F25,27,2910.1295487903412
WOO,F25,28,2902.9865193504115
WOO,F25,29,2919.7850048494083
WOO,F25,30,2901.6084895536596
WOO,F26,1,4437.846617271135
WOO,F26,2,4035.739571345257
WOO,F26,3,4179.149413123592
WOO,F26,4,3721.849183064904
WOO,F26,5,4478.604409129499
WOO,F26,6,3335.456862287735
WOO,F26,7,4079.796762515977
WOO,F26,8,4063.298627547072
WOO,F26,9,3845.492360288017
WOO,F26,10,3592.0222362853665
WOO,F26,11,5297.788105592401
WOO,F26,12,4403.5082703469825
WOO,F26,13,3923.5596201872086
WOO,F26,14,3993.7851498081463
WOO,F26,15,3771.7584693338395
WOO,F26,16,4135.193502640771
WOO,F26,17,3838.1265614834456
WOO,F26,18,3951.5302496784443
WOO,F26,19,3875.102064121382
WOO,F26,20,3762.2214158239312
WOO,F26,21,4095.631456686961
WOO,F26,22,4473.825978161937
WOO,F26,23,4523.22640668821
WOO,F26,24,4336.806763746923
WOO,F26,25,3854.1799748446
WOO,F26,26,4307.523169270982
WOO,F26,27,4150.481776584931
WOO,F26,28,4423.849136311669
WOO,F26,29,4733.206409507867
WOO,F26,30,4194.750215065642
WOO,F27,1,3303.2315150659847
WOO,F27,2,3291.024631195604
WOO,F27,3,3287.285306137522
WOO,F27,4,3309.146576420429
WOO,F27,5,3313.2297987436086
WOO,F27,6,3269.6189940997297
WOO,F27,7,3304.8051776930015
WOO,F27,8,3293.6066896560565
WOO,F27,9,3315.528454378426
WOO,F27,10,3286.3895642558696
WOO,F27,11,3305.2347080445525
WOO,F27,12,3303.7106325023587
WOO,F27,13,3276.054433039329
WOO,F27,14,3296.0515694971036
WOO,F27,15,3306.6887235151307
WOO,F27,16,3291.4314408864257
WOO,F27,17,3284.5516067612634
WOO,F27,18,3285.3141703088345
WOO,F27,19,3292.1647802245257
WOO,F27,20,3291.861945055487
WOO,F27,21,3308.536029133152
WOO,F27,22,3307.237223702428
WOO,F27,23,3305.664671677673
WOO,F27,24,3292.9656300935
WOO,F27,25,3299.8603485543126
WOO,F27,26,3297.6841382804005
WOO,F27,27,3308.297245221117
WOO,F27,28,3288.6584406153543
WOO,F27,29,3313.162361573446
WOO,F27,30,3287.7073941730678
WOO,F28,1,3277.338705352815
WOO,F28,2,3279.8307036404244
WOO,F28,3,3293.581258601591
WOO,F28,4,3285.509965048868
WOO,F28,5,3253.56722534944
WOO,F28,6,3283.9937334937076
WOO,F28,7,3300.439603494892
WOO,F28,8,3277.148185469088
WOO,F28,9,3260.8080666443966
WOO,F28,10,3276.237693386559
WOO,F28,11,3260.705302068048
WOO,F28,12,3270.1329679731653
WOO,F28,13,3297.439335762478
WOO,F28,14,3268.339030623107
WOO,F28,15,3276.3269373029107
WOO,F28,16,3267.538628662409
WOO,F28,17,3291.5986112007417
WOO,F28,18,3272.7398544183725
WOO,F28,19,3291.8381331870464
WOO,F28,20,3262.90598103073
WOO,F28,21,3296.7911654034606
WOO,F28,22,3295.722834376016
WOO,F28,23,3305.5705259497236
WOO,F28,24,3291.561833072227
WOO,F28,25,3259.2720390074546
WOO,F28,26,3285.381088632818
WOO,F28,27,3293.6190137786684
WOO,F28,28,3269.6425068470876
WOO,F28,29,3305.7752963304133
WOO,F28,30,3299.1697995704626
WOO,F29,1,4209.042290784946
WOO,F29,2,4290.096179853432
WOO,F29,3,4065.7255739292805
WOO,F29,4,3911.8527982082874
WOO,F29,5,4365.558282337759
WOO,F29,6,4205.731972175392
WOO,F29,7,4085.0212473033434
WOO,F29,8,4178.997007141954
WOO,F29,9,4288.471926580915
WOO,F29,10,4095.727047148335
WOO,F29,11,4358.2797109626445
WOO,F29,12,4227.017255378607
WOO,F29,13,4263.380016901902
WOO,F29,14,4026.65548220281
WOO,F29,15,4281.345403311174
WOO,F29,16,4137.419234776546
WOO,F29,17,4066.26713379716
WOO,F29,18,4224.87995523702
WOO,F29,19,4254.753652869189
WOO,F29,20,4354.737165159353
WOO,F29,21,4062.3728112703757
WOO,F29,22,3946.695335014968
WOO,F29,23,4203.61351670993
WOO,F29,24,3975.6244810374724
WOO,F29,25,3994.4119862515377
WOO,F29,26,4312.910655226177
WOO,F29,27,4277.815619853758
WOO,F29,28,4157.821265953624
WOO,F29,29,4126.1047291670475
WOO,F29,30,3948.017872671132
WOO,F30,1,98880.6785662356
WOO,F30,2,172107.2500443962
WOO,F30,3,93159.47874213877
WOO,F30,4,151124.8147620727
WOO,F30,5,236322.24941093256
WOO,F30,6,225318.6804609999
WOO,F30,7,114907.12364273302
WOO,F30,8,117230.8823862439
WOO,F30,9,210358.17004659533
WOO,F30,10,115196.42636032426
WOO,F30,11,73640.5903764726
WOO,F30,12,211203.91347678422
WOO,F30,13,350689.91536093305
WOO,F30,14,83902.49628666857
WOO,F30,15,97614.10052427274
WOO,F30,16,138603.74852338928
WOO,F30,17,354980.8147973879
WOO,F30,18,278527.03867077315
WOO,F30,19,77707.55937150899
WOO,F30,20,89055.57336040944
WOO,F30,21,276696.64069054584
WOO,F30,22,257328.65308788174
WOO,F30,23,237365.81986681698
WOO,F30,24,235469.79705518123
WOO,F30,25,417527.6479215035
WOO,F30,26,271291.00655442703
WOO,F30,27,147956.11986706138
WOO,F30,28,291976.6338541154
WOO,F30,29,208325.08404107695
WOO,F30,30,269380.4803641601
GLO,F1,1,842744889.4023372
GLO,F1,2,566422771.0864873
GLO,F1,3,560293242.6346564
GLO,F1,4,503326450.66644585
GLO,F1,5,355801233.51385206
GLO,F1,6,971827747.3224523
GLO,F1,7,387147180.05197567
GLO,F1,8,503094471.40392905
GLO,F1,9,1148536822.6192625
GLO,F1,10,807852466.7222264
GLO,F1,11,975793537.4528502
GLO,F1,12,607042327.6078476
GLO,F1,13,379244686.6482861
GLO,F1,14,451577816.48132324
GLO,F1,15,1495849517.9896035
GLO,F1,16,459072610.8304446
GLO,F1,17,1059064183.9077383
GLO,F1,18,450019909.50570357
GLO,F1,19,304688760.00386536
GLO,F1,20,1070798198.0488609
GLO,F1,21,925660903.677303
GLO,F1,22,352364835.7604611
GLO,F1,23,860083917.8942325
GLO,F1,24,883437981.6463716
GLO,F1,25,968250841.4915156
GLO,F1,26,1604682907.9842825
GLO,F1,27,721906239.1919023
GLO,F1,28,361085092.3729717
GLO,F1,29,654738592.1037033
GLO,F1,30,522936546.25054705
GLO,F3,1,76521.22299138253
GLO,F3,2,79040.75972856699
GLO,F3,3,64382.36723648605
GLO,F3,4,66066.52330212496
GLO,F3,5,76379.03219042988
GLO,F3,6,70577.88936708073
GLO,F3,7,69388.42738010712
GLO,F3,8,58310.07640677071
GLO,F3,9,59485.43305498867
GLO,F3,10,77068.20031978
GLO,F3,11,76381.34582715247
GLO,F3,12,79618.55650962052
GLO,F3,13,75789.19133339661
GLO,F3,14,75953.05206335787
GLO,F3,15,82176.50082672886
GLO,F3,16,76268.25110584658
GLO,F3,17,75503.38132448062
GLO,F3,18,79295.66454052586
GLO,F3,19,73215.1503017152
GLO,F3,20,68741.17309321092
GLO,F3,21,66571.22627215755
GLO,F3,22,77633.44882339901
GLO,F3,23,54397.632364220364
GLO,F3,24,71663.43614721084
GLO,F3,25,62790.16470832294
GLO,F3,26,72976.29650537108
GLO,F3,27,67701.60197259537
GLO,F3,28,70390.51578372614
GLO,F3,29,70774.30059727775
GLO,F3,30,72210.30781634015
GLO,F4,1,681.7051443356486
GLO,F4,2,558.9866035839793
GLO,F4,3,576.497515043194
GLO,F4,4,574.9242214770961
GLO,F4,5,568.5267819834467
GLO,F4,6,625.9933318492537
GLO,F4,7,613.4273970061652
GLO,F4,8,588.4325589728393
GLO,F4,9,780.830847598683
GLO,F4,10,602.0578081828011
GLO,F4,11,584.1552452601359
GLO,F4,12,577.780360061957
GLO,F4,13,554.5057266536882
GLO,F4,14,642.4237667717521
GLO,F4,15,662.3693224485583
GLO,F4,16,544.335083245678
GLO,F4,17,675.808402689324
GLO,F4,18,580.9489824233816
GLO,F4,19,568.0370228468171
GLO,F4,20,697.23037807605
GLO,F4,21,556.1097673922732
GLO,F4,22,568.2303456256926
GLO,F4,23,637.9598688873198
GLO,F4,24,642.4837590652776
GLO,F4,25,582.7375052354612
GLO,F4,26,560.7827016468333
GLO,F4,27,559.4510900476794
GLO,F4,28,612.7645753340007
GLO,F4,29,635.2128545215148
GLO,F4,30,584.9054348724732
GLO,F5,1,774.4383807168492
GLO,F5,2,756.7397924335428
GLO,F5,3,785.7910626446064
GLO,F5,4,771.0864558371262
GLO,F5,5,772.9400213084925
GLO,F5,6,725.5210786720694
GLO,F5,7,779.755722386418
GLO,F5,8,766.0776523542703
GLO,F5,9,768.7955599321924
GLO,F5,10,789.2293192735262
GLO,F5,11,770.2079356046818
GLO,F5,12,786.7226459791887
GLO,F5,13,767.1745376110094
GLO,F5,14,767.8740021850479
GLO,F5,15,758.9660945656999
GLO,F5,16,791.5179250258886
GLO,F5,17,789.2701042235122
GLO,F5,18,744.4009542183319
GLO,F5,19,745.2641152020462
GLO,F5,20,707.8644483102705
GLO,F5,21,734.2162935521078
GLO,F5,22,772.0782666937928
GLO,F5,23,735.4580064906157
GLO,F5,24,738.4234937583478
GLO,F5,25,790.5548892540919
GLO,F5,26,778.2500871558597
GLO,F5,27,747.9796401062567
GLO,F5,28,736.4091324458973
GLO,F5,29,757.3707273568898
GLO,F5,30,760.3923609039952
GLO,F6,1,612.3557452224204
GLO,F6,2,609.9805706697354
GLO,F6,3,621.8860563433168
GLO,F6,4,624.1718603365047
GLO,F6,5,618.7253425678206
GLO,F6,6,613.4744477896163
GLO,F6,7,617.1162253240506
GLO,F6,8,618.5613059740546
GLO,F6,9,617.8150992693736
GLO,F6,10,619.1120556939557
GLO,F6,11,613.0466885086352
GLO,F6,12,619.5045970132664
GLO,F6,13,612.2016168715899
GLO,F6,14,616.4323756320118
GLO,F6,15,619.3323999456147
GLO,F6,16,617.9813215931979
GLO,F6,17,610.5343247015621
GLO,F6,18,621.0332851051079
GLO,F6,19,610.6645451826619
GLO,F6,20,619.7521405890951
GLO,F6,21,622.8783766998898
GLO,F6,22,615.7000607546282
GLO,F6,23,623.8210451170175
GLO,F6,24,617.9731873238945
GLO,F6,25,613.2556905526747
GLO,F6,26,613.6411414261499
GLO,F6,27,615.5040225268331
GLO,F6,28,627.829596533432
GLO,F6,29,614.6677947488621
GLO,F6,30,614.4066279058471
GLO,F7,1,1118.4058540594187
GLO,F7,2,988.3381540226447
GLO,F7,3,1075.5671381245165
GLO,F7,4,1013.1561998877797
GLO,F7,5,1024.6624845346637
GLO,F7,6,1019.9470332897497
GLO,F7,7,1082.7677491952022
GLO,F7,8,1060.4436399856495
GLO,F7,9,1088.9499272379603
GLO,F7,10,1040.5299760109997
GLO,F7,11,1016.31679792281
GLO,F7,12,1059.2697193436343
GLO,F7,13,1048.0455287773907
GLO,F7,14,1034.578178865539
GLO,F7,15,1068.9078351681615
GLO,F7,16,1031.9399025545076
GLO,F7,17,1029.856316666162
GLO,F7,18,1061.9297879354508
GLO,F7,19,1066.3118294578833
GLO,F7,20,1037.0518345932737
GLO,F7,21,1083.3863681431321
GLO,F7,22,1020.4936203725359
GLO,F7,23,1107.3644124444822
GLO,F7,24,1061.4002267173787
GLO,F7,25,1073.511529484821
GLO,F7,26,1100.6723796127822
GLO,F7,27,1048.41189671015
GLO,F7,28,1076.863703554959
GLO,F7,29,1034.0998012468503
GLO,F7,30,1059.9651152693189
GLO,F8,1,1082.2547408825408
GLO,F8,2,1022.4551147302969
GLO,F8,3,1042.7051363446765
GLO,F8,4,1047.4822237521232
GLO,F8,5,1061.7336214101933
GLO,F8,6,1056.8094434658954
GLO,F8,7,1051.7906558838413
GLO,F8,8,1053.1211361479368
GLO,F8,9,1081.3354581814851
GLO,F8,10,1081.4354747506113
GLO,F8,11,1058.569569482082
GLO,F8,12,1037.311736798888
GLO,F8,13,997.9443175548167
GLO,F8,14,1064.7963303018273
GLO,F8,15,1062.3660622639363
GLO,F8,16,1063.0589901808557
GLO,F8,17,1065.2733752143747
GLO,F8,18,1026.4752429392483
GLO,F8,19,1044.5841312973912
GLO,F8,20,1043.4787921701393
GLO,F8,21,1070.2777503989935
GLO,F8,22,1067.0602709714867
GLO,F8,23,1057.1776663982296
GLO,F8,24,1057.4941320657388
GLO,F8,25,1083.8919545669662
GLO,F8,26,1029.3805818451358
GLO,F8,27,1060.4475838872775
GLO,F8,28,1070.8758667271989
GLO,F8,29,1083.7223372123983
GLO,F8,30,1037.9149303807421
GLO,F9,1,2606.713807859818
GLO,F9,2,8346.06355674601
GLO,F9,3,3331.010592579545
GLO,F9,4,5921.028300385009
GLO,F9,5,3743.033390558162
GLO,F9,6,3009.1995321175636
GLO,F9,7,9001.119992906639
GLO,F9,8,4016.5431912089193
GLO,F9,9,5225.155106001073
GLO,F9,10,4312.141777261443
GLO,F9,11,4145.08572328803
GLO,F9,12,2629.190890596881
GLO,F9,13,4172.911393815373
GLO,F9,14,6883.736904497788
GLO,F9,15,3657.675027354147
GLO,F9,16,4425.5606614551925
GLO,F9,17,6057.853136817503
GLO,F9,18,4123.7307730669045
GLO,F9,19,3488.5439298771494
GLO,F9,20,2790.078880743139
GLO,F9,21,6770.641582382033
GLO,F9,22,5460.508639839633
GLO,F9,23,2457.436627009952
GLO,F9,24,3239.7866165398423
GLO,F9,25,3540.809816090719
GLO,F9,26,5141.961309654483
GLO,F9,27,3328.9453804740856
GLO,F9,28,5696.708181838566
GLO,F9,29,8203.829721767306
GLO,F9,30,2623.6522279097844
GLO,F10,1,6894.48018366402
GLO,F10,2,6613.610966336325
GLO,F10,3,6778.284207077542
GLO,F10,4,8534.849559809525
GLO,F10,5,6208.983268892592
GLO,F10,6,6312.752752950852
GLO,F10,7,5544.696397226414
GLO,F10,8,6734.555549940255
GLO,F10,9,7428.684988829918
GLO,F10,10,6263.451902666329
GLO,F10,11,7182.564563269651
GLO,F10,12,5984.331819112869
GLO,F10,13,8011.808040111369
GLO,F10,14,5187.725744290887
GLO,F10,15,6448.489427277522
GLO,F10,16,5938.678729147517
GLO,F10,17,5901.026330692247
GLO,F10,18,5724.425049837754
GLO,F10,19,5904.227971591775
GLO,F10,20,6438.741475459885
GLO,F10,21,6188.137468722305
GLO,F10,22,8170.533619247311
GLO,F10,23,6951.174919447915
GLO,F10,24,5704.166972737171
GLO,F10,25,6998.217089926696
GLO,F10,26,5323.781369837077
GLO,F10,27,7454.72458509886
GLO,F10,28,7179.685515267206
GLO,F10,29,6686.553273851591
GLO,F10,30,6809.424082744453
GLO,F11,1,1612.609350166082
GLO,F11,2,1853.9688054182473
GLO,F11,3,1738.9724148392054
GLO,F11,4,1552.975265427943
GLO,F11,5,1511.6681689683924
GLO,F11,6,1927.9235726734482
GLO,F11,7,2079.339176570612
GLO,F11,8,1951.6377118531645
GLO,F11,9,1816.209914517179
GLO,F11,10,2018.8465319133002
GLO,F11,11,1856.320747721607
GLO,F11,12,1894.6802537195974
GLO,F11,13,1873.9595145225956
GLO,F11,14,1772.3608972602415
GLO,F11,15,1740.4427258422986
GLO,F11,16,2378.7794844168047
GLO,F11,17,1823.573385706793
GLO,F11,18,1704.68886908822
GLO,F11,19,1677.0375613641472
GLO,F11,20,1665.4760431626787
GLO,F11,21,2342.020647379061
GLO,F11,22,1901.2077336204425
GLO,F11,23,1925.1696256162525
GLO,F11,24,1821.3360414974445
GLO,F11,25,1980.2817021464368
GLO,F11,26,1673.3320681004718
GLO,F11,27,2157.701154633107
GLO,F11,28,2975.5103527469987
GLO,F11,29,2009.3124870212678
GLO,F11,30,1897.2209687799848
GLO,F12,1,2130174.205505276
GLO,F12,2,11629911.256258175
GLO,F12,3,35853349.187249854
GLO,F12,4,7103032.237904638
GLO,F12,5,94605590.58284354
GLO,F12,6,5759293.856111739
GLO,F12,7,9602087.654419478
GLO,F12,8,45671963.674130894
GLO,F12,9,40177914.53535932
GLO,F12,10,17799927.677144513
GLO,F12,11,12306023.192859374
GLO,F12,12,41360551.35880605
GLO,F12,13,12104704.744939009
GLO,F12,14,38478163.17670518
GLO,F12,15,17826053.03836103
GLO,F12,16,21368040.575206343
GLO,F12,17,22631739.3001442
GLO,F12,18,11247962.046884941
GLO,F12,19,16441577.063614827
GLO,F12,20,23277543.545572326
GLO,F12,21,73813210.61693275
GLO,F12,22,32707226.67706473
GLO,F12,23,33620994.83638443
GLO,F12,24,10636274.872785795
GLO,F12,25,34297576.29755582
GLO,F12,26,23051961.809467763
GLO,F12,27,27074797.119164765
GLO,F12,28,41069090.6662651
GLO,F12,29,58963517.62270539
GLO,F12,30,8709653.113299219
GLO,F13,1,35974.42898804833
GLO,F13,2,67781.38638001299
GLO,F13,3,81203.60678303844
GLO,F13,4,7296.102854392988
GLO,F13,5,181060.45428259473
GLO,F13,6,51455.08322323001
GLO,F13,7,20135.21620361654
GLO,F13,8,25789.893028960585
GLO,F13,9,36105.426099692595
GLO,F13,10,25250.721380616964
GLO,F13,11,2651712.048550845
GLO,F13,12,10496.330885127474
GLO,F13,13,71491.26679927944
GLO,F13,14,11090.851993599945
GLO,F13,15,40535.7467895151
GLO,F13,16,18804.00553359791
GLO,F13,17,64094.75252248846
GLO,F13,18,72140.82696158088
GLO,F13,19,12477.681301111128
GLO,F13,20,541531.3640456395
GLO,F13,21,866205.8043598365
GLO,F13,22,29030.495507774634
GLO,F13,23,14135.723803116673
GLO,F13,24,21158.025743254104
GLO,F13,25,38233.97978845759
GLO,F13,26,27594.46979515911
GLO,F13,27,67076.34892036284
GLO,F13,28,25795.25386027705
GLO,F13,29,55407.585181239214
GLO,F13,30,21312.30468194025
GLO,F14,1,83584.6550996805
GLO,F14,2,69893.82194515345
GLO,F14,3,16987.445030861985
GLO,F14,4,355839.0461715942
GLO,F14,5,127181.5556554507
GLO,F14,6,1351283.9394370937
GLO,F14,7,200486.29311957702
GLO,F14,8,218303.11850301217
GLO,F14,9,878079.131318384
GLO,F14,10,98014.05805519044
GLO,F14,11,76525.1706220497
GLO,F14,12,93154.38568684079
GLO,F14,13,592253.5343085671
GLO,F14,14,3044480.569928247
GLO,F14,15,159499.43307405914
GLO,F14,16,177345.9425152905
GLO,F14,17,159084.72661860753
GLO,F14,18,1058078.7515964075
GLO,F14,19,63526.53385971614
GLO,F14,20,101498.47339522885
GLO,F14,21,29362.55753845175
GLO,F14,22,589541.9060631662
GLO,F14,23,243273.02498557552
GLO,F14,24,101819.16368777417
GLO,F14,25,50253.1569024546
GLO,F14,26,133763.1631182119
GLO,F14,27,457754.1663345059
GLO,F14,28,198570.11469167547
GLO,F14,29,169740.5890389529
GLO,F14,30,472522.6034405993
GLO,F15,1,13770.708699208799
GLO,F15,2,8741.521134788374
GLO,F15,3,5615.309246776621
GLO,F15,4,3907.721409601285
GLO,F15,5,39319.372683491434
GLO,F15,6,20280.498488472753
GLO,F15,7,6144.3340429066375
GLO,F15,8,7239.3036636003035
GLO,F15,9,35472.85066155565
GLO,F15,10,5133.804078345712
GLO,F15,11,11561.22883572264
GLO,F15,12,135088.19879306102
GLO,F15,13,6482.590823695921
GLO,F15,14,2877.2168333223854
GLO,F15,15,7015.742765989282
GLO,F15,16,10045.95374433327
GLO,F15,17,19113.27692332216
GLO,F15,18,9749.34210613785
GLO,F15,19,4313.235465724471
GLO,F15,20,6509.9852579827475
GLO,F15,21,2001.642074261194
GLO,F15,22,4654.387310750681
GLO,F15,23,15639.432991918908
GLO,F15,24,4372.894431067718
GLO,F15,25,9552.563969714536
GLO,F15,26,3767.3497823746366
GLO,F15,27,2722.128025729658
GLO,F15,28,7236.2796612916645
GLO,F15,29,5247.49022004956
GLO,F15,30,3129.074741214307
GLO,F16,1,3621.2633853305197
GLO,F16,2,3384.182841080149
GLO,F16,3,3587.0044022911475
GLO,F16,4,3226.338923614794
GLO,F16,5,3754.9821283259967
GLO,F16,6,3560.5422618362986
GLO,F16,7,3620.275538076103
GLO,F16,8,3338.6701973153895
GLO,F16,9,3723.34070833228
GLO,F16,10,3616.8877496768673
GLO,F16,11,3481.0669864528236
GLO,F16,12,3237.861400147007
GLO,F16,13,3586.1676702709688
GLO,F16,14,3811.9582964771516
GLO,F16,15,3516.5605957439566
GLO,F16,16,3092.502611173959
GLO,F16,17,3728.184072106876
GLO,F16,18,3587.8676682684904
GLO,F16,19,3538.062065703375
GLO,F16,20,3059.6580386318574
GLO,F16,21,3109.0467101167287
GLO,F16,22,3161.00729831588
GLO,F16,23,3731.1823363546964
GLO,F16,24,3652.7588875653996
GLO,F16,25,3538.3321226496255
GLO,F16,26,3837.500161533309
GLO,F16,27,3542.543480863773
GLO,F16,28,3766.541556439455
GLO,F16,29,3160.5418520598455
GLO,F16,30,2637.853202368139
GLO,F17,1,1896.4724480146187
GLO,F17,2,2602.9466588877413
GLO,F17,3,2153.9297427677398
GLO,F17,4,2474.4320562339635
GLO,F17,5,2645.9049656450616
GLO,F17,6,2572.0561648222565
GLO,F17,7,1986.9568515606848
GLO,F17,8,2516.579487607736
GLO,F17,9,2469.721961738571
GLO,F17,10,2611.359784189854
GLO,F17,11,2421.3582792442567
GLO,F17,12,2360.2569604314867
GLO,F17,13,2470.954942607468
GLO,F17,14,2606.8644133244243
GLO,F17,15,2487.1332690429927
GLO,F17,16,2698.3713157150523
GLO,F17,17,1993.4429495728568
GLO,F17,18,2582.6146073493683
GLO,F17,19,2377.6598770565356
GLO,F17,20,2031.0184634905452
GLO,F17,21,2722.8061613188706
GLO,F17,22,2599.0900275990407
GLO,F17,23,2382.7678881364586
GLO,F17,24,2312.3669019744757
GLO,F17,25,2483.62585539166
GLO,F17,26,2464.0306431092276
GLO,F17,27,2067.0367733631465
GLO,F17,28,2685.478873275438
GLO,F17,29,2171.981052854054
GLO,F17,30,2284.7319040935863
GLO,F18,1,2578346.8118428313
GLO,F18,2,5433505.396810474
GLO,F18,3,3871969.2548531336
GLO,F18,4,2887105.918022848
GLO,F18,5,4237402.815176447
GLO,F18,6,517623.2062707623
GLO,F18,7,626738.8200913891
GLO,F18,8,1890179.0758467577
GLO,F18,9,3744800.212508671
GLO,F18,10,5125210.534155957
GLO,F18,11,2440211.9550407943
GLO,F18,12,2732214.3276291275
GLO,F18,13,459406.0717853134
GLO,F18,14,6537263.890508453
GLO,F18,15,820078.5039271741
GLO,F18,16,392256.8567792964
GLO,F18,17,3696347.4458661345
GLO,F18,18,1750309.0537020802
GLO,F18,19,3920549.427549614
GLO,F18,20,6125527.561492229
GLO,F18,21,10942423.687751535
GLO,F18,22,750049.5809728082
GLO,F18,23,2117172.3580212975
GLO,F18,24,2105776.0947185177
GLO,F18,25,6750541.015085796
GLO,F18,26,1767111.4570799912
GLO,F18,27,746285.8698443824
GLO,F18,28,2934519.4885053495
GLO,F18,29,1294684.6763481237
GLO,F18,30,3175509.873226048
GLO,F19,1,8147.706907509569
GLO,F19,2,15345.647609331805
GLO,F19,3,8468.947455333066
GLO,F19,4,5630.476066662508
GLO,F19,5,12642.573610032796
GLO,F19,6,52736.02057616039
GLO,F19,7,7385.998751444836
GLO,F19,8,82846.56519307486
GLO,F19,9,31469.900821785257
GLO,F19,10,3953.603382104663
GLO,F19,11,20359.09534026433
GLO,F19,12,7637.58500776911
GLO,F19,13,3824.1941989755333
GLO,F19,14,4743.793923396156
GLO,F19,15,11838.108187288459
GLO,F19,16,3780.819823163573
GLO,F19,17,59031.021504751894
GLO,F19,18,4793.996622120882
GLO,F19,19,6483.397040992717
GLO,F19,20,54793.05679992269
GLO,F19,21,6053.693296883205
GLO,F19,22,8823.205657412414
GLO,F19,23,7186.94687889449
GLO,F19,24,11427.259840535644
GLO,F19,25,5475.6045417673795
GLO,F19,26,6393.498257787217
GLO,F19,27,6896.073808363879
GLO,F19,28,2201.1031538865327
GLO,F19,29,8166.124221824845
GLO,F19,30,2869.171314418155
GLO,F20,1,2615.4690850808875
GLO,F20,2,2476.9250776641247
GLO,F20,3,2649.1776176141902
GLO,F20,4,2624.733057734711
GLO,F20,5,2796.770090974744
GLO,F20,6,2792.7695683224874
GLO,F20,7,2380.7281295174985
GLO,F20,8,2582.994075849459
GLO,F20,9,2919.562653395983
GLO,F20,10,2511.3543701584663
GLO,F20,11,2729.5154201840246
GLO,F20,12,2851.6668683597095
GLO,F20,13,2518.6041778267263
GLO,F20,14,2684.804936108383
GLO,F20,15,2652.5009440748436
GLO,F20,16,2333.0750579348114
GLO,F20,17,2460.4880252414605
GLO,F20,18,2719.903639102528
GLO,F20,19,2755.551914322865
GLO,F20,20,2632.046591803612
GLO,F20,21,2366.1768190145613
GLO,F20,22,2452.1088151787435
GLO,F20,23,2734.0833867717447
GLO,F20,24,2751.1761863314046
GLO,F20,25,2419.3491752581604
GLO,F20,26,3025.7769218795574
GLO,F20,27,2417.4711576385876
GLO,F20,28,2846.09785554807
GLO,F20,29,2335.9861583659226
GLO,F20,30,2630.494663924852
GLO,F21,1,2508.6824016316527
GLO,F21,2,2531.39647692515
GLO,F21,3,2512.4389650100484
GLO,F21,4,2574.1919612805373
GLO,F21,5,2554.1893630855525
GLO,F21,6,2540.4489308034936
GLO,F21,7,2553.7328701378283
GLO,F21,8,2552.9390633942544
GLO,F21,9,2561.1922017026354
GLO,F21,10,2534.764681567964
GLO,F21,11,2528.3265120306173
GLO,F21,12,2532.13215788554
GLO,F21,13,2525.4495465882246
GLO,F21,14,2531.93292077994
GLO,F21,15,2557.3032479859867
GLO,F21,16,2571.7214866899562
GLO,F21,17,2490.423965591447
GLO,F21,18,2532.2674263466597
GLO,F21,19,2520.1535315188944
GLO,F21,20,2543.579922176681
GLO,F21,21,2553.366170961402
GLO,F21,22,2551.671655862523
GLO,F21,23,2511.160917893037
GLO,F21,24,2529.3806340978886
GLO,F21,25,2506.4837043224484
GLO,F21,26,2570.1861645829003
GLO,F21,27,2476.1759067639746
GLO,F21,28,2550.842209477285
GLO,F21,29,2524.2925048374345
GLO,F21,30,2567.4985387763827
GLO,F22,1,2533.5798870478657
GLO,F22,2,2453.3072599987163
GLO,F22,3,2552.23553924774
GLO,F22,4,2392.72377580293
GLO,F22,5,2398.212449401442
GLO,F22,6,2393.3995705099
GLO,F22,7,2444.69363638307
GLO,F22,8,2423.48777290235
GLO,F22,9,2414.299064506229
GLO,F22,10,2481.390475726007
GLO,F22,11,2482.792947367533
GLO,F22,12,2428.643518772173
GLO,F22,13,2448.542984732618
GLO,F22,14,2519.601730999363
GLO,F22,15,2481.5512984791712
GLO,F22,16,2458.2607181964627
GLO,F22,17,2451.230256699275
GLO,F22,18,2430.415658274567
GLO,F22,19,2423.373782089364
GLO,F22,20,2459.946635634925
GLO,F22,21,2494.7151092096815
GLO,F22,22,2413.9090645823426
GLO,F22,23,2421.5917166731583
GLO,F22,24,2480.607376214054
GLO,F22,25,2399.278475792876
GLO,F22,26,2425.677688182264
GLO,F22,27,2472.1053534434445
GLO,F22,28,2492.967135572383
GLO,F22,29,2426.222852668141
GLO,F22,30,2445.427617699162
GLO,F23,1,2861.9549336232462
GLO,F23,2,2911.705670896272
GLO,F23,3,2903.826119700928
GLO,F23,4,2863.39857239757
GLO,F23,5,2897.70830417534
GLO,F23,6,2911.6370306416247
GLO,F23,7,2900.6590893547914
GLO,F23,8,2891.1568443902897
GLO,F23,9,2902.3181809473003
GLO,F23,10,2895.091266451468
GLO,F23,11,2909.502532304963
GLO,F23,12,2905.360812634058
GLO,F23,13,2879.781565759698
GLO,F23,14,2890.7102103978727
GLO,F23,15,2890.089095095918
GLO,F23,16,2903.7105020254885
GLO,F23,17,2897.4401718985673
GLO,F23,18,2860.088832164298
GLO,F23,19,2887.4488993168607
GLO,F23,20,2891.9688041717664
GLO,F23,21,2910.2151390312497
GLO,F23,22,2915.6663287444585
GLO,F23,23,2869.6821572618774
GLO,F23,24,2886.5302002307367
GLO,F23,25,2917.2013414911453
GLO,F23,26,2877.3344393154334
GLO,F23,27,2895.2091392978746
GLO,F23,28,2840.5238709188116
GLO,F23,29,2887.358576743754
GLO,F23,30,2883.410082470818
GLO,F24,1,3020.7355047909527
GLO,F24,2,3054.089654260835
GLO,F24,3,3059.886084397778
GLO,F24,4,3054.6917760150864
GLO,F24,5,3069.1107058700636
GLO,F24,6,3044.7209278041373
GLO,F24,7,3011.6268524294023
GLO,F24,8,3067.3371884282615
GLO,F24,9,3034.883846516308
GLO,F24,10,3032.847896038945
GLO,F24,11,3046.9941272246256
GLO,F24,12,3054.2477594396178
GLO,F24,13,3052.3567338667635
GLO,F24,14,3044.541772503341
GLO,F24,15,3064.853881881975
GLO,F24,16,3054.304953776909
GLO,F24,17,3063.052224742123
GLO,F24,18,3054.2250979539294
GLO,F24,19,3047.7202760159134
GLO,F24,20,3057.0656429745923
GLO,F24,21,3054.1349825677407
GLO,F24,22,3044.673836357695
GLO,F24,23,3032.5773699516344
GLO,F24,24,3019.0038840600373
GLO,F24,25,3056.3337854807555
GLO,F24,26,3061.395975827569
GLO,F24,27,3050.5643752781343
GLO,F24,28,3076.3740987894157
GLO,F24,29,3063.2472149486093
GLO,F24,30,3060.524823720343
GLO,F25,1,2965.5008114298817
GLO,F25,2,2978.9392550753205
GLO,F25,3,3030.6592257137727
GLO,F25,4,2986.929056180617
GLO,F25,5,2971.434463212087
GLO,F25,6,3049.306649806839
GLO,F25,7,2998.3545763559327
GLO,F25,8,2924.843106736432
GLO,F25,9,3041.6756399134565
GLO,F25,10,3152.155726687659
GLO,F25,11,3043.4644663809113
GLO,F25,12,3004.6671908795443
GLO,F25,13,3027.1820377016684
GLO,F25,14,3011.9312728466957
GLO,F25,15,3034.1354226571443
GLO,F25,16,3029.0694872200606
GLO,F25,17,3020.811256597047
GLO,F25,18,2951.505068971999
GLO,F25,19,3020.6625737483364
GLO,F25,20,3025.9183643298934
GLO,F25,21,3004.6004536018945
GLO,F25,22,2945.789395019362
GLO,F25,23,3049.0511063504564
GLO,F25,24,2935.4493304217817
GLO,F25,25,3011.072366693814
GLO,F25,26,2977.267729058073
GLO,F25,27,2979.572875362983
GLO,F25,28,2979.252131252626
GLO,F25,29,2945.997458098089
GLO,F25,30,2965.7796491631307
GLO,F26,1,3722.8944300036856
GLO,F26,2,4059.6073752558195
GLO,F26,3,6212.154770101364
GLO,F26,4,6350.878012954077
GLO,F26,5,6329.649968328888
GLO,F26,6,3478.785244250457
GLO,F26,7,3839.370504945887
GLO,F26,8,3698.7089188308896
GLO,F26,9,6116.577161548983
GLO,F26,10,6355.118192988041
GLO,F26,11,3751.7248552975225
GLO,F26,12,6280.498595674083
GLO,F26,13,3584.673072969832
GLO,F26,14,3440.1214630084573
GLO,F26,15,6143.488234034008
GLO,F26,16,6116.865345346979
GLO,F26,17,3727.362863775743
GLO,F26,18,5643.849396999408
GLO,F26,19,6156.582424398816
GLO,F26,20,5955.902974524923
GLO,F26,21,3655.260862522572
GLO,F26,22,3688.508536773537
GLO,F26,23,6439.906870798246
GLO,F26,24,6027.8120319069485
GLO,F26,25,6310.63287018898
GLO,F26,26,3745.974931993308
GLO,F26,27,3730.7300523045824
GLO,F26,28,6295.929114577076
GLO,F26,29,6258.853916229157
GLO,F26,30,6034.509316894057
GLO,F27,1,3228.086129264587
GLO,F27,2,3222.7579317179693
GLO,F27,3,3233.273961346952
GLO,F27,4,3218.896867143544
GLO,F27,5,3258.238388495289
GLO,F27,6,3246.8836239440734
GLO,F27,7,3232.3757194654413
GLO,F27,8,3234.2806726787035
GLO,F27,9,3254.8201268910743
GLO,F27,10,3228.864656962783
GLO,F27,11,3220.837834455988
GLO,F27,12,3224.2010295899863
GLO,F27,13,3237.919305367972
GLO,F27,14,3237.722095638768
GLO,F27,15,3242.305464029124
GLO,F27,16,3222.9026167032566
GLO,F27,17,3248.6354239240445
GLO,F27,18,3248.7263042340564
GLO,F27,19,3229.9186209884756
GLO,F27,20,3247.6637064084116
GLO,F27,21,3247.0173504701174
GLO,F27,22,3239.6815595240746
GLO,F27,23,3247.352492254332
GLO,F27,24,3263.721602541037
GLO,F27,25,3258.6454339652114
GLO,F27,26,3234.228095057103
GLO,F27,27,3232.762620059849
GLO,F27,28,3241.730576883881
GLO,F27,29,3230.011921247703
GLO,F27,30,3229.898345733963
GLO,F28,1,3383.316420304416
GLO,F28,2,3308.887729498837
GLO,F28,3,3354.251549086144
GLO,F28,4,3362.7629132271572
GLO,F28,5,3299.8588789168944
GLO,F28,6,3369.190584830403
GLO,F28,7,3370.5825901188005
GLO,F28,8,3350.238759278872
GLO,F28,9,3364.9699199729926
GLO,F28,10,3325.4263768436012
GLO,F28,11,3363.909624895037
GLO,F28,12,3306.2758601966816
GLO,F28,13,3365.6581630163664
GLO,F28,14,3431.186309199781
GLO,F28,15,3361.202345766412
GLO,F28,16,3400.6038775632824
GLO,F28,17,3353.376435701508
GLO,F28,18,3383.0738282635384
GLO,F28,19,3434.555131211775
GLO,F28,20,3404.2684258246736
GLO,F28,21,3359.8250079313366
GLO,F28,22,3383.792772221944
GLO,F28,23,3336.351015550543
GLO,F28,24,3412.9205710869146
GLO,F28,25,3366.7606146089315
GLO,F28,26,3443.8367265551105
GLO,F28,27,3398.6829272691984
GLO,F28,28,3345.2020252490033
GLO,F28,29,3413.8763646500797
GLO,F28,30,3391.5656673573194
GLO,F29,1,4910.082131138641
GLO,F29,2,4404.663388944336
GLO,F29,3,4043.5076449660855
GLO,F29,4,4329.919545207264
GLO,F29,5,4459.4851462384395
GLO,F29,6,4454.875404996812
GLO,F29,7,3946.0263286005575
GLO,F29,8,4263.830933897006
GLO,F29,9,4012.759452182773
GLO,F29,10,4093.488161524465
GLO,F29,11,4157.7895533778665
GLO,F29,12,4723.4700498012035
GLO,F29,13,4041.91033522826
GLO,F29,14,4476.8774634390065
GLO,F29,15,4123.526413088079
GLO,F29,16,3941.6343191978985
GLO,F29,17,4263.043479963515
GLO,F29,18,4295.199705894372
GLO,F29,19,4292.169250353061
GLO,F29,20,4620.462156425843
GLO,F29,21,4095.504813048892
GLO,F29,22,4597.859923427202
GLO,F29,23,4163.364382182315
GLO,F29,24,4136.964912854434
GLO,F29,25,4474.47675051124
GLO,F29,26,4480.657265684368
GLO,F29,27,3954.6717789234344
GLO,F29,28,4496.150570679037
GLO,F29,29,4477.656174530854
GLO,F29,30,3949.9654038958743
GLO,F30,1,126295.39032917282
GLO,F30,2,70952.90546290368
GLO,F30,3,147649.07301161933
GLO,F30,4,355548.4996138918
GLO,F30,5,119492.39532722268
GLO,F30,6,144320.40484040687
GLO,F30,7,83345.60625196087
GLO,F30,8,106158.39655911429
GLO,F30,9,648369.226430104
GLO,F30,10,125044.18572370987
GLO,F30,11,244241.583535754
GLO,F30,12,64936.911003559064
GLO,F30,13,962406.1509553883
GLO,F30,14,316123.1643377105
GLO,F30,15,237265.56934800022
GLO,F30,16,220492.09840478256
GLO,F30,17,457021.129762108
GLO,F30,18,44767.60186855077
GLO,F30,19,156733.2558587155
GLO,F30,20,147147.94456270675
GLO,F30,21,554830.5460140258
GLO,F30,22,764928.0038126123
GLO,F30,23,113774.46666902574
GLO,F30,24,370612.69244392565
GLO,F30,25,179632.0004839827
GLO,F30,26,741388.993201572
GLO,F30,27,169714.18359891477
GLO,F30,28,128341.67678506745
GLO,F30,29,185055.22896886093
GLO,F30,30,177731.6840713895
AOO,F1,1,5713188389.508907
AOO,F1,2,5002606615.650565
AOO,F1,3,5607011495.823755
AOO,F1,4,4187104503.8135996
AOO,F1,5,5372399618.120343
AOO,F1,6,4788438062.374948
AOO,F1,7,4496382480.097609
AOO,F1,8,5688512497.911038
AOO,F1,9,6324597506.70916
AOO,F1,10,5284307965.6941805
AOO,F1,11,5177783436.524849
AOO,F1,12,5194077613.913036
AOO,F1,13,5047734141.033886
AOO,F1,14,5605480062.502039
AOO,F1,15,4395849906.47382
AOO,F1,16,5977823994.839818
AOO,F1,17,3880842126.1734247
AOO,F1,18,5843314444.495673
AOO,F1,19,5705096672.741318
AOO,F1,20,5839703815.98789
AOO,F1,21,4930633679.682261
AOO,F1,22,6396459894.53084
AOO,F1,23,5536709896.545681
AOO,F1,24,6065769129.188793
AOO,F1,25,4020247636.7871327
AOO,F1,26,6199931186.376255
AOO,F1,27,5920420515.320113
AOO,F1,28,4415804516.412884
AOO,F1,29,5081946651.734635
AOO,F1,30,5794583843.013654
AOO,F3,1,35929.28604267893
AOO,F3,2,53392.740147068056
AOO,F3,3,47952.736337835646
AOO,F3,4,53804.95658345068
AOO,F3,5,55962.87950708971
AOO,F3,6,34864.09986156678
AOO,F3,7,62416.231527706084
AOO,F3,8,41858.244444641365
AOO,F3,9,51283.49214258022
AOO,F3,10,43448.51466661274
AOO,F3,11,42824.96771193515
AOO,F3,12,46275.709652848636
AOO,F3,13,59705.359876718074
AOO,F3,14,27738.96661498185
AOO,F3,15,46098.91523448911
AOO,F3,16,37639.95278153532
AOO,F3,17,39935.62106600021
AOO,F3,18,27379.05870932111
AOO,F3,19,35416.697829829725
AOO,F3,20,52954.86207040409
AOO,F3,21,38782.73370454726
AOO,F3,22,59679.31072235
AOO,F3,23,50536.93655714337
AOO,F3,24,47697.350727832054
AOO,F3,25,50236.24861571058
AOO,F3,26,42981.490954219225
AOO,F3,27,33037.53851067508
AOO,F3,28,57178.08158289271
AOO,F3,29,63079.813438065605
AOO,F3,30,39598.01258974041
AOO,F4,1,785.4034073771029
AOO,F4,2,942.5533668810465
AOO,F4,3,716.1528728937291
AOO,F4,4,827.2931795374086
AOO,F4,5,781.5390109699192
AOO,F4,6,775.5717134322099
AOO,F4,7,958.3662867444305
AOO,F4,8,734.5763836393824
AOO,F4,9,819.0574201066413
AOO,F4,10,867.3849496454259
AOO,F4,11,762.8959127887346
AOO,F4,12,740.8350219808837
AOO,F4,13,914.7572961525888
AOO,F4,14,720.5104584076754
AOO,F4,15,749.2179335301819
AOO,F4,16,883.0521376515759
AOO,F4,17,779.5844573242807
AOO,F4,18,781.1718805491539
AOO,F4,19,849.6617493465408
AOO,F4,20,906.5500596740906
AOO,F4,21,940.1737524100357
AOO,F4,22,811.97417777783
AOO,F4,23,771.5279337345676
AOO,F4,24,982.7388787253332
AOO,F4,25,916.9021609780146
AOO,F4,26,959.0097618408839
AOO,F4,27,1076.2522616254046
AOO,F4,28,754.2217553941168
AOO,F4,29,1025.5178763815409
AOO,F4,30,817.0630165330064
AOO,F5,1,812.3260326850532
AOO,F5,2,788.634605927396
AOO,F5,3,773.3050071098589
AOO,F5,4,751.4987764249456
AOO,F5,5,743.908854966984
AOO,F5,6,765.4665238449486
AOO,F5,7,774.9319048311354
AOO,F5,8,772.9896285782418
AOO,F5,9,767.691795176238
AOO,F5,10,729.1742977760298
AOO,F5,11,758.3554224302011
AOO,F5,12,752.7734867011592
AOO,F5,13,747.6110257810349
AOO,F5,14,774.2461714419974
AOO,F5,15,793.1604655082557
AOO,F5,16,738.1500944541996
AOO,F5,17,799.105036902137
AOO,F5,18,776.6244575772125
AOO,F5,19,809.2836095748805
AOO,F5,20,764.5661863184506
AOO,F5,21,756.5203212312524
AOO,F5,22,777.7549947061482
AOO,F5,23,753.3413179107172
AOO,F5,24,817.888565155312
AOO,F5,25,774.4642041444454
AOO,F5,26,802.4848679131749
AOO,F5,27,779.2552125067318
AOO,F5,28,783.0806595667078
AOO,F5,29,768.4679355486148
AOO,F5,30,781.2576454526297
AOO,F6,1,652.4847959441026
AOO,F6,2,637.7079423630195
AOO,F6,3,652.9776231824956
AOO,F6,4,652.5039090465688
AOO,F6,5,666.380638067078
AOO,F6,6,634.9587610269432
AOO,F6,7,631.4859324205047
AOO,F6,8,635.1853170282835
AOO,F6,9,636.3768583837893
AOO,F6,10,641.9657539314318
AOO,F6,11,632.2850611462752
AOO,F6,12,646.9347926640374
AOO,F6,13,635.7225920851874
AOO,F6,14,637.5872102692919
AOO,F6,15,640.1766935456209
AOO,F6,16,638.4563285789361
AOO,F6,17,656.2341573599816
AOO,F6,18,644.5899114536315
AOO,F6,19,640.3708140443697
AOO,F6,20,640.0362438762797
AOO,F6,21,635.971524906218
AOO,F6,22,648.5686274562806
AOO,F6,23,643.6902053422228
AOO,F6,24,633.422727017988
AOO,F6,25,636.5029891405072
AOO,F6,26,657.0487370620218
AOO,F6,27,632.657422878889
AOO,F6,28,638.9585783138829
AOO,F6,29,644.2312971365351
AOO,F6,30,644.7826303390341
AOO,F7,1,1142.4046178631297
AOO,F7,2,1084.3237181055774
AOO,F7,3,1138.7517247075048
AOO,F7,4,1124.1437743982347
AOO,F7,5,1176.6474744037084
AOO,F7,6,1085.4487933415605
AOO,F7,7,1134.3934381513634
AOO,F7,8,1101.9895510645556
AOO,F7,9,1177.4630466760311
AOO,F7,10,1118.17505646696
AOO,F7,11,1126.2037956761135
AOO,F7,12,1145.2586813248158
AOO,F7,13,1103.4112479671028
AOO,F7,14,1126.3742466883014
AOO,F7,15,1169.071646322252
AOO,F7,16,1186.3362291661247
AOO,F7,17,1126.4815301813146
AOO,F7,18,1164.7220901475498
AOO,F7,19,1174.9173296702543
AOO,F7,20,1164.6447085223112
AOO,F7,21,1118.7807057540817
AOO,F7,22,1132.2234974035312
AOO,F7,23,1099.8961828358088
AOO,F7,24,1161.0315825986265
AOO,F7,25,1141.6164794137594
AOO,F7,26,1161.8610458397568
AOO,F7,27,1136.227406235325
AOO,F7,28,1170.6797058229322
AOO,F7,29,1154.5747042612406
AOO,F7,30,1191.782735216443
AOO,F8,1,1079.5942780865862
AOO,F8,2,1055.795707165806
AOO,F8,3,1035.748042332932
AOO,F8,4,1046.3986802977854
AOO,F8,5,1049.8264039703363
AOO,F8,6,1029.2700354973094
AOO,F8,7,1108.3302443393632
AOO,F8,8,1100.2314067283803
AOO,F8,9,1068.2887860715498
AOO,F8,10,1059.8428951904584
AOO,F8,11,1117.4652556484227
AOO,F8,12,1054.42399986392
AOO,F8,13,1078.5838920648876
AOO,F8,14,1049.4251162370883
AOO,F8,15,1067.5751427209846
AOO,F8,16,1059.5609731063932
AOO,F8,17,1079.1991477334261
AOO,F8,18,1065.7581368032645
AOO,F8,19,1051.9971988703205
AOO,F8,20,1093.4539946460127
AOO,F8,21,1011.750862458446
AOO,F8,22,1077.227840723739
AOO,F8,23,1044.0894145197972
AOO,F8,24,1071.526179554961
AOO,F8,25,1091.8546922586638
AOO,F8,26,1099.9539139896065
AOO,F8,27,1045.302197732255
AOO,F8,28,1042.7143930180312
AOO,F8,29,1045.9984105185931
AOO,F8,30,1069.8216860689695
AOO,F9,1,2491.436796314859
AOO,F9,2,4570.857040697216
AOO,F9,3,5174.301336079052
AOO,F9,4,3649.3830340114932
AOO,F9,5,4851.228883573296
AOO,F9,6,3588.710164180811
AOO,F9,7,4144.900570251735
AOO,F9,8,5039.624967547232
AOO,F9,9,3932.918181698466
AOO,F9,10,12638.445669928708
AOO,F9,11,3095.611756328127
AOO,F9,12,3786.911938436032
AOO,F9,13,3020.199331613068
AOO,F9,14,3491.033879528779
AOO,F9,15,3517.5519576396246
AOO,F9,16,10148.106233628494
AOO,F9,17,4408.0195872853465
AOO,F9,18,4144.914426662478
AOO,F9,19,2790.512818605347
AOO,F9,20,10307.985506815498
AOO,F9,21,3515.363701180689
AOO,F9,22,3912.8008982084884
AOO,F9,23,3288.707504414294
AOO,F9,24,7898.837148072324
AOO,F9,25,6762.0166235785955
AOO,F9,26,3941.17530181923
AOO,F9,27,6769.154487870706
AOO,F9,28,7199.818889461292
AOO,F9,29,4407.254664548249
AOO,F9,30,8728.384678765355
AOO,F10,1,8068.62033856059
AOO,F10,2,8496.67321688445
AOO,F10,3,8745.076141854845
AOO,F10,4,8441.834885854956
AOO,F10,5,8278.433788807222
AOO,F10,6,7866.765837972855
AOO,F10,7,8547.925167152067
AOO,F10,8,8987.30061035528
AOO,F10,9,8448.037085818154
AOO,F10,10,8223.298702496986
AOO,F10,11,8503.518858738313
AOO,F10,12,8555.212760075812
AOO,F10,13,8542.11635791514
AOO,F10,14,9332.595511792748
AOO,F10,15,8938.816739339445
AOO,F10,16,8425.440968205232
AOO,F10,17,9201.586856897562
AOO,F10,18,9035.71312375127
AOO,F10,19,8742.953838624695
AOO,F10,20,7640.759978099159
AOO,F10,21,8650.307463306799
AOO,F10,22,8335.939782650043
AOO,F10,23,8527.256240299268
AOO,F10,24,8951.658724694222
AOO,F10,25,9054.117329145229
AOO,F10,26,8047.9215106616475
AOO,F10,27,8657.640393694834
AOO,F10,28,7878.249737243788
AOO,F10,29,7817.1867656455415
AOO,F10,30,8813.395995701641
AOO,F11,1,2191.319252702566
AOO,F11,2,2024.39586091095
AOO,F11,3,1778.0478124327287
AOO,F11,4,1937.3855988906046
AOO,F11,5,2296.5596897567184
AOO,F11,6,2037.6316446737724
AOO,F11,7,2181.0679044133235
AOO,F11,8,1938.8120683816462
AOO,F11,9,1936.003033629283
AOO,F11,10,2425.515992313143
AOO,F11,11,2356.4737262421613
AOO,F11,12,1988.4840740926832
AOO,F11,13,1906.6512878965234
AOO,F11,14,1946.75016980977
AOO,F11,15,1978.887214771618
AOO,F11,16,2117.9187652647597
AOO,F11,17,2080.347127623835
AOO,F11,18,2101.5320835690914
AOO,F11,19,2621.4186324012876
AOO,F11,20,2021.0378318859098
AOO,F11,21,2131.017282547694
AOO,F11,22,1851.2633391261754
AOO,F11,23,2102.2247796794
AOO,F11,24,1959.9867206863123
AOO,F11,25,1871.5059812661766
AOO,F11,26,2326.399464336785
AOO,F11,27,2267.69203985884
AOO,F11,28,2360.0603755210577
AOO,F11,29,1874.0999226262427
AOO,F11,30,1774.8095702776145
AOO,F12,1,712622569.6618373
AOO,F12,2,646790324.5985484
AOO,F12,3,632147478.9426538
AOO,F12,4,584935126.8274916
AOO,F12,5,536978469.2601138
AOO,F12,6,500844425.29202366
AOO,F12,7,532675444.13103926
AOO,F12,8,493858177.0671493
AOO,F12,9,773906184.9055651
AOO,F12,10,521253521.22692096
AOO,F12,11,787865039.2505265
AOO,F12,12,711713678.3539592
AOO,F12,13,831880486.2801191
AOO,F12,14,585693752.2741774
AOO,F12,15,484253911.5359789
AOO,F12,16,568351550.4424182
AOO,F12,17,540118531.4712725
AOO,F12,18,754719159.9372268
AOO,F12,19,803996862.3449509
AOO,F12,20,746311736.9873471
AOO,F12,21,565805513.0552443
AOO,F12,22,514648939.9824944
AOO,F12,23,611274100.2123237
AOO,F12,24,549979375.0086476
AOO,F12,25,521086354.5880174
AOO,F12,26,570827776.4279803
AOO,F12,27,734681526.8147721
AOO,F12,28,505858899.36278963
AOO,F12,29,642010317.3013592
AOO,F12,30,545285649.6461409
AOO,F13,1,178729845.62006938
AOO,F13,2,204246310.30666745
AOO,F13,3,483163724.2355061
AOO,F13,4,174270632.81492686
AOO,F13,5,428968853.0623218
AOO,F13,6,539549353.587837
AOO,F13,7,147225003.45924956
AOO,F13,8,343677042.9543269
AOO,F13,9,79050361.58993843
AOO,F13,10,364259028.1824333
AOO,F13,11,278931234.25769556
AOO,F13,12,246072348.85030356
AOO,F13,13,394358550.606099
AOO,F13,14,368937753.0151323
AOO,F13,15,276039720.5097281
AOO,F13,16,381719260.11695224
AOO,F13,17,324315981.3517948
AOO,F13,18,453260355.28834873
AOO,F13,19,376613259.10563415
AOO,F13,20,383020782.66883165
AOO,F13,21,239576746.9300581
AOO,F13,22,342686253.2244414
AOO,F13,23,209718309.53676462
AOO,F13,24,447901758.55709267
AOO,F13,25,264523041.88544407
AOO,F13,26,377118847.0192085
AOO,F13,27,396051636.75941503
AOO,F13,28,437230739.53076005
AOO,F13,29,397377600.1722997
AOO,F13,30,351802929.4912747
AOO,F14,1,151841.83440942803
AOO,F14,2,136202.0306825355
AOO,F14,3,78316.34400858208
AOO,F14,4,194110.96625589623
AOO,F14,5,186644.55614943302
AOO,F14,6,338409.88328453415
AOO,F14,7,115494.82249271956
AOO,F14,8,158086.78159710355
AOO,F14,9,255737.4735175374
AOO,F14,10,287734.9196744296
AOO,F14,11,257896.88630363412
AOO,F14,12,220209.11007956817
AOO,F14,13,81576.57726821235
AOO,F14,14,21311.088285072598
AOO,F14,15,249259.67116102975
AOO,F14,16,88682.02794486028
AOO,F14,17,103861.83950297908
AOO,F14,18,201271.86793818863
AOO,F14,19,233632.49151361408
AOO,F14,20,156521.1332055282
AOO,F14,21,248030.7259073819
AOO,F14,22,173216.63155090265
AOO,F14,23,122704.26276132526
AOO,F14,24,171831.95698596476
AOO,F14,25,124201.02407339685
AOO,F14,26,102663.46522522587
AOO,F14,27,151441.2857827174
AOO,F14,28,272526.1402723435
AOO,F14,29,228556.72859121973
AOO,F14,30,196978.9066145328
AOO,F15,1,11406069.822397463
AOO,F15,2,25089244.153443262
AOO,F15,3,16626463.719162932
AOO,F15,4,57355182.00249037
AOO,F15,5,2091154.167586016
AOO,F15,6,10851160.481571505
AOO,F15,7,22939384.776010834
AOO,F15,8,25722553.760274865
AOO,F15,9,10211908.067541767
AOO,F15,10,24359832.975330263
AOO,F15,11,45517384.036464386
AOO,F15,12,3452332.2617001445
AOO,F15,13,15001882.650322327
AOO,F15,14,25388158.59232591
AOO,F15,15,12120148.793252395
AOO,F15,16,12671319.02228124
AOO,F15,17,3388336.3431218616
AOO,F15,18,11226915.364379525
AOO,F15,19,9006670.503022697
AOO,F15,20,17371264.87270548
AOO,F15,21,14640740.387075454
AOO,F15,22,9141914.223816212
AOO,F15,23,13086113.777263246
AOO,F15,24,13995813.509975811
AOO,F15,25,31611691.214061964
AOO,F15,26,10040304.296550501
AOO,F15,27,2457903.8661035085
AOO,F15,28,5397909.748730198
AOO,F15,29,10946414.259548128
AOO,F15,30,17142703.685611974
AOO,F16,1,3673.3539239941383
AOO,F16,2,3654.182000965271
AOO,F16,3,3748.741030802292
AOO,F16,4,3914.553245641173
AOO,F16,5,3308.0719472486553
AOO,F16,6,3913.920050653149
AOO,F16,7,3419.649868358256
AOO,F16,8,4041.221372471623
AOO,F16,9,3881.5369350544206
AOO,F16,10,3634.701726835013
AOO,F16,11,3436.1545988989974
AOO,F16,12,3821.6115479856544
AOO,F16,13,4063.6931819639576
AOO,F16,14,4287.858213210767
AOO,F16,15,3623.721240596018
AOO,F16,16,4464.800888866858
AOO,F16,17,3547.6894675514586
AOO,F16,18,3653.9368811283125
AOO,F16,19,3917.78013830054
AOO,F16,20,4000.860142918662
AOO,F16,21,3472.178462791555
AOO,F16,22,3294.1702753837008
AOO,F16,23,3737.7346212350853
AOO,F16,24,3637.2479556842404
AOO,F16,25,3241.545914996497
AOO,F16,26,3303.529786628978
AOO,F16,27,3562.593317945994
AOO,F16,28,3692.7491341926225
AOO,F16,29,3245.5872447073493
AOO,F16,30,4069.5006174427162
AOO,F17,1,2723.8029556782303
AOO,F17,2,2581.200886081072
AOO,F17,3,2746.083794685872
AOO,F17,4,2586.9276483218646
AOO,F17,5,2382.1242582963514
AOO,F17,6,2781.1310161215615
AOO,F17,7,2232.063021194469
AOO,F17,8,2623.4023583808685
AOO,F17,9,2691.549990663589
AOO,F17,10,2768.402074385029
AOO,F17,11,2322.997282465989
AOO,F17,12,2546.222650282536
AOO,F17,13,2570.4167336306127
AOO,F17,14,2579.248719780593
AOO,F17,15,2282.282650268199
AOO,F17,16,2931.3315752905055
AOO,F17,17,2282.887338263001
AOO,F17,18,2504.390485859726
AOO,F17,19,2501.640726718385
AOO,F17,20,2353.026179551781
AOO,F17,21,2229.8002458713695
AOO,F17,22,2221.5516051057593
AOO,F17,23,2837.920455055275
AOO,F17,24,2817.2129075187986
AOO,F17,25,2520.6875940535683
AOO,F17,26,2375.6608010227656
AOO,F17,27,2597.198409089238
AOO,F17,28,2501.6439983546684
AOO,F17,29,2270.0003146596305
AOO,F17,30,2459.1590668561576
AOO,F18,1,1979570.5590594055
AOO,F18,2,4070109.9207570637
AOO,F18,3,2938580.398460215
AOO,F18,4,5561191.631732822
AOO,F18,5,4238664.361389791
AOO,F18,6,2783076.1035012216
AOO,F18,7,8398142.465118764
AOO,F18,8,2436296.306836568
AOO,F18,9,1501534.147487852
AOO,F18,10,1052106.2297463077
AOO,F18,11,2885069.667241723
AOO,F18,12,4421386.048654123
AOO,F18,13,1786742.764973864
AOO,F18,14,4366456.815904757
AOO,F18,15,1839952.1305258553
AOO,F18,16,7455656.569375403
AOO,F18,17,2955747.341653665
AOO,F18,18,6145268.053781699
AOO,F18,19,2811903.339398597
AOO,F18,20,2631518.66174807
AOO,F18,21,2815704.6633053557
AOO,F18,22,4848683.897056719
AOO,F18,23,3122882.374399367
AOO,F18,24,3585765.3254569336
AOO,F18,25,3188170.1918562837
AOO,F18,26,7337547.12430994
AOO,F18,27,6094624.999712882
AOO,F18,28,8304341.904411011
AOO,F18,29,845100.1484970052
AOO,F18,30,1010270.5897564905
AOO,F19,1,41578221.797903806
AOO,F19,2,28121707.468792602
AOO,F19,3,89750255.29800093
AOO,F19,4,51638546.98825508
AOO,F19,5,17758049.433231145
AOO,F19,6,42922458.01836592
AOO,F19,7,37188876.69372867
AOO,F19,8,58323031.390263274
AOO,F19,9,32071233.98910916
AOO,F19,10,11852332.132338218
AOO,F19,11,67445241.62508056
AOO,F19,12,19116589.451494426
AOO,F19,13,70322356.39968713
AOO,F19,14,30183472.260720164
AOO,F19,15,91241026.64248887
AOO,F19,16,36746486.751601614
AOO,F19,17,9114253.22743298
AOO,F19,18,29918035.87055883
AOO,F19,19,29030055.50663872
AOO,F19,20,37170595.5661793
AOO,F19,21,62826435.09626475
AOO,F19,22,55153921.00072138
AOO,F19,23,52099226.26407209
AOO,F19,24,36137114.03087077
AOO,F19,25,50337302.40777079
AOO,F19,26,18485163.151998162
AOO,F19,27,28121594.47904303
AOO,F19,28,54034719.94021431
AOO,F19,29,85434465.12784666
AOO,F19,30,44206661.86123433
AOO,F20,1,2718.78923664172
AOO,F20,2,2987.904193427456
AOO,F20,3,2709.7113884750015
AOO,F20,4,2797.2780160487255
AOO,F20,5,2684.6500792084507
AOO,F20,6,2837.3198238394853
AOO,F20,7,3024.0397605836506
AOO,F20,8,2678.811350659391
AOO,F20,9,2762.0525570673844
AOO,F20,10,2649.413296073715
AOO,F20,11,2796.840641998456
AOO,F20,12,2922.0285491954382
AOO,F20,13,2673.079274349819
AOO,F20,14,2702.414305406108
AOO,F20,15,3005.89274704357
AOO,F20,16,2563.6966881825456
AOO,F20,17,2727.5393387201243
AOO,F20,18,2666.0267668114993
AOO,F20,19,2781.1421360390837
AOO,F20,20,2484.6292643379006
AOO,F20,21,2801.484858462426
AOO,F20,22,2821.159801858778
AOO,F20,23,2526.6870603831394
AOO,F20,24,2716.963392375257
AOO,F20,25,2842.8438420938783
AOO,F20,26,2711.445783067652
AOO,F20,27,2936.920182274936
AOO,F20,28,2720.0720848157425
AOO,F20,29,2754.0582937882673
AOO,F20,30,2796.294879490129
AOO,F21,1,2502.4064088340465
AOO,F21,2,2506.5368406554053
AOO,F21,3,2546.902446078599
AOO,F21,4,2565.1118129162323
AOO,F21,5,2577.1310626463487
AOO,F21,6,2607.804104625596
AOO,F21,7,2561.5025459653675
AOO,F21,8,2526.4821681999642
AOO,F21,9,2572.610127636286
AOO,F21,10,2561.74330190088
AOO,F21,11,2553.389751498024
AOO,F21,12,2547.395738565633
AOO,F21,13,2583.0699526591375
AOO,F21,14,2597.5759624713232
AOO,F21,15,2551.8649823578435
AOO,F21,16,2572.1242105990586
AOO,F21,17,2575.9277259121736
AOO,F21,18,2534.6373813283585
AOO,F21,19,2546.1042299890755
AOO,F21,20,2590.9554231871284
AOO,F21,21,2559.3070711408573
AOO,F21,22,2541.8432275628284
AOO,F21,23,2522.054549246679
AOO,F21,24,2548.67652570678
AOO,F21,25,2524.671891513129
AOO,F21,26,2554.778434566706
AOO,F21,27,2623.054503562382
AOO,F21,28,2537.6162590371923
AOO,F21,29,2543.4984586714
AOO,F21,30,2594.915211834999
AOO,F22,1,10119.39958921403
AOO,F22,2,10361.797196734784
AOO,F22,3,9237.089759918643
AOO,F22,4,2885.2582978296014
AOO,F22,5,9957.133162003443
AOO,F22,6,2886.2823913181464
AOO,F22,7,10117.32122689084
AOO,F22,8,9140.375801339389
AOO,F22,9,2966.7219214981155
AOO,F22,10,10972.588746301291
AOO,F22,11,3019.987527191166
AOO,F22,12,3027.9981931429
AOO,F22,13,2937.5075256661507
AOO,F22,14,9539.213237958786
AOO,F22,15,10206.219047948685
AOO,F22,16,10016.824208973741
AOO,F22,17,9428.678659365363
AOO,F22,18,2957.426733210272
AOO,F22,19,9755.65086231063
AOO,F22,20,10267.358118641601
AOO,F22,21,9325.289807069632
AOO,F22,22,3079.0425425124836
AOO,F22,23,9756.920269900882
AOO,F22,24,10068.141612510522
AOO,F22,25,10147.343508997004
AOO,F22,26,10260.847183392583
AOO,F22,27,2917.3340341934945
AOO,F22,28,3001.07874913092
AOO,F22,29,2974.4299291531106
AOO,F22,30,9896.923702524671
AOO,F23,1,2888.600783298556
AOO,F23,2,2934.6606595762405
AOO,F23,3,2897.2549454248992
AOO,F23,4,2929.173339434074
AOO,F23,5,2919.4109146366827
AOO,F23,6,2970.2542779267774
AOO,F23,7,2963.6969973800124
AOO,F23,8,2880.171322393974
AOO,F23,9,2912.296910180209
AOO,F23,10,2989.7863446927636
AOO,F23,11,2905.202486959337
AOO,F23,12,2969.763484946463
AOO,F23,13,2979.902372020401
AOO,F23,14,2965.4471319124705
AOO,F23,15,2936.4433004346956
AOO,F23,16,2980.987198125006
AOO,F23,17,2898.85417952443
AOO,F23,18,2921.4631633707268
AOO,F23,19,2916.450907889757
AOO,F23,20,2915.727632655139
AOO,F23,21,2972.4031233628316
AOO,F23,22,2904.2723423330112
AOO,F23,23,2974.266013115309
AOO,F23,24,2914.2388408357
AOO,F23,25,2940.533025620115
AOO,F23,26,2947.022572102043
AOO,F23,27,2930.4172651974764
AOO,F23,28,2914.087076459633
AOO,F23,29,2991.9766003958352
AOO,F23,30,2946.69171732412
AOO,F24,1,3062.8372381035633
AOO,F24,2,3112.662674792619
AOO,F24,3,3080.892413052996
AOO,F24,4,3083.554451228486
AOO,F24,5,3081.5187609911072
AOO,F24,6,3081.840358440555
AOO,F24,7,3081.422116689515
AOO,F24,8,3063.462438520738
AOO,F24,9,3061.9521688926347
AOO,F24,10,3061.442756652135
AOO,F24,11,3127.686316986269
AOO,F24,12,3092.8144533027007
AOO,F24,13,3058.4523471350262
AOO,F24,14,3060.2466758069877
AOO,F24,15,3063.007777585814
AOO,F24,16,3074.928487985365
AOO,F24,17,3089.070394334337
AOO,F24,18,3111.1541038051273
AOO,F24,19,3185.9231482282325
AOO,F24,20,3040.5323324695087
AOO,F24,21,3106.213547908594
AOO,F24,22,3089.0230292383385
AOO,F24,23,3100.3098875277365
AOO,F24,24,3073.9015138150926
AOO,F24,25,3031.2543127715016
AOO,F24,26,3064.5517721829515
AOO,F24,27,3102.697373834066
AOO,F24,28,3110.4796375905726
AOO,F24,29,3069.5066924930707
AOO,F24,30,3067.1407450884567
AOO,F25,1,3202.249150047957
AOO,F25,2,3108.788504050609
AOO,F25,3,3100.8017742696693
AOO,F25,4,3151.193279581243
AOO,F25,5,3077.8955966037774
AOO,F25,6,3125.802292390278
AOO,F25,7,3167.866147989538
AOO,F25,8,3298.792880281512
AOO,F25,9,3133.6351733807896
AOO,F25,10,3118.5434870943263
AOO,F25,11,3200.8008363025074
AOO,F25,12,3245.811500777203
AOO,F25,13,3081.559147234393
AOO,F25,14,3332.45550710107
AOO,F25,15,3194.3155771880606
AOO,F25,16,3182.1098198180807
AOO,F25,17,3096.640708523517
AOO,F25,18,3274.480339601542
AOO,F25,19,3074.876269903567
AOO,F25,20,3230.509167545891
AOO,F25,21,3147.16419801978
AOO,F25,22,3160.2079296329516
AOO,F25,23,3101.377831433126
AOO,F25,24,3124.939594703982
AOO,F25,25,3098.857118704672
AOO,F25,26,3202.669537570185
AOO,F25,27,3149.3318233632695
AOO,F25,28,3120.2659287395204
AOO,F25,29,3205.420077844813
AOO,F25,30,3083.5614484464018
AOO,F26,1,6545.985838122373
AOO,F26,2,6148.940218671663
AOO,F26,3,4317.993211140819
AOO,F26,4,7010.810923896038
AOO,F26,5,6737.369168763051
AOO,F26,6,6747.786782640879
AOO,F26,7,4003.203546826833
AOO,F26,8,6385.123983884214
AOO,F26,9,3903.0223319464653
AOO,F26,10,6660.358554122236
AOO,F26,11,6251.496838638317
AOO,F26,12,5984.935354572328
AOO,F26,13,6639.858859018279
AOO,F26,14,4072.029142062913
AOO,F26,15,6186.963765347688
AOO,F26,16,6751.482675124581
AOO,F26,17,4475.406198970539
AOO,F26,18,6251.6830775783155
AOO,F26,19,6506.724869574537
AOO,F26,20,4070.809343062178
AOO,F26,21,3952.4317730003413
AOO,F26,22,7141.137465657823
AOO,F26,23,6299.435496573646
AOO,F26,24,4534.116723158639
AOO,F26,25,6458.77697506519
AOO,F26,26,4388.176468771848
AOO,F26,27,6617.853761190463
AOO,F26,28,6482.013611121707
AOO,F26,29,6537.116857524827
AOO,F26,30,3994.459336887833
AOO,F27,1,3278.005673478309
AOO,F27,2,3292.3583289145117
AOO,F27,3,3256.0631263749297
AOO,F27,4,3270.432975630934
AOO,F27,5,3294.4352128472306
AOO,F27,6,3268.8589463852254
AOO,F27,7,3390.2899519605794
AOO,F27,8,3340.329094316311
AOO,F27,9,3353.8721655135055
AOO,F27,10,3288.814125983392
AOO,F27,11,3280.5278064875774
AOO,F27,12,3300.691236267793
AOO,F27,13,3282.5649700884196
AOO,F27,14,3337.7433026001145
AOO,F27,15,3263.837297270142
AOO,F27,16,3326.3601006015765
AOO,F27,17,3271.2962641266886
AOO,F27,18,3359.467198899933
AOO,F27,19,3256.5850966343605
AOO,F27,20,3279.780168331732
AOO,F27,21,3345.642975985105
AOO,F27,22,3315.60410958154
AOO,F27,23,3275.7155661556753
AOO,F27,24,3308.326426629492
AOO,F27,25,3304.1643514528596
AOO,F27,26,3290.4680112627884
AOO,F27,27,3319.7708892389946
AOO,F27,28,3463.319151017092
AOO,F27,29,3283.3546392126073
AOO,F27,30,3320.881008625325
AOO,F28,1,3478.8673889478277
AOO,F28,2,3524.2033373294053
AOO,F28,3,3524.561984378393
AOO,F28,4,3693.0355696072693
AOO,F28,5,3522.8406125212723
AOO,F28,6,3495.7690943568496
AOO,F28,7,3633.932989465232
AOO,F28,8,3571.9298072807956
AOO,F28,9,3446.010080191564
AOO,F28,10,3507.2783319768123
AOO,F28,11,3622.3653235476268
AOO,F28,12,3568.299573570508
AOO,F28,13,3579.7621940857616
AOO,F28,14,3474.920508472017
AOO,F28,15,3523.1858832954304
AOO,F28,16,3573.0145209482625
AOO,F28,17,3662.603430673151
AOO,F28,18,3492.468207988283
AOO,F28,19,3527.966861657909
AOO,F28,20,3526.5760497337596
AOO,F28,21,3452.16710366559
AOO,F28,22,3509.269540828887
AOO,F28,23,3521.9875556034076
AOO,F28,24,3542.550294619444
AOO,F28,25,3492.042100273735
AOO,F28,26,3728.402109872345
AOO,F28,27,3547.73329979014
AOO,F28,28,3507.169996471027
AOO,F28,29,3551.703275507171
AOO,F28,30,3482.4740796437495
AOO,F29,1,4474.755340499238
AOO,F29,2,4579.780825848948
AOO,F29,3,4679.632621463801
AOO,F29,4,4879.299865977064
AOO,F29,5,4806.8286707442785
AOO,F29,6,4581.586902550876
AOO,F29,7,4241.369234909558
AOO,F29,8,4885.782687634408
AOO,F29,9,4642.898224387574
AOO,F29,10,4599.29970052002
AOO,F29,11,4283.075035634756
AOO,F29,12,4774.904731865146
AOO,F29,13,4974.988042756504
AOO,F29,14,5037.349778728494
AOO,F29,15,4886.926075541135
AOO,F29,16,4402.068783692856
AOO,F29,17,4569.162388902899
AOO,F29,18,4755.7508419427995
AOO,F29,19,4441.201048837053
AOO,F29,20,4645.320090776916
AOO,F29,21,4320.429978405137
AOO,F29,22,4432.870992361605
AOO,F29,23,4513.546843982089
AOO,F29,24,4499.444073978751
AOO,F29,25,4827.494822636125
AOO,F29,26,4495.633935624923
AOO,F29,27,4549.9758344973425
AOO,F29,28,4548.352889072502
AOO,F29,29,4399.084046303385
AOO,F29,30,4918.886968903073
AOO,F30,1,84292389.16850697
AOO,F30,2,59802473.475976065
AOO,F30,3,97333675.66562067
AOO,F30,4,82057370.82522376
AOO,F30,5,93939969.63859957
AOO,F30,6,44584217.26213707
AOO,F30,7,123238450.21367131
AOO,F30,8,100622532.12769653
AOO,F30,9,55612531.258135766
AOO,F30,10,27131222.63507632
AOO,F30,11,57406738.9582329
AOO,F30,12,58606409.14959031
AOO,F30,13,72269939.11134022
AOO,F30,14,48171395.399930775
AOO,F30,15,57281002.07233968
AOO,F30,16,65207678.02177234
AOO,F30,17,36499254.27599405
AOO,F30,18,106639828.51260771
AOO,F30,19,65460153.66642757
AOO,F30,20,72713982.66143283
AOO,F30,21,55197068.16007486
AOO,F30,22,52703627.97888601
AOO,F30,23,59719682.77598898
AOO,F30,24,76376418.3601136
AOO,F30,25,102021694.40802824
AOO,F30,26,69203369.9947539
AOO,F30,27,67796308.71848015
AOO,F30,28,39171847.69306499
AOO,F30,29,59439160.56546913
AOO,F30,30,83663781.88916336
BKA,F1,1,7355249616.502575
BKA,F1,2,12858404496.662125
BKA,F1,3,7669567967.689114
BKA,F1,4,46677974083.73535
BKA,F1,5,19292888028.305264
BKA,F1,6,9218985404.642687
BKA,F1,7,2462936690.5349936
BKA,F1,8,4433044124.402339
BKA,F1,9,6624323157.716428
BKA,F1,10,5186424819.38628
BKA,F1,11,7082134345.136689
BKA,F1,12,7320012273.640752
BKA,F1,13,8388179980.548855
BKA,F1,14,7668698868.315648
BKA,F1,15,10480511969.892822
BKA,F1,16,6508844495.943806
BKA,F1,17,8115358268.486962
BKA,F1,18,5042027999.150992
BKA,F1,19,4956639032.477657
BKA,F1,20,5967250576.477292
BKA,F1,21,9466904621.008791
BKA,F1,22,9173760907.364548
BKA,F1,23,14704154279.088957
BKA,F1,24,56133309598.92713
BKA,F1,25,17635594057.157078
BKA,F1,26,4055092092.7155676
BKA,F1,27,6049104715.59754
BKA,F1,28,7836531511.422694
BKA,F1,29,5282920663.225307
BKA,F1,30,4515269184.132142
BKA,F3,1,37256.96142504806
BKA,F3,2,35038.101556186906
BKA,F3,3,30091.424322141007
BKA,F3,4,59187.98532276016
BKA,F3,5,23064.20889805369
BKA,F3,6,32148.63791310079
BKA,F3,7,30498.618952011195
BKA,F3,8,39851.12933516707
BKA,F3,9,28041.410091898117
BKA,F3,10,29763.08651271789
BKA,F3,11,31680.26127982082
BKA,F3,12,15238.398757695224
BKA,F3,13,20327.881169632787
BKA,F3,14,22720.71413010456
BKA,F3,15,26738.19319501835
BKA,F3,16,29292.555676078005
BKA,F3,17,27973.969740674187
BKA,F3,18,28406.138830580705
BKA,F3,19,36286.50472291232
BKA,F3,20,43730.20174452232
BKA,F3,21,22906.458392356944
BKA,F3,22,19244.55510368753
BKA,F3,23,27091.589012314023
BKA,F3,24,69393.49072796051
BKA,F3,25,25531.961288912735
BKA,F3,26,20686.961911134735
BKA,F3,27,28938.08839707387
BKA,F3,28,29974.121319270278
BKA,F3,29,29391.060186551083
BKA,F3,30,33799.27141780799
BKA,F4,1,721.0521348250722
BKA,F4,2,705.5841027146928
BKA,F4,3,857.3026490939191
BKA,F4,4,14282.447824009992
BKA,F4,5,665.1531180703162
BKA,F4,6,691.5399650240672
BKA,F4,7,623.3741507690113
BKA,F4,8,636.3187699238508
BKA,F4,9,644.0102908839301
BKA,F4,10,1054.0184465483321
BKA,F4,11,1354.2231679130937
BKA,F4,12,651.0363441017228
BKA,F4,13,672.4568771693016
BKA,F4,14,741.6185585395042
BKA,F4,15,1938.0911838401273
BKA,F4,16,3470.921408341142
BKA,F4,17,688.5483799999187
BKA,F4,18,684.1107038474745
BKA,F4,19,573.1978799272816
BKA,F4,20,727.8462427387952
BKA,F4,21,639.9710775134253
BKA,F4,22,1556.230123197102
BKA,F4,23,615.2889722540261
BKA,F4,24,4653.776622056272
BKA,F4,25,1196.9092401173582
BKA,F4,26,1203.6401401405615
BKA,F4,27,1130.9977267881325
BKA,F4,28,1141.1898218340057
BKA,F4,29,708.2556240565348
BKA,F4,30,709.9932411475688
BKA,F5,1,704.2246249118984
BKA,F5,2,772.3250140811383
BKA,F5,3,701.7977223513362
BKA,F5,4,867.9458097377106
BKA,F5,5,740.830770483738
BKA,F5,6,746.6882328584765
BKA,F5,7,748.3000503163088
BKA,F5,8,767.2180637258732
BKA,F5,9,769.9037044739326
BKA,F5,10,702.9879472207942
BKA,F5,11,771.9122525063455
BKA,F5,12,762.1182390387573
BKA,F5,13,733.0279431143217
BKA,F5,14,716.0745536029718
BKA,F5,15,727.6584449499771
BKA,F5,16,764.740544527458
BKA,F5,17,782.1836766789459
BKA,F5,18,733.2564175157129
BKA,F5,19,753.2000722969665
BKA,F5,20,667.636336261733
BKA,F5,21,769.0872482401152
BKA,F5,22,743.0165662618305
BKA,F5,23,775.0514139754898
BKA,F5,24,855.5406909379768
BKA,F5,25,792.0700701838222
BKA,F5,26,748.2557095280328
BKA,F5,27,711.0039314160357
BKA,F5,28,706.5591478176614
BKA,F5,29,778.3604283216631
BKA,F5,30,749.9775094376056
BKA,F6,1,660.8749847906062
BKA,F6,2,660.6291551290703
BKA,F6,3,670.065882165644
BKA,F6,4,673.148571028749
BKA,F6,5,659.9039998605136
BKA,F6,6,653.409175911633
BKA,F6,7,664.0761961908582
BKA,F6,8,645.187982031377
BKA,F6,9,661.7194715880183
BKA,F6,10,667.9026042137182
BKA,F6,11,661.4064377781838
BKA,F6,12,659.7282090028035
BKA,F6,13,663.0327560681753
BKA,F6,14,658.7663344035408
BKA,F6,15,657.0329032052298
BKA,F6,16,663.1913294345668
BKA,F6,17,662.6220050737784
BKA,F6,18,655.6153213124715
BKA,F6,19,647.935789953807
BKA,F6,20,655.4593236186083
BKA,F6,21,656.4304991655266
BKA,F6,22,672.6898386829453
BKA,F6,23,655.7212234331776
BKA,F6,24,668.9073841103775
BKA,F6,25,663.4340467470228
BKA,F6,26,661.724184045026
BKA,F6,27,660.1711966297324
BKA,F6,28,655.5068826369818
BKA,F6,29,660.7003705417789
BKA,F6,30,653.1912761896908
BKA,F7,1,1275.0601890411215
BKA,F7,2,1165.4815558002251
BKA,F7,3,1168.75099114259
BKA,F7,4,1438.7038370966502
BKA,F7,5,1201.131667838083
BKA,F7,6,1243.029137073169
BKA,F7,7,1250.9613355228382
BKA,F7,8,1183.2741062920252
BKA,F7,9,1206.968461981688
BKA,F7,10,1284.2221770357792
BKA,F7,11,1149.3103929429167
BKA,F7,12,1293.2356029491323
BKA,F7,13,1240.7888414038835
BKA,F7,14,1235.909896324108
BKA,F7,15,1226.0999380435856
BKA,F7,16,1239.4481029547203
BKA,F7,17,1098.298468096099
BKA,F7,18,1239.3012604613818
BKA,F7,19,1253.351780052717
BKA,F7,20,1259.7386840521153
BKA,F7,21,966.5997309996371
BKA,F7,22,1240.6977067810099
BKA,F7,23,1245.6788363954965
BKA,F7,24,1242.0628782474168
BKA,F7,25,1318.1868085447195
BKA,F7,26,1082.7765643977332
BKA,F7,27,1245.2504543678683
BKA,F7,28,1120.157806672953
BKA,F7,29,1293.912958396298
BKA,F7,30,1069.7662605940848
BKA,F8,1,1014.7141067204608
BKA,F8,2,957.331755250711
BKA,F8,3,993.179002557206
BKA,F8,4,1098.0378306827092
BKA,F8,5,1010.314641444449
BKA,F8,6,950.7943570454673
BKA,F8,7,944.8450712552126
BKA,F8,8,965.7813732238501
BKA,F8,9,968.0618848126817
BKA,F8,10,1020.5018257339366
BKA,F8,11,945.3870337293782
BKA,F8,12,983.0535586786038
BKA,F8,13,990.7978359177762
BKA,F8,14,963.9257843132475
BKA,F8,15,948.8600960367141
BKA,F8,16,993.0568614310868
BKA,F8,17,974.7105291272549
BKA,F8,18,995.2931722058753
BKA,F8,19,1027.5098483719369
BKA,F8,20,978.1575182085244
BKA,F8,21,983.1033760486976
BKA,F8,22,1005.2088672743979
BKA,F8,23,951.8104986713195
BKA,F8,24,1114.7854770140823
BKA,F8,25,1024.777307905699
BKA,F8,26,930.8233812685529
BKA,F8,27,948.8861751085986
BKA,F8,28,969.585701115396
BKA,F8,29,1032.8109390377708
BKA,F8,30,991.9119938437321
BKA,F9,1,4652.197308513051
BKA,F9,2,4741.65748784963
BKA,F9,3,6368.3783150870595
BKA,F9,4,8945.01002078065
BKA,F9,5,5847.218729290267
BKA,F9,6,5691.4770553219605
BKA,F9,7,4720.014838803116
BKA,F9,8,5735.294405022839
BKA,F9,9,5807.4630061722155
BKA,F9,10,4368.102981264041
BKA,F9,11,5691.7284529496865
BKA,F9,12,5636.693086837716
BKA,F9,13,6307.260149402555
BKA,F9,14,5820.852644871755
BKA,F9,15,5404.347725454897
BKA,F9,16,4288.885501809225
BKA,F9,17,5635.052340996072
BKA,F9,18,4629.027334218962
BKA,F9,19,5579.130541834962
BKA,F9,20,5047.705991940874
BKA,F9,21,5372.166859747576
BKA,F9,22,4723.075849008184
BKA,F9,23,5398.839739926808
BKA,F9,24,10534.915383424208
BKA,F9,25,4828.18967821219
BKA,F9,26,6112.551323413692
BKA,F9,27,3548.4116836759404
BKA,F9,28,5637.5247567289125
BKA,F9,29,5609.904587986137
BKA,F9,30,4974.908125751675
BKA,F10,1,5855.245794775302
BKA,F10,2,4961.471320444143
BKA,F10,3,4965.7474042168
BKA,F10,4,7748.376963963013
BKA,F10,5,4604.886616758877
BKA,F10,6,5421.15826004085
BKA,F10,7,4146.202740009214
BKA,F10,8,5374.022409527874
BKA,F10,9,5246.412187828406
BKA,F10,10,5889.875577938586
BKA,F10,11,4745.194522618356
BKA,F10,12,4734.387942195259
BKA,F10,13,5461.445175447443
BKA,F10,14,5545.90038318878
BKA,F10,15,6048.243177354552
BKA,F10,16,5073.262687676368
BKA,F10,17,5162.550703213883
BKA,F10,18,4456.143178852184
BKA,F10,19,5504.724250039512
BKA,F10,20,5177.5470089945575
BKA,F10,21,5336.623425834108
BKA,F10,22,5088.672113260998
BKA,F10,23,4053.438678782217
BKA,F10,24,7339.165719291001
BKA,F10,25,3604.9422198294105
BKA,F10,26,5746.20028514901
BKA,F10,27,6162.030101443904
BKA,F10,28,5083.605400516544
BKA,F10,29,4915.217661640818
BKA,F10,30,4976.320704910284
BKA,F11,1,1368.555125803669
BKA,F11,2,1323.2661322420186
BKA,F11,3,1357.9440388597925
BKA,F11,4,5949.703499961046
BKA,F11,5,1368.6523401753066
BKA,F11,6,1630.4115926933068
BKA,F11,7,1410.5880222934834
BKA,F11,8,1412.37211683365
BKA,F11,9,1481.835263937789
BKA,F11,10,1491.2358397682074
BKA,F11,11,1540.8227428997009
BKA,F11,12,1610.4467529986582
BKA,F11,13,1853.7990509369438
BKA,F11,14,1525.471058631409
BKA,F11,15,1303.679300125509
BKA,F11,16,1346.4825697596727
BKA,F11,17,1223.8175561172322
BKA,F11,18,1299.1688911799727
BKA,F11,19,1365.477297292597
BKA,F11,20,1507.295628251016
BKA,F11,21,1486.3990543385532
BKA,F11,22,1365.0301330247307
BKA,F11,23,1397.3606879012384
BKA,F11,24,7754.497231821795
BKA,F11,25,1299.8855076809257
BKA,F11,26,1388.1465699991982
BKA,F11,27,1552.689133363459
BKA,F11,28,1370.7010169561959
BKA,F11,29,1532.179552643779
BKA,F11,30,1320.0998128455792
BKA,F12,1,132305862.32074225
BKA,F12,2,4095591.5267989705
BKA,F12,3,59978730.50567311
BKA,F12,4,5518790429.593201
BKA,F12,5,43048291.489521235
BKA,F12,6,125013440.60221373
BKA,F12,7,49075471.220650055
BKA,F12,8,61264037.642764255
BKA,F12,9,21442374.67789153
BKA,F12,10,262301429.919823
BKA,F12,11,10876373.883446703
BKA,F12,12,7422432.846149579
BKA,F12,13,47678823.064498894
BKA,F12,14,4877740.015439944
BKA,F12,15,81578085.59653638
BKA,F12,16,25290206.337391645
BKA,F12,17,6814296.133381061
BKA,F12,18,8733231.593793739
BKA,F12,19,54623625.89072041
BKA,F12,20,51574145.44241899
BKA,F12,21,71551844.07414696
BKA,F12,22,5549419.106573178
BKA,F12,23,8222902.980648934
BKA,F12,24,10339602292.534546
BKA,F12,25,6599682.628481972
BKA,F12,26,8110277.812943434
BKA,F12,27,10651004.693314308
BKA,F12,28,114112431.56762114
BKA,F12,29,453651773.2002289
BKA,F12,30,17134685.80466973
BKA,F13,1,161263.23646101
BKA,F13,2,76913.2251695318
BKA,F13,3,129759.63544391064
BKA,F13,4,30545606.29064017
BKA,F13,5,445016.2540649248
BKA,F13,6,224609.30142032425
BKA,F13,7,6830416.199186447
BKA,F13,8,165094.21463663405
BKA,F13,9,316993.05156009033
BKA,F13,10,172854.7799427463
BKA,F13,11,119983.92333308782
BKA,F13,12,124124.08482521967
BKA,F13,13,200971.8721078666
BKA,F13,14,276451.152399519
BKA,F13,15,315676.61017661943
BKA,F13,16,106750.42703179599
BKA,F13,17,69926.5744265934
BKA,F13,18,94463.7531469189
BKA,F13,19,122941.19073048874
BKA,F13,20,92760.06150749144
BKA,F13,21,86122.46223208931
BKA,F13,22,106283.30427713868
BKA,F13,23,129833.01132711684
BKA,F13,24,952448800.056337
BKA,F13,25,387930.54521408724
BKA,F13,26,433423.25103349757
BKA,F13,27,291925.4120177319
BKA,F13,28,300456.85937624436
BKA,F13,29,113219.08686521581
BKA,F13,30,103439.09675919224
BKA,F14,1,2301.1246089805045
BKA,F14,2,43819.1862020717
BKA,F14,3,2245.13353617641
BKA,F14,4,8544.910945717964
BKA,F14,5,1822.6325941886478
BKA,F14,6,7576.507806701439
BKA,F14,7,1741.7828841584103
BKA,F14,8,5023.737117838045
BKA,F14,9,2033.951630762775
BKA,F14,10,2157.9345301510966
BKA,F14,11,2331.6293092836854
BKA,F14,12,2512.486194665631
BKA,F14,13,14209.913351519457
BKA,F14,14,3670.386713713586
BKA,F14,15,4566.535658203002
BKA,F14,16,2359.3549128103828
BKA,F14,17,12984.181899563628
BKA,F14,18,2783.533984394062
BKA,F14,19,11808.309694983123
BKA,F14,20,20041.999520839203
BKA,F14,21,8842.106149772475
BKA,F14,22,1979.960319137267
BKA,F14,23,1679.4288609813786
BKA,F14,24,27850.897374606157
BKA,F14,25,7989.512766254718
BKA,F14,26,7254.652614547057
BKA,F14,27,46311.86716362913
BKA,F14,28,2414.3463844899898
BKA,F14,29,2060.570966581403
BKA,F14,30,19261.021711473808
BKA,F15,1,79389.22158021138
BKA,F15,2,20206.841480624404
BKA,F15,3,30884.604167750305
BKA,F15,4,36802.2719703245
BKA,F15,5,24216.172667301915
BKA,F15,6,133764.46541306068
BKA,F15,7,35369.44111732656
BKA,F15,8,41836.94367307051
BKA,F15,9,53364.393597774164
BKA,F15,10,57919.68854089785
BKA,F15,11,45218.64544569981
BKA,F15,12,26320.05660571508
BKA,F15,13,23052.831229318806
BKA,F15,14,34169.62500097089
BKA,F15,15,7301.637041110047
BKA,F15,16,63504.60773481093
BKA,F15,17,11324.185265528718
BKA,F15,18,248666.13541965774
BKA,F15,19,9150.412927021198
BKA,F15,20,17534.537182358552
BKA,F15,21,22297.090265962346
BKA,F15,22,25089.33687922635
BKA,F15,23,49011.43814340279
BKA,F15,24,89716.5594837621
BKA,F15,25,13875.01854098448
BKA,F15,26,38759.76752963783
BKA,F15,27,80228.35886972252
BKA,F15,28,64256.56711382567
BKA,F15,29,39772.00300809163
BKA,F15,30,32054.874942446164
BKA,F16,1,3754.369272962215
BKA,F16,2,3281.5307403934557
BKA,F16,3,3005.5716267547614
BKA,F16,4,4294.500423143752
BKA,F16,5,3134.1661906419804
BKA,F16,6,2864.517187262628
BKA,F16,7,2681.337333066357
BKA,F16,8,3277.72151691099
BKA,F16,9,3080.7660964886254
BKA,F16,10,3463.9787341711694
BKA,F16,11,2863.805820553422
BKA,F16,12,2994.0419178568573
BKA,F16,13,3703.7178365641944
BKA,F16,14,3213.126162879198
BKA,F16,15,3464.6152906489597
BKA,F16,16,3086.842773511279
BKA,F16,17,2516.8820730018333
BKA,F16,18,2997.193756797461
BKA,F16,19,3004.92799527425
BKA,F16,20,2954.269091068518
BKA,F16,21,2684.3015521068264
BKA,F16,22,2670.245753537288
BKA,F16,23,2410.5047591129
BKA,F16,24,4418.950035503777
BKA,F16,25,2421.9845359432557
BKA,F16,26,3176.6433415564306
BKA,F16,27,3145.8976681614427
BKA,F16,28,2743.411324443422
BKA,F16,29,3209.3238866510374
BKA,F16,30,2730.270169748513
BKA,F17,1,2420.3958487089067
BKA,F17,2,2347.67443502071
BKA,F17,3,2056.446677682064
BKA,F17,4,2533.2414897878916
BKA,F17,5,2332.4175041247418
BKA,F17,6,2800.2041153722776
BKA,F17,7,2078.385573759422
BKA,F17,8,2323.374299605851
BKA,F17,9,2211.7937771252036
BKA,F17,10,2190.4041868703366
BKA,F17,11,1980.5515085357397
BKA,F17,12,2125.4920309409144
BKA,F17,13,2168.9688358277845
BKA,F17,14,2378.915113898805
BKA,F17,15,2348.6528198633387
BKA,F17,16,2502.0593439489203
BKA,F17,17,2284.451944174278
BKA,F17,18,2168.522850980179
BKA,F17,19,2180.4173008185107
BKA,F17,20,2293.180794032528
BKA,F17,21,1917.306369813586
BKA,F17,22,1973.9957170120924
BKA,F17,23,2219.3303321481844
BKA,F17,24,2672.0953819409797
BKA,F17,25,2102.42538925973
BKA,F17,26,2374.231291310302
BKA,F17,27,2129.842682383631
BKA,F17,28,2372.611418728609
BKA,F17,29,2779.909969843995
BKA,F17,30,2492.388017127101
BKA,F18,1,118894.24414289075
BKA,F18,2,71275.20916201778
BKA,F18,3,263938.1831037276
BKA,F18,4,1754996.405854715
BKA,F18,5,135124.63232035493
BKA,F18,6,27646.43721300964
BKA,F18,7,120896.26860681889
BKA,F18,8,26111.05238096845
BKA,F18,9,42415.05393357624
BKA,F18,10,92411.77297663521
BKA,F18,11,116213.04764787821
BKA,F18,12,372509.5629595443
BKA,F18,13,101610.63280096528
BKA,F18,14,39871.28975782878
BKA,F18,15,57127.58627115171
BKA,F18,16,267274.1162599259
BKA,F18,17,105123.11376361134
BKA,F18,18,72253.63581228253
BKA,F18,19,57613.42345675269
BKA,F18,20,180312.11105579633
BKA,F18,21,104269.63136578369
BKA,F18,22,108422.44117789625
BKA,F18,23,179277.57129967093
BKA,F18,24,1131029.76331214
BKA,F18,25,108474.5561234704
BKA,F18,26,52202.22447615856
BKA,F18,27,253555.93191680752
BKA,F18,28,24920.28929648448
BKA,F18,29,57266.83737234546
BKA,F18,30,141543.1840398971
BKA,F19,1,709633.3875427553
BKA,F19,2,90179.98540921342
BKA,F19,3,131868.9690574878
BKA,F19,4,1053096.519742647
BKA,F19,5,415935.903952268
BKA,F19,6,166666.41272451318
BKA,F19,7,78507.00286980996
BKA,F19,8,135811.88348110256
BKA,F19,9,466255.54266522796
BKA,F19,10,407609.3779633424
BKA,F19,11,143872.27963346307
BKA,F19,12,12320.368845543626
BKA,F19,13,251088.64950795012
BKA,F19,14,121844.88832967903
BKA,F19,15,46481.43542004955
BKA,F19,16,185391.78748245977
BKA,F19,17,74518.90704136685
BKA,F19,18,112077.55886400842
BKA,F19,19,66736.50064810281
BKA,F19,20,99767.71769154152
BKA,F19,21,40414.90081318834
BKA,F19,22,121688.60861568186
BKA,F19,23,448650.9403181227
BKA,F19,24,17912080.282352015
BKA,F19,25,248971.39962266554
BKA,F19,26,250412.44615333495
BKA,F19,27,778606.1302189939
BKA,F19,28,579977.9090571657
BKA,F19,29,302114.2956209358
BKA,F19,30,1490272.9917165046
BKA,F20,1,2662.1782874580026
BKA,F20,2,2548.9013464112527
BKA,F20,3,2360.6130498962702
BKA,F20,4,2691.8809531182656
BKA,F20,5,2531.5257257572
BKA,F20,6,2480.7758282219143
BKA,F20,7,2565.929113638001
BKA,F20,8,2845.0575539617375
BKA,F20,9,2557.7546479476377
BKA,F20,10,2652.773943732993
BKA,F20,11,2570.1874287096502
BKA,F20,12,2482.116674132731
BKA,F20,13,2520.0589488507903
BKA,F20,14,2547.0348816911364
BKA,F20,15,2386.9423130433124
BKA,F20,16,2559.6529142457366
BKA,F20,17,2561.6554434038576
BKA,F20,18,2526.411363195781
BKA,F20,19,2552.825640453071
BKA,F20,20,2316.527625404508
BKA,F20,21,2679.069172688325
BKA,F20,22,2648.217369146567
BKA,F20,23,2823.563099327724
BKA,F20,24,2732.5004323174376
BKA,F20,25,2671.0195753705984
BKA,F20,26,2556.844428254756
BKA,F20,27,2647.1702063063185
BKA,F20,28,2485.454292436549
BKA,F20,29,2356.759552629747
BKA,F20,30,2359.153714793624
BKA,F21,1,2534.2841432837436
BKA,F21,2,2488.19140915415
BKA,F21,3,2541.2897098799276
BKA,F21,4,2666.792668992477
BKA,F21,5,2504.3652408292032
BKA,F21,6,2491.76926703861
BKA,F21,7,2448.3612933519203
BKA,F21,8,2485.6420946140024
BKA,F21,9,2597.6299660288732
BKA,F21,10,2631.8542664424285
BKA,F21,11,2586.3496446330105
BKA,F21,12,2537.707410928232
BKA,F21,13,2522.8753126242023
BKA,F21,14,2571.6422585261066
BKA,F21,15,2554.2653841876654
BKA,F21,16,2410.4164336611852
BKA,F21,17,2488.1988384843867
BKA,F21,18,2563.6123550398024
BKA,F21,19,2559.778671049672
BKA,F21,20,2462.949551542527
BKA,F21,21,2475.318684758129
BKA,F21,22,2477.4760216045556
BKA,F21,23,2511.166012276967
BKA,F21,24,2751.3679057533236
BKA,F21,25,2562.1276755349845
BKA,F21,26,2568.0058728744634
BKA,F21,27,2496.293332244503
BKA,F21,28,2522.993776624645
BKA,F21,29,2605.4306487616273
BKA,F21,30,2535.2701174244753
BKA,F22,1,6351.326603293117
BKA,F22,2,5029.779633373917
BKA,F22,3,2987.7887713678556
BKA,F22,4,5544.517976672507
BKA,F22,5,6711.045828225884
BKA,F22,6,7329.338345543209
BKA,F22,7,6927.614892901754
BKA,F22,8,6296.348025674149
BKA,F22,9,6198.602729195347
BKA,F22,10,7387.352525889921
BKA,F22,11,2868.4979393971475
BKA,F22,12,6964.215686301661
BKA,F22,13,6427.8164069559725
BKA,F22,14,7728.761335977356
BKA,F22,15,6883.675009773531
BKA,F22,16,7097.252102693536
BKA,F22,17,4969.588922932107
BKA,F22,18,6188.483016858207
BKA,F22,19,3414.596242965232
BKA,F22,20,6290.7144322473705
BKA,F22,21,7599.27964788526
BKA,F22,22,7151.60446782912
BKA,F22,23,6520.930215775032
BKA,F22,24,9791.89010411701
BKA,F22,25,6533.265206302669
BKA,F22,26,5933.87035048134
BKA,F22,27,2965.071080519644
BKA,F22,28,2892.557279621774
BKA,F22,29,6454.906706790378
BKA,F22,30,7118.347905083581
BKA,F23,1,3273.108851888756
BKA,F23,2,3110.083921327947
BKA,F23,3,3012.04793037436
BKA,F23,4,3355.6092108869725
BKA,F23,5,2998.436587195276
BKA,F23,6,3319.440951714356
BKA,F23,7,3182.890253535652
BKA,F23,8,3075.1381149563176
BKA,F23,9,3073.791601387173
BKA,F23,10,2964.8111246824087
BKA,F23,11,3012.448831534881
BKA,F23,12,3117.7554595680676
BKA,F23,13,3107.339691852184
BKA,F23,14,3085.2407497064896
BKA,F23,15,3061.0854808269987
BKA,F23,16,3138.3946274260516
BKA,F23,17,3148.5978285167885
BKA,F23,18,3138.7189429756736
BKA,F23,19,3226.75376252946
BKA,F23,20,3175.883404133566
BKA,F23,21,3203.4622688595427
BKA,F23,22,3142.2647113794173
BKA,F23,23,3129.100058983624
BKA,F23,24,3233.3812918987073
BKA,F23,25,3221.79885301301
BKA,F23,26,3240.098996796007
BKA,F23,27,3280.7467512133594
BKA,F23,28,3195.144974036595
BKA,F23,29,3192.112773005788
BKA,F23,30,3058.5332125600225
BKA,F24,1,3156.451080021949
BKA,F24,2,3380.850850306733
BKA,F24,3,3424.7652148253824
BKA,F24,4,3540.407934024799
BKA,F24,5,3192.688840321828
BKA,F24,6,3119.5895107994734
BKA,F24,7,3369.036653658984
BKA,F24,8,3527.1678854576576
BKA,F24,9,3339.435874249307
BKA,F24,10,3207.2421654940545
BKA,F24,11,3159.2755547204983
BKA,F24,12,3329.6354482460356
BKA,F24,13,3501.565917785648
BKA,F24,14,3066.190053014864
BKA,F24,15,3423.3635470455474
BKA,F24,16,3161.7059557616
BKA,F24,17,3298.0765554863983
BKA,F24,18,3277.5820585719725
BKA,F24,19,3224.8474318288418
BKA,F24,20,3437.4872805325194
BKA,F24,21,3291.3023055056033
BKA,F24,22,3309.5394036879547
BKA,F24,23,3247.3308547460256
BKA,F24,24,3484.5237069462296
BKA,F24,25,3388.0633757032892
BKA,F24,26,3282.1372039424477
BKA,F24,27,3393.931706380613
BKA,F24,28,3236.652061678451
BKA,F24,29,3127.1169013220297
BKA,F24,30,3193.547674184856
BKA,F25,1,3091.9787959437845
BKA,F25,2,3342.1781202637076
BKA,F25,3,3058.256567507816
BKA,F25,4,5446.606645727925
BKA,F25,5,3106.3103689086493
BKA,F25,6,3021.0348118681914
BKA,F25,7,2919.3821479183903
BKA,F25,8,3123.5733693857574
BKA,F25,9,3037.9787175797765
BKA,F25,10,3049.1898923575377
BKA,F25,11,3053.929318231266
BKA,F25,12,3115.479445340915
BKA,F25,13,3022.511010180987
BKA,F25,14,3148.222184147043
BKA,F25,15,3456.379114721441
BKA,F25,16,3336.4360577423026
BKA,F25,17,3079.0432222524464
BKA,F25,18,3690.80356442564
BKA,F25,19,3141.819344957805
BKA,F25,20,3016.7336156272695
BKA,F25,21,3024.623293651426
BKA,F25,22,3107.872798522194
BKA,F25,23,3090.5780089838436
BKA,F25,24,4022.285963254718
BKA,F25,25,3028.9256130665653
BKA,F25,26,3007.1793941841543
BKA,F25,27,3279.379045165051
BKA,F25,28,3086.7579942168295
BKA,F25,29,3633.031965230086
BKA,F25,30,3224.6301674745505
BKA,F26,1,8316.503805687353
BKA,F26,2,7070.890054351649
BKA,F26,3,7889.336652968197
BKA,F26,4,8738.194699653272
BKA,F26,5,8720.954262198902
BKA,F26,6,7986.644746369765
BKA,F26,7,8784.985836377633
BKA,F26,8,8555.15072507432
BKA,F26,9,8290.860114568137
BKA,F26,10,9022.433389939184
BKA,F26,11,7412.131414689335
BKA,F26,12,7159.388738100293
BKA,F26,13,8374.333212632046
BKA,F26,14,8661.383416125167
BKA,F26,15,6365.914338392085
BKA,F26,16,5335.638314120291
BKA,F26,17,7637.939092206147
BKA,F26,18,7850.285617536182
BKA,F26,19,7642.606663812963
BKA,F26,20,7925.323229533456
BKA,F26,21,8040.385047120621
BKA,F26,22,4127.639369661368
BKA,F26,23,5242.115665803991
BKA,F26,24,8622.868426594734
BKA,F26,25,8726.039890486674
BKA,F26,26,9237.821806914666
BKA,F26,27,9166.562309002255
BKA,F26,28,7950.154880307004
BKA,F26,29,7741.9659472866715
BKA,F26,30,8796.323448602203
BKA,F27,1,3470.5991229159645
BKA,F27,2,3323.6253102603355
BKA,F27,3,3311.663547212232
BKA,F27,4,4054.558229430115
BKA,F27,5,3335.3321432646944
BKA,F27,6,3407.4642324024517
BKA,F27,7,3435.5181244195155
BKA,F27,8,3351.565500344042
BKA,F27,9,3366.5022338103117
BKA,F27,10,3524.366331869612
BKA,F27,11,3565.0871626563626
BKA,F27,12,3485.0432011334733
BKA,F27,13,3437.820637840741
BKA,F27,14,3433.8074751714416
BKA,F27,15,3403.251588472207
BKA,F27,16,3332.8847777457277
BKA,F27,17,3587.5842266350655
BKA,F27,18,3713.0394873092564
BKA,F27,19,3571.5096785803185
BKA,F27,20,3382.8142296959863
BKA,F27,21,3411.829709602581
BKA,F27,22,3338.718383753714
BKA,F27,23,3268.708127666894
BKA,F27,24,3567.1630160585046
BKA,F27,25,3458.972053379009
BKA,F27,26,3584.9216754816007
BKA,F27,27,3349.819500617289
BKA,F27,28,3706.197815616974
BKA,F27,29,3329.28130065638
BKA,F27,30,3291.0488136560193
BKA,F28,1,3880.871120830336
BKA,F28,2,3434.2325810287025
BKA,F28,3,3597.818283617052
BKA,F28,4,7073.330885789258
BKA,F28,5,3544.9131489613137
BKA,F28,6,3528.331864574422
BKA,F28,7,3590.3918936653545
BKA,F28,8,3759.6708845628837
BKA,F28,9,3977.8959706374835
BKA,F28,10,3621.9586047738644
BKA,F28,11,3675.131093712298
BKA,F28,12,3482.1176580621086
BKA,F28,13,4011.259131849967
BKA,F28,14,3556.15014638905
BKA,F28,15,3463.533118582163
BKA,F28,16,3609.079614580239
BKA,F28,17,4182.074749354477
BKA,F28,18,3522.640424201689
BKA,F28,19,3500.490695582053
BKA,F28,20,3571.021087107967
BKA,F28,21,3793.7166836180054
BKA,F28,22,3521.7804113534694
BKA,F28,23,3634.4737751188295
BKA,F28,24,6410.593341788119
BKA,F28,25,3768.468431371138
BKA,F28,26,3439.6245354508396
BKA,F28,27,3719.5299477645112
BKA,F28,28,4474.641852946581
BKA,F28,29,4593.738345839558
BKA,F28,30,3484.01850779307
BKA,F29,1,4579.2425287463375
BKA,F29,2,4982.383282089875
BKA,F29,3,4164.892308136825
BKA,F29,4,5439.988356578448
BKA,F29,5,4637.855783485812
BKA,F29,6,4567.498034622825
BKA,F29,7,4564.363663030697
BKA,F29,8,4590.398927773224
BKA,F29,9,4766.358038277297
BKA,F29,10,4906.441909794049
BKA,F29,11,4881.143002114439
BKA,F29,12,4421.676421023518
BKA,F29,13,5482.323128174201
BKA,F29,14,5341.911778346475
BKA,F29,15,4654.420597617234
BKA,F29,16,5356.95562541436
BKA,F29,17,4738.898433876722
BKA,F29,18,4368.497053847694
BKA,F29,19,4715.947015981123
BKA,F29,20,4522.4125268460775
BKA,F29,21,4666.537091549426
BKA,F29,22,4502.816505844138
BKA,F29,23,5094.454329925495
BKA,F29,24,5243.55119603545
BKA,F29,25,4195.106769127603
BKA,F29,26,5317.1226133611835
BKA,F29,27,4930.113808525157
BKA,F29,28,5045.678079658855
BKA,F29,29,4745.958716581957
BKA,F29,30,5101.576549929769
BKA,F30,1,3681991.3934128936
BKA,F30,2,190091.60166866332
BKA,F30,3,1142602.666111717
BKA,F30,4,215183170.8273213
BKA,F30,5,371012.0646059643
BKA,F30,6,4394150.994219826
BKA,F30,7,3572806.580502615
BKA,F30,8,3013832.6334901033
BKA,F30,9,450377.40571073315
BKA,F30,10,1456078.6515278765
BKA,F30,11,2411658.5909531508
BKA,F30,12,2973613.15148126
BKA,F30,13,5948041.67195171
BKA,F30,14,2428893.992869016
BKA,F30,15,2675667.220408907
BKA,F30,16,4037106.7531959815
BKA,F30,17,1987271.374507349
BKA,F30,18,1098184.4694732213
BKA,F30,19,1705046.9114489981
BKA,F30,20,1537027.3700736351
BKA,F30,21,3027478.3661954207
BKA,F30,22,3378146.796183957
BKA,F30,23,390760.7387185251
BKA,F30,24,61219568.52847576
BKA,F30,25,2246664.940078305
BKA,F30,26,1393212.5939517021
BKA,F30,27,1412642.5084956521
BKA,F30,28,508001.31777384004
BKA,F30,29,3381322.081924245
BKA,F30,30,1898694.9792007138
HROA,F1,1,846435926.2601345
HROA,F1,2,1399467010.4638214
HROA,F1,3,2667338506.745143
HROA,F1,4,823141742.7252042
HROA,F1,5,2234068925.5650134
HROA,F1,6,1670690678.8805704
HROA,F1,7,1558906641.0651524
HROA,F1,8,1350307582.8914142
HROA,F1,9,1303223609.0923848
HROA,F1,10,1417117263.142436
HROA,F1,11,1921651246.6835048
HROA,F1,12,605795579.0632327
HROA,F1,13,880040218.3753163
HROA,F1,14,2664427293.908696
HROA,F1,15,1847578434.9171984
HROA,F1,16,1383972601.3928146
HROA,F1,17,1392098694.30266
HROA,F1,18,677215042.2318296
HROA,F1,19,1376470900.4006028
HROA,F1,20,1548992292.6791253
HROA,F1,21,2166477618.1448793
HROA,F1,22,1678081750.2004974
HROA,F1,23,1205952364.9547765
HROA,F1,24,1889614330.711951
HROA,F1,25,1816607003.217072
HROA,F1,26,2361632009.1862392
HROA,F1,27,1770829149.9731028
HROA,F1,28,960319396.6100028
HROA,F1,29,1354545531.287446
HROA,F1,30,1161929420.1792018
HROA,F3,1,69628.2116617933
HROA,F3,2,88514.62781115087
HROA,F3,3,60033.54718459308
HROA,F3,4,61312.295747537915
HROA,F3,5,80338.52603659239
HROA,F3,6,69148.99548343677
HROA,F3,7,57210.267571436496
HROA,F3,8,66096.759192744
HROA,F3,9,56130.12335432296
HROA,F3,10,101068.685833848
HROA,F3,11,82612.54600212937
HROA,F3,12,86944.29280956628
HROA,F3,13,48809.33136229888
HROA,F3,14,59023.195485651515
HROA,F3,15,57075.799470033846
HROA,F3,16,64720.00388528464
HROA,F3,17,64158.61021723086
HROA,F3,18,47509.87188740456
HROA,F3,19,66858.0363380926
HROA,F3,20,85816.06545183217
HROA,F3,21,77204.09915742931
HROA,F3,22,72499.50164354892
HROA,F3,23,82593.86531121771
HROA,F3,24,51311.736771658354
HROA,F3,25,71385.50858007956
HROA,F3,26,54284.25554797206
HROA,F3,27,64233.52055751601
HROA,F3,28,64331.03182827508
HROA,F3,29,61827.71756924055
HROA,F3,30,62319.66416169107
HROA,F4,1,740.5866074856597
HROA,F4,2,740.869849924625
HROA,F4,3,765.7282925638434
HROA,F4,4,826.7146702940804
HROA,F4,5,665.394877383915
HROA,F4,6,664.9692955902062
HROA,F4,7,629.40820129379
HROA,F4,8,759.3836694288661
HROA,F4,9,842.0934528497849
HROA,F4,10,590.9343147312254
HROA,F4,11,741.7580866811686
HROA,F4,12,793.8169513231437
HROA,F4,13,652.1752721065145
HROA,F4,14,767.1423718939553
HROA,F4,15,740.9427662136488
HROA,F4,16,737.8884986706797
HROA,F4,17,718.2327723039425
HROA,F4,18,724.4232292210799
HROA,F4,19,735.2440100661241
HROA,F4,20,643.2975376353952
HROA,F4,21,766.7845728800125
HROA,F4,22,661.3729821792477
HROA,F4,23,675.5772491369055
HROA,F4,24,602.4595291210043
HROA,F4,25,658.113053912169
HROA,F4,26,762.6212501050095
HROA,F4,27,732.3829805077
HROA,F4,28,805.8911296486501
HROA,F4,29,722.3146687835551
HROA,F4,30,830.3961696469757
HROA,F5,1,686.3467977604191
HROA,F5,2,690.5895092660455
HROA,F5,3,679.0829417435635
HROA,F5,4,690.49431711405
HROA,F5,5,668.0106345516857
HROA,F5,6,688.9613808815403
HROA,F5,7,703.159020769329
HROA,F5,8,699.5823017784644
HROA,F5,9,712.7883626210806
HROA,F5,10,688.7991279856883
HROA,F5,11,707.1863054765361
HROA,F5,12,660.6932855311552
HROA,F5,13,688.5473105113937
HROA,F5,14,670.352838288044
HROA,F5,15,694.6921488136342
HROA,F5,16,696.1851922525716
HROA,F5,17,710.7290101256308
HROA,F5,18,660.1799989076002
HROA,F5,19,680.6189790292119
HROA,F5,20,705.7003264059458
HROA,F5,21,685.0864260378653
HROA,F5,22,699.4394315242159
HROA,F5,23,712.590986007389
HROA,F5,24,660.9500559334502
HROA,F5,25,719.6019140073756
HROA,F5,26,676.0180212289299
HROA,F5,27,697.749650948341
HROA,F5,28,669.9024431514272
HROA,F5,29,712.4892216699942
HROA,F5,30,692.947533163368
HROA,F6,1,614.8178192665769
HROA,F6,2,616.4567488129913
HROA,F6,3,612.6266074373104
HROA,F6,4,614.8868502810847
HROA,F6,5,612.8602710461575
HROA,F6,6,613.039677875319
HROA,F6,7,613.0373921828391
HROA,F6,8,615.2189094584737
HROA,F6,9,613.0593819908045
HROA,F6,10,617.2971806748178
HROA,F6,11,621.2136687023038
HROA,F6,12,611.1098880790305
HROA,F6,13,615.7765913624195
HROA,F6,14,619.6718343405049
HROA,F6,15,616.1726797859901
HROA,F6,16,619.2237948680155
HROA,F6,17,626.5497584112868
HROA,F6,18,615.3133230424446
HROA,F6,19,619.0474456044
HROA,F6,20,613.2294147515133
HROA,F6,21,616.5988965523857
HROA,F6,22,612.8714604221044
HROA,F6,23,613.3069564844772
HROA,F6,24,619.2714649720102
HROA,F6,25,618.0856675350805
HROA,F6,26,614.2729594788561
HROA,F6,27,617.9796534264381
HROA,F6,28,616.340100021451
HROA,F6,29,618.0955477448712
HROA,F6,30,617.0543847918858
HROA,F7,1,935.3414803434049
HROA,F7,2,1020.7944227877083
HROA,F7,3,918.9524143155697
HROA,F7,4,922.6436627841142
HROA,F7,5,964.2669282820477
HROA,F7,6,992.552881643066
HROA,F7,7,916.4318937514414
HROA,F7,8,939.1254900961517
HROA,F7,9,930.5596590955088
HROA,F7,10,913.9177854125433
HROA,F7,11,935.0460296905663
HROA,F7,12,947.5609025548576
HROA,F7,13,975.8859568314839
HROA,F7,14,973.4379789526932
HROA,F7,15,973.658345238339
HROA,F7,16,960.6158114937912
HROA,F7,17,936.7482880222
HROA,F7,18,900.1595240467515
HROA,F7,19,947.2817053837084
HROA,F7,20,944.7815589410995
HROA,F7,21,972.1606375792155
HROA,F7,22,929.5125403304471
HROA,F7,23,919.5550690090595
HROA,F7,24,904.993131558876
HROA,F7,25,933.2063850074444
HROA,F7,26,918.0296226657429
HROA,F7,27,958.9056843580598
HROA,F7,28,950.7613946897384
HROA,F7,29,955.5837227846134
HROA,F7,30,956.746164380531
HROA,F8,1,978.3056694433399
HROA,F8,2,1019.6281844799457
HROA,F8,3,1005.5421301220376
HROA,F8,4,980.725585964944
HROA,F8,5,1010.6611798398039
HROA,F8,6,966.5865933184721
HROA,F8,7,971.6014407933748
HROA,F8,8,997.3522794420919
HROA,F8,9,970.2312668964271
HROA,F8,10,958.6780606547993
HROA,F8,11,980.5796852001117
HROA,F8,12,980.3766606732012
HROA,F8,13,966.3313702639163
HROA,F8,14,977.4405280695789
HROA,F8,15,974.7114141207678
HROA,F8,16,975.7231557147627
HROA,F8,17,990.0064210887679
HROA,F8,18,955.140545156376
HROA,F8,19,988.007623373272
HROA,F8,20,990.2953081130703
HROA,F8,21,969.7887754495446
HROA,F8,22,1004.8005465896057
HROA,F8,23,976.2379894023152
HROA,F8,24,989.4156039585612
HROA,F8,25,958.1785683512837
HROA,F8,26,998.5595024072666
HROA,F8,27,996.5091024078747
HROA,F8,28,957.8163218200119
HROA,F8,29,962.2902665450249
HROA,F8,30,1005.0637643143912
HROA,F9,1,1352.5524204630303
HROA,F9,2,3322.7383885498793
HROA,F9,3,1762.180557025867
HROA,F9,4,1798.3610905941546
HROA,F9,5,1571.0214146030553
HROA,F9,6,1933.2113081762934
HROA,F9,7,2917.3859823622515
HROA,F9,8,1814.4705086042682
HROA,F9,9,3855.3139988199505
HROA,F9,10,2102.9706922585883
HROA,F9,11,1926.319990712655
HROA,F9,12,2214.7916525951655
HROA,F9,13,1929.4999308623644
HROA,F9,14,2642.3925401703827
HROA,F9,15,2362.3633577841624
HROA,F9,16,2176.7586549045704
HROA,F9,17,3809.292814636249
HROA,F9,18,2114.867092417691
HROA,F9,19,3091.778437081774
HROA,F9,20,2375.5579638348963
HROA,F9,21,2856.97804386404
HROA,F9,22,2080.6428830753366
HROA,F9,23,3416.613465946925
HROA,F9,24,2773.9078296640146
HROA,F9,25,2633.1415201837017
HROA,F9,26,1847.9830275020304
HROA,F9,27,2342.2311357954786
HROA,F9,28,3138.318572174966
HROA,F9,29,2702.3242261559576
HROA,F9,30,3292.812680263537
HROA,F10,1,7294.000240681711
HROA,F10,2,6586.4543925354465
HROA,F10,3,6692.839427747236
HROA,F10,4,7056.921631776526
HROA,F10,5,7141.231573508303
HROA,F10,6,6821.403572719826
HROA,F10,7,6863.561661547614
HROA,F10,8,7292.2894854412125
HROA,F10,9,6334.45896775274
HROA,F10,10,6856.941433537938
HROA,F10,11,6997.233413482502
HROA,F10,12,7477.048223666511
HROA,F10,13,6355.3691454171985
HROA,F10,14,7106.26794794162
HROA,F10,15,6934.258835939533
HROA,F10,16,6620.351528394413
HROA,F10,17,6343.23280973372
HROA,F10,18,6288.232366807336
HROA,F10,19,6720.634121883768
HROA,F10,20,7293.593027569658
HROA,F10,21,6465.547083375449
HROA,F10,22,6465.7291430719915
HROA,F10,23,6907.1844395399185
HROA,F10,24,7188.622982883987
HROA,F10,25,7210.594322574799
HROA,F10,26,6795.499039607438
HROA,F10,27,7342.05835833028
HROA,F10,28,6882.653306537681
HROA,F10,29,6897.6509362792
HROA,F10,30,6851.008223688903
HROA,F11,1,1706.7215270032252
HROA,F11,2,1783.7733386116151
HROA,F11,3,1662.9492673754753
HROA,F11,4,1572.5863398116335
HROA,F11,5,2027.9427109975445
HROA,F11,6,2302.9018765730743
HROA,F11,7,1466.4584278455927
HROA,F11,8,1610.2633787376633
HROA,F11,9,1939.6483813346767
HROA,F11,10,2533.653503856737
HROA,F11,11,2352.05743431071
HROA,F11,12,1998.3271821046667
HROA,F11,13,2119.6242054835193
HROA,F11,14,1552.4120049553876
HROA,F11,15,1978.9000271999719
HROA,F11,16,1863.4078283386248
HROA,F11,17,1725.825669104057
HROA,F11,18,2314.2052984995485
HROA,F11,19,1452.0390389730553
HROA,F11,20,1635.1340711702583
HROA,F11,21,3460.911427684508
HROA,F11,22,2443.7305977605256
HROA,F11,23,1552.8059773187179
HROA,F11,24,1479.7208794328526
HROA,F11,25,1676.1624816232597
HROA,F11,26,1604.9744184254205
HROA,F11,27,1714.6194924886304
HROA,F11,28,2403.7362176537204
HROA,F11,29,1839.2470367109745
HROA,F11,30,2021.2417302915812
HROA,F12,1,74778900.5325839
HROA,F12,2,90468393.04437312
HROA,F12,3,42863536.65589752
HROA,F12,4,45198877.05737526
HROA,F12,5,40256874.86734499
HROA,F12,6,65548369.03421282
HROA,F12,7,13180044.57188864
HROA,F12,8,44210913.88979002
HROA,F12,9,21215505.696765147
HROA,F12,10,21241847.013228945
HROA,F12,11,27438948.45593175
HROA,F12,12,27996314.979235772
HROA,F12,13,16324583.369922765
HROA,F12,14,115892274.46541286
HROA,F12,15,89096130.92676163
HROA,F12,16,33514462.935557403
HROA,F12,17,38729423.10450565
HROA,F12,18,34638387.694854446
HROA,F12,19,24474720.106813498
HROA,F12,20,19488591.40452148
HROA,F12,21,25860221.70493014
HROA,F12,22,6481821.2467141645
HROA,F12,23,22647275.49491758
HROA,F12,24,12067390.634101704
HROA,F12,25,72215527.32338576
HROA,F12,26,10734176.261131668
HROA,F12,27,26602671.697481547
HROA,F12,28,45900203.73134887
HROA,F12,29,13682849.9468008
HROA,F12,30,18841321.333568547
HROA,F13,1,735794.820969491
HROA,F13,2,468545.61926653626
HROA,F13,3,6843812.554649088
HROA,F13,4,4661165.058354481
HROA,F13,5,18602159.281964753
HROA,F13,6,5545060.174346757
HROA,F13,7,15499855.766471276
HROA,F13,8,3830682.575972226
HROA,F13,9,2437762.4905776777
HROA,F13,10,99424.78532445329
HROA,F13,11,154265.91854539557
HROA,F13,12,23254447.982270394
HROA,F13,13,1920834.0830259542
HROA,F13,14,3001057.657888574
HROA,F13,15,1142423.4947715355
HROA,F13,16,2154967.906421207
HROA,F13,17,405524.6930094392
HROA,F13,18,531463.6709450106
HROA,F13,19,3741310.2784355106
HROA,F13,20,9054634.74220791
HROA,F13,21,973009.1113515188
HROA,F13,22,13687964.694245622
HROA,F13,23,915694.2435685893
HROA,F13,24,7358185.096509894
HROA,F13,25,2173561.7701833877
HROA,F13,26,2100407.5511834263
HROA,F13,27,1834436.183325278
HROA,F13,28,532778.5780272563
HROA,F13,29,8888484.022891266
HROA,F13,30,149876.62595546097
HROA,F14,1,102526.26610009985
HROA,F14,2,222954.9921067515
HROA,F14,3,617575.2616051427
HROA,F14,4,65786.74596681427
HROA,F14,5,142248.47922319948
HROA,F14,6,1346593.629391185
HROA,F14,7,1355227.438939107
HROA,F14,8,193532.56796807278
HROA,F14,9,495636.15943303047
HROA,F14,10,1279426.7240774445
HROA,F14,11,474526.88507600164
HROA,F14,12,425219.2314439445
HROA,F14,13,827507.9109464375
HROA,F14,14,1734116.002094045
HROA,F14,15,1433606.168178121
HROA,F14,16,1426700.0716193302
HROA,F14,17,327227.039201092
HROA,F14,18,59367.34173130571
HROA,F14,19,339139.4824302479
HROA,F14,20,1114093.4302799574
HROA,F14,21,946722.4120339417
HROA,F14,22,955010.344550258
HROA,F14,23,598527.0306108705
HROA,F14,24,814146.3436496728
HROA,F14,25,284308.97286470444
HROA,F14,26,82496.00655973074
HROA,F14,27,291845.7548892824
HROA,F14,28,308538.2002548012
HROA,F14,29,386127.050967207
HROA,F14,30,600307.1144888886
HROA,F15,1,65084.511964028294
HROA,F15,2,135701.00964247322
HROA,F15,3,374862.3729832602
HROA,F15,4,2976686.3915423136
HROA,F15,5,8245181.022840627
HROA,F15,6,573572.1491808089
HROA,F15,7,96561.15466710123
HROA,F15,8,24437.058244846878
HROA,F15,9,16196.285235995032
HROA,F15,10,196470.02141746818
HROA,F15,11,60559.37801047589
HROA,F15,12,848082.3805871693
HROA,F15,13,74544.27941925742
HROA,F15,14,5304271.888614773
HROA,F15,15,7823626.462603011
HROA,F15,16,3905585.5993465143
HROA,F15,17,6679747.519879832
HROA,F15,18,926800.5908933701
HROA,F15,19,1264602.5930495143
HROA,F15,20,5034213.736728922
HROA,F15,21,772840.2244808474
HROA,F15,22,256976.49611347142
HROA,F15,23,3301475.8613677723
HROA,F15,24,94278.04945404673
HROA,F15,25,127386.0483687411
HROA,F15,26,5088149.583010643
HROA,F15,27,769162.9451828058
HROA,F15,28,382228.17972392606
HROA,F15,29,2841299.6725769285
HROA,F15,30,271435.9926033805
HROA,F16,1,3558.343269714689
HROA,F16,2,3197.5899155057
HROA,F16,3,3671.9556180500053
HROA,F16,4,3265.412495739117
HROA,F16,5,3826.388822507204
HROA,F16,6,3523.284156758907
HROA,F16,7,3382.9887944994002
HROA,F16,8,3125.4282564732866
HROA,F16,9,3387.234911150415
HROA,F16,10,3440.0863348373978
HROA,F16,11,2831.1318531530724
HROA,F16,12,3513.709053725538
HROA,F16,13,3629.566882874608
HROA,F16,14,3332.1179986624684
HROA,F16,15,3375.3959855868743
HROA,F16,16,3572.1441541019044
HROA,F16,17,3372.3967649162287
HROA,F16,18,3510.3745606494354
HROA,F16,19,3242.843800083888
HROA,F16,20,3452.888977165473
HROA,F16,21,3426.81131804697
HROA,F16,22,3406.513463169166
HROA,F16,23,3394.5702386667876
HROA,F16,24,3506.6088883936027
HROA,F16,25,3592.502395538198
HROA,F16,26,3203.323601285137
HROA,F16,27,3340.054761555851
HROA,F16,28,3410.3121026780914
HROA,F16,29,3274.7294894379766
HROA,F16,30,3560.59199880451
HROA,F17,1,2464.5786317994057
HROA,F17,2,2246.0006863288636
HROA,F17,3,2205.81218859692
HROA,F17,4,2453.466910049216
HROA,F17,5,2346.809953226253
HROA,F17,6,2596.916694592892
HROA,F17,7,2527.043895448962
HROA,F17,8,2226.3495396038707
HROA,F17,9,2361.551301020788
HROA,F17,10,2360.954750337886
HROA,F17,11,2240.3862031512663
HROA,F17,12,2478.8556438942096
HROA,F17,13,2446.031478720444
HROA,F17,14,2389.2719044461605
HROA,F17,15,2325.5957156809363
HROA,F17,16,2611.067563007021
HROA,F17,17,2196.195621275445
HROA,F17,18,2546.955099767753
HROA,F17,19,2459.3698817000736
HROA,F17,20,2589.8012508571537
HROA,F17,21,2312.01378256188
HROA,F17,22,2540.3563310988684
HROA,F17,23,2360.450319795794
HROA,F17,24,2511.992627246601
HROA,F17,25,2385.6832918875334
HROA,F17,26,2643.4673358285695
HROA,F17,27,2615.8340941075467
HROA,F17,28,2545.1390895240606
HROA,F17,29,2444.059535397555
HROA,F17,30,2368.785865275754
HROA,F18,1,2338786.0289602843
HROA,F18,2,388979.06248165196
HROA,F18,3,222053.6256446435
HROA,F18,4,1079770.5794024707
HROA,F18,5,471132.5848805369
HROA,F18,6,307246.49574359495
HROA,F18,7,423954.9462200166
HROA,F18,8,1306424.2368411566
HROA,F18,9,358088.576001268
HROA,F18,10,721248.1489825745
HROA,F18,11,232675.04026021657
HROA,F18,12,870190.5297373722
HROA,F18,13,281997.3371550845
HROA,F18,14,689636.7421867171
HROA,F18,15,482092.85031435906
HROA,F18,16,518522.94088978955
HROA,F18,17,207353.34579449243
HROA,F18,18,364894.90750989865
HROA,F18,19,3292301.173290852
HROA,F18,20,300970.99507817323
HROA,F18,21,807675.4219995805
HROA,F18,22,475015.3196459575
HROA,F18,23,825101.6414867613
HROA,F18,24,390955.5145892173
HROA,F18,25,2947712.7844922873
HROA,F18,26,1147383.5379874674
HROA,F18,27,422586.4045013139
HROA,F18,28,272410.7172687577
HROA,F18,29,728008.7597190586
HROA,F18,30,701080.7372142469
HROA,F19,1,1446073.9304560262
HROA,F19,2,6631317.998432123
HROA,F19,3,16863935.16468042
HROA,F19,4,256547.29130063465
HROA,F19,5,10402973.521296987
HROA,F19,6,8806860.99135628
HROA,F19,7,4896443.833200392
HROA,F19,8,207918.77081034408
HROA,F19,9,4729147.76794693
HROA,F19,10,833333.7174560224
HROA,F19,11,730090.0083135335
HROA,F19,12,1165355.6077607744
HROA,F19,13,10121425.540201977
HROA,F19,14,4860270.360287623
HROA,F19,15,1476822.2472733033
HROA,F19,16,1989032.3520819827
HROA,F19,17,1681894.8554752348
HROA,F19,18,5843706.58980247
HROA,F19,19,1173022.1885097208
HROA,F19,20,1546509.1959798394
HROA,F19,21,1676193.7644510574
HROA,F19,22,366040.3543342442
HROA,F19,23,2775004.2647146727
HROA,F19,24,9999172.909831148
HROA,F19,25,2845307.94470051
HROA,F19,26,2274500.196654867
HROA,F19,27,5379337.724446872
HROA,F19,28,194907.39077129163
HROA,F19,29,3820347.3321184264
HROA,F19,30,2632270.8223415893
HROA,F20,1,2745.3774017464293
HROA,F20,2,2750.712104981214
HROA,F20,3,3202.0955303065703
HROA,F20,4,3248.1964882215325
HROA,F20,5,2454.498394429531
HROA,F20,6,2754.011824483948
HROA,F20,7,2683.928801779978
HROA,F20,8,2933.350694327244
HROA,F20,9,2879.3054326499437
HROA,F20,10,2821.139875515474
HROA,F20,11,2610.195001281446
HROA,F20,12,2886.288239066571
HROA,F20,13,2913.9579075717475
HROA,F20,14,2968.0672700985715
HROA,F20,15,2946.933302952176
HROA,F20,16,2883.817338286354
HROA,F20,17,2678.2956156863493
HROA,F20,18,2822.4092219592108
HROA,F20,19,2867.4653233610243
HROA,F20,20,2936.677682006899
HROA,F20,21,2628.051879299409
HROA,F20,22,2780.588922965954
HROA,F20,23,3020.8414941870255
HROA,F20,24,2825.9048674509995
HROA,F20,25,2903.643500830707
HROA,F20,26,2622.2882161935668
HROA,F20,27,2817.2628622704065
HROA,F20,28,2904.6714219604496
HROA,F20,29,2734.0556517230298
HROA,F20,30,2788.2729224918894
HROA,F21,1,2500.217612717441
HROA,F21,2,2477.849100217909
HROA,F21,3,2504.8466212234507
HROA,F21,4,2475.4049784269755
HROA,F21,5,2461.077037956334
HROA,F21,6,2492.646127806591
HROA,F21,7,2471.419688321936
HROA,F21,8,2495.527114215378
HROA,F21,9,2477.3640881946094
HROA,F21,10,2455.2961546750475
HROA,F21,11,2496.879556336492
HROA,F21,12,2475.1668290019375
HROA,F21,13,2478.3108516428697
HROA,F21,14,2523.942539265271
HROA,F21,15,2475.3357221682154
HROA,F21,16,2479.5013389274754
HROA,F21,17,2486.498362819493
HROA,F21,18,2511.4693579276254
HROA,F21,19,2474.6101182982493
HROA,F21,20,2477.0174619231007
HROA,F21,21,2472.724305598276
HROA,F21,22,2502.419539564509
HROA,F21,23,2482.9761953337925
HROA,F21,24,2488.511068507978
HROA,F21,25,2512.8552569856015
HROA,F21,26,2474.1333872947203
HROA,F21,27,2469.067204736822
HROA,F21,28,2475.667247304884
HROA,F21,29,2470.775838575459
HROA,F21,30,2500.5166898768252
HROA,F22,1,7978.9476352119555
HROA,F22,2,2602.2276944951477
HROA,F22,3,2698.8805606489195
HROA,F22,4,2538.891405541843
HROA,F22,5,4497.9920130358905
HROA,F22,6,2661.53494187179
HROA,F22,7,4212.129597152042
HROA,F22,8,3103.8488840332475
HROA,F22,9,3060.9145805778653
HROA,F22,10,8300.553981946352
HROA,F22,11,2875.7775852800323
HROA,F22,12,2705.6350008033924
HROA,F22,13,2648.018498185226
HROA,F22,14,2509.2246430920613
HROA,F22,15,2665.751730535866
HROA,F22,16,3101.78204835945
HROA,F22,17,3023.610432507535
HROA,F22,18,2586.587633209181
HROA,F22,19,3015.307637971604
HROA,F22,20,2752.5584488199365
HROA,F22,21,6126.641540658515
HROA,F22,22,2761.085128665488
HROA,F22,23,3002.7598312231826
HROA,F22,24,8039.993343176342
HROA,F22,25,3881.1195315355453
HROA,F22,26,8729.739576546359
HROA,F22,27,3293.38051467348
HROA,F22,28,2756.1492942000114
HROA,F22,29,6229.025301774477
HROA,F22,30,5471.194708361542
HROA,F23,1,2817.0635911000695
HROA,F23,2,2844.945968092047
HROA,F23,3,2873.729213992729
HROA,F23,4,2831.642078351966
HROA,F23,5,2876.4361046167223
HROA,F23,6,2862.7806843499557
HROA,F23,7,2895.1324589966953
HROA,F23,8,2829.314821958642
HROA,F23,9,2830.5082982583335
HROA,F23,10,2849.715365818498
HROA,F23,11,2883.153323423726
HROA,F23,12,2852.4370367852716
HROA,F23,13,2859.5689193126454
HROA,F23,14,2822.0304433343426
HROA,F23,15,2855.96391808343
HROA,F23,16,2853.3477820984463
HROA,F23,17,2858.4044834177544
HROA,F23,18,2841.118166917321
HROA,F23,19,2871.1093401487874
HROA,F23,20,2852.4642146346596
HROA,F23,21,2863.940071646305
HROA,F23,22,2888.6632678583674
HROA,F23,23,2847.8045550643137
HROA,F23,24,2824.7740658566704
HROA,F23,25,2835.6071234638457
HROA,F23,26,2862.447346446541
HROA,F23,27,2833.096324116681
HROA,F23,28,2843.8098099074814
HROA,F23,29,2860.8999601016926
HROA,F23,30,2863.3271465065295
HROA,F24,1,3117.7455295891714
HROA,F24,2,3073.198764417853
HROA,F24,3,3070.306432158509
HROA,F24,4,3081.9818301275327
HROA,F24,5,3187.602392239578
HROA,F24,6,3063.005131109881
HROA,F24,7,3046.7118024886063
HROA,F24,8,3092.016863169822
HROA,F24,9,3093.148488431342
HROA,F24,10,3063.469833596157
HROA,F24,11,3040.854811196111
HROA,F24,12,3121.514439544316
HROA,F24,13,3092.9324849084737
HROA,F24,14,3094.000750110223
HROA,F24,15,3129.916191643587
HROA,F24,16,3081.9769787774094
HROA,F24,17,3075.1993234605425
HROA,F24,18,3044.6209082446694
HROA,F24,19,3059.053072406982
HROA,F24,20,3056.9753484313437
HROA,F24,21,3033.6744394985603
HROA,F24,22,2994.4588607772685
HROA,F24,23,3042.3944457352472
HROA,F24,24,3011.021438470787
HROA,F24,25,3093.5939733807245
HROA,F24,26,3052.197639503545
HROA,F24,27,3058.9870622111957
HROA,F24,28,3094.207958264864
HROA,F24,29,3057.493663294171
HROA,F24,30,3040.9415507800886
HROA,F25,1,3043.984510045789
HROA,F25,2,3057.012144856677
HROA,F25,3,3066.535269498402
HROA,F25,4,3093.0628177667595
HROA,F25,5,3041.9041117677957
HROA,F25,6,3070.5267380467167
HROA,F25,7,3081.586818292116
HROA,F25,8,3001.18213348465
HROA,F25,9,3051.9153571803404
HROA,F25,10,2999.059550383734
HROA,F25,11,3059.62169539963
HROA,F25,12,3107.3946543791317
HROA,F25,13,3059.2941359577035
HROA,F25,14,3057.5067642298027
HROA,F25,15,3021.9116936539276
HROA,F25,16,3167.7871521309107
HROA,F25,17,3066.0861296632706
HROA,F25,18,3090.995782864278
HROA,F25,19,3101.5179203238868
HROA,F25,20,3003.856671985406
HROA,F25,21,3111.9717798876727
HROA,F25,22,3044.186912932727
HROA,F25,23,3028.595081766679
HROA,F25,24,3037.0775622501064
HROA,F25,25,3054.53447228171
HROA,F25,26,3090.5033135443055
HROA,F25,27,3075.955845704205
HROA,F25,28,2992.5994496918715
HROA,F25,29,3105.374781802736
HROA,F25,30,3106.762379930279
HROA,F26,1,5696.312677332822
HROA,F26,2,6089.008444436311
HROA,F26,3,5475.580360763462
HROA,F26,4,5033.850783787306
HROA,F26,5,5597.066866735992
HROA,F26,6,6123.156928952291
HROA,F26,7,5216.264355166813
HROA,F26,8,4306.313486151857
HROA,F26,9,5974.473249663054
HROA,F26,10,5984.127170387437
HROA,F26,11,5800.316080105205
HROA,F26,12,6614.591267915439
HROA,F26,13,3961.611201970308
HROA,F26,14,5601.910246863021
HROA,F26,15,5952.186678852851
HROA,F26,16,5570.027184394622
HROA,F26,17,6259.062142374465
HROA,F26,18,5951.560773243558
HROA,F26,19,5991.525337288102
HROA,F26,20,4017.0472195689013
HROA,F26,21,6192.645899458865
HROA,F26,22,7043.166151073569
HROA,F26,23,5724.804033651364
HROA,F26,24,4578.138024115629
HROA,F26,25,6257.903888563941
HROA,F26,26,4168.954241563665
HROA,F26,27,5856.574593301306
HROA,F26,28,6299.718947510105
HROA,F26,29,5666.5073822986105
HROA,F26,30,5806.408068100284
HROA,F27,1,3288.1451422522014
HROA,F27,2,3284.095725925402
HROA,F27,3,3303.1241224381897
HROA,F27,4,3268.767682218874
HROA,F27,5,3284.83673764604
HROA,F27,6,3260.2270903828366
HROA,F27,7,3284.1098480219625
HROA,F27,8,3267.1988030226025
HROA,F27,9,3274.034226115952
HROA,F27,10,3291.6372007263226
HROA,F27,11,3282.019630602623
HROA,F27,12,3251.8927192581823
HROA,F27,13,3317.3111041247257
HROA,F27,14,3279.8867842260943
HROA,F27,15,3287.121672174882
HROA,F27,16,3279.1188701450646
HROA,F27,17,3264.875217673873
HROA,F27,18,3300.0767424762366
HROA,F27,19,3292.3217984268786
HROA,F27,20,3303.750459432332
HROA,F27,21,3266.255498977224
HROA,F27,22,3314.3375503797924
HROA,F27,23,3287.181527852849
HROA,F27,24,3321.827201522034
HROA,F27,25,3283.8584691151277
HROA,F27,26,3299.2864648868913
HROA,F27,27,3295.8599609491025
HROA,F27,28,3289.570619001718
HROA,F27,29,3281.4478713840504
HROA,F27,30,3296.767358979389
HROA,F28,1,3510.0836223853435
HROA,F28,2,3401.789707382007
HROA,F28,3,3555.318872376569
HROA,F28,4,3530.676784653513
HROA,F28,5,3390.250262552162
HROA,F28,6,3572.542850661616
HROA,F28,7,3486.7990366197337
HROA,F28,8,3642.3516518087254
HROA,F28,9,3563.328526680425
HROA,F28,10,3526.1794612464814
HROA,F28,11,3600.807090866413
HROA,F28,12,3508.7408080821283
HROA,F28,13,3399.461360961894
HROA,F28,14,3537.352998664778
HROA,F28,15,3579.1535263056157
HROA,F28,16,3432.3994809752867
HROA,F28,17,3575.6718219684653
HROA,F28,18,3604.6390012949137
HROA,F28,19,3436.392072363191
HROA,F28,20,3649.5249894885646
HROA,F28,21,3496.869907450395
HROA,F28,22,3446.7948346210533
HROA,F28,23,3450.0780936887286
HROA,F28,24,3913.523719073235
HROA,F28,25,3409.2317509338777
HROA,F28,26,3479.1296666339194
HROA,F28,27,3440.9448747778465
HROA,F28,28,3525.816733320769
HROA,F28,29,3638.0652822327215
HROA,F28,30,3423.0156663544385
HROA,F29,1,4417.693253435092
HROA,F29,2,4041.86876300338
HROA,F29,3,4195.415384619733
HROA,F29,4,4160.557975938446
HROA,F29,5,3977.078173043268
HROA,F29,6,3817.821636173609
HROA,F29,7,4064.7563045437564
HROA,F29,8,3908.4774563578385
HROA,F29,9,4427.398552218756
HROA,F29,10,4481.48781652379
HROA,F29,11,4277.6299323842395
HROA,F29,12,4163.9453567758765
HROA,F29,13,4321.413265746346
HROA,F29,14,4328.866239728695
HROA,F29,15,3964.921371319492
HROA,F29,16,4397.448589654653
HROA,F29,17,4036.758827292979
HROA,F29,18,4451.268170228518
HROA,F29,19,4305.60156858783
HROA,F29,20,4563.1424627591805
HROA,F29,21,4380.396478751161
HROA,F29,22,4214.2637149003
HROA,F29,23,4180.116299363047
HROA,F29,24,4089.32592865867
HROA,F29,25,4332.75661392074
HROA,F29,26,4356.393089887314
HROA,F29,27,4307.8355904866985
HROA,F29,28,4346.358686861539
HROA,F29,29,4425.212464656458
HROA,F29,30,4053.940517303287
HROA,F30,1,397686.9347225126
HROA,F30,2,4076451.8383178823
HROA,F30,3,1451072.2800716728
HROA,F30,4,1759240.4706168822
HROA,F30,5,3833522.956998027
HROA,F30,6,2181918.066220899
HROA,F30,7,558404.8146147786
HROA,F30,8,754876.8639822693
HROA,F30,9,2137217.2499508373
HROA,F30,10,1818380.6570246369
HROA,F30,11,482924.87140742864
HROA,F30,12,1534771.3319422319
HROA,F30,13,1314762.1192335088
HROA,F30,14,4066186.0570250642
HROA,F30,15,409160.81017148163
HROA,F30,16,3428290.1575223575
HROA,F30,17,4606872.161363589
HROA,F30,18,231089.70503474202
HROA,F30,19,2522740.2493009223
HROA,F30,20,1647122.6768970238
HROA,F30,21,923021.0694640202
HROA,F30,22,2778621.1156036034
HROA,F30,23,3179680.566137782
HROA,F30,24,2634941.5293294108
HROA,F30,25,1775431.1829573698
HROA,F30,26,2714638.5825363896
HROA,F30,27,2216150.3809127845
HROA,F30,28,2613910.678553947
HROA,F30,29,467530.8079234316
HROA,F30,30,91105.61109810586
DBA,F1,1,8279150323.649269
DBA,F1,2,5765613306.3505
DBA,F1,3,10656124811.699163
DBA,F1,4,11832231144.25405
DBA,F1,5,9266886620.953943
DBA,F1,6,12698965474.450397
DBA,F1,7,11710283731.149275
DBA,F1,8,13408565423.385118
DBA,F1,9,9446707545.885489
DBA,F1,10,5758690477.034133
DBA,F1,11,12028483152.454891
DBA,F1,12,13161707511.278017
DBA,F1,13,4378212578.090156
DBA,F1,14,10522534547.23303
DBA,F1,15,12634963094.76772
DBA,F1,16,17667403449.448624
DBA,F1,17,9034938673.687685
DBA,F1,18,11811587676.177294
DBA,F1,19,8540967093.488197
DBA,F1,20,9598409381.43793
DBA,F1,21,9555263570.746536
DBA,F1,22,10405367024.138794
DBA,F1,23,7641406197.14917
DBA,F1,24,6634162612.974051
DBA,F1,25,8293428951.902009
DBA,F1,26,10763577684.558046
DBA,F1,27,13421468988.32093
DBA,F1,28,11889828202.119646
DBA,F1,29,4342672193.236781
DBA,F1,30,11012169831.481012
DBA,F3,1,67619.43109843302
DBA,F3,2,80086.23167934908
DBA,F3,3,79107.61838313074
DBA,F3,4,64606.993757188226
DBA,F3,5,64012.25166477247
DBA,F3,6,76589.02581811523
DBA,F3,7,78349.87712571997
DBA,F3,8,82286.54753813392
DBA,F3,9,71009.67337074994
DBA,F3,10,63316.32345399143
DBA,F3,11,67340.75669396315
DBA,F3,12,73928.34482336922
DBA,F3,13,65352.349430081886
DBA,F3,14,65170.00955846894
DBA,F3,15,80947.77964136524
DBA,F3,16,68792.35000272046
DBA,F3,17,77112.43391385379
DBA,F3,18,73857.2985754028
DBA,F3,19,59913.49895003012
DBA,F3,20,82673.25664696883
DBA,F3,21,68162.00215502144
DBA,F3,22,73750.5900122191
DBA,F3,23,59679.42272953757
DBA,F3,24,81104.7908453309
DBA,F3,25,64666.079094284636
DBA,F3,26,73397.72655133036
DBA,F3,27,55419.439051069494
DBA,F3,28,77202.47962462273
DBA,F3,29,74248.25604459588
DBA,F3,30,71382.08738405853
DBA,F4,1,3129.7527441456714
DBA,F4,2,2072.9453811723242
DBA,F4,3,2366.8662878420355
DBA,F4,4,3345.465138260261
DBA,F4,5,2481.1718518905964
DBA,F4,6,2126.601908105059
DBA,F4,7,3329.0879700306214
DBA,F4,8,1223.3705831640827
DBA,F4,9,2001.8686396972214
DBA,F4,10,3594.6443407563415
DBA,F4,11,2153.624914215183
DBA,F4,12,2532.409526683447
DBA,F4,13,2593.606126872212
DBA,F4,14,2780.576822865623
DBA,F4,15,2257.35992154044
DBA,F4,16,3209.2230425947705
DBA,F4,17,2214.2625669639183
DBA,F4,18,2546.6645928371872
DBA,F4,19,1845.9359051130302
DBA,F4,20,3814.113306779703
DBA,F4,21,2100.8217957215534
DBA,F4,22,2107.7140599751856
DBA,F4,23,2450.024060791305
DBA,F4,24,2046.5837719910708
DBA,F4,25,2666.3235263341576
DBA,F4,26,2754.341306254262
DBA,F4,27,3404.5826228747424
DBA,F4,28,2191.1856780371936
DBA,F4,29,2715.0694924111144
DBA,F4,30,2745.791001865529
DBA,F5,1,726.7411800847057
DBA,F5,2,766.8141339523922
DBA,F5,3,743.694590666489
DBA,F5,4,800.3303649884515
DBA,F5,5,788.2914782805772
DBA,F5,6,799.8175701496582
DBA,F5,7,754.6275292459595
DBA,F5,8,794.4677456712568
DBA,F5,9,794.596774976697
DBA,F5,10,760.0351316303186
DBA,F5,11,778.6209698813947
DBA,F5,12,779.215132472528
DBA,F5,13,815.5425569595
DBA,F5,14,747.6497662203761
DBA,F5,15,783.1180743616917
DBA,F5,16,772.9805304414916
DBA,F5,17,771.0992995543244
DBA,F5,18,758.640394344705
DBA,F5,19,743.9536854044098
DBA,F5,20,742.4564103417833
DBA,F5,21,745.0673614693817
DBA,F5,22,779.7758855894436
DBA,F5,23,731.4953450242066
DBA,F5,24,716.3005267562844
DBA,F5,25,794.8083101429729
DBA,F5,26,744.3160629815654
DBA,F5,27,809.606821162143
DBA,F5,28,736.4067678944443
DBA,F5,29,739.0494912464497
DBA,F5,30,759.5961652566054
DBA,F6,1,666.2798907014338
DBA,F6,2,660.7776473854962
DBA,F6,3,667.3515598751627
DBA,F6,4,669.2819536299678
DBA,F6,5,672.1799213331375
DBA,F6,6,669.9385180298382
DBA,F6,7,667.1679756592794
DBA,F6,8,672.9846738816734
DBA,F6,9,666.193507487556
DBA,F6,10,663.9273527234313
DBA,F6,11,668.2627059429356
DBA,F6,12,665.2798445488293
DBA,F6,13,669.2803021169016
DBA,F6,14,666.2682987005278
DBA,F6,15,659.8382711852302
DBA,F6,16,664.9648752474068
DBA,F6,17,671.1244393529344
DBA,F6,18,665.2157565316072
DBA,F6,19,667.8593410136299
DBA,F6,20,673.1121505738333
DBA,F6,21,668.4089968655543
DBA,F6,22,661.619736510174
DBA,F6,23,666.2673142047912
DBA,F6,24,666.471168261681
DBA,F6,25,669.8172243914025
DBA,F6,26,673.0892236979357
DBA,F6,27,664.3705456975629
DBA,F6,28,663.2751831218358
DBA,F6,29,669.1497070142234
DBA,F6,30,671.4675028928832
DBA,F7,1,1356.9716540331628
DBA,F7,2,1356.7211585392206
DBA,F7,3,1356.1494461050033
DBA,F7,4,1303.5453364980294
DBA,F7,5,1349.278361374254
DBA,F7,6,1308.704747603948
DBA,F7,7,1270.313565327252
DBA,F7,8,1310.5325021985825
DBA,F7,9,1332.7814171817154
DBA,F7,10,1237.41878248382
DBA,F7,11,1314.2701790230421
DBA,F7,12,1369.2504106753395
DBA,F7,13,1302.1207049060981
DBA,F7,14,1300.6560111686194
DBA,F7,15,1378.6203226603318
DBA,F7,16,1342.3186863250885
DBA,F7,17,1356.2841691227038
DBA,F7,18,1363.0875450700541
DBA,F7,19,1355.7516281141095
DBA,F7,20,1353.4058485502906
DBA,F7,21,1401.8601851475423
DBA,F7,22,1348.9027855963805
DBA,F7,23,1336.1957118805276
DBA,F7,24,1278.13457117921
DBA,F7,25,1346.0749402572196
DBA,F7,26,1345.5450989812994
DBA,F7,27,1329.4661377015927
DBA,F7,28,1330.20237961207
DBA,F7,29,1332.1747825214943
DBA,F7,30,1347.5159017110577
DBA,F8,1,980.9842166604989
DBA,F8,2,993.6880179531047
DBA,F8,3,1026.1053717669965
DBA,F8,4,1005.8822443950421
DBA,F8,5,979.3459502795383
DBA,F8,6,1002.1842463055937
DBA,F8,7,938.4441322438406
DBA,F8,8,999.9688903303255
DBA,F8,9,1002.9612379545065
DBA,F8,10,947.5386353315662
DBA,F8,11,991.1196476206637
DBA,F8,12,996.1523989767776
DBA,F8,13,992.7811682291212
DBA,F8,14,965.6110305475369
DBA,F8,15,990.2820362835815
DBA,F8,16,936.3267898380527
DBA,F8,17,997.5066633641096
DBA,F8,18,991.6121272559923
DBA,F8,19,991.1980663413922
DBA,F8,20,969.7856184458694
DBA,F8,21,1016.5848499138601
DBA,F8,22,973.6978270578943
DBA,F8,23,1003.588951613443
DBA,F8,24,954.4399266489637
DBA,F8,25,989.9525046910987
DBA,F8,26,978.8620075968292
DBA,F8,27,997.9844781373662
DBA,F8,28,990.0329795801935
DBA,F8,29,984.8614872973138
DBA,F8,30,996.0358180984038
DBA,F9,1,7478.423552843687
DBA,F9,2,7620.781905286912
DBA,F9,3,7039.673336558961
DBA,F9,4,6056.749697412547
DBA,F9,5,6674.536633164094
DBA,F9,6,7144.615692105047
DBA,F9,7,7166.880994454581
DBA,F9,8,7641.777323760418
DBA,F9,9,7475.701146631318
DBA,F9,10,7887.695381236818
DBA,F9,11,6292.452091704846
DBA,F9,12,6487.164392647587
DBA,F9,13,7055.1095076220445
DBA,F9,14,7706.807710836406
DBA,F9,15,8146.726919464464
DBA,F9,16,7288.207497797774
DBA,F9,17,6235.633967760048
DBA,F9,18,8340.15690412901
DBA,F9,19,7306.291810676298
DBA,F9,20,7697.464227535645
DBA,F9,21,6592.267678641743
DBA,F9,22,6504.254917416107
DBA,F9,23,7534.831918717107
DBA,F9,24,8160.348871120034
DBA,F9,25,6761.799753238299
DBA,F9,26,7435.83363916399
DBA,F9,27,7784.771830392387
DBA,F9,28,7364.850611689044
DBA,F9,29,6947.419838566063
DBA,F9,30,6866.832844524921
DBA,F10,1,6277.9045934582855
DBA,F10,2,6089.77612316736
DBA,F10,3,5523.656162128909
DBA,F10,4,5514.793171508169
DBA,F10,5,4998.697386808173
DBA,F10,6,3566.117132037478
DBA,F10,7,4953.384673167691
DBA,F10,8,5015.433332424453
DBA,F10,9,5266.2404901888585
DBA,F10,10,5122.353375659162
DBA,F10,11,5913.419510029853
DBA,F10,12,6179.395973753034
DBA,F10,13,5706.291972507634
DBA,F10,14,5535.16164227893
DBA,F10,15,4479.921525132368
DBA,F10,16,4566.11768382371
DBA,F10,17,5437.317658618914
DBA,F10,18,5479.298472351346
DBA,F10,19,5404.051897292781
DBA,F10,20,5855.413249627675
DBA,F10,21,5425.824483571804
DBA,F10,22,5270.875865964666
DBA,F10,23,4736.9148171852285
DBA,F10,24,5381.788921441175
DBA,F10,25,4993.154247164517
DBA,F10,26,4397.173710853289
DBA,F10,27,5405.223241859257
DBA,F10,28,5489.919543102291
DBA,F10,29,5259.639416849641
DBA,F10,30,5432.300219878377
DBA,F11,1,2745.4850486429623
DBA,F11,2,2264.543301202384
DBA,F11,3,3261.452161896852
DBA,F11,4,2429.4857464008405
DBA,F11,5,2758.1974195555476
DBA,F11,6,3467.4614554355844
DBA,F11,7,2993.062511978271
DBA,F11,8,2613.4534597739876
DBA,F11,9,3397.041303944782
DBA,F11,10,2301.8757811322025
DBA,F11,11,2341.5419433946145
DBA,F11,12,3317.870079611684
DBA,F11,13,2954.6753658844113
DBA,F11,14,2079.053857782291
DBA,F11,15,2257.639153543142
DBA,F11,16,3143.791049096749
DBA,F11,17,2104.8205363019424
DBA,F11,18,2108.553119306749
DBA,F11,19,2018.6306572045664
DBA,F11,20,2408.221716406739
DBA,F11,21,2100.0691913472
DBA,F11,22,3955.9966871359343
DBA,F11,23,2466.32433522908
DBA,F11,24,2148.0989634184425
DBA,F11,25,4217.729486671453
DBA,F11,26,2318.9486343869985
DBA,F11,27,2125.8725301257846
DBA,F11,28,3258.4758169011384
DBA,F11,29,2856.9380468111
DBA,F11,30,5032.91513141249
DBA,F12,1,601111427.9871066
DBA,F12,2,114586680.27999535
DBA,F12,3,752354553.0544727
DBA,F12,4,761661508.9362019
DBA,F12,5,1288970170.0834594
DBA,F12,6,240299188.3034698
DBA,F12,7,584670013.3266264
DBA,F12,8,710094726.6127336
DBA,F12,9,2161456152.17321
DBA,F12,10,920097046.144912
DBA,F12,11,1262281068.088226
DBA,F12,12,657338403.8409454
DBA,F12,13,1113488418.5464957
DBA,F12,14,859991844.250329
DBA,F12,15,1143511393.8954868
DBA,F12,16,1766462639.59241
DBA,F12,17,1284962925.7539668
DBA,F12,18,1703357558.8749816
DBA,F12,19,216243851.6507397
DBA,F12,20,515908254.5645548
DBA,F12,21,516045776.72421354
DBA,F12,22,1858089707.7755997
DBA,F12,23,1156583548.7733216
DBA,F12,24,1905151942.1232572
DBA,F12,25,648686485.5764786
DBA,F12,26,442934761.2663993
DBA,F12,27,1953222410.5877767
DBA,F12,28,1410727331.5777726
DBA,F12,29,1892908328.792425
DBA,F12,30,979907886.5008672
DBA,F13,1,159618196.55815706
DBA,F13,2,376501.4176766278
DBA,F13,3,262477886.8181737
DBA,F13,4,2174482.868433924
DBA,F13,5,66229581.627444774
DBA,F13,6,178915.85848340314
DBA,F13,7,155820667.35548392
DBA,F13,8,756191.1950616081
DBA,F13,9,32153192.93254843
DBA,F13,10,2181317.5135299484
DBA,F13,11,371926.7357741409
DBA,F13,12,6272218.94846971
DBA,F13,13,12454157.646167202
DBA,F13,14,85355854.92041852
DBA,F13,15,410828438.4361105
DBA,F13,16,4956379.870841756
DBA,F13,17,821544.6042459806
DBA,F13,18,420205846.6370849
DBA,F13,19,14565724.38930379
DBA,F13,20,3600536.196683019
DBA,F13,21,189978.26656918015
DBA,F13,22,1747912.902701851
DBA,F13,23,1236654.1319413218
DBA,F13,24,3821745.1795075713
DBA,F13,25,67056516.68413034
DBA,F13,26,433500.2821235348
DBA,F13,27,586978.753366034
DBA,F13,28,5594819.510137795
DBA,F13,29,13417239.132765345
DBA,F13,30,110657159.23641007
DBA,F14,1,695875.6083224687
DBA,F14,2,247443.99693524488
DBA,F14,3,268376.2987919852
DBA,F14,4,2650887.5684496635
DBA,F14,5,24266.299584912857
DBA,F14,6,1178166.7684159584
DBA,F14,7,960742.4172052407
DBA,F14,8,1036774.4660336752
DBA,F14,9,726039.8463939917
DBA,F14,10,378435.37572948396
DBA,F14,11,761554.4104242113
DBA,F14,12,109070.45542352601
DBA,F14,13,1442223.4725458967
DBA,F14,14,1845794.3155233688
DBA,F14,15,69246.17194529006
DBA,F14,16,1566194.4276943235
DBA,F14,17,1297965.6008279554
DBA,F14,18,840597.0119459768
DBA,F14,19,1633985.7317856906
DBA,F14,20,1006786.4814355823
DBA,F14,21,2846569.6339480127
DBA,F14,22,1278968.0546533251
DBA,F14,23,1763446.8784629696
DBA,F14,24,678996.1770041096
DBA,F14,25,1074250.483406027
DBA,F14,26,394615.4238395169
DBA,F14,27,2730506.3399926606
DBA,F14,28,2341101.3553676107
DBA,F14,29,1891810.8021902845
DBA,F14,30,1493239.8461869177
DBA,F15,1,32471.861096958903
DBA,F15,2,39666.37457572941
DBA,F15,3,32363.282298574028
DBA,F15,4,24745.22262535924
DBA,F15,5,24250.884643349076
DBA,F15,6,42142.19733475658
DBA,F15,7,49347.09901587038
DBA,F15,8,30715.185545245513
DBA,F15,9,31690.886964949103
DBA,F15,10,27417.91150817106
DBA,F15,11,21581.54843982763
DBA,F15,12,46671.08835769023
DBA,F15,13,22723.604753900472
DBA,F15,14,25285.43392302993
DBA,F15,15,52028.84522791869
DBA,F15,16,27787.54046961995
DBA,F15,17,27951.14326316239
DBA,F15,18,26078.96091279031
DBA,F15,19,21455.071263937727
DBA,F15,20,31307.223978701833
DBA,F15,21,21216.142002758803
DBA,F15,22,25283.372157988437
DBA,F15,23,29756.41656847532
DBA,F15,24,16602.91196703114
DBA,F15,25,20531.19879169422
DBA,F15,26,40973.16250094468
DBA,F15,27,26340.51318930745
DBA,F15,28,40440.09334393795
DBA,F15,29,37995.77014121007
DBA,F15,30,24937.98112311623
DBA,F16,1,4030.4459427340953
DBA,F16,2,3341.237788600005
DBA,F16,3,4157.412576269611
DBA,F16,4,4253.909608645208
DBA,F16,5,2961.374143650417
DBA,F16,6,3650.308197802398
DBA,F16,7,3854.6290595282558
DBA,F16,8,4011.955336538568
DBA,F16,9,2904.482570008926
DBA,F16,10,4250.819271461551
DBA,F16,11,3623.578344614275
DBA,F16,12,4453.697659308941
DBA,F16,13,4378.316164544523
DBA,F16,14,4593.669401748958
DBA,F16,15,4820.502464139789
DBA,F16,16,4081.1272190560503
DBA,F16,17,3819.0157270861146
DBA,F16,18,4464.028731864044
DBA,F16,19,3612.6503836653997
DBA,F16,20,3414.8633113354745
DBA,F16,21,3556.7268337063488
DBA,F16,22,2799.912636866391
DBA,F16,23,3503.7137526094107
DBA,F16,24,3928.7009778125093
DBA,F16,25,2962.8627554169684
DBA,F16,26,4298.552736571848
DBA,F16,27,3868.92693543347
DBA,F16,28,4352.264964931407
DBA,F16,29,3818.380033455256
DBA,F16,30,3315.520807128466
DBA,F17,1,2912.050583605601
DBA,F17,2,3192.3885143287926
DBA,F17,3,2237.47934308828
DBA,F17,4,2532.8960497848257
DBA,F17,5,2732.1608351776295
DBA,F17,6,2543.0726414271644
DBA,F17,7,2876.0626398977224
DBA,F17,8,2664.739089243745
DBA,F17,9,2611.6095287406533
DBA,F17,10,2025.744907915072
DBA,F17,11,2510.6487703060793
DBA,F17,12,2716.4010766828596
DBA,F17,13,3105.6950501638903
DBA,F17,14,2397.376528819394
DBA,F17,15,2332.700747079257
DBA,F17,16,2796.808546565664
DBA,F17,17,2684.541880555463
DBA,F17,18,2937.5205194565833
DBA,F17,19,2606.972986948896
DBA,F17,20,2882.3940056434617
DBA,F17,21,2080.5686363051027
DBA,F17,22,2948.2543166433306
DBA,F17,23,3027.6161546615717
DBA,F17,24,2380.432156082306
DBA,F17,25,2725.060365322608
DBA,F17,26,2285.060804156781
DBA,F17,27,2619.9716614049257
DBA,F17,28,2829.3005255957437
DBA,F17,29,3219.4513381481006
DBA,F17,30,3006.4940678705443
DBA,F18,1,3764444.6213354147
DBA,F18,2,7686290.761410822
DBA,F18,3,1881138.5501267395
DBA,F18,4,3124915.428804789
DBA,F18,5,6078284.036478421
DBA,F18,6,642755.9216604214
DBA,F18,7,5852828.834011291
DBA,F18,8,5912585.416545726
DBA,F18,9,1976051.8126719976
DBA,F18,10,2432104.7494181283
DBA,F18,11,3047511.3384912047
DBA,F18,12,3458108.488496689
DBA,F18,13,1754033.7667915265
DBA,F18,14,1372128.6873706135
DBA,F18,15,3570615.743798554
DBA,F18,16,3883439.596071031
DBA,F18,17,1590918.9920164975
DBA,F18,18,2864330.4074887796
DBA,F18,19,754198.1218065516
DBA,F18,20,2414157.8042645836
DBA,F18,21,922405.6576667504
DBA,F18,22,7145219.301407244
DBA,F18,23,778315.260718033
DBA,F18,24,5057140.540566906
DBA,F18,25,3070190.159880508
DBA,F18,26,3141386.949254937
DBA,F18,27,3016831.9244508957
DBA,F18,28,937485.7509655149
DBA,F18,29,4026689.2742745024
DBA,F18,30,1890597.958414891
DBA,F19,1,296232.9980090861
DBA,F19,2,1889681.3498258076
DBA,F19,3,62478.5835029094
DBA,F19,4,9260446.517247356
DBA,F19,5,180057.63766621714
DBA,F19,6,1135089.0596737165
DBA,F19,7,782814.1649742504
DBA,F19,8,3358277.8675770084
DBA,F19,9,2339011.7463737535
DBA,F19,10,676751.1166861241
DBA,F19,11,1901084.4738830207
DBA,F19,12,1364428.1298701002
DBA,F19,13,1160403.9737439058
DBA,F19,14,228042.34552066075
DBA,F19,15,2789544.583815022
DBA,F19,16,55871.66050634523
DBA,F19,17,821682.8343498822
DBA,F19,18,226958.29155723215
DBA,F19,19,482058.5617153478
DBA,F19,20,1183786.090319685
DBA,F19,21,1200394.1739308545
DBA,F19,22,621120.3797991712
DBA,F19,23,492018.2119639961
DBA,F19,24,1105141.622075019
DBA,F19,25,3162495.8100215713
DBA,F19,26,68935.80061997162
DBA,F19,27,1194927.9764707151
DBA,F19,28,1426809.4849039945
DBA,F19,29,1766914.6811529936
DBA,F19,30,1460574.2636659897
DBA,F20,1,2672.031440953575
DBA,F20,2,2978.747198072133
DBA,F20,3,2617.4259824123646
DBA,F20,4,2760.723388064239
DBA,F20,5,3146.9729593917964
DBA,F20,6,2531.191402506488
DBA,F20,7,3124.9781568359645
DBA,F20,8,2569.3236365607186
DBA,F20,9,2574.652631634814
DBA,F20,10,3131.1610731192286
DBA,F20,11,2747.5237479459965
DBA,F20,12,2545.9993842464437
DBA,F20,13,2534.8393327793115
DBA,F20,14,2760.793341288013
DBA,F20,15,3111.941058115178
DBA,F20,16,2936.693985859688
DBA,F20,17,2440.773982325305
DBA,F20,18,2567.2857356162035
DBA,F20,19,2441.8046614633395
DBA,F20,20,2563.8708372326378
DBA,F20,21,2965.367086475993
DBA,F20,22,2905.6571183967735
DBA,F20,23,3121.4233710737635
DBA,F20,24,2778.582594766344
DBA,F20,25,2957.829293240405
DBA,F20,26,2560.9426857834824
DBA,F20,27,3145.636274818818
DBA,F20,28,2755.3500979755145
DBA,F20,29,3117.021583235043
DBA,F20,30,2607.9517678512793
DBA,F21,1,2669.383307701207
DBA,F21,2,2639.6307157010006
DBA,F21,3,2552.5304803326644
DBA,F21,4,2603.8943727901037
DBA,F21,5,2501.4707736873333
DBA,F21,6,2527.9160658379756
DBA,F21,7,2560.409721029018
DBA,F21,8,2556.6158780926557
DBA,F21,9,2577.911021097186
DBA,F21,10,2614.2613202234115
DBA,F21,11,2614.1203431587
DBA,F21,12,2544.481901710825
DBA,F21,13,2654.698326950913
DBA,F21,14,2577.32506927206
DBA,F21,15,2540.8382098017546
DBA,F21,16,2610.0822197341336
DBA,F21,17,2497.1646507691303
DBA,F21,18,2484.154384334262
DBA,F21,19,2564.3660769111757
DBA,F21,20,2577.0029280492518
DBA,F21,21,2599.4486999205046
DBA,F21,22,2579.158403165243
DBA,F21,23,2519.95172515481
DBA,F21,24,2618.674030800124
DBA,F21,25,2556.5753357644303
DBA,F21,26,2618.6101079208906
DBA,F21,27,2555.672709821545
DBA,F21,28,2507.774560693404
DBA,F21,29,2610.7008646569134
DBA,F21,30,2569.8330062974032
DBA,F22,1,7190.633453749692
DBA,F22,2,7363.970750869821
DBA,F22,3,5265.14886368094
DBA,F22,4,7846.7179364062595
DBA,F22,5,6997.420832769528
DBA,F22,6,4219.667745258472
DBA,F22,7,7058.237562246607
DBA,F22,8,7571.525269784755
DBA,F22,9,7139.016499013146
DBA,F22,10,7393.824888205306
DBA,F22,11,8305.578999591004
DBA,F22,12,6613.877171764299
DBA,F22,13,6361.512584898193
DBA,F22,14,7418.917308739385
DBA,F22,15,7186.825877289234
DBA,F22,16,7625.215294703939
DBA,F22,17,5703.439648507581
DBA,F22,18,8146.561804035748
DBA,F22,19,7333.960247132195
DBA,F22,20,7484.439804509704
DBA,F22,21,7851.253208671662
DBA,F22,22,7122.889098725971
DBA,F22,23,6226.679883335072
DBA,F22,24,7255.911955440305
DBA,F22,25,7529.949307313122
DBA,F22,26,7428.86272987998
DBA,F22,27,6940.710561117335
DBA,F22,28,6453.4044273049485
DBA,F22,29,7542.9114860917925
DBA,F22,30,7844.795329254986
DBA,F23,1,3482.7957347236384
DBA,F23,2,3282.5617023385466
DBA,F23,3,3391.5061955780666
DBA,F23,4,3683.0712808822464
DBA,F23,5,3491.076418947212
DBA,F23,6,3569.784613939499
DBA,F23,7,3666.581432237637
DBA,F23,8,3568.6292314300094
DBA,F23,9,3480.1473788276826
DBA,F23,10,3265.774028026946
DBA,F23,11,3166.21643770833
DBA,F23,12,3209.2494267328198
DBA,F23,13,3420.10027767697
DBA,F23,14,3514.9242471695416
DBA,F23,15,3697.9382327029357
DBA,F23,16,3465.745169537403
DBA,F23,17,3376.9844686751658
DBA,F23,18,3333.7936089285804
DBA,F23,19,3354.7293198489847
DBA,F23,20,3254.0981073200473
DBA,F23,21,3219.357265307942
DBA,F23,22,3525.4874396727573
DBA,F23,23,3417.172630889538
DBA,F23,24,3802.0759292166867
DBA,F23,25,3445.5039650528306
DBA,F23,26,3674.7261202745212
DBA,F23,27,3678.8282014655306
DBA,F23,28,3562.3023118604133
DBA,F23,29,3469.1154892306613
DBA,F23,30,3477.381436206927
DBA,F24,1,3744.456164236364
DBA,F24,2,3771.480755843645
DBA,F24,3,3608.0205561263783
DBA,F24,4,3526.4494662673287
DBA,F24,5,3551.4780641439233
DBA,F24,6,3594.2473539878174
DBA,F24,7,3562.9816964288943
DBA,F24,8,3694.779753779756
DBA,F24,9,3647.9477151388596
DBA,F24,10,3591.6333284784605
DBA,F24,11,3544.729069448351
DBA,F24,12,3749.4456039768975
DBA,F24,13,3442.374844613779
DBA,F24,14,3626.950218965747
DBA,F24,15,3780.8633588795715
DBA,F24,16,3655.674813345133
DBA,F24,17,3724.3453966086545
DBA,F24,18,3514.7496277414675
DBA,F24,19,3652.54263534054
DBA,F24,20,3642.6304248358892
DBA,F24,21,3599.1713215651425
DBA,F24,22,3775.270307844017
DBA,F24,23,3544.689064063025
DBA,F24,24,3689.399953005843
DBA,F24,25,3642.167881175111
DBA,F24,26,3742.9624210532565
DBA,F24,27,3653.359935930028
DBA,F24,28,3890.0667550205376
DBA,F24,29,3490.5452078026997
DBA,F24,30,3890.108859499841
DBA,F25,1,3288.939725725408
DBA,F25,2,3172.1510484431965
DBA,F25,3,3163.3953887057805
DBA,F25,4,3242.515396866618
DBA,F25,5,3165.0248345954014
DBA,F25,6,3164.657437604853
DBA,F25,7,3133.6467430596563
DBA,F25,8,3096.303277545309
DBA,F25,9,3239.3336384805184
DBA,F25,10,3183.8712713563236
DBA,F25,11,3199.3510036053963
DBA,F25,12,3114.243933819179
DBA,F25,13,3129.232474662701
DBA,F25,14,3137.2862650098937
DBA,F25,15,3281.6594515910706
DBA,F25,16,3219.66626926777
DBA,F25,17,3117.987728602698
DBA,F25,18,3298.4627420535994
DBA,F25,19,3152.9037359505555
DBA,F25,20,3342.0147898221812
DBA,F25,21,3165.3585448576173
DBA,F25,22,3105.126521459049
DBA,F25,23,3172.765058386374
DBA,F25,24,3297.289332673076
DBA,F25,25,3304.380357618667
DBA,F25,26,3105.594837517982
DBA,F25,27,3204.5514618168595
DBA,F25,28,3135.2456581673255
DBA,F25,29,3308.610287514325
DBA,F25,30,3137.769214822349
DBA,F26,1,7944.177873805801
DBA,F26,2,8935.361390092807
DBA,F26,3,8224.519610965172
DBA,F26,4,7867.171077560336
DBA,F26,5,8459.161413464013
DBA,F26,6,9105.490008865165
DBA,F26,7,8161.341093359809
DBA,F26,8,9227.762944061267
DBA,F26,9,8746.767213233004
DBA,F26,10,8789.07378445598
DBA,F26,11,9103.775781332186
DBA,F26,12,9199.49934312209
DBA,F26,13,10115.987758926134
DBA,F26,14,8573.637766465803
DBA,F26,15,8474.059862623635
DBA,F26,16,9104.190215046738
DBA,F26,17,9582.565868183452
DBA,F26,18,8753.752920589824
DBA,F26,19,9762.572159928006
DBA,F26,20,7786.654246308917
DBA,F26,21,7507.106132898605
DBA,F26,22,9225.864590495923
DBA,F26,23,8720.89856848773
DBA,F26,24,8645.447785173177
DBA,F26,25,9042.670477696567
DBA,F26,26,8463.952478492338
DBA,F26,27,7989.863145252413
DBA,F26,28,9054.191014383687
DBA,F26,29,9021.155181213806
DBA,F26,30,7377.245482003428
DBA,F27,1,4306.933076635355
DBA,F27,2,4453.713531012451
DBA,F27,3,4469.579943501637
DBA,F27,4,4988.302304791114
DBA,F27,5,3987.0280305619144
DBA,F27,6,4108.614873060666
DBA,F27,7,4936.518772891515
DBA,F27,8,4540.762615852306
DBA,F27,9,4219.285185244376
DBA,F27,10,3789.5836846715756
DBA,F27,11,4099.178828771109
DBA,F27,12,4074.945502802939
DBA,F27,13,4714.24944881838
DBA,F27,14,4433.223832753245
DBA,F27,15,4278.751861190136
DBA,F27,16,4034.886402731959
DBA,F27,17,4948.512458509149
DBA,F27,18,4577.603708846331
DBA,F27,19,3720.8324531185453
DBA,F27,20,4052.9876730621613
DBA,F27,21,4797.505742665034
DBA,F27,22,4062.6968799749
DBA,F27,23,4000.8482783197974
DBA,F27,24,4227.383068496923
DBA,F27,25,4487.6441119487545
DBA,F27,26,4289.132762377535
DBA,F27,27,4594.781759020751
DBA,F27,28,4410.064308205487
DBA,F27,29,4252.77427254414
DBA,F27,30,3900.9752545547144
DBA,F28,1,4959.326591928029
DBA,F28,2,4263.690189547876
DBA,F28,3,4570.756720905576
DBA,F28,4,4548.564699473604
DBA,F28,5,4358.899993212182
DBA,F28,6,4156.27071787949
DBA,F28,7,3689.015666560506
DBA,F28,8,4659.378805865192
DBA,F28,9,4570.825429873468
DBA,F28,10,3972.3597276440987
DBA,F28,11,4125.1605301916115
DBA,F28,12,4528.631629812691
DBA,F28,13,4422.30942007335
DBA,F28,14,3987.0162421822233
DBA,F28,15,4179.287715141631
DBA,F28,16,3871.766156950517
DBA,F28,17,4221.442864118077
DBA,F28,18,4467.9290808956775
DBA,F28,19,4272.727139650942
DBA,F28,20,4815.55340602898
DBA,F28,21,4376.503527892022
DBA,F28,22,4174.853370806479
DBA,F28,23,4196.581960057284
DBA,F28,24,4478.536187382472
DBA,F28,25,4238.396359704805
DBA,F28,26,3790.415928278427
DBA,F28,27,4278.5906128559
DBA,F28,28,4400.778802278846
DBA,F28,29,4435.62147984117
DBA,F28,30,3832.4054102726404
DBA,F29,1,5492.058304216804
DBA,F29,2,5003.670493833386
DBA,F29,3,4748.111322961486
DBA,F29,4,5336.1991103432065
DBA,F29,5,5659.155092706785
DBA,F29,6,5173.613537944659
DBA,F29,7,4933.519797560539
DBA,F29,8,5738.961275328065
DBA,F29,9,5325.993321172287
DBA,F29,10,5991.332623410601
DBA,F29,11,4628.077059166084
DBA,F29,12,6222.6010700059815
DBA,F29,13,5975.95164781586
DBA,F29,14,4928.428365570793
DBA,F29,15,5568.640274612385
DBA,F29,16,4971.856659294942
DBA,F29,17,5841.451966077135
DBA,F29,18,5585.665540766671
DBA,F29,19,6131.082598684888
DBA,F29,20,5781.948950745889
DBA,F29,21,4744.009138933134
DBA,F29,22,5052.646360921099
DBA,F29,23,5465.578778868958
DBA,F29,24,6202.486267858789
DBA,F29,25,5172.47749248374
DBA,F29,26,5247.32963745955
DBA,F29,27,5321.985911167525
DBA,F29,28,5037.860523645499
DBA,F29,29,5697.146343488637
DBA,F29,30,6095.9092749987485
DBA,F30,1,13051229.6426886
DBA,F30,2,15610755.291104589
DBA,F30,3,21893599.382514194
DBA,F30,4,7505654.103291306
DBA,F30,5,5715394.2153912885
DBA,F30,6,11191052.210755613
DBA,F30,7,15858717.580565296
DBA,F30,8,23364778.36792657
DBA,F30,9,54012459.84591402
DBA,F30,10,12078851.385831429
DBA,F30,11,12580308.470466103
DBA,F30,12,3528631.1853040378
DBA,F30,13,11923200.672934383
DBA,F30,14,8696613.975226078
DBA,F30,15,4943987.7109674215
DBA,F30,16,16940126.331464604
DBA,F30,17,22928722.964446783
DBA,F30,18,15312650.404849589
DBA,F30,19,17166770.52805485
DBA,F30,20,30114942.001802556
DBA,F30,21,102555194.71964002
DBA,F30,22,32960392.362100456
DBA,F30,23,8959874.531919846
DBA,F30,24,22890632.867936622
DBA,F30,25,15033522.59751484
DBA,F30,26,17813970.10096007
DBA,F30,27,15555798.778615506
DBA,F30,28,4847138.143453185
DBA,F30,29,21823801.131622758
DBA,F30,30,17579720.20441342
POA,F1,1,32248082791.4211
POA,F1,2,24753518952.63963
POA,F1,3,28910346205.96152
POA,F1,4,32649006689.717457
POA,F1,5,33037574226.551537
POA,F1,6,29242050406.26729
POA,F1,7,23406558754.09306
POA,F1,8,39590684376.74092
POA,F1,9,30358077477.85248
POA,F1,10,35392390985.61505
POA,F1,11,34477730019.201904
POA,F1,12,28133529512.698277
POA,F1,13,35016032420.38789
POA,F1,14,34048488398.42326
POA,F1,15,30844832278.683483
POA,F1,16,23094933916.212013
POA,F1,17,33312512615.70469
POA,F1,18,20224556338.06851
POA,F1,19,28853928299.911594
POA,F1,20,35692015513.88479
POA,F1,21,30790464092.94761
POA,F1,22,31939864913.458206
POA,F1,23,34845927123.21944
POA,F1,24,29436876349.539726
POA,F1,25,38210981876.21412
POA,F1,26,24355580454.843716
POA,F1,27,31413032024.42581
POA,F1,28,33087515476.762035
POA,F1,29,34105210588.607143
POA,F1,30,33438093825.09711
POA,F3,1,250811.59873373088
POA,F3,2,266435.29372727236
POA,F3,3,250055.71027738397
POA,F3,4,209500.51892622135
POA,F3,5,262897.71904432296
POA,F3,6,205473.81841215008
POA,F3,7,217086.44097856022
POA,F3,8,196228.31865943756
POA,F3,9,233301.961602317
POA,F3,10,207161.79212334825
POA,F3,11,221490.34118271404
POA,F3,12,230081.18942800077
POA,F3,13,230714.30611323455
POA,F3,14,250921.1612428725
POA,F3,15,188242.37997407393
POA,F3,16,314129.6425930214
POA,F3,17,240247.26483848272
POA,F3,18,242809.0946456342
POA,F3,19,225385.0414762648
POA,F3,20,166952.05608803275
POA,F3,21,231825.39741389803
POA,F3,22,227111.97370349368
POA,F3,23,199009.77619815126
POA,F3,24,181663.32636680087
POA,F3,25,215788.38794651008
POA,F3,26,276180.8554091178
POA,F3,27,257398.62645611967
POA,F3,28,248169.70453287926
POA,F3,29,251777.36190156176
POA,F3,30,219747.95533315663
POA,F4,1,2634.6487560128744
POA,F4,2,2095.920605049578
POA,F4,3,2074.793127694175
POA,F4,4,1866.0670414161204
POA,F4,5,1987.3563995211698
POA,F4,6,2416.337175010721
POA,F4,7,2530.69560227242
POA,F4,8,2106.626661508585
POA,F4,9,1900.7400430943226
POA,F4,10,1578.3447021367172
POA,F4,11,1395.59640191576
POA,F4,12,1786.470738548585
POA,F4,13,1715.8702189652297
POA,F4,14,2133.556471133065
POA,F4,15,1221.6930167256141
POA,F4,16,2270.9773301262367
POA,F4,17,1534.52165227569
POA,F4,18,1914.1649905161134
POA,F4,19,2396.331242768726
POA,F4,20,2112.5282925333686
POA,F4,21,1856.4816038564784
POA,F4,22,2416.595635982703
POA,F4,23,1711.2519134916488
POA,F4,24,2183.7245242902554
POA,F4,25,1765.101819550955
POA,F4,26,1369.7715252504095
POA,F4,27,1769.575888123081
POA,F4,28,1863.5993505319445
POA,F4,29,2275.359580307665
POA,F4,30,3427.198100707647
POA,F5,1,853.0208820815267
POA,F5,2,848.04859648752
POA,F5,3,850.7459563929954
POA,F5,4,863.3900441550228
POA,F5,5,840.4430232978805
POA,F5,6,826.0389315458034
POA,F5,7,882.7378401974507
POA,F5,8,866.7010279022332
POA,F5,9,868.0954940317741
POA,F5,10,862.5415375108145
POA,F5,11,834.4961563733051
POA,F5,12,881.4154259809983
POA,F5,13,864.2869812968028
POA,F5,14,834.9850833730737
POA,F5,15,821.0971870285924
POA,F5,16,852.8187830955856
POA,F5,17,844.5247144703662
POA,F5,18,832.6561642218117
POA,F5,19,864.771717447738
POA,F5,20,845.1796656032686
POA,F5,21,873.7023669032003
POA,F5,22,826.2304434492148
POA,F5,23,882.594317480887
POA,F5,24,841.1700445190082
POA,F5,25,825.5225251608952
POA,F5,26,854.8370579763805
POA,F5,27,860.3630005120872
POA,F5,28,851.375930216696
POA,F5,29,866.4291851002398
POA,F5,30,877.1383350192314
POA,F6,1,655.9813714205604
POA,F6,2,665.6579092504212
POA,F6,3,653.2723425417653
POA,F6,4,656.2459783575888
POA,F6,5,661.7820330490747
POA,F6,6,658.671000485103
POA,F6,7,660.3357893936021
POA,F6,8,663.7435579396754
POA,F6,9,654.5030544877292
POA,F6,10,660.2694644422949
POA,F6,11,662.239625655519
POA,F6,12,655.1487251909787
POA,F6,13,652.2007418970913
POA,F6,14,666.4519522387379
POA,F6,15,661.6070168628764
POA,F6,16,666.1579540863705
POA,F6,17,660.8929764637275
POA,F6,18,656.4070584638285
POA,F6,19,648.592370257707
POA,F6,20,667.3756233300873
POA,F6,21,660.3625616135527
POA,F6,22,668.1393082970569
POA,F6,23,657.5661753243505
POA,F6,24,667.5485536055423
POA,F6,25,660.9713967231093
POA,F6,26,661.1294988833848
POA,F6,27,658.7267718348756
POA,F6,28,651.0289800256431
POA,F6,29,662.9886377026055
POA,F6,30,658.0490908641522
POA,F7,1,1876.2967520318307
POA,F7,2,1778.285178317672
POA,F7,3,1950.9123626296498
POA,F7,4,2105.7805621884586
POA,F7,5,1850.2905393233498
POA,F7,6,2016.8372864904975
POA,F7,7,2032.6008408677628
POA,F7,8,1920.694164558896
POA,F7,9,1905.5386578761863
POA,F7,10,1810.202725222246
POA,F7,11,1787.9180857889307
POA,F7,12,1884.6858504313223
POA,F7,13,1932.502354264069
POA,F7,14,1961.5282185210517
POA,F7,15,1924.66463455842
POA,F7,16,1915.4231339405135
POA,F7,17,1920.2922585576648
POA,F7,18,1991.4816244480085
POA,F7,19,1741.5409742737152
POA,F7,20,1862.8337176793793
POA,F7,21,1752.675747211583
POA,F7,22,1820.4005649339676
POA,F7,23,1883.8629085301807
POA,F7,24,1857.772820035327
POA,F7,25,1714.497778380215
POA,F7,26,1894.9600273011279
POA,F7,27,1947.2172158526407
POA,F7,28,2002.7162283723692
POA,F7,29,1989.236048205722
POA,F7,30,2156.6740369634285
POA,F8,1,1137.3730740364977
POA,F8,2,1129.6466558644242
POA,F8,3,1157.7250024989214
POA,F8,4,1159.1209637608208
POA,F8,5,1180.7583982828382
POA,F8,6,1160.6710599196795
POA,F8,7,1195.422635345572
POA,F8,8,1192.2998311998704
POA,F8,9,1167.329526063149
POA,F8,10,1158.1020414753834
POA,F8,11,1151.8126921273356
POA,F8,12,1169.5247295653028
POA,F8,13,1164.0342653130097
POA,F8,14,1171.411307840051
POA,F8,15,1171.492804160643
POA,F8,16,1163.0979160019217
POA,F8,17,1169.865737791424
POA,F8,18,1171.6896912378543
POA,F8,19,1171.5295622168162
POA,F8,20,1144.7568970681336
POA,F8,21,1155.689228209863
POA,F8,22,1146.6314495333506
POA,F8,23,1150.29167899916
POA,F8,24,1158.2290566001902
POA,F8,25,1182.49711779149
POA,F8,26,1174.1216757309678
POA,F8,27,1139.195512137393
POA,F8,28,1172.5196767557168
POA,F8,29,1169.8745788598762
POA,F8,30,1162.9791458912975
POA,F9,1,14694.315009732145
POA,F9,2,15869.677564915803
POA,F9,3,16115.547053036986
POA,F9,4,14180.997725884235
POA,F9,5,16669.028969365805
POA,F9,6,16879.503012708847
POA,F9,7,16495.61856731584
POA,F9,8,14570.87664395693
POA,F9,9,15255.715617892143
POA,F9,10,15652.970228640746
POA,F9,11,11650.408732509793
POA,F9,12,16271.540683301362
POA,F9,13,16808.706060384844
POA,F9,14,13638.344617889416
POA,F9,15,14219.710574190118
POA,F9,16,17534.914331062402
POA,F9,17,12477.185197516885
POA,F9,18,14747.941039485935
POA,F9,19,13934.598379026113
POA,F9,20,14633.96517437914
POA,F9,21,13197.651022737624
POA,F9,22,14584.634103357826
POA,F9,23,13171.681093455152
POA,F9,24,16470.731816488355
POA,F9,25,17568.67895233497
POA,F9,26,16581.422777341715
POA,F9,27,15052.997058570721
POA,F9,28,16536.407543230962
POA,F9,29,16161.253811812427
POA,F9,30,15611.29468415801
POA,F10,1,7654.02441954826
POA,F10,2,7745.02459600368
POA,F10,3,7448.522968662487
POA,F10,4,7683.381259414754
POA,F10,5,7774.0392689418395
POA,F10,6,7285.457644161615
POA,F10,7,7609.830110494116
POA,F10,8,6869.068987037518
POA,F10,9,7904.789176010984
POA,F10,10,7558.279212053969
POA,F10,11,7720.797221459575
POA,F10,12,7937.257179181847
POA,F10,13,7423.201348633775
POA,F10,14,7859.939207279738
POA,F10,15,8449.611684569096
POA,F10,16,7499.062627403037
POA,F10,17,8060.290261553372
POA,F10,18,7283.487053485001
POA,F10,19,7435.018819094726
POA,F10,20,7808.9905548868755
POA,F10,21,7293.06073659909
POA,F10,22,6996.251770641302
POA,F10,23,6909.477409806812
POA,F10,24,7265.899973204541
POA,F10,25,8578.561341636145
POA,F10,26,7888.85771919999
POA,F10,27,7597.745223275986
POA,F10,28,6975.470488083204
POA,F10,29,7665.593847161823
POA,F10,30,8004.157682235351
POA,F11,1,4348.849988883025
POA,F11,2,2809.4244338524422
POA,F11,3,2891.996704231963
POA,F11,4,3414.1125967193866
POA,F11,5,3488.01086463888
POA,F11,6,4379.804771348458
POA,F11,7,3000.791752015813
POA,F11,8,2742.8630549355003
POA,F11,9,3280.6682469184116
POA,F11,10,4401.628825691052
POA,F11,11,3164.1000866606937
POA,F11,12,4351.323228522837
POA,F11,13,3909.376964784034
POA,F11,14,2902.343998481473
POA,F11,15,2981.1214704571194
POA,F11,16,3775.851790357556
POA,F11,17,4166.118114951623
POA,F11,18,3878.789782053811
POA,F11,19,4676.962373117327
POA,F11,20,4751.001695633683
POA,F11,21,5126.5861869304645
POA,F11,22,2785.664347025908
POA,F11,23,4274.358202943934
POA,F11,24,4541.033287919348
POA,F11,25,3710.488128403865
POA,F11,26,2916.7450032597208
POA,F11,27,4748.280720796962
POA,F11,28,4308.849142632967
POA,F11,29,3185.020005958881
POA,F11,30,3072.16135025281
POA,F12,1,1357623309.0593133
POA,F12,2,767592689.642945
POA,F12,3,489556370.2022361
POA,F12,4,634786978.2758772
POA,F12,5,682440568.1114569
POA,F12,6,790534149.317108
POA,F12,7,1144181934.1944995
POA,F12,8,996339123.2966764
POA,F12,9,1212741740.2075453
POA,F12,10,1146208234.5593429
POA,F12,11,1258594992.6095858
POA,F12,12,911076268.6071246
POA,F12,13,754454633.8951766
POA,F12,14,1318186975.033354
POA,F12,15,945253690.8820359
POA,F12,16,1001500379.0589558
POA,F12,17,1090386688.3619049
POA,F12,18,1017747047.7449327
POA,F12,19,1164729980.6928036
POA,F12,20,647817091.505583
POA,F12,21,1023352154.8974214
POA,F12,22,1305485961.869413
POA,F12,23,969400200.9650828
POA,F12,24,1043531275.307492
POA,F12,25,1206999910.9086792
POA,F12,26,942539495.3442888
POA,F12,27,880843184.892758
POA,F12,28,570000437.9992492
POA,F12,29,742853124.2992961
POA,F12,30,887863956.6787884
POA,F13,1,90744559.97837245
POA,F13,2,66497912.55163712
POA,F13,3,74512220.11813469
POA,F13,4,90452976.9884553
POA,F13,5,92278839.33042464
POA,F13,6,168655404.16428453
POA,F13,7,69901262.83649457
POA,F13,8,164769586.55554643
POA,F13,9,119993320.35327968
POA,F13,10,121191448.3013907
POA,F13,11,126574478.37765223
POA,F13,12,89954303.65371399
POA,F13,13,73493036.58628657
POA,F13,14,114211293.34909965
POA,F13,15,155714919.89890552
POA,F13,16,66266797.16626047
POA,F13,17,35249383.515864305
POA,F13,18,81605321.25707144
POA,F13,19,127638209.9077671
POA,F13,20,43262832.46819469
POA,F13,21,60284659.0889231
POA,F13,22,110825254.17010546
POA,F13,23,50352700.17287446
POA,F13,24,204207559.27406257
POA,F13,25,98173254.67928934
POA,F13,26,109271440.84420252
POA,F13,27,33395757.668996397
POA,F13,28,48363678.79363281
POA,F13,29,99002807.41107859
POA,F13,30,126581506.83237539
POA,F14,1,389484.56729223253
POA,F14,2,562938.3144883504
POA,F14,3,77778.94875022062
POA,F14,4,76450.88696197476
POA,F14,5,119502.04940534482
POA,F14,6,349890.18381388404
POA,F14,7,402261.8037769196
POA,F14,8,319541.26385851344
POA,F14,9,237031.06189123457
POA,F14,10,399606.0341570151
POA,F14,11,467275.1876355657
POA,F14,12,498793.47214145854
POA,F14,13,275905.79031803604
POA,F14,14,312115.9067182047
POA,F14,15,384944.7170992495
POA,F14,16,658562.653344479
POA,F14,17,341758.7192086199
POA,F14,18,275501.2551855852
POA,F14,19,248453.8625699931
POA,F14,20,158562.24258773422
POA,F14,21,290735.9836722035
POA,F14,22,259135.97100667525
POA,F14,23,415577.39317875967
POA,F14,24,2616268.368898406
POA,F14,25,275879.3707507957
POA,F14,26,313923.5867859315
POA,F14,27,528392.6311870314
POA,F14,28,328972.5631646549
POA,F14,29,385982.51997348183
POA,F14,30,254644.3794861644
POA,F15,1,5582344.109651186
POA,F15,2,2538084.4110444766
POA,F15,3,4228338.758583689
POA,F15,4,2341223.5525957965
POA,F15,5,1864085.173010614
POA,F15,6,998864.6801606916
POA,F15,7,1237762.7914552796
POA,F15,8,3980016.969438476
POA,F15,9,1218672.666846695
POA,F15,10,759620.3359018284
POA,F15,11,2104717.0367578934
POA,F15,12,399037.1483978275
POA,F15,13,2575526.110202772
POA,F15,14,401448.57006165304
POA,F15,15,2450189.7870914936
POA,F15,16,4582262.910478555
POA,F15,17,3696000.5414980133
POA,F15,18,1998786.8971456164
POA,F15,19,653361.002664245
POA,F15,20,1294120.0917484255
POA,F15,21,475301.90833264904
POA,F15,22,1452052.266761405
POA,F15,23,2054056.4554946432
POA,F15,24,1937701.134835458
POA,F15,25,2818048.379105199
POA,F15,26,1668496.5708000914
POA,F15,27,3905263.5586937047
POA,F15,28,1233990.532339981
POA,F15,29,451828.7028699544
POA,F15,30,1926752.613939955
POA,F16,1,3330.6523843518016
POA,F16,2,3354.697515478233
POA,F16,3,3441.9968095381882
POA,F16,4,3694.534000583147
POA,F16,5,3371.1373297182854
POA,F16,6,3160.5826441546856
POA,F16,7,3810.1442248426706
POA,F16,8,3302.152602254557
POA,F16,9,2852.2562225027223
POA,F16,10,3797.1982159162685
POA,F16,11,3005.4502620248945
POA,F16,12,3246.1596167904327
POA,F16,13,3607.149308144239
POA,F16,14,3700.6996436732
POA,F16,15,3658.0603653364624
POA,F16,16,3227.778639415197
POA,F16,17,3533.1466593512137
POA,F16,18,3734.874762022267
POA,F16,19,3314.19070007616
POA,F16,20,3314.1130220964105
POA,F16,21,3900.9291731790836
POA,F16,22,3494.534877894547
POA,F16,23,3790.9922292582232
POA,F16,24,3154.207704434442
POA,F16,25,3577.736955790867
POA,F16,26,3552.007164620274
POA,F16,27,3634.426147769189
POA,F16,28,3830.834490106314
POA,F16,29,3599.3685232751955
POA,F16,30,3180.148295486257
POA,F17,1,2606.473010939908
POA,F17,2,2299.590665235274
POA,F17,3,2630.445575536402
POA,F17,4,2755.812661996606
POA,F17,5,2388.6500000647757
POA,F17,6,2570.220600188526
POA,F17,7,2844.637649610826
POA,F17,8,2397.048481026478
POA,F17,9,2523.7875681402465
POA,F17,10,2742.1328347900235
POA,F17,11,2456.802667289005
POA,F17,12,2619.3123206181463
POA,F17,13,2668.0676622518977
POA,F17,14,2803.6742821696253
POA,F17,15,2806.936339070806
POA,F17,16,2556.6856276956296
POA,F17,17,2569.627826407121
POA,F17,18,2526.379536400949
POA,F17,19,2663.8741937839786
POA,F17,20,2317.9452899944654
POA,F17,21,2532.00174499662
POA,F17,22,2383.1136887331427
POA,F17,23,2456.1669956689348
POA,F17,24,2513.5940096724535
POA,F17,25,2701.904177600157
POA,F17,26,2852.0082213569003
POA,F17,27,2861.051560183372
POA,F17,28,2867.155956991937
POA,F17,29,2722.296203128849
POA,F17,30,2638.4262925429757
POA,F18,1,6246608.553762643
POA,F18,2,3136653.115295628
POA,F18,3,2178697.2190330285
POA,F18,4,5475434.877627364
POA,F18,5,2969728.9272915274
POA,F18,6,3873584.179052828
POA,F18,7,5297288.855433997
POA,F18,8,9364822.203861551
POA,F18,9,1273635.4010881535
POA,F18,10,1756003.8250796807
POA,F18,11,13713119.258017156
POA,F18,12,3209577.057608004
POA,F18,13,4463535.162550067
POA,F18,14,1328306.452181715
POA,F18,15,1134243.3330189714
POA,F18,16,1649945.249846023
POA,F18,17,1028433.483918521
POA,F18,18,5778380.385912393
POA,F18,19,1326734.147098091
POA,F18,20,3959962.0409583612
POA,F18,21,5919872.545916872
POA,F18,22,10468752.33890188
POA,F18,23,1950103.9281548434
POA,F18,24,2717008.7335883803
POA,F18,25,1839027.3238001266
POA,F18,26,4718192.763763827
POA,F18,27,2870518.729270203
POA,F18,28,8143916.719774901
POA,F18,29,1729245.3651506149
POA,F18,30,1172699.0781324331
POA,F19,1,33288053.775173537
POA,F19,2,7981675.618437173
POA,F19,3,8844111.52816418
POA,F19,4,9235510.15970424
POA,F19,5,14127039.79873203
POA,F19,6,6133138.302732923
POA,F19,7,6846375.598917945
POA,F19,8,12144269.413727323
POA,F19,9,11577912.38996149
POA,F19,10,3206351.25432898
POA,F19,11,12010170.420250652
POA,F19,12,26675259.021313883
POA,F19,13,7591797.453563887
POA,F19,14,12762882.985117711
POA,F19,15,10924560.934442004
POA,F19,16,8525922.044997234
POA,F19,17,10957286.165624827
POA,F19,18,10227399.67452185
POA,F19,19,8400381.76935093
POA,F19,20,6976952.314842958
POA,F19,21,3392568.618082556
POA,F19,22,19392854.137632366
POA,F19,23,18411140.107836217
POA,F19,24,6702235.883353021
POA,F19,25,6073944.710665313
POA,F19,26,7727361.298735628
POA,F19,27,8626004.730280172
POA,F19,28,11655354.915231548
POA,F19,29,6856564.778054695
POA,F19,30,8989940.685233405
POA,F20,1,2672.802351019082
POA,F20,2,2836.0728454673354
POA,F20,3,2656.9164868257003
POA,F20,4,2632.20294771253
POA,F20,5,2582.8848588926467
POA,F20,6,2641.5957914166565
POA,F20,7,2813.9564525028077
POA,F20,8,2792.1668305962
POA,F20,9,2736.944188996311
POA,F20,10,2550.4242830445164
POA,F20,11,2719.862855876669
POA,F20,12,2705.4963385274905
POA,F20,13,2751.4970949972203
POA,F20,14,2497.67433602439
POA,F20,15,2289.276816807518
POA,F20,16,2617.2442916508217
POA,F20,17,2553.4156513519283
POA,F20,18,2731.560384868588
POA,F20,19,2761.163631491834
POA,F20,20,2544.2201535090453
POA,F20,21,2655.3740074708794
POA,F20,22,2707.3929664608836
POA,F20,23,2556.1196462048365
POA,F20,24,2475.678058111821
POA,F20,25,2563.632874799738
POA,F20,26,2554.1092846765796
POA,F20,27,2686.4141479408527
POA,F20,28,2426.806075486212
POA,F20,29,2589.55318406173
POA,F20,30,2432.7420983359443
POA,F21,1,2625.682671354024
POA,F21,2,2651.347361521136
POA,F21,3,2624.88120406911
POA,F21,4,2629.863693353064
POA,F21,5,2661.3680766288808
POA,F21,6,2623.0152659407568
POA,F21,7,2643.9960188884074
POA,F21,8,2614.967532845964
POA,F21,9,2646.077012300484
POA,F21,10,2646.0652852299554
POA,F21,11,2646.584674019002
POA,F21,12,2635.343923292987
POA,F21,13,2644.3779633007616
POA,F21,14,2598.1940095265177
POA,F21,15,2674.02982039364
POA,F21,16,2644.015734487898
POA,F21,17,2616.300458183312
POA,F21,18,2657.3007840387254
POA,F21,19,2654.579418587587
POA,F21,20,2671.397929356438
POA,F21,21,2656.875936396914
POA,F21,22,2608.070071472005
POA,F21,23,2616.1550271701562
POA,F21,24,2638.6789180427336
POA,F21,25,2611.7626755139813
POA,F21,26,2640.8267467345777
POA,F21,27,2635.565044051472
POA,F21,28,2639.59264802349
POA,F21,29,2600.5237610883123
POA,F21,30,2621.549549599329
POA,F22,1,5502.712279847236
POA,F22,2,9288.93151579018
POA,F22,3,9189.765150402543
POA,F22,4,9944.52142573709
POA,F22,5,5204.222423711055
POA,F22,6,9031.875757936603
POA,F22,7,9455.083117101756
POA,F22,8,4990.8779142273215
POA,F22,9,8579.206168167115
POA,F22,10,9020.757693467032
POA,F22,11,8768.767281799002
POA,F22,12,8944.860219394839
POA,F22,13,9123.45368618187
POA,F22,14,9679.667303110033
POA,F22,15,9725.25837738691
POA,F22,16,9531.946494712036
POA,F22,17,9158.997625485614
POA,F22,18,8905.04877960263
POA,F22,19,9241.849876087179
POA,F22,20,9180.726434236363
POA,F22,21,9507.479991290464
POA,F22,22,8455.480035827215
POA,F22,23,9029.740409287857
POA,F22,24,9513.999273278754
POA,F22,25,9612.5303758142
POA,F22,26,8909.629645789455
POA,F22,27,8901.589281586821
POA,F22,28,5370.882837256501
POA,F22,29,9497.924326884297
POA,F22,30,9594.738802757765
POA,F23,1,2968.838683385148
POA,F23,2,2926.0343192971513
POA,F23,3,2938.8644281877077
POA,F23,4,2952.4946496583216
POA,F23,5,2959.2332345799664
POA,F23,6,2943.0543782939403
POA,F23,7,2935.2536777653618
POA,F23,8,2930.042648085901
POA,F23,9,2960.2141855813434
POA,F23,10,2960.7060862802045
POA,F23,11,2958.911311999489
POA,F23,12,2930.7052672630844
POA,F23,13,2939.494857052842
POA,F23,14,2910.185825500348
POA,F23,15,2951.9797976995733
POA,F23,16,2918.9604094821034
POA,F23,17,2952.9528388716585
POA,F23,18,2943.4209093138884
POA,F23,19,2929.5744289367117
POA,F23,20,2918.656487658626
POA,F23,21,2952.160146395512
POA,F23,22,2933.5294719670637
POA,F23,23,2930.5781272511517
POA,F23,24,2946.705476134335
POA,F23,25,2949.7761233006313
POA,F23,26,2943.103071417625
POA,F23,27,2941.0984997650526
POA,F23,28,2944.502009440398
POA,F23,29,2933.382151112703
POA,F23,30,2931.9230214543372
POA,F24,1,3109.7374495481836
POA,F24,2,3097.934340551279
POA,F24,3,3109.2964841801795
POA,F24,4,3107.891294518174
POA,F24,5,3093.712856594387
POA,F24,6,3108.5164170743733
POA,F24,7,3120.509448259053
POA,F24,8,3096.9348872301175
POA,F24,9,3092.468211167837
POA,F24,10,3080.405038613892
POA,F24,11,3129.7150675741154
POA,F24,12,3094.1687295601937
POA,F24,13,3084.216436406738
POA,F24,14,3109.6931186490333
POA,F24,15,3068.671269160398
POA,F24,16,3114.864281873882
POA,F24,17,3120.841377912102
POA,F24,18,3114.4375672719625
POA,F24,19,3117.1531399012197
POA,F24,20,3109.45695790788
POA,F24,21,3100.6916123329506
POA,F24,22,3100.630644975129
POA,F24,23,3107.8425118468413
POA,F24,24,3106.561699201654
POA,F24,25,3110.654322500305
POA,F24,26,3078.0462266836744
POA,F24,27,3101.9807044718723
POA,F24,28,3092.8683076829157
POA,F24,29,3077.5289387399207
POA,F24,30,3106.242405879797
POA,F25,1,4755.629254169537
POA,F25,2,4788.455091692924
POA,F25,3,4479.875363325987
POA,F25,4,4378.182101270533
POA,F25,5,4926.971670782596
POA,F25,6,4824.380675885746
POA,F25,7,4608.82104655053
POA,F25,8,4694.6134803564955
POA,F25,9,5115.217302784769
POA,F25,10,4518.7029111668635
POA,F25,11,5546.88060606902
POA,F25,12,4351.226546482193
POA,F25,13,4810.068753852402
POA,F25,14,4123.734022820666
POA,F25,15,4718.453700372043
POA,F25,16,4452.118099675707
POA,F25,17,5564.7913829391855
POA,F25,18,4436.744562674215
POA,F25,19,4064.3550746939372
POA,F25,20,4172.418041808245
POA,F25,21,5248.660833548762
POA,F25,22,4783.104766054431
POA,F25,23,6025.893015950557
POA,F25,24,4605.164274855924
POA,F25,25,4540.229087472422
POA,F25,26,4340.694938354087
POA,F25,27,4549.51779143436
POA,F25,28,5192.614575470034
POA,F25,29,4160.565550921497
POA,F25,30,4419.895347396283
POA,F26,1,7041.436254344958
POA,F26,2,6917.340090945228
POA,F26,3,6875.85975042808
POA,F26,4,6663.080347038695
POA,F26,5,6794.915479805478
POA,F26,6,6644.820415414209
POA,F26,7,6806.263492123744
POA,F26,8,6965.171833556178
POA,F26,9,6985.609927500789
POA,F26,10,6392.4612934879715
POA,F26,11,7133.966074027639
POA,F26,12,6658.14126841383
POA,F26,13,6973.765015413499
POA,F26,14,6904.04626125491
POA,F26,15,6907.004562374664
POA,F26,16,6652.980159361852
POA,F26,17,6936.376355711665
POA,F26,18,6949.003231054033
POA,F26,19,6897.237277207776
POA,F26,20,7125.6249600320125
POA,F26,21,7112.953372258625
POA,F26,22,6776.469438743759
POA,F26,23,6657.759995688819
POA,F26,24,6738.865928798619
POA,F26,25,7013.055466595482
POA,F26,26,6789.728014112919
POA,F26,27,6699.086375142315
POA,F26,28,6802.954699786837
POA,F26,29,7024.423031645298
POA,F26,30,6933.163857897167
POA,F27,1,3261.986642499388
POA,F27,2,3266.587566219821
POA,F27,3,3274.851964146759
POA,F27,4,3270.624954291554
POA,F27,5,3254.6193564877303
POA,F27,6,3262.495752172744
POA,F27,7,3263.382999936367
POA,F27,8,3257.877764381137
POA,F27,9,3256.1301849647507
POA,F27,10,3276.007647516729
POA,F27,11,3294.677887559833
POA,F27,12,3254.8268810278605
POA,F27,13,3251.9656906419523
POA,F27,14,3254.0618827985863
POA,F27,15,3241.491642058474
POA,F27,16,3249.5249079569985
POA,F27,17,3258.963455955466
POA,F27,18,3254.926699684172
POA,F27,19,3255.0522190190095
POA,F27,20,3230.660176267066
POA,F27,21,3252.783883449473
POA,F27,22,3264.4715196917496
POA,F27,23,3255.7810196984838
POA,F27,24,3256.9317802083415
POA,F27,25,3241.7872248463073
POA,F27,26,3267.9939225242942
POA,F27,27,3242.9506344064903
POA,F27,28,3266.2878273497017
POA,F27,29,3261.718766967018
POA,F27,30,3250.2376638428927
POA,F28,1,4263.408607241483
POA,F28,2,5787.2201459157895
POA,F28,3,6372.040363083041
POA,F28,4,4854.5653237108645
POA,F28,5,4837.65237223129
POA,F28,6,6369.5683192650395
POA,F28,7,4589.329462745283
POA,F28,8,3976.871808360566
POA,F28,9,5526.188142408161
POA,F28,10,6471.927160282924
POA,F28,11,5803.235765695133
POA,F28,12,4582.667441711406
POA,F28,13,4006.967849263101
POA,F28,14,4001.547016976465
POA,F28,15,6356.871578222169
POA,F28,16,4028.7893005777023
POA,F28,17,6356.565963857475
POA,F28,18,4086.1522477151193
POA,F28,19,3730.1499796251
POA,F28,20,3923.277212363603
POA,F28,21,6341.931954070492
POA,F28,22,3752.669998768681
POA,F28,23,3669.3828254033033
POA,F28,24,4975.362627468463
POA,F28,25,6351.085640844609
POA,F28,26,4184.401058853613
POA,F28,27,4492.369812435267
POA,F28,28,4127.779265692798
POA,F28,29,5678.475636460789
POA,F28,30,6352.546051555124
POA,F29,1,4472.298803591225
POA,F29,2,4630.826308403727
POA,F29,3,4305.931450310462
POA,F29,4,4654.9177316128935
POA,F29,5,4652.007215201968
POA,F29,6,4652.212551332198
POA,F29,7,4286.018717678143
POA,F29,8,4400.358345621345
POA,F29,9,4409.011634805955
POA,F29,10,4204.642432209879
POA,F29,11,3925.4317685828173
POA,F29,12,4918.078254289136
POA,F29,13,4528.848074985588
POA,F29,14,4553.8812794931655
POA,F29,15,4483.70473831263
POA,F29,16,3809.257667713089
POA,F29,17,4045.3974116435666
POA,F29,18,3871.9490810570633
POA,F29,19,4259.979114827374
POA,F29,20,4540.421156586161
POA,F29,21,4670.199235391039
POA,F29,22,4565.0579652908345
POA,F29,23,4429.280285808487
POA,F29,24,4829.945215904488
POA,F29,25,4675.165333318884
POA,F29,26,4412.029688578591
POA,F29,27,4787.654354844932
POA,F29,28,4659.060925491389
POA,F29,29,4603.752782966718
POA,F29,30,4676.036191570036
POA,F30,1,6025519.221813388
POA,F30,2,3338046.120694638
POA,F30,3,7927684.046682624
POA,F30,4,8071273.250289669
POA,F30,5,6353884.672054367
POA,F30,6,6519841.143616737
POA,F30,7,9848337.319493016
POA,F30,8,4553856.481228644
POA,F30,9,6321699.83397878
POA,F30,10,7714682.251411395
POA,F30,11,11127178.683902074
POA,F30,12,2939729.0572186173
POA,F30,13,12022400.375502571
POA,F30,14,3806753.8365290463
POA,F30,15,12664757.555027543
POA,F30,16,2617460.8946653986
POA,F30,17,2554425.8285988383
POA,F30,18,2492753.9482979784
POA,F30,19,9031027.664613875
POA,F30,20,2927796.9020221946
POA,F30,21,10798482.923444485
POA,F30,22,5035878.250314847
POA,F30,23,4187857.0167215196
POA,F30,24,6822018.93116956
POA,F30,25,6280237.586840794
POA,F30,26,5814447.411055359
POA,F30,27,13413028.553155739
POA,F30,28,4048947.4678828623
POA,F30,29,3173821.9877700373
POA,F30,30,5625505.802683292
LFO,F1,1,12521680284.969067
LFO,F1,2,5692752685.714737
LFO,F1,3,12148307677.593445
LFO,F1,4,8900628518.652515
LFO,F1,5,10752236246.658731
LFO,F1,6,11754020672.112604
LFO,F1,7,13580904773.33179
LFO,F1,8,9160479037.394184
LFO,F1,9,13389795389.182531
LFO,F1,10,7118662749.364106
LFO,F1,11,13744429388.438238
LFO,F1,12,12997823186.77196
LFO,F1,13,15325159025.598978
LFO,F1,14,12693896106.968227
LFO,F1,15,10914061431.236326
LFO,F1,16,12373091366.944376
LFO,F1,17,21533488565.6801
LFO,F1,18,15696363317.900497
LFO,F1,19,15134908725.488314
LFO,F1,20,10347811104.80843
LFO,F1,21,15905151167.387358
LFO,F1,22,7651662254.499901
LFO,F1,23,9701821098.01331
LFO,F1,24,15988068618.329268
LFO,F1,25,11836445400.778017
LFO,F1,26,15940502514.849947
LFO,F1,27,14565348350.611795
LFO,F1,28,15395376693.07732
LFO,F1,29,16591949658.677729
LFO,F1,30,12830870528.156864
LFO,F3,1,76399.88706157681
LFO,F3,2,74899.19002672947
LFO,F3,3,83384.40015935998
LFO,F3,4,71771.49840830809
LFO,F3,5,82183.4445041295
LFO,F3,6,76074.58823899961
LFO,F3,7,83726.86914991178
LFO,F3,8,86567.51710403626
LFO,F3,9,58304.47227422885
LFO,F3,10,75543.41612417114
LFO,F3,11,84149.16036282232
LFO,F3,12,71647.55933379036
LFO,F3,13,80919.78798029975
LFO,F3,14,87257.52397974224
LFO,F3,15,65723.71651800524
LFO,F3,16,83823.23072376358
LFO,F3,17,86766.9632446576
LFO,F3,18,55547.05146493019
LFO,F3,19,80711.27579587493
LFO,F3,20,65622.29164049162
LFO,F3,21,87209.22914470924
LFO,F3,22,67978.69050595319
LFO,F3,23,93942.37862859489
LFO,F3,24,71579.15849123566
LFO,F3,25,75732.49767301587
LFO,F3,26,78268.60011532038
LFO,F3,27,86499.7686551195
LFO,F3,28,84196.89183527994
LFO,F3,29,72858.17444390203
LFO,F3,30,81172.1511453727
LFO,F4,1,2799.0934780230386
LFO,F4,2,2764.6907946670726
LFO,F4,3,4557.752189810732
LFO,F4,4,4131.2944775051
LFO,F4,5,2856.7987379626793
LFO,F4,6,1289.321486174953
LFO,F4,7,2715.4770443344005
LFO,F4,8,2523.223114238484
LFO,F4,9,1478.5064583621747
LFO,F4,10,2250.1272761952687
LFO,F4,11,3046.6339728697967
LFO,F4,12,2983.424472738011
LFO,F4,13,3516.0114237635566
LFO,F4,14,2878.5150992015447
LFO,F4,15,1439.524214738053
LFO,F4,16,3323.715120725981
LFO,F4,17,2193.185860566653
LFO,F4,18,4289.665790780888
LFO,F4,19,1203.158320365007
LFO,F4,20,1732.5705929687085
LFO,F4,21,3656.3869009381924
LFO,F4,22,2337.7983733393603
LFO,F4,23,3988.895805843296
LFO,F4,24,2211.807307913185
LFO,F4,25,2469.546999984598
LFO,F4,26,1675.5433450563457
LFO,F4,27,2531.6175021802483
LFO,F4,28,2330.5436238565094
LFO,F4,29,1429.9790337606678
LFO,F4,30,3277.551383249478
LFO,F5,1,803.9616258123963
LFO,F5,2,808.227788398154
LFO,F5,3,863.1495017209643
LFO,F5,4,809.3399690969916
LFO,F5,5,850.096508644479
LFO,F5,6,922.223028627862
LFO,F5,7,877.7138137658227
LFO,F5,8,790.4002944316728
LFO,F5,9,892.1662985475975
LFO,F5,10,819.6056502074923
LFO,F5,11,898.2225340445461
LFO,F5,12,849.2523345188225
LFO,F5,13,800.9902314980889
LFO,F5,14,880.2344425650368
LFO,F5,15,830.493270143942
LFO,F5,16,800.6742184454968
LFO,F5,17,847.3632878345836
LFO,F5,18,924.0799977296256
LFO,F5,19,889.0678676527011
LFO,F5,20,789.8761008674428
LFO,F5,21,839.1917720256902
LFO,F5,22,861.2132059177345
LFO,F5,23,777.6375462265661
LFO,F5,24,868.9141051207991
LFO,F5,25,874.0525248845638
LFO,F5,26,866.6253377897701
LFO,F5,27,850.1914039842645
LFO,F5,28,821.0125033234909
LFO,F5,29,860.3403732158487
LFO,F5,30,790.4653661000496
LFO,F6,1,671.2967494035961
LFO,F6,2,677.7070807839165
LFO,F6,3,690.7419503309083
LFO,F6,4,675.4799869984638
LFO,F6,5,685.2672320154572
LFO,F6,6,698.578580830329
LFO,F6,7,659.6204452683917
LFO,F6,8,681.5916825908189
LFO,F6,9,684.2127335576785
LFO,F6,10,685.5518960017375
LFO,F6,11,655.8328942699682
LFO,F6,12,678.9735396258216
LFO,F6,13,686.1281861516916
LFO,F6,14,659.3631659368655
LFO,F6,15,690.7263630825595
LFO,F6,16,679.8886164663604
LFO,F6,17,674.2191305692119
LFO,F6,18,691.9111022271164
LFO,F6,19,678.1887088529721
LFO,F6,20,680.3053998117632
LFO,F6,21,654.5675471719712
LFO,F6,22,682.8411134638736
LFO,F6,23,674.9029412151515
LFO,F6,24,669.1811944441972
LFO,F6,25,673.9808728287538
LFO,F6,26,669.9728780845712
LFO,F6,27,676.0196377489434
LFO,F6,28,681.4274408763054
LFO,F6,29,684.9492871106479
LFO,F6,30,695.9367633073246
LFO,F7,1,1349.2873909291718
LFO,F7,2,1283.0386582723459
LFO,F7,3,1220.889591242229
LFO,F7,4,1285.401926317455
LFO,F7,5,1234.2236792736812
LFO,F7,6,1427.3202289900664
LFO,F7,7,1292.112844702789
LFO,F7,8,1197.504334483899
LFO,F7,9,1347.9352881178634
LFO,F7,10,1441.5156221422553
LFO,F7,11,1276.5603105561559
LFO,F7,12,1211.01905452167
LFO,F7,13,1374.3335681189405
LFO,F7,14,1280.6367813751035
LFO,F7,15,1388.1486126206164
LFO,F7,16,1265.0082166933885
LFO,F7,17,1296.3309975173133
LFO,F7,18,1256.5433225942081
LFO,F7,19,1245.5253697048602
LFO,F7,20,1357.629902306821
LFO,F7,21,1349.697007737638
LFO,F7,22,1317.1097493427064
LFO,F7,23,1414.529455712027
LFO,F7,24,1428.41600990194
LFO,F7,25,1347.0486517495565
LFO,F7,26,1379.045156437144
LFO,F7,27,1310.0742254543209
LFO,F7,28,1264.7513703560116
LFO,F7,29,1368.1686219921476
LFO,F7,30,1273.7627058618873
LFO,F8,1,1060.3973701356726
LFO,F8,2,1117.3505825289942
LFO,F8,3,1068.6762222855239
LFO,F8,4,1057.6332878612611
LFO,F8,5,1114.1761692595892
LFO,F8,6,1084.517336530447
LFO,F8,7,1087.4008827592284
LFO,F8,8,1061.178649312262
LFO,F8,9,1073.020413969031
LFO,F8,10,1088.136267223581
LFO,F8,11,1113.0452920312596
LFO,F8,12,1105.8335561514473
LFO,F8,13,1048.5467843726553
LFO,F8,14,1065.637113216262
LFO,F8,15,1092.6856561787447
LFO,F8,16,1071.7523733490843
LFO,F8,17,1091.424199673662
LFO,F8,18,1098.5815336115065
LFO,F8,19,1079.5178508702552
LFO,F8,20,1094.1945392308455
LFO,F8,21,1051.5976724572326
LFO,F8,22,1051.0410277635024
LFO,F8,23,1074.6599786413412
LFO,F8,24,1096.810624796593
LFO,F8,25,1066.4125205271484
LFO,F8,26,1079.7316137954417
LFO,F8,27,1137.8720361879969
LFO,F8,28,1098.1999662441613
LFO,F8,29,1086.0178883763579
LFO,F8,30,1056.9328152960752
LFO,F9,1,10622.45498994898
LFO,F9,2,10359.040607172394
LFO,F9,3,9847.708022407809
LFO,F9,4,10366.977972133449
LFO,F9,5,9141.191864557406
LFO,F9,6,9905.562613134316
LFO,F9,7,8666.93922260178
LFO,F9,8,9388.345371048179
LFO,F9,9,9824.194085330593
LFO,F9,10,9995.400057641007
LFO,F9,11,8139.9568952446225
LFO,F9,12,8718.866484311158
LFO,F9,13,8865.27177167705
LFO,F9,14,7765.108361297844
LFO,F9,15,6101.765019672164
LFO,F9,16,8830.522501631382
LFO,F9,17,10417.989200305423
LFO,F9,18,7215.107646454131
LFO,F9,19,9391.731611768844
LFO,F9,20,11103.531403660432
LFO,F9,21,7106.876379583319
LFO,F9,22,8224.184246879879
LFO,F9,23,6156.028415827486
LFO,F9,24,10698.480378903108
LFO,F9,25,10578.86365645968
LFO,F9,26,8863.184626647355
LFO,F9,27,7725.185924385996
LFO,F9,28,10441.89734631645
LFO,F9,29,10505.205801840899
LFO,F9,30,8466.624096245952
LFO,F10,1,8388.176093360982
LFO,F10,2,8936.227154275835
LFO,F10,3,8632.392941635764
LFO,F10,4,9184.180007266194
LFO,F10,5,8057.345922758864
LFO,F10,6,8570.644930890925
LFO,F10,7,8282.6831812586
LFO,F10,8,8074.904022174512
LFO,F10,9,7971.874653422216
LFO,F10,10,7609.139452641649
LFO,F10,11,7624.030585530958
LFO,F10,12,9067.665309496639
LFO,F10,13,7383.30151377202
LFO,F10,14,8089.524500125882
LFO,F10,15,9275.742712039564
LFO,F10,16,8315.852540801972
LFO,F10,17,7526.806414054635
LFO,F10,18,8499.166719081415
LFO,F10,19,8815.652277318186
LFO,F10,20,8851.331582883815
LFO,F10,21,9127.54909259858
LFO,F10,22,8871.69135252357
LFO,F10,23,8809.859347892663
LFO,F10,24,9247.995527233486
LFO,F10,25,8303.410887138849
LFO,F10,26,8304.444193369003
LFO,F10,27,7508.211788867785
LFO,F10,28,6543.529548685747
LFO,F10,29,9028.008141000624
LFO,F10,30,8455.48224102382
LFO,F11,1,6582.852821235385
LFO,F11,2,3643.3236384746815
LFO,F11,3,2950.821795400086
LFO,F11,4,4620.71126488541
LFO,F11,5,5277.125969976179
LFO,F11,6,6453.716558850498
LFO,F11,7,5533.373387991665
LFO,F11,8,3876.1848919855443
LFO,F11,9,3019.1645701266098
LFO,F11,10,4845.65617968212
LFO,F11,11,6400.309208435227
LFO,F11,12,7019.35265397237
LFO,F11,13,9621.098863445655
LFO,F11,14,4858.58385160448
LFO,F11,15,5197.976684016041
LFO,F11,16,4931.400432533899
LFO,F11,17,6244.973249304773
LFO,F11,18,4744.005356189283
LFO,F11,19,4522.216652736104
LFO,F11,20,4781.4015917531515
LFO,F11,21,3546.432775838583
LFO,F11,22,2956.367537438412
LFO,F11,23,9963.131960193927
LFO,F11,24,6596.255776768315
LFO,F11,25,7076.568955548226
LFO,F11,26,3749.345667526093
LFO,F11,27,6099.110288572511
LFO,F11,28,5769.057038118615
LFO,F11,29,6540.062317181433
LFO,F11,30,7994.231741763573
LFO,F12,1,1382150540.0192795
LFO,F12,2,376180274.1605384
LFO,F12,3,1351454869.475142
LFO,F12,4,1007450088.5358694
LFO,F12,5,642946732.1967216
LFO,F12,6,2375693252.815667
LFO,F12,7,1016558832.3731515
LFO,F12,8,868439828.0129852
LFO,F12,9,1952021059.3646348
LFO,F12,10,498696168.43716085
LFO,F12,11,2601114377.708438
LFO,F12,12,1265172794.975934
LFO,F12,13,641790387.4564621
LFO,F12,14,1413608114.2013495
LFO,F12,15,843267027.332858
LFO,F12,16,219014868.64787072
LFO,F12,17,908625843.6286234
LFO,F12,18,1356231799.4599376
LFO,F12,19,2113316301.5059903
LFO,F12,20,1480681315.0656767
LFO,F12,21,1765991587.354161
LFO,F12,22,1403117606.4058638
LFO,F12,23,1907773071.4323869
LFO,F12,24,771189946.3574264
LFO,F12,25,1027368971.2095242
LFO,F12,26,2055328850.60541
LFO,F12,27,713417771.3215363
LFO,F12,28,1524013166.9646156
LFO,F12,29,520618611.22192127
LFO,F12,30,670868573.3689601
LFO,F13,1,144947772.4899881
LFO,F13,2,401447624.2697258
LFO,F13,3,2233654953.252207
LFO,F13,4,149156033.66959566
LFO,F13,5,247529238.1689512
LFO,F13,6,35285937.54905815
LFO,F13,7,272047672.12682736
LFO,F13,8,3057647868.7966094
LFO,F13,9,164178297.1863276
LFO,F13,10,58011257.04094197
LFO,F13,11,111236030.27317046
LFO,F13,12,223848898.45898074
LFO,F13,13,320755749.3711401
LFO,F13,14,394243261.5614034
LFO,F13,15,164143854.11692223
LFO,F13,16,258439216.0487935
LFO,F13,17,178174811.3999643
LFO,F13,18,142919063.16880506
LFO,F13,19,69125193.43599421
LFO,F13,20,320255847.6387842
LFO,F13,21,138207140.49925417
LFO,F13,22,1225697908.4930773
LFO,F13,23,142736195.2711081
LFO,F13,24,77833640.40597452
LFO,F13,25,81717944.30134283
LFO,F13,26,447158944.4028531
LFO,F13,27,49909146.10444721
LFO,F13,28,375435976.3304362
LFO,F13,29,548891405.7803974
LFO,F13,30,167857838.09903675
LFO,F14,1,468010.41035763937
LFO,F14,2,1415235.9965169157
LFO,F14,3,6851291.919465628
LFO,F14,4,68110.47837885586
LFO,F14,5,1298994.091301375
LFO,F14,6,9428855.759999152
LFO,F14,7,7448746.958177058
LFO,F14,8,1922611.3616381006
LFO,F14,9,450478.55189805204
LFO,F14,10,282791.0143602938
LFO,F14,11,1370478.6558306415
LFO,F14,12,692807.4654795765
LFO,F14,13,1926406.8923847973
LFO,F14,14,8556368.737642918
LFO,F14,15,632802.8953446621
LFO,F14,16,383286.65198931517
LFO,F14,17,2115818.128052863
LFO,F14,18,1874143.4590382439
LFO,F14,19,2120778.8297440964
LFO,F14,20,2790454.3724181554
LFO,F14,21,5506626.244556856
LFO,F14,22,1307166.390313467
LFO,F14,23,540901.1891608902
LFO,F14,24,9267703.37223443
LFO,F14,25,1769492.6082324584
LFO,F14,26,2288597.7931609005
LFO,F14,27,323612.3208533945
LFO,F14,28,3980265.605261559
LFO,F14,29,752631.9059339656
LFO,F14,30,2743905.8154512257
LFO,F15,1,5374523.029663067
LFO,F15,2,11786223.972650781
LFO,F15,3,7998698.023853912
LFO,F15,4,4366875.969845395
LFO,F15,5,1503827.7210056735
LFO,F15,6,7407189.052615808
LFO,F15,7,1445667.401307333
LFO,F15,8,18798976.158618677
LFO,F15,9,1296222.066836985
LFO,F15,10,1666889.0544176784
LFO,F15,11,2392209.791399483
LFO,F15,12,50034074.81200784
LFO,F15,13,6007190.205443576
LFO,F15,14,2938694.555530097
LFO,F15,15,16696799.807247197
LFO,F15,16,791814.433773881
LFO,F15,17,2897841.421303835
LFO,F15,18,292280.87868046545
LFO,F15,19,947761.3030349062
LFO,F15,20,13045228.782618241
LFO,F15,21,2865907.0475054113
LFO,F15,22,5956360.379590201
LFO,F15,23,12765386.362044584
LFO,F15,24,2265377.819956735
LFO,F15,25,564642.0729513045
LFO,F15,26,3989083.1393972184
LFO,F15,27,9709294.72287298
LFO,F15,28,3833148.556161752
LFO,F15,29,3456970.6243147533
LFO,F15,30,12876657.332196811
LFO,F16,1,4988.85079155727
LFO,F16,2,2689.35913639959
LFO,F16,3,4184.102507714724
LFO,F16,4,3863.019506057586
LFO,F16,5,4415.059641171531
LFO,F16,6,4303.826799662676
LFO,F16,7,4365.166535771271
LFO,F16,8,4167.685734212953
LFO,F16,9,3931.8703734261826
LFO,F16,10,5236.792066184769
LFO,F16,11,3864.2991451543467
LFO,F16,12,3981.4443978915733
LFO,F16,13,4494.226502183729
LFO,F16,14,3839.41298695389
LFO,F16,15,4535.43583540993
LFO,F16,16,4020.5261558755774
LFO,F16,17,3617.764253268013
LFO,F16,18,4442.872987912486
LFO,F16,19,3794.362875292521
LFO,F16,20,4152.985827305758
LFO,F16,21,3890.5312025700296
LFO,F16,22,3547.7780848283087
LFO,F16,23,4522.208699749963
LFO,F16,24,4435.450129013567
LFO,F16,25,4425.345451177234
LFO,F16,26,4418.10687823313
LFO,F16,27,4442.020502793898
LFO,F16,28,3729.3166179972923
LFO,F16,29,3763.093345842013
LFO,F16,30,3495.946783803677
LFO,F17,1,2868.5944516460036
LFO,F17,2,3413.7622840708473
LFO,F17,3,2349.130245774707
LFO,F17,4,3070.165284483378
LFO,F17,5,3207.4994265602036
LFO,F17,6,3127.7225441707847
LFO,F17,7,3015.7406703659863
LFO,F17,8,2864.0324995363317
LFO,F17,9,2994.54569484437
LFO,F17,10,3425.6987234404737
LFO,F17,11,3130.4252623092666
LFO,F17,12,3072.5797681094678
LFO,F17,13,2570.101460587163
LFO,F17,14,3137.1712491830713
LFO,F17,15,2774.74871198204
LFO,F17,16,2307.62901924614
LFO,F17,17,2995.7633961460033
LFO,F17,18,2182.351614794989
LFO,F17,19,2888.062173412386
LFO,F17,20,2315.6569456545208
LFO,F17,21,3003.9680793988477
LFO,F17,22,3252.9789352205107
LFO,F17,23,2927.89168845139
LFO,F17,24,2323.3864410619612
LFO,F17,25,2688.8947441715445
LFO,F17,26,2840.477524167657
LFO,F17,27,2569.753816694466
LFO,F17,28,3002.7164887582517
LFO,F17,29,2969.712350925863
LFO,F17,30,2359.2949062714106
LFO,F18,1,15034639.993952278
LFO,F18,2,60630984.04464948
LFO,F18,3,5570982.4472601265
LFO,F18,4,17208891.37108984
LFO,F18,5,45043394.78086751
LFO,F18,6,53318116.52113562
LFO,F18,7,26630820.39457568
LFO,F18,8,7035723.305451523
LFO,F18,9,33833605.86273752
LFO,F18,10,397883.6926327322
LFO,F18,11,15577770.385588855
LFO,F18,12,26988733.13131214
LFO,F18,13,165214.16477569967
LFO,F18,14,49802364.544111006
LFO,F18,15,3121169.498542957
LFO,F18,16,21496984.437936176
LFO,F18,17,21825916.11344826
LFO,F18,18,12005869.048924932
LFO,F18,19,58570638.55494139
LFO,F18,20,27181578.65053379
LFO,F18,21,31166226.796312656
LFO,F18,22,14860222.381461296
LFO,F18,23,13494489.842687456
LFO,F18,24,17320638.84868607
LFO,F18,25,60203064.01546908
LFO,F18,26,3845393.209125532
LFO,F18,27,6938427.017059205
LFO,F18,28,7401494.334932555
LFO,F18,29,7331303.731227314
LFO,F18,30,11160591.47037562
LFO,F19,1,35073605.96939107
LFO,F19,2,6128332.821202032
LFO,F19,3,5396004.913840761
LFO,F19,4,9359047.693593493
LFO,F19,5,11689149.26802298
LFO,F19,6,6867697.29672765
LFO,F19,7,14895005.060357358
LFO,F19,8,35362441.45435923
LFO,F19,9,51629509.97732379
LFO,F19,10,500262.8177444303
LFO,F19,11,70418997.68794358
LFO,F19,12,38523729.751780935
LFO,F19,13,9518368.75234517
LFO,F19,14,5618486.8938404275
LFO,F19,15,15020817.628344173
LFO,F19,16,18934464.598848652
LFO,F19,17,23532378.93303843
LFO,F19,18,17673359.610072725
LFO,F19,19,7187890.769065566
LFO,F19,20,64050360.96916428
LFO,F19,21,32090331.766135138
LFO,F19,22,9435983.653208513
LFO,F19,23,25863401.942598183
LFO,F19,24,4942164.590940535
LFO,F19,25,135141287.1817294
LFO,F19,26,30545616.400683418
LFO,F19,27,466131.36050330615
LFO,F19,28,5943300.372244664
LFO,F19,29,82117620.92716424
LFO,F19,30,3944375.389784906
LFO,F20,1,2662.9022077288555
LFO,F20,2,3015.6083700251725
LFO,F20,3,2598.788369078197
LFO,F20,4,3006.9044717063903
LFO,F20,5,2959.2061604088476
LFO,F20,6,2875.5159297037344
LFO,F20,7,2458.5257674336044
LFO,F20,8,2757.9428325517383
LFO,F20,9,3002.851530819629
LFO,F20,10,3181.8552354872186
LFO,F20,11,2582.836504543189
LFO,F20,12,2622.174223969062
LFO,F20,13,2887.076487987718
LFO,F20,14,2757.8389181579937
LFO,F20,15,2740.485792218435
LFO,F20,16,2904.0598875172486
LFO,F20,17,3072.9235388765724
LFO,F20,18,2573.4599935812603
LFO,F20,19,2731.0898323875313
LFO,F20,20,2778.4335905106295
LFO,F20,21,3003.7964550292763
LFO,F20,22,2902.78772203046
LFO,F20,23,2674.4718529060256
LFO,F20,24,3204.340192572916
LFO,F20,25,3025.9576620272696
LFO,F20,26,2770.2436107980584
LFO,F20,27,2872.112981463199
LFO,F20,28,2459.9234749529646
LFO,F20,29,2910.6308805942394
LFO,F20,30,3053.002455454057
LFO,F21,1,2631.0987213841763
LFO,F21,2,2599.3580635776957
LFO,F21,3,2600.9788169734084
LFO,F21,4,2680.7576802685808
LFO,F21,5,2676.660199125041
LFO,F21,6,2685.5852149369553
LFO,F21,7,2609.8641226431823
LFO,F21,8,2703.7897154890884
LFO,F21,9,2659.4060762686013
LFO,F21,10,2601.9489176061884
LFO,F21,11,2530.7167971365134
LFO,F21,12,2683.241198330163
LFO,F21,13,2640.2690329673173
LFO,F21,14,2724.3029847528815
LFO,F21,15,2620.7434201223923
LFO,F21,16,2630.5687072801875
LFO,F21,17,2633.9182589170905
LFO,F21,18,2665.7381315481616
LFO,F21,19,2705.8917929760537
LFO,F21,20,2675.9928105835406
LFO,F21,21,2711.5227291813017
LFO,F21,22,2642.4651178042304
LFO,F21,23,2701.788185381174
LFO,F21,24,2623.575223357051
LFO,F21,25,2570.6435604975954
LFO,F21,26,2629.773108385955
LFO,F21,27,2559.4207564172207
LFO,F21,28,2595.344961359715
LFO,F21,29,2621.5299013922186
LFO,F21,30,2671.2030906016357
LFO,F22,1,3768.154134270103
LFO,F22,2,8026.0420577335335
LFO,F22,3,7254.929741153512
LFO,F22,4,8712.579613611453
LFO,F22,5,5334.971053168598
LFO,F22,6,5354.5705046944095
LFO,F22,7,4599.7108371301765
LFO,F22,8,5090.19548100326
LFO,F22,9,9323.510762360249
LFO,F22,10,10300.856022583186
LFO,F22,11,8126.953904203434
LFO,F22,12,8786.813249017558
LFO,F22,13,8571.523055123673
LFO,F22,14,4595.673811537544
LFO,F22,15,5559.896728952172
LFO,F22,16,4294.560618501593
LFO,F22,17,4596.314155699791
LFO,F22,18,9245.224268517299
LFO,F22,19,3735.865306759015
LFO,F22,20,7054.817608238054
LFO,F22,21,9192.14533449435
LFO,F22,22,5595.406389066042
LFO,F22,23,4616.430479000698
LFO,F22,24,6740.897468891493
LFO,F22,25,9071.583284601642
LFO,F22,26,5822.606696082975
LFO,F22,27,9394.014054557747
LFO,F22,28,3598.1529528603787
LFO,F22,29,5138.87430711954
LFO,F22,30,4079.751574316847
LFO,F23,1,3161.61794254538
LFO,F23,2,3216.0961520822566
LFO,F23,3,3169.1040440945885
LFO,F23,4,3185.6966324968726
LFO,F23,5,3028.1427941157535
LFO,F23,6,3170.48259241538
LFO,F23,7,3188.2011394091014
LFO,F23,8,3187.7683758289836
LFO,F23,9,3062.051075647466
LFO,F23,10,3066.3402469920875
LFO,F23,11,3124.8834288899607
LFO,F23,12,3198.3489761661403
LFO,F23,13,3044.7552164190092
LFO,F23,14,3010.7896295100277
LFO,F23,15,3204.350211217582
LFO,F23,16,3273.4315108755327
LFO,F23,17,3229.989939475853
LFO,F23,18,3069.631474295981
LFO,F23,19,3270.6035771702036
LFO,F23,20,3225.0373474502267
LFO,F23,21,3239.4072662102594
LFO,F23,22,3312.3373909270495
LFO,F23,23,3160.1893652425533
LFO,F23,24,3175.271066934582
LFO,F23,25,3231.0161761493414
LFO,F23,26,3441.151816107178
LFO,F23,27,3110.488263275122
LFO,F23,28,3256.789120935851
LFO,F23,29,3272.1755089468516
LFO,F23,30,3233.5430922421165
LFO,F24,1,3576.677808782718
LFO,F24,2,3232.079873562738
LFO,F24,3,3526.9018446883483
LFO,F24,4,3224.7538859909096
LFO,F24,5,3395.5435435555937
LFO,F24,6,3463.9163669422323
LFO,F24,7,3388.5012497613943
LFO,F24,8,3490.1879006589998
LFO,F24,9,3302.5347819556036
LFO,F24,10,3521.487313077182
LFO,F24,11,3311.809301043619
LFO,F24,12,3222.036396109786
LFO,F24,13,3255.6339081683027
LFO,F24,14,3448.7892632654193
LFO,F24,15,3432.469933814399
LFO,F24,16,3399.218413030514
LFO,F24,17,3315.841587154288
LFO,F24,18,3310.730881480274
LFO,F24,19,3367.910144389871
LFO,F24,20,3271.746505384358
LFO,F24,21,3336.775311123447
LFO,F24,22,3218.4258703706364
LFO,F24,23,3207.0444946729413
LFO,F24,24,3129.9935173072013
LFO,F24,25,3302.894539925809
LFO,F24,26,3486.5511307181487
LFO,F24,27,3191.3566288427296
LFO,F24,28,3402.5211529147646
LFO,F24,29,3522.3036317189944
LFO,F24,30,3233.0244065822303
LFO,F25,1,3247.7568682185665
LFO,F25,2,3730.8567515363243
LFO,F25,3,3564.77747013426
LFO,F25,4,3531.3205799124476
LFO,F25,5,3773.155954734355
LFO,F25,6,3297.331847486861
LFO,F25,7,3804.749486217451
LFO,F25,8,3667.022809251279
LFO,F25,9,3516.0583506605494
LFO,F25,10,3220.588029699391
LFO,F25,11,3418.4186654540526
LFO,F25,12,3609.959880104615
LFO,F25,13,3394.1159982790105
LFO,F25,14,3530.605586101705
LFO,F25,15,3495.9077859676927
LFO,F25,16,3468.341443676775
LFO,F25,17,3657.1366342475376
LFO,F25,18,3488.9644876763778
LFO,F25,19,3591.2210237627196
LFO,F25,20,3186.621020351454
LFO,F25,21,3328.677509233296
LFO,F25,22,3374.7341307294837
LFO,F25,23,3567.7966200678648
LFO,F25,24,3462.5537325136083
LFO,F25,25,3783.6608374323914
LFO,F25,26,3768.6886477803555
LFO,F25,27,3488.033431985282
LFO,F25,28,3564.1491595244843
LFO,F25,29,3505.4694544682043
LFO,F25,30,3490.5272590193467
LFO,F26,1,6339.297033401324
LFO,F26,2,10173.461292159376
LFO,F26,3,9417.594852189872
LFO,F26,4,10089.151942358125
LFO,F26,5,6528.496882987607
LFO,F26,6,7040.740655894946
LFO,F26,7,9288.518962703485
LFO,F26,8,11032.187395097679
LFO,F26,9,10346.688443185985
LFO,F26,10,9124.601639399469
LFO,F26,11,9369.648733873557
LFO,F26,12,9834.303823631348
LFO,F26,13,5426.395918665791
LFO,F26,14,9982.098130754635
LFO,F26,15,9694.372279314952
LFO,F26,16,8303.209350437963
LFO,F26,17,9378.18029617656
LFO,F26,18,7204.3945579552055
LFO,F26,19,9600.033754953885
LFO,F26,20,9079.021557852351
LFO,F26,21,10062.438148339814
LFO,F26,22,9341.555463574394
LFO,F26,23,8198.403333584873
LFO,F26,24,8785.374539465152
LFO,F26,25,9417.386163608367
LFO,F26,26,7448.483859490427
LFO,F26,27,9470.443554462994
LFO,F26,28,9507.07970530721
LFO,F26,29,8555.03407521379
LFO,F26,30,8527.201622270853
LFO,F27,1,3786.954768620988
LFO,F27,2,3348.2200132497856
LFO,F27,3,3700.6132327232745
LFO,F27,4,3520.7872768253387
LFO,F27,5,3518.0841260090474
LFO,F27,6,3485.7608128292536
LFO,F27,7,3855.412100415951
LFO,F27,8,3476.9013390253913
LFO,F27,9,3519.7244930776255
LFO,F27,10,3527.9896375033213
LFO,F27,11,3578.392719612905
LFO,F27,12,3656.6629796305615
LFO,F27,13,3391.9279144166785
LFO,F27,14,3495.3430268225593
LFO,F27,15,3390.6614236558066
LFO,F27,16,3689.166422038203
LFO,F27,17,3638.454922517757
LFO,F27,18,3364.266046684894
LFO,F27,19,3447.3510273653733
LFO,F27,20,3836.5056917232114
LFO,F27,21,3488.15505530011
LFO,F27,22,3571.2277794405045
LFO,F27,23,3537.9802350231666
LFO,F27,24,3560.1906431648326
LFO,F27,25,3657.0083665093234
LFO,F27,26,3469.382298091528
LFO,F27,27,3349.9146360866416
LFO,F27,28,3361.3360468821884
LFO,F27,29,3751.1902079673246
LFO,F27,30,3529.511442052168
LFO,F28,1,3827.775762220427
LFO,F28,2,4252.135761793343
LFO,F28,3,5219.755771078575
LFO,F28,4,4259.682314530218
LFO,F28,5,4887.623864074498
LFO,F28,6,4227.36056242248
LFO,F28,7,4183.692710693931
LFO,F28,8,4170.6056514034435
LFO,F28,9,4285.982115992204
LFO,F28,10,4222.3557036140155
LFO,F28,11,4434.590818798636
LFO,F28,12,4592.549841955018
LFO,F28,13,4270.616159326255
LFO,F28,14,4355.239624183434
LFO,F28,15,5144.077788428899
LFO,F28,16,3795.570853761567
LFO,F28,17,4122.616013449401
LFO,F28,18,4182.584879512324
LFO,F28,19,4655.956365691642
LFO,F28,20,4064.6800872821414
LFO,F28,21,5011.900577522743
LFO,F28,22,3820.602051756113
LFO,F28,23,3555.6782411751246
LFO,F28,24,4757.830529713643
LFO,F28,25,4138.136050885005
LFO,F28,26,4182.428884538558
LFO,F28,27,3930.0571083945924
LFO,F28,28,4385.471676819931
LFO,F28,29,4350.993664401958
LFO,F28,30,4164.856357290346
LFO,F29,1,6079.922152055856
LFO,F29,2,5321.774421094242
LFO,F29,3,5676.521129641113
LFO,F29,4,5439.609667069308
LFO,F29,5,4964.83741900404
LFO,F29,6,6456.038470437224
LFO,F29,7,5629.320596991962
LFO,F29,8,6148.849998711288
LFO,F29,9,4948.528880506668
LFO,F29,10,5578.399471411931
LFO,F29,11,5433.236556087835
LFO,F29,12,4827.841732298779
LFO,F29,13,5593.322321220931
LFO,F29,14,6250.622344437785
LFO,F29,15,5194.733064545726
LFO,F29,16,6206.110539661887
LFO,F29,17,4584.618827592008
LFO,F29,18,5325.86648970358
LFO,F29,19,5412.65234924184
LFO,F29,20,5551.781478941488
LFO,F29,21,5067.321773332654
LFO,F29,22,5252.779090129161
LFO,F29,23,4567.633781040837
LFO,F29,24,6285.938630835782
LFO,F29,25,5248.633315125131
LFO,F29,26,6186.196849460698
LFO,F29,27,6733.214997376687
LFO,F29,28,5793.482319968923
LFO,F29,29,5710.549467448704
LFO,F29,30,5678.40829349772
LFO,F30,1,73068500.13810754
LFO,F30,2,83387034.90280874
LFO,F30,3,51918615.41521345
LFO,F30,4,111456387.6374304
LFO,F30,5,143554197.47464624
LFO,F30,6,17429693.739694178
LFO,F30,7,248835825.5321702
LFO,F30,8,361454468.3689871
LFO,F30,9,100987488.94470257
LFO,F30,10,192455661.85967612
LFO,F30,11,304535294.6551701
LFO,F30,12,86093461.48854111
LFO,F30,13,107673517.24700807
LFO,F30,14,133101565.59418932
LFO,F30,15,39935525.74281097
LFO,F30,16,30895012.480191767
LFO,F30,17,34139371.0956226
LFO,F30,18,260140569.0868573
LFO,F30,19,360588322.5668888
LFO,F30,20,50261074.83818099
LFO,F30,21,32999159.449029487
LFO,F30,22,246893532.64656597
LFO,F30,23,70158906.56974147
LFO,F30,24,43836816.58481783
LFO,F30,25,68311969.90505329
LFO,F30,26,78704168.27155524
LFO,F30,27,397773175.22931844
LFO,F30,28,410914510.0088686
LFO,F30,29,126056939.67529762
LFO,F30,30,164995823.26416904
AO,F1,1,29551036720.571934
AO,F1,2,31319366236.736004
AO,F1,3,35056713863.00407
AO,F1,4,31710590354.584557
AO,F1,5,31212867891.898586
AO,F1,6,30357970467.47894
AO,F1,7,29180455041.53131
AO,F1,8,29832334523.179974
AO,F1,9,32373934837.358624
AO,F1,10,34350635318.558624
AO,F1,11,24209950152.182735
AO,F1,12,33119298979.612354
AO,F1,13,34219158336.761436
AO,F1,14,31218200789.133305
AO,F1,15,21107823575.9559
AO,F1,16,32421558179.93663
AO,F1,17,42449144961.040665
AO,F1,18,24884645943.78547
AO,F1,19,29334663227.432884
AO,F1,20,32144951747.591476
AO,F1,21,27901794035.947506
AO,F1,22,41867256192.20561
AO,F1,23,32601893785.320328
AO,F1,24,30881986653.162075
AO,F1,25,32177629320.70405
AO,F1,26,37305770173.71881
AO,F1,27,25768910748.531807
AO,F1,28,26719883906.804684
AO,F1,29,34127911456.78527
AO,F1,30,32169298769.73827
AO,F3,1,76836.32351277825
AO,F3,2,91607.04160319056
AO,F3,3,90584.10025438404
AO,F3,4,78920.32599288791
AO,F3,5,188129.61760389124
AO,F3,6,85959.9759537986
AO,F3,7,71305.55584684326
AO,F3,8,58026.33909433552
AO,F3,9,259272.28238672376
AO,F3,10,116454.15294643257
AO,F3,11,100191.61560754076
AO,F3,12,108252.87752998217
AO,F3,13,95439.48384511168
AO,F3,14,75081.85298107353
AO,F3,15,124689.41175434738
AO,F3,16,80280.13980074498
AO,F3,17,70966.27712147459
AO,F3,18,125660.39217834997
AO,F3,19,81476.49421616693
AO,F3,20,78399.78617840665
AO,F3,21,82430.14687161136
AO,F3,22,84975.56859413139
AO,F3,23,79839.61876448728
AO,F3,24,83217.31550191657
AO,F3,25,77890.52885870068
AO,F3,26,79612.133500961
AO,F3,27,83203.6955154956
AO,F3,28,86993.60093729061
AO,F3,29,72900.20112208248
AO,F3,30,83638.52245480109
AO,F4,1,4185.8379537695655
AO,F4,2,2948.0909308453442
AO,F4,3,8067.438959258279
AO,F4,4,9915.268866192326
AO,F4,5,7707.402637694548
AO,F4,6,6141.691820513411
AO,F4,7,8520.602166234072
AO,F4,8,5082.972480305665
AO,F4,9,6671.186235962186
AO,F4,10,5920.610537442335
AO,F4,11,7535.912358810576
AO,F4,12,8003.7176225489075
AO,F4,13,3996.95142022866
AO,F4,14,7539.5764047563625
AO,F4,15,5317.41915956829
AO,F4,16,6116.748357041951
AO,F4,17,7221.371508765879
AO,F4,18,5585.287110488296
AO,F4,19,7480.145241990131
AO,F4,20,8216.123725859245
AO,F4,21,7551.272531663033
AO,F4,22,4867.200565617321
AO,F4,23,7508.099486440782
AO,F4,24,6601.288352665461
AO,F4,25,9467.532436159294
AO,F4,26,6379.34359578819
AO,F4,27,5753.280900725394
AO,F4,28,6600.055132620066
AO,F4,29,7776.986480263447
AO,F4,30,5460.05889125743
AO,F5,1,857.4243378878559
AO,F5,2,867.7449836106173
AO,F5,3,852.142666105045
AO,F5,4,882.577855889399
AO,F5,5,869.6704438060299
AO,F5,6,902.29345595725
AO,F5,7,890.3346506065864
AO,F5,8,905.8693560523907
AO,F5,9,920.467974917841
AO,F5,10,862.1721727295401
AO,F5,11,905.1763470624896
AO,F5,12,894.9362666009574
AO,F5,13,896.4170627091755
AO,F5,14,852.7282802660704
AO,F5,15,926.5271960674845
AO,F5,16,867.0725647297061
AO,F5,17,898.3753246981491
AO,F5,18,871.3045865310237
AO,F5,19,868.9185476226796
AO,F5,20,887.3047300545968
AO,F5,21,914.4671032479027
AO,F5,22,886.5220962334155
AO,F5,23,904.5896155596969
AO,F5,24,901.1162554924463
AO,F5,25,926.0012695882886
AO,F5,26,924.1048148165467
AO,F5,27,882.8559451415733
AO,F5,28,915.6830970036976
AO,F5,29,927.5856789515863
AO,F5,30,903.3000341970919
AO,F6,1,683.8806105029228
AO,F6,2,689.2211664660563
AO,F6,3,683.4180811442637
AO,F6,4,678.5233389137195
AO,F6,5,681.5233412204036
AO,F6,6,685.6890027226008
AO,F6,7,684.4407466041026
AO,F6,8,685.5016763752167
AO,F6,9,696.7768928639014
AO,F6,10,691.2831487408631
AO,F6,11,664.7353344670086
AO,F6,12,687.9272896020033
AO,F6,13,679.4390365132622
AO,F6,14,673.8474412314011
AO,F6,15,679.933660774864
AO,F6,16,671.2084863379071
AO,F6,17,679.7468765861873
AO,F6,18,684.1448399339026
AO,F6,19,673.8038793543536
AO,F6,20,673.9457637666922
AO,F6,21,684.1511721241545
AO,F6,22,691.4242234519556
AO,F6,23,687.597178567186
AO,F6,24,675.016896547169
AO,F6,25,680.0981659082445
AO,F6,26,666.9592366736049
AO,F6,27,682.2398351558302
AO,F6,28,682.1413218992391
AO,F6,29,693.4059129418533
AO,F6,30,680.5015306889225
AO,F7,1,1334.7676087887055
AO,F7,2,1377.0152638083537
AO,F7,3,1269.1235040227384
AO,F7,4,1266.0358925129308
AO,F7,5,1271.197902307392
AO,F7,6,1363.2709323588624
AO,F7,7,1274.324731310769
AO,F7,8,1220.8540975964956
AO,F7,9,1261.1689839737353
AO,F7,10,1377.8186183296411
AO,F7,11,1269.0694170887007
AO,F7,12,1325.2137807439294
AO,F7,13,1299.3862887316582
AO,F7,14,1268.675077069887
AO,F7,15,1230.230892637674
AO,F7,16,1288.740418448362
AO,F7,17,1333.0102032507639
AO,F7,18,1306.7790084383203
AO,F7,19,1385.4236611562633
AO,F7,20,1318.3540075980704
AO,F7,21,1339.12832485633
AO,F7,22,1328.3058407755805
AO,F7,23,1333.159894050492
AO,F7,24,1189.9801026968016
AO,F7,25,1325.2131583332366
AO,F7,26,1319.3410409920693
AO,F7,27,1268.1919644694615
AO,F7,28,1396.0502094021156
AO,F7,29,1453.0240514192317
AO,F7,30,1368.9620466094814
AO,F8,1,1138.628804496511
AO,F8,2,1140.6414030421274
AO,F8,3,1116.0637815660646
AO,F8,4,1154.8914590160477
AO,F8,5,1098.1979597414474
AO,F8,6,1096.6061335123425
AO,F8,7,1136.3294242273948
AO,F8,8,1146.3118169397676
AO,F8,9,1128.575845299347
AO,F8,10,1172.9488983357978
AO,F8,11,1149.1603946555579
AO,F8,12,1127.6787469326944
AO,F8,13,1151.095444099407
AO,F8,14,1104.4083033362954
AO,F8,15,1102.883086723402
AO,F8,16,1161.8594440986528
AO,F8,17,1151.288832837269
AO,F8,18,1119.1380239460946
AO,F8,19,1114.2000033098316
AO,F8,20,1173.0501635425185
AO,F8,21,1101.13843525842
AO,F8,22,1179.2380925029984
AO,F8,23,1168.1105844058175
AO,F8,24,1146.403500734996
AO,F8,25,1151.714159547418
AO,F8,26,1114.9663925762243
AO,F8,27,1109.7386279000434
AO,F8,28,1160.252554146908
AO,F8,29,1093.0336487040154
AO,F8,30,1169.774881642283
AO,F9,1,9279.648962599476
AO,F9,2,12319.22786026993
AO,F9,3,8575.698714295204
AO,F9,4,8897.71479422967
AO,F9,5,10481.693847204157
AO,F9,6,11385.106290855578
AO,F9,7,10730.790677091807
AO,F9,8,12433.492869995913
AO,F9,9,11067.396294605283
AO,F9,10,10281.038968757133
AO,F9,11,12580.557958523385
AO,F9,12,11726.19726051646
AO,F9,13,12420.903664371179
AO,F9,14,11622.004286501837
AO,F9,15,10594.289820032522
AO,F9,16,11500.007833611326
AO,F9,17,8712.189674059551
AO,F9,18,9634.39456785868
AO,F9,19,8929.335155628174
AO,F9,20,8856.625320764151
AO,F9,21,10194.542338793772
AO,F9,22,8950.624030629806
AO,F9,23,8524.663088586465
AO,F9,24,10136.63863396704
AO,F9,25,11435.811144522757
AO,F9,26,13643.889900232372
AO,F9,27,7965.069776921253
AO,F9,28,11686.950028220232
AO,F9,29,10647.368925679224
AO,F9,30,12148.31124828377
AO,F10,1,9349.544031060977
AO,F10,2,8848.292226388105
AO,F10,3,8775.735864973114
AO,F10,4,8661.023345663783
AO,F10,5,9342.958477447002
AO,F10,6,9615.238531792995
AO,F10,7,8801.627649329417
AO,F10,8,9590.865947836071
AO,F10,9,8811.054322749907
AO,F10,10,9309.143757161844
AO,F10,11,9372.540293062804
AO,F10,12,8882.715814683637
AO,F10,13,8890.38183216294
AO,F10,14,8487.47993163844
AO,F10,15,8898.945049847298
AO,F10,16,9308.724995420267
AO,F10,17,9304.17840712885
AO,F10,18,9143.088654830688
AO,F10,19,9336.515459171947
AO,F10,20,8667.677566962886
AO,F10,21,8893.704749585024
AO,F10,22,9534.267843730227
AO,F10,23,9234.926918427282
AO,F10,24,8118.321019461256
AO,F10,25,9667.414065676703
AO,F10,26,8597.743012705843
AO,F10,27,8600.000024984129
AO,F10,28,9156.193457175326
AO,F10,29,8119.233325953891
AO,F10,30,9373.486889513497
AO,F11,1,8052.809022928425
AO,F11,2,12408.595918664978
AO,F11,3,7265.704805471681
AO,F11,4,8664.42183395143
AO,F11,5,5767.802587209057
AO,F11,6,12183.492825851006
AO,F11,7,5960.881450375779
AO,F11,8,9767.323292106366
AO,F11,9,7091.871449024471
AO,F11,10,9036.681666193825
AO,F11,11,7277.466683930749
AO,F11,12,7973.638792029246
AO,F11,13,8305.799144270495
AO,F11,14,5667.381321714134
AO,F11,15,4911.898447969632
AO,F11,16,2985.6332691996504
AO,F11,17,19052.27136424185
AO,F11,18,10667.228888594618
AO,F11,19,12650.388690651487
AO,F11,20,14332.57623185543
AO,F11,21,3721.8810816777973
AO,F11,22,8068.121619448418
AO,F11,23,11420.427740775302
AO,F11,24,7239.594523160953
AO,F11,25,4669.755750984465
AO,F11,26,7727.5712369971025
AO,F11,27,5378.994936119838
AO,F11,28,7378.070307486559
AO,F11,29,4961.14367277141
AO,F11,30,9650.816896274267
AO,F12,1,8428423814.3132
AO,F12,2,5122752087.13644
AO,F12,3,5821673379.223507
AO,F12,4,4492076387.556713
AO,F12,5,6398984231.83754
AO,F12,6,3364186888.4817586
AO,F12,7,4540286815.068871
AO,F12,8,5443517687.181272
AO,F12,9,6947971304.564763
AO,F12,10,1526611962.8184264
AO,F12,11,4950386809.029607
AO,F12,12,7854727759.649317
AO,F12,13,6254821278.399753
AO,F12,14,4684945882.185112
AO,F12,15,9739602418.530626
AO,F12,16,7392717834.407281
AO,F12,17,4385439950.324075
AO,F12,18,2713641673.899653
AO,F12,19,8276240658.564834
AO,F12,20,2128406836.891456
AO,F12,21,3437949756.518159
AO,F12,22,4257147916.2645655
AO,F12,23,4451218306.160339
AO,F12,24,3070723900.556219
AO,F12,25,6604348871.925536
AO,F12,26,4574417026.842912
AO,F12,27,5060122082.461985
AO,F12,28,2050180846.3415523
AO,F12,29,6837654079.209564
AO,F12,30,3181714847.8984647
AO,F13,1,3580302767.767055
AO,F13,2,2300699156.0924587
AO,F13,3,1389837945.0846403
AO,F13,4,3773580235.130196
AO,F13,5,2702413017.019161
AO,F13,6,3809329775.242136
AO,F13,7,1521849594.9256322
AO,F13,8,2243475630.1636677
AO,F13,9,1251286107.141296
AO,F13,10,2964319374.809694
AO,F13,11,1625896842.5817382
AO,F13,12,2668194271.5332003
AO,F13,13,2078030424.219379
AO,F13,14,2067440354.6778758
AO,F13,15,2077127795.830967
AO,F13,16,4785807262.679256
AO,F13,17,2881287232.5273633
AO,F13,18,2309369976.515861
AO,F13,19,2422563521.6897554
AO,F13,20,1439833642.7368717
AO,F13,21,1748782190.4046445
AO,F13,22,4809060940.458541
AO,F13,23,2071332598.8780031
AO,F13,24,4105019628.6628475
AO,F13,25,2536527500.760562
AO,F13,26,2865486777.1934576
AO,F13,27,3174037629.911087
AO,F13,28,817711767.4886754
AO,F13,29,1065420614.1956701
AO,F13,30,841712188.7533411
AO,F14,1,807826.4340092358
AO,F14,2,897059.1693077598
AO,F14,3,1045189.4350015918
AO,F14,4,1330505.094893725
AO,F14,5,440181.7931418675
AO,F14,6,514324.1457076987
AO,F14,7,2909627.3119982807
AO,F14,8,818494.6984485997
AO,F14,9,1291096.9921950125
AO,F14,10,374974.20558435324
AO,F14,11,2868522.4939934793
AO,F14,12,633692.2237784996
AO,F14,13,1895155.8378227537
AO,F14,14,4518081.0434921235
AO,F14,15,888523.9206599938
AO,F14,16,312002.7171366552
AO,F14,17,667441.984172121
AO,F14,18,1357785.2429946312
AO,F14,19,2141558.0030717608
AO,F14,20,1913588.083623227
AO,F14,21,1545555.1846089093
AO,F14,22,763600.816514602
AO,F14,23,1179094.43562217
AO,F14,24,1016961.5879145971
AO,F14,25,2341162.4919807627
AO,F14,26,1862683.1794071523
AO,F14,27,1403947.7452752397
AO,F14,28,2108962.462248879
AO,F14,29,1485574.319494416
AO,F14,30,2051030.8024815083
AO,F15,1,69109443.71763259
AO,F15,2,57269121.90120809
AO,F15,3,58297241.43781473
AO,F15,4,87823875.41243435
AO,F15,5,188682272.31127727
AO,F15,6,450228775.9813966
AO,F15,7,105552535.32169767
AO,F15,8,10250526.877456624
AO,F15,9,342383569.6538341
AO,F15,10,53637718.73893977
AO,F15,11,148959377.81382132
AO,F15,12,45266594.34407041
AO,F15,13,72614613.17030522
AO,F15,14,69300493.68553051
AO,F15,15,50510902.77345081
AO,F15,16,157187504.66475403
AO,F15,17,119052424.23145011
AO,F15,18,105034003.25665787
AO,F15,19,50625961.46127791
AO,F15,20,94159920.47555743
AO,F15,21,364796232.56145394
AO,F15,22,57565360.92359501
AO,F15,23,12775757.539251799
AO,F15,24,54490430.37488926
AO,F15,25,54032949.621724896
AO,F15,26,12244166.7866318
AO,F15,27,61113336.81107046
AO,F15,28,80783101.01356132
AO,F15,29,327356438.79789793
AO,F15,30,57054961.52548136
AO,F16,1,3971.559436310008
AO,F16,2,4485.7360759544645
AO,F16,3,4436.481399735429
AO,F16,4,4922.821028051765
AO,F16,5,4355.035582294505
AO,F16,6,4624.932928729673
AO,F16,7,4392.532736510035
AO,F16,8,4482.844269632516
AO,F16,9,4711.892050790091
AO,F16,10,4182.081329134153
AO,F16,11,4744.507661659925
AO,F16,12,4577.037760631592
AO,F16,13,4700.89588177503
AO,F16,14,4961.616732229386
AO,F16,15,4798.939172786578
AO,F16,16,4052.8719218757396
AO,F16,17,4406.642882003969
AO,F16,18,4241.916031761409
AO,F16,19,4683.689106807863
AO,F16,20,5067.111909979498
AO,F16,21,4829.247535876632
AO,F16,22,4298.142532886193
AO,F16,23,4851.423661721491
AO,F16,24,3844.8182946632
AO,F16,25,4285.044278612408
AO,F16,26,4668.144697434063
AO,F16,27,4979.570209885604
AO,F16,28,5096.589295525394
AO,F16,29,4902.478197932183
AO,F16,30,4590.330985230958
AO,F17,1,2847.3209805940623
AO,F17,2,3474.9931065972332
AO,F17,3,2818.9949478628996
AO,F17,4,3996.9226813848227
AO,F17,5,3185.3170155056914
AO,F17,6,2591.230022020063
AO,F17,7,2725.849064635683
AO,F17,8,2919.1170445414946
AO,F17,9,3248.966321955042
AO,F17,10,2812.947649517498
AO,F17,11,2979.08305008892
AO,F17,12,3590.6558715452084
AO,F17,13,3412.0992923872473
AO,F17,14,3306.856782768748
AO,F17,15,2164.313981603585
AO,F17,16,3282.8156493026963
AO,F17,17,3038.1536109313374
AO,F17,18,3101.8037464639087
AO,F17,19,3174.235673528934
AO,F17,20,2408.799153055457
AO,F17,21,3433.9702297502035
AO,F17,22,3217.324889856005
AO,F17,23,2555.916017515271
AO,F17,24,2980.4403016852966
AO,F17,25,2921.976106859672
AO,F17,26,3271.180898424591
AO,F17,27,3084.3062763852413
AO,F17,28,2991.3945396345825
AO,F17,29,2896.5466324467016
AO,F17,30,2616.953996276683
AO,F18,1,36602806.61706294
AO,F18,2,16677318.679778958
AO,F18,3,22167667.809355922
AO,F18,4,2984035.194292318
AO,F18,5,13716825.139836965
AO,F18,6,29784684.668986574
AO,F18,7,54649886.359445885
AO,F18,8,1750923.9155031699
AO,F18,9,15893894.96531961
AO,F18,10,6046322.085047487
AO,F18,11,15896280.46173452
AO,F18,12,23465055.53195814
AO,F18,13,13166164.3583187
AO,F18,14,26482675.573842715
AO,F18,15,12309242.144383479
AO,F18,16,8935244.948860647
AO,F18,17,66174260.00382744
AO,F18,18,10007312.994626887
AO,F18,19,3667946.9289571354
AO,F18,20,39682478.614843786
AO,F18,21,45733366.28067808
AO,F18,22,7007182.498600208
AO,F18,23,17394240.383750584
AO,F18,24,18031662.052755732
AO,F18,25,46845572.684776515
AO,F18,26,35002814.685978994
AO,F18,27,66611116.83897436
AO,F18,28,16253339.489269877
AO,F18,29,9137686.331814192
AO,F18,30,24654681.656495217
AO,F19,1,46708307.34530898
AO,F19,2,114869744.60984321
AO,F19,3,149950410.56513873
AO,F19,4,54264782.43610194
AO,F19,5,47020018.13033059
AO,F19,6,140332828.06367275
AO,F19,7,14516899.003739495
AO,F19,8,216818475.91516492
AO,F19,9,25477771.014096767
AO,F19,10,94416442.02162464
AO,F19,11,69604395.7143696
AO,F19,12,68885210.07657397
AO,F19,13,74572116.03432912
AO,F19,14,14487908.187117673
AO,F19,15,178957305.47482687
AO,F19,16,176483155.648888
AO,F19,17,245642801.6602261
AO,F19,18,169121166.27298757
AO,F19,19,59284842.24723185
AO,F19,20,11833168.36735325
AO,F19,21,79389674.17023072
AO,F19,22,128802023.09363021
AO,F19,23,26169765.14889105
AO,F19,24,231119276.10901272
AO,F19,25,53232225.29633557
AO,F19,26,138293570.8514227
AO,F19,27,127049273.50125912
AO,F19,28,97161190.43794544
AO,F19,29,294053836.4365047
AO,F19,30,63840603.75402855
AO,F20,1,2947.0797123656266
AO,F20,2,3008.1532350677217
AO,F20,3,3136.1411199977256
AO,F20,4,3157.11645868536
AO,F20,5,3079.4246228837583
AO,F20,6,2996.0956836485957
AO,F20,7,3160.001432204088
AO,F20,8,2740.714556134482
AO,F20,9,2862.989467690379
AO,F20,10,3403.519424331427
AO,F20,11,3066.9987021956267
AO,F20,12,2879.746880641183
AO,F20,13,2866.4663830012214
AO,F20,14,3021.555148436355
AO,F20,15,2675.147457486705
AO,F20,16,2997.078122803036
AO,F20,17,2937.419344931569
AO,F20,18,3311.057721065546
AO,F20,19,2749.611879169466
AO,F20,20,3047.7253787980326
AO,F20,21,2849.3880614752634
AO,F20,22,3295.7941303389243
AO,F20,23,2930.421328950406
AO,F20,24,3101.40311679752
AO,F20,25,3005.473298477861
AO,F20,26,2961.4460656313568
AO,F20,27,3078.329879565067
AO,F20,28,3063.5669891589296
AO,F20,29,3167.302930776381
AO,F20,30,3088.8074524362096
AO,F21,1,2659.3921087347558
AO,F21,2,2697.980211064242
AO,F21,3,2669.200023055724
AO,F21,4,2699.4183174048403
AO,F21,5,2617.466734275673
AO,F21,6,2679.1175938585134
AO,F21,7,2660.4598768274177
AO,F21,8,2645.069632359267
AO,F21,9,2635.649761230337
AO,F21,10,2709.4034777093893
AO,F21,11,2699.5479444663565
AO,F21,12,2709.7481161467954
AO,F21,13,2670.0998888343324
AO,F21,14,2707.1854658239477
AO,F21,15,2695.3832199621647
AO,F21,16,2689.968932492798
AO,F21,17,2688.956499826312
AO,F21,18,2661.155119896945
AO,F21,19,2715.4816339172485
AO,F21,20,2625.9227872791903
AO,F21,21,2652.1981853620114
AO,F21,22,2681.4792072034716
AO,F21,23,2696.674261390912
AO,F21,24,2640.815361462709
AO,F21,25,2645.617588620459
AO,F21,26,2717.8012645027748
AO,F21,27,2610.991739494718
AO,F21,28,2664.5737456431066
AO,F21,29,2660.74784046312
AO,F21,30,2692.9450804033113
AO,F22,1,4591.868856377139
AO,F22,2,6470.61855431563
AO,F22,3,6148.826404958114
AO,F22,4,7551.564333325168
AO,F22,5,6432.310229308403
AO,F22,6,5868.492419891904
AO,F22,7,6260.686503403063
AO,F22,8,10678.991076609462
AO,F22,9,6280.5820145591815
AO,F22,10,10793.8104173558
AO,F22,11,4888.045132206761
AO,F22,12,7004.0176217108565
AO,F22,13,7027.193858995929
AO,F22,14,6589.718173814204
AO,F22,15,5070.1357842157595
AO,F22,16,6220.309750108698
AO,F22,17,5729.3877458566585
AO,F22,18,7339.389029342108
AO,F22,19,5601.912655864479
AO,F22,20,6068.787851959322
AO,F22,21,5517.912200791268
AO,F22,22,7446.246987731565
AO,F22,23,10867.089974442626
AO,F22,24,7145.6313514359645
AO,F22,25,7289.938218495912
AO,F22,26,5940.571551372597
AO,F22,27,6058.74763902996
AO,F22,28,5946.070850809949
AO,F22,29,6244.1252360651715
AO,F22,30,5273.312029666984
AO,F23,1,3122.383875324539
AO,F23,2,3211.815147942697
AO,F23,3,3296.898875579967
AO,F23,4,3189.64636724281
AO,F23,5,3176.1448305348804
AO,F23,6,3159.243605862678
AO,F23,7,3276.3593733784055
AO,F23,8,3219.307745262106
AO,F23,9,3208.2334919282866
AO,F23,10,3153.7298680887716
AO,F23,11,3289.3269569594117
AO,F23,12,3123.540605811438
AO,F23,13,3125.0727731960324
AO,F23,14,3176.1333144614864
AO,F23,15,3184.151778679272
AO,F23,16,3187.91534587028
AO,F23,17,3375.085491441575
AO,F23,18,3237.130183110274
AO,F23,19,3131.3220120593287
AO,F23,20,3173.9457400030287
AO,F23,21,3133.1799379892013
AO,F23,22,3232.183099418293
AO,F23,23,3277.4786357551975
AO,F23,24,3177.398793322303
AO,F23,25,3234.800574668735
AO,F23,26,3176.5367816926746
AO,F23,27,3272.3399624528206
AO,F23,28,3181.779532120841
AO,F23,29,3272.2931806664483
AO,F23,30,3155.328050513091
AO,F24,1,3379.1115949020023
AO,F24,2,3356.770763974541
AO,F24,3,3337.3223639471407
AO,F24,4,3303.3044863120704
AO,F24,5,3419.695279106185
AO,F24,6,3368.592912847855
AO,F24,7,3354.021526328396
AO,F24,8,3272.6860898585237
AO,F24,9,3382.305642623631
AO,F24,10,3344.543471686109
AO,F24,11,3412.340363338946
AO,F24,12,3319.752416153746
AO,F24,13,3361.863085560344
AO,F24,14,3265.5297018901097
AO,F24,15,3356.2567368429463
AO,F24,16,3299.953178396835
AO,F24,17,3427.4199383425757
AO,F24,18,3403.2350267480247
AO,F24,19,3325.9198221731663
AO,F24,20,3231.9884211411622
AO,F24,21,3338.5325480831725
AO,F24,22,3393.8718269493093
AO,F24,23,3309.616202112426
AO,F24,24,3316.0281701994686
AO,F24,25,3333.428983039254
AO,F24,26,3349.078116005621
AO,F24,27,3335.3039276136587
AO,F24,28,3266.604253224853
AO,F24,29,3344.901142547201
AO,F24,30,3287.887797861487
AO,F25,1,4742.733926146264
AO,F25,2,4013.298255387537
AO,F25,3,3963.713636279991
AO,F25,4,4541.322011277051
AO,F25,5,4377.350995158712
AO,F25,6,4323.958482025793
AO,F25,7,4017.3117095061084
AO,F25,8,4089.9332755046307
AO,F25,9,4087.5379507817916
AO,F25,10,3917.506285077818
AO,F25,11,4063.0541137118353
AO,F25,12,4405.766630395232
AO,F25,13,4458.914372258497
AO,F25,14,3908.0247248114492
AO,F25,15,4108.298474554853
AO,F25,16,4519.9856889281755
AO,F25,17,4276.421083970769
AO,F25,18,4238.269105113051
AO,F25,19,3985.6832271666435
AO,F25,20,4056.7304788975234
AO,F25,21,3874.750929214325
AO,F25,22,3629.827490708452
AO,F25,23,3635.2692867439646
AO,F25,24,4152.023407965042
AO,F25,25,4704.110258221333
AO,F25,26,3435.4677764557637
AO,F25,27,3949.0325851337625
AO,F25,28,3804.2052128881064
AO,F25,29,3832.808848755456
AO,F25,30,4149.309618188652
AO,F26,1,8164.48645823876
AO,F26,2,9994.972708950205
AO,F26,3,8478.30006867545
AO,F26,4,9701.606287740768
AO,F26,5,8674.312582296516
AO,F26,6,7760.53717545136
AO,F26,7,9015.635003623967
AO,F26,8,9403.791700759662
AO,F26,9,7557.405677676799
AO,F26,10,8993.176296909998
AO,F26,11,8957.68811400045
AO,F26,12,7896.155101653533
AO,F26,13,8823.714406562449
AO,F26,14,9905.79626614109
AO,F26,15,8905.01661975305
AO,F26,16,8011.89109283183
AO,F26,17,7767.03160345419
AO,F26,18,10567.368722138039
AO,F26,19,9697.918776979266
AO,F26,20,9035.46048767156
AO,F26,21,9033.358255689891
AO,F26,22,7859.6509066487
AO,F26,23,9548.416553279709
AO,F26,24,8814.903662264627
AO,F26,25,7643.976258324536
AO,F26,26,9141.050515016184
AO,F26,27,8842.115797449616
AO,F26,28,7538.15299812998
AO,F26,29,9118.441175029542
AO,F26,30,7900.0199859111435
AO,F27,1,3200.0071342308534
AO,F27,2,3200.007192774667
AO,F27,3,3200.007109663432
AO,F27,4,3200.0072266061616
AO,F27,5,3200.0071232199634
AO,F27,6,3200.007239276239
AO,F27,7,3200.007071212572
AO,F27,8,3200.007177382578
AO,F27,9,3200.0069135956483
AO,F27,10,3200.007180682703
AO,F27,11,3200.0072222014005
AO,F27,12,3200.007108327607
AO,F27,13,3200.0072861953654
AO,F27,14,3200.007248783702
AO,F27,15,3200.0072530393386
AO,F27,16,3200.007146503039
AO,F27,17,3200.007078052828
AO,F27,18,3200.007083020687
AO,F27,19,3200.007086377033
AO,F27,20,3200.007166506083
AO,F27,21,3200.0070481413263
AO,F27,22,3200.006920819131
AO,F27,23,3200.0071321992746
AO,F27,24,3200.007213045268
AO,F27,25,3200.0072521643415
AO,F27,26,3200.0071500143627
AO,F27,27,3200.007189764127
AO,F27,28,3200.0071567649384
AO,F27,29,3200.0072031598224
AO,F27,30,3200.007210036259
AO,F28,1,3299.871461576591
AO,F28,2,3299.82187435938
AO,F28,3,3299.9969438123017
AO,F28,4,3300.0026572973256
AO,F28,5,3299.952479528668
AO,F28,6,3299.8849910683234
AO,F28,7,3300.006931145301
AO,F28,8,3300.004236893292
AO,F28,9,3299.8434680246614
AO,F28,10,3299.9943530233927
AO,F28,11,3299.9565426262384
AO,F28,12,3299.974531466726
AO,F28,13,3300.0070858436525
AO,F28,14,3300.007152681558
AO,F28,15,3299.9099142668483
AO,F28,16,3299.789507124442
AO,F28,17,3299.971058732185
AO,F28,18,3300.0067038834236
AO,F28,19,3299.978495993891
AO,F28,20,3299.892668572977
AO,F28,21,3299.96081525977
AO,F28,22,3299.9965509198705
AO,F28,23,3299.7641937908693
AO,F28,24,3299.978987815179
AO,F28,25,3299.9615224313575
AO,F28,26,3299.9850630251685
AO,F28,27,3299.9851975522133
AO,F28,28,3300.002372988599
AO,F28,29,3299.8863125371076
AO,F28,30,3300.0071685167113
AO,F29,1,6012.130171680626
AO,F29,2,4576.401580274538
AO,F29,3,5242.44446702704
AO,F29,4,5818.894347431784
AO,F29,5,5166.143601005059
AO,F29,6,5166.323214460374
AO,F29,7,5129.0842896935355
AO,F29,8,5870.86564514244
AO,F29,9,5119.442538513143
AO,F29,10,5219.057293870544
AO,F29,11,5103.74138549302
AO,F29,12,4940.92359357142
AO,F29,13,5241.609221659362
AO,F29,14,5929.404848024753
AO,F29,15,5093.215097992738
AO,F29,16,5387.0742464400155
AO,F29,17,5154.853163002343
AO,F29,18,5739.33384154021
AO,F29,19,5589.5214637515255
AO,F29,20,4995.812508261502
AO,F29,21,5359.696207897952
AO,F29,22,5723.5541692612005
AO,F29,23,5085.903871644386
AO,F29,24,5393.185035779709
AO,F29,25,5519.6478705623595
AO,F29,26,5190.258628591448
AO,F29,27,5332.19080365232
AO,F29,28,5533.812761248455
AO,F29,29,5604.47130065937
AO,F29,30,5041.39471630531
AO,F30,1,318635210.54399353
AO,F30,2,313504694.80580276
AO,F30,3,144097165.2268278
AO,F30,4,295132673.01936746
AO,F30,5,426612382.56790376
AO,F30,6,326469258.9261785
AO,F30,7,440053365.1407079
AO,F30,8,460611391.3991668
AO,F30,9,175865442.29961377
AO,F30,10,160265271.91379976
AO,F30,11,260216248.1485933
AO,F30,12,459487623.970518
AO,F30,13,573743231.5024946
AO,F30,14,372197601.01148784
AO,F30,15,298702949.4829386
AO,F30,16,363193574.39861053
AO,F30,17,236858272.88807413
AO,F30,18,193126574.8626277
AO,F30,19,185739650.34829313
AO,F30,20,362894319.49924845
AO,F30,21,251445144.40600598
AO,F30,22,204887263.01729771
AO,F30,23,188075067.42597452
AO,F30,24,87942336.98889889
AO,F30,25,328831156.7068518
AO,F30,26,316247521.1612589
AO,F30,27,362382340.6540082
AO,F30,28,297922874.99057835
AO,F30,29,129720108.6585853
AO,F30,30,184198525.93841845
FTO,F1,1,44995554121.75022
FTO,F1,2,36194594410.79888
FTO,F1,3,38610316734.064995
FTO,F1,4,45303866897.89374
FTO,F1,5,44611948207.21422
FTO,F1,6,46623842604.010994
FTO,F1,7,35564742433.2743
FTO,F1,8,42856746732.77803
FTO,F1,9,47459097547.61311
FTO,F1,10,57647719991.15196
FTO,F1,11,45705057544.780785
FTO,F1,12,51044482295.914795
FTO,F1,13,39435615203.35706
FTO,F1,14,35335852483.40835
FTO,F1,15,42695863845.99853
FTO,F1,16,51651543667.64674
FTO,F1,17,37000174086.47611
FTO,F1,18,32162788568.035484
FTO,F1,19,35842380294.16086
FTO,F1,20,37151062720.32274
FTO,F1,21,42318604260.92651
FTO,F1,22,48756369426.158676
FTO,F1,23,49615834362.68671
FTO,F1,24,45251357620.45127
FTO,F1,25,51448042533.53981
FTO,F1,26,41618329335.08044
FTO,F1,27,53989478842.51852
FTO,F1,28,66260363681.09593
FTO,F1,29,62384549638.48167
FTO,F1,30,47514987697.515045
FTO,F3,1,261793.2128308876
FTO,F3,2,243656.63832373457
FTO,F3,3,274718.49887083215
FTO,F3,4,235978.70591356436
FTO,F3,5,149065.53436490553
FTO,F3,6,203518.88407696172
FTO,F3,7,258361.11578503635
FTO,F3,8,237015.40955898
FTO,F3,9,358808.5960260376
FTO,F3,10,215907.61911510405
FTO,F3,11,469163.9515072388
FTO,F3,12,212611.3816146923
FTO,F3,13,273462.9606132845
FTO,F3,14,223645.9872379508
FTO,F3,15,244557.7362766844
FTO,F3,16,343030.7867118084
FTO,F3,17,173454.28512431652
FTO,F3,18,273125.76764204015
FTO,F3,19,211723.02959639064
FTO,F3,20,194038.9586769808
FTO,F3,21,228000.18660293182
FTO,F3,22,147227.12363388535
FTO,F3,23,350425.31189058645
FTO,F3,24,109278.02241503948
FTO,F3,25,316206.61605349916
FTO,F3,26,263132.28582760587
FTO,F3,27,226615.38290355954
FTO,F3,28,142884.81169499768
FTO,F3,29,162220.37664642255
FTO,F3,30,207146.07117495986
FTO,F4,1,4848.265935227584
FTO,F4,2,6392.616487529592
FTO,F4,3,4027.9675076266612
FTO,F4,4,10886.387775515259
FTO,F4,5,6171.456798577284
FTO,F4,6,6457.0045312985185
FTO,F4,7,5531.244212324229
FTO,F4,8,7774.606771427071
FTO,F4,9,5511.409014551255
FTO,F4,10,6367.8232864518695
FTO,F4,11,7064.3471578866975
FTO,F4,12,6896.628965110282
FTO,F4,13,7660.5322328829825
FTO,F4,14,7256.999057966748
FTO,F4,15,8567.455716286899
FTO,F4,16,5073.896185696482
FTO,F4,17,5494.223203825447
FTO,F4,18,5585.313136230329
FTO,F4,19,8206.763945060507
FTO,F4,20,7270.517646666793
FTO,F4,21,6976.877678578194
FTO,F4,22,7246.6166278869605
FTO,F4,23,5736.561354499792
FTO,F4,24,6718.745060164575
FTO,F4,25,4755.817723052925
FTO,F4,26,5380.40382108838
FTO,F4,27,4982.069956955627
FTO,F4,28,7267.702982486425
FTO,F4,29,5207.195827604131
FTO,F4,30,6686.552229698738
FTO,F5,1,939.4282613952429
FTO,F5,2,936.9744878925733
FTO,F5,3,828.6601504615838
FTO,F5,4,854.1507768376516
FTO,F5,5,915.1107302597329
FTO,F5,6,869.841910174079
FTO,F5,7,879.185747861309
FTO,F5,8,839.1886527171926
FTO,F5,9,904.6769923597321
FTO,F5,10,870.7757191891527
FTO,F5,11,934.5055132113482
FTO,F5,12,883.8578146711029
FTO,F5,13,847.4021929457932
FTO,F5,14,787.3945650031856
FTO,F5,15,885.7609578355215
FTO,F5,16,836.3824372877507
FTO,F5,17,930.6004269261447
FTO,F5,18,881.9129333386713
FTO,F5,19,810.2864131465597
FTO,F5,20,765.3164920913323
FTO,F5,21,883.3966684363082
FTO,F5,22,881.3962622811105
FTO,F5,23,821.6344715619339
FTO,F5,24,804.6979278041131
FTO,F5,25,924.9699322283597
FTO,F5,26,852.948150954355
FTO,F5,27,869.9476491234393
FTO,F5,28,842.1923863839606
FTO,F5,29,965.9933753432476
FTO,F5,30,936.2631071261129
FTO,F6,1,669.8742780078813
FTO,F6,2,666.7463729065147
FTO,F6,3,666.1089043928115
FTO,F6,4,663.7797529763162
FTO,F6,5,662.9745425652916
FTO,F6,6,658.652991812814
FTO,F6,7,662.5871540923729
FTO,F6,8,648.6403666986984
FTO,F6,9,663.5206389588961
FTO,F6,10,674.4787723091938
FTO,F6,11,683.7284019923502
FTO,F6,12,666.3822949330431
FTO,F6,13,673.2460788240604
FTO,F6,14,660.8295938669738
FTO,F6,15,668.9778060160257
FTO,F6,16,665.3976419962919
FTO,F6,17,658.5555521644351
FTO,F6,18,659.5990627251168
FTO,F6,19,664.3409275844986
FTO,F6,20,666.9607356961457
FTO,F6,21,643.9055199268257
FTO,F6,22,653.8627975501016
FTO,F6,23,652.0596893559142
FTO,F6,24,668.2474474589893
FTO,F6,25,677.1624038217167
FTO,F6,26,660.5942109056666
FTO,F6,27,677.1707758701448
FTO,F6,28,671.4901788743764
FTO,F6,29,668.7722413303403
FTO,F6,30,667.3254470649849
FTO,F7,1,1962.6171887213807
FTO,F7,2,1442.27809045078
FTO,F7,3,1507.0325282568353
FTO,F7,4,1660.6338196168172
FTO,F7,5,1615.8010459214988
FTO,F7,6,1746.6974816573704
FTO,F7,7,1634.9874333478683
FTO,F7,8,1464.812935293322
FTO,F7,9,1477.6222004143697
FTO,F7,10,1684.2842132836704
FTO,F7,11,1728.5849762260518
FTO,F7,12,1756.593267929266
FTO,F7,13,1624.9228253024248
FTO,F7,14,1565.5206523637112
FTO,F7,15,1565.925433208733
FTO,F7,16,1528.35739002329
FTO,F7,17,1508.8754116301948
FTO,F7,18,1606.9763883726646
FTO,F7,19,1642.5937268418752
FTO,F7,20,1446.3867718986905
FTO,F7,21,1585.5988686854894
FTO,F7,22,1775.8569174312593
FTO,F7,23,1336.4488758631649
FTO,F7,24,1506.6185396347794
FTO,F7,25,1660.6548731033513
FTO,F7,26,1544.454746494912
FTO,F7,27,1259.2604079063738
FTO,F7,28,1749.4415821085074
FTO,F7,29,1553.3463320961698
FTO,F7,30,1575.2004349185738
FTO,F8,1,1160.1983972031255
FTO,F8,2,1108.984584777037
FTO,F8,3,1175.7763891917257
FTO,F8,4,1131.6416055624713
FTO,F8,5,1161.7292695594422
FTO,F8,6,1134.5097907808272
FTO,F8,7,1144.5980676249778
FTO,F8,8,1145.493525666048
FTO,F8,9,1173.6109795916902
FTO,F8,10,1177.1140266666873
FTO,F8,11,1064.243276627771
FTO,F8,12,1150.479823350399
FTO,F8,13,1114.7059724998724
FTO,F8,14,1162.5393143688498
FTO,F8,15,1125.4803111115673
FTO,F8,16,1194.2625673558737
FTO,F8,17,1148.3000139867738
FTO,F8,18,1122.5567085423838
FTO,F8,19,1127.1024570601394
FTO,F8,20,1136.8083865145009
FTO,F8,21,1167.9153860254519
FTO,F8,22,1135.0669096469117
FTO,F8,23,1140.0496990560237
FTO,F8,24,1163.2980569737226
FTO,F8,25,1219.6037077564304
FTO,F8,26,1170.1723990664548
FTO,F8,27,1196.0557055034008
FTO,F8,28,1147.345905660191
FTO,F8,29,1124.7780073146118
FTO,F8,30,1157.3761350481998
FTO,F9,1,12241.43838916766
FTO,F9,2,12141.400186378607
FTO,F9,3,19121.100677657912
FTO,F9,4,12937.733294985626
FTO,F9,5,12777.904288905384
FTO,F9,6,16923.332565316123
FTO,F9,7,10761.454472423828
FTO,F9,8,9666.316379830698
FTO,F9,9,18949.27924743835
FTO,F9,10,17431.957876411292
FTO,F9,11,24955.331304090487
FTO,F9,12,13336.537665574448
FTO,F9,13,12893.01298005403
FTO,F9,14,13697.130333737392
FTO,F9,15,16119.262747957697
FTO,F9,16,9932.81348345806
FTO,F9,17,11093.91577744919
FTO,F9,18,12552.631704696918
FTO,F9,19,19846.34491887123
FTO,F9,20,11210.570150254818
FTO,F9,21,15528.958984056262
FTO,F9,22,13387.144888653362
FTO,F9,23,11830.187951834112
FTO,F9,24,15725.249165677289
FTO,F9,25,17022.890247896303
FTO,F9,26,15954.313551182444
FTO,F9,27,11577.56007675427
FTO,F9,28,19312.266137345847
FTO,F9,29,17105.02620556154
FTO,F9,30,14748.855924485675
FTO,F10,1,8834.488709074903
FTO,F10,2,9100.755782246275
FTO,F10,3,8838.034790464939
FTO,F10,4,8988.8661143362
FTO,F10,5,8837.735019558088
FTO,F10,6,8114.558779426741
FTO,F10,7,8848.141150356627
FTO,F10,8,9006.953180722863
FTO,F10,9,8654.668111818644
FTO,F10,10,9054.545108042072
FTO,F10,11,9288.762627820546
FTO,F10,12,8756.088491997842
FTO,F10,13,8916.057026268601
FTO,F10,14,8337.873852228222
FTO,F10,15,8158.876550280208
FTO,F10,16,8647.52100217621
FTO,F10,17,9044.16494391346
FTO,F10,18,8580.377966161344
FTO,F10,19,8632.07978187231
FTO,F10,20,9192.159448022023
FTO,F10,21,7971.035852168178
FTO,F10,22,9251.938988621421
FTO,F10,23,8927.156924714604
FTO,F10,24,8229.547443812015
FTO,F10,25,8680.414979462352
FTO,F10,26,8703.478153229353
FTO,F10,27,8916.855637964249
FTO,F10,28,8552.935844854605
FTO,F10,29,8398.71360493147
FTO,F10,30,8962.041992474584
FTO,F11,1,30623.72243638827
FTO,F11,2,8572.954773953816
FTO,F11,3,36896.106407309846
FTO,F11,4,17786.230875563524
FTO,F11,5,32256.08016861997
FTO,F11,6,20294.390973392074
FTO,F11,7,8494.159998420822
FTO,F11,8,16018.817662809935
FTO,F11,9,18582.942669202857
FTO,F11,10,27123.55802957543
FTO,F11,11,17588.4357159591
FTO,F11,12,22551.629070863037
FTO,F11,13,24162.058435773713
FTO,F11,14,15752.057039899028
FTO,F11,15,22248.179574849513
FTO,F11,16,10265.336776439433
FTO,F11,17,14932.47452345288
FTO,F11,18,22776.25604887065
FTO,F11,19,11195.159603413806
FTO,F11,20,36032.76469709153
FTO,F11,21,13428.810555053347
FTO,F11,22,24192.73326709827
FTO,F11,23,21645.139448553688
FTO,F11,24,16076.039741341787
FTO,F11,25,40399.81161023696
FTO,F11,26,17820.75052977226
FTO,F11,27,10282.638925897973
FTO,F11,28,12826.842198937433
FTO,F11,29,30720.7689017123
FTO,F11,30,41648.011645853934
FTO,F12,1,4662986780.885158
FTO,F12,2,5105782769.141012
FTO,F12,3,3859231678.596742
FTO,F12,4,4221343201.0147786
FTO,F12,5,2571395819.288655
FTO,F12,6,3365581130.1115947
FTO,F12,7,4823657360.586861
FTO,F12,8,7703928520.597824
FTO,F12,9,4255178825.408017
FTO,F12,10,6504055279.575952
FTO,F12,11,3567569745.070435
FTO,F12,12,5673165365.791432
FTO,F12,13,3573598579.805175
FTO,F12,14,6453570502.471875
FTO,F12,15,1530591772.2546005
FTO,F12,16,4028513997.972682
FTO,F12,17,3606590904.823984
FTO,F12,18,4149126319.6168137
FTO,F12,19,2306411343.09761
FTO,F12,20,4353715936.781063
FTO,F12,21,5009241723.767289
FTO,F12,22,5461433581.895688
FTO,F12,23,5468797388.8811
FTO,F12,24,3865378883.0065618
FTO,F12,25,6804808240.748401
FTO,F12,26,3862081329.6548576
FTO,F12,27,5737746892.7824545
FTO,F12,28,7222556806.317773
FTO,F12,29,3432790803.382796
FTO,F12,30,2844940103.2647743
FTO,F13,1,1603767962.6163914
FTO,F13,2,1575463165.32055
FTO,F13,3,2745314121.888046
FTO,F13,4,1419294821.4647238
FTO,F13,5,761413160.5707464
FTO,F13,6,2057213445.5594664
FTO,F13,7,844932091.8688191
FTO,F13,8,2320385921.0746255
FTO,F13,9,1303461823.917919
FTO,F13,10,1794720453.427607
FTO,F13,11,1656712559.5724747
FTO,F13,12,513266354.8711152
FTO,F13,13,2994095324.1299562
FTO,F13,14,1650308976.0586672
FTO,F13,15,1492698505.0781178
FTO,F13,16,1444849076.1255608
FTO,F13,17,3133371354.0932026
FTO,F13,18,3891590721.632485
FTO,F13,19,1093801270.3205154
FTO,F13,20,2852534475.244373
FTO,F13,21,1732395372.805599
FTO,F13,22,1694248061.8145485
FTO,F13,23,425656230.3501422
FTO,F13,24,3328585710.2780056
FTO,F13,25,1265909676.7659986
FTO,F13,26,1661863703.0072432
FTO,F13,27,1924311431.45669
FTO,F13,28,740446339.2808344
FTO,F13,29,1505458023.4322147
FTO,F13,30,2654872695.275077
FTO,F14,1,3035195.528711845
FTO,F14,2,3809400.2681951625
FTO,F14,3,1618255.4862619343
FTO,F14,4,1881482.0187849551
FTO,F14,5,1412878.9552711751
FTO,F14,6,1327883.3985601836
FTO,F14,7,1740565.5875881114
FTO,F14,8,3173792.1539547117
FTO,F14,9,3256688.5658671693
FTO,F14,10,1614312.993522504
FTO,F14,11,4215484.958330186
FTO,F14,12,2206584.869504202
FTO,F14,13,9328534.091863764
FTO,F14,14,1849344.3140177324
FTO,F14,15,1792898.1638109034
FTO,F14,16,3735243.638605263
FTO,F14,17,1612969.5878630062
FTO,F14,18,837610.6757938572
FTO,F14,19,6131920.960155443
FTO,F14,20,3128970.8757439363
FTO,F14,21,2537173.2223285735
FTO,F14,22,1280944.494158878
FTO,F14,23,2876888.7961793565
FTO,F14,24,768559.8025439691
FTO,F14,25,2393334.934327294
FTO,F14,26,486590.48161965556
FTO,F14,27,7598877.21898358
FTO,F14,28,289296.55766961025
FTO,F14,29,1052139.1520250635
FTO,F14,30,1906654.8017209857
FTO,F15,1,153051412.75240484
FTO,F15,2,158777857.21852773
FTO,F15,3,248943326.70140225
FTO,F15,4,508753552.07181406
FTO,F15,5,378692402.4368151
FTO,F15,6,287032844.64497334
FTO,F15,7,287584540.1487335
FTO,F15,8,215778532.99147642
FTO,F15,9,309188463.02223104
FTO,F15,10,297776473.6696741
FTO,F15,11,259662567.90683284
FTO,F15,12,1074916695.34454
FTO,F15,13,229464059.73932508
FTO,F15,14,184028502.76263866
FTO,F15,15,566754482.1455203
FTO,F15,16,573318057.6900038
FTO,F15,17,375133720.9120866
FTO,F15,18,219304139.45107833
FTO,F15,19,374388725.2899529
FTO,F15,20,414209710.426971
FTO,F15,21,83145576.62074544
FTO,F15,22,574645108.0542258
FTO,F15,23,51723390.32140382
FTO,F15,24,176990863.07973182
FTO,F15,25,566589667.174705
FTO,F15,26,133452141.7104064
FTO,F15,27,574499503.0454184
FTO,F15,28,165039583.0925136
FTO,F15,29,399849319.33229494
FTO,F15,30,482568836.1880301
FTO,F16,1,4645.274184995925
FTO,F16,2,4394.308543096868
FTO,F16,3,4504.247591774585
FTO,F16,4,5074.85334558727
FTO,F16,5,4842.093521543656
FTO,F16,6,4753.967922936998
FTO,F16,7,4771.693117657506
FTO,F16,8,3613.700987157689
FTO,F16,9,5097.551011894895
FTO,F16,10,4676.651119905474
FTO,F16,11,3950.1641303839087
FTO,F16,12,4429.686555188515
FTO,F16,13,5059.468225471843
FTO,F16,14,4759.830479067494
FTO,F16,15,4721.219763217279
FTO,F16,16,4006.4582233285537
FTO,F16,17,4825.719515383645
FTO,F16,18,4591.994443945476
FTO,F16,19,4887.355219247686
FTO,F16,20,4343.5328197273675
FTO,F16,21,5086.431986013122
FTO,F16,22,4651.778158596375
FTO,F16,23,4614.434330833902
FTO,F16,24,4728.668347160545
FTO,F16,25,4502.379434186447
FTO,F16,26,4607.878765439393
FTO,F16,27,4430.42099119821
FTO,F16,28,5191.593602368152
FTO,F16,29,4767.019996445058
FTO,F16,30,5019.00813721337
FTO,F17,1,3440.544710443471
FTO,F17,2,3630.5093306882427
FTO,F17,3,3356.590480760792
FTO,F17,4,3103.113676063469
FTO,F17,5,3114.5674135723775
FTO,F17,6,3482.5391329643385
FTO,F17,7,3429.4326354856466
FTO,F17,8,3520.8167265595484
FTO,F17,9,2923.303080493384
FTO,F17,10,2780.505915703302
FTO,F17,11,3142.9484342857068
FTO,F17,12,2797.2916397535582
FTO,F17,13,3230.081889633575
FTO,F17,14,3169.965112837287
FTO,F17,15,3311.70233804515
FTO,F17,16,3817.2457611515156
FTO,F17,17,3434.760835401469
FTO,F17,18,3465.3742273871444
FTO,F17,19,3113.9344316856955
FTO,F17,20,3502.043026998006
FTO,F17,21,3295.2472604347236
FTO,F17,22,3366.5888438679863
FTO,F17,23,3113.2112131690837
FTO,F17,24,3460.6457817144733
FTO,F17,25,3447.9147544919947
FTO,F17,26,3174.1070280419144
FTO,F17,27,3246.4793305169487
FTO,F17,28,3453.9736499348965
FTO,F17,29,3325.5751734572464
FTO,F17,30,3356.5617584401807
FTO,F18,1,50749578.5461123
FTO,F18,2,19810889.346139096
FTO,F18,3,34190838.31371653
FTO,F18,4,47495365.83552861
FTO,F18,5,12492035.153776575
FTO,F18,6,5225565.746273703
FTO,F18,7,60893439.18927508
FTO,F18,8,38992819.1198731
FTO,F18,9,25504026.842812374
FTO,F18,10,64623996.16567888
FTO,F18,11,25301306.613267
FTO,F18,12,18400172.638743393
FTO,F18,13,16667855.923943022
FTO,F18,14,34262371.02212036
FTO,F18,15,61550321.24972146
FTO,F18,16,33534878.951211922
FTO,F18,17,43617546.06291705
FTO,F18,18,13161714.014965689
FTO,F18,19,38563848.090457946
FTO,F18,20,81028254.93586282
FTO,F18,21,43516055.413484685
FTO,F18,22,28925295.707922034
FTO,F18,23,19559093.443976477
FTO,F18,24,3930363.2758798306
FTO,F18,25,29296425.215624377
FTO,F18,26,8618209.776294759
FTO,F18,27,42260068.09189555
FTO,F18,28,49869495.35719453
FTO,F18,29,48662607.23694414
FTO,F18,30,51231168.00914514
FTO,F19,1,304947336.95484746
FTO,F19,2,717420602.4965729
FTO,F19,3,297648762.424718
FTO,F19,4,524910226.5219422
FTO,F19,5,146345089.71824667
FTO,F19,6,325760143.0504035
FTO,F19,7,289121040.07534707
FTO,F19,8,91085911.53138603
FTO,F19,9,439517855.17037404
FTO,F19,10,344487823.2209365
FTO,F19,11,461079482.6869552
FTO,F19,12,89164000.48683557
FTO,F19,13,501270206.3891733
FTO,F19,14,570406911.1171341
FTO,F19,15,1041334965.0668008
FTO,F19,16,323324171.09947455
FTO,F19,17,307248008.26842153
FTO,F19,18,651861247.6481433
FTO,F19,19,361701933.7744995
FTO,F19,20,240030472.74154165
FTO,F19,21,2289073548.023543
FTO,F19,22,449716001.8318049
FTO,F19,23,574886018.2135311
FTO,F19,24,452421317.5235936
FTO,F19,25,157739554.30522016
FTO,F19,26,272638265.0827831
FTO,F19,27,1341261664.4708998
FTO,F19,28,876150178.5152923
FTO,F19,29,586317687.2775471
FTO,F19,30,151501475.0827184
FTO,F20,1,3201.9482255469575
FTO,F20,2,3123.3189759439447
FTO,F20,3,3199.4423050772566
FTO,F20,4,3076.343405542802
FTO,F20,5,3208.7036838838912
FTO,F20,6,3018.134873746978
FTO,F20,7,3246.549143281125
FTO,F20,8,3087.8446797263773
FTO,F20,9,3239.921603434768
FTO,F20,10,3047.049693272025
FTO,F20,11,3010.2826448854835
FTO,F20,12,3240.1387463218784
FTO,F20,13,3169.3340549998866
FTO,F20,14,2938.5609818648054
FTO,F20,15,3242.60674555128
FTO,F20,16,3062.6606325477346
FTO,F20,17,3028.026448087993
FTO,F20,18,3237.3150874882913
FTO,F20,19,3206.4933111754376
FTO,F20,20,3075.215633087893
FTO,F20,21,2832.7509231161603
FTO,F20,22,2854.248000783329
FTO,F20,23,2929.9533682753945
FTO,F20,24,3168.433671511112
FTO,F20,25,3030.700507739968
FTO,F20,26,3150.4477605446946
FTO,F20,27,3275.468329780566
FTO,F20,28,3091.9189195465797
FTO,F20,29,3231.943645782443
FTO,F20,30,3200.053574380785
FTO,F21,1,2681.639837096603
FTO,F21,2,2640.7337096504384
FTO,F21,3,2644.239797357616
FTO,F21,4,2635.890077579902
FTO,F21,5,2627.891143948992
FTO,F21,6,2605.5368218206113
FTO,F21,7,2647.47763821104
FTO,F21,8,2620.3410815352777
FTO,F21,9,2605.2360582736787
FTO,F21,10,2595.6474711791016
FTO,F21,11,2630.453390196719
FTO,F21,12,2593.3028086862605
FTO,F21,13,2637.830367532193
FTO,F21,14,2650.0829672182304
FTO,F21,15,2679.402476669716
FTO,F21,16,2641.480662357229
FTO,F21,17,2677.6428096880663
FTO,F21,18,2643.639996760138
FTO,F21,19,2719.7517188507663
FTO,F21,20,2666.5295471138893
FTO,F21,21,2676.854150664849
FTO,F21,22,2625.2284070460046
FTO,F21,23,2693.1288329047748
FTO,F21,24,2688.2692644849108
FTO,F21,25,2651.0696312407367
FTO,F21,26,2642.332137593413
FTO,F21,27,2651.437314425499
FTO,F21,28,2628.892704412646
FTO,F21,29,2669.931036374678
FTO,F21,30,2607.761142099836
FTO,F22,1,9879.301011803469
FTO,F22,2,10063.476416676622
FTO,F22,3,7793.211863371638
FTO,F22,4,9796.587377203628
FTO,F22,5,10064.037362191933
FTO,F22,6,10208.596161640662
FTO,F22,7,10219.007193993875
FTO,F22,8,10074.046634627273
FTO,F22,9,10101.824251784496
FTO,F22,10,10315.43187816645
FTO,F22,11,9979.5198242273
FTO,F22,12,9976.589325311688
FTO,F22,13,10411.511193779552
FTO,F22,14,9811.505218147857
FTO,F22,15,10059.677563738001
FTO,F22,16,10217.712770385544
FTO,F22,17,10185.536905764919
FTO,F22,18,10282.128604600282
FTO,F22,19,9896.689649866903
FTO,F22,20,9956.501302790322
FTO,F22,21,9861.397165391729
FTO,F22,22,10431.561492389477
FTO,F22,23,9962.65126277391
FTO,F22,24,10437.793745205097
FTO,F22,25,10033.19394178452
FTO,F22,26,10192.945778266283
FTO,F22,27,9995.874446589549
FTO,F22,28,9602.02105821251
FTO,F22,29,10024.69504468761
FTO,F22,30,9842.857667521344
FTO,F23,1,3164.7226352003963
FTO,F23,2,3142.3197393849086
FTO,F23,3,3209.1169690605384
FTO,F23,4,3123.1655431809545
FTO,F23,5,3086.137467959298
FTO,F23,6,3107.437066272496
FTO,F23,7,3100.7918013382796
FTO,F23,8,3095.724570390231
FTO,F23,9,3137.246054557643
FTO,F23,10,3166.343035019606
FTO,F23,11,3098.509544021195
FTO,F23,12,3108.3880027458426
FTO,F23,13,3178.2490940661946
FTO,F23,14,3116.647828467474
FTO,F23,15,3239.3073417255837
FTO,F23,16,3122.623183522555
FTO,F23,17,3202.178416104355
FTO,F23,18,3179.5531871154926
FTO,F23,19,3111.2683529416227
FTO,F23,20,3211.1023235700613
FTO,F23,21,3154.8605390562225
FTO,F23,22,3168.3700538687162
FTO,F23,23,3271.637471382219
FTO,F23,24,3153.640390557405
FTO,F23,25,3127.8936234181456
FTO,F23,26,3150.124808565079
FTO,F23,27,3180.2803980588815
FTO,F23,28,3129.1559087760124
FTO,F23,29,3092.3445806467025
FTO,F23,30,3172.818292870017
FTO,F24,1,3304.6205463322203
FTO,F24,2,3292.261076577016
FTO,F24,3,3264.5579892601136
FTO,F24,4,3222.967253115635
FTO,F24,5,3189.6693773297106
FTO,F24,6,3286.876368813857
FTO,F24,7,3268.1645042108703
FTO,F24,8,3254.9176783456583
FTO,F24,9,3251.667333751786
FTO,F24,10,3284.960183836439
FTO,F24,11,3282.4467929551174
FTO,F24,12,3272.2823941314027
FTO,F24,13,3205.375174563556
FTO,F24,14,3243.9331433117413
FTO,F24,15,3274.469613703287
FTO,F24,16,3244.4262698683006
FTO,F24,17,3327.762583385732
FTO,F24,18,3261.419937823899
FTO,F24,19,3335.12113570215
FTO,F24,20,3312.9048090935366
FTO,F24,21,3208.4754556652033
FTO,F24,22,3259.657862444865
FTO,F24,23,3351.7419243822474
FTO,F24,24,3337.945248734294
FTO,F24,25,3213.4175635254624
FTO,F24,26,3264.8172737353625
FTO,F24,27,3283.8979656934093
FTO,F24,28,3286.360730287311
FTO,F24,29,3277.423095680933
FTO,F24,30,3268.701876538593
FTO,F25,1,6928.889318998044
FTO,F25,2,4686.116184947859
FTO,F25,3,5257.922849458899
FTO,F25,4,5972.524166501117
FTO,F25,5,5657.188537699306
FTO,F25,6,4587.238495558743
FTO,F25,7,4848.183119690419
FTO,F25,8,5938.5938320615915
FTO,F25,9,4094.457024532174
FTO,F25,10,4944.709095859618
FTO,F25,11,5497.3076051942735
FTO,F25,12,5624.712384522922
FTO,F25,13,7108.4220665007515
FTO,F25,14,5667.2902830702515
FTO,F25,15,5096.462502727998
FTO,F25,16,6416.7520315871725
FTO,F25,17,4491.140379677274
FTO,F25,18,4686.6931851275285
FTO,F25,19,5034.187021540818
FTO,F25,20,5424.563148048766
FTO,F25,21,6052.590564455133
FTO,F25,22,5442.275807917454
FTO,F25,23,4410.70359048867
FTO,F25,24,5140.339214064457
FTO,F25,25,5023.419250003991
FTO,F25,26,6377.80348038167
FTO,F25,27,5540.7532645968995
FTO,F25,28,4288.258393949009
FTO,F25,29,4867.782159816774
FTO,F25,30,6321.148362791138
FTO,F26,1,10075.039028048672
FTO,F26,2,9235.295850026152
FTO,F26,3,10212.382434664905
FTO,F26,4,10346.060416972974
FTO,F26,5,9644.397497154783
FTO,F26,6,9469.707246778595
FTO,F26,7,8704.726336634594
FTO,F26,8,8836.078062269085
FTO,F26,9,9781.66967180556
FTO,F26,10,9087.997420143443
FTO,F26,11,9638.482500214222
FTO,F26,12,10293.611931177435
FTO,F26,13,9819.45634190901
FTO,F26,14,9116.831158081826
FTO,F26,15,9663.141738427053
FTO,F26,16,8406.289261955886
FTO,F26,17,10339.29293468237
FTO,F26,18,9008.755558416338
FTO,F26,19,9293.30302268993
FTO,F26,20,9595.813582022321
FTO,F26,21,10281.84858141809
FTO,F26,22,10064.681618986066
FTO,F26,23,9252.8261149231
FTO,F26,24,10458.385193412463
FTO,F26,25,9334.260208933872
FTO,F26,26,10407.571505833956
FTO,F26,27,9567.253880277072
FTO,F26,28,10488.737004100061
FTO,F26,29,9560.473958956376
FTO,F26,30,10115.62462150191
FTO,F27,1,3329.6061382713924
FTO,F27,2,3456.798750977082
FTO,F27,3,3200.0075000175557
FTO,F27,4,3496.4540254631092
FTO,F27,5,3200.0074885103336
FTO,F27,6,3200.007496723518
FTO,F27,7,3477.2086060379092
FTO,F27,8,3260.78102655927
FTO,F27,9,3201.575550221206
FTO,F27,10,3273.708751574329
FTO,F27,11,3288.99522484936
FTO,F27,12,3201.926572292665
FTO,F27,13,3200.007428970387
FTO,F27,14,3203.4342799827805
FTO,F27,15,3200.0380120824666
FTO,F27,16,3209.4944783955134
FTO,F27,17,3200.0093975590003
FTO,F27,18,3200.4982043405394
FTO,F27,19,3208.3231502982753
FTO,F27,20,3200.0403693982817
FTO,F27,21,3200.1099263543065
FTO,F27,22,3200.0074468859125
FTO,F27,23,3200.0074996880703
FTO,F27,24,3320.028353247855
FTO,F27,25,3200.025703073429
FTO,F27,26,3200.007497404029
FTO,F27,27,3222.0252529672275
FTO,F27,28,3200.0074934705444
FTO,F27,29,3223.7471922264103
FTO,F27,30,3205.3168039068305
FTO,F28,1,3300.14415768494
FTO,F28,2,3859.2593094296217
FTO,F28,3,3300.007438493628
FTO,F28,4,3300.0077520992218
FTO,F28,5,3300.007454226788
FTO,F28,6,3300.0074994787287
FTO,F28,7,5592.425751149192
FTO,F28,8,3775.897816484351
FTO,F28,9,4583.119895048772
FTO,F28,10,3324.4267540955825
FTO,F28,11,3300.7966372948385
FTO,F28,12,3300.008640402089
FTO,F28,13,3300.016743679337
FTO,F28,14,3300.0436963671577
FTO,F28,15,4394.753747851445
FTO,F28,16,3300.0075000059182
FTO,F28,17,3300.007468815853
FTO,F28,18,3300.036302478976
FTO,F28,19,3300.0078584776024
FTO,F28,20,3300.0080804630543
FTO,F28,21,3300.008023922879
FTO,F28,22,3300.0074998204636
FTO,F28,23,3300.007498996447
FTO,F28,24,3300.015428346779
FTO,F28,25,3300.007482463947
FTO,F28,26,3300.007417757536
FTO,F28,27,3300.0075232652707
FTO,F28,28,3300.007501669387
FTO,F28,29,3300.0074265956055
FTO,F28,30,4184.741401542471
FTO,F29,1,6537.561832093696
FTO,F29,2,6197.703679017874
FTO,F29,3,6260.683714556077
FTO,F29,4,5270.363482890492
FTO,F29,5,6218.088850125721
FTO,F29,6,6218.557875825332
FTO,F29,7,5667.207354058946
FTO,F29,8,4957.459537343408
FTO,F29,9,6504.802709943372
FTO,F29,10,6079.685311586181
FTO,F29,11,6015.632662361877
FTO,F29,12,5772.562207467981
FTO,F29,13,6222.307989819105
FTO,F29,14,5811.907280816942
FTO,F29,15,6753.956312144146
FTO,F29,16,5347.223483531693
FTO,F29,17,5680.116356179578
FTO,F29,18,6461.113963809498
FTO,F29,19,5868.943501786383
FTO,F29,20,6103.524552519226
FTO,F29,21,6183.854068940362
FTO,F29,22,6691.013811672592
FTO,F29,23,6093.834701972572
FTO,F29,24,5920.405672315024
FTO,F29,25,6349.171010212792
FTO,F29,26,5220.953135875605
FTO,F29,27,5652.929732572209
FTO,F29,28,6323.86733503869
FTO,F29,29,6308.054621092453
FTO,F29,30,5579.395593160871
FTO,F30,1,248441176.42838407
FTO,F30,2,123708424.5940398
FTO,F30,3,248918522.56339487
FTO,F30,4,547813208.1572939
FTO,F30,5,272448825.87305975
FTO,F30,6,156565137.9957953
FTO,F30,7,449947532.26079714
FTO,F30,8,289049890.6401494
FTO,F30,9,212805658.7862227
FTO,F30,10,213138896.6468959
FTO,F30,11,169930390.9142586
FTO,F30,12,188403376.42717725
FTO,F30,13,337983776.4620196
FTO,F30,14,366584105.1441288
FTO,F30,15,343173220.208894
FTO,F30,16,97859058.34775725
FTO,F30,17,372018641.819842
FTO,F30,18,165658218.217131
FTO,F30,19,141909893.03305504
FTO,F30,20,323747312.8766865
FTO,F30,21,329289794.4671388
FTO,F30,22,200800010.6961461
FTO,F30,23,345004652.29721856
FTO,F30,24,491012702.85732037
FTO,F30,25,386509245.17300284
FTO,F30,26,439040300.1668579
FTO,F30,27,172537451.75864458
FTO,F30,28,288312411.2000699
FTO,F30,29,372172666.6200965
FTO,F30,30,259521226.69583213
