algorithm,function,run,final_error
LCFO,F1,1,2157229.155253858
LCFO,F1,2,7602669.801776034
LCFO,F1,3,10573874.920018492
LCFO,F1,4,3871837.2154746475
LCFO,F1,5,15583678.908227785
LCFO,F1,6,7719295.496252203
LCFO,F1,7,5363384.223628072
LCFO,F1,8,9571537.871298034
LCFO,F1,9,3521045.616532177
LCFO,F1,10,6121631.766051451
LCFO,F1,11,7322910.31255809
LCFO,F1,12,5255335.414986527
LCFO,F1,13,3968458.5815393217
LCFO,F1,14,6385102.4083001865
LCFO,F1,15,8197245.867105422
LCFO,F1,16,5083333.543068543
LCFO,F1,17,6922572.910893176
LCFO,F1,18,3614085.528802873
LCFO,F1,19,6441070.945083281
LCFO,F1,20,47450173.10414629
LCFO,F1,21,5905012.609837069
LCFO,F1,22,3009964.60279386
LCFO,F1,23,3376962.968004103
LCFO,F1,24,6418649.361953405
LCFO,F1,25,9394033.288806383
LCFO,F1,26,10411108.350129737
LCFO,F1,27,4089560.402156894
LCFO,F1,28,4769702.319025299
LCFO,F1,29,3417324.883564997
LCFO,F1,30,6225356.834209494
LCFO,F3,1,152179.8244296503
LCFO,F3,2,143680.31045212533
LCFO,F3,3,170706.52951371355
LCFO,F3,4,139440.3863838245
LCFO,F3,5,115982.70500586208
LCFO,F3,6,159196.4780877623
LCFO,F3,7,186406.92066029605
LCFO,F3,8,164458.43030189947
LCFO,F3,9,170298.4772349457
LCFO,F3,10,150529.16065429707
LCFO,F3,11,157647.69355033644
LCFO,F3,12,583219.920711735
LCFO,F3,13,202100.3658592905
LCFO,F3,14,190772.26158055634
LCFO,F3,15,165870.79851355826
LCFO,F3,16,157773.19542587042
LCFO,F3,17,138630.8146431916
LCFO,F3,18,159341.90518775882
LCFO,F3,19,544582.8151579335
LCFO,F3,20,153917.44984709975
LCFO,F3,21,148516.89501972002
LCFO,F3,22,178789.73504880612
LCFO,F3,23,164850.55790259436
LCFO,F3,24,174113.5435686596
LCFO,F3,25,111781.66411002171
LCFO,F3,26,188832.0773866342
LCFO,F3,27,186294.59213237904
LCFO,F3,28,151983.66460910038
LCFO,F3,29,130746.20743023779
LCFO,F3,30,192526.14760966532
LCFO,F4,1,734.7017180934358
LCFO,F4,2,678.4932517713537
LCFO,F4,3,742.9930519256486
LCFO,F4,4,691.6393113664316
LCFO,F4,5,654.4369921527698
LCFO,F4,6,726.7609610978659
LCFO,F4,7,816.7085917482983
LCFO,F4,8,826.6454837178225
LCFO,F4,9,772.496863844877
LCFO,F4,10,768.1259645613507
LCFO,F4,11,717.7409985725888
LCFO,F4,12,688.6449029529742
LCFO,F4,13,792.9577894102458
LCFO,F4,14,732.5678114085351
LCFO,F4,15,716.6151637933852
LCFO,F4,16,761.0751240188371
LCFO,F4,17,845.2064006919092
LCFO,F4,18,761.746616203133
LCFO,F4,19,767.5321948318127
LCFO,F4,20,783.1188371523879
LCFO,F4,21,744.0768232021187
LCFO,F4,22,744.0401104409179
LCFO,F4,23,685.1235838241267
LCFO,F4,24,778.2746396075561
LCFO,F4,25,782.3529330324391
LCFO,F4,26,832.2562378335165
LCFO,F4,27,714.7556108092615
LCFO,F4,28,696.0820498128584
LCFO,F4,29,744.8451779708746
LCFO,F4,30,761.24222693952
LCFO,F5,1,872.1955406517396
LCFO,F5,2,963.8334687870006
LCFO,F5,3,886.318652451529
LCFO,F5,4,902.4186605343386
LCFO,F5,5,879.3926127032864
LCFO,F5,6,952.1325972268633
LCFO,F5,7,898.9019902953038
LCFO,F5,8,896.3279191340173
LCFO,F5,9,921.6555510731874
LCFO,F5,10,908.2570881293595
LCFO,F5,11,864.1988367369581
LCFO,F5,12,894.9507926418895
LCFO,F5,13,948.5365767228191
LCFO,F5,14,910.2922793744299
LCFO,F5,15,917.4985115623579
LCFO,F5,16,878.2041016312174
LCFO,F5,17,930.9923966311314
LCFO,F5,18,893.0727424092032
LCFO,F5,19,868.787954984026
LCFO,F5,20,918.9076770326615
LCFO,F5,21,929.7379569572025
LCFO,F5,22,913.0352096433842
LCFO,F5,23,836.8147847314121
LCFO,F5,24,910.1738280597131
LCFO,F5,25,917.5689497236872
LCFO,F5,26,902.1631313119765
LCFO,F5,27,873.9509958954848
LCFO,F5,28,910.753077095901
LCFO,F5,29,892.8458898739553
LCFO,F5,30,871.2359889720208
LCFO,F6,1,608.5374100400672
LCFO,F6,2,604.0170815879563
LCFO,F6,3,607.4389299066612
LCFO,F6,4,605.0525950912258
LCFO,F6,5,602.7006135209757
LCFO,F6,6,605.0376260609639
LCFO,F6,7,608.4884487253732
LCFO,F6,8,607.0037058367632
LCFO,F6,9,606.6436716350382
LCFO,F6,10,604.8578956745623
LCFO,F6,11,602.9822586923937
LCFO,F6,12,603.7315343761456
LCFO,F6,13,609.2838282955374
LCFO,F6,14,605.9374630697868
LCFO,F6,15,605.7136962216667
LCFO,F6,16,602.6904591371144
LCFO,F6,17,603.8596953702826
LCFO,F6,18,605.6462901474949
LCFO,F6,19,604.1139424289566
LCFO,F6,20,603.0536510812988
LCFO,F6,21,602.1877930395173
LCFO,F6,22,604.1665833861682
LCFO,F6,23,605.5764904271246
LCFO,F6,24,602.7967661539456
LCFO,F6,25,606.4137211704581
LCFO,F6,26,606.0040839806039
LCFO,F6,27,605.6684298234985
LCFO,F6,28,605.9507406515364
LCFO,F6,29,602.4607739652309
LCFO,F6,30,606.2837545421856
LCFO,F7,1,1449.2607276018325
LCFO,F7,2,1342.9400572665609
LCFO,F7,3,1296.9020317699367
LCFO,F7,4,1316.3914312607965
LCFO,F7,5,1298.598464541149
LCFO,F7,6,1334.7462334130664
LCFO,F7,7,1324.9237938001925
LCFO,F7,8,1292.3222037050703
LCFO,F7,9,1246.213409287553
LCFO,F7,10,1270.2932882591344
LCFO,F7,11,1354.7366814279328
LCFO,F7,12,1243.2179845826174
LCFO,F7,13,1326.6184916566153
LCFO,F7,14,1322.9807278702065
LCFO,F7,15,1269.0799649474461
LCFO,F7,16,1322.2436437713584
LCFO,F7,17,1350.5724023277644
LCFO,F7,18,1335.2475890512128
LCFO,F7,19,1307.4693865521863
LCFO,F7,20,1399.4659591410564
LCFO,F7,21,1324.6335634764907
LCFO,F7,22,1329.5213837899546
LCFO,F7,23,1302.2455394787282
LCFO,F7,24,1300.816537357487
LCFO,F7,25,1323.3663902627252
LCFO,F7,26,1309.8143559346877
LCFO,F7,27,1370.786759744943
LCFO,F7,28,1447.1083752240247
LCFO,F7,29,1299.1525687121677
LCFO,F7,30,1310.396144224678
LCFO,F8,1,1185.3969443967144
LCFO,F8,2,1181.9138985797408
LCFO,F8,3,1153.0458610743108
LCFO,F8,4,1171.962675688294
LCFO,F8,5,1222.957840996313
LCFO,F8,6,1239.1974722973132
LCFO,F8,7,1190.51871708726
LCFO,F8,8,1223.8967215108516
LCFO,F8,9,1197.3706016316034
LCFO,F8,10,1184.026831286591
LCFO,F8,11,1220.141560304229
LCFO,F8,12,1139.114495788887
LCFO,F8,13,1211.61574608169
LCFO,F8,14,1213.4265489385334
LCFO,F8,15,1230.9550087372222
LCFO,F8,16,1140.6974429035192
LCFO,F8,17,1137.9716446155212
LCFO,F8,18,1148.7511401256288
LCFO,F8,19,1233.437126973232
LCFO,F8,20,1171.309580550855
LCFO,F8,21,1153.6548603156505
LCFO,F8,22,1211.2534230758617
LCFO,F8,23,1232.9997241101983
LCFO,F8,24,1198.9922732416796
LCFO,F8,25,1184.986329868926
LCFO,F8,26,1153.9198741342448
LCFO,F8,27,1227.1504386423887
LCFO,F8,28,1171.3941377594876
LCFO,F8,29,1197.6978027628504
LCFO,F8,30,1210.711699811763
LCFO,F9,1,3574.5942963486496
LCFO,F9,2,4136.15429064313
LCFO,F9,3,3615.5754665217373
LCFO,F9,4,4242.702726434538
LCFO,F9,5,5882.511253976923
LCFO,F9,6,5108.340847364048
LCFO,F9,7,4192.421075831489
LCFO,F9,8,4041.376821010772
LCFO,F9,9,2543.333696205522
LCFO,F9,10,7300.49517578515
LCFO,F9,11,3267.481942834339
LCFO,F9,12,3546.3779527042125
LCFO,F9,13,6335.65563909827
LCFO,F9,14,3179.4079405837874
LCFO,F9,15,5330.89330748499
LCFO,F9,16,5075.566047671811
LCFO,F9,17,2402.681415959071
LCFO,F9,18,4185.323979859904
LCFO,F9,19,4294.895579165702
LCFO,F9,20,4961.0695216297
LCFO,F9,21,8428.002177829285
LCFO,F9,22,4052.620681208045
LCFO,F9,23,3678.320988695321
LCFO,F9,24,3950.68764020237
LCFO,F9,25,3797.695075116476
LCFO,F9,26,4135.906981122937
LCFO,F9,27,3193.92259968302
LCFO,F9,28,4657.86006688966
LCFO,F9,29,5459.256832098433
LCFO,F9,30,3276.0761863839757
LCFO,F10,1,20300.81771586708
LCFO,F10,2,19913.161900645184
LCFO,F10,3,20499.083045026855
LCFO,F10,4,19658.262919722027
LCFO,F10,5,20094.269343653425
LCFO,F10,6,19649.602438728252
LCFO,F10,7,20283.603716036785
LCFO,F10,8,21292.202054871508
LCFO,F10,9,19931.13675506251
LCFO,F10,10,19703.169543476037
LCFO,F10,11,21847.10869091758
LCFO,F10,12,19031.776540030438
LCFO,F10,13,19883.357835701914
LCFO,F10,14,19927.304116208936
LCFO,F10,15,20096.611749489006
LCFO,F10,16,21280.187135033848
LCFO,F10,17,19761.729869374365
LCFO,F10,18,18991.401874969393
LCFO,F10,19,19598.143090860103
LCFO,F10,20,20139.690346758292
LCFO,F10,21,20056.73399899254
LCFO,F10,22,20870.84221784053
LCFO,F10,23,20441.103289213414
LCFO,F10,24,20638.582707825768
LCFO,F10,25,21044.61916617453
LCFO,F10,26,18667.21870128428
LCFO,F10,27,21138.799717123435
LCFO,F10,28,20161.27564046748
LCFO,F10,29,20090.402562122978
LCFO,F10,30,21016.174823001686
LCFO,F11,1,3754.051603740668
LCFO,F11,2,2990.7062311910995
LCFO,F11,3,3762.5280211009845
LCFO,F11,4,4169.924172664458
LCFO,F11,5,3470.7145566124073
LCFO,F11,6,3723.860484669853
LCFO,F11,7,4194.444880058289
LCFO,F11,8,4890.419913755726
LCFO,F11,9,4449.803200115815
LCFO,F11,10,3077.7254765127504
LCFO,F11,11,3669.565249894955
LCFO,F11,12,62407.81450858616
LCFO,F11,13,3075.52513493421
LCFO,F11,14,3294.4982788593306
LCFO,F11,15,3472.835456150262
LCFO,F11,16,44803.95293745491
LCFO,F11,17,4271.614971665537
LCFO,F11,18,3687.111714506362
LCFO,F11,19,4427.70155680531
LCFO,F11,20,3733.4233123779086
LCFO,F11,21,3379.919838977073
LCFO,F11,22,4238.034268986132
LCFO,F11,23,3413.882479135133
LCFO,F11,24,4445.058786092183
LCFO,F11,25,3823.5425799959175
LCFO,F11,26,3751.572941824785
LCFO,F11,27,3464.7347188881467
LCFO,F11,28,4158.149567459344
LCFO,F11,29,5401.521509472293
LCFO,F11,30,5034.593887921289
LCFO,F12,1,3504654.2147190366
LCFO,F12,2,3373387.791494749
LCFO,F12,3,8172366.161111073
LCFO,F12,4,7073565.475970802
LCFO,F12,5,12822171.617543913
LCFO,F12,6,5599415.466667985
LCFO,F12,7,4739859.262585775
LCFO,F12,8,5455944.016335633
LCFO,F12,9,5937772.681802945
LCFO,F12,10,4345992.812549181
LCFO,F12,11,15451881.418502264
LCFO,F12,12,3315162.1320752124
LCFO,F12,13,3083889.171439511
LCFO,F12,14,8725038.141702717
LCFO,F12,15,3668902.9875874347
LCFO,F12,16,5644646.81426357
LCFO,F12,17,15927268.743326655
LCFO,F12,18,7741790.142302804
LCFO,F12,19,5123620.354568181
LCFO,F12,20,5540930.27437985
LCFO,F12,21,17733294.05960806
LCFO,F12,22,4090524.547427204
LCFO,F12,23,5136513.358545079
LCFO,F12,24,4831860.084221464
LCFO,F12,25,3056489.5641404623
LCFO,F12,26,7997044.153956827
LCFO,F12,27,8717215.52344173
LCFO,F12,28,13587094.59553189
LCFO,F12,29,4118481.9298652834
LCFO,F12,30,4873019.922853006
LCFO,F13,1,5134.958109215556
LCFO,F13,2,10443.89675053203
LCFO,F13,3,4709.564275612607
LCFO,F13,4,8601.068714640882
LCFO,F13,5,5530.117421139449
LCFO,F13,6,5419.08432167627
LCFO,F13,7,7320.846101235724
LCFO,F13,8,5006.746091680654
LCFO,F13,9,16830.96907598876
LCFO,F13,10,3690.7142592597697
LCFO,F13,11,3899.502985603662
LCFO,F13,12,6754.142318298733
LCFO,F13,13,10533.678582504745
LCFO,F13,14,11282.941237244966
LCFO,F13,15,8958.299784507008
LCFO,F13,16,4860.713857344481
LCFO,F13,17,11075.073978712262
LCFO,F13,18,9231.857056873389
LCFO,F13,19,9427.189222363051
LCFO,F13,20,9554.20422050168
LCFO,F13,21,4104.119151477999
LCFO,F13,22,10735.796934887827
LCFO,F13,23,12573.59179019859
LCFO,F13,24,6905.676421830711
LCFO,F13,25,4559.915525666296
LCFO,F13,26,6027.4908521715615
LCFO,F13,27,16618.76522768326
LCFO,F13,28,4273.424304089844
LCFO,F13,29,10173.804682304166
LCFO,F13,30,4564.275763214749
LCFO,F14,1,64939.50233615115
LCFO,F14,2,84790.96955444707
LCFO,F14,3,16664.07029724904
LCFO,F14,4,29815.230654177707
LCFO,F14,5,7147.139474027715
LCFO,F14,6,25116.827579162105
LCFO,F14,7,124972.61254840434
LCFO,F14,8,39377.19746427138
LCFO,F14,9,41001.730311559055
LCFO,F14,10,46889.894182858334
LCFO,F14,11,73377.60460600867
LCFO,F14,12,71025.28694123907
LCFO,F14,13,101313.50248538292
LCFO,F14,14,16382.928248124981
LCFO,F14,15,73867.41114746689
LCFO,F14,16,9175.2219338695
LCFO,F14,17,6609.935788224118
LCFO,F14,18,61393.991550842664
LCFO,F14,19,56890.25833699566
LCFO,F14,20,64914.66633549758
LCFO,F14,21,4175.659881982966
LCFO,F14,22,45299.34337851902
LCFO,F14,23,40259.70727025645
LCFO,F14,24,17883.942941048972
LCFO,F14,25,31711.38245599722
LCFO,F14,26,58637.20494937131
LCFO,F14,27,16735.023102216768
LCFO,F14,28,24616.66526781101
LCFO,F14,29,50456.50375360046
LCFO,F14,30,30323.888684922393
LCFO,F15,1,2342.0800666762134
LCFO,F15,2,3956.320917856334
LCFO,F15,3,3087.180139921646
LCFO,F15,4,2793.578596129075
LCFO,F15,5,4700.44701401762
LCFO,F15,6,6914.593996687682
LCFO,F15,7,4914.708769057448
LCFO,F15,8,2456.4803202774187
LCFO,F15,9,3324.867534630661
LCFO,F15,10,5727.295844639545
LCFO,F15,11,3144.8711290776387
LCFO,F15,12,2443.535553041671
LCFO,F15,13,2565.503903704036
LCFO,F15,14,2710.64619257144
LCFO,F15,15,2879.833015343541
LCFO,F15,16,4020.323638282669
LCFO,F15,17,2619.5610319402667
LCFO,F15,18,3268.2787441627224
LCFO,F15,19,6479.698813935383
LCFO,F15,20,2623.0571248293572
LCFO,F15,21,3492.3747098929475
LCFO,F15,22,7427.385561616784
LCFO,F15,23,2296.5755569170806
LCFO,F15,24,2109.379910718108
LCFO,F15,25,4529.010288174473
LCFO,F15,26,2467.399913141187
LCFO,F15,27,5851.305184360009
LCFO,F15,28,10022.215998764543
LCFO,F15,29,3915.7165152270663
LCFO,F15,30,4713.696645874214
LCFO,F16,1,6212.050757498876
LCFO,F16,2,6155.959540154265
LCFO,F16,3,6236.224962174043
LCFO,F16,4,6823.597701748707
LCFO,F16,5,5782.468342333474
LCFO,F16,6,6457.088825358341
LCFO,F16,7,6156.134095647751
LCFO,F16,8,5775.765730338119
LCFO,F16,9,5852.224287388449
LCFO,F16,10,6224.705620910146
LCFO,F16,11,6332.359545053449
LCFO,F16,12,6634.913699375995
LCFO,F16,13,6214.843906415448
LCFO,F16,14,4784.433944112021
LCFO,F16,15,4848.601068038339
LCFO,F16,16,6033.56145459175
LCFO,F16,17,6295.873179265307
LCFO,F16,18,5243.25204630931
LCFO,F16,19,5861.642834226839
LCFO,F16,20,6706.807262998263
LCFO,F16,21,5907.044208274062
LCFO,F16,22,5812.302481154898
LCFO,F16,23,4934.916841896478
LCFO,F16,24,6058.779333779251
LCFO,F16,25,5789.9164472183065
LCFO,F16,26,5862.984802699048
LCFO,F16,27,5775.957073889121
LCFO,F16,28,6103.855862564311
LCFO,F16,29,4983.868406136744
LCFO,F16,30,6623.119650205189
LCFO,F17,1,4962.955196017127
LCFO,F17,2,4470.712156637861
LCFO,F17,3,4619.059306117297
LCFO,F17,4,4894.0292854164345
LCFO,F17,5,5020.246847847848
LCFO,F17,6,4493.330626142639
LCFO,F17,7,4954.1460813518825
LCFO,F17,8,4052.8091169207296
LCFO,F17,9,4891.61674890161
LCFO,F17,10,5104.461233397304
LCFO,F17,11,5058.9740731022885
LCFO,F17,12,4575.0429451764385
LCFO,F17,13,4609.489587161805
LCFO,F17,14,4594.624445914556
LCFO,F17,15,5217.1120925939495
LCFO,F17,16,4219.250961149663
LCFO,F17,17,5276.694845616442
LCFO,F17,18,4907.8729858253755
LCFO,F17,19,4835.79346798343
LCFO,F17,20,4526.45906728247
LCFO,F17,21,4309.839709439511
LCFO,F17,22,4838.102561054113
LCFO,F17,23,5352.289010391044
LCFO,F17,24,4356.3893710776065
LCFO,F17,25,3911.966350520144
LCFO,F17,26,3986.814327973067
LCFO,F17,27,5052.27901683725
LCFO,F17,28,4681.34507469136
LCFO,F17,29,4807.609480454396
LCFO,F17,30,4728.954278553992
LCFO,F18,1,114778.00694423866
LCFO,F18,2,92682.53106458994
LCFO,F18,3,126612.32551134587
LCFO,F18,4,127569.96870568435
LCFO,F18,5,146430.7999955316
LCFO,F18,6,116392.5001052753
LCFO,F18,7,120855.18811970743
LCFO,F18,8,169812.47877458305
LCFO,F18,9,358749.70298552397
LCFO,F18,10,160922.7264637219
LCFO,F18,11,397594.8701260799
LCFO,F18,12,127781.60269181123
LCFO,F18,13,197775.33765908002
LCFO,F18,14,240555.7736819795
LCFO,F18,15,78450.5249691708
LCFO,F18,16,173305.75716587156
LCFO,F18,17,230304.04625017947
LCFO,F18,18,138945.47038250425
LCFO,F18,19,279920.69429284503
LCFO,F18,20,190804.5885409606
LCFO,F18,21,224077.6644968351
LCFO,F18,22,110284.58470543264
LCFO,F18,23,68341.78791362137
LCFO,F18,24,176163.58950278882
LCFO,F18,25,133430.42922969232
LCFO,F18,26,127697.60987796272
LCFO,F18,27,304587.1480031269
LCFO,F18,28,345590.0457234591
LCFO,F18,29,181474.78232470684
LCFO,F18,30,94300.0835079839
LCFO,F19,1,6408.356957621926
LCFO,F19,2,6195.7891921760765
LCFO,F19,3,4810.363199539859
LCFO,F19,4,6055.394509088115
LCFO,F19,5,2208.9507825902615
LCFO,F19,6,12850.40150179296
LCFO,F19,7,5095.980533609923
LCFO,F19,8,2560.237843248896
LCFO,F19,9,2348.2296010973732
LCFO,F19,10,3922.3029934633814
LCFO,F19,11,7068.341539536275
LCFO,F19,12,2930.678901432482
LCFO,F19,13,9437.905156025998
LCFO,F19,14,4086.393356403646
LCFO,F19,15,2199.53553539062
LCFO,F19,16,3220.7889569391937
LCFO,F19,17,4201.486606010498
LCFO,F19,18,7884.801826916957
LCFO,F19,19,3141.594058519023
LCFO,F19,20,6356.6159878591725
LCFO,F19,21,2244.6165457626093
LCFO,F19,22,3424.846848759543
LCFO,F19,23,3555.901777480386
LCFO,F19,24,2239.5896920989094
LCFO,F19,25,5016.346218099716
LCFO,F19,26,2167.749445005248
LCFO,F19,27,6220.276208408912
LCFO,F19,28,2321.654756556577
LCFO,F19,29,2092.2674925781653
LCFO,F19,30,3153.7308126213065
LCFO,F20,1,5805.815755036595
LCFO,F20,2,5801.377633814389
LCFO,F20,3,5313.866880961325
LCFO,F20,4,5249.494847995325
LCFO,F20,5,5377.131770625874
LCFO,F20,6,5006.600785003162
LCFO,F20,7,5186.12698130294
LCFO,F20,8,5398.374971872834
LCFO,F20,9,5352.945981004092
LCFO,F20,10,5059.128125273221
LCFO,F20,11,5332.274395266841
LCFO,F20,12,5411.60146995578
LCFO,F20,13,5825.247516045848
LCFO,F20,14,5208.031130080632
LCFO,F20,15,5075.075132893844
LCFO,F20,16,5593.936734415981
LCFO,F20,17,5709.650625722312
LCFO,F20,18,5202.083208583731
LCFO,F20,19,5214.627282076183
LCFO,F20,20,4904.866456113535
LCFO,F20,21,5710.23894439095
LCFO,F20,22,5116.650973547925
LCFO,F20,23,5295.128317905695
LCFO,F20,24,5378.467236381868
LCFO,F20,25,5310.404810226177
LCFO,F20,26,5790.122871885191
LCFO,F20,27,5466.756293480104
LCFO,F20,28,5315.588952147477
LCFO,F20,29,6004.951896906375
LCFO,F20,30,5226.539736294852
LCFO,F21,1,2711.389449971428
LCFO,F21,2,2724.423713375481
LCFO,F21,3,2678.786026474728
LCFO,F21,4,2694.5481847109986
LCFO,F21,5,2699.727660946368
LCFO,F21,6,2679.9938005165945
LCFO,F21,7,2715.195007720362
LCFO,F21,8,2692.3354922742838
LCFO,F21,9,2724.0821178935407
LCFO,F21,10,2689.963147233105
LCFO,F21,11,2673.884477494894
LCFO,F21,12,2731.382806339171
LCFO,F21,13,2765.8240679420387
LCFO,F21,14,2730.7087409310557
LCFO,F21,15,2716.439118277356
LCFO,F21,16,2706.509203464945
LCFO,F21,17,2647.551778164981
LCFO,F21,18,2641.528792591931
LCFO,F21,19,2703.709138274381
LCFO,F21,20,2752.166321525657
LCFO,F21,21,2730.99512797922
LCFO,F21,22,2711.7961475773086
LCFO,F21,23,2669.141437189307
LCFO,F21,24,2657.8844170509233
LCFO,F21,25,2725.196384529716
LCFO,F21,26,2745.756062828538
LCFO,F21,27,2745.81895214245
LCFO,F21,28,2712.9945002049008
LCFO,F21,29,2625.1287297742806
LCFO,F21,30,2651.523117075217
LCFO,F22,1,23839.763376659368
LCFO,F22,2,23053.347731806025
LCFO,F22,3,22913.613387777074
LCFO,F22,4,23510.661654181116
LCFO,F22,5,22091.056481019357
LCFO,F22,6,22196.777924355156
LCFO,F22,7,23643.246522309626
LCFO,F22,8,21221.246581462055
LCFO,F22,9,22962.479673229802
LCFO,F22,10,23600.382227360195
LCFO,F22,11,23441.6133587803
LCFO,F22,12,22228.646475522877
LCFO,F22,13,22695.76838049664
LCFO,F22,14,22943.975085648613
LCFO,F22,15,22976.554279998276
LCFO,F22,16,22508.712838742573
LCFO,F22,17,22260.44126189733
LCFO,F22,18,21779.167268465324
LCFO,F22,19,22071.90635467637
LCFO,F22,20,23169.78621604381
LCFO,F22,21,19439.013105719867
LCFO,F22,22,21856.09902518364
LCFO,F22,23,22945.29505518802
LCFO,F22,24,22796.021845026087
LCFO,F22,25,22858.427380196186
LCFO,F22,26,22936.90308442798
LCFO,F22,27,23322.03119134625
LCFO,F22,28,23789.151539945815
LCFO,F22,29,22834.125522370257
LCFO,F22,30,22819.28135803975
LCFO,F23,1,3192.694487518601
LCFO,F23,2,3116.298927849357
LCFO,F23,3,3181.769952250936
LCFO,F23,4,3160.9697939954203
LCFO,F23,5,3067.291785354115
LCFO,F23,6,3215.074870850504
LCFO,F23,7,3165.763953305942
LCFO,F23,8,3174.07212330198
LCFO,F23,9,3123.273172917708
LCFO,F23,10,3052.3759209323207
LCFO,F23,11,3168.7373225385973
LCFO,F23,12,3156.079926679874
LCFO,F23,13,3033.6503658469
LCFO,F23,14,3172.634980697994
LCFO,F23,15,3148.866449620225
LCFO,F23,16,3130.6261913344147
LCFO,F23,17,3149.4240383955157
LCFO,F23,18,3203.351737011296
LCFO,F23,19,3080.9928741858494
LCFO,F23,20,3135.4475296919722
LCFO,F23,21,3174.2563188131803
LCFO,F23,22,3196.4611371043643
LCFO,F23,23,2998.962271265603
LCFO,F23,24,3082.8747320104158
LCFO,F23,25,3132.2398102971038
LCFO,F23,26,3145.0858783671897
LCFO,F23,27,3186.160921593115
LCFO,F23,28,3169.5847032795027
LCFO,F23,29,3184.4835789667895
LCFO,F23,30,3124.0303764101245
LCFO,F24,1,3649.0363895185583
LCFO,F24,2,3546.423654533904
LCFO,F24,3,3511.1693162852553
LCFO,F24,4,3691.7576297753285
LCFO,F24,5,3676.425907928493
LCFO,F24,6,3698.5065702413904
LCFO,F24,7,3731.6875362096284
LCFO,F24,8,3470.0160869208366
LCFO,F24,9,3701.5265748202864
LCFO,F24,10,3562.771012765309
LCFO,F24,11,3741.2689517868566
LCFO,F24,12,3667.1091420314874
LCFO,F24,13,3486.291445045712
LCFO,F24,14,3719.8646018914037
LCFO,F24,15,3702.6098877975596
LCFO,F24,16,3702.1577404409763
LCFO,F24,17,3569.347250984896
LCFO,F24,18,3628.2368351524124
LCFO,F24,19,3683.999807668886
LCFO,F24,20,3660.352217420963
LCFO,F24,21,3569.3683791993617
LCFO,F24,22,3456.1690950784273
LCFO,F24,23,3452.0900499405134
LCFO,F24,24,3641.9308147128736
LCFO,F24,25,3449.6059980432365
LCFO,F24,26,3481.493012593689
LCFO,F24,27,3637.865986674726
LCFO,F24,28,3486.0508500460082
LCFO,F24,29,3647.997845551948
LCFO,F24,30,3559.2090883010274
LCFO,F25,1,3409.8045372933348
LCFO,F25,2,3411.6001520010705
LCFO,F25,3,3493.8694188770523
LCFO,F25,4,3574.240618287875
LCFO,F25,5,3362.4772504193406
LCFO,F25,6,3386.7139550250495
LCFO,F25,7,3403.6963439562405
LCFO,F25,8,3397.577555858407
LCFO,F25,9,3354.129137768094
LCFO,F25,10,3358.086503377951
LCFO,F25,11,3375.703906018635
LCFO,F25,12,3374.4774527220525
LCFO,F25,13,3483.177185008575
LCFO,F25,14,3543.570078866277
LCFO,F25,15,3368.665087152014
LCFO,F25,16,3436.245857688276
LCFO,F25,17,3510.208095065504
LCFO,F25,18,3499.0506319500337
LCFO,F25,19,3385.4592312503346
LCFO,F25,20,3437.680579703231
LCFO,F25,21,3461.315050470299
LCFO,F25,22,3441.9421774342845
LCFO,F25,23,3461.9496478366796
LCFO,F25,24,3456.412852752319
LCFO,F25,25,3453.288288983047
LCFO,F25,26,3518.4780945832963
LCFO,F25,27,3490.6631134021864
LCFO,F25,28,3439.993043652603
LCFO,F25,29,3482.5777802135244
LCFO,F25,30,3394.2975227906836
LCFO,F26,1,8328.80406694559
LCFO,F26,2,8002.658781015692
LCFO,F26,3,8953.173508669764
LCFO,F26,4,10176.675069748599
LCFO,F26,5,7866.807208123187
LCFO,F26,6,9682.187376073485
LCFO,F26,7,10137.074081731194
LCFO,F26,8,8035.858665616221
LCFO,F26,9,10136.48229510773
LCFO,F26,10,8501.730146683416
LCFO,F26,11,8131.938128283374
LCFO,F26,12,9534.575159622078
LCFO,F26,13,10036.900013337323
LCFO,F26,14,9300.946749910545
LCFO,F26,15,8194.862782560622
LCFO,F26,16,8185.723603947442
LCFO,F26,17,10316.70313591137
LCFO,F26,18,7911.677636526899
LCFO,F26,19,8003.196422718725
LCFO,F26,20,7633.7238498312945
LCFO,F26,21,7458.840837406292
LCFO,F26,22,8419.171012707593
LCFO,F26,23,9158.514471391883
LCFO,F26,24,8160.70256981029
LCFO,F26,25,8096.321648774348
LCFO,F26,26,8927.625585319449
LCFO,F26,27,8889.121918680066
LCFO,F26,28,7261.507687082899
LCFO,F26,29,9156.561392539952
LCFO,F26,30,7780.403330316063
LCFO,F27,1,3497.4827872783726
LCFO,F27,2,3667.146373984603
LCFO,F27,3,3423.7967757116903
LCFO,F27,4,3509.8088791124455
LCFO,F27,5,3486.182865793432
LCFO,F27,6,3510.5739514740208
LCFO,F27,7,3419.865996374565
LCFO,F27,8,3498.899610444072
LCFO,F27,9,3425.1729401125735
LCFO,F27,10,3553.1228443862105
LCFO,F27,11,3495.2211944922237
LCFO,F27,12,3516.9526683854756
LCFO,F27,13,3446.0277805200803
LCFO,F27,14,3491.5820741646803
LCFO,F27,15,3509.7999492667977
LCFO,F27,16,3557.713906284181
LCFO,F27,17,3509.697153354116
LCFO,F27,18,3458.9000284601207
LCFO,F27,19,3515.8621701818442
LCFO,F27,20,3489.870104894676
LCFO,F27,21,3507.2262360207865
LCFO,F27,22,3470.0576829727415
LCFO,F27,23,3522.19845561942
LCFO,F27,24,3509.753231472393
LCFO,F27,25,3474.1238011251935
LCFO,F27,26,3510.3418390265288
LCFO,F27,27,3487.56546337784
LCFO,F27,28,3460.1536542221615
LCFO,F27,29,3517.901536851784
LCFO,F27,30,3550.726954798257
LCFO,F28,1,3433.417484248343
LCFO,F28,2,3578.812321752215
LCFO,F28,3,3534.700645358877
LCFO,F28,4,3543.8302055790045
LCFO,F28,5,3555.008759196085
LCFO,F28,6,3524.436564268097
LCFO,F28,7,3522.53244874416
LCFO,F28,8,3513.702376840581
LCFO,F28,9,3529.7487476231854
LCFO,F28,10,3512.0946010707403
LCFO,F28,11,3455.6247512830823
LCFO,F28,12,3510.9239437534998
LCFO,F28,13,3487.4615979264495
LCFO,F28,14,3554.624744887321
LCFO,F28,15,3549.3931829236362
LCFO,F28,16,3526.3794379171586
LCFO,F28,17,3561.5693996327386
LCFO,F28,18,3433.6738960814596
LCFO,F28,19,3528.9381672514796
LCFO,F28,20,3551.968491012226
LCFO,F28,21,3467.4360101058946
LCFO,F28,22,3522.81570022747
LCFO,F28,23,3497.2922270747104
LCFO,F28,24,3449.668180711793
LCFO,F28,25,3542.3618529778846
LCFO,F28,26,3571.909323463631
LCFO,F28,27,3506.006059376399
LCFO,F28,28,3545.4614480756854
LCFO,F28,29,3488.027680915362
LCFO,F28,30,3520.650974139357
LCFO,F29,1,6364.270092687351
LCFO,F29,2,7033.71764008179
LCFO,F29,3,7162.880150060135
LCFO,F29,4,6268.349466495261
LCFO,F29,5,6468.479468267778
LCFO,F29,6,6488.633414159149
LCFO,F29,7,5955.721727306099
LCFO,F29,8,6612.884035097463
LCFO,F29,9,6272.488851509283
LCFO,F29,10,6378.2245482889575
LCFO,F29,11,6556.399846031536
LCFO,F29,12,5522.986276587382
LCFO,F29,13,6005.807084251439
LCFO,F29,14,6990.562441290725
LCFO,F29,15,6371.771922879432
LCFO,F29,16,6798.501918234263
LCFO,F29,17,6095.70341261355
LCFO,F29,18,6429.559061747854
LCFO,F29,19,6009.9515960395665
LCFO,F29,20,5880.966050673062
LCFO,F29,21,6147.215998582476
LCFO,F29,22,6073.806427560407
LCFO,F29,23,6482.028984251747
LCFO,F29,24,6539.287111168458
LCFO,F29,25,6382.751225640037
LCFO,F29,26,6987.025314789455
LCFO,F29,27,6351.629976274489
LCFO,F29,28,6320.778634474379
LCFO,F29,29,6670.08862037658
LCFO,F29,30,6618.759397169095
LCFO,F30,1,13958.161359779242
LCFO,F30,2,29223.117165808813
LCFO,F30,3,12426.195717767832
LCFO,F30,4,24353.543488241157
LCFO,F30,5,16229.550352185059
LCFO,F30,6,18228.35080473485
LCFO,F30,7,35172.93072407908
LCFO,F30,8,14798.613379959743
LCFO,F30,9,27423.083096081442
LCFO,F30,10,20860.073668098263
LCFO,F30,11,21683.239457287233
LCFO,F30,12,16665.43458224473
LCFO,F30,13,29165.18470532605
LCFO,F30,14,12001.853537557212
LCFO,F30,15,35259.34351881097
LCFO,F30,16,24608.491073229387
LCFO,F30,17,28853.761242405955
LCFO,F30,18,33533.59892447145
LCFO,F30,19,35559.832442736515
LCFO,F30,20,19990.741278292757
LCFO,F30,21,21716.357575880113
LCFO,F30,22,35086.82193608236
LCFO,F30,23,31987.9872930772
LCFO,F30,24,23597.021646232453
LCFO,F30,25,19527.73583980513
LCFO,F30,26,37873.88591220603
LCFO,F30,27,39906.381745905834
LCFO,F30,28,14691.24652923748
LCFO,F30,29,19560.337815166058
LCFO,F30,30,24082.954271924464
CFO,F1,1,53663490685.81989
CFO,F1,2,36452176832.545746
CFO,F1,3,57605741951.27272
CFO,F1,4,45882467908.24821
CFO,F1,5,29101161221.75181
CFO,F1,6,57787822546.592995
CFO,F1,7,50517450499.52278
CFO,F1,8,39714497272.302185
CFO,F1,9,55593064867.83014
CFO,F1,10,43625271191.939156
CFO,F1,11,44749641675.22686
CFO,F1,12,43101104535.36298
CFO,F1,13,41973986211.79028
CFO,F1,14,38589833898.39503
CFO,F1,15,60024577888.683815
CFO,F1,16,58563045741.19319
CFO,F1,17,41392375603.56506
CFO,F1,18,32635750352.197845
CFO,F1,19,32303590702.743374
CFO,F1,20,39259618613.01412
CFO,F1,21,33912043148.832825
CFO,F1,22,42817625152.064964
CFO,F1,23,36773808936.728165
CFO,F1,24,47124215390.60848
CFO,F1,25,38234194153.41437
CFO,F1,26,48605187939.052956
CFO,F1,27,42718332958.84871
CFO,F1,28,41650254265.66072
CFO,F1,29,51395427025.09521
CFO,F1,30,38428262318.36263
CFO,F3,1,263233.1875422636
CFO,F3,2,291863.52944364474
CFO,F3,3,263034.80988394184
CFO,F3,4,295514.24610265903
CFO,F3,5,233552.91765360802
CFO,F3,6,264706.9997512398
CFO,F3,7,250286.10602425487
CFO,F3,8,282332.2426605619
CFO,F3,9,277191.0316094043
CFO,F3,10,261518.00618184783
CFO,F3,11,224532.44036207674
CFO,F3,12,293341.3810853554
CFO,F3,13,298415.18277592503
CFO,F3,14,266228.59621397953
CFO,F3,15,217412.78309299855
CFO,F3,16,220708.7045802157
CFO,F3,17,243663.72197123844
CFO,F3,18,291777.4473866394
CFO,F3,19,252291.87986677783
CFO,F3,20,255579.41703071847
CFO,F3,21,216488.87968595716
CFO,F3,22,254775.63094250095
CFO,F3,23,275391.2066065707
CFO,F3,24,297272.6780384017
CFO,F3,25,233760.1435526457
CFO,F3,26,277426.70637170866
CFO,F3,27,290556.7717089203
CFO,F3,28,322789.89757396944
CFO,F3,29,265751.7901588853
CFO,F3,30,304258.1737972349
CFO,F4,1,3994.5214985643033
CFO,F4,2,3525.1328988561545
CFO,F4,3,2917.4794494769944
CFO,F4,4,2341.338291905021
CFO,F4,5,3021.322518714181
CFO,F4,6,2524.093762989709
CFO,F4,7,2855.2237512320476
CFO,F4,8,2932.572422197473
CFO,F4,9,6481.452926381986
CFO,F4,10,2743.028909015191
CFO,F4,11,3441.599877510996
CFO,F4,12,3172.244398055798
CFO,F4,13,1547.0549276837858
CFO,F4,14,2069.059849686032
CFO,F4,15,4673.045017480036
CFO,F4,16,2624.5252626410465
CFO,F4,17,6832.375741450843
CFO,F4,18,8563.997959653854
CFO,F4,19,3099.1190281282834
CFO,F4,20,4767.379976160747
CFO,F4,21,4045.085413346427
CFO,F4,22,2272.8508473076618
CFO,F4,23,10208.632355168564
CFO,F4,24,4226.558641482212
CFO,F4,25,4289.1514890657
CFO,F4,26,5486.732369438513
CFO,F4,27,7651.522995363305
CFO,F4,28,3357.380974206465
CFO,F4,29,3343.011502601367
CFO,F4,30,3162.5694954617825
CFO,F5,1,1318.217475906957
CFO,F5,2,1368.6393426342584
CFO,F5,3,1439.37865507072
CFO,F5,4,1311.1353384819436
CFO,F5,5,1444.4559697264726
CFO,F5,6,1485.1758145637632
CFO,F5,7,1461.4024071074718
CFO,F5,8,1380.9823774420313
CFO,F5,9,1449.8434190546513
CFO,F5,10,1368.967414603056
CFO,F5,11,1328.6076210848296
CFO,F5,12,1439.8809373648978
CFO,F5,13,1308.2569761792583
CFO,F5,14,1424.1038295525213
CFO,F5,15,1509.896614031999
CFO,F5,16,1394.2631422331303
CFO,F5,17,1345.607777274621
CFO,F5,18,1478.6811359005046
CFO,F5,19,1441.9055202433024
CFO,F5,20,1376.4128431244867
CFO,F5,21,1564.8445692647813
CFO,F5,22,1422.6940393622294
CFO,F5,23,1391.355013285613
CFO,F5,24,1355.8195447703197
CFO,F5,25,1512.6988146802646
CFO,F5,26,1267.4462943839876
CFO,F5,27,1454.1265378859202
CFO,F5,28,1395.6816564352016
CFO,F5,29,1373.4738198803957
CFO,F5,30,1302.6173897344797
CFO,F6,1,678.1030755780016
CFO,F6,2,673.2483077887758
CFO,F6,3,667.1513304440421
CFO,F6,4,673.9569676939377
CFO,F6,5,668.6170180795431
CFO,F6,6,666.1401552586129
CFO,F6,7,668.5533561347622
CFO,F6,8,671.1804759279476
CFO,F6,9,664.6305594344315
CFO,F6,10,668.9203719690323
CFO,F6,11,673.4403043275859
CFO,F6,12,670.7877799223799
CFO,F6,13,667.5333120612914
CFO,F6,14,673.0294982195641
CFO,F6,15,675.0419427602159
CFO,F6,16,673.8476093856689
CFO,F6,17,669.8848768859482
CFO,F6,18,672.7698310972723
CFO,F6,19,672.5515314106484
CFO,F6,20,664.8242454138859
CFO,F6,21,669.3990375019671
CFO,F6,22,663.4755583701354
CFO,F6,23,667.7177684363459
CFO,F6,24,662.2611950794609
CFO,F6,25,673.1769172502413
CFO,F6,26,661.8274806378686
CFO,F6,27,666.4960238041849
CFO,F6,28,665.6560587810782
CFO,F6,29,666.0483087967631
CFO,F6,30,671.3020915086183
CFO,F7,1,2860.2580367664377
CFO,F7,2,3163.312387893778
CFO,F7,3,3165.863297585004
CFO,F7,4,3335.3601913875236
CFO,F7,5,3264.689424548782
CFO,F7,6,2974.03927259026
CFO,F7,7,3278.039249797421
CFO,F7,8,3087.536252564632
CFO,F7,9,3059.550912337312
CFO,F7,10,3093.714666207167
CFO,F7,11,3384.282838681886
CFO,F7,12,3151.2000496357396
CFO,F7,13,2744.919291299564
CFO,F7,14,3122.2493406224667
CFO,F7,15,3323.802626723084
CFO,F7,16,3549.242371607995
CFO,F7,17,3192.1037404436356
CFO,F7,18,3041.128986743486
CFO,F7,19,3091.238936859204
CFO,F7,20,3232.413322015221
CFO,F7,21,3422.9238967690303
CFO,F7,22,3118.8049693769262
CFO,F7,23,3011.830039328369
CFO,F7,24,2999.186929816305
CFO,F7,25,3241.1833058732836
CFO,F7,26,3417.833869448606
CFO,F7,27,3036.6502846306307
CFO,F7,28,3282.3803894424
CFO,F7,29,3539.403758217648
CFO,F7,30,3324.151326385085
CFO,F8,1,1869.051561813166
CFO,F8,2,2125.529144090212
CFO,F8,3,1881.7398961675974
CFO,F8,4,1838.9934113852323
CFO,F8,5,1888.9409627684424
CFO,F8,6,1676.921719286885
CFO,F8,7,1869.1724264789823
CFO,F8,8,1797.973868672018
CFO,F8,9,1916.101806402944
CFO,F8,10,1964.3663434012847
CFO,F8,11,1784.0194451736897
CFO,F8,12,1782.549535720516
CFO,F8,13,1891.3853259822065
CFO,F8,14,1833.8543031173722
CFO,F8,15,1882.6673323909902
CFO,F8,16,1768.4290274860996
CFO,F8,17,1847.76822611591
CFO,F8,18,1794.8801480338627
CFO,F8,19,1933.9424296501106
CFO,F8,20,1692.6881072351043
CFO,F8,21,1820.3025227982057
CFO,F8,22,1911.4535863059793
CFO,F8,23,1902.3516800989703
CFO,F8,24,1821.63543874384
CFO,F8,25,1905.1385420620031
CFO,F8,26,1862.7963754625864
CFO,F8,27,1954.9488848286817
CFO,F8,28,1974.4072479781505
CFO,F8,29,1843.771845545132
CFO,F8,30,1840.2169716737315
CFO,F9,1,25958.413584096903
CFO,F9,2,27692.188272677075
CFO,F9,3,24083.106536008734
CFO,F9,4,26866.957744318923
CFO,F9,5,26573.663366400386
CFO,F9,6,30936.841889458392
CFO,F9,7,31057.27649151496
CFO,F9,8,26525.779799756627
CFO,F9,9,26921.16806151139
CFO,F9,10,25079.920241512325
CFO,F9,11,26004.999685176776
CFO,F9,12,27943.56128453094
CFO,F9,13,28311.276954925717
CFO,F9,14,28930.704856438097
CFO,F9,15,32934.665541977876
CFO,F9,16,24827.254357315327
CFO,F9,17,31603.2261727651
CFO,F9,18,25447.145024748483
CFO,F9,19,32029.496747660352
CFO,F9,20,24634.760021950162
CFO,F9,21,28053.83792447616
CFO,F9,22,24418.96029695903
CFO,F9,23,27506.558096090677
CFO,F9,24,28587.873453517925
CFO,F9,25,29072.940730199338
CFO,F9,26,29666.829191511388
CFO,F9,27,25309.456514979753
CFO,F9,28,25794.342715781844
CFO,F9,29,28131.69223503379
CFO,F9,30,24873.724170973477
CFO,F10,1,16146.152967731945
CFO,F10,2,19745.133382073196
CFO,F10,3,18787.336320511855
CFO,F10,4,19096.07580807688
CFO,F10,5,17381.096376346988
CFO,F10,6,19154.627507528978
CFO,F10,7,18056.34601955404
CFO,F10,8,16970.130115920223
CFO,F10,9,16865.82020363268
CFO,F10,10,16684.532143119945
CFO,F10,11,20314.583430171795
CFO,F10,12,18829.143100551057
CFO,F10,13,15821.967085381137
CFO,F10,14,18906.352418281444
CFO,F10,15,19603.59580656551
CFO,F10,16,17444.430434303995
CFO,F10,17,18958.387933985683
CFO,F10,18,17849.876151064404
CFO,F10,19,18539.431435848404
CFO,F10,20,18967.155447982263
CFO,F10,21,20500.73061713766
CFO,F10,22,18542.930244127987
CFO,F10,23,18876.029176208882
CFO,F10,24,18351.195224887433
CFO,F10,25,16119.808433231417
CFO,F10,26,14068.537824425704
CFO,F10,27,18489.35537857455
CFO,F10,28,22162.15035331965
CFO,F10,29,20153.909762820014
CFO,F10,30,20282.693624153613
CFO,F11,1,26948.51104831864
CFO,F11,2,32023.030500455945
CFO,F11,3,23813.20584685384
CFO,F11,4,19926.668678459595
CFO,F11,5,15535.124424064239
CFO,F11,6,19710.200465640864
CFO,F11,7,17280.698076912282
CFO,F11,8,37305.992662425684
CFO,F11,9,26474.06730036888
CFO,F11,10,16778.901418458314
CFO,F11,11,17419.734034618647
CFO,F11,12,38648.97275077435
CFO,F11,13,26641.977666335035
CFO,F11,14,18221.691882333067
CFO,F11,15,21441.351357598247
CFO,F11,16,34640.23555353919
CFO,F11,17,19765.984007981322
CFO,F11,18,22488.46468216322
CFO,F11,19,29095.229904805918
CFO,F11,20,8362.287518901543
CFO,F11,21,13845.792630244647
CFO,F11,22,37792.613938842886
CFO,F11,23,38801.90873475762
CFO,F11,24,28227.801210570513
CFO,F11,25,28690.725553089014
CFO,F11,26,28195.004393915668
CFO,F11,27,18156.948011783494
CFO,F11,28,35233.35583705405
CFO,F11,29,46820.79785509205
CFO,F11,30,24508.53717620249
CFO,F12,1,12792958192.861393
CFO,F12,2,1564685977.516276
CFO,F12,3,6166117527.082565
CFO,F12,4,1240290942.5092525
CFO,F12,5,10921415165.318304
CFO,F12,6,2223001985.521538
CFO,F12,7,1707378485.8258557
CFO,F12,8,4856904037.277715
CFO,F12,9,2622005758.4445524
CFO,F12,10,243669517.63743597
CFO,F12,11,857341879.6474602
CFO,F12,12,396653041.7946119
CFO,F12,13,1041776558.3918514
CFO,F12,14,13244095973.887562
CFO,F12,15,2203888175.9188876
CFO,F12,16,1951888790.248309
CFO,F12,17,1594579869.7017553
CFO,F12,18,2196945085.4518886
CFO,F12,19,2465655488.8187466
CFO,F12,20,6843880911.666813
CFO,F12,21,15955995004.271479
CFO,F12,22,6485402841.162955
CFO,F12,23,494982135.9167572
CFO,F12,24,5430017853.860463
CFO,F12,25,10023096317.63577
CFO,F12,26,572969865.4049757
CFO,F12,27,502506849.90970546
CFO,F12,28,3484908874.250453
CFO,F12,29,1909312833.6616902
CFO,F12,30,1921716891.353356
CFO,F13,1,163573.71044327327
CFO,F13,2,43185.36448326479
CFO,F13,3,119632.03722103141
CFO,F13,4,63463.29104286386
CFO,F13,5,133555.25947797802
CFO,F13,6,326410483.0749501
CFO,F13,7,811850100.5564052
CFO,F13,8,82749.3737869036
CFO,F13,9,51414.786873373385
CFO,F13,10,13065431.939338222
CFO,F13,11,123993.9062384472
CFO,F13,12,54817.186606478834
CFO,F13,13,53828.64037980253
CFO,F13,14,18926725.88009786
CFO,F13,15,32452.38422043058
CFO,F13,16,8955256.147393744
CFO,F13,17,451509.27510434587
CFO,F13,18,2138622.11014804
CFO,F13,19,103481.91748947727
CFO,F13,20,68877.56424048725
CFO,F13,21,87077.90765308347
CFO,F13,22,88859.28876112276
CFO,F13,23,67507.56635002079
CFO,F13,24,20362299.630838167
CFO,F13,25,94861.12586862585
CFO,F13,26,461884444.80622494
CFO,F13,27,5920500.062511935
CFO,F13,28,62979.165625110036
CFO,F13,29,126974.79770318905
CFO,F13,30,66701.55986128624
CFO,F14,1,752416.2651180897
CFO,F14,2,406441.4388434256
CFO,F14,3,1348525.4222461362
CFO,F14,4,996159.0637756459
CFO,F14,5,1097583.5404550154
CFO,F14,6,814475.41910454
CFO,F14,7,880103.2716014319
CFO,F14,8,467848.48070756084
CFO,F14,9,777772.9706187717
CFO,F14,10,1177025.8011557623
CFO,F14,11,1044084.3953262845
CFO,F14,12,757541.0283974152
CFO,F14,13,1885851.140089089
CFO,F14,14,275745.485743388
CFO,F14,15,808248.0924685379
CFO,F14,16,611421.5291080298
CFO,F14,17,1316651.7011106876
CFO,F14,18,566837.1370359829
CFO,F14,19,301253.3480533031
CFO,F14,20,1414727.1064317955
CFO,F14,21,981252.1750625201
CFO,F14,22,1492886.3170033435
CFO,F14,23,558995.0794216968
CFO,F14,24,1166704.8749559189
CFO,F14,25,1697716.2110328728
CFO,F14,26,1336631.9973528534
CFO,F14,27,1578076.2598404745
CFO,F14,28,2733029.0345208514
CFO,F14,29,570821.0697175206
CFO,F14,30,719752.7552015766
CFO,F15,1,31707.439848466067
CFO,F15,2,25358.697295611808
CFO,F15,3,8445.51945120982
CFO,F15,4,5517.970707515704
CFO,F15,5,17041.328610960893
CFO,F15,6,7599.642076766222
CFO,F15,7,9508.872411125474
CFO,F15,8,18327.889493679424
CFO,F15,9,6690.513589234736
CFO,F15,10,14064.32154740103
CFO,F15,11,29528.755273739807
CFO,F15,12,23005.839583274683
CFO,F15,13,10979.715740591284
CFO,F15,14,9384.885157500737
CFO,F15,15,24412.278230866104
CFO,F15,16,22087.614639934545
CFO,F15,17,11650.563760100955
CFO,F15,18,8354.183789319173
CFO,F15,19,36810.39214223628
CFO,F15,20,24744.820896782552
CFO,F15,21,29080.6929142929
CFO,F15,22,29710.863317976433
CFO,F15,23,20820.975590746
CFO,F15,24,16401.293977457743
CFO,F15,25,15252.787165891466
CFO,F15,26,9023.867122715821
CFO,F15,27,12427.01448113343
CFO,F15,28,4361.067861194716
CFO,F15,29,8849.177881636717
CFO,F15,30,12432.112124030185
CFO,F16,1,5425.104306964093
CFO,F16,2,7041.514570579473
CFO,F16,3,6475.775795344861
CFO,F16,4,6137.191619997409
CFO,F16,5,7399.983606244884
CFO,F16,6,7625.952591122974
CFO,F16,7,7597.708472302555
CFO,F16,8,7671.726414292409
CFO,F16,9,6967.692082591533
CFO,F16,10,6710.802884983958
CFO,F16,11,7518.129252251327
CFO,F16,12,7088.63033845256
CFO,F16,13,8021.874338580432
CFO,F16,14,7835.438004690004
CFO,F16,15,6330.779095121481
CFO,F16,16,7998.478823870063
CFO,F16,17,7275.15483394088
CFO,F16,18,6942.017106772642
CFO,F16,19,7491.335528911272
CFO,F16,20,7238.0147870009
CFO,F16,21,7109.74597809341
CFO,F16,22,6641.9719216974645
CFO,F16,23,6763.17751681649
CFO,F16,24,5241.5932497559725
CFO,F16,25,6623.205609875564
CFO,F16,26,6503.189471087124
CFO,F16,27,6510.7352314320515
CFO,F16,28,8274.938997261946
CFO,F16,29,7678.426211082534
CFO,F16,30,5846.546311427145
CFO,F17,1,7028.876182192437
CFO,F17,2,6360.803260852708
CFO,F17,3,6029.618080068545
CFO,F17,4,6021.5432517490435
CFO,F17,5,6166.2192917389375
CFO,F17,6,5272.118766694403
CFO,F17,7,6281.215489968818
CFO,F17,8,6145.563302555077
CFO,F17,9,5875.75143514936
CFO,F17,10,5602.414520722232
CFO,F17,11,4917.230132139708
CFO,F17,12,5218.160607762734
CFO,F17,13,6317.028437251954
CFO,F17,14,5753.440576678118
CFO,F17,15,5851.346330786331
CFO,F17,16,6276.385293309639
CFO,F17,17,5559.113103190981
CFO,F17,18,5652.526365209063
CFO,F17,19,7577.767323829717
CFO,F17,20,6221.072161628869
CFO,F17,21,5878.590948857237
CFO,F17,22,5840.844589526901
CFO,F17,23,6039.384497732779
CFO,F17,24,5927.666669720973
CFO,F17,25,6436.901639902434
CFO,F17,26,5858.961516300524
CFO,F17,27,5967.761657481155
CFO,F17,28,6383.267234696907
CFO,F17,29,5717.858749179413
CFO,F17,30,6584.739942106728
CFO,F18,1,3000525.1985000554
CFO,F18,2,2539353.0144349094
CFO,F18,3,757788.414436091
CFO,F18,4,2515485.9732239116
CFO,F18,5,2278866.4762425725
CFO,F18,6,2203308.656491692
CFO,F18,7,947335.1829245996
CFO,F18,8,900775.6891652645
CFO,F18,9,1565341.492708542
CFO,F18,10,1483907.2680868192
CFO,F18,11,1063561.3381470111
CFO,F18,12,2535053.368234315
CFO,F18,13,990377.2576309573
CFO,F18,14,1992317.652872926
CFO,F18,15,1144820.618751901
CFO,F18,16,1509792.2677526546
CFO,F18,17,1999883.0532261757
CFO,F18,18,1650059.341997211
CFO,F18,19,2200538.21574931
CFO,F18,20,641825.5339759244
CFO,F18,21,699041.493725079
CFO,F18,22,3095327.788026219
CFO,F18,23,983214.3018912697
CFO,F18,24,2071485.951189579
CFO,F18,25,1656440.7399886448
CFO,F18,26,1266139.3947896012
CFO,F18,27,2893666.0408575423
CFO,F18,28,1476825.876144452
CFO,F18,29,1636018.6275502488
CFO,F18,30,820317.2293842747
CFO,F19,1,5958.150828540089
CFO,F19,2,31441.98657333877
CFO,F19,3,95951.5352317406
CFO,F19,4,6123.79756754731
CFO,F19,5,22697.118387317165
CFO,F19,6,5280.501003524658
CFO,F19,7,31961.295605604006
CFO,F19,8,4569.053541775982
CFO,F19,9,11866.89126447292
CFO,F19,10,338178.35457477777
CFO,F19,11,27742.934827829977
CFO,F19,12,89726.81132808751
CFO,F19,13,21016.506791459942
CFO,F19,14,9972.683608825037
CFO,F19,15,18693.131637824325
CFO,F19,16,22224.37786902463
CFO,F19,17,5122.672572309042
CFO,F19,18,3910.5866337369416
CFO,F19,19,2495.2020032719365
CFO,F19,20,6264.055592732568
CFO,F19,21,11846.273671132696
CFO,F19,22,5916.536956798245
CFO,F19,23,45937.20663369857
CFO,F19,24,10215.07499860657
CFO,F19,25,97974.61067823562
CFO,F19,26,125716.5191415089
CFO,F19,27,18126.041666456607
CFO,F19,28,41902.61205417449
CFO,F19,29,8129.472606340445
CFO,F19,30,4033.364674628029
CFO,F20,1,5666.766744375001
CFO,F20,2,5702.241353200388
CFO,F20,3,6572.105837407462
CFO,F20,4,6573.508799585151
CFO,F20,5,6791.305815195585
CFO,F20,6,5644.996459064498
CFO,F20,7,4794.494174263181
CFO,F20,8,5040.9914069001225
CFO,F20,9,4690.848997969181
CFO,F20,10,6698.781073799065
CFO,F20,11,5978.682957016717
CFO,F20,12,6338.892837720661
CFO,F20,13,5591.518335496823
CFO,F20,14,5984.794182644733
CFO,F20,15,6664.341705742469
CFO,F20,16,5612.232765223434
CFO,F20,17,6678.223450091715
CFO,F20,18,5403.367097424937
CFO,F20,19,5698.323016147006
CFO,F20,20,5955.785464553448
CFO,F20,21,6451.007296125824
CFO,F20,22,6445.303804934855
CFO,F20,23,6176.379781340492
CFO,F20,24,5706.137411382169
CFO,F20,25,4296.406135416339
CFO,F20,26,6263.916137250444
CFO,F20,27,5995.489983119274
CFO,F20,28,6863.261675566357
CFO,F20,29,6554.138137714753
CFO,F20,30,6880.4316889412175
CFO,F21,1,3728.963531808164
CFO,F21,2,3812.5852591440216
CFO,F21,3,4288.578939760422
CFO,F21,4,3485.766145156864
CFO,F21,5,3825.385395684367
CFO,F21,6,4030.9300383972623
CFO,F21,7,3469.4144855739974
CFO,F21,8,3558.9551914047966
CFO,F21,9,3425.418067637263
CFO,F21,10,3622.746633864165
CFO,F21,11,3469.7008502613617
CFO,F21,12,3517.2897151581983
CFO,F21,13,3985.0404968023267
CFO,F21,14,3474.9575774604027
CFO,F21,15,3629.6501625729793
CFO,F21,16,3471.669078431578
CFO,F21,17,3612.160336615203
CFO,F21,18,3965.5308183739826
CFO,F21,19,3644.532316512486
CFO,F21,20,3884.066739948926
CFO,F21,21,3446.2063701698944
CFO,F21,22,3618.264215773507
CFO,F21,23,3749.0356352827603
CFO,F21,24,3512.9130410646844
CFO,F21,25,3463.0696226588675
CFO,F21,26,3728.425253204825
CFO,F21,27,3539.4878400197663
CFO,F21,28,3553.8309267532954
CFO,F21,29,3591.7792705876177
CFO,F21,30,3680.5779593791044
CFO,F22,1,21274.014637537468
CFO,F22,2,21540.469194312092
CFO,F22,3,21120.777267276248
CFO,F22,4,20230.48281877658
CFO,F22,5,20216.525821241965
CFO,F22,6,21555.657938670778
CFO,F22,7,20019.381785481764
CFO,F22,8,21795.84879516245
CFO,F22,9,18673.95385885775
CFO,F22,10,19121.748993811198
CFO,F22,11,20193.10474269612
CFO,F22,12,21553.768284704307
CFO,F22,13,22767.061271219358
CFO,F22,14,18949.679796456123
CFO,F22,15,20248.207160698817
CFO,F22,16,23028.210887719084
CFO,F22,17,21239.683601442703
CFO,F22,18,20344.94722770428
CFO,F22,19,19477.78278531733
CFO,F22,20,20119.842905138372
CFO,F22,21,23645.471820154322
CFO,F22,22,18117.70895345869
CFO,F22,23,18244.033365064934
CFO,F22,24,19683.71531648646
CFO,F22,25,21651.422564363464
CFO,F22,26,21458.924896637498
CFO,F22,27,19354.221014081442
CFO,F22,28,23167.53920272532
CFO,F22,29,20883.118292770498
CFO,F22,30,22564.466817392346
CFO,F23,1,4236.247316725472
CFO,F23,2,4552.515616182933
CFO,F23,3,4720.4165901478245
CFO,F23,4,3974.33206853522
CFO,F23,5,4564.140249862699
CFO,F23,6,4183.791228319899
CFO,F23,7,4701.530175485582
CFO,F23,8,4315.794035529936
CFO,F23,9,3991.3139597660884
CFO,F23,10,5013.196258471557
CFO,F23,11,4621.464532770265
CFO,F23,12,4080.1887031573992
CFO,F23,13,4675.0987413010425
CFO,F23,14,4444.705496538407
CFO,F23,15,4285.675203100621
CFO,F23,16,4197.122012578098
CFO,F23,17,3978.0778347221867
CFO,F23,18,4519.191266688589
CFO,F23,19,4879.650801341618
CFO,F23,20,4570.555772736376
CFO,F23,21,3957.499208235523
CFO,F23,22,4366.542445458594
CFO,F23,23,3965.980404740306
CFO,F23,24,4436.104779378182
CFO,F23,25,4289.84709809134
CFO,F23,26,4456.825274518821
CFO,F23,27,4186.238220101959
CFO,F23,28,4374.082722026968
CFO,F23,29,4568.908527368329
CFO,F23,30,4540.5443318277175
CFO,F24,1,6379.186163033761
CFO,F24,2,5447.452569866437
CFO,F24,3,5761.119231081265
CFO,F24,4,5195.745173676877
CFO,F24,5,5700.887025614324
CFO,F24,6,5222.645572193995
CFO,F24,7,6013.443718016761
CFO,F24,8,5107.45017481931
CFO,F24,9,5425.495598840599
CFO,F24,10,5493.115449108514
CFO,F24,11,5262.4812563941705
CFO,F24,12,4976.899823266884
CFO,F24,13,5110.00389243377
CFO,F24,14,5370.6390535284045
CFO,F24,15,5401.572148045363
CFO,F24,16,5799.202200823331
CFO,F24,17,5412.059434500838
CFO,F24,18,5405.106361648621
CFO,F24,19,5056.71751255189
CFO,F24,20,5372.190941599134
CFO,F24,21,5910.103985463336
CFO,F24,22,5997.473816399612
CFO,F24,23,4731.498087697873
CFO,F24,24,5639.223229560641
CFO,F24,25,6343.820849759789
CFO,F24,26,5062.771545667285
CFO,F24,27,5043.361911526031
CFO,F24,28,5063.54927892484
CFO,F24,29,6231.672648137257
CFO,F24,30,5040.47467625084
CFO,F25,1,5164.4757079768115
CFO,F25,2,5254.390009731156
CFO,F25,3,6912.446443703701
CFO,F25,4,5919.141090835497
CFO,F25,5,4977.018161787
CFO,F25,6,4872.569909932173
CFO,F25,7,6234.181587589523
CFO,F25,8,5292.035957134654
CFO,F25,9,5834.293675482487
CFO,F25,10,5178.168070290019
CFO,F25,11,4916.509935285223
CFO,F25,12,5274.252934971643
CFO,F25,13,4831.60730714588
CFO,F25,14,5107.477694738605
CFO,F25,15,4344.867326715513
CFO,F25,16,4663.005290831196
CFO,F25,17,5399.78434592929
CFO,F25,18,5807.197963230086
CFO,F25,19,6664.420024146384
CFO,F25,20,6569.906721526657
CFO,F25,21,4976.73196041843
CFO,F25,22,5217.2878918549395
CFO,F25,23,6877.775191583295
CFO,F25,24,4345.351547138928
CFO,F25,25,6833.859459397039
CFO,F25,26,8306.088970657813
CFO,F25,27,4240.496198249775
CFO,F25,28,4490.777475275377
CFO,F25,29,4825.8368467048695
CFO,F25,30,5051.018580003357
CFO,F26,1,26858.367728432055
CFO,F26,2,28721.299968096006
CFO,F26,3,28410.274707925568
CFO,F26,4,30196.894416418574
CFO,F26,5,28999.749595341167
CFO,F26,6,29899.398838003268
CFO,F26,7,28609.777552752323
CFO,F26,8,29481.409215395743
CFO,F26,9,29012.809252576888
CFO,F26,10,29035.189265886314
CFO,F26,11,20188.745156849804
CFO,F26,12,26084.839575919796
CFO,F26,13,31189.94880206384
CFO,F26,14,30722.5241979209
CFO,F26,15,27618.568580187806
CFO,F26,16,32326.319551695586
CFO,F26,17,10513.820802100983
CFO,F26,18,34620.433985130294
CFO,F26,19,20706.102550302923
CFO,F26,20,23721.253369368602
CFO,F26,21,30822.92494957334
CFO,F26,22,24949.011007083063
CFO,F26,23,34487.835906134074
CFO,F26,24,24822.013246385966
CFO,F26,25,36877.33384715357
CFO,F26,26,30728.427206161705
CFO,F26,27,27725.872277715793
CFO,F26,28,31018.15369618835
CFO,F26,29,32725.029519586074
CFO,F26,30,27403.524292613605
CFO,F27,1,3926.556629055869
CFO,F27,2,3985.8940407605696
CFO,F27,3,3784.610358459527
CFO,F27,4,3945.1451635815883
CFO,F27,5,4429.498894908253
CFO,F27,6,4135.881721705505
CFO,F27,7,3895.066708687156
CFO,F27,8,4183.821772143166
CFO,F27,9,3789.2637174075267
CFO,F27,10,4009.4209133611525
CFO,F27,11,4322.039650256843
CFO,F27,12,4003.907423981364
CFO,F27,13,4105.180131886918
CFO,F27,14,3952.7310715721983
CFO,F27,15,4409.512587628011
CFO,F27,16,4408.19252977663
CFO,F27,17,4070.5085891431595
CFO,F27,18,3810.4942792673855
CFO,F27,19,3691.4465832832284
CFO,F27,20,3972.8634227296984
CFO,F27,21,4170.72955175742
CFO,F27,22,4236.4996578766495
CFO,F27,23,3856.033272847149
CFO,F27,24,3765.709896158495
CFO,F27,25,4346.775862280898
CFO,F27,26,3886.9320792451226
CFO,F27,27,4269.97344222091
CFO,F27,28,3991.153115636297
CFO,F27,29,4253.238890351677
CFO,F27,30,4248.68682650206
CFO,F28,1,7023.061212607066
CFO,F28,2,6611.055549023946
CFO,F28,3,8038.301533933545
CFO,F28,4,5339.411764428735
CFO,F28,5,8768.119494583867
CFO,F28,6,7234.44316075236
CFO,F28,7,6945.074421725137
CFO,F28,8,5544.908777328119
CFO,F28,9,7865.628252136775
CFO,F28,10,6741.6826264329675
CFO,F28,11,7237.283170617809
CFO,F28,12,6061.8150312519865
CFO,F28,13,6996.212287437774
CFO,F28,14,6899.704899484899
CFO,F28,15,7337.641848498162
CFO,F28,16,6955.635109970303
CFO,F28,17,5906.558238681815
CFO,F28,18,5700.776248707958
CFO,F28,19,4820.186896966736
CFO,F28,20,6515.772652564891
CFO,F28,21,7187.143112653552
CFO,F28,22,9018.083638435044
CFO,F28,23,5518.719057129482
CFO,F28,24,9401.816818296844
CFO,F28,25,6991.13363821063
CFO,F28,26,5260.4230689856295
CFO,F28,27,6458.0010183815775
CFO,F28,28,8143.886217448033
CFO,F28,29,5820.651763494279
CFO,F28,30,7850.458035575201
CFO,F29,1,9114.990619043549
CFO,F29,2,8712.820980651948
CFO,F29,3,7951.966801537288
CFO,F29,4,8169.293432398785
CFO,F29,5,8152.984601030975
CFO,F29,6,6957.917720853909
CFO,F29,7,9328.366561441395
CFO,F29,8,7332.140219114915
CFO,F29,9,8435.774938237875
CFO,F29,10,8402.30626818936
CFO,F29,11,9419.958748553327
CFO,F29,12,10976.27338537845
CFO,F29,13,10575.771299753147
CFO,F29,14,8975.36745453459
CFO,F29,15,9436.023631047397
CFO,F29,16,11385.367976084846
CFO,F29,17,9231.86838331102
CFO,F29,18,8642.072208401245
CFO,F29,19,9249.784649527814
CFO,F29,20,8415.975101599022
CFO,F29,21,8721.604955714585
CFO,F29,22,9132.251836932142
CFO,F29,23,9399.970546408942
CFO,F29,24,10350.784588172723
CFO,F29,25,9789.684892994283
CFO,F29,26,8181.544837573333
CFO,F29,27,9127.932780279738
CFO,F29,28,8802.843382241894
CFO,F29,29,9716.923405810197
CFO,F29,30,7750.261044148107
CFO,F30,1,1450348.0111241231
CFO,F30,2,3831522.19297437
CFO,F30,3,2280861.095401677
CFO,F30,4,1352493.44590161
CFO,F30,5,2052021.3683406715
CFO,F30,6,1028065.8643143077
CFO,F30,7,2086957.0325923974
CFO,F30,8,3029517.094243402
CFO,F30,9,671499.0097306962
CFO,F30,10,7994508.630530297
CFO,F30,11,1304522.112253993
CFO,F30,12,3263494.046351758
CFO,F30,13,7191727.578474951
CFO,F30,14,3977754.652076586
CFO,F30,15,6895873.619743077
CFO,F30,16,5636733.423724087
CFO,F30,17,1390037634.868697
CFO,F30,18,2591385.1926255757
CFO,F30,19,2199605.784019711
CFO,F30,20,5387698.514114646
CFO,F30,21,2950711.8529482423
CFO,F30,22,6209604.352469921
CFO,F30,23,4481348.99888648
CFO,F30,24,1814303.7284940244
CFO,F30,25,16480823.287570655
CFO,F30,26,8384487.422750147
CFO,F30,27,5259578.958818381
CFO,F30,28,10288391.350002708
CFO,F30,29,2718367.9131900403
CFO,F30,30,5033199.731561929
JADE,F1,1,13781117.338941239
JADE,F1,2,119517213.89175081
JADE,F1,3,69949895.13151929
JADE,F1,4,27974463.984340608
JADE,F1,5,19735396.681362107
JADE,F1,6,448225623.9884026
JADE,F1,7,442167908.16799664
JADE,F1,8,7410953.814203282
JADE,F1,9,18096230.53473795
JADE,F1,10,3562384.0288334144
JADE,F1,11,2557140.7249727617
JADE,F1,12,56342839.9491557
JADE,F1,13,55080974.65828848
JADE,F1,14,353830609.8632266
JADE,F1,15,11426539.134482848
JADE,F1,16,10486411.081189765
JADE,F1,17,3356277.456334731
JADE,F1,18,2422546.4605051493
JADE,F1,19,38497226.950784124
JADE,F1,20,15875556.983970884
JADE,F1,21,45142681.173502594
JADE,F1,22,35183574.16719938
JADE,F1,23,35022991.59439169
JADE,F1,24,59323224.60262729
JADE,F1,25,5664900.1260387
JADE,F1,26,32709791.090928625
JADE,F1,27,10430935.861653095
JADE,F1,28,52159951.01973304
JADE,F1,29,9959487.634931924
JADE,F1,30,11945604.972505204
JADE,F3,1,195618.52008339769
JADE,F3,2,523221.7435362956
JADE,F3,3,183236.71210920936
JADE,F3,4,504020.6782671538
JADE,F3,5,228786.7100645186
JADE,F3,6,267334.4692815868
JADE,F3,7,194727.94248457465
JADE,F3,8,227828.36064854026
JADE,F3,9,206607.96657491347
JADE,F3,10,302103.68689430074
JADE,F3,11,262584.8046552619
JADE,F3,12,242867.67799880684
JADE,F3,13,195402.3234921866
JADE,F3,14,223183.52584305202
JADE,F3,15,236076.18192740373
JADE,F3,16,195830.44478263124
JADE,F3,17,193375.88661957916
JADE,F3,18,590144.6494179183
JADE,F3,19,192120.13611483976
JADE,F3,20,210623.2790772772
JADE,F3,21,205682.5417844242
JADE,F3,22,636366.3619489373
JADE,F3,23,520860.0349187625
JADE,F3,24,480377.19265378866
JADE,F3,25,316528.57428515167
JADE,F3,26,277989.96963370044
JADE,F3,27,483134.75710368546
JADE,F3,28,506965.2996836014
JADE,F3,29,174439.12651135479
JADE,F3,30,596587.5455080799
JADE,F4,1,706.7968559275869
JADE,F4,2,688.9724489952957
JADE,F4,3,821.7012941385282
JADE,F4,4,798.9798291254176
JADE,F4,5,744.1459045223146
JADE,F4,6,713.968729455187
JADE,F4,7,875.2128510632851
JADE,F4,8,728.7718985637282
JADE,F4,9,915.8390350373548
JADE,F4,10,792.5562588931999
JADE,F4,11,802.7534647301586
JADE,F4,12,833.2387024300988
JADE,F4,13,653.5868808797311
JADE,F4,14,840.2377309626784
JADE,F4,15,787.5841868931514
JADE,F4,16,801.853921290303
JADE,F4,17,770.4474566916886
JADE,F4,18,831.0854025784076
JADE,F4,19,891.5587405059316
JADE,F4,20,774.0833096565375
JADE,F4,21,939.1291223462576
JADE,F4,22,815.8437071556245
JADE,F4,23,731.1457350271892
JADE,F4,24,806.156586556013
JADE,F4,25,692.5895899858974
JADE,F4,26,826.7183560252367
JADE,F4,27,907.5345783275044
JADE,F4,28,829.3797637911237
JADE,F4,29,736.0739637927666
JADE,F4,30,869.4251496814943
JADE,F5,1,1138.4879778908016
JADE,F5,2,1131.2494368783446
JADE,F5,3,1196.1393670654656
JADE,F5,4,1161.0121779964725
JADE,F5,5,1135.767489188244
JADE,F5,6,1045.894139446281
JADE,F5,7,1079.9386427957627
JADE,F5,8,1176.5176590987312
JADE,F5,9,1152.8312521484127
JADE,F5,10,1206.0673513787115
JADE,F5,11,1145.42811375034
JADE,F5,12,1102.7891587320119
JADE,F5,13,1170.5282259013868
JADE,F5,14,1127.4705420094003
JADE,F5,15,1142.2664500294115
JADE,F5,16,1193.7749050349491
JADE,F5,17,1197.5610620427842
JADE,F5,18,1109.4874341005475
JADE,F5,19,981.3032359807642
JADE,F5,20,1180.4956520822475
JADE,F5,21,1143.8730991586517
JADE,F5,22,1141.2654960679952
JADE,F5,23,1141.0749894850062
JADE,F5,24,1004.9619233197043
JADE,F5,25,1106.8905783628059
JADE,F5,26,1147.1873763398453
JADE,F5,27,1108.1478187499838
JADE,F5,28,1071.6498543075759
JADE,F5,29,778.5379608179541
JADE,F5,30,1001.1215921456753
JADE,F6,1,613.9601400164875
JADE,F6,2,604.1207661608
JADE,F6,3,608.4598753122756
JADE,F6,4,611.3462002908827
JADE,F6,5,608.3895847351614
JADE,F6,6,618.1942796713952
JADE,F6,7,613.9754184911809
JADE,F6,8,601.0517075541738
JADE,F6,9,608.7385828271846
JADE,F6,10,611.3906086604942
JADE,F6,11,613.6618096264647
JADE,F6,12,615.1386769804586
JADE,F6,13,616.4014940664952
JADE,F6,14,615.1769936938393
JADE,F6,15,607.2331345944057
JADE,F6,16,610.5383684282461
JADE,F6,17,613.2963118356115
JADE,F6,18,616.2583373470727
JADE,F6,19,608.6877104379269
JADE,F6,20,617.9145566797349
JADE,F6,21,612.3519238469031
JADE,F6,22,610.7670786338441
JADE,F6,23,612.3079325020035
JADE,F6,24,605.6012553495567
JADE,F6,25,611.9357891190099
JADE,F6,26,615.6699638868955
JADE,F6,27,612.1002470690385
JADE,F6,28,613.0885029142214
JADE,F6,29,611.7318967107357
JADE,F6,30,620.3719849372486
JADE,F7,1,2036.227048931848
JADE,F7,2,1834.1066090695263
JADE,F7,3,1506.5858455896164
JADE,F7,4,2079.2067655537953
JADE,F7,5,1774.399026158101
JADE,F7,6,1848.092839944357
JADE,F7,7,1787.798309664774
JADE,F7,8,1613.3869414263804
JADE,F7,9,1755.4664639140979
JADE,F7,10,1699.1836166102926
JADE,F7,11,1696.0310081486955
JADE,F7,12,1763.832911683053
JADE,F7,13,1420.3537046941933
JADE,F7,14,1737.8849582342682
JADE,F7,15,1777.9939555721132
JADE,F7,16,1879.0420139822309
JADE,F7,17,1759.1951293486368
JADE,F7,18,2111.128668069071
JADE,F7,19,1626.0162451990952
JADE,F7,20,1550.0094921256866
JADE,F7,21,1693.7297304008175
JADE,F7,22,1501.0894414212921
JADE,F7,23,1862.1196877493292
JADE,F7,24,2061.9051783585974
JADE,F7,25,1772.9845894539337
JADE,F7,26,1967.853319589292
JADE,F7,27,2132.5210627309757
JADE,F7,28,1909.9093900959365
JADE,F7,29,2054.9249067422816
JADE,F7,30,1608.2918259668936
JADE,F8,1,1481.9030972801415
JADE,F8,2,1470.643580343095
JADE,F8,3,1362.1486681377232
JADE,F8,4,1356.2092875120652
JADE,F8,5,1414.2307853244888
JADE,F8,6,1438.830770762045
JADE,F8,7,1388.2030088725255
JADE,F8,8,1528.868079574724
JADE,F8,9,1186.3122287727551
JADE,F8,10,1481.3867032157366
JADE,F8,11,1540.675394010762
JADE,F8,12,1419.2894714079252
JADE,F8,13,1360.3425650450235
JADE,F8,14,1526.341622040211
JADE,F8,15,1473.3182341676966
JADE,F8,16,1351.664574842639
JADE,F8,17,1372.0384110066666
JADE,F8,18,1466.2067232855318
JADE,F8,19,1481.904619119595
JADE,F8,20,1488.7432761905613
JADE,F8,21,1410.335543767334
JADE,F8,22,1424.754703395492
JADE,F8,23,1450.23144356883
JADE,F8,24,1468.0791612274113
JADE,F8,25,1409.6315585178024
JADE,F8,26,1433.6015212606292
JADE,F8,27,1463.031434388292
JADE,F8,28,1405.6183150450038
JADE,F8,29,1422.247197669612
JADE,F8,30,1476.2274098722805
JADE,F9,1,22769.797431830262
JADE,F9,2,14042.89247048624
JADE,F9,3,10474.749946163978
JADE,F9,4,19390.922856731217
JADE,F9,5,16046.81656125051
JADE,F9,6,25388.767914800956
JADE,F9,7,14090.243178548886
JADE,F9,8,30117.68548592276
JADE,F9,9,22942.930968079745
JADE,F9,10,11927.82069800274
JADE,F9,11,19898.65012655926
JADE,F9,12,7626.54189953973
JADE,F9,13,12557.273362008506
JADE,F9,14,10583.430664966665
JADE,F9,15,12631.214733282952
JADE,F9,16,22026.07289960975
JADE,F9,17,18470.17487132452
JADE,F9,18,32802.79775723723
JADE,F9,19,14474.720363049795
JADE,F9,20,30862.52791959267
JADE,F9,21,25227.950025589875
JADE,F9,22,22583.04413579927
JADE,F9,23,17235.429019764983
JADE,F9,24,15701.576747155386
JADE,F9,25,23827.046323130777
JADE,F9,26,15195.62747236868
JADE,F9,27,12020.351347287686
JADE,F9,28,26765.7156225015
JADE,F9,29,30886.03529033806
JADE,F9,30,16485.01080676764
JADE,F10,1,23204.284571134638
JADE,F10,2,21625.06934827341
JADE,F10,3,21319.110657985086
JADE,F10,4,21921.26492265367
JADE,F10,5,22911.569974759565
JADE,F10,6,20229.070684663642
JADE,F10,7,22979.806201913285
JADE,F10,8,22251.478714133566
JADE,F10,9,23778.167996831173
JADE,F10,10,23392.291628484698
JADE,F10,11,21274.498855065627
JADE,F10,12,21913.000284977566
JADE,F10,13,25695.104269281746
JADE,F10,14,23920.762825492675
JADE,F10,15,23367.075413001312
JADE,F10,16,21991.202525406436
JADE,F10,17,22226.508221757616
JADE,F10,18,23504.30675001645
JADE,F10,19,22473.692130018353
JADE,F10,20,22201.927974440183
JADE,F10,21,23519.45647689605
JADE,F10,22,23078.369043788996
JADE,F10,23,23767.556823106625
JADE,F10,24,22596.1491744028
JADE,F10,25,22600.060581461516
JADE,F10,26,24127.740283253075
JADE,F10,27,23019.172799969427
JADE,F10,28,22759.361787027516
JADE,F10,29,21756.10780495664
JADE,F10,30,22515.455816506605
JADE,F11,1,3768.687296845259
JADE,F11,2,4322.0002053912485
JADE,F11,3,4682.698167691994
JADE,F11,4,4942.803393233424
JADE,F11,5,4796.777076834463
JADE,F11,6,3632.574491889596
JADE,F11,7,4378.256501129757
JADE,F11,8,3839.983456154404
JADE,F11,9,3024.737382436051
JADE,F11,10,92246.90558808969
JADE,F11,11,3891.479310528247
JADE,F11,12,5473.49268791565
JADE,F11,13,4575.371074040597
JADE,F11,14,3559.668775530601
JADE,F11,15,3422.05055544043
JADE,F11,16,5020.841115462713
JADE,F11,17,5801.967102814064
JADE,F11,18,4581.772357140963
JADE,F11,19,3491.8387038550954
JADE,F11,20,4456.906302835314
JADE,F11,21,59755.52471116152
JADE,F11,22,3768.942863994181
JADE,F11,23,4358.055545668226
JADE,F11,24,3650.292515220088
JADE,F11,25,3290.574754664918
JADE,F11,26,5163.90548935
JADE,F11,27,3749.627803848988
JADE,F11,28,3593.3932602883215
JADE,F11,29,4936.654746857348
JADE,F11,30,4635.532813069655
JADE,F12,1,11584560.432436235
JADE,F12,2,3301576.852021306
JADE,F12,3,29775053.567875445
JADE,F12,4,14452718.558014197
JADE,F12,5,14868149.942280082
JADE,F12,6,19372554.489735406
JADE,F12,7,3745036.9457233488
JADE,F12,8,13392430.800088216
JADE,F12,9,3892455.5176657345
JADE,F12,10,5992793.590583003
JADE,F12,11,26057659.821880937
JADE,F12,12,13064460.112146622
JADE,F12,13,8846869.708586585
JADE,F12,14,5507380.337817861
JADE,F12,15,7438277.893587632
JADE,F12,16,13628956.14196206
JADE,F12,17,7115481.870926551
JADE,F12,18,5725399.402899974
JADE,F12,19,6719350.853785825
JADE,F12,20,15603025.95099586
JADE,F12,21,13310527.556417713
JADE,F12,22,6880713.133616438
JADE,F12,23,7657970.691218624
JADE,F12,24,21902009.160296414
JADE,F12,25,15463248.00529778
JADE,F12,26,84483365.58746223
JADE,F12,27,15475655.151865069
JADE,F12,28,4385957.287599298
JADE,F12,29,15674898.27634802
JADE,F12,30,13667764.116453424
JADE,F13,1,22589.93836447224
JADE,F13,2,5483.887634537619
JADE,F13,3,16131.464125564287
JADE,F13,4,15588.231333119727
JADE,F13,5,13562.754108946861
JADE,F13,6,13146.201216743722
JADE,F13,7,11090.565923333375
JADE,F13,8,5814.208390409392
JADE,F13,9,3646.0310440857347
JADE,F13,10,10318.6452941916
JADE,F13,11,6476.017545206941
JADE,F13,12,29851.316871267045
JADE,F13,13,5830.698577513079
JADE,F13,14,10016.715881396049
JADE,F13,15,8200.31183840425
JADE,F13,16,5068.16677040076
JADE,F13,17,15165.065384715917
JADE,F13,18,8619.583824064666
JADE,F13,19,6801.048267427501
JADE,F13,20,11324.351912013513
JADE,F13,21,15126.089352052772
JADE,F13,22,32917.78772057447
JADE,F13,23,9466.016620219332
JADE,F13,24,10563.264684828902
JADE,F13,25,9158.344208376155
JADE,F13,26,25729.935124994994
JADE,F13,27,5925.578837762421
JADE,F13,28,5426.5524099299655
JADE,F13,29,5463.535129087502
JADE,F13,30,4099.7592700052655
JADE,F14,1,143543.2694320534
JADE,F14,2,137524.8109788063
JADE,F14,3,92936.73760718062
JADE,F14,4,205428.7044829074
JADE,F14,5,277158.7119299345
JADE,F14,6,107180.19815591522
JADE,F14,7,134646.91149086197
JADE,F14,8,58838.85836216196
JADE,F14,9,144888.8131557384
JADE,F14,10,249265.4352217777
JADE,F14,11,15155.313643816127
JADE,F14,12,62084.86175940705
JADE,F14,13,86130.60909516625
JADE,F14,14,284994.4273775444
JADE,F14,15,31989.866895874155
JADE,F14,16,58524.24408845913
JADE,F14,17,32363.372403550544
JADE,F14,18,105549.6657136246
JADE,F14,19,38786.687941332166
JADE,F14,20,78162.60928071885
JADE,F14,21,53860.209090461685
JADE,F14,22,153811.29631468345
JADE,F14,23,105535.75625287768
JADE,F14,24,60074.51286678393
JADE,F14,25,96844.80131474505
JADE,F14,26,88832.82553603979
JADE,F14,27,117389.04987660907
JADE,F14,28,161078.51634234012
JADE,F14,29,244489.63041393145
JADE,F14,30,210050.9048234242
JADE,F15,1,3280.2302150848805
JADE,F15,2,5118.401415864717
JADE,F15,3,2234.5316010848865
JADE,F15,4,3425.0016453874773
JADE,F15,5,2255.956527436373
JADE,F15,6,3595.1314459477458
JADE,F15,7,2405.429606719655
JADE,F15,8,6926.927006364109
JADE,F15,9,2322.7669124578024
JADE,F15,10,3064.2116919332857
JADE,F15,11,4428.845627668241
JADE,F15,12,2119.2004656181502
JADE,F15,13,2565.719703470958
JADE,F15,14,2120.0631706871227
JADE,F15,15,3291.1575945457953
JADE,F15,16,2348.358712272744
JADE,F15,17,11943.116535038509
JADE,F15,18,5488.460242603047
JADE,F15,19,5881.508733503645
JADE,F15,20,2918.5599051643694
JADE,F15,21,2320.366760444471
JADE,F15,22,5316.460070834038
JADE,F15,23,7626.58462611655
JADE,F15,24,5998.147944616813
JADE,F15,25,2354.1499998668196
JADE,F15,26,2400.7141155638974
JADE,F15,27,6740.3726136979085
JADE,F15,28,2560.2931469962928
JADE,F15,29,4100.504125184651
JADE,F15,30,2441.242462066864
JADE,F16,1,7325.069514371512
JADE,F16,2,6308.307070009814
JADE,F16,3,7318.4818672925185
JADE,F16,4,6786.693386079528
JADE,F16,5,5783.739350919013
JADE,F16,6,7145.866635598335
JADE,F16,7,6916.550652589047
JADE,F16,8,7082.777818849148
JADE,F16,9,7174.34213879748
JADE,F16,10,6846.550667475398
JADE,F16,11,6073.128090488082
JADE,F16,12,5680.971829852261
JADE,F16,13,6266.95967190553
JADE,F16,14,7791.753703815875
JADE,F16,15,6768.570468574371
JADE,F16,16,6728.994706980529
JADE,F16,17,5919.280682433911
JADE,F16,18,6749.417036962474
JADE,F16,19,6454.4529073154645
JADE,F16,20,5918.727311039858
JADE,F16,21,7005.245839483825
JADE,F16,22,6681.087951066578
JADE,F16,23,6009.772077617021
JADE,F16,24,7160.6519052552785
JADE,F16,25,6927.21880718859
JADE,F16,26,5786.1255879734435
JADE,F16,27,6183.608623665595
JADE,F16,28,7191.13017198751
JADE,F16,29,7115.595075196826
JADE,F16,30,5460.778630060413
JADE,F17,1,5099.768063283982
JADE,F17,2,5097.288733518051
JADE,F17,3,5029.893867558187
JADE,F17,4,5627.018296497608
JADE,F17,5,5642.810246648389
JADE,F17,6,5242.498889681164
JADE,F17,7,4886.5441843420795
JADE,F17,8,5051.497672489068
JADE,F17,9,5672.992028782419
JADE,F17,10,4968.42238339663
JADE,F17,11,5322.389485668713
JADE,F17,12,4837.648045688366
JADE,F17,13,5547.876609486459
JADE,F17,14,5577.326403425167
JADE,F17,15,5588.733297218701
JADE,F17,16,5588.190509195001
JADE,F17,17,5605.4656703154105
JADE,F17,18,5404.626437282823
JADE,F17,19,5135.018943304944
JADE,F17,20,5500.755827598604
JADE,F17,21,4403.448729280855
JADE,F17,22,6302.113746524399
JADE,F17,23,4881.505702166864
JADE,F17,24,5535.571431054926
JADE,F17,25,5426.2342501200055
JADE,F17,26,4169.04142280749
JADE,F17,27,5747.363760875731
JADE,F17,28,5443.430898126291
JADE,F17,29,5132.165881921223
JADE,F17,30,5913.9235219602215
JADE,F18,1,259290.80240994517
JADE,F18,2,203098.43634553807
JADE,F18,3,279161.5987826297
JADE,F18,4,396067.9921335016
JADE,F18,5,393617.27546963823
JADE,F18,6,420890.6543558297
JADE,F18,7,177990.21152585035
JADE,F18,8,272663.48358305206
JADE,F18,9,247810.78375891683
JADE,F18,10,261342.5637940495
JADE,F18,11,261769.75556812115
JADE,F18,12,401658.38887207024
JADE,F18,13,176916.76870298892
JADE,F18,14,182577.79807212693
JADE,F18,15,182859.96741076233
JADE,F18,16,395982.95318851894
JADE,F18,17,325399.1544260716
JADE,F18,18,348952.08076100075
JADE,F18,19,268507.07100503123
JADE,F18,20,152680.42397676362
JADE,F18,21,404463.5895825337
JADE,F18,22,537071.8125930545
JADE,F18,23,186800.34060541666
JADE,F18,24,216297.62015592563
JADE,F18,25,421974.7902649512
JADE,F18,26,443738.85594527103
JADE,F18,27,310696.9047805681
JADE,F18,28,405311.5607192076
JADE,F18,29,121428.66383678366
JADE,F18,30,275053.63216589513
JADE,F19,1,34843.4315264643
JADE,F19,2,2484.724341948502
JADE,F19,3,5108.678394341854
JADE,F19,4,2396.805500418577
JADE,F19,5,8611.761767558737
JADE,F19,6,2281.4892276556757
JADE,F19,7,5827.685390527583
JADE,F19,8,2176.3179051405414
JADE,F19,9,3905.4329984494707
JADE,F19,10,5007.139723174978
JADE,F19,11,2340.5540881644033
JADE,F19,12,5642.964616041583
JADE,F19,13,3200.6975697898333
JADE,F19,14,10627.137631223877
JADE,F19,15,5462.831297009369
JADE,F19,16,8514.23407163326
JADE,F19,17,14686.492895042613
JADE,F19,18,5701.8374283278245
JADE,F19,19,3280.0844603577775
JADE,F19,20,2368.8417554800976
JADE,F19,21,3854.439090579598
JADE,F19,22,33063.37394271085
JADE,F19,23,3713.8251724837182
JADE,F19,24,4267.971725298439
JADE,F19,25,2767.0991650523883
JADE,F19,26,6570.595786916915
JADE,F19,27,3839.302268178327
JADE,F19,28,2464.381559910495
JADE,F19,29,3268.818464854746
JADE,F19,30,8033.360937299785
JADE,F20,1,5280.995480590431
JADE,F20,2,5307.8276755547595
JADE,F20,3,5420.128368817079
JADE,F20,4,5855.012118100587
JADE,F20,5,4826.466616021733
JADE,F20,6,5262.829275556631
JADE,F20,7,5633.228876153603
JADE,F20,8,5654.551374107551
JADE,F20,9,5929.746582805596
JADE,F20,10,5669.634068361669
JADE,F20,11,5921.426686148145
JADE,F20,12,5884.4053953929815
JADE,F20,13,5466.484961568136
JADE,F20,14,5592.438319224397
JADE,F20,15,5284.286368136856
JADE,F20,16,5855.425176030265
JADE,F20,17,5981.201427071974
JADE,F20,18,6023.6086718962
JADE,F20,19,6132.959548576667
JADE,F20,20,6283.807370067552
JADE,F20,21,5925.577341221153
JADE,F20,22,5857.396097973411
JADE,F20,23,5077.584263681328
JADE,F20,24,6005.522076049811
JADE,F20,25,5894.724721400198
JADE,F20,26,5958.316072168339
JADE,F20,27,6207.047240241143
JADE,F20,28,5364.184875500236
JADE,F20,29,5821.791462085185
JADE,F20,30,5345.516859872048
JADE,F21,1,3025.0230731286683
JADE,F21,2,2956.794582953807
JADE,F21,3,2832.9742145516925
JADE,F21,4,2954.4029344104874
JADE,F21,5,2921.6255084929567
JADE,F21,6,2682.5022497116615
JADE,F21,7,2902.698138821507
JADE,F21,8,2950.8389294172293
JADE,F21,9,2950.8749336342835
JADE,F21,10,2904.6850066268457
JADE,F21,11,2847.123333074147
JADE,F21,12,2964.0730200510197
JADE,F21,13,2864.6277308158674
JADE,F21,14,2773.9871901746806
JADE,F21,15,2989.703036909724
JADE,F21,16,2944.7981050510084
JADE,F21,17,3026.8370905427846
JADE,F21,18,2957.9236298704686
JADE,F21,19,3022.700628526875
JADE,F21,20,2823.9286427394263
JADE,F21,21,2904.7729610889423
JADE,F21,22,2931.926246748897
JADE,F21,23,3044.6306922215313
JADE,F21,24,2946.5019790547003
JADE,F21,25,2874.322272338183
JADE,F21,26,2936.108627430318
JADE,F21,27,2947.5131721219273
JADE,F21,28,2882.3707933861047
JADE,F21,29,2945.750751585426
JADE,F21,30,2951.920761686665
JADE,F22,1,26244.250016970316
JADE,F22,2,24586.242823106782
JADE,F22,3,24302.325333587407
JADE,F22,4,22842.117621182366
JADE,F22,5,25090.77534263063
JADE,F22,6,25770.613359895517
JADE,F22,7,23649.822422513127
JADE,F22,8,23296.381084702498
JADE,F22,9,24088.417552409766
JADE,F22,10,26286.59722487276
JADE,F22,11,25611.71128972916
JADE,F22,12,24746.328976101533
JADE,F22,13,26476.86339574629
JADE,F22,14,26409.93838285921
JADE,F22,15,25782.129229430826
JADE,F22,16,26496.353377084644
JADE,F22,17,27791.21649735568
JADE,F22,18,26140.486695991916
JADE,F22,19,24667.028472600978
JADE,F22,20,24201.631997667308
JADE,F22,21,25661.31782139008
JADE,F22,22,24365.386093688372
JADE,F22,23,25349.46693456221
JADE,F22,24,26541.706931828652
JADE,F22,25,25072.665571338257
JADE,F22,26,25675.594738948166
JADE,F22,27,24192.313931837347
JADE,F22,28,23680.555360530074
JADE,F22,29,25958.42269609378
JADE,F22,30,24437.63406894512
JADE,F23,1,3400.5725854540433
JADE,F23,2,3414.6426505850627
JADE,F23,3,3186.207601731158
JADE,F23,4,3521.8713280894945
JADE,F23,5,3350.054751399419
JADE,F23,6,3453.4433720295187
JADE,F23,7,3394.145878011652
JADE,F23,8,3216.84770522121
JADE,F23,9,3439.9591572962636
JADE,F23,10,3382.2364838032363
JADE,F23,11,3341.676595455093
JADE,F23,12,3409.6639994411066
JADE,F23,13,3446.716046936305
JADE,F23,14,3508.088820117349
JADE,F23,15,3402.8915442180833
JADE,F23,16,3293.401369897303
JADE,F23,17,3423.417092568511
JADE,F23,18,3393.123961357708
JADE,F23,19,3344.9762176703393
JADE,F23,20,3385.153350947083
JADE,F23,21,3150.2649845905144
JADE,F23,22,3293.253092557162
JADE,F23,23,3182.818378576133
JADE,F23,24,3434.670870997218
JADE,F23,25,3377.447875196506
JADE,F23,26,3137.7244608354913
JADE,F23,27,3214.057133278623
JADE,F23,28,3415.908842038204
JADE,F23,29,3293.2227796804355
JADE,F23,30,3093.8794675291515
JADE,F24,1,3650.1465663741437
JADE,F24,2,4023.494837252307
JADE,F24,3,3917.950257470151
JADE,F24,4,3726.5274894605905
JADE,F24,5,3870.4402288157235
JADE,F24,6,4071.208648569682
JADE,F24,7,3947.35379403121
JADE,F24,8,3870.275201141212
JADE,F24,9,3990.8298150914216
JADE,F24,10,4123.907044684919
JADE,F24,11,3989.9606614050635
JADE,F24,12,4040.013013272605
JADE,F24,13,3906.503654348712
JADE,F24,14,3967.825885203512
JADE,F24,15,4000.1538944640774
JADE,F24,16,3990.3228189405945
JADE,F24,17,3658.896364613187
JADE,F24,18,3761.2806335935525
JADE,F24,19,3855.4173556186197
JADE,F24,20,3899.680221219901
JADE,F24,21,3942.763803239562
JADE,F24,22,3979.242719623063
JADE,F24,23,3576.74880989866
JADE,F24,24,3934.330042116849
JADE,F24,25,3806.414186889956
JADE,F24,26,4097.235035451954
JADE,F24,27,3961.660677900593
JADE,F24,28,3984.6369842573104
JADE,F24,29,3788.4192146961896
JADE,F24,30,3898.0699329812455
JADE,F25,1,3484.5497486573895
JADE,F25,2,3572.534101623667
JADE,F25,3,3421.387720551965
JADE,F25,4,3496.9115769550776
JADE,F25,5,3364.9835963255628
JADE,F25,6,3412.6709169979567
JADE,F25,7,3312.0833303855698
JADE,F25,8,3427.2285643619725
JADE,F25,9,3411.27793132254
JADE,F25,10,3420.671514663575
JADE,F25,11,3416.944120477872
JADE,F25,12,3423.2329344116124
JADE,F25,13,3332.318291373497
JADE,F25,14,3391.9801415472525
JADE,F25,15,3439.3112705357507
JADE,F25,16,3493.4783519817934
JADE,F25,17,3331.801308938224
JADE,F25,18,3380.1431285542
JADE,F25,19,3510.822710805048
JADE,F25,20,3429.9429843323037
JADE,F25,21,3347.008776091431
JADE,F25,22,3349.7830457719883
JADE,F25,23,3453.8000327814334
JADE,F25,24,3643.8889775744638
JADE,F25,25,3490.1774450070743
JADE,F25,26,3529.7375657337916
JADE,F25,27,3441.7768341619108
JADE,F25,28,3479.84176667049
JADE,F25,29,3440.4850803505874
JADE,F25,30,3461.311703323426
JADE,F26,1,11117.800323097286
JADE,F26,2,13924.576633423503
JADE,F26,3,12548.897964356682
JADE,F26,4,11775.72420311617
JADE,F26,5,13864.236477236916
JADE,F26,6,13045.11562364768
JADE,F26,7,9477.512453697207
JADE,F26,8,12752.913244064646
JADE,F26,9,11817.570503899047
JADE,F26,10,11774.27236569527
JADE,F26,11,15983.69297992377
JADE,F26,12,13683.935735431935
JADE,F26,13,10748.360387823443
JADE,F26,14,12756.014464090942
JADE,F26,15,9706.978434381948
JADE,F26,16,12268.333791602985
JADE,F26,17,8678.674433662201
JADE,F26,18,13046.861296339317
JADE,F26,19,9465.91275215031
JADE,F26,20,9408.295178557242
JADE,F26,21,9743.224080190732
JADE,F26,22,14245.293118542433
JADE,F26,23,11118.729525078958
JADE,F26,24,12952.258298467135
JADE,F26,25,12731.494370068085
JADE,F26,26,11330.722665884503
JADE,F26,27,11683.145630671044
JADE,F26,28,11074.009541772122
JADE,F26,29,10058.043974054643
JADE,F26,30,12546.633241472748
JADE,F27,1,3713.6113316592864
JADE,F27,2,3893.2370434192308
JADE,F27,3,3638.4346915656874
JADE,F27,4,3484.5354560983105
JADE,F27,5,3627.5634429360225
JADE,F27,6,3645.6615111392966
JADE,F27,7,3680.9753482149317
JADE,F27,8,3718.181198245671
JADE,F27,9,3566.4975438568317
JADE,F27,10,3525.033539447854
JADE,F27,11,3532.2367165137234
JADE,F27,12,3588.1379167613204
JADE,F27,13,3670.9587392162803
JADE,F27,14,3472.824073611514
JADE,F27,15,3604.2011144550343
JADE,F27,16,3769.7860457205243
JADE,F27,17,3733.033213019605
JADE,F27,18,3493.204977978932
JADE,F27,19,3547.845226082717
JADE,F27,20,3648.8728920420835
JADE,F27,21,3825.9891541786847
JADE,F27,22,3583.507041369054
JADE,F27,23,3732.38266282896
JADE,F27,24,3479.903470128722
JADE,F27,25,3498.1875658688487
JADE,F27,26,3653.134815962072
JADE,F27,27,3647.3926528963725
JADE,F27,28,3571.808614342268
JADE,F27,29,3543.1778713810318
JADE,F27,30,3563.847150122128
JADE,F28,1,3534.7187148774383
JADE,F28,2,3659.4321120031273
JADE,F28,3,3692.365546327144
JADE,F28,4,3565.292482084724
JADE,F28,5,3602.3080167730277
JADE,F28,6,3626.4516385814713
JADE,F28,7,3691.3631688286905
JADE,F28,8,3705.2733462549
JADE,F28,9,3522.224208302653
JADE,F28,10,3671.6135779788333
JADE,F28,11,3444.933531503837
JADE,F28,12,3603.528904468842
JADE,F28,13,3581.292857249953
JADE,F28,14,3726.9483484208604
JADE,F28,15,3562.098814602831
JADE,F28,16,3592.5667054628684
JADE,F28,17,3511.739173359094
JADE,F28,18,3604.0949952714277
JADE,F28,19,3594.209677693851
JADE,F28,20,3550.1546186523506
JADE,F28,21,3537.92830613515
JADE,F28,22,3496.136016420487
JADE,F28,23,3481.90343933094
JADE,F28,24,3643.4540288948942
JADE,F28,25,3419.552513596257
JADE,F28,26,3757.886279925285
JADE,F28,27,3560.573237460653
JADE,F28,28,3558.433071128644
JADE,F28,29,3515.3154618931876
JADE,F28,30,3580.78587840684
JADE,F29,1,6942.1467679634325
JADE,F29,2,7963.121925733052
JADE,F29,3,7036.4762325908605
JADE,F29,4,7432.916843132458
JADE,F29,5,6804.390237463569
JADE,F29,6,7407.763677532865
JADE,F29,7,8153.676404433591
JADE,F29,8,7355.842343413187
JADE,F29,9,6696.916980888813
JADE,F29,10,7590.616263345383
JADE,F29,11,7412.138047834223
JADE,F29,12,7540.092972852281
JADE,F29,13,7086.620683486441
JADE,F29,14,8065.158169989354
JADE,F29,15,6593.471729234786
JADE,F29,16,7105.349770437042
JADE,F29,17,7246.897168814234
JADE,F29,18,6638.384803433733
JADE,F29,19,7241.576158987543
JADE,F29,20,7459.334514394858
JADE,F29,21,6940.022382818121
JADE,F29,22,7895.553064610984
JADE,F29,23,7299.6971107249365
JADE,F29,24,7895.38546871566
JADE,F29,25,8010.698860599001
JADE,F29,26,6998.7707580870365
JADE,F29,27,6651.144555844363
JADE,F29,28,7098.448312223776
JADE,F29,29,6864.781391210575
JADE,F29,30,6574.583024644167
JADE,F30,1,30154.85041581991
JADE,F30,2,13611.96542286541
JADE,F30,3,35376.93318674942
JADE,F30,4,11375.71353395284
JADE,F30,5,54424.18110039204
JADE,F30,6,101540.94283470733
JADE,F30,7,16366.83262530393
JADE,F30,8,9440.73382603846
JADE,F30,9,12348.052860105006
JADE,F30,10,17197.826684142696
JADE,F30,11,60969.88006888021
JADE,F30,12,22431.98932780327
JADE,F30,13,60330.58233152403
JADE,F30,14,20630.068088611544
JADE,F30,15,37530.19060978745
JADE,F30,16,35625.71238963835
JADE,F30,17,36090.51494250234
JADE,F30,18,24555.407080604222
JADE,F30,19,10660.476311603526
JADE,F30,20,15050.078302224758
JADE,F30,21,35896.113237575366
JADE,F30,22,11239.112981599563
JADE,F30,23,13247.589170593892
JADE,F30,24,45865.110160396776
JADE,F30,25,13790.560760055454
JADE,F30,26,65054.604997179675
JADE,F30,27,33234.58686697233
JADE,F30,28,19027.78961942316
JADE,F30,29,32764.134512466582
JADE,F30,30,11569.87663149989
SHADE,F1,1,2490130.339697867
SHADE,F1,2,1265771.9689639602
SHADE,F1,3,404911.7980464813
SHADE,F1,4,94973.6592255881
SHADE,F1,5,68680.655590572
SHADE,F1,6,1741822.6211293126
SHADE,F1,7,600730.9939197558
SHADE,F1,8,426788.4094565533
SHADE,F1,9,2415532.202074677
SHADE,F1,10,42994.24051810089
SHADE,F1,11,169521.90830012606
SHADE,F1,12,405924.00960501726
SHADE,F1,13,246140.72465083917
SHADE,F1,14,56917.14412395624
SHADE,F1,15,516514.8285005077
SHADE,F1,16,274757.45945902664
SHADE,F1,17,819683.3602507241
SHADE,F1,18,493390.34040631127
SHADE,F1,19,1216523.8618533066
SHADE,F1,20,254725.59280596767
SHADE,F1,21,92902.88488639162
SHADE,F1,22,1279211.232539352
SHADE,F1,23,2615442.333220821
SHADE,F1,24,211161.48508196417
SHADE,F1,25,365892.2103983798
SHADE,F1,26,7426024.897474552
SHADE,F1,27,788131.4698620739
SHADE,F1,28,1076633.8375693515
SHADE,F1,29,119092.33552742437
SHADE,F1,30,440575.40707533254
SHADE,F3,1,220555.80060583455
SHADE,F3,2,221851.94645112453
SHADE,F3,3,200142.1555408117
SHADE,F3,4,184115.8742379933
SHADE,F3,5,182249.5303578826
SHADE,F3,6,178703.89536657685
SHADE,F3,7,209496.5954985548
SHADE,F3,8,206553.97937547363
SHADE,F3,9,176808.53083439142
SHADE,F3,10,290324.0891901399
SHADE,F3,11,255033.87016607987
SHADE,F3,12,210405.43516995545
SHADE,F3,13,252706.0192838111
SHADE,F3,14,194834.53051917348
SHADE,F3,15,225810.3818560597
SHADE,F3,16,243577.16110225476
SHADE,F3,17,191630.8576724014
SHADE,F3,18,188396.4066734833
SHADE,F3,19,174036.11876613644
SHADE,F3,20,208375.73939256993
SHADE,F3,21,201360.03626217632
SHADE,F3,22,129649.92473120126
SHADE,F3,23,194863.09568109075
SHADE,F3,24,265615.98565715033
SHADE,F3,25,170785.7335971427
SHADE,F3,26,185640.83077289388
SHADE,F3,27,275205.781526128
SHADE,F3,28,232856.58472562267
SHADE,F3,29,159612.5313324163
SHADE,F3,30,180870.49218514003
SHADE,F4,1,819.9805954796741
SHADE,F4,2,871.376469544865
SHADE,F4,3,668.9297785306369
SHADE,F4,4,755.341385466161
SHADE,F4,5,775.0607987646695
SHADE,F4,6,745.7526398849767
SHADE,F4,7,779.366705987416
SHADE,F4,8,760.901156702285
SHADE,F4,9,761.7204686055686
SHADE,F4,10,805.4312296614768
SHADE,F4,11,775.8053688790576
SHADE,F4,12,794.7553202203399
SHADE,F4,13,696.4257002785396
SHADE,F4,14,645.9571636998039
SHADE,F4,15,728.3054986194002
SHADE,F4,16,752.6102564517716
SHADE,F4,17,662.8147663062235
SHADE,F4,18,694.3282416098898
SHADE,F4,19,792.6921068771585
SHADE,F4,20,821.9347178333472
SHADE,F4,21,768.0670814141868
SHADE,F4,22,710.0077546481884
SHADE,F4,23,694.8291498638454
SHADE,F4,24,725.4612277730192
SHADE,F4,25,694.7722323201247
SHADE,F4,26,752.8517743145076
SHADE,F4,27,752.9957329156296
SHADE,F4,28,706.1088259495109
SHADE,F4,29,726.607969050584
SHADE,F4,30,758.7085292799695
SHADE,F5,1,1287.25245346134
SHADE,F5,2,1189.649489440756
SHADE,F5,3,1256.948373701502
SHADE,F5,4,1164.8235153470237
SHADE,F5,5,1168.4271169460917
SHADE,F5,6,1113.4227771756587
SHADE,F5,7,1144.4925568569895
SHADE,F5,8,1287.9131165591866
SHADE,F5,9,1153.8196802643113
SHADE,F5,10,1231.9718002369596
SHADE,F5,11,1107.5900326341343
SHADE,F5,12,1198.3883422948684
SHADE,F5,13,1078.1811311350357
SHADE,F5,14,1067.7016912974868
SHADE,F5,15,1192.4970878366355
SHADE,F5,16,1169.4600008601703
SHADE,F5,17,1121.414731324152
SHADE,F5,18,1198.9483015328506
SHADE,F5,19,1178.8430456142405
SHADE,F5,20,1084.956653660905
SHADE,F5,21,1174.6879537330165
SHADE,F5,22,1168.2983998185323
SHADE,F5,23,1089.1472703326226
SHADE,F5,24,1148.6513524804182
SHADE,F5,25,1178.8748134383827
SHADE,F5,26,1166.3285733053276
SHADE,F5,27,1188.8037171734177
SHADE,F5,28,1135.596976135995
SHADE,F5,29,1024.5081692554677
SHADE,F5,30,1173.2312149934469
SHADE,F6,1,608.3385278133211
SHADE,F6,2,608.1584402853442
SHADE,F6,3,612.967965590006
SHADE,F6,4,612.3786462049143
SHADE,F6,5,612.6312913870685
SHADE,F6,6,606.2088769658369
SHADE,F6,7,611.5170483328037
SHADE,F6,8,611.5067792877753
SHADE,F6,9,610.664229043322
SHADE,F6,10,616.0433430899694
SHADE,F6,11,614.867369024027
SHADE,F6,12,612.1187237995202
SHADE,F6,13,613.2677696405007
SHADE,F6,14,610.8677200867526
SHADE,F6,15,613.0881807478037
SHADE,F6,16,605.9571909310808
SHADE,F6,17,605.2434331877154
SHADE,F6,18,609.3534745563219
SHADE,F6,19,613.2614259007872
SHADE,F6,20,606.4451146099871
SHADE,F6,21,611.6661419576857
SHADE,F6,22,612.6405198959151
SHADE,F6,23,607.7246902245487
SHADE,F6,24,611.2233667372348
SHADE,F6,25,608.6381566608945
SHADE,F6,26,612.5669821821771
SHADE,F6,27,613.4789427181627
SHADE,F6,28,612.4419119590087
SHADE,F6,29,608.1981432175832
SHADE,F6,30,607.5648186416078
SHADE,F7,1,1809.2972641047163
SHADE,F7,2,1682.7805411218258
SHADE,F7,3,1658.5776170261597
SHADE,F7,4,1851.8913629145072
SHADE,F7,5,1659.0813819815232
SHADE,F7,6,1587.537756726766
SHADE,F7,7,1680.3011164376453
SHADE,F7,8,1685.649118189176
SHADE,F7,9,1856.5119981200173
SHADE,F7,10,1582.5703738584696
SHADE,F7,11,1726.268657865182
SHADE,F7,12,1858.2418156393699
SHADE,F7,13,1765.867176530111
SHADE,F7,14,1817.1606501844872
SHADE,F7,15,1709.183653375815
SHADE,F7,16,1874.323984385217
SHADE,F7,17,2009.3590971576414
SHADE,F7,18,1684.0743496029459
SHADE,F7,19,2074.1083318255214
SHADE,F7,20,1709.57701614288
SHADE,F7,21,1751.7529848545016
SHADE,F7,22,1934.0918566142852
SHADE,F7,23,1738.9850743069014
SHADE,F7,24,1827.9232790764122
SHADE,F7,25,1849.598748630656
SHADE,F7,26,1739.870944696208
SHADE,F7,27,1803.4947600916153
SHADE,F7,28,1566.7540046297436
SHADE,F7,29,1855.67183593886
SHADE,F7,30,1622.7820260425292
SHADE,F8,1,1459.4736334089687
SHADE,F8,2,1478.0566052720092
SHADE,F8,3,1393.3973332465262
SHADE,F8,4,1421.1576579009793
SHADE,F8,5,1449.7545761001545
SHADE,F8,6,1465.982779647662
SHADE,F8,7,1432.4715439212234
SHADE,F8,8,1478.0223773546554
SHADE,F8,9,1524.3157911004769
SHADE,F8,10,1462.6552057223985
SHADE,F8,11,1427.1587780588684
SHADE,F8,12,1459.811487618557
SHADE,F8,13,1512.52818774441
SHADE,F8,14,1473.8300847650942
SHADE,F8,15,1467.072066754608
SHADE,F8,16,1441.2115303598257
SHADE,F8,17,1485.3490648911516
SHADE,F8,18,1323.9230644272666
SHADE,F8,19,1475.0152052442395
SHADE,F8,20,1408.5947585807937
SHADE,F8,21,1446.6188751659088
SHADE,F8,22,1528.3332548017474
SHADE,F8,23,1479.917207996842
SHADE,F8,24,1357.7541239772963
SHADE,F8,25,1483.539690036205
SHADE,F8,26,1419.2304854152017
SHADE,F8,27,1408.9098427410418
SHADE,F8,28,1469.313703630951
SHADE,F8,29,1470.5584443936027
SHADE,F8,30,1578.1781450301628
SHADE,F9,1,7889.098051044032
SHADE,F9,2,11298.898204427347
SHADE,F9,3,13989.803079821431
SHADE,F9,4,15287.171540941485
SHADE,F9,5,8287.258216634677
SHADE,F9,6,15024.607693590853
SHADE,F9,7,24352.9531845894
SHADE,F9,8,22813.22409827773
SHADE,F9,9,17838.84727712755
SHADE,F9,10,16722.132182943024
SHADE,F9,11,12646.400006870525
SHADE,F9,12,12986.481208069496
SHADE,F9,13,17853.635694470755
SHADE,F9,14,9774.238506439824
SHADE,F9,15,15083.219903288264
SHADE,F9,16,10045.03468170012
SHADE,F9,17,16574.234923791497
SHADE,F9,18,18492.212034111235
SHADE,F9,19,12545.522082199926
SHADE,F9,20,13782.746661566267
SHADE,F9,21,9630.122190460352
SHADE,F9,22,14324.898842788305
SHADE,F9,23,12927.489894973016
SHADE,F9,24,20530.892890251453
SHADE,F9,25,21320.045059706146
SHADE,F9,26,14196.217294125872
SHADE,F9,27,12013.852154654007
SHADE,F9,28,20916.360052252952
SHADE,F9,29,11355.50919275876
SHADE,F9,30,9438.310222439866
SHADE,F10,1,22025.901785343765
SHADE,F10,2,22215.047806661085
SHADE,F10,3,21604.156901532107
SHADE,F10,4,22426.367981489835
SHADE,F10,5,21059.810378804254
SHADE,F10,6,22375.98880058195
SHADE,F10,7,22896.57071000234
SHADE,F10,8,21572.966459907082
SHADE,F10,9,20544.52273105693
SHADE,F10,10,21126.272271106594
SHADE,F10,11,21902.876886619528
SHADE,F10,12,22092.73907760945
SHADE,F10,13,21579.422449842146
SHADE,F10,14,22278.715523132236
SHADE,F10,15,21743.087065085016
SHADE,F10,16,21940.75735786109
SHADE,F10,17,22347.253849600747
SHADE,F10,18,22048.625818474076
SHADE,F10,19,21599.462130205462
SHADE,F10,20,20979.152241002197
SHADE,F10,21,20654.59102590279
SHADE,F10,22,21100.314173939438
SHADE,F10,23,21082.845794627206
SHADE,F10,24,20772.22626897424
SHADE,F10,25,22305.470037476047
SHADE,F10,26,23072.709527354065
SHADE,F10,27,22640.783399123655
SHADE,F10,28,20077.937754367198
SHADE,F10,29,21082.14938618537
SHADE,F10,30,21845.077323125657
SHADE,F11,1,3976.744532872636
SHADE,F11,2,3962.363412241567
SHADE,F11,3,6619.139349768375
SHADE,F11,4,3596.586109083969
SHADE,F11,5,4714.940216646139
SHADE,F11,6,4369.5262086826515
SHADE,F11,7,5452.2659435070145
SHADE,F11,8,3187.2408045773936
SHADE,F11,9,3257.9459751202485
SHADE,F11,10,3623.405796658765
SHADE,F11,11,5096.18742550991
SHADE,F11,12,6029.17196467794
SHADE,F11,13,4595.507281539607
SHADE,F11,14,3257.509091145944
SHADE,F11,15,3500.9286795598177
SHADE,F11,16,5200.821857758567
SHADE,F11,17,3359.3640024683336
SHADE,F11,18,5621.186240810153
SHADE,F11,19,4290.265211148152
SHADE,F11,20,3316.7691722534905
SHADE,F11,21,3846.9664685624775
SHADE,F11,22,4390.064551954706
SHADE,F11,23,5778.2631819897415
SHADE,F11,24,3824.972867028627
SHADE,F11,25,5174.94456629779
SHADE,F11,26,5703.504417235278
SHADE,F11,27,3217.3553075339
SHADE,F11,28,5380.088511841813
SHADE,F11,29,4815.752909299509
SHADE,F11,30,3481.673131674205
SHADE,F12,1,4749697.935567716
SHADE,F12,2,37476140.27798501
SHADE,F12,3,5310775.482589565
SHADE,F12,4,11475515.919576954
SHADE,F12,5,2040081.2893462505
SHADE,F12,6,4722215.905291562
SHADE,F12,7,1726785.7425035841
SHADE,F12,8,7336787.564042954
SHADE,F12,9,2808461.303095053
SHADE,F12,10,3155598.536330712
SHADE,F12,11,8464674.56607062
SHADE,F12,12,4984944.292292789
SHADE,F12,13,6659503.628682971
SHADE,F12,14,4829355.7315372
SHADE,F12,15,6316060.331974959
SHADE,F12,16,2570805.5660023773
SHADE,F12,17,2458846.223818362
SHADE,F12,18,4166899.468398668
SHADE,F12,19,11338912.52781291
SHADE,F12,20,8774884.719886206
SHADE,F12,21,4985599.017590157
SHADE,F12,22,8003101.522810295
SHADE,F12,23,3491390.6465668185
SHADE,F12,24,4462853.398875039
SHADE,F12,25,6718702.122392781
SHADE,F12,26,6310228.450507107
SHADE,F12,27,10407587.58900185
SHADE,F12,28,7716523.221620101
SHADE,F12,29,3998062.3922106414
SHADE,F12,30,5840971.283165434
SHADE,F13,1,9782.760318345288
SHADE,F13,2,7801.180026767482
SHADE,F13,3,3461.3454290603004
SHADE,F13,4,6411.392958695334
SHADE,F13,5,3154.667899218225
SHADE,F13,6,4202.762012769044
SHADE,F13,7,5192.476929921999
SHADE,F13,8,4043.802253395739
SHADE,F13,9,4168.634995307762
SHADE,F13,10,3953.5922845647287
SHADE,F13,11,5048.363900411849
SHADE,F13,12,3509.4066193059816
SHADE,F13,13,4310.114295997258
SHADE,F13,14,2810.601930371999
SHADE,F13,15,4561.085936972331
SHADE,F13,16,7176.529069223241
SHADE,F13,17,6984.103611444321
SHADE,F13,18,7444.029070620211
SHADE,F13,19,2836.272825406972
SHADE,F13,20,14489.946069602924
SHADE,F13,21,22513.061050493892
SHADE,F13,22,7951.619773232036
SHADE,F13,23,19146.826165083345
SHADE,F13,24,12693.726097999028
SHADE,F13,25,10390.376817581811
SHADE,F13,26,12533.650275406108
SHADE,F13,27,6226.508916429633
SHADE,F13,28,3901.1485950000515
SHADE,F13,29,9872.437357698367
SHADE,F13,30,4254.113025264847
SHADE,F14,1,97460.2491471683
SHADE,F14,2,56452.914899664494
SHADE,F14,3,62096.46790655869
SHADE,F14,4,72749.03535053185
SHADE,F14,5,136833.5109517622
SHADE,F14,6,254673.95942349345
SHADE,F14,7,80124.52269507661
SHADE,F14,8,38581.31697198977
SHADE,F14,9,110689.67179147009
SHADE,F14,10,97730.57849191356
SHADE,F14,11,145169.18271923182
SHADE,F14,12,58484.69821919836
SHADE,F14,13,167228.67735102397
SHADE,F14,14,46217.44374795365
SHADE,F14,15,34761.66379239028
SHADE,F14,16,151300.63878898256
SHADE,F14,17,162091.6010885796
SHADE,F14,18,21600.52935051978
SHADE,F14,19,357611.14244791743
SHADE,F14,20,63425.172371471315
SHADE,F14,21,135495.73975832012
SHADE,F14,22,105943.87157606821
SHADE,F14,23,14868.685094170998
SHADE,F14,24,252502.3328953888
SHADE,F14,25,79217.5456076928
SHADE,F14,26,90710.91278935345
SHADE,F14,27,47656.512108307346
SHADE,F14,28,142747.00481506746
SHADE,F14,29,76425.03119269985
SHADE,F14,30,74634.04989477899
SHADE,F15,1,5503.018529342293
SHADE,F15,2,2503.607794269872
SHADE,F15,3,16029.75922475459
SHADE,F15,4,8722.228962325096
SHADE,F15,5,2251.5107244731325
SHADE,F15,6,6299.186145827011
SHADE,F15,7,3145.3246199864125
SHADE,F15,8,2197.1228090063455
SHADE,F15,9,3360.910606557733
SHADE,F15,10,2061.8950063802686
SHADE,F15,11,2222.2978348548495
SHADE,F15,12,5995.114584942719
SHADE,F15,13,1955.8279850944045
SHADE,F15,14,7765.224821471392
SHADE,F15,15,3189.705856312482
SHADE,F15,16,9227.429451736345
SHADE,F15,17,2880.0846524741055
SHADE,F15,18,2548.5459120310716
SHADE,F15,19,3128.375499195327
SHADE,F15,20,13910.3565495621
SHADE,F15,21,2302.91370717873
SHADE,F15,22,2365.329436229502
SHADE,F15,23,2315.643318182635
SHADE,F15,24,2426.9285937182867
SHADE,F15,25,8030.989643991801
SHADE,F15,26,3762.855177015658
SHADE,F15,27,1894.1758881473372
SHADE,F15,28,14154.255797755037
SHADE,F15,29,4054.544990819437
SHADE,F15,30,4170.009497054311
SHADE,F16,1,5980.349740857276
SHADE,F16,2,6261.094874480954
SHADE,F16,3,6803.839187860529
SHADE,F16,4,7481.652092148346
SHADE,F16,5,6723.79440337294
SHADE,F16,6,5695.9395926169345
SHADE,F16,7,6841.555657966688
SHADE,F16,8,5777.27314700643
SHADE,F16,9,6838.07845135311
SHADE,F16,10,6253.073164039739
SHADE,F16,11,5950.02514193178
SHADE,F16,12,6313.086068398992
SHADE,F16,13,7248.216088021102
SHADE,F16,14,6402.870463543359
SHADE,F16,15,6077.240463863032
SHADE,F16,16,6659.269190286781
SHADE,F16,17,6821.411838420321
SHADE,F16,18,6664.589301086529
SHADE,F16,19,6923.410391077394
SHADE,F16,20,6403.006258908116
SHADE,F16,21,6816.478209012462
SHADE,F16,22,6579.152663591139
SHADE,F16,23,6784.340710387438
SHADE,F16,24,6496.5770686619035
SHADE,F16,25,6951.222630618293
SHADE,F16,26,6713.790266373473
SHADE,F16,27,7140.290123038589
SHADE,F16,28,6181.786275662782
SHADE,F16,29,6396.17232435876
SHADE,F16,30,6966.085896070355
SHADE,F17,1,4415.704815952119
SHADE,F17,2,4140.834537043396
SHADE,F17,3,5001.218482195018
SHADE,F17,4,5010.812703023206
SHADE,F17,5,5141.5519234159465
SHADE,F17,6,5157.52094172314
SHADE,F17,7,5610.604369733121
SHADE,F17,8,5955.814331039122
SHADE,F17,9,5244.144772759877
SHADE,F17,10,5235.012635343441
SHADE,F17,11,4820.074461622309
SHADE,F17,12,5008.142164110797
SHADE,F17,13,4986.976660411204
SHADE,F17,14,5487.161158391705
SHADE,F17,15,5314.509047178808
SHADE,F17,16,4345.097204558422
SHADE,F17,17,5255.7690126935595
SHADE,F17,18,4965.870315580838
SHADE,F17,19,5276.476960485679
SHADE,F17,20,5869.5449566562165
SHADE,F17,21,5799.228118188554
SHADE,F17,22,5661.092171947207
SHADE,F17,23,4785.896467542161
SHADE,F17,24,5540.573783518461
SHADE,F17,25,5690.22482634193
SHADE,F17,26,5067.336993207153
SHADE,F17,27,5678.407066360714
SHADE,F17,28,4515.9909435629825
SHADE,F17,29,5150.0778786892715
SHADE,F17,30,5064.424078500329
SHADE,F18,1,153281.68725752458
SHADE,F18,2,401495.9969237716
SHADE,F18,3,402573.3008192895
SHADE,F18,4,360110.3420330924
SHADE,F18,5,304617.08476226043
SHADE,F18,6,475451.7553218861
SHADE,F18,7,387540.8276801224
SHADE,F18,8,263497.85367587453
SHADE,F18,9,446027.14855895157
SHADE,F18,10,460332.2102976602
SHADE,F18,11,153756.3389042619
SHADE,F18,12,156732.48280221713
SHADE,F18,13,230846.38513974915
SHADE,F18,14,179101.71980921266
SHADE,F18,15,323831.20676085964
SHADE,F18,16,317005.79348399624
SHADE,F18,17,170987.80867161806
SHADE,F18,18,433831.52501793834
SHADE,F18,19,648518.3089263629
SHADE,F18,20,285229.18586711277
SHADE,F18,21,307327.06672562327
SHADE,F18,22,154471.37162415823
SHADE,F18,23,493425.5389771918
SHADE,F18,24,354046.021442733
SHADE,F18,25,182964.85403978254
SHADE,F18,26,248818.53961973634
SHADE,F18,27,280759.72153419687
SHADE,F18,28,331105.7621408544
SHADE,F18,29,198374.1234766441
SHADE,F18,30,120099.19970280341
SHADE,F19,1,2573.406707043592
SHADE,F19,2,10487.507004695759
SHADE,F19,3,3769.2153518108244
SHADE,F19,4,2459.167286138089
SHADE,F19,5,5223.444383685461
SHADE,F19,6,6873.054880723605
SHADE,F19,7,3295.4953685246937
SHADE,F19,8,4314.0908235199495
SHADE,F19,9,7783.450641961441
SHADE,F19,10,3700.0759664619095
SHADE,F19,11,2234.46648675831
SHADE,F19,12,4747.589286091548
SHADE,F19,13,2927.503285099066
SHADE,F19,14,14909.652275606664
SHADE,F19,15,4032.9301215024975
SHADE,F19,16,2457.8518848185868
SHADE,F19,17,13388.955679933155
SHADE,F19,18,2634.2460085438747
SHADE,F19,19,3778.895234964798
SHADE,F19,20,3144.7128886733726
SHADE,F19,21,4082.444088537203
SHADE,F19,22,4395.506092970301
SHADE,F19,23,2437.543702814728
SHADE,F19,24,3009.0203596056153
SHADE,F19,25,4250.127361883017
SHADE,F19,26,6817.872933655837
SHADE,F19,27,2361.788917310622
SHADE,F19,28,14458.239424757776
SHADE,F19,29,20637.104929466226
SHADE,F19,30,2863.540903188178
SHADE,F20,1,5158.0187944475265
SHADE,F20,2,6178.902808059317
SHADE,F20,3,5634.829973891703
SHADE,F20,4,4742.694930211008
SHADE,F20,5,5795.981784253476
SHADE,F20,6,4896.846531415031
SHADE,F20,7,5555.736860073619
SHADE,F20,8,6418.34424654624
SHADE,F20,9,5889.768821488284
SHADE,F20,10,5840.132946095298
SHADE,F20,11,5655.946482252958
SHADE,F20,12,5570.873699137224
SHADE,F20,13,5500.548198896717
SHADE,F20,14,5295.335768447403
SHADE,F20,15,5953.701538727394
SHADE,F20,16,5422.19967533391
SHADE,F20,17,5654.256297131624
SHADE,F20,18,5622.709309356336
SHADE,F20,19,5737.851683744373
SHADE,F20,20,5113.8915488899
SHADE,F20,21,5033.677252313502
SHADE,F20,22,5404.9644578347015
SHADE,F20,23,6133.698207507582
SHADE,F20,24,5408.079489871376
SHADE,F20,25,5650.469723182116
SHADE,F20,26,5567.608965245601
SHADE,F20,27,5640.023300551233
SHADE,F20,28,5481.686461072945
SHADE,F20,29,5296.6719499668325
SHADE,F20,30,5826.978677130872
SHADE,F21,1,2894.945370279087
SHADE,F21,2,3027.482127375302
SHADE,F21,3,3012.8682079493215
SHADE,F21,4,3014.537129197867
SHADE,F21,5,3035.7546779864097
SHADE,F21,6,2913.812527492734
SHADE,F21,7,2936.8588808076674
SHADE,F21,8,3000.9904760188056
SHADE,F21,9,3054.0997230319995
SHADE,F21,10,2988.110390278884
SHADE,F21,11,2924.409707649414
SHADE,F21,12,3103.015458072008
SHADE,F21,13,3056.271971064267
SHADE,F21,14,2953.5432612201516
SHADE,F21,15,3031.623141949495
SHADE,F21,16,2975.4609299968824
SHADE,F21,17,3104.569108808226
SHADE,F21,18,2953.944986196794
SHADE,F21,19,2933.0586795542677
SHADE,F21,20,3001.801224798754
SHADE,F21,21,3053.8255405118894
SHADE,F21,22,2910.1714416062396
SHADE,F21,23,3057.133666040648
SHADE,F21,24,2981.264818428854
SHADE,F21,25,3066.2736005312
SHADE,F21,26,3027.5913129895484
SHADE,F21,27,2942.189619723267
SHADE,F21,28,3037.7233687521593
SHADE,F21,29,3049.3564705251742
SHADE,F21,30,2977.598853079314
SHADE,F22,1,23803.92306144571
SHADE,F22,2,24069.04817732817
SHADE,F22,3,23500.34282747528
SHADE,F22,4,23935.43462767693
SHADE,F22,5,24815.148544845582
SHADE,F22,6,23708.94279601976
SHADE,F22,7,25434.017518915956
SHADE,F22,8,23970.494978477513
SHADE,F22,9,23658.75887511744
SHADE,F22,10,25118.48667437835
SHADE,F22,11,24114.54212920661
SHADE,F22,12,23961.177703110083
SHADE,F22,13,23639.223779211403
SHADE,F22,14,23276.635912870304
SHADE,F22,15,23209.57856064031
SHADE,F22,16,23605.46028140385
SHADE,F22,17,24642.661488824513
SHADE,F22,18,23684.749370431367
SHADE,F22,19,23827.8546929908
SHADE,F22,20,22822.74737766533
SHADE,F22,21,24562.870782412934
SHADE,F22,22,23328.267076960437
SHADE,F22,23,23868.730369492074
SHADE,F22,24,25377.503045937025
SHADE,F22,25,24167.806569631663
SHADE,F22,26,23293.391457313646
SHADE,F22,27,23158.423172773528
SHADE,F22,28,24268.430139875723
SHADE,F22,29,25349.500647851746
SHADE,F22,30,22875.278908447664
SHADE,F23,1,3437.4149823491107
SHADE,F23,2,3492.9771018200813
SHADE,F23,3,3466.946237822113
SHADE,F23,4,3547.4321397590284
SHADE,F23,5,3451.86221257164
SHADE,F23,6,3601.580139326407
SHADE,F23,7,3569.5743707374772
SHADE,F23,8,3469.2347001399207
SHADE,F23,9,3456.3861308411056
SHADE,F23,10,3508.8351648224957
SHADE,F23,11,3530.366214420089
SHADE,F23,12,3445.6123410421833
SHADE,F23,13,3437.590837926464
SHADE,F23,14,3427.4098951182655
SHADE,F23,15,3439.2836849604037
SHADE,F23,16,3444.913602838816
SHADE,F23,17,3544.862944079141
SHADE,F23,18,3473.5730639446037
SHADE,F23,19,3349.8446007104358
SHADE,F23,20,3534.4383228586557
SHADE,F23,21,3478.5959248434874
SHADE,F23,22,3469.4123549661
SHADE,F23,23,3519.8370913479457
SHADE,F23,24,3403.4017665139895
SHADE,F23,25,3392.240699003539
SHADE,F23,26,3404.606812837086
SHADE,F23,27,3607.0729666754432
SHADE,F23,28,3428.7816731690255
SHADE,F23,29,3443.8812502669584
SHADE,F23,30,3319.964804288602
SHADE,F24,1,4199.955666114188
SHADE,F24,2,4052.873378323765
SHADE,F24,3,3969.6433557546907
SHADE,F24,4,3956.592047369222
SHADE,F24,5,4007.1016115676603
SHADE,F24,6,3958.5803292470564
SHADE,F24,7,4011.3101783677466
SHADE,F24,8,4093.0460054299756
SHADE,F24,9,4078.245265585604
SHADE,F24,10,4015.748864211881
SHADE,F24,11,4027.918179940697
SHADE,F24,12,3918.4960410713857
SHADE,F24,13,3968.6638836716047
SHADE,F24,14,3940.6042519107823
SHADE,F24,15,4242.110413929437
SHADE,F24,16,4418.381190165717
SHADE,F24,17,4027.801644089379
SHADE,F24,18,3988.8701368311567
SHADE,F24,19,4138.707684711621
SHADE,F24,20,4028.228035947225
SHADE,F24,21,4027.7729385207467
SHADE,F24,22,4098.286815772439
SHADE,F24,23,3985.741372750997
SHADE,F24,24,3745.9370335490394
SHADE,F24,25,4135.208426104519
SHADE,F24,26,4056.597080570796
SHADE,F24,27,3945.7914440139557
SHADE,F24,28,4298.184514795504
SHADE,F24,29,4039.424535448292
SHADE,F24,30,3913.9367097164254
SHADE,F25,1,3486.1095728566847
SHADE,F25,2,3396.6484189583252
SHADE,F25,3,3440.602342281987
SHADE,F25,4,3381.9690017296107
SHADE,F25,5,3365.2254520339575
SHADE,F25,6,3406.0636643993653
SHADE,F25,7,3411.822804527124
SHADE,F25,8,3386.010711588724
SHADE,F25,9,3445.666687577897
SHADE,F25,10,3438.7772424681975
SHADE,F25,11,3351.754750747181
SHADE,F25,12,3342.093449131714
SHADE,F25,13,3411.125587948396
SHADE,F25,14,3379.6384328936297
SHADE,F25,15,3537.3215437652407
SHADE,F25,16,3515.2236409823963
SHADE,F25,17,3380.524790996218
SHADE,F25,18,3300.3694601919697
SHADE,F25,19,3475.8770271304284
SHADE,F25,20,3350.8586501280874
SHADE,F25,21,3310.4381233358595
SHADE,F25,22,3430.186019154293
SHADE,F25,23,3428.435631504528
SHADE,F25,24,3377.9333251669063
SHADE,F25,25,3403.7103855476116
SHADE,F25,26,3257.6569357218095
SHADE,F25,27,3372.6060656305444
SHADE,F25,28,3390.250679776448
SHADE,F25,29,3356.823495134735
SHADE,F25,30,3435.9548414488763
SHADE,F26,1,12323.970361884247
SHADE,F26,2,13048.044641307186
SHADE,F26,3,12762.976745194697
SHADE,F26,4,14006.988192240155
SHADE,F26,5,11091.78144922922
SHADE,F26,6,13899.385672884546
SHADE,F26,7,13366.426235028506
SHADE,F26,8,13387.344465140128
SHADE,F26,9,13003.6837342801
SHADE,F26,10,14990.643279251042
SHADE,F26,11,13331.84394582162
SHADE,F26,12,12601.419774617429
SHADE,F26,13,13295.812443169216
SHADE,F26,14,13734.355440612118
SHADE,F26,15,14423.150350650398
SHADE,F26,16,11226.325214866767
SHADE,F26,17,14200.953260235401
SHADE,F26,18,13381.578036571449
SHADE,F26,19,11411.969261816721
SHADE,F26,20,13757.951892925437
SHADE,F26,21,13097.617180912497
SHADE,F26,22,13707.173266925107
SHADE,F26,23,13447.90984989257
SHADE,F26,24,12985.05080137902
SHADE,F26,25,12767.853239596443
SHADE,F26,26,13606.135182856677
SHADE,F26,27,13725.073367508543
SHADE,F26,28,11782.888664838869
SHADE,F26,29,12272.669220963071
SHADE,F26,30,12618.859841834215
SHADE,F27,1,3506.646634225327
SHADE,F27,2,3677.645002352849
SHADE,F27,3,3618.190440784013
SHADE,F27,4,3597.0444176028395
SHADE,F27,5,3583.356763532018
SHADE,F27,6,3676.799485837815
SHADE,F27,7,3783.7571799058715
SHADE,F27,8,3489.5186475923065
SHADE,F27,9,3631.431393334904
SHADE,F27,10,3497.2172232419125
SHADE,F27,11,3537.5870852915227
SHADE,F27,12,3593.498274225275
SHADE,F27,13,3510.8443516138977
SHADE,F27,14,3679.834928605997
SHADE,F27,15,3642.750483085815
SHADE,F27,16,3592.5342025835052
SHADE,F27,17,3532.5996906329915
SHADE,F27,18,3633.8588336537946
SHADE,F27,19,3574.1822027194667
SHADE,F27,20,3583.849873234938
SHADE,F27,21,3609.7667561338267
SHADE,F27,22,3441.0977588142237
SHADE,F27,23,3571.5759830345933
SHADE,F27,24,3571.3685025157447
SHADE,F27,25,3654.309558774943
SHADE,F27,26,3556.3492421751894
SHADE,F27,27,3539.0613517921
SHADE,F27,28,3570.565230649033
SHADE,F27,29,3708.3261906489647
SHADE,F27,30,3542.5686462778476
SHADE,F28,1,3537.725268728894
SHADE,F28,2,3419.1602577350313
SHADE,F28,3,3535.8803189576606
SHADE,F28,4,3512.1598931293597
SHADE,F28,5,3495.2645313509975
SHADE,F28,6,3543.7980924122926
SHADE,F28,7,3511.7848074543144
SHADE,F28,8,3534.091071292699
SHADE,F28,9,3493.533224973116
SHADE,F28,10,3591.91269215287
SHADE,F28,11,3433.156236668371
SHADE,F28,12,3513.7418508101946
SHADE,F28,13,3561.494741664499
SHADE,F28,14,3571.403421286826
SHADE,F28,15,3516.3172638287906
SHADE,F28,16,3480.657554358524
SHADE,F28,17,3516.1906819719184
SHADE,F28,18,3475.6822036870562
SHADE,F28,19,3466.6863576073033
SHADE,F28,20,3491.0929765882065
SHADE,F28,21,3482.9131822310437
SHADE,F28,22,3499.380334726645
SHADE,F28,23,3544.784424960679
SHADE,F28,24,3480.115610338209
SHADE,F28,25,3576.6517067748123
SHADE,F28,26,3553.897856525092
SHADE,F28,27,3581.844408148629
SHADE,F28,28,3443.3240269262983
SHADE,F28,29,3470.6089919282813
SHADE,F28,30,3538.8807573307454
SHADE,F29,1,7187.255111876741
SHADE,F29,2,6563.936367972758
SHADE,F29,3,7481.702757082847
SHADE,F29,4,7098.055324551081
SHADE,F29,5,7878.236427090918
SHADE,F29,6,7943.085165328221
SHADE,F29,7,7788.065805800595
SHADE,F29,8,7218.052006560026
SHADE,F29,9,6603.512806167212
SHADE,F29,10,7390.866662977069
SHADE,F29,11,7183.750989267421
SHADE,F29,12,8087.9403977069
SHADE,F29,13,5981.844306886317
SHADE,F29,14,7218.812682694305
SHADE,F29,15,7697.542315268168
SHADE,F29,16,6560.702568384679
SHADE,F29,17,6958.898207417613
SHADE,F29,18,6543.028180744321
SHADE,F29,19,7262.320212409905
SHADE,F29,20,7908.141113644215
SHADE,F29,21,6211.449564473802
SHADE,F29,22,7998.143808549174
SHADE,F29,23,7492.975673441274
SHADE,F29,24,7153.51809567364
SHADE,F29,25,6556.079848587422
SHADE,F29,26,7698.722873583796
SHADE,F29,27,7093.857491754072
SHADE,F29,28,7753.8751924983535
SHADE,F29,29,6958.530445566338
SHADE,F29,30,6698.325030888072
SHADE,F30,1,21098.885143579566
SHADE,F30,2,11567.571824897894
SHADE,F30,3,13078.878375668965
SHADE,F30,4,8336.959414221157
SHADE,F30,5,47709.21313668435
SHADE,F30,6,9591.74938116361
SHADE,F30,7,19681.995375387272
SHADE,F30,8,7330.684636183472
SHADE,F30,9,10847.501961820117
SHADE,F30,10,10789.867193712926
SHADE,F30,11,8016.870835392874
SHADE,F30,12,11138.341943535239
SHADE,F30,13,26163.697163359084
SHADE,F30,14,9176.739144044503
SHADE,F30,15,11004.686040206252
SHADE,F30,16,7824.990358419604
SHADE,F30,17,11000.295525688032
SHADE,F30,18,19813.06960294122
SHADE,F30,19,9427.587048800302
SHADE,F30,20,8304.14397870083
SHADE,F30,21,10565.495533596217
SHADE,F30,22,9373.876288674273
SHADE,F30,23,10246.112235937573
SHADE,F30,24,19136.333774345567
SHADE,F30,25,10383.965851071702
SHADE,F30,26,12341.029884249296
SHADE,F30,27,9067.760442904182
SHADE,F30,28,17077.995178881116
SHADE,F30,29,16466.573610432803
SHADE,F30,30,9287.596738206848
LSHADE,F1,1,186719655664.21323
LSHADE,F1,2,194294272892.4131
LSHADE,F1,3,200101146337.256
LSHADE,F1,4,185030113691.5935
LSHADE,F1,5,157796759092.1891
LSHADE,F1,6,194503287204.44244
LSHADE,F1,7,200967389564.03198
LSHADE,F1,8,201068172126.84747
LSHADE,F1,9,184092556585.45438
LSHADE,F1,10,203919029664.20953
LSHADE,F1,11,199192980189.79895
LSHADE,F1,12,185366645719.5509
LSHADE,F1,13,222659878892.77057
LSHADE,F1,14,187776241450.16116
LSHADE,F1,15,207802735459.84793
LSHADE,F1,16,171152099106.911
LSHADE,F1,17,205773936151.57822
LSHADE,F1,18,184557639126.20215
LSHADE,F1,19,205048149479.4878
LSHADE,F1,20,168858300769.56757
LSHADE,F1,21,186386447890.40536
LSHADE,F1,22,184042846606.93265
LSHADE,F1,23,186998125378.9556
LSHADE,F1,24,200936813835.70935
LSHADE,F1,25,186987164120.86133
LSHADE,F1,26,205859289172.14114
LSHADE,F1,27,189191882274.75735
LSHADE,F1,28,166392408859.43814
LSHADE,F1,29,183857724898.4676
LSHADE,F1,30,208067309822.1354
LSHADE,F3,1,539882.2446346637
LSHADE,F3,2,600370.6991338505
LSHADE,F3,3,496691.3806544104
LSHADE,F3,4,695432.2928536233
LSHADE,F3,5,468619.0733094331
LSHADE,F3,6,422271.73379189445
LSHADE,F3,7,459536.1522657021
LSHADE,F3,8,736875.7900830563
LSHADE,F3,9,673186.6169411724
LSHADE,F3,10,562590.695172395
LSHADE,F3,11,421220.2206000992
LSHADE,F3,12,466159.145276663
LSHADE,F3,13,362338.63547745196
LSHADE,F3,14,581302.7660657837
LSHADE,F3,15,477984.39606440865
LSHADE,F3,16,702824.179035725
LSHADE,F3,17,540075.3032170981
LSHADE,F3,18,624579.7561689318
LSHADE,F3,19,521468.4615339006
LSHADE,F3,20,531215.7862621595
LSHADE,F3,21,757049.9615083593
LSHADE,F3,22,470169.12141029176
LSHADE,F3,23,529888.9226620458
LSHADE,F3,24,655577.3128555286
LSHADE,F3,25,536988.332768024
LSHADE,F3,26,581413.6881648969
LSHADE,F3,27,545001.8498254903
LSHADE,F3,28,527252.3517080254
LSHADE,F3,29,579385.5203207241
LSHADE,F3,30,536896.0446478636
LSHADE,F4,1,45538.12125701196
LSHADE,F4,2,47367.78027214199
LSHADE,F4,3,41312.74714462298
LSHADE,F4,4,43304.36567459082
LSHADE,F4,5,41992.88568894957
LSHADE,F4,6,39106.52239275766
LSHADE,F4,7,47214.54089649936
LSHADE,F4,8,42059.651070335
LSHADE,F4,9,51726.76677653899
LSHADE,F4,10,40586.84843146188
LSHADE,F4,11,44485.47155820875
LSHADE,F4,12,46423.687736854925
LSHADE,F4,13,42594.44434358701
LSHADE,F4,14,41181.93949711868
LSHADE,F4,15,55962.22791970142
LSHADE,F4,16,45452.14248377632
LSHADE,F4,17,46567.914371012885
LSHADE,F4,18,42652.559528439626
LSHADE,F4,19,46787.03527560057
LSHADE,F4,20,46747.8353446431
LSHADE,F4,21,50510.66846399353
LSHADE,F4,22,44623.36087253798
LSHADE,F4,23,37705.42872528021
LSHADE,F4,24,45887.874724465284
LSHADE,F4,25,43929.37757683951
LSHADE,F4,26,42223.25627192378
LSHADE,F4,27,57357.509787255905
LSHADE,F4,28,38082.255619798496
LSHADE,F4,29,51712.141885244295
LSHADE,F4,30,42024.00809820941
LSHADE,F5,1,2030.854706856498
LSHADE,F5,2,2048.1564406300286
LSHADE,F5,3,2021.2918549287922
LSHADE,F5,4,1999.6959198411882
LSHADE,F5,5,2001.141653717631
LSHADE,F5,6,1904.6769763889206
LSHADE,F5,7,2014.4598348772633
LSHADE,F5,8,1980.490452267527
LSHADE,F5,9,1999.66507342764
LSHADE,F5,10,2034.6852497497644
LSHADE,F5,11,2028.9923223396647
LSHADE,F5,12,1940.6129402053248
LSHADE,F5,13,1952.9828565019923
LSHADE,F5,14,1885.0906784409349
LSHADE,F5,15,1973.1547526219106
LSHADE,F5,16,1938.8496079531842
LSHADE,F5,17,1924.4627311369372
LSHADE,F5,18,2029.3458236451656
LSHADE,F5,19,1893.2361253352944
LSHADE,F5,20,1899.9761296454126
LSHADE,F5,21,2015.2219855173655
LSHADE,F5,22,1981.3207357585738
LSHADE,F5,23,1999.333112700119
LSHADE,F5,24,1977.5442591236294
LSHADE,F5,25,2056.180003197268
LSHADE,F5,26,1992.658686759469
LSHADE,F5,27,1960.078808465876
LSHADE,F5,28,1945.1710758610832
LSHADE,F5,29,2061.890452863372
LSHADE,F5,30,1990.2372786123453
LSHADE,F6,1,703.1231846830415
LSHADE,F6,2,691.9382546205975
LSHADE,F6,3,707.8751312904827
LSHADE,F6,4,702.089075040097
LSHADE,F6,5,703.2730972260238
LSHADE,F6,6,705.7588715712075
LSHADE,F6,7,701.9627383186868
LSHADE,F6,8,705.171034709686
LSHADE,F6,9,692.5559680209077
LSHADE,F6,10,701.4047255365444
LSHADE,F6,11,701.5857845026321
LSHADE,F6,12,696.4410494997427
LSHADE,F6,13,699.6354692202661
LSHADE,F6,14,699.5392860557996
LSHADE,F6,15,700.8455123681982
LSHADE,F6,16,703.4381412153411
LSHADE,F6,17,698.0924493868323
LSHADE,F6,18,702.0967805362262
LSHADE,F6,19,698.4871544759743
LSHADE,F6,20,703.334801784917
LSHADE,F6,21,701.9549819466606
LSHADE,F6,22,692.9284888674688
LSHADE,F6,23,702.550082842017
LSHADE,F6,24,710.6180129353619
LSHADE,F6,25,700.3661229423758
LSHADE,F6,26,695.8324203155975
LSHADE,F6,27,701.0127695354479
LSHADE,F6,28,685.5187379634706
LSHADE,F6,29,704.8800703022043
LSHADE,F6,30,703.821603916539
LSHADE,F7,1,4090.963148455929
LSHADE,F7,2,3898.639755285627
LSHADE,F7,3,4291.208754726107
LSHADE,F7,4,4007.648043124257
LSHADE,F7,5,4115.230172066667
LSHADE,F7,6,3931.4955906487235
LSHADE,F7,7,4662.849447849658
LSHADE,F7,8,4518.472237503896
LSHADE,F7,9,4496.472314232573
LSHADE,F7,10,4297.094763641333
LSHADE,F7,11,4391.136549779529
LSHADE,F7,12,4050.928545941151
LSHADE,F7,13,4219.825773935811
LSHADE,F7,14,3990.1125053313654
LSHADE,F7,15,4069.062523794578
LSHADE,F7,16,3834.3185970300497
LSHADE,F7,17,4214.3296544469085
LSHADE,F7,18,3687.587437047885
LSHADE,F7,19,4487.30373061668
LSHADE,F7,20,4347.579796371356
LSHADE,F7,21,4021.019183023532
LSHADE,F7,22,3861.807877064386
LSHADE,F7,23,4535.532517398366
LSHADE,F7,24,4151.871423320561
LSHADE,F7,25,4118.799022483237
LSHADE,F7,26,4409.225752097761
LSHADE,F7,27,3893.480910187428
LSHADE,F7,28,3830.084895510287
LSHADE,F7,29,4370.018715462544
LSHADE,F7,30,3927.061441256731
LSHADE,F8,1,2420.763535478847
LSHADE,F8,2,2390.6710433336616
LSHADE,F8,3,2282.6668304299146
LSHADE,F8,4,2341.3317271366377
LSHADE,F8,5,2369.9378868283866
LSHADE,F8,6,2257.888770902569
LSHADE,F8,7,2271.374291355878
LSHADE,F8,8,2409.4867589065625
LSHADE,F8,9,2273.720482312109
LSHADE,F8,10,2305.7500932163753
LSHADE,F8,11,2264.4797479023964
LSHADE,F8,12,2320.224624159965
LSHADE,F8,13,2352.3822234030386
LSHADE,F8,14,2360.5535245371684
LSHADE,F8,15,2316.455323409614
LSHADE,F8,16,2417.2242080302804
LSHADE,F8,17,2329.8324468880464
LSHADE,F8,18,2342.313198704749
LSHADE,F8,19,2164.9051674344555
LSHADE,F8,20,2397.6660042301855
LSHADE,F8,21,2339.191923989403
LSHADE,F8,22,2289.6029086512804
LSHADE,F8,23,2423.4179354031667
LSHADE,F8,24,2313.7362849001784
LSHADE,F8,25,2338.4718675960685
LSHADE,F8,26,2326.789455102783
LSHADE,F8,27,2371.3209355298545
LSHADE,F8,28,2359.0165682898196
LSHADE,F8,29,2403.6945363536943
LSHADE,F8,30,2268.643987251557
LSHADE,F9,1,90695.2616641449
LSHADE,F9,2,84686.7067172277
LSHADE,F9,3,97138.44577343343
LSHADE,F9,4,81201.4005561327
LSHADE,F9,5,90163.8050515666
LSHADE,F9,6,98316.99546711771
LSHADE,F9,7,92450.2562722923
LSHADE,F9,8,82838.82131566349
LSHADE,F9,9,89819.63560653396
LSHADE,F9,10,75840.61075004413
LSHADE,F9,11,81349.12894978213
LSHADE,F9,12,96332.4495241623
LSHADE,F9,13,91861.01553450106
LSHADE,F9,14,89579.4098461483
LSHADE,F9,15,84733.60331544936
LSHADE,F9,16,88883.88552712934
LSHADE,F9,17,95231.90769472509
LSHADE,F9,18,92135.7967576842
LSHADE,F9,19,89090.96652722283
LSHADE,F9,20,85199.52770258917
LSHADE,F9,21,89013.27317200179
LSHADE,F9,22,92585.60787257312
LSHADE,F9,23,79852.67629977645
LSHADE,F9,24,96973.07588659257
LSHADE,F9,25,87557.01506258156
LSHADE,F9,26,88456.22760142823
LSHADE,F9,27,110465.40520218077
LSHADE,F9,28,99658.76378209381
LSHADE,F9,29,83254.00572459654
LSHADE,F9,30,92451.1632437142
LSHADE,F10,1,32086.41090261488
LSHADE,F10,2,32763.15060701524
LSHADE,F10,3,32484.129495602432
LSHADE,F10,4,32584.312109158844
LSHADE,F10,5,32085.228755699078
LSHADE,F10,6,32114.91707492849
LSHADE,F10,7,32926.64576766268
LSHADE,F10,8,32600.11169543139
LSHADE,F10,9,33165.26258413805
LSHADE,F10,10,33492.5764998252
LSHADE,F10,11,31386.40529576596
LSHADE,F10,12,32641.287966072487
LSHADE,F10,13,31130.70085215437
LSHADE,F10,14,32846.111729529104
LSHADE,F10,15,32794.79427492264
LSHADE,F10,16,33154.63160986022
LSHADE,F10,17,33335.66178457561
LSHADE,F10,18,31962.961778999546
LSHADE,F10,19,31498.921811553515
LSHADE,F10,20,32831.89377575672
LSHADE,F10,21,32338.47759726878
LSHADE,F10,22,32609.017422693305
LSHADE,F10,23,30490.497387876443
LSHADE,F10,24,32032.35049104213
LSHADE,F10,25,32327.79559761534
LSHADE,F10,26,33341.540496621805
LSHADE,F10,27,31993.846280450674
LSHADE,F10,28,32525.650003699942
LSHADE,F10,29,32656.990339746666
LSHADE,F10,30,33400.19737612616
LSHADE,F11,1,217323.24182923228
LSHADE,F11,2,119939.63229764724
LSHADE,F11,3,135651.62257970605
LSHADE,F11,4,153492.57395242143
LSHADE,F11,5,167087.01077570728
LSHADE,F11,6,162273.11948254716
LSHADE,F11,7,211755.37457198667
LSHADE,F11,8,219832.17770007995
LSHADE,F11,9,291291.4409884041
LSHADE,F11,10,187556.61911758446
LSHADE,F11,11,202089.44306298977
LSHADE,F11,12,204633.90606837286
LSHADE,F11,13,175731.07903595528
LSHADE,F11,14,143842.76272825678
LSHADE,F11,15,176369.73652390068
LSHADE,F11,16,183334.91682597218
LSHADE,F11,17,188753.10695534723
LSHADE,F11,18,281279.4138835053
LSHADE,F11,19,208418.63382812307
LSHADE,F11,20,170892.3162556587
LSHADE,F11,21,175583.527305783
LSHADE,F11,22,188766.49744599385
LSHADE,F11,23,239838.18926142447
LSHADE,F11,24,131514.44709089212
LSHADE,F11,25,142732.85704437637
LSHADE,F11,26,146751.87941587518
LSHADE,F11,27,214780.20096762103
LSHADE,F11,28,162550.8892838985
LSHADE,F11,29,187008.88506321487
LSHADE,F11,30,217115.56792767302
LSHADE,F12,1,76720267237.20697
LSHADE,F12,2,77967033301.84428
LSHADE,F12,3,97863169071.33427
LSHADE,F12,4,77440449648.01353
LSHADE,F12,5,86933976344.72156
LSHADE,F12,6,83833671584.98157
LSHADE,F12,7,86820176522.26495
LSHADE,F12,8,103036262897.65825
LSHADE,F12,9,78658211563.96686
LSHADE,F12,10,80331818157.29419
LSHADE,F12,11,90272249671.4249
LSHADE,F12,12,90636508123.33957
LSHADE,F12,13,65387993439.24805
LSHADE,F12,14,63417917381.51471
LSHADE,F12,15,92689239786.73262
LSHADE,F12,16,97941497375.27426
LSHADE,F12,17,72958569728.14258
LSHADE,F12,18,74986021836.065
LSHADE,F12,19,67755666305.09039
LSHADE,F12,20,75086025043.87395
LSHADE,F12,21,90992829577.72894
LSHADE,F12,22,88522374122.87798
LSHADE,F12,23,82555310423.87273
LSHADE,F12,24,90993016566.03757
LSHADE,F12,25,91490516681.4953
LSHADE,F12,26,89708087458.92924
LSHADE,F12,27,73119804739.62346
LSHADE,F12,28,71957685395.14973
LSHADE,F12,29,83908825222.78754
LSHADE,F12,30,79359013168.46516
LSHADE,F13,1,12108170211.289125
LSHADE,F13,2,17034416206.662247
LSHADE,F13,3,14503891395.293116
LSHADE,F13,4,18277247353.71359
LSHADE,F13,5,14834852303.637215
LSHADE,F13,6,14510750891.44528
LSHADE,F13,7,14245169266.479502
LSHADE,F13,8,18203773783.357853
LSHADE,F13,9,15590949341.762026
LSHADE,F13,10,16400645393.079918
LSHADE,F13,11,12668776396.342407
LSHADE,F13,12,15544931535.652145
LSHADE,F13,13,12092273288.527912
LSHADE,F13,14,10677927649.492712
LSHADE,F13,15,17247527298.78782
LSHADE,F13,16,14236896552.390947
LSHADE,F13,17,15456807614.972021
LSHADE,F13,18,17241615580.22473
LSHADE,F13,19,17868819323.553513
LSHADE,F13,20,11583912691.494242
LSHADE,F13,21,12245489521.703798
LSHADE,F13,22,15342473128.954836
LSHADE,F13,23,18236426450.05046
LSHADE,F13,24,15222958623.191713
LSHADE,F13,25,16170248869.315832
LSHADE,F13,26,15523397292.044044
LSHADE,F13,27,14276596575.47439
LSHADE,F13,28,16280030224.895218
LSHADE,F13,29,16594286207.173048
LSHADE,F13,30,15002916516.810728
LSHADE,F14,1,26641053.286142603
LSHADE,F14,2,21674251.508467417
LSHADE,F14,3,38813224.049492694
LSHADE,F14,4,23397934.45556971
LSHADE,F14,5,32204491.663765814
LSHADE,F14,6,42830688.26764511
LSHADE,F14,7,21058785.623248443
LSHADE,F14,8,60495681.58995154
LSHADE,F14,9,31787298.678545278
LSHADE,F14,10,43125681.33583519
LSHADE,F14,11,19441069.90343943
LSHADE,F14,12,42546222.019567594
LSHADE,F14,13,14857710.630829904
LSHADE,F14,14,22327657.781530768
LSHADE,F14,15,41505306.66455226
LSHADE,F14,16,49509642.49843158
LSHADE,F14,17,46593211.575747445
LSHADE,F14,18,63167285.00069476
LSHADE,F14,19,39831674.08513599
LSHADE,F14,20,31715902.88551385
LSHADE,F14,21,48248853.26200325
LSHADE,F14,22,40013288.843533285
LSHADE,F14,23,41039837.57845487
LSHADE,F14,24,45975760.08243959
LSHADE,F14,25,46423245.24768996
LSHADE,F14,26,47217585.7322987
LSHADE,F14,27,65079126.099952206
LSHADE,F14,28,29172010.205741853
LSHADE,F14,29,29348653.838587947
LSHADE,F14,30,41448429.18726253
LSHADE,F15,1,4519234219.514776
LSHADE,F15,2,5036581076.276253
LSHADE,F15,3,5488796975.803553
LSHADE,F15,4,5308462788.883498
LSHADE,F15,5,3056474894.501564
LSHADE,F15,6,5758747171.559746
LSHADE,F15,7,2881373620.4765534
LSHADE,F15,8,4395545778.165563
LSHADE,F15,9,4258612201.70231
LSHADE,F15,10,3995348545.0637107
LSHADE,F15,11,3399947265.409169
LSHADE,F15,12,4416331693.57412
LSHADE,F15,13,5938659442.975358
LSHADE,F15,14,4265728296.161505
LSHADE,F15,15,6128817953.197281
LSHADE,F15,16,4222618941.138888
LSHADE,F15,17,5563789263.514737
LSHADE,F15,18,3738931599.511547
LSHADE,F15,19,3997612176.450013
LSHADE,F15,20,2568172847.9712105
LSHADE,F15,21,5234964483.639036
LSHADE,F15,22,7788708701.370444
LSHADE,F15,23,5602000769.657739
LSHADE,F15,24,3254347258.250739
LSHADE,F15,25,6925048789.83359
LSHADE,F15,26,5109022270.872038
LSHADE,F15,27,4821930962.553162
LSHADE,F15,28,4468220114.617744
LSHADE,F15,29,3509172155.9926343
LSHADE,F15,30,6366914215.372482
LSHADE,F16,1,14752.211304090437
LSHADE,F16,2,13256.259284917272
LSHADE,F16,3,12208.49265780674
LSHADE,F16,4,13240.594885278339
LSHADE,F16,5,12542.602227952886
LSHADE,F16,6,14748.466536487897
LSHADE,F16,7,13684.772746814666
LSHADE,F16,8,13781.824299104925
LSHADE,F16,9,14252.219498690967
LSHADE,F16,10,14101.002812480576
LSHADE,F16,11,13967.939529370768
LSHADE,F16,12,13980.42826548891
LSHADE,F16,13,13809.347832526368
LSHADE,F16,14,14074.368832790784
LSHADE,F16,15,13939.632108714655
LSHADE,F16,16,14072.574907331205
LSHADE,F16,17,14688.707303778921
LSHADE,F16,18,14406.607631291427
LSHADE,F16,19,14488.841054730998
LSHADE,F16,20,14029.346904599623
LSHADE,F16,21,13707.89365442265
LSHADE,F16,22,13815.768290131688
LSHADE,F16,23,14255.792498761897
LSHADE,F16,24,14108.8829074546
LSHADE,F16,25,14824.735537489269
LSHADE,F16,26,15285.813709239686
LSHADE,F16,27,14051.788364400698
LSHADE,F16,28,15214.993531489154
LSHADE,F16,29,15048.627344032551
LSHADE,F16,30,15343.584327322464
LSHADE,F17,1,33964.40196092655
LSHADE,F17,2,30586.11693039934
LSHADE,F17,3,14790.454288610246
LSHADE,F17,4,35571.499376413136
LSHADE,F17,5,15083.82111281768
LSHADE,F17,6,26564.941678676634
LSHADE,F17,7,55484.806173162
LSHADE,F17,8,53623.96595058135
LSHADE,F17,9,38456.2326905191
LSHADE,F17,10,30626.385108206992
LSHADE,F17,11,46271.3606266629
LSHADE,F17,12,37114.712017436155
LSHADE,F17,13,41450.72533299628
LSHADE,F17,14,27850.697255465748
LSHADE,F17,15,36606.882334849666
LSHADE,F17,16,41408.84876174342
LSHADE,F17,17,21590.071424712965
LSHADE,F17,18,33621.969121693895
LSHADE,F17,19,44928.52895673253
LSHADE,F17,20,17604.122230257577
LSHADE,F17,21,40477.196946735916
LSHADE,F17,22,34424.596599998666
LSHADE,F17,23,35612.65752208675
LSHADE,F17,24,52949.383478542804
LSHADE,F17,25,48235.827808571674
LSHADE,F17,26,32745.870258465333
LSHADE,F17,27,101895.79805871136
LSHADE,F17,28,41993.597692583244
LSHADE,F17,29,24404.057122932765
LSHADE,F17,30,88478.8613386276
LSHADE,F18,1,85370256.14354013
LSHADE,F18,2,86984321.50826705
LSHADE,F18,3,60107417.3180218
LSHADE,F18,4,60258683.26882273
LSHADE,F18,5,45289573.35374896
LSHADE,F18,6,75579028.7103814
LSHADE,F18,7,94129368.42501016
LSHADE,F18,8,53306365.47954686
LSHADE,F18,9,63042889.816613145
LSHADE,F18,10,33643550.701660275
LSHADE,F18,11,58623042.53893237
LSHADE,F18,12,66348262.750915736
LSHADE,F18,13,19513654.665175702
LSHADE,F18,14,77394412.61707073
LSHADE,F18,15,63251599.09221312
LSHADE,F18,16,47117845.6102045
LSHADE,F18,17,34292897.91745367
LSHADE,F18,18,59534912.711235344
LSHADE,F18,19,66624702.63984225
LSHADE,F18,20,58124670.835743256
LSHADE,F18,21,35884942.49942502
LSHADE,F18,22,41476934.056638025
LSHADE,F18,23,46893291.22482111
LSHADE,F18,24,59596180.69878373
LSHADE,F18,25,33613992.910585105
LSHADE,F18,26,47549842.64832619
LSHADE,F18,27,36858908.07613655
LSHADE,F18,28,46418138.67506792
LSHADE,F18,29,51196586.32003633
LSHADE,F18,30,62707502.68967532
LSHADE,F19,1,4036602227.368249
LSHADE,F19,2,4023371020.164873
LSHADE,F19,3,4375532925.850696
LSHADE,F19,4,5376292375.655921
LSHADE,F19,5,4735250978.40695
LSHADE,F19,6,4016196184.0144973
LSHADE,F19,7,3996824200.0363636
LSHADE,F19,8,4762781617.214994
LSHADE,F19,9,6681846416.905956
LSHADE,F19,10,4618465039.2790165
LSHADE,F19,11,4464116707.558138
LSHADE,F19,12,5178073073.47011
LSHADE,F19,13,3537667263.000863
LSHADE,F19,14,5708672498.262543
LSHADE,F19,15,6587798698.463757
LSHADE,F19,16,4538323124.104102
LSHADE,F19,17,6759679109.635414
LSHADE,F19,18,4785332698.882938
LSHADE,F19,19,6322254890.346654
LSHADE,F19,20,3274295262.3554792
LSHADE,F19,21,5167261684.164663
LSHADE,F19,22,6203638187.065693
LSHADE,F19,23,5816534203.882071
LSHADE,F19,24,4163524470.107715
LSHADE,F19,25,5738905981.70295
LSHADE,F19,26,4591925827.468723
LSHADE,F19,27,4218506705.2270336
LSHADE,F19,28,4172788389.0145183
LSHADE,F19,29,7331161864.013452
LSHADE,F19,30,5408853821.611796
LSHADE,F20,1,8332.565165032629
LSHADE,F20,2,7872.2125496788585
LSHADE,F20,3,8030.003930339202
LSHADE,F20,4,7913.017334838714
LSHADE,F20,5,7958.746323414771
LSHADE,F20,6,8014.495880000652
LSHADE,F20,7,7649.036570021526
LSHADE,F20,8,8004.106390839961
LSHADE,F20,9,8044.286264652113
LSHADE,F20,10,7413.148147839622
LSHADE,F20,11,8061.844602083559
LSHADE,F20,12,8179.346312963559
LSHADE,F20,13,7640.267178074144
LSHADE,F20,14,7906.614072042319
LSHADE,F20,15,7813.18340987589
LSHADE,F20,16,7627.007274409263
LSHADE,F20,17,7669.361208735694
LSHADE,F20,18,7921.594028254374
LSHADE,F20,19,8163.558939723953
LSHADE,F20,20,8318.589786031322
LSHADE,F20,21,8031.50397111682
LSHADE,F20,22,7909.742345192233
LSHADE,F20,23,7919.390437047133
LSHADE,F20,24,7994.402454161247
LSHADE,F20,25,7609.004184581173
LSHADE,F20,26,7583.264887300489
LSHADE,F20,27,7949.19473317225
LSHADE,F20,28,6872.520120919693
LSHADE,F20,29,7827.840277071473
LSHADE,F20,30,8125.606536517585
LSHADE,F21,1,4124.229657319812
LSHADE,F21,2,4110.995127279037
LSHADE,F21,3,4078.1906898242705
LSHADE,F21,4,4098.128285041221
LSHADE,F21,5,3976.615116606696
LSHADE,F21,6,3981.0270732051113
LSHADE,F21,7,4051.152808814905
LSHADE,F21,8,4125.999149255413
LSHADE,F21,9,4069.217607731146
LSHADE,F21,10,4068.567213689189
LSHADE,F21,11,3960.200626144753
LSHADE,F21,12,4073.0452477015833
LSHADE,F21,13,4104.026459361787
LSHADE,F21,14,4022.2751448508934
LSHADE,F21,15,3923.461144371629
LSHADE,F21,16,4001.263865437613
LSHADE,F21,17,4037.5908572798976
LSHADE,F21,18,4087.840397781584
LSHADE,F21,19,4089.9483440740023
LSHADE,F21,20,4090.661157770426
LSHADE,F21,21,4070.8242697351834
LSHADE,F21,22,4109.17502466702
LSHADE,F21,23,4119.459189878033
LSHADE,F21,24,4095.1756755876722
LSHADE,F21,25,4061.3060930941574
LSHADE,F21,26,4055.432777122497
LSHADE,F21,27,4171.771616155022
LSHADE,F21,28,4073.0093009587526
LSHADE,F21,29,4172.95946251876
LSHADE,F21,30,4232.204655003804
LSHADE,F22,1,34529.2985981266
LSHADE,F22,2,35779.0501016103
LSHADE,F22,3,33481.96339679015
LSHADE,F22,4,34972.52088778243
LSHADE,F22,5,35759.486567848406
LSHADE,F22,6,34819.38810304505
LSHADE,F22,7,35784.091206196856
LSHADE,F22,8,34261.773022108304
LSHADE,F22,9,35696.15644786542
LSHADE,F22,10,35165.02407638894
LSHADE,F22,11,35170.62170829656
LSHADE,F22,12,35395.79428987726
LSHADE,F22,13,35344.55578019215
LSHADE,F22,14,34931.63041596338
LSHADE,F22,15,35340.44878938295
LSHADE,F22,16,35386.185094441826
LSHADE,F22,17,35667.38772010014
LSHADE,F22,18,35516.807306829985
LSHADE,F22,19,34932.92563266345
LSHADE,F22,20,35145.599557015594
LSHADE,F22,21,35464.88415367651
LSHADE,F22,22,34854.676882969216
LSHADE,F22,23,32982.31574663543
LSHADE,F22,24,33958.71265424858
LSHADE,F22,25,34150.468438408076
LSHADE,F22,26,33861.03810822357
LSHADE,F22,27,35023.0332841919
LSHADE,F22,28,35047.46864226198
LSHADE,F22,29,34711.25265872295
LSHADE,F22,30,35057.9605155128
LSHADE,F23,1,5138.274846003034
LSHADE,F23,2,4987.007739022822
LSHADE,F23,3,5226.3368655220465
LSHADE,F23,4,5119.951898595524
LSHADE,F23,5,5140.027403175582
LSHADE,F23,6,4984.399816000248
LSHADE,F23,7,4950.738264938475
LSHADE,F23,8,5117.141777397912
LSHADE,F23,9,5032.364877917678
LSHADE,F23,10,5286.3719096418135
LSHADE,F23,11,5024.61415079076
LSHADE,F23,12,5064.391693488573
LSHADE,F23,13,5287.0154347461375
LSHADE,F23,14,5078.179295244454
LSHADE,F23,15,5006.703323556318
LSHADE,F23,16,5123.067636837809
LSHADE,F23,17,5091.041343009754
LSHADE,F23,18,5067.631202694392
LSHADE,F23,19,5122.536999914286
LSHADE,F23,20,5164.728013962201
LSHADE,F23,21,5046.509385151452
LSHADE,F23,22,4997.059641191332
LSHADE,F23,23,4997.250023728072
LSHADE,F23,24,5209.3737332791625
LSHADE,F23,25,5125.451450950829
LSHADE,F23,26,5035.854557935892
LSHADE,F23,27,5130.713954088273
LSHADE,F23,28,5035.077911485719
LSHADE,F23,29,5104.328736020503
LSHADE,F23,30,5038.161726065442
LSHADE,F24,1,7258.675406401506
LSHADE,F24,2,6894.226281313129
LSHADE,F24,3,6662.339557310079
LSHADE,F24,4,6406.538974919412
LSHADE,F24,5,6986.556532736857
LSHADE,F24,6,6532.377111209247
LSHADE,F24,7,6665.242477996575
LSHADE,F24,8,6720.988887368219
LSHADE,F24,9,6865.113531591909
LSHADE,F24,10,6847.474675584384
LSHADE,F24,11,6894.227153142303
LSHADE,F24,12,6967.424918572169
LSHADE,F24,13,6837.162403228676
LSHADE,F24,14,7073.890193011125
LSHADE,F24,15,6353.556865809476
LSHADE,F24,16,7002.803981765612
LSHADE,F24,17,6734.390864196419
LSHADE,F24,18,7134.877591956685
LSHADE,F24,19,7035.811590682925
LSHADE,F24,20,6670.664000562792
LSHADE,F24,21,6187.227408737691
LSHADE,F24,22,6868.766502468734
LSHADE,F24,23,7512.172705798712
LSHADE,F24,24,6988.094796730972
LSHADE,F24,25,6787.472139244071
LSHADE,F24,26,6732.228136369532
LSHADE,F24,27,7027.632828612639
LSHADE,F24,28,6689.104473590367
LSHADE,F24,29,6857.155875887219
LSHADE,F24,30,7237.027153047678
LSHADE,F25,1,25758.49628043449
LSHADE,F25,2,21858.850975252575
LSHADE,F25,3,20922.679305122296
LSHADE,F25,4,23681.770333012428
LSHADE,F25,5,19196.371522224552
LSHADE,F25,6,22799.595714022777
LSHADE,F25,7,20664.260852446314
LSHADE,F25,8,23218.88076012554
LSHADE,F25,9,18032.250598361803
LSHADE,F25,10,20253.29181515745
LSHADE,F25,11,22420.479051006383
LSHADE,F25,12,24947.928310314583
LSHADE,F25,13,20408.263870626917
LSHADE,F25,14,19578.088392795973
LSHADE,F25,15,22157.603309484406
LSHADE,F25,16,17929.720619561536
LSHADE,F25,17,25688.036227800745
LSHADE,F25,18,22731.693005502362
LSHADE,F25,19,22820.459794214075
LSHADE,F25,20,24235.928500600516
LSHADE,F25,21,21086.508234463035
LSHADE,F25,22,21371.60158645349
LSHADE,F25,23,19841.6753991678
LSHADE,F25,24,18251.663511631312
LSHADE,F25,25,18791.969588386626
LSHADE,F25,26,25411.134390773175
LSHADE,F25,27,22510.95377885452
LSHADE,F25,28,24101.58311187236
LSHADE,F25,29,21752.654461166603
LSHADE,F25,30,21525.33102681936
LSHADE,F26,1,37574.08811340147
LSHADE,F26,2,42132.91408539805
LSHADE,F26,3,41771.02326673478
LSHADE,F26,4,38826.58533299827
LSHADE,F26,5,39087.577594258546
LSHADE,F26,6,40046.35823936072
LSHADE,F26,7,37525.75471269013
LSHADE,F26,8,37875.50150900858
LSHADE,F26,9,39123.8594594093
LSHADE,F26,10,38313.610662805215
LSHADE,F26,11,35543.21220606833
LSHADE,F26,12,35193.529517603354
LSHADE,F26,13,36264.33411342222
LSHADE,F26,14,36629.994361531455
LSHADE,F26,15,39056.86116771504
LSHADE,F26,16,36926.01693282285
LSHADE,F26,17,35196.82782971895
LSHADE,F26,18,40349.27768936346
LSHADE,F26,19,34257.97177409791
LSHADE,F26,20,40970.66996354111
LSHADE,F26,21,38760.28132032877
LSHADE,F26,22,34731.971503067434
LSHADE,F26,23,36934.55754783594
LSHADE,F26,24,37257.36698892194
LSHADE,F26,25,36840.51464761262
LSHADE,F26,26,37147.75815665943
LSHADE,F26,27,37703.43236450141
LSHADE,F26,28,39637.90599085554
LSHADE,F26,29,37016.64181553677
LSHADE,F26,30,34179.505580691024
LSHADE,F27,1,8026.395019380988
LSHADE,F27,2,7882.10665545896
LSHADE,F27,3,7820.701778727642
LSHADE,F27,4,7344.668818813048
LSHADE,F27,5,8324.743479602115
LSHADE,F27,6,8492.60737845605
LSHADE,F27,7,7589.983088850193
LSHADE,F27,8,7418.588154570367
LSHADE,F27,9,8180.186070072243
LSHADE,F27,10,7733.197262605484
LSHADE,F27,11,7363.180470185484
LSHADE,F27,12,8525.040388745567
LSHADE,F27,13,8555.121025151253
LSHADE,F27,14,8347.12822912922
LSHADE,F27,15,8427.591365351283
LSHADE,F27,16,8672.359385882319
LSHADE,F27,17,7417.697955672352
LSHADE,F27,18,8014.859839141647
LSHADE,F27,19,7693.55292714824
LSHADE,F27,20,8310.516626999171
LSHADE,F27,21,7966.290661618162
LSHADE,F27,22,8015.707646802049
LSHADE,F27,23,7660.012040336571
LSHADE,F27,24,8644.26395445441
LSHADE,F27,25,8218.886364204254
LSHADE,F27,26,8318.786794018082
LSHADE,F27,27,7874.190882254959
LSHADE,F27,28,7570.501921157365
LSHADE,F27,29,7993.106956463468
LSHADE,F27,30,7944.383473017317
LSHADE,F28,1,26449.165490487718
LSHADE,F28,2,27053.840049759885
LSHADE,F28,3,25232.685108075075
LSHADE,F28,4,27752.12149613868
LSHADE,F28,5,24797.682002725516
LSHADE,F28,6,28659.619357693246
LSHADE,F28,7,26745.39550021145
LSHADE,F28,8,26572.90101322135
LSHADE,F28,9,29468.069696214472
LSHADE,F28,10,25346.790102236984
LSHADE,F28,11,26628.829665303365
LSHADE,F28,12,30135.29422300087
LSHADE,F28,13,24543.28206226154
LSHADE,F28,14,27348.58735884612
LSHADE,F28,15,27959.970295885396
LSHADE,F28,16,26405.609154744703
LSHADE,F28,17,29609.56777107148
LSHADE,F28,18,28154.294155282514
LSHADE,F28,19,27725.132581199447
LSHADE,F28,20,28132.95922622844
LSHADE,F28,21,26955.218237773628
LSHADE,F28,22,27084.092945921886
LSHADE,F28,23,25346.862544692107
LSHADE,F28,24,29025.500163795034
LSHADE,F28,25,24384.749108234533
LSHADE,F28,26,28231.672464658302
LSHADE,F28,27,24761.80221153747
LSHADE,F28,28,25167.883453336915
LSHADE,F28,29,25098.630445059083
LSHADE,F28,30,28751.793773821595
LSHADE,F29,1,37028.869106757425
LSHADE,F29,2,29542.96165331741
LSHADE,F29,3,20858.066182453895
LSHADE,F29,4,30132.90141179269
LSHADE,F29,5,24927.75063891013
LSHADE,F29,6,25777.936470233086
LSHADE,F29,7,35891.26526454205
LSHADE,F29,8,21923.652758387758
LSHADE,F29,9,34154.64891572328
LSHADE,F29,10,23744.427977172098
LSHADE,F29,11,21444.369689960295
LSHADE,F29,12,41434.82919227869
LSHADE,F29,13,25353.604326519515
LSHADE,F29,14,19403.427947739536
LSHADE,F29,15,24758.806891856744
LSHADE,F29,16,26705.02019313388
LSHADE,F29,17,26256.038821483064
LSHADE,F29,18,20315.551102727248
LSHADE,F29,19,28360.010479961617
LSHADE,F29,20,33147.45057285857
LSHADE,F29,21,36918.26378909351
LSHADE,F29,22,32538.96294701336
LSHADE,F29,23,32506.11297548266
LSHADE,F29,24,31712.056246157936
LSHADE,F29,25,22712.955161505237
LSHADE,F29,26,31271.826231573865
LSHADE,F29,27,22524.983540205503
LSHADE,F29,28,23122.428458853417
LSHADE,F29,29,22336.71127870581
LSHADE,F29,30,22887.2898742181
LSHADE,F30,1,12715838651.187012
LSHADE,F30,2,9046061832.534317
LSHADE,F30,3,11885915588.494196
LSHADE,F30,4,9590834930.710619
LSHADE,F30,5,11360234940.70273
LSHADE,F30,6,12052429795.217379
LSHADE,F30,7,9753060702.433397
LSHADE,F30,8,14894874987.890966
LSHADE,F30,9,9689870538.37104
LSHADE,F30,10,13409949920.169594
LSHADE,F30,11,10318191328.996864
LSHADE,F30,12,12154792850.056093
LSHADE,F30,13,11476988540.928122
LSHADE,F30,14,13376902883.86455
LSHADE,F30,15,10134313048.160698
LSHADE,F30,16,13436538802.0608
LSHADE,F30,17,13692581072.95398
LSHADE,F30,18,7462852580.858013
LSHADE,F30,19,12473757750.929504
LSHADE,F30,20,9852162622.924192
LSHADE,F30,21,10844520603.49807
LSHADE,F30,22,14335855990.45126
LSHADE,F30,23,14317596423.462399
LSHADE,F30,24,12922360072.815296
LSHADE,F30,25,11035147945.073278
LSHADE,F30,26,7119307847.2569065
LSHADE,F30,27,9240915567.711723
LSHADE,F30,28,13504315915.793219
LSHADE,F30,29,15178704679.607946
LSHADE,F30,30,12078748664.629753
jSO,F1,1,172244754671.03958
jSO,F1,2,73558471016.72177
jSO,F1,3,160640205673.95734
jSO,F1,4,157462402589.84198
jSO,F1,5,166785228422.88895
jSO,F1,6,122295293279.70839
jSO,F1,7,87526390045.97244
jSO,F1,8,178441825866.84418
jSO,F1,9,171456465871.75397
jSO,F1,10,137138879374.01144
jSO,F1,11,70297248051.64258
jSO,F1,12,172917817726.24182
jSO,F1,13,151044191811.56412
jSO,F1,14,117440908144.3145
jSO,F1,15,167434432794.36972
jSO,F1,16,168104297650.56125
jSO,F1,17,132648436522.9979
jSO,F1,18,185684054454.98505
jSO,F1,19,102215284567.84402
jSO,F1,20,130998693024.55246
jSO,F1,21,146474454842.69962
jSO,F1,22,157554805977.05942
jSO,F1,23,168245838977.65298
jSO,F1,24,169980193440.98358
jSO,F1,25,176589027511.35577
jSO,F1,26,147565642389.4053
jSO,F1,27,186467717961.45203
jSO,F1,28,139331291358.4342
jSO,F1,29,154044786856.9821
jSO,F1,30,146131021248.4543
jSO,F3,1,729675.6378245447
jSO,F3,2,416691.65362095495
jSO,F3,3,500857.4753817205
jSO,F3,4,436610.03969450603
jSO,F3,5,623122.4899434781
jSO,F3,6,612309.3395461473
jSO,F3,7,548129.9029319421
jSO,F3,8,316605.79879190447
jSO,F3,9,597465.7816242097
jSO,F3,10,324658.96578009287
jSO,F3,11,582944.1767275365
jSO,F3,12,571201.9341205127
jSO,F3,13,419747.87883152097
jSO,F3,14,365136.97674651415
jSO,F3,15,540915.0656693216
jSO,F3,16,329034.21752607485
jSO,F3,17,377068.532913257
jSO,F3,18,613979.0245617043
jSO,F3,19,400847.8116085171
jSO,F3,20,383465.8053526888
jSO,F3,21,360660.27298960066
jSO,F3,22,554540.0383695145
jSO,F3,23,631553.2708537757
jSO,F3,24,367774.1585992903
jSO,F3,25,666402.9807690312
jSO,F3,26,390305.04232818494
jSO,F3,27,589752.171894444
jSO,F3,28,316264.71654532925
jSO,F3,29,454609.24200772867
jSO,F3,30,411285.4996799982
jSO,F4,1,31646.723263665957
jSO,F4,2,37010.89620331373
jSO,F4,3,21237.719757751827
jSO,F4,4,35470.51159425046
jSO,F4,5,43233.07942882974
jSO,F4,6,15762.169903887961
jSO,F4,7,22455.204485301496
jSO,F4,8,29902.973087380797
jSO,F4,9,29278.801046434837
jSO,F4,10,28176.3695653972
jSO,F4,11,29873.306432629633
jSO,F4,12,31455.86254610534
jSO,F4,13,31864.71862239181
jSO,F4,14,33866.663867898016
jSO,F4,15,29039.880468372598
jSO,F4,16,26515.35785188401
jSO,F4,17,35664.89477796514
jSO,F4,18,45951.56065112068
jSO,F4,19,40873.093578231514
jSO,F4,20,30968.087273978806
jSO,F4,21,34805.077623816105
jSO,F4,22,27744.017325380737
jSO,F4,23,34951.15650324523
jSO,F4,24,24891.439206418843
jSO,F4,25,37808.77799564517
jSO,F4,26,31019.83514671616
jSO,F4,27,41913.22705534378
jSO,F4,28,25105.647228927697
jSO,F4,29,29188.348841335537
jSO,F4,30,22106.948967490014
jSO,F5,1,1802.6326436476681
jSO,F5,2,2006.8622448658136
jSO,F5,3,1927.745298006373
jSO,F5,4,1892.92758709514
jSO,F5,5,1669.0647875347347
jSO,F5,6,1902.255057898526
jSO,F5,7,1881.898766992465
jSO,F5,8,1651.2636869910737
jSO,F5,9,1721.0900507567972
jSO,F5,10,1714.0820721300943
jSO,F5,11,1608.3546852433692
jSO,F5,12,1970.3761854436582
jSO,F5,13,1954.3286457326262
jSO,F5,14,1741.4346711049934
jSO,F5,15,1668.2643527650446
jSO,F5,16,1792.4432275485117
jSO,F5,17,1754.2740742994515
jSO,F5,18,1931.1329142504474
jSO,F5,19,1871.0348350185102
jSO,F5,20,1902.6975880121104
jSO,F5,21,1777.60035094003
jSO,F5,22,1800.6457965640018
jSO,F5,23,1862.8349819613763
jSO,F5,24,1785.8281331073754
jSO,F5,25,1952.9800853889753
jSO,F5,26,1846.9098342558927
jSO,F5,27,1634.7425730850675
jSO,F5,28,1742.794791867407
jSO,F5,29,1729.3136785648892
jSO,F5,30,1955.3285654366593
jSO,F6,1,687.0628278982563
jSO,F6,2,679.1275164493544
jSO,F6,3,664.1926845817969
jSO,F6,4,683.646667211514
jSO,F6,5,696.5758967957725
jSO,F6,6,694.2647253983931
jSO,F6,7,683.7166246359003
jSO,F6,8,695.1389270488747
jSO,F6,9,673.0466233948541
jSO,F6,10,673.6322389328656
jSO,F6,11,676.2924745790914
jSO,F6,12,695.5269109266079
jSO,F6,13,699.1018402916637
jSO,F6,14,675.6490333189192
jSO,F6,15,682.3279307748774
jSO,F6,16,693.6674885767069
jSO,F6,17,689.8040638775329
jSO,F6,18,679.1795869391492
jSO,F6,19,674.1843807827295
jSO,F6,20,698.085679557156
jSO,F6,21,695.4792819863294
jSO,F6,22,688.1326924716715
jSO,F6,23,683.4435078576755
jSO,F6,24,689.5501895804961
jSO,F6,25,681.375573949811
jSO,F6,26,678.7213123833808
jSO,F6,27,678.120731512205
jSO,F6,28,701.9587373964586
jSO,F6,29,678.1917280504053
jSO,F6,30,663.5387648497594
jSO,F7,1,3659.2899071021216
jSO,F7,2,3503.6091768321266
jSO,F7,3,3830.39586534069
jSO,F7,4,3745.56800436273
jSO,F7,5,3577.096218998135
jSO,F7,6,3664.641732520529
jSO,F7,7,3939.2474570299696
jSO,F7,8,3589.072049033893
jSO,F7,9,3684.1348343811724
jSO,F7,10,3214.1890200454227
jSO,F7,11,4081.8449170545446
jSO,F7,12,4063.0024125593236
jSO,F7,13,3822.0148953316384
jSO,F7,14,3889.4284397160677
jSO,F7,15,3858.284375915493
jSO,F7,16,3408.338977713361
jSO,F7,17,3348.045704770701
jSO,F7,18,4315.57401776229
jSO,F7,19,4019.6288122138503
jSO,F7,20,4359.952985958847
jSO,F7,21,3801.853830964351
jSO,F7,22,4038.3010017636743
jSO,F7,23,3605.7249304671136
jSO,F7,24,3573.5744736094475
jSO,F7,25,3425.429771866201
jSO,F7,26,4009.1799665486415
jSO,F7,27,3951.4286563407786
jSO,F7,28,3894.4022286599184
jSO,F7,29,3698.407585169663
jSO,F7,30,4007.688648980906
jSO,F8,1,2189.8933800245336
jSO,F8,2,2108.4359256420344
jSO,F8,3,1960.5661492039949
jSO,F8,4,2308.164284339866
jSO,F8,5,2238.0137852631306
jSO,F8,6,2112.432966173179
jSO,F8,7,2258.9908133938998
jSO,F8,8,2126.0137981854923
jSO,F8,9,2014.0274463960454
jSO,F8,10,2160.1167404333837
jSO,F8,11,2177.862237838516
jSO,F8,12,2126.6718518107386
jSO,F8,13,2226.7290156693853
jSO,F8,14,2174.840625293567
jSO,F8,15,2129.3398836925417
jSO,F8,16,2250.760449029346
jSO,F8,17,2270.5128089421364
jSO,F8,18,2130.5954547330502
jSO,F8,19,2131.4450943381016
jSO,F8,20,2278.4678807323417
jSO,F8,21,2294.746862998275
jSO,F8,22,2332.1484590150785
jSO,F8,23,2015.1289360770738
jSO,F8,24,2259.3863284638132
jSO,F8,25,2044.7888123556945
jSO,F8,26,2203.4815309689816
jSO,F8,27,2046.269367164263
jSO,F8,28,2365.556797621133
jSO,F8,29,2263.011362237846
jSO,F8,30,2230.5082620837397
jSO,F9,1,73228.73275545672
jSO,F9,2,76659.48456453806
jSO,F9,3,84906.27826154095
jSO,F9,4,80568.16081610676
jSO,F9,5,68963.54046999679
jSO,F9,6,58763.24762126554
jSO,F9,7,82164.3334368815
jSO,F9,8,86449.34577420022
jSO,F9,9,90214.49807471703
jSO,F9,10,74985.76127003791
jSO,F9,11,50666.57734471722
jSO,F9,12,56134.52211774712
jSO,F9,13,79209.81154926933
jSO,F9,14,78491.46226225026
jSO,F9,15,66925.48556809309
jSO,F9,16,58783.407857179685
jSO,F9,17,87013.35512289715
jSO,F9,18,88332.75413859791
jSO,F9,19,88760.67848977548
jSO,F9,20,99714.91685526427
jSO,F9,21,84236.51601090938
jSO,F9,22,84217.66723881531
jSO,F9,23,77566.61648877474
jSO,F9,24,78678.64151603777
jSO,F9,25,79512.58988462576
jSO,F9,26,84712.36232036821
jSO,F9,27,79522.55118829993
jSO,F9,28,63499.282678762844
jSO,F9,29,78996.21156557386
jSO,F9,30,82201.67201646628
jSO,F10,1,29229.04002891718
jSO,F10,2,28220.773354645422
jSO,F10,3,29380.62053062681
jSO,F10,4,32279.436440699596
jSO,F10,5,28332.858434646325
jSO,F10,6,31849.154521019314
jSO,F10,7,29053.86976558419
jSO,F10,8,27415.327834828073
jSO,F10,9,26348.290605836188
jSO,F10,10,28817.189766380157
jSO,F10,11,26959.18993588913
jSO,F10,12,28132.829436021766
jSO,F10,13,27393.350921848432
jSO,F10,14,28424.643418798027
jSO,F10,15,26420.607505050535
jSO,F10,16,28979.572625110428
jSO,F10,17,28741.430157638013
jSO,F10,18,31829.033062751005
jSO,F10,19,28424.604026354056
jSO,F10,20,28367.5063105526
jSO,F10,21,27387.981740766543
jSO,F10,22,28381.058860412406
jSO,F10,23,28097.400363291046
jSO,F10,24,28585.648204202793
jSO,F10,25,28883.486333782705
jSO,F10,26,28761.142869489464
jSO,F10,27,27194.377355577744
jSO,F10,28,29212.237687486187
jSO,F10,29,29084.56551781301
jSO,F10,30,28778.54695592625
jSO,F11,1,121743.84566759662
jSO,F11,2,102951.54026805008
jSO,F11,3,249000.19684832764
jSO,F11,4,141958.78879841804
jSO,F11,5,107269.95217444739
jSO,F11,6,187504.73649842766
jSO,F11,7,165491.26297541286
jSO,F11,8,185636.01436830687
jSO,F11,9,133180.2110796051
jSO,F11,10,129274.98336349097
jSO,F11,11,175553.14052274465
jSO,F11,12,175696.38066836697
jSO,F11,13,194827.22692231592
jSO,F11,14,208688.98016553436
jSO,F11,15,103828.05255104713
jSO,F11,16,105458.13447354588
jSO,F11,17,202218.82260671371
jSO,F11,18,137480.70298065495
jSO,F11,19,134045.4139008441
jSO,F11,20,84680.67783638515
jSO,F11,21,95801.94411760861
jSO,F11,22,90701.08730941924
jSO,F11,23,112051.36924530112
jSO,F11,24,132701.71635522423
jSO,F11,25,104016.81489864536
jSO,F11,26,147644.69654947883
jSO,F11,27,146509.1882974842
jSO,F11,28,159733.2899745501
jSO,F11,29,179461.9782790216
jSO,F11,30,150600.6624130469
jSO,F12,1,30309587721.506348
jSO,F12,2,53633730128.74026
jSO,F12,3,51848065145.951904
jSO,F12,4,57846754877.612885
jSO,F12,5,70013581875.8828
jSO,F12,6,27973638598.302853
jSO,F12,7,49122479204.24726
jSO,F12,8,44703968316.75661
jSO,F12,9,72597525840.64444
jSO,F12,10,51246656770.06544
jSO,F12,11,52736470662.67477
jSO,F12,12,29054804757.20688
jSO,F12,13,62559559584.72185
jSO,F12,14,30611446618.663834
jSO,F12,15,73579343533.08885
jSO,F12,16,56491133750.72776
jSO,F12,17,34376818208.200806
jSO,F12,18,86794653105.96413
jSO,F12,19,58853964740.29986
jSO,F12,20,54144555704.44023
jSO,F12,21,28184878266.821167
jSO,F12,22,29347673808.60309
jSO,F12,23,12811455936.523912
jSO,F12,24,51117212344.560844
jSO,F12,25,68261716383.81566
jSO,F12,26,66111662759.96277
jSO,F12,27,55410886622.83185
jSO,F12,28,32804822475.887497
jSO,F12,29,53191910502.52715
jSO,F12,30,77068409854.30515
jSO,F13,1,8723577318.225306
jSO,F13,2,1560714001.111024
jSO,F13,3,5343935698.603345
jSO,F13,4,6931506749.2554245
jSO,F13,5,6094417148.178528
jSO,F13,6,10660135953.691973
jSO,F13,7,2646953031.026358
jSO,F13,8,7645294900.669897
jSO,F13,9,2899037630.317058
jSO,F13,10,4520868664.626442
jSO,F13,11,9714383670.699722
jSO,F13,12,5316407094.759301
jSO,F13,13,2717154675.623608
jSO,F13,14,13502882589.827168
jSO,F13,15,10891733647.03657
jSO,F13,16,2263686677.54057
jSO,F13,17,6552889657.622106
jSO,F13,18,2900062552.230242
jSO,F13,19,3470517976.8833265
jSO,F13,20,10014878992.303627
jSO,F13,21,5121628863.122068
jSO,F13,22,3481254433.1997976
jSO,F13,23,2648690974.420614
jSO,F13,24,1835944597.352417
jSO,F13,25,8956119155.070457
jSO,F13,26,11545326409.102701
jSO,F13,27,4499593798.751821
jSO,F13,28,7200246330.812327
jSO,F13,29,4534638547.252069
jSO,F13,30,8852885442.462236
jSO,F14,1,13971845.491924642
jSO,F14,2,21123021.032573175
jSO,F14,3,18737629.730621334
jSO,F14,4,12791604.346572723
jSO,F14,5,36827389.088591576
jSO,F14,6,29209103.13398253
jSO,F14,7,6799299.70124705
jSO,F14,8,27633321.840619206
jSO,F14,9,18631447.64333589
jSO,F14,10,31750674.281688824
jSO,F14,11,23767628.77214154
jSO,F14,12,23962580.064425543
jSO,F14,13,8395916.932000939
jSO,F14,14,26453911.630515397
jSO,F14,15,12388111.664330805
jSO,F14,16,10556702.843136253
jSO,F14,17,20868710.204872
jSO,F14,18,13117668.08284491
jSO,F14,19,25318102.24264529
jSO,F14,20,20589823.368052278
jSO,F14,21,13807695.956397522
jSO,F14,22,12673514.71662263
jSO,F14,23,25862705.670874428
jSO,F14,24,29559449.239658836
jSO,F14,25,30459465.261569694
jSO,F14,26,31159940.46056188
jSO,F14,27,19169261.78114142
jSO,F14,28,22303586.548660267
jSO,F14,29,16319717.56395269
jSO,F14,30,15371283.500449091
jSO,F15,1,2858514412.2733254
jSO,F15,2,1176124468.5562944
jSO,F15,3,616340142.9942563
jSO,F15,4,2215312841.6270323
jSO,F15,5,3318939319.583136
jSO,F15,6,2284175883.169501
jSO,F15,7,2522764394.638004
jSO,F15,8,339751307.5817353
jSO,F15,9,982402903.884583
jSO,F15,10,354442723.75308555
jSO,F15,11,2869888110.688398
jSO,F15,12,450465698.5241667
jSO,F15,13,431762865.9325657
jSO,F15,14,631315714.9505885
jSO,F15,15,2588007486.8707976
jSO,F15,16,1758614652.0324616
jSO,F15,17,3855120442.2541447
jSO,F15,18,802861097.3151654
jSO,F15,19,896440539.8450148
jSO,F15,20,768903757.4993175
jSO,F15,21,1965965931.9714
jSO,F15,22,961475347.0163906
jSO,F15,23,3700120918.7923603
jSO,F15,24,3518123403.602693
jSO,F15,25,389485632.77323234
jSO,F15,26,336953464.96361536
jSO,F15,27,4309872415.37251
jSO,F15,28,913886154.4741901
jSO,F15,29,3042961376.5576577
jSO,F15,30,2328683367.1296577
jSO,F16,1,12911.979337918377
jSO,F16,2,12209.708646307883
jSO,F16,3,12747.112312110497
jSO,F16,4,12470.700256892937
jSO,F16,5,10143.788596317954
jSO,F16,6,11571.393802669583
jSO,F16,7,12417.118044315914
jSO,F16,8,12199.423479008972
jSO,F16,9,13505.916616360157
jSO,F16,10,13538.978459471455
jSO,F16,11,12186.424194283027
jSO,F16,12,13199.281699816136
jSO,F16,13,11943.50563614487
jSO,F16,14,12613.072857362009
jSO,F16,15,11004.395740496648
jSO,F16,16,10775.802349042366
jSO,F16,17,10076.85359918774
jSO,F16,18,13319.240185316192
jSO,F16,19,12542.099888316787
jSO,F16,20,10189.226281961446
jSO,F16,21,12489.333349750845
jSO,F16,22,13092.48061403168
jSO,F16,23,12900.42070939425
jSO,F16,24,12575.092425684847
jSO,F16,25,13007.273032971054
jSO,F16,26,11586.83426620807
jSO,F16,27,13296.468505355078
jSO,F16,28,11906.694848692123
jSO,F16,29,12176.661838916942
jSO,F16,30,11462.569851349752
jSO,F17,1,15606.618521986753
jSO,F17,2,12181.587442691301
jSO,F17,3,16540.567067597425
jSO,F17,4,8609.259836181092
jSO,F17,5,9497.408528047332
jSO,F17,6,8150.794360972456
jSO,F17,7,13319.694577830109
jSO,F17,8,9613.539208052116
jSO,F17,9,13749.928019401164
jSO,F17,10,9517.445692888663
jSO,F17,11,10268.535298234141
jSO,F17,12,11578.455349634281
jSO,F17,13,11858.506358412014
jSO,F17,14,9627.838189606315
jSO,F17,15,8306.099629236218
jSO,F17,16,9075.606052654417
jSO,F17,17,12084.268929130001
jSO,F17,18,9286.033890071765
jSO,F17,19,9061.607660026595
jSO,F17,20,9196.87663816449
jSO,F17,21,7870.609565159403
jSO,F17,22,9833.83788865233
jSO,F17,23,9134.146876362141
jSO,F17,24,9071.064094642392
jSO,F17,25,11514.349203778436
jSO,F17,26,11688.93624894132
jSO,F17,27,10457.015676379913
jSO,F17,28,10847.148228104314
jSO,F17,29,29746.474455497973
jSO,F17,30,10148.471413023566
jSO,F18,1,25472818.146663234
jSO,F18,2,31399405.837016862
jSO,F18,3,19631022.934780184
jSO,F18,4,25011788.242168315
jSO,F18,5,18557230.049205113
jSO,F18,6,16761292.504059833
jSO,F18,7,20497592.046966318
jSO,F18,8,8901505.770307586
jSO,F18,9,46797100.53178453
jSO,F18,10,15607196.184726413
jSO,F18,11,18637332.69728907
jSO,F18,12,32486700.077956136
jSO,F18,13,31874675.598492738
jSO,F18,14,22374297.716358222
jSO,F18,15,36178612.73341264
jSO,F18,16,12061270.177565537
jSO,F18,17,31167094.56250359
jSO,F18,18,24111856.145657785
jSO,F18,19,63943819.58440138
jSO,F18,20,15030222.988777095
jSO,F18,21,8484680.868667534
jSO,F18,22,46370387.64743374
jSO,F18,23,4774231.092494838
jSO,F18,24,10622574.529265482
jSO,F18,25,12380572.012501588
jSO,F18,26,46616083.61852683
jSO,F18,27,49674015.33363061
jSO,F18,28,47413650.02853978
jSO,F18,29,13774291.996697051
jSO,F18,30,29664631.14461814
jSO,F19,1,2278192926.36889
jSO,F19,2,1107416955.5837226
jSO,F19,3,680884943.3355055
jSO,F19,4,5032366220.157036
jSO,F19,5,107867047.77583195
jSO,F19,6,1452651561.9421082
jSO,F19,7,325133896.49159306
jSO,F19,8,2137818451.967317
jSO,F19,9,781459726.5615511
jSO,F19,10,714764994.036387
jSO,F19,11,1520956513.9688995
jSO,F19,12,374905260.9464507
jSO,F19,13,2207167657.1873198
jSO,F19,14,2302622364.705478
jSO,F19,15,2637568675.62648
jSO,F19,16,1318753115.4589171
jSO,F19,17,3602134325.0655365
jSO,F19,18,1646256235.8735673
jSO,F19,19,914932130.7494112
jSO,F19,20,606782751.9489692
jSO,F19,21,262845485.8673327
jSO,F19,22,2901267807.5832767
jSO,F19,23,589861358.9069289
jSO,F19,24,834185212.2756709
jSO,F19,25,3172551643.4235315
jSO,F19,26,115520446.94588108
jSO,F19,27,3293076759.3366337
jSO,F19,28,3254083304.521097
jSO,F19,29,651653812.7304053
jSO,F19,30,2265256592.503158
jSO,F20,1,7505.59279947053
jSO,F20,2,7268.722366507696
jSO,F20,3,7555.8679315613845
jSO,F20,4,7728.5334749720105
jSO,F20,5,7464.860769958467
jSO,F20,6,8048.382853441861
jSO,F20,7,6920.3858845093755
jSO,F20,8,7750.614447005928
jSO,F20,9,7075.614899052431
jSO,F20,10,7709.995477742217
jSO,F20,11,7783.475287212606
jSO,F20,12,7246.71977960775
jSO,F20,13,6963.404592117861
jSO,F20,14,7870.721502029644
jSO,F20,15,7805.602333406128
jSO,F20,16,7632.734585982877
jSO,F20,17,7763.887478115408
jSO,F20,18,7387.525785466279
jSO,F20,19,8170.591568219254
jSO,F20,20,7312.99049420075
jSO,F20,21,7270.130383313593
jSO,F20,22,7890.188872028155
jSO,F20,23,7523.968556015907
jSO,F20,24,7579.998061527164
jSO,F20,25,7239.127598570365
jSO,F20,26,8005.605595216514
jSO,F20,27,7248.88813168965
jSO,F20,28,6649.81739288325
jSO,F20,29,7442.564310393712
jSO,F20,30,7079.24714215022
jSO,F21,1,3672.9934992415156
jSO,F21,2,3962.2044108571204
jSO,F21,3,3830.0723260825816
jSO,F21,4,3798.7136705102316
jSO,F21,5,3819.4244288417644
jSO,F21,6,3632.2784853443645
jSO,F21,7,3776.156549862512
jSO,F21,8,3756.0625578869262
jSO,F21,9,3805.8666740430917
jSO,F21,10,3785.078973864197
jSO,F21,11,3806.9900115488986
jSO,F21,12,3796.5037677828177
jSO,F21,13,3843.234908230722
jSO,F21,14,3936.7308141543217
jSO,F21,15,3792.899980183832
jSO,F21,16,3801.5933523586386
jSO,F21,17,3709.9600023149933
jSO,F21,18,3704.654062804096
jSO,F21,19,3579.2971678079457
jSO,F21,20,3859.976938574947
jSO,F21,21,3689.388687764656
jSO,F21,22,3880.6392423329107
jSO,F21,23,3598.3870782445138
jSO,F21,24,3915.99580248256
jSO,F21,25,3628.5146651523783
jSO,F21,26,3792.9538377318827
jSO,F21,27,3799.973346330431
jSO,F21,28,3769.6586882200504
jSO,F21,29,3812.804232086222
jSO,F21,30,3846.403778637213
jSO,F22,1,30276.821637981604
jSO,F22,2,31575.42174750259
jSO,F22,3,33276.74630787785
jSO,F22,4,30736.70672431192
jSO,F22,5,32615.535773398995
jSO,F22,6,30453.574847846077
jSO,F22,7,34760.94003357027
jSO,F22,8,31068.914580956483
jSO,F22,9,31115.277169133253
jSO,F22,10,29263.369572470532
jSO,F22,11,30473.045028064647
jSO,F22,12,31262.54975167417
jSO,F22,13,34393.43742900719
jSO,F22,14,33642.14694977744
jSO,F22,15,30772.315838450333
jSO,F22,16,30075.93400594123
jSO,F22,17,28807.08982022387
jSO,F22,18,31153.912773554835
jSO,F22,19,29881.913934446915
jSO,F22,20,28473.503113299343
jSO,F22,21,30421.802636737164
jSO,F22,22,31589.55724144965
jSO,F22,23,30498.460822890534
jSO,F22,24,35461.05266873164
jSO,F22,25,32260.24279058615
jSO,F22,26,30293.87960031605
jSO,F22,27,29586.65143714857
jSO,F22,28,30842.536546963274
jSO,F22,29,29181.087778079676
jSO,F22,30,30007.790885589515
jSO,F23,1,4313.010495139499
jSO,F23,2,4653.875730235809
jSO,F23,3,4275.148664215545
jSO,F23,4,4524.5911877977
jSO,F23,5,4372.415236277093
jSO,F23,6,4763.655502744456
jSO,F23,7,4460.382608993913
jSO,F23,8,4693.0108902529355
jSO,F23,9,4732.924846943491
jSO,F23,10,4366.921068806155
jSO,F23,11,4285.454872658493
jSO,F23,12,4729.717431515296
jSO,F23,13,4772.093590399257
jSO,F23,14,4333.078931428306
jSO,F23,15,4476.489984670006
jSO,F23,16,4586.021577009853
jSO,F23,17,4278.414446192754
jSO,F23,18,4355.620934160514
jSO,F23,19,4606.925171309713
jSO,F23,20,4798.534291198729
jSO,F23,21,4723.999714207854
jSO,F23,22,4348.0595520199595
jSO,F23,23,4197.529090794127
jSO,F23,24,4350.553803104747
jSO,F23,25,4340.1815354815335
jSO,F23,26,4478.868453933432
jSO,F23,27,4291.707498332335
jSO,F23,28,4360.180184559193
jSO,F23,29,4576.655263281315
jSO,F23,30,4735.388306692019
jSO,F24,1,5660.237031023096
jSO,F24,2,6001.408766263641
jSO,F24,3,5013.260792408184
jSO,F24,4,5807.123395104693
jSO,F24,5,5848.873846951614
jSO,F24,6,5293.105253237589
jSO,F24,7,5787.87590432012
jSO,F24,8,6271.31427705295
jSO,F24,9,5802.946485289522
jSO,F24,10,6503.118907051603
jSO,F24,11,5755.174576827657
jSO,F24,12,5737.300550768488
jSO,F24,13,5641.48642947564
jSO,F24,14,5193.259889956713
jSO,F24,15,6162.651166763999
jSO,F24,16,5406.029961247099
jSO,F24,17,5812.705474535945
jSO,F24,18,5733.329764733716
jSO,F24,19,5887.967882687398
jSO,F24,20,5880.42654383648
jSO,F24,21,5573.998722736957
jSO,F24,22,5769.182541155617
jSO,F24,23,5743.694373853466
jSO,F24,24,5900.456519878964
jSO,F24,25,5356.166279565505
jSO,F24,26,5657.7361586339575
jSO,F24,27,5264.111317835781
jSO,F24,28,5773.634087505329
jSO,F24,29,5982.946534624104
jSO,F24,30,5988.441412827499
jSO,F25,1,12540.77295327625
jSO,F25,2,17805.470238641246
jSO,F25,3,13238.614652896114
jSO,F25,4,11972.562009214105
jSO,F25,5,11516.83384440737
jSO,F25,6,12757.520221264871
jSO,F25,7,19676.493447013512
jSO,F25,8,19982.49710514192
jSO,F25,9,17022.185895897765
jSO,F25,10,17311.34821174054
jSO,F25,11,21223.005905827686
jSO,F25,12,15269.76323211149
jSO,F25,13,17863.63312935116
jSO,F25,14,21330.172152248302
jSO,F25,15,13710.710700678208
jSO,F25,16,19614.131502330398
jSO,F25,17,20239.1304759646
jSO,F25,18,19676.001707461746
jSO,F25,19,13490.711494094607
jSO,F25,20,14231.636260850177
jSO,F25,21,16067.709591827299
jSO,F25,22,13158.126228083815
jSO,F25,23,14110.070005940943
jSO,F25,24,15233.137041458749
jSO,F25,25,20089.240910068394
jSO,F25,26,17166.497561616598
jSO,F25,27,14316.990538030823
jSO,F25,28,15751.578319049286
jSO,F25,29,11035.680030349416
jSO,F25,30,22888.756604933053
jSO,F26,1,25983.62924352257
jSO,F26,2,29525.486181233657
jSO,F26,3,27737.755026147148
jSO,F26,4,29368.518585041555
jSO,F26,5,25898.522919481085
jSO,F26,6,28193.928849253163
jSO,F26,7,31933.29878544245
jSO,F26,8,29811.370543182915
jSO,F26,9,27372.904435857847
jSO,F26,10,30339.34896676043
jSO,F26,11,31445.551705338483
jSO,F26,12,33429.45643205319
jSO,F26,13,25241.24141293367
jSO,F26,14,29822.055888434224
jSO,F26,15,31512.11188433609
jSO,F26,16,32530.61843569418
jSO,F26,17,31495.235147383497
jSO,F26,18,28106.320855893424
jSO,F26,19,29704.769052436503
jSO,F26,20,29971.134842837608
jSO,F26,21,31060.739266968492
jSO,F26,22,32140.072075477117
jSO,F26,23,30390.192227359912
jSO,F26,24,32208.4265595229
jSO,F26,25,31698.460781096954
jSO,F26,26,29222.438910371846
jSO,F26,27,30050.621034240146
jSO,F26,28,30289.120283794804
jSO,F26,29,29983.57152002817
jSO,F26,30,29841.528138009577
jSO,F27,1,6994.121936484273
jSO,F27,2,7218.590955818846
jSO,F27,3,6366.639867830355
jSO,F27,4,5199.79263329465
jSO,F27,5,5621.764326166087
jSO,F27,6,5490.668055892471
jSO,F27,7,5574.137057320893
jSO,F27,8,7162.941064768872
jSO,F27,9,5388.232465399846
jSO,F27,10,5455.77183459415
jSO,F27,11,7241.870238553714
jSO,F27,12,6090.119714194234
jSO,F27,13,6885.683527391588
jSO,F27,14,6244.752756897811
jSO,F27,15,6445.13764448511
jSO,F27,16,6562.214206299741
jSO,F27,17,6231.5642701242305
jSO,F27,18,6929.668511451256
jSO,F27,19,5167.837416416068
jSO,F27,20,6722.7459249872845
jSO,F27,21,7554.626288234
jSO,F27,22,7672.874142396669
jSO,F27,23,6504.585091397234
jSO,F27,24,5899.462559100734
jSO,F27,25,6189.339661470104
jSO,F27,26,7560.079842245266
jSO,F27,27,5606.177640509985
jSO,F27,28,7283.588093077958
jSO,F27,29,5842.626642147562
jSO,F27,30,4900.374513191835
jSO,F28,1,19336.533822444184
jSO,F28,2,24825.069623374147
jSO,F28,3,20229.579904521746
jSO,F28,4,25611.320464884426
jSO,F28,5,19483.997205718566
jSO,F28,6,24171.184554117997
jSO,F28,7,22996.497314318814
jSO,F28,8,18785.469360473326
jSO,F28,9,25119.91312208167
jSO,F28,10,20238.035936482906
jSO,F28,11,21050.56194682916
jSO,F28,12,24226.594002731985
jSO,F28,13,20112.946539633154
jSO,F28,14,22953.518366550175
jSO,F28,15,21555.99384979359
jSO,F28,16,17510.051872650576
jSO,F28,17,24889.79592492983
jSO,F28,18,23540.227136311692
jSO,F28,19,24690.320481814535
jSO,F28,20,21414.14564154732
jSO,F28,21,24420.04163893666
jSO,F28,22,18986.093665896693
jSO,F28,23,15183.797560719144
jSO,F28,24,17124.57345182033
jSO,F28,25,16689.994761214144
jSO,F28,26,15250.167506519154
jSO,F28,27,21791.67233289551
jSO,F28,28,24489.53503434348
jSO,F28,29,16624.421083545436
jSO,F28,30,19719.37034743407
jSO,F29,1,18296.52362676126
jSO,F29,2,17401.927896464025
jSO,F29,3,17031.72812009834
jSO,F29,4,14874.278140227778
jSO,F29,5,15176.64413980981
jSO,F29,6,21744.182169440337
jSO,F29,7,14913.57940888295
jSO,F29,8,15635.528781274737
jSO,F29,9,20282.43320852176
jSO,F29,10,14392.564410782561
jSO,F29,11,15679.671090659751
jSO,F29,12,25585.769881967622
jSO,F29,13,15653.089592867243
jSO,F29,14,16064.018447984196
jSO,F29,15,16708.227438983864
jSO,F29,16,23973.344454258087
jSO,F29,17,13812.85980177603
jSO,F29,18,27951.51240362585
jSO,F29,19,12922.544150867858
jSO,F29,20,18255.035822272297
jSO,F29,21,15178.486304267894
jSO,F29,22,14909.321822482045
jSO,F29,23,20249.538253493207
jSO,F29,24,17639.632384026703
jSO,F29,25,14896.293655763333
jSO,F29,26,14941.911710302506
jSO,F29,27,13360.624563722773
jSO,F29,28,16383.445747339774
jSO,F29,29,16784.673609980717
jSO,F29,30,13592.831922911235
jSO,F30,1,3281356864.0164647
jSO,F30,2,4344847414.84308
jSO,F30,3,5586513809.563179
jSO,F30,4,9715102312.067446
jSO,F30,5,2236375889.589063
jSO,F30,6,5454497885.508345
jSO,F30,7,3303687665.96171
jSO,F30,8,5785545800.52449
jSO,F30,9,8874719222.12095
jSO,F30,10,6825920255.450582
jSO,F30,11,2362494145.728785
jSO,F30,12,6606920274.307043
jSO,F30,13,2442149201.8183885
jSO,F30,14,2805840287.0235176
jSO,F30,15,5244284918.328636
jSO,F30,16,5073639069.934921
jSO,F30,17,7341170258.154205
jSO,F30,18,7595204395.029755
jSO,F30,19,6491691765.5305195
jSO,F30,20,6558561674.4069195
jSO,F30,21,2217020690.134109
jSO,F30,22,2127510385.2141743
jSO,F30,23,10001019529.00715
jSO,F30,24,6806746424.148489
jSO,F30,25,1807472416.9378536
jSO,F30,26,9760802888.154106
jSO,F30,27,2770398933.8310966
jSO,F30,28,1887653087.4459376
jSO,F30,29,7193670820.155099
jSO,F30,30,1678026491.9802258
PSO,F1,1,7007465583.457423
PSO,F1,2,33190800711.63079
PSO,F1,3,16359712377.53281
PSO,F1,4,19830487613.39486
PSO,F1,5,17436788711.65955
PSO,F1,6,28361196919.689205
PSO,F1,7,46061070156.72887
PSO,F1,8,33286278001.349213
PSO,F1,9,29671294210.64026
PSO,F1,10,17058318728.18328
PSO,F1,11,27896595679.97605
PSO,F1,12,28062912015.049557
PSO,F1,13,17668750834.956963
PSO,F1,14,40541424923.06372
PSO,F1,15,26686029358.219746
PSO,F1,16,37888418363.47376
PSO,F1,17,18014100476.984226
PSO,F1,18,23922871172.75411
PSO,F1,19,21956241724.580994
PSO,F1,20,16460987441.338846
PSO,F1,21,21029227163.46404
PSO,F1,22,20839482723.03933
PSO,F1,23,27789245544.262733
PSO,F1,24,35267781155.449905
PSO,F1,25,25864246808.80741
PSO,F1,26,14493818888.860514
PSO,F1,27,41765254694.68791
PSO,F1,28,39626475763.22135
PSO,F1,29,20710759660.305363
PSO,F1,30,27970919319.99174
PSO,F3,1,739428.2851555599
PSO,F3,2,561967.0646227748
PSO,F3,3,705756.7355801566
PSO,F3,4,582065.649333418
PSO,F3,5,454474.0896839598
PSO,F3,6,691041.6074881402
PSO,F3,7,564509.3020284467
PSO,F3,8,503026.71794676036
PSO,F3,9,589289.0261564999
PSO,F3,10,669442.5550195527
PSO,F3,11,554178.9536412029
PSO,F3,12,820574.5801214335
PSO,F3,13,522085.4656233287
PSO,F3,14,489602.9034053576
PSO,F3,15,839527.5866536413
PSO,F3,16,707975.3769257726
PSO,F3,17,780020.3366547046
PSO,F3,18,422584.8869044649
PSO,F3,19,473481.5498418623
PSO,F3,20,598175.2144378372
PSO,F3,21,589383.28641036
PSO,F3,22,652375.2891734918
PSO,F3,23,612723.9018184069
PSO,F3,24,527325.4100655981
PSO,F3,25,765672.988522576
PSO,F3,26,542522.1278835906
PSO,F3,27,458888.0453683167
PSO,F3,28,678758.391936299
PSO,F3,29,682348.6440288955
PSO,F3,30,488523.70060466713
PSO,F4,1,2533.655791039042
PSO,F4,2,4306.801747445075
PSO,F4,3,1850.808491958751
PSO,F4,4,2556.4006203109125
PSO,F4,5,3828.4204026711686
PSO,F4,6,1640.0225698268455
PSO,F4,7,2052.402710259211
PSO,F4,8,2666.2534741945337
PSO,F4,9,2141.47915253502
PSO,F4,10,1823.9290069765357
PSO,F4,11,3048.0626919115116
PSO,F4,12,1707.9303063244963
PSO,F4,13,2393.0762907566273
PSO,F4,14,6087.134372138419
PSO,F4,15,2206.638947141311
PSO,F4,16,1906.1347347484007
PSO,F4,17,1598.952427297643
PSO,F4,18,3378.65740892138
PSO,F4,19,1659.5094933686364
PSO,F4,20,2653.2116302496024
PSO,F4,21,1680.4625636017183
PSO,F4,22,1455.5379788463324
PSO,F4,23,1937.7036818679849
PSO,F4,24,3638.862057920135
PSO,F4,25,8791.200204360857
PSO,F4,26,5108.622019872848
PSO,F4,27,3772.580755166256
PSO,F4,28,2418.910925588906
PSO,F4,29,5868.045508842005
PSO,F4,30,3638.4143356447544
PSO,F5,1,1079.5351624171494
PSO,F5,2,1214.841814346336
PSO,F5,3,1083.7696739245816
PSO,F5,4,1146.0723986965552
PSO,F5,5,1120.720017020253
PSO,F5,6,1304.1386411164692
PSO,F5,7,1121.9191687005123
PSO,F5,8,1510.1260054301927
PSO,F5,9,1151.7128195730215
PSO,F5,10,1059.8488244647351
PSO,F5,11,1255.6491008227558
PSO,F5,12,1267.6430818072395
PSO,F5,13,1212.6130292288758
PSO,F5,14,1194.9799449080115
PSO,F5,15,1223.8051853897841
PSO,F5,16,1048.2719871636464
PSO,F5,17,1117.6908229357841
PSO,F5,18,1228.9180659653944
PSO,F5,19,1123.6699967781583
PSO,F5,20,1098.8289360024928
PSO,F5,21,1375.1092911448018
PSO,F5,22,1120.4394892328314
PSO,F5,23,1320.6155356182567
PSO,F5,24,1220.006457965079
PSO,F5,25,1076.0264163834004
PSO,F5,26,1033.557371902009
PSO,F5,27,1184.1646496724657
PSO,F5,28,1328.8581355228214
PSO,F5,29,1224.3754883161905
PSO,F5,30,1055.5509084264645
PSO,F6,1,632.8166100412869
PSO,F6,2,642.2035046060539
PSO,F6,3,643.0080849048686
PSO,F6,4,652.5942073999396
PSO,F6,5,625.8797018306261
PSO,F6,6,630.3514065368565
PSO,F6,7,651.3954018400075
PSO,F6,8,645.0269039739342
PSO,F6,9,633.5301502002009
PSO,F6,10,626.886238847722
PSO,F6,11,632.4083193241914
PSO,F6,12,627.6886688567226
PSO,F6,13,633.9058144292676
PSO,F6,14,635.0977437445825
PSO,F6,15,642.935576808871
PSO,F6,16,625.8125051799346
PSO,F6,17,642.342220520615
PSO,F6,18,628.5045674514312
PSO,F6,19,637.970102929305
PSO,F6,20,627.7926702750079
PSO,F6,21,650.0607294739806
PSO,F6,22,631.4652738764343
PSO,F6,23,633.0941472729693
PSO,F6,24,648.3318574025598
PSO,F6,25,635.4435517279433
PSO,F6,26,626.747386059285
PSO,F6,27,628.897921077629
PSO,F6,28,639.7955306954191
PSO,F6,29,627.3211086892005
PSO,F6,30,647.0609362849449
PSO,F7,1,1910.8947149900532
PSO,F7,2,2293.7092968952147
PSO,F7,3,1711.287159909096
PSO,F7,4,1937.1669916923706
PSO,F7,5,1926.9230614525595
PSO,F7,6,2085.6944609610114
PSO,F7,7,1903.6884395372838
PSO,F7,8,2250.752744750947
PSO,F7,9,2403.3528413835384
PSO,F7,10,1749.1661712783039
PSO,F7,11,1533.9444189489334
PSO,F7,12,1827.1878904251223
PSO,F7,13,1851.6564693314497
PSO,F7,14,1791.448730169504
PSO,F7,15,2290.7320462586176
PSO,F7,16,2024.853956102135
PSO,F7,17,1877.7654483882047
PSO,F7,18,2042.7523498037613
PSO,F7,19,2025.0092280560766
PSO,F7,20,1918.3546000015533
PSO,F7,21,1693.6515332907056
PSO,F7,22,1942.2775447397153
PSO,F7,23,1927.284277145628
PSO,F7,24,1741.7695419791744
PSO,F7,25,1684.696493267344
PSO,F7,26,1790.7945967555397
PSO,F7,27,1655.9605938460634
PSO,F7,28,1872.2579443619231
PSO,F7,29,1925.8864705623096
PSO,F7,30,1661.8545114560752
PSO,F8,1,1527.1368839648449
PSO,F8,2,1570.01834301158
PSO,F8,3,1455.1438553884059
PSO,F8,4,1461.1868689320759
PSO,F8,5,1523.2935490731174
PSO,F8,6,1707.292223060931
PSO,F8,7,1491.484866224076
PSO,F8,8,1407.5498056070533
PSO,F8,9,1479.057979383882
PSO,F8,10,1870.9618097314922
PSO,F8,11,1732.3609136598093
PSO,F8,12,1526.1932663290434
PSO,F8,13,1617.1103405800673
PSO,F8,14,1341.1830608616087
PSO,F8,15,1269.620317856287
PSO,F8,16,1785.4424202495065
PSO,F8,17,1408.0755977990425
PSO,F8,18,1640.026777829446
PSO,F8,19,1587.1170594526684
PSO,F8,20,1429.568383673537
PSO,F8,21,1332.430722089422
PSO,F8,22,1587.6604818592514
PSO,F8,23,1468.782545839616
PSO,F8,24,1415.68471006877
PSO,F8,25,1710.3264927658465
PSO,F8,26,1698.6237840879776
PSO,F8,27,1555.7289734748301
PSO,F8,28,1380.2729516320828
PSO,F8,29,1684.1115554493729
PSO,F8,30,1312.22110620185
PSO,F9,1,22356.31322064861
PSO,F9,2,49165.83003997356
PSO,F9,3,70687.0832080926
PSO,F9,4,52055.53955730316
PSO,F9,5,36122.71178240025
PSO,F9,6,41923.96238241299
PSO,F9,7,40008.73190192637
PSO,F9,8,54428.306928670354
PSO,F9,9,31993.663172880933
PSO,F9,10,36749.88035348254
PSO,F9,11,84628.51068201651
PSO,F9,12,78468.32042858176
PSO,F9,13,53872.55901170652
PSO,F9,14,49436.47741320513
PSO,F9,15,51380.93932077185
PSO,F9,16,35953.03733509329
PSO,F9,17,35733.14410012382
PSO,F9,18,41818.02147497189
PSO,F9,19,79041.01987784456
PSO,F9,20,32252.009893799863
PSO,F9,21,33997.9564067224
PSO,F9,22,47236.99260649306
PSO,F9,23,17846.07699471756
PSO,F9,24,48053.76185880813
PSO,F9,25,72616.9325168215
PSO,F9,26,42275.13783466782
PSO,F9,27,66382.85616847011
PSO,F9,28,40297.19671401172
PSO,F9,29,40379.07605802384
PSO,F9,30,61074.53801936734
PSO,F10,1,23110.128633335727
PSO,F10,2,29213.320526157408
PSO,F10,3,22232.410254484348
PSO,F10,4,16121.073711061283
PSO,F10,5,18747.299465311473
PSO,F10,6,20213.316689128736
PSO,F10,7,16556.92972100084
PSO,F10,8,19298.151477005995
PSO,F10,9,26349.872921400383
PSO,F10,10,24179.052479945592
PSO,F10,11,18368.858453661982
PSO,F10,12,22744.59344139041
PSO,F10,13,20057.306740037642
PSO,F10,14,21669.185609266046
PSO,F10,15,17080.744417747912
PSO,F10,16,28276.758156959146
PSO,F10,17,18394.24349228953
PSO,F10,18,18464.739304219824
PSO,F10,19,21058.72855846602
PSO,F10,20,19897.05625357037
PSO,F10,21,20099.331206397906
PSO,F10,22,28625.656056545857
PSO,F10,23,17170.31421089511
PSO,F10,24,20545.020352822627
PSO,F10,25,18866.233956392327
PSO,F10,26,21622.784508542867
PSO,F10,27,20883.63756454749
PSO,F10,28,19544.93047522373
PSO,F10,29,18712.226662344558
PSO,F10,30,20748.07616642017
PSO,F11,1,60071.38502608639
PSO,F11,2,42081.749538208656
PSO,F11,3,61551.21068169269
PSO,F11,4,32531.775395464163
PSO,F11,5,31438.97376771708
PSO,F11,6,60411.36841101974
PSO,F11,7,68735.67599215017
PSO,F11,8,57984.6737059049
PSO,F11,9,96084.85027480625
PSO,F11,10,85958.32304605392
PSO,F11,11,33821.31242376721
PSO,F11,12,164378.17819816153
PSO,F11,13,39435.88189724403
PSO,F11,14,113769.55525890787
PSO,F11,15,28182.516810964702
PSO,F11,16,35362.449060238185
PSO,F11,17,97322.24979261542
PSO,F11,18,30144.01810682385
PSO,F11,19,19828.210542503857
PSO,F11,20,36288.097221824195
PSO,F11,21,19645.30203509516
PSO,F11,22,123431.36167704036
PSO,F11,23,25936.492909231332
PSO,F11,24,45903.18880978843
PSO,F11,25,30729.52282658337
PSO,F11,26,43369.87322199617
PSO,F11,27,37392.87516721182
PSO,F11,28,21535.63504156612
PSO,F11,29,47823.344293707094
PSO,F11,30,21160.778682335615
PSO,F12,1,9655524691.672277
PSO,F12,2,10587491780.481838
PSO,F12,3,11207596047.34988
PSO,F12,4,13576637328.819927
PSO,F12,5,4178690296.870511
PSO,F12,6,9999064017.25983
PSO,F12,7,7288162146.419421
PSO,F12,8,4777335351.02896
PSO,F12,9,31433823162.140522
PSO,F12,10,7754990760.115461
PSO,F12,11,12908544161.186928
PSO,F12,12,11930753728.500153
PSO,F12,13,3316517966.2851567
PSO,F12,14,2160578924.16282
PSO,F12,15,18637926704.22842
PSO,F12,16,12913556170.329014
PSO,F12,17,17938639231.801315
PSO,F12,18,2555514946.151849
PSO,F12,19,7536194800.626902
PSO,F12,20,5147988940.9808035
PSO,F12,21,2525513559.4113474
PSO,F12,22,8170889424.308306
PSO,F12,23,9057861636.57471
PSO,F12,24,7140823896.476808
PSO,F12,25,10475533235.124512
PSO,F12,26,10676292640.201101
PSO,F12,27,12060629983.479147
PSO,F12,28,655752386.9246533
PSO,F12,29,7769126058.532358
PSO,F12,30,1534827619.390546
PSO,F13,1,273534321.5117415
PSO,F13,2,7561851.21769789
PSO,F13,3,2212334499.941031
PSO,F13,4,1225418189.1723871
PSO,F13,5,10789240.658069085
PSO,F13,6,706361185.0788833
PSO,F13,7,674971296.4416233
PSO,F13,8,3853995608.394219
PSO,F13,9,114426.36201531938
PSO,F13,10,1504858608.3586638
PSO,F13,11,3698012946.4224825
PSO,F13,12,755013606.678938
PSO,F13,13,1828825570.5961149
PSO,F13,14,18150257.09302731
PSO,F13,15,1244549253.1097078
PSO,F13,16,659140319.9046487
PSO,F13,17,6713143625.950131
PSO,F13,18,1035273074.5861065
PSO,F13,19,287627303.458745
PSO,F13,20,262773259.35383484
PSO,F13,21,1133466843.5749958
PSO,F13,22,444268387.56359565
PSO,F13,23,1483981673.3457856
PSO,F13,24,452561723.4666993
PSO,F13,25,2032449344.7546833
PSO,F13,26,575272153.7224883
PSO,F13,27,952880383.3120198
PSO,F13,28,335146411.7421616
PSO,F13,29,698487890.0402333
PSO,F13,30,1318748601.6648514
PSO,F14,1,2262823.1781669534
PSO,F14,2,3386133.3064554436
PSO,F14,3,3325058.978101335
PSO,F14,4,3215820.943486005
PSO,F14,5,6591850.152848063
PSO,F14,6,1120759.4392835395
PSO,F14,7,1729532.97552021
PSO,F14,8,4849799.737419385
PSO,F14,9,2688549.000480966
PSO,F14,10,2999163.38940595
PSO,F14,11,3619961.06714387
PSO,F14,12,1631268.9379026191
PSO,F14,13,5531973.4311543545
PSO,F14,14,7894213.1567173265
PSO,F14,15,8266436.4986713845
PSO,F14,16,2526834.183492307
PSO,F14,17,1625140.61280262
PSO,F14,18,942303.516880445
PSO,F14,19,1704394.6202673637
PSO,F14,20,2915797.954510853
PSO,F14,21,2261789.9660646133
PSO,F14,22,3115023.385963293
PSO,F14,23,6823733.207483118
PSO,F14,24,1424531.6779536312
PSO,F14,25,3348868.5041827606
PSO,F14,26,1487256.6205607092
PSO,F14,27,10104511.306356192
PSO,F14,28,2583471.784604429
PSO,F14,29,2552514.689809635
PSO,F14,30,4334716.644689784
PSO,F15,1,2273523678.2727103
PSO,F15,2,2040691.7548088285
PSO,F15,3,821169404.3664972
PSO,F15,4,125966.80611370353
PSO,F15,5,45771.83184106614
PSO,F15,6,31730.792947471677
PSO,F15,7,51206.616912184676
PSO,F15,8,30164.228866821257
PSO,F15,9,24949.240815796922
PSO,F15,10,101550.30795321199
PSO,F15,11,9073792.44303394
PSO,F15,12,30137.9224720231
PSO,F15,13,90707.07166863103
PSO,F15,14,92583.38811393773
PSO,F15,15,412681929.2089648
PSO,F15,16,59730.148313997204
PSO,F15,17,9039777.611804316
PSO,F15,18,14286.730070269841
PSO,F15,19,946314681.7716287
PSO,F15,20,11759.724330573685
PSO,F15,21,88748.9810891077
PSO,F15,22,9015397.41958924
PSO,F15,23,50168.11327725649
PSO,F15,24,178003.84514300514
PSO,F15,25,21664.290631742195
PSO,F15,26,719463240.821455
PSO,F15,27,2021460279.6236238
PSO,F15,28,1011604772.17572
PSO,F15,29,9083741.040392129
PSO,F15,30,65926.60768349562
PSO,F16,1,6790.5551613061725
PSO,F16,2,6107.737112735772
PSO,F16,3,5976.951555268112
PSO,F16,4,6795.763067094366
PSO,F16,5,6655.585102458077
PSO,F16,6,6617.046752884799
PSO,F16,7,5644.259169397438
PSO,F16,8,5875.769684494875
PSO,F16,9,6729.844552536902
PSO,F16,10,6110.539515732514
PSO,F16,11,6214.430323495794
PSO,F16,12,6571.936936173671
PSO,F16,13,5898.353275944346
PSO,F16,14,5980.672180380495
PSO,F16,15,5135.669723848217
PSO,F16,16,5642.820863111843
PSO,F16,17,5775.741050841159
PSO,F16,18,6177.01057376283
PSO,F16,19,6411.250923089426
PSO,F16,20,6453.6891872848655
PSO,F16,21,7322.2060261971765
PSO,F16,22,7757.877348253171
PSO,F16,23,6319.105049032591
PSO,F16,24,6969.97969429156
PSO,F16,25,5348.7183060980915
PSO,F16,26,5869.065054297012
PSO,F16,27,7432.883172748407
PSO,F16,28,6016.993858956263
PSO,F16,29,6523.222459827819
PSO,F16,30,6404.069593204564
PSO,F17,1,6914.3508843330355
PSO,F17,2,7413.87101640463
PSO,F17,3,5655.745035324102
PSO,F17,4,6912.487067654807
PSO,F17,5,5794.27216690957
PSO,F17,6,5850.848825862463
PSO,F17,7,5676.127698247127
PSO,F17,8,5306.402715770619
PSO,F17,9,4836.211861362932
PSO,F17,10,7107.408591567091
PSO,F17,11,7123.185100382745
PSO,F17,12,7054.577008568745
PSO,F17,13,8903.047797785814
PSO,F17,14,6839.9248457503945
PSO,F17,15,7588.961973538277
PSO,F17,16,5451.508696250701
PSO,F17,17,8940.135159753074
PSO,F17,18,6136.8774141222075
PSO,F17,19,5325.0333148811405
PSO,F17,20,6001.599709819293
PSO,F17,21,6778.657875620027
PSO,F17,22,6084.569604546752
PSO,F17,23,6959.772289815433
PSO,F17,24,5761.399889240602
PSO,F17,25,6334.404154700685
PSO,F17,26,7566.3475380055825
PSO,F17,27,7107.327537626973
PSO,F17,28,5823.028606724457
PSO,F17,29,6228.512409895868
PSO,F17,30,5232.922572432344
PSO,F18,1,5508224.224072389
PSO,F18,2,8362418.376181876
PSO,F18,3,4457226.479260341
PSO,F18,4,6324168.569247356
PSO,F18,5,6801350.098665002
PSO,F18,6,8021463.203620028
PSO,F18,7,12421399.502995705
PSO,F18,8,6551165.5391996335
PSO,F18,9,3667140.4464516295
PSO,F18,10,946499.503688768
PSO,F18,11,6010027.806481168
PSO,F18,12,21374256.835288923
PSO,F18,13,15938812.10925579
PSO,F18,14,11434871.574498355
PSO,F18,15,2513126.5429405873
PSO,F18,16,4388971.37729676
PSO,F18,17,7492280.7660867
PSO,F18,18,5734214.185056755
PSO,F18,19,20090947.427650835
PSO,F18,20,5074776.232972764
PSO,F18,21,5271027.700164781
PSO,F18,22,3461927.4823237327
PSO,F18,23,9290610.093852365
PSO,F18,24,6094961.055822404
PSO,F18,25,9619752.663577618
PSO,F18,26,9763295.75419843
PSO,F18,27,20175397.003958404
PSO,F18,28,12966572.289483847
PSO,F18,29,6587727.945997645
PSO,F18,30,4642373.371237336
PSO,F19,1,403369508.1221082
PSO,F19,2,212489886.49309734
PSO,F19,3,104079316.06833744
PSO,F19,4,18293309.502780136
PSO,F19,5,1046594057.4164798
PSO,F19,6,88233465.49562353
PSO,F19,7,13109578.018332899
PSO,F19,8,1200578.528546629
PSO,F19,9,3608072.053961435
PSO,F19,10,147338326.60746422
PSO,F19,11,556910853.4861822
PSO,F19,12,664821035.6710296
PSO,F19,13,543415792.8190255
PSO,F19,14,15630721.212966356
PSO,F19,15,40281170.40976401
PSO,F19,16,1051902777.6963531
PSO,F19,17,407210036.31442016
PSO,F19,18,525189570.553689
PSO,F19,19,5572798.667723718
PSO,F19,20,564911999.4833863
PSO,F19,21,2443451451.1190643
PSO,F19,22,829800.5022801561
PSO,F19,23,81704092.47213154
PSO,F19,24,5804480.680109527
PSO,F19,25,785633.6799929545
PSO,F19,26,89835795.68070447
PSO,F19,27,670898744.148766
PSO,F19,28,89370544.80068085
PSO,F19,29,53464860.960620336
PSO,F19,30,33287239.021813665
PSO,F20,1,5627.821625720559
PSO,F20,2,5553.107016109942
PSO,F20,3,5333.333220287597
PSO,F20,4,6826.516835802024
PSO,F20,5,4693.3426574826535
PSO,F20,6,4495.861226529563
PSO,F20,7,6080.471853964422
PSO,F20,8,4511.668959978588
PSO,F20,9,5875.027790875627
PSO,F20,10,5616.848825481675
PSO,F20,11,6412.870107064027
PSO,F20,12,5812.06921675454
PSO,F20,13,5508.891766651947
PSO,F20,14,5240.840305878744
PSO,F20,15,6093.106708334535
PSO,F20,16,6279.446060376026
PSO,F20,17,5426.619657551208
PSO,F20,18,5500.284492246749
PSO,F20,19,4018.61845193461
PSO,F20,20,5233.393464526451
PSO,F20,21,4775.407256784368
PSO,F20,22,6506.098554243004
PSO,F20,23,6132.0702256858385
PSO,F20,24,5776.571950632164
PSO,F20,25,4778.480649843112
PSO,F20,26,5136.356569479361
PSO,F20,27,7767.207105455728
PSO,F20,28,3812.1119924634395
PSO,F20,29,4977.153893989457
PSO,F20,30,4372.410919853668
PSO,F21,1,3331.572041780277
PSO,F21,2,3382.4928214551683
PSO,F21,3,3231.2935192572795
PSO,F21,4,3338.7653574771666
PSO,F21,5,3139.2329886345187
PSO,F21,6,3177.805890575699
PSO,F21,7,3155.46776443176
PSO,F21,8,3198.207417542722
PSO,F21,9,3091.652025348969
PSO,F21,10,3094.685693269149
PSO,F21,11,3199.8820054368416
PSO,F21,12,3342.5241189128037
PSO,F21,13,3319.564458959933
PSO,F21,14,3243.0234969401436
PSO,F21,15,3321.673215206867
PSO,F21,16,3061.350164633028
PSO,F21,17,3511.0575138829417
PSO,F21,18,3182.325727018336
PSO,F21,19,3141.6253270909456
PSO,F21,20,3162.0008444324444
PSO,F21,21,3488.0247831322263
PSO,F21,22,3242.7792081334255
PSO,F21,23,3280.9569739566887
PSO,F21,24,3212.051465273721
PSO,F21,25,3149.294488833758
PSO,F21,26,3166.8409758357984
PSO,F21,27,2875.373592910003
PSO,F21,28,3119.7959951000867
PSO,F21,29,3164.6293407588682
PSO,F21,30,3293.88787192175
PSO,F22,1,23022.76847664345
PSO,F22,2,21320.303979744094
PSO,F22,3,24999.196464828623
PSO,F22,4,22407.346497206476
PSO,F22,5,19216.903602751794
PSO,F22,6,23941.16508335059
PSO,F22,7,19694.612231348
PSO,F22,8,21480.220138929857
PSO,F22,9,29255.84415404281
PSO,F22,10,23067.835571107287
PSO,F22,11,20145.10447835177
PSO,F22,12,22512.642193354877
PSO,F22,13,20362.48175137412
PSO,F22,14,19654.143464994602
PSO,F22,15,22691.992936641273
PSO,F22,16,20783.19051614404
PSO,F22,17,27910.786156268477
PSO,F22,18,21220.742962694378
PSO,F22,19,28420.916884227947
PSO,F22,20,25781.871585978868
PSO,F22,21,22016.391016236186
PSO,F22,22,19915.795137447974
PSO,F22,23,19153.974892933536
PSO,F22,24,16964.071523793467
PSO,F22,25,22964.100978102295
PSO,F22,26,23021.62665923209
PSO,F22,27,30542.199607934755
PSO,F22,28,23407.437222360655
PSO,F22,29,23329.193772119077
PSO,F22,30,21904.76585088842
PSO,F23,1,4854.518916861114
PSO,F23,2,4159.247686130913
PSO,F23,3,4918.849141486919
PSO,F23,4,4550.68383348353
PSO,F23,5,4676.455793463092
PSO,F23,6,4757.402695432153
PSO,F23,7,5027.572752490971
PSO,F23,8,4745.555769767427
PSO,F23,9,4837.3901187832635
PSO,F23,10,5132.791986896114
PSO,F23,11,4190.984888777313
PSO,F23,12,4756.373590899172
PSO,F23,13,4690.709399801031
PSO,F23,14,4853.8995414535875
PSO,F23,15,4863.209729828679
PSO,F23,16,4436.179185395644
PSO,F23,17,4929.878472664597
PSO,F23,18,4966.560370767292
PSO,F23,19,5095.419458311578
PSO,F23,20,4656.4943686851875
PSO,F23,21,4611.418294890127
PSO,F23,22,4576.725511409736
PSO,F23,23,4402.625551792904
PSO,F23,24,4811.606884614406
PSO,F23,25,3942.9647332994036
PSO,F23,26,4449.699317597006
PSO,F23,27,4786.0486312517005
PSO,F23,28,4769.16525308813
PSO,F23,29,4709.312986341323
PSO,F23,30,4163.932217809999
PSO,F24,1,6006.197364242912
PSO,F24,2,6327.791512471162
PSO,F24,3,5379.205455980279
PSO,F24,4,5469.872483815281
PSO,F24,5,5953.900695598727
PSO,F24,6,6109.275490986399
PSO,F24,7,4909.168753730645
PSO,F24,8,6298.707462653521
PSO,F24,9,5716.638295157165
PSO,F24,10,5930.417027535588
PSO,F24,11,6978.269366035758
PSO,F24,12,5478.771610634148
PSO,F24,13,5770.215242065615
PSO,F24,14,6285.551794472572
PSO,F24,15,5434.6983109566245
PSO,F24,16,5538.769638585778
PSO,F24,17,6208.376110314987
PSO,F24,18,6493.114128848216
PSO,F24,19,6380.838614564678
PSO,F24,20,6405.1843015470495
PSO,F24,21,5864.233990267627
PSO,F24,22,5551.051878417021
PSO,F24,23,6313.535494992815
PSO,F24,24,6746.3999915572695
PSO,F24,25,5432.2361074786095
PSO,F24,26,6399.995720337557
PSO,F24,27,5760.334368468357
PSO,F24,28,5681.479192570323
PSO,F24,29,5755.1056801256855
PSO,F24,30,7700.026196618495
PSO,F25,1,4050.3425741910933
PSO,F25,2,5787.615558360352
PSO,F25,3,3932.2124478872624
PSO,F25,4,4292.084750605662
PSO,F25,5,5564.6689766143145
PSO,F25,6,5144.657974252615
PSO,F25,7,3855.1072196218684
PSO,F25,8,4175.850616048748
PSO,F25,9,3712.1036875067375
PSO,F25,10,4038.81625439442
PSO,F25,11,4009.7744712140866
PSO,F25,12,4809.433066908157
PSO,F25,13,4444.15898858914
PSO,F25,14,5475.423877783307
PSO,F25,15,4272.905518246239
PSO,F25,16,3768.5415503154713
PSO,F25,17,3876.358581376173
PSO,F25,18,4487.937443008365
PSO,F25,19,3635.3864656585665
PSO,F25,20,3719.8503222433815
PSO,F25,21,4032.78751011252
PSO,F25,22,4344.448062914415
PSO,F25,23,4057.6737453403834
PSO,F25,24,5227.701953739478
PSO,F25,25,4837.615722445246
PSO,F25,26,4520.829437979248
PSO,F25,27,4250.0387273805045
PSO,F25,28,4025.720964879958
PSO,F25,29,5250.419274891415
PSO,F25,30,3895.68539464644
PSO,F26,1,34979.85162565061
PSO,F26,2,24060.338271742374
PSO,F26,3,20686.380759658015
PSO,F26,4,18317.338706584313
PSO,F26,5,16084.020699089744
PSO,F26,6,17771.778661523225
PSO,F26,7,22364.424897838253
PSO,F26,8,12611.75533309333
PSO,F26,9,17958.92498279416
PSO,F26,10,25428.019276602212
PSO,F26,11,27377.645279202887
PSO,F26,12,23040.008926410326
PSO,F26,13,14696.458508752792
PSO,F26,14,18904.74042808188
PSO,F26,15,21462.6336298522
PSO,F26,16,16604.228038728106
PSO,F26,17,24670.835420483345
PSO,F26,18,21536.402566293295
PSO,F26,19,19300.43484283635
PSO,F26,20,13758.62673789911
PSO,F26,21,24831.332479497243
PSO,F26,22,21974.153788425287
PSO,F26,23,17144.07033303893
PSO,F26,24,23087.346056884457
PSO,F26,25,25306.536643431977
PSO,F26,26,14510.671204257927
PSO,F26,27,17442.42741122037
PSO,F26,28,25163.764377835952
PSO,F26,29,22135.319744812965
PSO,F26,30,16052.849742521217
PSO,F27,1,5672.55784314694
PSO,F27,2,4672.583985178112
PSO,F27,3,5023.68921161629
PSO,F27,4,3900.4251957084653
PSO,F27,5,4829.9172246826865
PSO,F27,6,4114.452091926246
PSO,F27,7,3954.4832652936293
PSO,F27,8,4612.283943788028
PSO,F27,9,4102.897377166324
PSO,F27,10,6211.282507107739
PSO,F27,11,5798.925478724617
PSO,F27,12,4520.318940803188
PSO,F27,13,4181.501920814821
PSO,F27,14,4644.690072514964
PSO,F27,15,4514.0585303563785
PSO,F27,16,4374.577091614356
PSO,F27,17,4770.150815953422
PSO,F27,18,5041.253280094961
PSO,F27,19,4261.005140514269
PSO,F27,20,4460.066755023724
PSO,F27,21,4091.1291535077926
PSO,F27,22,3960.6674418393595
PSO,F27,23,4250.657781313521
PSO,F27,24,3794.6974709996284
PSO,F27,25,4314.076800261271
PSO,F27,26,6208.0484286306255
PSO,F27,27,3827.815066558923
PSO,F27,28,4384.968488848601
PSO,F27,29,3789.0595479911435
PSO,F27,30,4739.404547485474
PSO,F28,1,4683.35065570753
PSO,F28,2,4882.932317428311
PSO,F28,3,5427.430747957596
PSO,F28,4,4672.93525020979
PSO,F28,5,7223.155562193996
PSO,F28,6,10122.359268469801
PSO,F28,7,9414.593881039375
PSO,F28,8,5826.631688449579
PSO,F28,9,9434.32610615169
PSO,F28,10,5322.186993675394
PSO,F28,11,8681.181517142904
PSO,F28,12,6496.022075130927
PSO,F28,13,4708.489711459426
PSO,F28,14,5779.949117119215
PSO,F28,15,8329.122518772547
PSO,F28,16,5542.910844686894
PSO,F28,17,11752.133195707556
PSO,F28,18,9224.674326113072
PSO,F28,19,4099.595551449306
PSO,F28,20,5264.784102104916
PSO,F28,21,9326.065801351011
PSO,F28,22,6339.610644741806
PSO,F28,23,9229.302552326402
PSO,F28,24,5008.556059436685
PSO,F28,25,7498.634936290359
PSO,F28,26,7186.998060720163
PSO,F28,27,6472.914303931266
PSO,F28,28,4404.936123940841
PSO,F28,29,7411.747145266737
PSO,F28,30,4352.029717714239
PSO,F29,1,7777.296888395999
PSO,F29,2,7209.129425222527
PSO,F29,3,7876.823868846544
PSO,F29,4,6934.731700034562
PSO,F29,5,7986.445868905494
PSO,F29,6,8120.855034482303
PSO,F29,7,6918.3682146574465
PSO,F29,8,7188.722402188231
PSO,F29,9,6985.204323038817
PSO,F29,10,8043.9013470845375
PSO,F29,11,6980.421479948742
PSO,F29,12,8245.932606375958
PSO,F29,13,6931.259673899931
PSO,F29,14,7134.3426612694075
PSO,F29,15,6892.135240820642
PSO,F29,16,8165.916849222019
PSO,F29,17,6659.988130522466
PSO,F29,18,7703.240809009238
PSO,F29,19,6760.5295067116185
PSO,F29,20,7174.431701922173
PSO,F29,21,7420.399150559544
PSO,F29,22,9297.036316195841
PSO,F29,23,7491.952546436378
PSO,F29,24,9310.783779528392
PSO,F29,25,8366.465255378484
PSO,F29,26,8341.017947066208
PSO,F29,27,7326.80028738629
PSO,F29,28,7418.325335193018
PSO,F29,29,6228.424917353415
PSO,F29,30,7482.363726919391
PSO,F30,1,1838762911.6963222
PSO,F30,2,151745650.04207644
PSO,F30,3,1512780163.9827263
PSO,F30,4,520239361.485617
PSO,F30,5,1972939573.297375
PSO,F30,6,1396968737.9500992
PSO,F30,7,3327245310.2268987
PSO,F30,8,26663858.13768401
PSO,F30,9,1508036997.6467607
PSO,F30,10,23144641.842306532
PSO,F30,11,455224211.8749751
PSO,F30,12,7078714.604043713
PSO,F30,13,1417945491.2732043
PSO,F30,14,797570817.4534359
PSO,F30,15,791613398.9495665
PSO,F30,16,713334039.5455112
PSO,F30,17,4348677477.819145
PSO,F30,18,2186455960.3813286
PSO,F30,19,518278304.9623927
PSO,F30,20,1754722053.1885655
PSO,F30,21,652526310.6190175
PSO,F30,22,1158863842.5444243
PSO,F30,23,7756873.925557631
PSO,F30,24,2750673014.967293
PSO,F30,25,9907137.586197287
PSO,F30,26,4277357961.6652575
PSO,F30,27,531216689.65449655
PSO,F30,28,1232246290.8376477
PSO,F30,29,540099267.6259065
PSO,F30,30,15842240.243826956
DE,F1,1,3407189301.3107085
DE,F1,2,4508719609.964779
DE,F1,3,12685602516.0938
DE,F1,4,8105012542.27002
DE,F1,5,3296302105.5311923
DE,F1,6,11399031714.473974
DE,F1,7,7222100643.698022
DE,F1,8,4134472120.5652137
DE,F1,9,3488732033.2693844
DE,F1,10,4716698392.849149
DE,F1,11,8451486319.8523655
DE,F1,12,8518881180.952693
DE,F1,13,1038104626.0951453
DE,F1,14,10956554525.296438
DE,F1,15,9337798282.520426
DE,F1,16,4530302329.539782
DE,F1,17,5987867754.794861
DE,F1,18,5628579733.523337
DE,F1,19,9959089818.70722
DE,F1,20,5055237923.464126
DE,F1,21,2208868358.7425528
DE,F1,22,8924210510.793304
DE,F1,23,5050248114.14148
DE,F1,24,5660186192.362117
DE,F1,25,5654367541.311579
DE,F1,26,11540982109.111004
DE,F1,27,5749103061.255993
DE,F1,28,3374927809.6027975
DE,F1,29,5171525108.764409
DE,F1,30,9808642778.02228
DE,F3,1,777299.6600835874
DE,F3,2,711256.3627896294
DE,F3,3,566678.3722291355
DE,F3,4,724694.0984025769
DE,F3,5,769992.1430873473
DE,F3,6,940385.5968618412
DE,F3,7,653564.5567856599
DE,F3,8,837867.759537357
DE,F3,9,769482.2293810548
DE,F3,10,737856.621336677
DE,F3,11,689286.991606021
DE,F3,12,763655.2519191176
DE,F3,13,870067.7931636464
DE,F3,14,726461.2204756131
DE,F3,15,688639.0064447483
DE,F3,16,550938.3015396736
DE,F3,17,783416.4364127128
DE,F3,18,669283.2190190423
DE,F3,19,507635.64067589317
DE,F3,20,731484.465355754
DE,F3,21,675450.1137398668
DE,F3,22,816760.8806989981
DE,F3,23,611068.9364672048
DE,F3,24,621080.0495403464
DE,F3,25,672169.7569040641
DE,F3,26,672473.1855692451
DE,F3,27,777520.8336613501
DE,F3,28,532089.9147789972
DE,F3,29,711976.9867518039
DE,F3,30,666625.7646033219
DE,F4,1,1075.6892415541597
DE,F4,2,1301.3205892734882
DE,F4,3,1339.6257186729185
DE,F4,4,2081.0841876776303
DE,F4,5,1654.3485909810724
DE,F4,6,1442.8584822973396
DE,F4,7,1478.7551331215973
DE,F4,8,1275.6107976777032
DE,F4,9,1395.0537242486434
DE,F4,10,1051.9977373695847
DE,F4,11,1267.8789687796975
DE,F4,12,1349.7168426877065
DE,F4,13,1315.5610461664924
DE,F4,14,1241.4118496641838
DE,F4,15,1611.9557027205644
DE,F4,16,1386.9703417444364
DE,F4,17,1309.9405005916037
DE,F4,18,1940.542055426826
DE,F4,19,1602.0882385657515
DE,F4,20,1448.5594512821351
DE,F4,21,1724.2268338140293
DE,F4,22,1806.1382995290214
DE,F4,23,1674.2551212871576
DE,F4,24,1510.0797204585188
DE,F4,25,1907.2627785217653
DE,F4,26,1825.4186413332782
DE,F4,27,1225.2831609891225
DE,F4,28,1481.3334705085838
DE,F4,29,1089.1112251806394
DE,F4,30,1315.465541255918
DE,F5,1,1535.3424224376536
DE,F5,2,1546.782814460978
DE,F5,3,1486.4493115995
DE,F5,4,970.4462550162198
DE,F5,5,1572.5375087738973
DE,F5,6,1670.7131613516578
DE,F5,7,1562.6808091083224
DE,F5,8,1583.8916758396153
DE,F5,9,951.7642999470745
DE,F5,10,1646.314915447402
DE,F5,11,1441.3237281474985
DE,F5,12,1659.261786653311
DE,F5,13,928.3245068115205
DE,F5,14,1630.7692305081125
DE,F5,15,1574.1372309209146
DE,F5,16,959.804107224187
DE,F5,17,913.0351338788023
DE,F5,18,1480.346453938676
DE,F5,19,1601.7557757344907
DE,F5,20,1460.0392682657998
DE,F5,21,1570.2981479874475
DE,F5,22,1601.4938074812603
DE,F5,23,1567.87282243366
DE,F5,24,1520.6886246769877
DE,F5,25,1635.6175888963855
DE,F5,26,1565.7640826653435
DE,F5,27,1507.5198063837936
DE,F5,28,1522.496718917373
DE,F5,29,1594.6561064910034
DE,F5,30,1536.271563840906
DE,F6,1,616.2133645391356
DE,F6,2,609.6683990593798
DE,F6,3,611.9573957777347
DE,F6,4,614.3731047393666
DE,F6,5,615.4782556266636
DE,F6,6,613.2726071703737
DE,F6,7,616.1943287218824
DE,F6,8,611.4902365482218
DE,F6,9,615.2130747293617
DE,F6,10,613.5332701591101
DE,F6,11,608.7223890541254
DE,F6,12,612.281398029506
DE,F6,13,619.926298290802
DE,F6,14,609.3546981795182
DE,F6,15,615.9418315826446
DE,F6,16,607.5305722742355
DE,F6,17,617.9802454576707
DE,F6,18,611.5688639319526
DE,F6,19,614.4567194860632
DE,F6,20,610.6180689618518
DE,F6,21,615.9658621846224
DE,F6,22,611.0867226544774
DE,F6,23,614.9341636974656
DE,F6,24,613.177181677599
DE,F6,25,612.056131086043
DE,F6,26,613.2163967824695
DE,F6,27,613.4416905838974
DE,F6,28,618.7581134775882
DE,F6,29,618.2835918064883
DE,F6,30,620.0691056350843
DE,F7,1,2282.9473066980026
DE,F7,2,2421.387413661108
DE,F7,3,2355.075064706749
DE,F7,4,2254.573873315608
DE,F7,5,2526.7479893261448
DE,F7,6,2414.5084807895746
DE,F7,7,2223.5447716296035
DE,F7,8,2456.7321598748713
DE,F7,9,2211.85430167622
DE,F7,10,2476.133280977088
DE,F7,11,2352.3011889663458
DE,F7,12,2494.3448505859205
DE,F7,13,2196.4262391629054
DE,F7,14,2390.021208170334
DE,F7,15,2135.556153136896
DE,F7,16,2352.0538548173713
DE,F7,17,2321.809290577285
DE,F7,18,2386.065641341657
DE,F7,19,2559.1703405699263
DE,F7,20,2391.11682974347
DE,F7,21,2122.8954087427624
DE,F7,22,2099.3802829211045
DE,F7,23,2151.298689140062
DE,F7,24,2404.5869878079416
DE,F7,25,2193.259787245309
DE,F7,26,2399.0050817354477
DE,F7,27,2267.609831240709
DE,F7,28,2062.384512040446
DE,F7,29,2117.140521858544
DE,F7,30,2543.3387271779993
DE,F8,1,1784.0967948920354
DE,F8,2,1888.5858607991142
DE,F8,3,1916.6702655316456
DE,F8,4,1781.1840301355132
DE,F8,5,1839.9955980094355
DE,F8,6,1816.247277881157
DE,F8,7,1787.262782870097
DE,F8,8,1799.8462319322305
DE,F8,9,1869.5467581089456
DE,F8,10,1742.515562791296
DE,F8,11,1840.0694114013595
DE,F8,12,1862.8761747211124
DE,F8,13,1915.7667502702213
DE,F8,14,1335.5686268452073
DE,F8,15,1876.6800055821539
DE,F8,16,1796.538709291373
DE,F8,17,1206.5882199993684
DE,F8,18,1851.5455105003155
DE,F8,19,1835.070274547021
DE,F8,20,1850.0505424458386
DE,F8,21,1826.6229757533417
DE,F8,22,1827.5186645709132
DE,F8,23,1760.7157865109782
DE,F8,24,1811.1298716359363
DE,F8,25,1863.9634148947937
DE,F8,26,1379.3535548427242
DE,F8,27,1825.3597990020112
DE,F8,28,1903.0628575228923
DE,F8,29,1899.6126352949677
DE,F8,30,1868.3921587016807
DE,F9,1,30742.039677986806
DE,F9,2,32978.779281327756
DE,F9,3,34716.95040288704
DE,F9,4,19660.545239793722
DE,F9,5,22553.354865287278
DE,F9,6,29675.09251180216
DE,F9,7,27492.926503482176
DE,F9,8,20231.766693941543
DE,F9,9,13285.923817735757
DE,F9,10,16613.80436448963
DE,F9,11,20313.775839401515
DE,F9,12,43376.230172815805
DE,F9,13,19725.83719378789
DE,F9,14,15523.54269577595
DE,F9,15,27075.795067030223
DE,F9,16,21412.06206789534
DE,F9,17,19826.010947722483
DE,F9,18,47895.52872362288
DE,F9,19,32479.543169287055
DE,F9,20,26140.788283168822
DE,F9,21,13360.307727832618
DE,F9,22,37053.438558101676
DE,F9,23,26740.55664394539
DE,F9,24,25364.992779863886
DE,F9,25,27962.032420532352
DE,F9,26,25707.148642881803
DE,F9,27,23642.593497720318
DE,F9,28,22738.782810212884
DE,F9,29,22443.961832112152
DE,F9,30,24258.363993696355
DE,F10,1,32669.813556615904
DE,F10,2,32015.561078667455
DE,F10,3,32058.21903669015
DE,F10,4,33053.99681434278
DE,F10,5,33380.44194497206
DE,F10,6,32370.300080405872
DE,F10,7,32952.19083849926
DE,F10,8,33166.74612017241
DE,F10,9,31857.763093722875
DE,F10,10,32510.113054601607
DE,F10,11,33294.35850803125
DE,F10,12,32637.118911153866
DE,F10,13,32985.5729595064
DE,F10,14,33049.324729923654
DE,F10,15,33124.23835857127
DE,F10,16,33002.378978644294
DE,F10,17,32814.73991396431
DE,F10,18,31882.071155300182
DE,F10,19,32980.593674699194
DE,F10,20,33141.185613193935
DE,F10,21,31325.09691137559
DE,F10,22,31561.208082280016
DE,F10,23,32435.01461553589
DE,F10,24,32696.637143411437
DE,F10,25,31836.8521846114
DE,F10,26,32523.129165785125
DE,F10,27,32094.973140370203
DE,F10,28,32587.808222528016
DE,F10,29,31651.175508041095
DE,F10,30,32276.64955163614
DE,F11,1,25826.935881914254
DE,F11,2,23863.651605308696
DE,F11,3,32037.670390596864
DE,F11,4,28618.815223457445
DE,F11,5,13259.375737612881
DE,F11,6,22015.430005862527
DE,F11,7,43135.33393863135
DE,F11,8,17120.14020942421
DE,F11,9,14716.08781297822
DE,F11,10,32394.122847542487
DE,F11,11,28748.07793608293
DE,F11,12,25997.934762111414
DE,F11,13,29522.25586522428
DE,F11,14,17025.562817169695
DE,F11,15,10701.967878968353
DE,F11,16,24880.032684324837
DE,F11,17,24869.044144089286
DE,F11,18,34856.25237621963
DE,F11,19,17136.14836655515
DE,F11,20,17352.206357114315
DE,F11,21,9256.154385220627
DE,F11,22,36405.553205525546
DE,F11,23,13028.905992036134
DE,F11,24,29192.119817264786
DE,F11,25,24057.17558271739
DE,F11,26,39098.05398681653
DE,F11,27,16390.357135093625
DE,F11,28,15360.50984500416
DE,F11,29,29503.04549236238
DE,F11,30,15512.265261486385
DE,F12,1,125258253.93501921
DE,F12,2,258805717.6395263
DE,F12,3,172463969.8989153
DE,F12,4,1450537083.6271653
DE,F12,5,157650435.15201044
DE,F12,6,509272891.3086788
DE,F12,7,97922799.85168502
DE,F12,8,2782413788.114821
DE,F12,9,155117267.50145376
DE,F12,10,137935793.95070747
DE,F12,11,137574451.9552712
DE,F12,12,456652086.3956543
DE,F12,13,79671750.22882001
DE,F12,14,52645058.75120442
DE,F12,15,85128298.025546
DE,F12,16,293977064.97246474
DE,F12,17,54395772.79897852
DE,F12,18,1941445461.722525
DE,F12,19,2238871054.2385893
DE,F12,20,578215906.8131032
DE,F12,21,41488092.866706625
DE,F12,22,186186628.28080794
DE,F12,23,75277541.476949
DE,F12,24,118877499.30268466
DE,F12,25,922320190.6819732
DE,F12,26,837956796.4038137
DE,F12,27,241450460.83691645
DE,F12,28,97758826.82144338
DE,F12,29,244204594.08092397
DE,F12,30,155003954.05218226
DE,F13,1,232947551.7437471
DE,F13,2,18848.466491294625
DE,F13,3,3351600.548235908
DE,F13,4,22560847.096584097
DE,F13,5,312944.5463785635
DE,F13,6,35279.07413084089
DE,F13,7,80188.85764885951
DE,F13,8,5771.614107219641
DE,F13,9,14512.053558283831
DE,F13,10,19121.622299011506
DE,F13,11,32355.04185361322
DE,F13,12,30978.013704161807
DE,F13,13,791976.4216017078
DE,F13,14,51379.73564051523
DE,F13,15,69315.05672520337
DE,F13,16,124451616.6561337
DE,F13,17,8697.305897689712
DE,F13,18,1932976.6209893425
DE,F13,19,6829.626930358811
DE,F13,20,17673915.061221458
DE,F13,21,123560.62280095414
DE,F13,22,22263.21196955855
DE,F13,23,19442.40613166314
DE,F13,24,13382.191078511085
DE,F13,25,11691.57204715619
DE,F13,26,13603.825891686945
DE,F13,27,118013.14216925713
DE,F13,28,57223.73813532475
DE,F13,29,10994.325577803545
DE,F13,30,768413191.2872
DE,F14,1,307371.38401554443
DE,F14,2,3795919.801425439
DE,F14,3,1688588.0246758673
DE,F14,4,220692.80211812048
DE,F14,5,614561.9985533644
DE,F14,6,653129.7395287727
DE,F14,7,848336.4915743483
DE,F14,8,559092.3434213893
DE,F14,9,586127.6521571706
DE,F14,10,804052.5761190137
DE,F14,11,787098.2318513548
DE,F14,12,1152048.2442387433
DE,F14,13,1602728.6876765846
DE,F14,14,796922.9958127483
DE,F14,15,518298.43900005746
DE,F14,16,1080992.3530886925
DE,F14,17,596212.974443718
DE,F14,18,1946696.2975168373
DE,F14,19,1365484.703150911
DE,F14,20,1594501.672816103
DE,F14,21,1675083.1718473977
DE,F14,22,2051044.6544914425
DE,F14,23,1286720.9556897036
DE,F14,24,1455766.7167026366
DE,F14,25,865853.9225989871
DE,F14,26,2522244.862309762
DE,F14,27,491029.7531857912
DE,F14,28,517932.3030583295
DE,F14,29,909313.1125176316
DE,F14,30,168313.9029121505
DE,F15,1,9002449.2552094
DE,F15,2,662300.681613592
DE,F15,3,3120.3086308013103
DE,F15,4,2946.8484822997475
DE,F15,5,3631606.786407856
DE,F15,6,607326.9725846263
DE,F15,7,5116.90672928082
DE,F15,8,14282.293656934276
DE,F15,9,10139.295499609745
DE,F15,10,14921.552025991283
DE,F15,11,9790.367055912815
DE,F15,12,964539.4857905515
DE,F15,13,56957.53024648711
DE,F15,14,5942.813951333455
DE,F15,15,7125.280882176484
DE,F15,16,5324.032826917331
DE,F15,17,13039.01197378476
DE,F15,18,8632.343879371794
DE,F15,19,18859.001800702306
DE,F15,20,3392.46650299301
DE,F15,21,2343.3069364126573
DE,F15,22,19344.07574093094
DE,F15,23,6198.412050312588
DE,F15,24,3842.6915369759013
DE,F15,25,4061.695982598985
DE,F15,26,27147.2054748179
DE,F15,27,5076.935072390321
DE,F15,28,2994.535027822211
DE,F15,29,6772.632872739128
DE,F15,30,27369.4932790582
DE,F16,1,9320.774760120104
DE,F16,2,10678.365025345636
DE,F16,3,9098.510158787452
DE,F16,4,10318.062011947535
DE,F16,5,9826.658733207196
DE,F16,6,9619.492218962518
DE,F16,7,9301.226596005414
DE,F16,8,9451.520900771373
DE,F16,9,10059.719840548647
DE,F16,10,10046.743160471102
DE,F16,11,10080.03638974623
DE,F16,12,10273.178871663544
DE,F16,13,10231.800655298757
DE,F16,14,9626.073644574913
DE,F16,15,10161.319287343806
DE,F16,16,10443.314029373254
DE,F16,17,9663.674860711111
DE,F16,18,10107.102324561118
DE,F16,19,10130.601211530542
DE,F16,20,10026.354511402262
DE,F16,21,10073.715809111953
DE,F16,22,9395.731851499004
DE,F16,23,9941.369307176314
DE,F16,24,9934.666876992522
DE,F16,25,10148.587197764175
DE,F16,26,9772.388988611949
DE,F16,27,10227.764359698662
DE,F16,28,10668.468995066143
DE,F16,29,5476.669786706243
DE,F16,30,9505.981260275563
DE,F17,1,8050.753052406904
DE,F17,2,7193.635542400118
DE,F17,3,4553.277354051326
DE,F17,4,7768.443798822927
DE,F17,5,6446.755954805757
DE,F17,6,6661.535458687817
DE,F17,7,7932.341516385609
DE,F17,8,7596.171700631383
DE,F17,9,5286.419297773317
DE,F17,10,7515.958447448952
DE,F17,11,8120.157381699836
DE,F17,12,6055.559704483023
DE,F17,13,4582.979712230624
DE,F17,14,7366.045792293733
DE,F17,15,7363.070278674127
DE,F17,16,7275.81626654748
DE,F17,17,6215.709195367247
DE,F17,18,7434.095078026698
DE,F17,19,7271.431332795701
DE,F17,20,6791.828131682714
DE,F17,21,8097.301213601106
DE,F17,22,7556.169175925308
DE,F17,23,6772.065344537558
DE,F17,24,7236.6250399330875
DE,F17,25,5938.775684792554
DE,F17,26,7235.670176081625
DE,F17,27,7828.35465045206
DE,F17,28,7351.204804569234
DE,F17,29,7783.059735163621
DE,F17,30,4782.824609669037
DE,F18,1,1035696.3072017609
DE,F18,2,1156410.1661325328
DE,F18,3,1085749.3351550042
DE,F18,4,1241902.4592936507
DE,F18,5,2555558.153358349
DE,F18,6,2639817.1745229196
DE,F18,7,2967423.851954417
DE,F18,8,1614676.1174013384
DE,F18,9,2317794.547361443
DE,F18,10,968819.8476798586
DE,F18,11,3178719.5302440957
DE,F18,12,3839435.271710336
DE,F18,13,2137224.229367754
DE,F18,14,3995014.6315482766
DE,F18,15,2034979.3922575132
DE,F18,16,2547080.571513532
DE,F18,17,1618231.3282919656
DE,F18,18,1743279.6294357113
DE,F18,19,1197289.520046207
DE,F18,20,1175524.2414186546
DE,F18,21,2331489.222648478
DE,F18,22,779262.9568869082
DE,F18,23,2073643.1034047257
DE,F18,24,1284256.6634930233
DE,F18,25,1786045.9021608853
DE,F18,26,9545248.828472843
DE,F18,27,2379149.7281682533
DE,F18,28,1347106.8329386946
DE,F18,29,2104642.673280413
DE,F18,30,2549550.9871730413
DE,F19,1,2542.6452392355977
DE,F19,2,18069.972143528474
DE,F19,3,6302.033645855713
DE,F19,4,129894496.63771795
DE,F19,5,8660.864349564803
DE,F19,6,10385.131807730138
DE,F19,7,4606.755896045095
DE,F19,8,3229.853712654537
DE,F19,9,7694.5732502030705
DE,F19,10,56961.22312990827
DE,F19,11,4254.515966142619
DE,F19,12,6352.646113852488
DE,F19,13,13555.129856042213
DE,F19,14,2608.2614309593573
DE,F19,15,4492.897305840268
DE,F19,16,4681.628095255219
DE,F19,17,5203.484465236219
DE,F19,18,7305.712723825097
DE,F19,19,6940.220453457607
DE,F19,20,2422.5212525113593
DE,F19,21,7465.453806775592
DE,F19,22,3776.034280904365
DE,F19,23,4481.067408657673
DE,F19,24,3784.9856710511453
DE,F19,25,12087.536987497531
DE,F19,26,6027.288913297887
DE,F19,27,5700.467062227942
DE,F19,28,12063.7324563749
DE,F19,29,2908.8758984030887
DE,F19,30,3229.519827784394
DE,F20,1,7514.6739154161
DE,F20,2,8095.039085146322
DE,F20,3,7528.172820944366
DE,F20,4,6994.236450622879
DE,F20,5,7880.170187016382
DE,F20,6,7371.40709458375
DE,F20,7,7524.975469621785
DE,F20,8,7143.83373381038
DE,F20,9,7351.0657018385555
DE,F20,10,7906.837353931846
DE,F20,11,7605.570131489557
DE,F20,12,7428.900652332737
DE,F20,13,7280.244177548571
DE,F20,14,7849.789353324965
DE,F20,15,7524.774835241818
DE,F20,16,7118.991736695133
DE,F20,17,7549.585586231915
DE,F20,18,7448.244655989828
DE,F20,19,7563.921572386547
DE,F20,20,7393.82931401585
DE,F20,21,7989.09078224433
DE,F20,22,7751.282472757405
DE,F20,23,7523.021497802459
DE,F20,24,7611.201490542127
DE,F20,25,8306.890931305938
DE,F20,26,7873.61795509333
DE,F20,27,7868.062749312823
DE,F20,28,7466.262673007642
DE,F20,29,7864.256661854674
DE,F20,30,7882.046842605188
DE,F21,1,3018.4115471190157
DE,F21,2,3360.8523508726767
DE,F21,3,3569.010111981589
DE,F21,4,3321.359518855372
DE,F21,5,3347.1615791571458
DE,F21,6,3317.941505530259
DE,F21,7,3399.0255687938766
DE,F21,8,3268.6479386371075
DE,F21,9,3425.5692641906044
DE,F21,10,3379.472961597155
DE,F21,11,3344.7742600848633
DE,F21,12,3399.7887665286858
DE,F21,13,3299.3242743515757
DE,F21,14,3037.8335115527766
DE,F21,15,3385.961431798556
DE,F21,16,3441.6192799493865
DE,F21,17,2843.470291089884
DE,F21,18,3472.9079554473446
DE,F21,19,3382.785509668479
DE,F21,20,3438.213603457556
DE,F21,21,3351.0523560802185
DE,F21,22,3542.9833522626595
DE,F21,23,3254.804920915016
DE,F21,24,3279.532017608433
DE,F21,25,3450.0119995335226
DE,F21,26,3384.8848465518145
DE,F21,27,3373.805235317953
DE,F21,28,3392.5402012774593
DE,F21,29,3323.6818328759455
DE,F21,30,3380.4966744561125
DE,F22,1,34900.16078953515
DE,F22,2,34697.9544187149
DE,F22,3,33070.73235716662
DE,F22,4,35029.219808013455
DE,F22,5,34219.00707894487
DE,F22,6,35311.418323765974
DE,F22,7,34645.34755254228
DE,F22,8,33606.93502730572
DE,F22,9,34331.06699313605
DE,F22,10,34807.38820490078
DE,F22,11,34823.161978968375
DE,F22,12,35047.9696087222
DE,F22,13,33276.39665579834
DE,F22,14,34407.689825779584
DE,F22,15,35023.67674620584
DE,F22,16,34297.824156192364
DE,F22,17,34861.887996249745
DE,F22,18,35510.616491819266
DE,F22,19,34021.68987170642
DE,F22,20,34922.122695356346
DE,F22,21,34656.825224709246
DE,F22,22,34896.703962145286
DE,F22,23,33140.18550986954
DE,F22,24,34541.181602132725
DE,F22,25,35115.25520336612
DE,F22,26,34723.54561826575
DE,F22,27,33751.77810525748
DE,F22,28,34514.80423651647
DE,F22,29,33966.01976818357
DE,F22,30,35047.75746191865
DE,F23,1,3458.882856630179
DE,F23,2,3547.544815393189
DE,F23,3,3278.985940755848
DE,F23,4,3186.91776843995
DE,F23,5,3488.144368505372
DE,F23,6,3349.3486339263536
DE,F23,7,3383.966868785708
DE,F23,8,3429.9800299009594
DE,F23,9,3589.03995754909
DE,F23,10,3615.5364806998396
DE,F23,11,3425.5245868351753
DE,F23,12,3291.4412591433884
DE,F23,13,3273.937476828529
DE,F23,14,3328.2509307336322
DE,F23,15,3351.101735378053
DE,F23,16,3356.747660861575
DE,F23,17,3396.5682455224805
DE,F23,18,3347.5759439573894
DE,F23,19,3470.9974161082373
DE,F23,20,3263.411574667135
DE,F23,21,3414.0976183456423
DE,F23,22,3297.4216265702303
DE,F23,23,3336.0177124329266
DE,F23,24,3237.3347935601487
DE,F23,25,3451.818873878028
DE,F23,26,3333.561681945218
DE,F23,27,3228.5796723482877
DE,F23,28,3355.1637515745115
DE,F23,29,3274.5628648075335
DE,F23,30,3395.4959355105284
DE,F24,1,4052.7295737760405
DE,F24,2,4246.761448603864
DE,F24,3,3983.856341873505
DE,F24,4,3695.2736644333645
DE,F24,5,4324.059713041359
DE,F24,6,3745.01487794518
DE,F24,7,4921.72515708267
DE,F24,8,4051.8543862064153
DE,F24,9,3908.09370860777
DE,F24,10,4634.7283106331415
DE,F24,11,4134.682127274952
DE,F24,12,4056.377167574701
DE,F24,13,4056.402108939087
DE,F24,14,4381.212745861087
DE,F24,15,3752.962395164941
DE,F24,16,3803.0033637374286
DE,F24,17,3859.1662778993787
DE,F24,18,3864.2286851157633
DE,F24,19,3967.4443420831067
DE,F24,20,4129.422551206531
DE,F24,21,4278.222135483309
DE,F24,22,4386.0478569282195
DE,F24,23,3906.69331550256
DE,F24,24,4037.9971069986395
DE,F24,25,3975.3663671414324
DE,F24,26,4066.08155543889
DE,F24,27,3957.13366809881
DE,F24,28,4414.2932310971455
DE,F24,29,3766.761284893153
DE,F24,30,3835.171762190411
DE,F25,1,3867.2425018973636
DE,F25,2,3997.6209655040584
DE,F25,3,3999.560307073795
DE,F25,4,4347.720841754821
DE,F25,5,4038.8185313524386
DE,F25,6,4561.854401613133
DE,F25,7,4091.9470040189326
DE,F25,8,3976.822817366501
DE,F25,9,3977.45671310135
DE,F25,10,3802.1276490733617
DE,F25,11,4430.315947686821
DE,F25,12,3961.6869895256714
DE,F25,13,3788.069630345131
DE,F25,14,4995.131949717163
DE,F25,15,4274.243123819124
DE,F25,16,4593.435551563505
DE,F25,17,4243.5424834588985
DE,F25,18,4624.547890129641
DE,F25,19,4207.571191660407
DE,F25,20,3954.275558353589
DE,F25,21,4091.5688705926877
DE,F25,22,4017.8387636848784
DE,F25,23,4320.21442545613
DE,F25,24,3984.535493908893
DE,F25,25,3965.20719144916
DE,F25,26,5223.041369979869
DE,F25,27,3801.5179832235126
DE,F25,28,4055.1608201906583
DE,F25,29,3847.41258590869
DE,F25,30,3900.255826720383
DE,F26,1,11188.714787169965
DE,F26,2,11593.267648907042
DE,F26,3,14246.693517973403
DE,F26,4,14266.712633759133
DE,F26,5,11205.493753529123
DE,F26,6,14578.379885698021
DE,F26,7,13950.75656718021
DE,F26,8,13197.635229036896
DE,F26,9,10804.395532280852
DE,F26,10,12692.38407827693
DE,F26,11,11330.909490242084
DE,F26,12,11522.483101404143
DE,F26,13,10097.908277613817
DE,F26,14,13570.788301376899
DE,F26,15,12549.849227455514
DE,F26,16,12447.282945791882
DE,F26,17,13629.997633772095
DE,F26,18,13635.963165228266
DE,F26,19,13474.50826462674
DE,F26,20,11073.038759515888
DE,F26,21,12730.791696732693
DE,F26,22,11607.714066244473
DE,F26,23,12054.233020446449
DE,F26,24,10904.445522239257
DE,F26,25,14904.069099477023
DE,F26,26,10712.881696074677
DE,F26,27,10672.886357226349
DE,F26,28,11288.077635179101
DE,F26,29,11483.83236137961
DE,F26,30,12703.703360300133
DE,F27,1,3620.3689105646836
DE,F27,2,3550.161395814607
DE,F27,3,3781.4161717846164
DE,F27,4,3713.3799565799573
DE,F27,5,3568.578154350877
DE,F27,6,3640.4267571400333
DE,F27,7,3523.2413323268015
DE,F27,8,3597.7683589965704
DE,F27,9,3701.4155551980084
DE,F27,10,3540.053689169222
DE,F27,11,3529.030749168403
DE,F27,12,3600.756261842065
DE,F27,13,3619.0969663595124
DE,F27,14,3579.0718277147544
DE,F27,15,3610.014195078642
DE,F27,16,3514.9098072033344
DE,F27,17,3629.409838925199
DE,F27,18,3655.2853474745925
DE,F27,19,3699.3612580099857
DE,F27,20,3872.190214036286
DE,F27,21,3618.200371754243
DE,F27,22,3618.660311026875
DE,F27,23,3779.665875855662
DE,F27,24,3552.939606302426
DE,F27,25,3673.4470798648026
DE,F27,26,3612.4058345450235
DE,F27,27,3716.712859919813
DE,F27,28,3640.221777765908
DE,F27,29,3634.871044270183
DE,F27,30,3450.97475741696
DE,F28,1,6278.961149038565
DE,F28,2,4493.41459448308
DE,F28,3,4483.172819738824
DE,F28,4,6296.953981930637
DE,F28,5,5005.623979950735
DE,F28,6,6493.519257987
DE,F28,7,5444.494403958486
DE,F28,8,5421.465620869197
DE,F28,9,5722.001888605322
DE,F28,10,5829.49320262792
DE,F28,11,4937.348288904936
DE,F28,12,3809.465785126118
DE,F28,13,4608.470472852378
DE,F28,14,4059.4765917751943
DE,F28,15,8548.197002716122
DE,F28,16,5063.957494439672
DE,F28,17,4407.889906557218
DE,F28,18,4983.702291558266
DE,F28,19,5272.3299527731915
DE,F28,20,4806.783366814747
DE,F28,21,7234.167562391449
DE,F28,22,5138.480178419857
DE,F28,23,6305.213941507954
DE,F28,24,6126.681425556753
DE,F28,25,4994.874261761706
DE,F28,26,5626.807002617386
DE,F28,27,4595.691694602714
DE,F28,28,6801.601444295718
DE,F28,29,7236.379989634619
DE,F28,30,7208.311654573587
DE,F29,1,6140.473335617178
DE,F29,2,5637.0379609875
DE,F29,3,6007.476443604164
DE,F29,4,6242.083809683234
DE,F29,5,6454.541622435475
DE,F29,6,6304.110463726061
DE,F29,7,6631.186349467139
DE,F29,8,6006.232295777239
DE,F29,9,6406.308839666895
DE,F29,10,5988.31235782257
DE,F29,11,5426.018044263112
DE,F29,12,9035.734119844186
DE,F29,13,6578.155023279809
DE,F29,14,6289.219211784684
DE,F29,15,5725.125978452814
DE,F29,16,8880.604112183351
DE,F29,17,5785.280837783752
DE,F29,18,9613.057225086284
DE,F29,19,5834.225497051565
DE,F29,20,9772.93245550155
DE,F29,21,5442.383613959883
DE,F29,22,6208.225635594907
DE,F29,23,7995.5957482443955
DE,F29,24,6297.0089468326405
DE,F29,25,7470.584995383713
DE,F29,26,5660.750554229588
DE,F29,27,10656.531539402917
DE,F29,28,5614.77375721221
DE,F29,29,6798.794145339663
DE,F29,30,9943.028001747083
DE,F30,1,753674.6383267547
DE,F30,2,41981890.993823275
DE,F30,3,144429.6645614199
DE,F30,4,137611.52722253397
DE,F30,5,122381.43195807467
DE,F30,6,345569.4698022659
DE,F30,7,87961.52314337224
DE,F30,8,720290.3143533836
DE,F30,9,48062849.57034204
DE,F30,10,87984.82719708518
DE,F30,11,498683.8827123498
DE,F30,12,234284442.63408402
DE,F30,13,522308.1706030776
DE,F30,14,132638.06542226492
DE,F30,15,165679.72559710627
DE,F30,16,61831.70170832999
DE,F30,17,609261.6230470843
DE,F30,18,3328617.5982905496
DE,F30,19,149164.08177935018
DE,F30,20,100690.98885883327
DE,F30,21,54389.71214934358
DE,F30,22,97029.52812652476
DE,F30,23,288277.3802698326
DE,F30,24,287564.5820372821
DE,F30,25,18842866.129656147
DE,F30,26,256580.13685669942
DE,F30,27,927153.4998094589
DE,F30,28,153887.04779077895
DE,F30,29,36379.54770917475
DE,F30,30,235926.2816718985
ABC,F1,1,74613458687.72874
ABC,F1,2,85993597143.37372
ABC,F1,3,100039367219.57407
ABC,F1,4,93145396396.97278
ABC,F1,5,79716067560.46794
ABC,F1,6,69231783935.33916
ABC,F1,7,82065417348.20665
ABC,F1,8,86978982913.95633
ABC,F1,9,84643699561.67075
ABC,F1,10,72248921445.81664
ABC,F1,11,82239651270.30064
ABC,F1,12,81744937792.89372
ABC,F1,13,95279005488.6709
ABC,F1,14,69137936102.46674
ABC,F1,15,84899873214.58551
ABC,F1,16,85198209215.33916
ABC,F1,17,71959312722.95512
ABC,F1,18,83218581917.31181
ABC,F1,19,76476377436.17816
ABC,F1,20,81381040347.12787
ABC,F1,21,78546765253.41852
ABC,F1,22,77232675018.09808
ABC,F1,23,86339724130.36153
ABC,F1,24,88438654057.68274
ABC,F1,25,77054916771.22319
ABC,F1,26,87754221177.41165
ABC,F1,27,83258127834.7545
ABC,F1,28,90354738043.08507
ABC,F1,29,78681775430.5587
ABC,F1,30,77906999404.18196
ABC,F3,1,988281.6303921916
ABC,F3,2,795866.4274031011
ABC,F3,3,844219.2667118798
ABC,F3,4,952840.548447707
ABC,F3,5,918276.6240810686
ABC,F3,6,718443.1714012212
ABC,F3,7,861245.815505489
ABC,F3,8,797782.5648911424
ABC,F3,9,983090.898606541
ABC,F3,10,845364.104591461
ABC,F3,11,921011.769616761
ABC,F3,12,933426.5012703411
ABC,F3,13,863254.2868695915
ABC,F3,14,870432.9968383673
ABC,F3,15,936791.192040162
ABC,F3,16,804844.2990764393
ABC,F3,17,703370.9476896205
ABC,F3,18,912675.7211739033
ABC,F3,19,841532.5535680815
ABC,F3,20,896742.3576013808
ABC,F3,21,788843.633051042
ABC,F3,22,792141.67331563
ABC,F3,23,904324.3683069643
ABC,F3,24,847340.2121490232
ABC,F3,25,907322.8978803352
ABC,F3,26,832263.8139047138
ABC,F3,27,862570.8208756949
ABC,F3,28,899355.0664123637
ABC,F3,29,757747.5048916881
ABC,F3,30,915160.6913998942
ABC,F4,1,13430.198880919985
ABC,F4,2,12920.586193280058
ABC,F4,3,9025.437967686788
ABC,F4,4,13019.411245328785
ABC,F4,5,15748.773899345715
ABC,F4,6,13539.397828927678
ABC,F4,7,13766.128948012389
ABC,F4,8,10706.533467841218
ABC,F4,9,14134.125535007648
ABC,F4,10,14226.008402630463
ABC,F4,11,13614.709243043551
ABC,F4,12,11760.459152343346
ABC,F4,13,6087.312276177316
ABC,F4,14,11187.92778781114
ABC,F4,15,10125.596719288249
ABC,F4,16,9927.829355373997
ABC,F4,17,14854.851494567349
ABC,F4,18,14887.153654698297
ABC,F4,19,11865.647683194518
ABC,F4,20,9806.235987283064
ABC,F4,21,12939.497879737093
ABC,F4,22,11472.532132838434
ABC,F4,23,10006.835878043781
ABC,F4,24,10212.482549147651
ABC,F4,25,11607.336850437283
ABC,F4,26,14378.385686888745
ABC,F4,27,12875.462239963992
ABC,F4,28,12250.647124751033
ABC,F4,29,9951.957462443475
ABC,F4,30,9567.38462606347
ABC,F5,1,1717.4875378931615
ABC,F5,2,1811.92404824921
ABC,F5,3,1804.7658225458647
ABC,F5,4,1862.09798052736
ABC,F5,5,1822.4569336212967
ABC,F5,6,1824.9057531411736
ABC,F5,7,1835.0424890511526
ABC,F5,8,1845.1666048707534
ABC,F5,9,1831.7056925232057
ABC,F5,10,1821.819936343628
ABC,F5,11,1865.3192099606451
ABC,F5,12,1769.481082294052
ABC,F5,13,1785.5625286490485
ABC,F5,14,1764.5498884244462
ABC,F5,15,1787.0512734477898
ABC,F5,16,1800.9187589459564
ABC,F5,17,1860.1746665467329
ABC,F5,18,1805.9679929990293
ABC,F5,19,1795.0534394824497
ABC,F5,20,1816.6465975358003
ABC,F5,21,1777.8041189318774
ABC,F5,22,1800.4425802726141
ABC,F5,23,1738.0060084853078
ABC,F5,24,1833.6367682767648
ABC,F5,25,1801.935348374241
ABC,F5,26,1843.4026314602527
ABC,F5,27,1845.591308238066
ABC,F5,28,1781.9638976047552
ABC,F5,29,1858.909030163535
ABC,F5,30,1766.5131715559592
ABC,F6,1,663.3547990764583
ABC,F6,2,665.7460563907525
ABC,F6,3,666.1494288542528
ABC,F6,4,661.7549443369414
ABC,F6,5,658.103427378461
ABC,F6,6,663.8722948633359
ABC,F6,7,662.2329212937553
ABC,F6,8,666.2217571342635
ABC,F6,9,664.496944043798
ABC,F6,10,664.7432791434305
ABC,F6,11,663.9778646655795
ABC,F6,12,665.7500455218249
ABC,F6,13,662.4046042085959
ABC,F6,14,658.5365843779961
ABC,F6,15,669.6613380953409
ABC,F6,16,667.9344902983303
ABC,F6,17,663.2366959581007
ABC,F6,18,667.4449209551724
ABC,F6,19,664.163254219161
ABC,F6,20,667.0963224085699
ABC,F6,21,668.1291142172744
ABC,F6,22,673.4395638034781
ABC,F6,23,667.3128328029464
ABC,F6,24,658.6745196424996
ABC,F6,25,673.1750336546455
ABC,F6,26,659.9167209240051
ABC,F6,27,663.8217495530175
ABC,F6,28,674.6598149535047
ABC,F6,29,662.037387517803
ABC,F6,30,662.9100869228142
ABC,F7,1,4079.954466022172
ABC,F7,2,4849.185400225453
ABC,F7,3,4256.912810408698
ABC,F7,4,4608.9763759253365
ABC,F7,5,4369.460687783383
ABC,F7,6,4426.47793338244
ABC,F7,7,4766.717289700508
ABC,F7,8,4657.334915546654
ABC,F7,9,4701.555880634013
ABC,F7,10,4370.599193711261
ABC,F7,11,4302.169179390784
ABC,F7,12,4524.71239495262
ABC,F7,13,4599.42208194725
ABC,F7,14,4197.927745376732
ABC,F7,15,4835.702746577732
ABC,F7,16,4358.777359613536
ABC,F7,17,4725.149458818749
ABC,F7,18,4526.512911821051
ABC,F7,19,4283.778383095252
ABC,F7,20,4435.120224116516
ABC,F7,21,4065.177913855733
ABC,F7,22,4586.520220883025
ABC,F7,23,4529.393945968695
ABC,F7,24,4262.883489068068
ABC,F7,25,4484.000662048584
ABC,F7,26,4626.687860899053
ABC,F7,27,4193.421840122626
ABC,F7,28,4547.852981390899
ABC,F7,29,4420.4877414833245
ABC,F7,30,4708.956641840416
ABC,F8,1,2083.6680664374553
ABC,F8,2,2143.8407042984436
ABC,F8,3,2070.726922846255
ABC,F8,4,2121.089096266496
ABC,F8,5,2162.064821269306
ABC,F8,6,2088.597144479162
ABC,F8,7,2092.212662241025
ABC,F8,8,2039.9796179302805
ABC,F8,9,2073.5204667564476
ABC,F8,10,2079.2494985249414
ABC,F8,11,2074.805387856444
ABC,F8,12,2162.2305950231676
ABC,F8,13,2176.9780765361825
ABC,F8,14,2090.9317599382366
ABC,F8,15,2092.1461171852116
ABC,F8,16,2125.865341308864
ABC,F8,17,2072.8507818412363
ABC,F8,18,2054.529321151666
ABC,F8,19,2165.5457736063127
ABC,F8,20,2011.115959599402
ABC,F8,21,2151.668044641214
ABC,F8,22,2091.1583654222286
ABC,F8,23,2149.2611786860775
ABC,F8,24,2106.456499210274
ABC,F8,25,2155.162606522229
ABC,F8,26,2102.8114069055882
ABC,F8,27,2134.272975302957
ABC,F8,28,2095.5232116912293
ABC,F8,29,2137.077850933963
ABC,F8,30,2148.9517651318533
ABC,F9,1,71576.67677034636
ABC,F9,2,81318.71949003423
ABC,F9,3,71965.68908557227
ABC,F9,4,59594.63381545716
ABC,F9,5,83777.50694545703
ABC,F9,6,74298.91707168522
ABC,F9,7,79455.28888194764
ABC,F9,8,84615.30828015409
ABC,F9,9,79923.2416984786
ABC,F9,10,81141.88331093386
ABC,F9,11,61768.26498647476
ABC,F9,12,78749.37378627309
ABC,F9,13,68618.6604927197
ABC,F9,14,77622.78433963117
ABC,F9,15,81238.33318948641
ABC,F9,16,64775.33073496044
ABC,F9,17,82884.30784871546
ABC,F9,18,75571.45110098399
ABC,F9,19,73769.17106529833
ABC,F9,20,84598.13390895583
ABC,F9,21,70918.51350912264
ABC,F9,22,68975.60952305251
ABC,F9,23,70597.51031593989
ABC,F9,24,67666.09370040533
ABC,F9,25,78366.58549746528
ABC,F9,26,77287.4110305338
ABC,F9,27,76697.12927740336
ABC,F9,28,77239.5603557132
ABC,F9,29,84365.27599079492
ABC,F9,30,75369.18345380088
ABC,F10,1,33320.7579065867
ABC,F10,2,32584.26904209714
ABC,F10,3,33528.64282911964
ABC,F10,4,33427.65425349856
ABC,F10,5,32853.44525657713
ABC,F10,6,31882.19706705192
ABC,F10,7,32153.43018293115
ABC,F10,8,32820.30014359836
ABC,F10,9,32770.346843840984
ABC,F10,10,32480.042027053205
ABC,F10,11,32223.246259625987
ABC,F10,12,32808.39998719637
ABC,F10,13,32344.59318699443
ABC,F10,14,33111.05036255967
ABC,F10,15,33519.947619054314
ABC,F10,16,31662.18503939906
ABC,F10,17,32184.893229043206
ABC,F10,18,32987.10910953586
ABC,F10,19,33087.24490919222
ABC,F10,20,33207.7181488213
ABC,F10,21,33413.734430524746
ABC,F10,22,32883.347088181654
ABC,F10,23,31924.93117497796
ABC,F10,24,33632.57450996968
ABC,F10,25,32461.132272825576
ABC,F10,26,32894.422105139376
ABC,F10,27,33197.258053518395
ABC,F10,28,32997.84543987888
ABC,F10,29,31878.903528614992
ABC,F10,30,32746.550177327546
ABC,F11,1,296612.75659209536
ABC,F11,2,290093.8973841551
ABC,F11,3,229703.8040132495
ABC,F11,4,293616.14910654264
ABC,F11,5,225233.09153301117
ABC,F11,6,227914.53077792004
ABC,F11,7,303694.5601438426
ABC,F11,8,212443.98488246638
ABC,F11,9,270258.58778545464
ABC,F11,10,309184.7720786914
ABC,F11,11,243896.80201881897
ABC,F11,12,262697.34718882595
ABC,F11,13,319065.9109457352
ABC,F11,14,285710.11675329204
ABC,F11,15,302018.3749134891
ABC,F11,16,283042.743694606
ABC,F11,17,236187.84922138375
ABC,F11,18,288076.1570454477
ABC,F11,19,305838.73582833284
ABC,F11,20,302050.2876182869
ABC,F11,21,292868.13083061
ABC,F11,22,316788.6534295432
ABC,F11,23,369080.40826664126
ABC,F11,24,244975.21010529177
ABC,F11,25,335818.5734449168
ABC,F11,26,283996.64217649715
ABC,F11,27,266621.11645736615
ABC,F11,28,332442.17445309414
ABC,F11,29,235036.42469007344
ABC,F11,30,327837.20415235707
ABC,F12,1,11313031244.021233
ABC,F12,2,12405977587.937925
ABC,F12,3,9488136812.664202
ABC,F12,4,11062854945.744707
ABC,F12,5,12132995626.662735
ABC,F12,6,13781323839.404938
ABC,F12,7,11023660308.265081
ABC,F12,8,8723838394.004625
ABC,F12,9,11676648891.074137
ABC,F12,10,10337787020.936474
ABC,F12,11,11610366269.133503
ABC,F12,12,11163135115.51315
ABC,F12,13,8640906166.749304
ABC,F12,14,12717586290.977676
ABC,F12,15,9544146055.986828
ABC,F12,16,13114785393.519331
ABC,F12,17,11055084106.14061
ABC,F12,18,8376215912.73155
ABC,F12,19,11677118031.392416
ABC,F12,20,11519109747.006542
ABC,F12,21,13774172472.973295
ABC,F12,22,10172971298.149626
ABC,F12,23,10575697233.545519
ABC,F12,24,12295559773.907492
ABC,F12,25,10299929993.60561
ABC,F12,26,11305693228.864086
ABC,F12,27,11938729908.24501
ABC,F12,28,8670503787.098675
ABC,F12,29,10603040982.203678
ABC,F12,30,9765740073.823858
ABC,F13,1,6079072.13852153
ABC,F13,2,1912772.9316243816
ABC,F13,3,4742713.691414693
ABC,F13,4,3018389.9040573104
ABC,F13,5,5228267.418767587
ABC,F13,6,2048589.3285119766
ABC,F13,7,2627957.636722611
ABC,F13,8,1686611.9681325716
ABC,F13,9,4104339.0704646655
ABC,F13,10,2907806.7376107615
ABC,F13,11,2953869.529617818
ABC,F13,12,3386341.7868234827
ABC,F13,13,952992.6024994918
ABC,F13,14,4548579.571639297
ABC,F13,15,4647898.383575406
ABC,F13,16,2318680.6306848507
ABC,F13,17,3872471.3769217487
ABC,F13,18,1997625.7794039287
ABC,F13,19,2371462.4785801866
ABC,F13,20,4146900.967490826
ABC,F13,21,2222364.7706291853
ABC,F13,22,3419078.7373361574
ABC,F13,23,3423723.7528563794
ABC,F13,24,3377816.626121668
ABC,F13,25,3696306.5582315843
ABC,F13,26,3100056.9996639295
ABC,F13,27,1672732.7698168473
ABC,F13,28,2285723.264559815
ABC,F13,29,5182852.689351348
ABC,F13,30,1101442.1559865952
ABC,F14,1,72270321.8120545
ABC,F14,2,72106479.00363044
ABC,F14,3,76389144.72330105
ABC,F14,4,68188233.78611115
ABC,F14,5,43167962.44330147
ABC,F14,6,61335980.654461734
ABC,F14,7,77225941.65808317
ABC,F14,8,44928524.382001914
ABC,F14,9,80395562.2966503
ABC,F14,10,65977679.681635
ABC,F14,11,34480849.51090296
ABC,F14,12,75972071.13313319
ABC,F14,13,92851090.06786624
ABC,F14,14,41190950.70591773
ABC,F14,15,77240577.75529881
ABC,F14,16,54557636.88609444
ABC,F14,17,27553673.48607645
ABC,F14,18,60500401.94539363
ABC,F14,19,58878503.09107273
ABC,F14,20,47946993.924929395
ABC,F14,21,48955958.75286292
ABC,F14,22,28580834.28737164
ABC,F14,23,71711246.90075596
ABC,F14,24,53924006.31826651
ABC,F14,25,55210932.79684902
ABC,F14,26,54875931.87923424
ABC,F14,27,17650221.90184294
ABC,F14,28,60755676.29505248
ABC,F14,29,54858877.69913216
ABC,F14,30,64649039.729614794
ABC,F15,1,20335.506957584377
ABC,F15,2,12467.497025855304
ABC,F15,3,9614.49598720326
ABC,F15,4,68606.95104161251
ABC,F15,5,11669.01812928545
ABC,F15,6,11141.82045872268
ABC,F15,7,31921.966112318667
ABC,F15,8,12038.229066543487
ABC,F15,9,280024.0071109299
ABC,F15,10,16301.09406444853
ABC,F15,11,15041.027704268938
ABC,F15,12,23929.686716034754
ABC,F15,13,17599.868836823098
ABC,F15,14,15583.605151742951
ABC,F15,15,13726.042264755899
ABC,F15,16,44733.206923622114
ABC,F15,17,17808.272229069382
ABC,F15,18,10864.205401850391
ABC,F15,19,28092.625191168874
ABC,F15,20,20345.123490056485
ABC,F15,21,9814.63230806178
ABC,F15,22,40496.541594806724
ABC,F15,23,10932.805482322285
ABC,F15,24,18631.213566381728
ABC,F15,25,17425.510041002795
ABC,F15,26,13147.438180641595
ABC,F15,27,10168.233658197572
ABC,F15,28,11738.275062128578
ABC,F15,29,19441.37256681908
ABC,F15,30,26050.45589108447
ABC,F16,1,11175.102290031326
ABC,F16,2,11159.624296308093
ABC,F16,3,11405.647688371548
ABC,F16,4,10968.950007651449
ABC,F16,5,11307.990849637368
ABC,F16,6,11240.220559664966
ABC,F16,7,11886.899881288115
ABC,F16,8,11573.197494362612
ABC,F16,9,11006.70864404441
ABC,F16,10,11230.735594300986
ABC,F16,11,10678.889667118809
ABC,F16,12,11627.051987182911
ABC,F16,13,11732.19091903809
ABC,F16,14,11856.433847136064
ABC,F16,15,11078.624062864224
ABC,F16,16,11427.698674089443
ABC,F16,17,11189.675392314699
ABC,F16,18,11729.026112303834
ABC,F16,19,11271.91998518479
ABC,F16,20,11857.848356640421
ABC,F16,21,11697.85043391481
ABC,F16,22,11831.390707143426
ABC,F16,23,11697.058719339184
ABC,F16,24,11218.054955137693
ABC,F16,25,11160.867236270387
ABC,F16,26,11553.492451121188
ABC,F16,27,11381.247246013765
ABC,F16,28,11797.078255605462
ABC,F16,29,11456.870318237516
ABC,F16,30,12334.776523002147
ABC,F17,1,8056.7867277889245
ABC,F17,2,8031.697532287828
ABC,F17,3,8477.838687648707
ABC,F17,4,8316.441758554483
ABC,F17,5,8737.78039283173
ABC,F17,6,8508.837592458862
ABC,F17,7,8297.188298299894
ABC,F17,8,8243.235577076959
ABC,F17,9,8424.229812380818
ABC,F17,10,8846.114457168636
ABC,F17,11,7587.6247703489935
ABC,F17,12,8396.60153239721
ABC,F17,13,8148.056123630189
ABC,F17,14,8150.555407352283
ABC,F17,15,8600.231537678374
ABC,F17,16,8578.479272989363
ABC,F17,17,8703.823608483122
ABC,F17,18,8349.953412821647
ABC,F17,19,7335.244764899542
ABC,F17,20,8165.743475152599
ABC,F17,21,7980.411647926524
ABC,F17,22,8437.125241559093
ABC,F17,23,8272.104349233621
ABC,F17,24,8221.668299436067
ABC,F17,25,8562.565082337584
ABC,F17,26,8618.1700492739
ABC,F17,27,8226.39668815714
ABC,F17,28,8109.8205170985475
ABC,F17,29,8629.749797745291
ABC,F17,30,7764.486685748041
ABC,F18,1,81130411.94449945
ABC,F18,2,98821660.82456015
ABC,F18,3,123080432.52022444
ABC,F18,4,99703085.10643822
ABC,F18,5,131228772.727314
ABC,F18,6,136435380.10817224
ABC,F18,7,93397893.0138158
ABC,F18,8,123117651.66155012
ABC,F18,9,108148070.02436657
ABC,F18,10,68576357.44958854
ABC,F18,11,47987778.81903569
ABC,F18,12,127664889.87938836
ABC,F18,13,52498259.95854593
ABC,F18,14,70177380.47705244
ABC,F18,15,143346752.68749335
ABC,F18,16,157631819.39997843
ABC,F18,17,128718332.59197058
ABC,F18,18,90733333.9846726
ABC,F18,19,123733486.69824626
ABC,F18,20,111873661.26742269
ABC,F18,21,153333934.24247146
ABC,F18,22,128128110.41773283
ABC,F18,23,50286808.41065963
ABC,F18,24,114460221.27563977
ABC,F18,25,122607060.51691012
ABC,F18,26,139196174.6996986
ABC,F18,27,160913371.9163079
ABC,F18,28,83261447.8475523
ABC,F18,29,90652870.0080725
ABC,F18,30,75012852.73346579
ABC,F19,1,348886.6289724877
ABC,F19,2,210571.46168412003
ABC,F19,3,151486.20007773026
ABC,F19,4,516606.56732648454
ABC,F19,5,428670.29356323
ABC,F19,6,236241.96765884964
ABC,F19,7,133159.9788569532
ABC,F19,8,218443.20188929993
ABC,F19,9,889064.1899546079
ABC,F19,10,348662.0400898089
ABC,F19,11,85692.41289438873
ABC,F19,12,531079.26167765
ABC,F19,13,146811.77955409806
ABC,F19,14,145773.9640931137
ABC,F19,15,129176.15734846584
ABC,F19,16,238387.04873177313
ABC,F19,17,148944.8978995975
ABC,F19,18,215261.9423730471
ABC,F19,19,99788.00674501114
ABC,F19,20,91906.01532881598
ABC,F19,21,256452.04464215352
ABC,F19,22,219264.20385935504
ABC,F19,23,221016.51376225904
ABC,F19,24,295907.0888642691
ABC,F19,25,332004.5439536109
ABC,F19,26,358557.4862723854
ABC,F19,27,296309.80429290084
ABC,F19,28,160794.70252222617
ABC,F19,29,268526.248420088
ABC,F19,30,157504.50877881685
ABC,F20,1,7836.787025260101
ABC,F20,2,8181.692338357456
ABC,F20,3,8355.834657658932
ABC,F20,4,7777.771964192745
ABC,F20,5,7861.998606896814
ABC,F20,6,8022.38885523097
ABC,F20,7,7989.3676880713965
ABC,F20,8,8070.635349403082
ABC,F20,9,7924.659732507999
ABC,F20,10,7606.164527908621
ABC,F20,11,7449.154263313587
ABC,F20,12,8047.874193125288
ABC,F20,13,7439.206000712611
ABC,F20,14,7726.761609047668
ABC,F20,15,7709.2984662066265
ABC,F20,16,8066.805215830544
ABC,F20,17,7831.101959634743
ABC,F20,18,7541.75741526873
ABC,F20,19,8109.700345320006
ABC,F20,20,8245.34232673336
ABC,F20,21,8091.028184223574
ABC,F20,22,7975.9775714912985
ABC,F20,23,7943.38890799563
ABC,F20,24,7884.310511717197
ABC,F20,25,8056.0740702943895
ABC,F20,26,8323.01829507155
ABC,F20,27,7748.028658216053
ABC,F20,28,7869.675125921895
ABC,F20,29,7146.727009852113
ABC,F20,30,7497.473533020035
ABC,F21,1,3627.686494086568
ABC,F21,2,3613.4750467410936
ABC,F21,3,3578.7179319021125
ABC,F21,4,3605.7514773016514
ABC,F21,5,3682.052926669489
ABC,F21,6,3631.529555726299
ABC,F21,7,3616.974760311011
ABC,F21,8,3641.777620245857
ABC,F21,9,3617.187108058988
ABC,F21,10,3736.7158097483143
ABC,F21,11,3630.120569014074
ABC,F21,12,3605.4070255131705
ABC,F21,13,3663.7254689679985
ABC,F21,14,3606.329821451379
ABC,F21,15,3573.3259804773706
ABC,F21,16,3674.6064869132924
ABC,F21,17,3636.2052003604094
ABC,F21,18,3675.1618341790595
ABC,F21,19,3677.398573302391
ABC,F21,20,3634.9134225487087
ABC,F21,21,3618.17931156645
ABC,F21,22,3588.959063342318
ABC,F21,23,3565.7963414763053
ABC,F21,24,3619.385691133151
ABC,F21,25,3598.6225440493836
ABC,F21,26,3631.800676844259
ABC,F21,27,3606.4256411792053
ABC,F21,28,3685.291938131506
ABC,F21,29,3632.8189723024825
ABC,F21,30,3606.776861933057
ABC,F22,1,34803.390214754974
ABC,F22,2,34949.136204150724
ABC,F22,3,35309.25884512547
ABC,F22,4,34969.196441831606
ABC,F22,5,35493.4633559099
ABC,F22,6,34615.10709165345
ABC,F22,7,35876.358304330686
ABC,F22,8,35287.674062921455
ABC,F22,9,33684.392763501004
ABC,F22,10,35230.922822571876
ABC,F22,11,34316.603530518056
ABC,F22,12,34490.05870056255
ABC,F22,13,34563.37258839067
ABC,F22,14,34800.71533169996
ABC,F22,15,33908.514404221714
ABC,F22,16,35164.48490874822
ABC,F22,17,34064.369027741996
ABC,F22,18,34817.020919944654
ABC,F22,19,34719.64387500122
ABC,F22,20,35990.78381328628
ABC,F22,21,35106.52115315364
ABC,F22,22,35311.4808624466
ABC,F22,23,35463.36468917368
ABC,F22,24,34887.256309190205
ABC,F22,25,35098.89535648439
ABC,F22,26,35079.62387300539
ABC,F22,27,35073.76363109169
ABC,F22,28,34857.22859220028
ABC,F22,29,35180.556937170644
ABC,F22,30,35057.66454620897
ABC,F23,1,4052.6232609843596
ABC,F23,2,4063.9635100627333
ABC,F23,3,4088.2812334093037
ABC,F23,4,4075.510956414893
ABC,F23,5,4058.0323957824835
ABC,F23,6,4085.298687246589
ABC,F23,7,3971.864879876236
ABC,F23,8,4030.4788882170396
ABC,F23,9,4023.440837161492
ABC,F23,10,4027.6685727547638
ABC,F23,11,4090.845187279722
ABC,F23,12,4003.8415554198064
ABC,F23,13,4019.9076463463434
ABC,F23,14,4078.483279582133
ABC,F23,15,4005.17154481817
ABC,F23,16,4055.9028691994054
ABC,F23,17,3925.845094208341
ABC,F23,18,4098.225879292677
ABC,F23,19,4011.4125158369407
ABC,F23,20,4053.594485978537
ABC,F23,21,4030.8826226437923
ABC,F23,22,4099.9015988419105
ABC,F23,23,3994.045122477457
ABC,F23,24,3959.839653500856
ABC,F23,25,4019.8545043160157
ABC,F23,26,4056.401113789624
ABC,F23,27,3962.842888017144
ABC,F23,28,4018.880981559728
ABC,F23,29,4043.345564674684
ABC,F23,30,4007.461809947718
ABC,F24,1,4493.524152595137
ABC,F24,2,4511.432564471922
ABC,F24,3,4474.6617891624
ABC,F24,4,4519.606867790497
ABC,F24,5,4500.252686999944
ABC,F24,6,4538.626880554348
ABC,F24,7,4565.333723926011
ABC,F24,8,4504.470510299259
ABC,F24,9,4463.741358376908
ABC,F24,10,4476.41214136302
ABC,F24,11,4439.054050248098
ABC,F24,12,4489.936596233929
ABC,F24,13,4362.539783649029
ABC,F24,14,4516.532477916391
ABC,F24,15,4555.465936867127
ABC,F24,16,4475.7286069409665
ABC,F24,17,4500.885143285682
ABC,F24,18,4538.539701193199
ABC,F24,19,4464.06890355085
ABC,F24,20,4485.160735081491
ABC,F24,21,4528.227659231947
ABC,F24,22,4489.106362564645
ABC,F24,23,4511.869409918337
ABC,F24,24,4509.787110702415
ABC,F24,25,4533.892272955964
ABC,F24,26,4477.208772065423
ABC,F24,27,4562.200259250721
ABC,F24,28,4554.514727866177
ABC,F24,29,4484.973430878039
ABC,F24,30,4528.389403634814
ABC,F25,1,16316.931186424023
ABC,F25,2,21839.093513610704
ABC,F25,3,15757.971238144111
ABC,F25,4,15126.226467780685
ABC,F25,5,18411.7170279743
ABC,F25,6,20271.895550647398
ABC,F25,7,17961.46585331022
ABC,F25,8,21642.988914994512
ABC,F25,9,17849.617111910135
ABC,F25,10,15480.237472634155
ABC,F25,11,17298.03706828838
ABC,F25,12,18794.956929634936
ABC,F25,13,17502.419911268233
ABC,F25,14,21398.72268924652
ABC,F25,15,14137.220232440497
ABC,F25,16,18462.193591129573
ABC,F25,17,15952.138211138687
ABC,F25,18,16755.712467133762
ABC,F25,19,17022.06546117292
ABC,F25,20,20160.911666138945
ABC,F25,21,18912.547876634784
ABC,F25,22,22749.278731454717
ABC,F25,23,16211.218797438503
ABC,F25,24,18883.33702217902
ABC,F25,25,18758.43938034839
ABC,F25,26,19254.860507451
ABC,F25,27,16203.486279532504
ABC,F25,28,16550.155139797796
ABC,F25,29,19049.640396380953
ABC,F25,30,18055.054392918588
ABC,F26,1,18913.0898690146
ABC,F26,2,18665.113134417457
ABC,F26,3,18926.215177438346
ABC,F26,4,19317.934565560357
ABC,F26,5,18662.860614929356
ABC,F26,6,18002.860034481793
ABC,F26,7,19263.282966304094
ABC,F26,8,18878.161028727372
ABC,F26,9,17933.722460658544
ABC,F26,10,19332.631660892723
ABC,F26,11,19305.722013835555
ABC,F26,12,19323.71859056861
ABC,F26,13,19071.53148965508
ABC,F26,14,18834.13729690085
ABC,F26,15,18427.50868756674
ABC,F26,16,18496.436441434373
ABC,F26,17,18928.259341381065
ABC,F26,18,19122.64933579632
ABC,F26,19,18871.43913266209
ABC,F26,20,18525.05449776929
ABC,F26,21,19021.32288811448
ABC,F26,22,18745.25710903536
ABC,F26,23,19027.627924270462
ABC,F26,24,18394.787209800954
ABC,F26,25,18892.198322858712
ABC,F26,26,18530.854504130988
ABC,F26,27,19450.251735027625
ABC,F26,28,19142.417330191645
ABC,F26,29,18888.64741819344
ABC,F26,30,18775.24856389808
ABC,F27,1,4863.767733500596
ABC,F27,2,4841.523822218536
ABC,F27,3,4684.678268993563
ABC,F27,4,4903.651662394623
ABC,F27,5,4850.849565478385
ABC,F27,6,4905.7039366568115
ABC,F27,7,4590.401668402241
ABC,F27,8,4751.017315347745
ABC,F27,9,4685.120854312021
ABC,F27,10,4404.914625730794
ABC,F27,11,4818.787509228881
ABC,F27,12,5002.702055765831
ABC,F27,13,4899.800557621569
ABC,F27,14,4586.175566049145
ABC,F27,15,4650.416600729941
ABC,F27,16,4652.914825182534
ABC,F27,17,4653.917974514887
ABC,F27,18,4543.006131312852
ABC,F27,19,5187.102910426701
ABC,F27,20,4788.633021603257
ABC,F27,21,4717.540287763162
ABC,F27,22,4811.139530908005
ABC,F27,23,4750.572626007165
ABC,F27,24,4678.437853283082
ABC,F27,25,4559.891140915504
ABC,F27,26,4901.302217518327
ABC,F27,27,4819.940529988584
ABC,F27,28,4680.670217000326
ABC,F27,29,4807.114981825429
ABC,F27,30,4876.177679378696
ABC,F28,1,19216.4564401063
ABC,F28,2,20034.690907289874
ABC,F28,3,18412.5976993811
ABC,F28,4,17932.687657198607
ABC,F28,5,17347.97282231733
ABC,F28,6,17309.564154419528
ABC,F28,7,18762.162143130496
ABC,F28,8,16537.297237153987
ABC,F28,9,18495.007779890002
ABC,F28,10,19169.453798415198
ABC,F28,11,19550.885459477144
ABC,F28,12,18447.179924123368
ABC,F28,13,18616.21657670536
ABC,F28,14,18056.475970934334
ABC,F28,15,16897.042398102298
ABC,F28,16,17774.197519233825
ABC,F28,17,18822.445428246487
ABC,F28,18,18864.639788959714
ABC,F28,19,17484.69428151901
ABC,F28,20,19877.40950136972
ABC,F28,21,19096.898513959517
ABC,F28,22,16582.110193728666
ABC,F28,23,17677.064630100223
ABC,F28,24,18309.3432755027
ABC,F28,25,18375.16493345612
ABC,F28,26,17891.13730485156
ABC,F28,27,18647.173263871093
ABC,F28,28,17436.894070454167
ABC,F28,29,17894.537631222393
ABC,F28,30,17506.773590749235
ABC,F29,1,11132.156614744265
ABC,F29,2,12087.451855029147
ABC,F29,3,11555.277996380566
ABC,F29,4,11904.623226740501
ABC,F29,5,10446.520605407994
ABC,F29,6,11901.932152951487
ABC,F29,7,11832.705422516465
ABC,F29,8,11279.468340834273
ABC,F29,9,11262.003087476796
ABC,F29,10,11158.054919698376
ABC,F29,11,11559.376911193567
ABC,F29,12,11447.463519170298
ABC,F29,13,11367.813602188478
ABC,F29,14,10977.919257780097
ABC,F29,15,11012.734831094656
ABC,F29,16,11988.427190652666
ABC,F29,17,11248.619268942277
ABC,F29,18,11079.84941018517
ABC,F29,19,11162.79767751883
ABC,F29,20,11114.264407561694
ABC,F29,21,11539.26765443537
ABC,F29,22,11836.91150575223
ABC,F29,23,11504.487707599746
ABC,F29,24,12066.900125827517
ABC,F29,25,11564.330085015483
ABC,F29,26,10603.60624410865
ABC,F29,27,11296.319097140593
ABC,F29,28,11074.168670365674
ABC,F29,29,11420.758654347215
ABC,F29,30,11075.950136971082
ABC,F30,1,23226380.611854892
ABC,F30,2,20239121.91021832
ABC,F30,3,46707987.87866758
ABC,F30,4,24373194.09361642
ABC,F30,5,36044325.68422187
ABC,F30,6,34220660.47199835
ABC,F30,7,25279988.58200782
ABC,F30,8,40842870.1926085
ABC,F30,9,28584973.79394183
ABC,F30,10,23104748.585910067
ABC,F30,11,45417678.78157128
ABC,F30,12,37454574.37799838
ABC,F30,13,39124257.064739466
ABC,F30,14,40190101.01697123
ABC,F30,15,44360779.67594506
ABC,F30,16,27828751.228980582
ABC,F30,17,21141161.424779303
ABC,F30,18,12917126.780801453
ABC,F30,19,20490301.375540536
ABC,F30,20,29533898.099534303
ABC,F30,21,30585883.7729681
ABC,F30,22,14939291.343135808
ABC,F30,23,38064979.74279958
ABC,F30,24,28790556.059270687
ABC,F30,25,29659263.23012987
ABC,F30,26,57072361.011152625
ABC,F30,27,27260036.290639773
ABC,F30,28,46527833.93428337
ABC,F30,29,29229088.284715027
ABC,F30,30,36979698.01604964
ACO,F1,1,32224389673.792324
ACO,F1,2,16869491849.02802
ACO,F1,3,14448921445.901016
ACO,F1,4,15062233666.899157
ACO,F1,5,18776323550.93987
ACO,F1,6,56385870355.89758
ACO,F1,7,6334542266.2425995
ACO,F1,8,6947111505.1658535
ACO,F1,9,22348708556.260086
ACO,F1,10,9443629892.101416
ACO,F1,11,41373109104.48949
ACO,F1,12,33659004543.774227
ACO,F1,13,34462129926.31702
ACO,F1,14,7020866405.128934
ACO,F1,15,6224437868.592894
ACO,F1,16,10093292084.406288
ACO,F1,17,5581362817.533323
ACO,F1,18,38435895066.27195
ACO,F1,19,23423660894.795155
ACO,F1,20,11145833147.363531
ACO,F1,21,12269238240.706318
ACO,F1,22,19341117810.60475
ACO,F1,23,20549072537.523598
ACO,F1,24,40001354875.35316
ACO,F1,25,33934359974.03059
ACO,F1,26,17609735939.273155
ACO,F1,27,19382158461.880367
ACO,F1,28,633832914.8188355
ACO,F1,29,11916695045.75968
ACO,F1,30,2777840083.470981
ACO,F3,1,802435.9183178154
ACO,F3,2,774129.8075936843
ACO,F3,3,659221.079317804
ACO,F3,4,881853.1687747736
ACO,F3,5,725404.4721178927
ACO,F3,6,829276.8948227139
ACO,F3,7,801694.8860217178
ACO,F3,8,654796.9875075682
ACO,F3,9,991848.3368752768
ACO,F3,10,977077.1495507666
ACO,F3,11,593390.0414769967
ACO,F3,12,760438.9227655886
ACO,F3,13,683296.8919112765
ACO,F3,14,1015236.8462576097
ACO,F3,15,663108.1352810094
ACO,F3,16,767779.987453911
ACO,F3,17,935324.0129128483
ACO,F3,18,642913.8324770199
ACO,F3,19,721271.4059528015
ACO,F3,20,806151.9847677979
ACO,F3,21,909052.4692811399
ACO,F3,22,992339.241030806
ACO,F3,23,703837.417470177
ACO,F3,24,854915.8798974985
ACO,F3,25,827291.8126609004
ACO,F3,26,1062813.761581548
ACO,F3,27,830321.9292213179
ACO,F3,28,941704.0992880638
ACO,F3,29,923874.2327755424
ACO,F3,30,747423.209059025
ACO,F4,1,897.125177898201
ACO,F4,2,1496.1593744706984
ACO,F4,3,1265.457498862745
ACO,F4,4,1300.8031571044703
ACO,F4,5,1928.795409900361
ACO,F4,6,1461.019275301416
ACO,F4,7,1626.5906760315947
ACO,F4,8,2664.036609323135
ACO,F4,9,1349.8059151903308
ACO,F4,10,3089.8575307232272
ACO,F4,11,6862.359203430871
ACO,F4,12,1036.0811467736787
ACO,F4,13,1348.8042979483594
ACO,F4,14,2194.606501221748
ACO,F4,15,1494.8784914061844
ACO,F4,16,2629.1611777739668
ACO,F4,17,1182.7629833329597
ACO,F4,18,2702.602465195735
ACO,F4,19,1148.3580993471505
ACO,F4,20,1153.764134615767
ACO,F4,21,2457.4662647902546
ACO,F4,22,1004.2575838402287
ACO,F4,23,2341.796330661611
ACO,F4,24,2743.5244233641233
ACO,F4,25,911.9988785967649
ACO,F4,26,1199.914222790247
ACO,F4,27,1031.1860388799275
ACO,F4,28,6860.766383332789
ACO,F4,29,1422.1249268153624
ACO,F4,30,3466.425577333674
ACO,F5,1,1708.8790173138823
ACO,F5,2,1521.1749358702143
ACO,F5,3,1478.042858085831
ACO,F5,4,1948.0457116532484
ACO,F5,5,1608.7336081501337
ACO,F5,6,1402.9124756165104
ACO,F5,7,1470.5332257268142
ACO,F5,8,1471.6881221775714
ACO,F5,9,1535.980643154463
ACO,F5,10,1534.8174597019686
ACO,F5,11,1615.212043156655
ACO,F5,12,1632.2728916095873
ACO,F5,13,1494.0053801361748
ACO,F5,14,1520.6964573608145
ACO,F5,15,1877.3495404732532
ACO,F5,16,1472.330821151763
ACO,F5,17,1352.2868808360117
ACO,F5,18,1707.2858969168735
ACO,F5,19,1478.0169340706252
ACO,F5,20,1717.868309425436
ACO,F5,21,1607.921293365259
ACO,F5,22,1521.4699166078065
ACO,F5,23,1949.0146013357069
ACO,F5,24,1554.1997909807435
ACO,F5,25,1772.1608838047812
ACO,F5,26,1765.7954401392471
ACO,F5,27,1488.0728937805286
ACO,F5,28,1555.459744237395
ACO,F5,29,1673.7339166917884
ACO,F5,30,1700.1590393721071
ACO,F6,1,661.4296300025007
ACO,F6,2,672.2358934488221
ACO,F6,3,671.5908967390183
ACO,F6,4,674.1212709793699
ACO,F6,5,668.5173050895423
ACO,F6,6,677.934122659744
ACO,F6,7,662.6377698219995
ACO,F6,8,666.4629437288355
ACO,F6,9,656.338230085064
ACO,F6,10,674.8058794306547
ACO,F6,11,668.2585560430213
ACO,F6,12,677.9352513142343
ACO,F6,13,676.022515262281
ACO,F6,14,672.187059186562
ACO,F6,15,669.0196510758333
ACO,F6,16,654.8795843919993
ACO,F6,17,662.1793777492428
ACO,F6,18,675.857324549325
ACO,F6,19,678.9935466380041
ACO,F6,20,676.7286556152612
ACO,F6,21,661.110876486781
ACO,F6,22,673.1537395601242
ACO,F6,23,681.7754854401151
ACO,F6,24,660.4456245765248
ACO,F6,25,670.509482434451
ACO,F6,26,674.1877450686306
ACO,F6,27,669.7419300403093
ACO,F6,28,675.4583897869067
ACO,F6,29,678.4951842631924
ACO,F6,30,668.3119782648954
ACO,F7,1,5202.923584299787
ACO,F7,2,5526.337814384663
ACO,F7,3,4107.817955469991
ACO,F7,4,4173.910662723592
ACO,F7,5,4422.025388781305
ACO,F7,6,4484.358818815831
ACO,F7,7,5517.184974799941
ACO,F7,8,4755.074612941569
ACO,F7,9,4426.12716931543
ACO,F7,10,5402.024230489447
ACO,F7,11,4349.753996359834
ACO,F7,12,5982.388204555575
ACO,F7,13,5114.6187393998025
ACO,F7,14,5263.9359680465905
ACO,F7,15,5588.908885616023
ACO,F7,16,5443.727922682474
ACO,F7,17,4569.778587483307
ACO,F7,18,5237.2102953554395
ACO,F7,19,5454.543044675439
ACO,F7,20,4492.715222691641
ACO,F7,21,4353.962491218532
ACO,F7,22,5844.460359811989
ACO,F7,23,4552.941966122672
ACO,F7,24,5437.849952930902
ACO,F7,25,5252.6112942556765
ACO,F7,26,4602.277767995852
ACO,F7,27,5360.523696777957
ACO,F7,28,4341.286106977925
ACO,F7,29,4044.9889134699115
ACO,F7,30,6353.1333795885075
ACO,F8,1,1984.4502104523274
ACO,F8,2,1826.4702955761202
ACO,F8,3,1896.6435831123433
ACO,F8,4,1858.3223818646572
ACO,F8,5,2048.8073676271856
ACO,F8,6,1870.9217459946397
ACO,F8,7,2128.4318350720523
ACO,F8,8,2007.9291962049676
ACO,F8,9,2077.8315213068254
ACO,F8,10,2197.4402884473157
ACO,F8,11,2158.4026018880163
ACO,F8,12,1886.36598053062
ACO,F8,13,1865.474409270762
ACO,F8,14,2063.1865459055603
ACO,F8,15,1939.9177506668327
ACO,F8,16,1869.6152491401624
ACO,F8,17,1934.9742423874661
ACO,F8,18,1925.3395413711212
ACO,F8,19,2053.331132713156
ACO,F8,20,1987.0518360950157
ACO,F8,21,2022.0052857356773
ACO,F8,22,2186.4320275157334
ACO,F8,23,1720.2091198166918
ACO,F8,24,1905.636144435495
ACO,F8,25,2126.798495312715
ACO,F8,26,1905.8846293197316
ACO,F8,27,1710.5912803028064
ACO,F8,28,1945.671942325658
ACO,F8,29,1817.741498600455
ACO,F8,30,1952.0423386304028
ACO,F9,1,150462.51647606102
ACO,F9,2,130944.78333125604
ACO,F9,3,168097.8528338556
ACO,F9,4,89842.00608541167
ACO,F9,5,149577.01240314133
ACO,F9,6,145058.42110599662
ACO,F9,7,152332.86209220608
ACO,F9,8,156421.3690833333
ACO,F9,9,121544.91742823724
ACO,F9,10,112786.5892845918
ACO,F9,11,141189.87440494672
ACO,F9,12,163422.4720996041
ACO,F9,13,122433.22378116673
ACO,F9,14,155564.33719018265
ACO,F9,15,126810.96344468914
ACO,F9,16,134013.3740271132
ACO,F9,17,154572.22936888118
ACO,F9,18,149468.8747064496
ACO,F9,19,154762.0386103423
ACO,F9,20,127666.15090657872
ACO,F9,21,97883.33814510766
ACO,F9,22,136304.24566936784
ACO,F9,23,135208.63829599568
ACO,F9,24,167810.64737166118
ACO,F9,25,183555.38382438663
ACO,F9,26,162794.8959145673
ACO,F9,27,123693.11695507816
ACO,F9,28,132670.38110472675
ACO,F9,29,159836.04214409713
ACO,F9,30,133746.4982641794
ACO,F10,1,14701.055520672922
ACO,F10,2,16241.331581013208
ACO,F10,3,14320.865797034276
ACO,F10,4,15791.233431020028
ACO,F10,5,30011.85219174146
ACO,F10,6,12883.077425840784
ACO,F10,7,15197.156870890347
ACO,F10,8,14442.245921423604
ACO,F10,9,14124.166743272333
ACO,F10,10,32664.697931386334
ACO,F10,11,14114.817108806743
ACO,F10,12,13007.089255572133
ACO,F10,13,18041.24229429648
ACO,F10,14,15395.373040301456
ACO,F10,15,14950.241493670157
ACO,F10,16,15416.17098955598
ACO,F10,17,16413.086271889046
ACO,F10,18,17230.48384231444
ACO,F10,19,16893.612658590384
ACO,F10,20,15592.766769618811
ACO,F10,21,14293.407939189958
ACO,F10,22,17134.115234269564
ACO,F10,23,19036.667953713662
ACO,F10,24,13762.331423834443
ACO,F10,25,30900.999529814
ACO,F10,26,31682.34494302878
ACO,F10,27,32772.84084290463
ACO,F10,28,17175.18152158564
ACO,F10,29,32948.18672508329
ACO,F10,30,16864.609138672433
ACO,F11,1,104178.32833601843
ACO,F11,2,21330.822479857015
ACO,F11,3,20382.530122947683
ACO,F11,4,57221.20330819145
ACO,F11,5,60107.657501692294
ACO,F11,6,70612.48361076992
ACO,F11,7,122234.40106151081
ACO,F11,8,108797.86022918433
ACO,F11,9,102015.2664312167
ACO,F11,10,28254.41517059269
ACO,F11,11,121306.3195105448
ACO,F11,12,57384.13509460368
ACO,F11,13,25954.837577968112
ACO,F11,14,170755.36417844612
ACO,F11,15,103511.01268510887
ACO,F11,16,84384.50193336241
ACO,F11,17,75482.77742951922
ACO,F11,18,42252.56637774047
ACO,F11,19,154459.5692093341
ACO,F11,20,53027.46131500736
ACO,F11,21,44491.40317395774
ACO,F11,22,21724.725424114647
ACO,F11,23,110755.53062324837
ACO,F11,24,59008.73178121168
ACO,F11,25,93485.39345396703
ACO,F11,26,15366.193898493892
ACO,F11,27,37736.458823418
ACO,F11,28,69900.06586035053
ACO,F11,29,16472.247052214472
ACO,F11,30,48480.984115881474
ACO,F12,1,602390319.7250122
ACO,F12,2,19409233.289096206
ACO,F12,3,153955179.098765
ACO,F12,4,96746722.64411162
ACO,F12,5,105251819.16710612
ACO,F12,6,312032675.12159264
ACO,F12,7,411458820.4431435
ACO,F12,8,86739973.09563097
ACO,F12,9,100943577.37854594
ACO,F12,10,238380911.35117087
ACO,F12,11,448352240.0492965
ACO,F12,12,1738137026.679477
ACO,F12,13,109835872.16865152
ACO,F12,14,1051823335.0236112
ACO,F12,15,90854580.2250182
ACO,F12,16,464714601.72635555
ACO,F12,17,50971679.47486167
ACO,F12,18,39723153.98649567
ACO,F12,19,1791689593.9269857
ACO,F12,20,513969185.0786855
ACO,F12,21,64694022.187905215
ACO,F12,22,128892917.34728552
ACO,F12,23,148319942.4328724
ACO,F12,24,2381627935.837527
ACO,F12,25,45076877.0845977
ACO,F12,26,37815144.01827029
ACO,F12,27,110153041.14632142
ACO,F12,28,16256995597.141985
ACO,F12,29,322633151.9754133
ACO,F12,30,236843103.5874513
ACO,F13,1,34600.24699219117
ACO,F13,2,63055.55149438321
ACO,F13,3,6242576.665335664
ACO,F13,4,67633.21411951233
ACO,F13,5,38573.08728114396
ACO,F13,6,28036.269307978233
ACO,F13,7,35522.04361008285
ACO,F13,8,22985.51427299622
ACO,F13,9,81540.18018025487
ACO,F13,10,28661.420545946356
ACO,F13,11,899246468.3561081
ACO,F13,12,82986915.33743638
ACO,F13,13,34923.07390793369
ACO,F13,14,23449.993889627873
ACO,F13,15,126539.52640542491
ACO,F13,16,8169148.145362281
ACO,F13,17,40378.83414702409
ACO,F13,18,134407.5085247109
ACO,F13,19,100835.49246328959
ACO,F13,20,44760.62663453184
ACO,F13,21,10708001.132835357
ACO,F13,22,8194914.790263012
ACO,F13,23,16541.829711040584
ACO,F13,24,8147827.94218198
ACO,F13,25,45048.9648721201
ACO,F13,26,100691.86012661934
ACO,F13,27,44557.7920259103
ACO,F13,28,24187.45492060732
ACO,F13,29,207228.75951417547
ACO,F13,30,48868.73687072721
ACO,F14,1,797869.8127871576
ACO,F14,2,4075703.6354812486
ACO,F14,3,1700357.1978623571
ACO,F14,4,2964458.6584982253
ACO,F14,5,1560335.1265022252
ACO,F14,6,1395645.5920478492
ACO,F14,7,1474640.407309254
ACO,F14,8,4371744.917219398
ACO,F14,9,2473363.9436947163
ACO,F14,10,1131961.6245822404
ACO,F14,11,759734.8406802862
ACO,F14,12,1765059.0843011148
ACO,F14,13,1592607.536820756
ACO,F14,14,640979.5274110915
ACO,F14,15,535559.6515502292
ACO,F14,16,1935886.6069191508
ACO,F14,17,2593674.0597455017
ACO,F14,18,1998866.4242964871
ACO,F14,19,640309.1577618298
ACO,F14,20,1788592.6038314714
ACO,F14,21,1463122.9074711227
ACO,F14,22,1958412.9514788187
ACO,F14,23,456539.31815977715
ACO,F14,24,796145.076339844
ACO,F14,25,276802.74819486146
ACO,F14,26,2488111.9788946887
ACO,F14,27,1971523.8913845597
ACO,F14,28,776229.7393999199
ACO,F14,29,2372740.2466709726
ACO,F14,30,2016537.030741667
ACO,F15,1,11397.16232085003
ACO,F15,2,13223.817973818997
ACO,F15,3,5603.232721939482
ACO,F15,4,12730.22694634601
ACO,F15,5,9821.372561627479
ACO,F15,6,67461.21143960337
ACO,F15,7,3171.9568857483464
ACO,F15,8,14892.290408719262
ACO,F15,9,8385.05579920718
ACO,F15,10,56698.5005725755
ACO,F15,11,5382.223007258186
ACO,F15,12,45890.64644283511
ACO,F15,13,17151.231537535456
ACO,F15,14,42007.652024548974
ACO,F15,15,21845.07370576113
ACO,F15,16,17431.797201800575
ACO,F15,17,6101.285575088198
ACO,F15,18,17584.072363290303
ACO,F15,19,6138.565546612826
ACO,F15,20,27300.817020785318
ACO,F15,21,42051.28436036523
ACO,F15,22,10526.676579715933
ACO,F15,23,10021.81302877198
ACO,F15,24,60496.1287866348
ACO,F15,25,22887.956819862306
ACO,F15,26,40171.15384433663
ACO,F15,27,10914.972824861125
ACO,F15,28,4716.018213891697
ACO,F15,29,11464.59330680908
ACO,F15,30,16399.0462364147
ACO,F16,1,5817.912176415096
ACO,F16,2,6783.55497394959
ACO,F16,3,5481.649914222386
ACO,F16,4,5702.898641819317
ACO,F16,5,6536.0386284539345
ACO,F16,6,6833.759344587784
ACO,F16,7,6201.927339474638
ACO,F16,8,5447.052000303518
ACO,F16,9,5399.676567959035
ACO,F16,10,7221.388533237971
ACO,F16,11,4979.053870939921
ACO,F16,12,5772.9700605118305
ACO,F16,13,6747.913314965866
ACO,F16,14,6934.607105103667
ACO,F16,15,5824.463685683284
ACO,F16,16,6462.712942508032
ACO,F16,17,7282.842185368726
ACO,F16,18,8189.159962522922
ACO,F16,19,6896.129280297592
ACO,F16,20,4512.401713230956
ACO,F16,21,6771.363255024784
ACO,F16,22,6785.929427775467
ACO,F16,23,6229.271734868061
ACO,F16,24,7062.150668179818
ACO,F16,25,6748.456919160495
ACO,F16,26,6077.151418812025
ACO,F16,27,7019.5808238984955
ACO,F16,28,7087.382376501109
ACO,F16,29,6434.759455485567
ACO,F16,30,6105.476102712692
ACO,F17,1,5325.298235142844
ACO,F17,2,6046.403052807545
ACO,F17,3,6001.272107635041
ACO,F17,4,6155.341074987113
ACO,F17,5,7503.808608237986
ACO,F17,6,6470.518890861169
ACO,F17,7,6699.368123953895
ACO,F17,8,6336.344975833711
ACO,F17,9,6504.4418843609565
ACO,F17,10,6384.533635328513
ACO,F17,11,6160.729735009184
ACO,F17,12,5804.726898096914
ACO,F17,13,5458.899180835016
ACO,F17,14,5945.4642249162
ACO,F17,15,5555.992785965239
ACO,F17,16,6364.6123981027495
ACO,F17,17,5022.5910277791145
ACO,F17,18,6009.013457411305
ACO,F17,19,6589.493879635223
ACO,F17,20,5890.089299597622
ACO,F17,21,7008.591390821969
ACO,F17,22,5290.622269669537
ACO,F17,23,5989.9985988112085
ACO,F17,24,5678.818734942135
ACO,F17,25,6541.326248264184
ACO,F17,26,6550.309839506626
ACO,F17,27,5833.187823157498
ACO,F17,28,6155.7428384096265
ACO,F17,29,7383.291285664506
ACO,F17,30,6730.620703043341
ACO,F18,1,3432363.0611940604
ACO,F18,2,1893726.5816901978
ACO,F18,3,1159759.174627009
ACO,F18,4,8082365.7262139125
ACO,F18,5,6614142.297242118
ACO,F18,6,3642221.763885782
ACO,F18,7,4378362.822237283
ACO,F18,8,2141554.576347974
ACO,F18,9,8019527.388926276
ACO,F18,10,3343680.03089256
ACO,F18,11,3926301.422431587
ACO,F18,12,2395217.613036683
ACO,F18,13,6158698.970492485
ACO,F18,14,3281063.9773191195
ACO,F18,15,2388970.0175855826
ACO,F18,16,1621673.0187748363
ACO,F18,17,3347203.9599082293
ACO,F18,18,641644.1234681703
ACO,F18,19,1902021.6351108123
ACO,F18,20,5750851.107575079
ACO,F18,21,18741487.453326717
ACO,F18,22,2346998.256158257
ACO,F18,23,1609037.8507227004
ACO,F18,24,2221849.841912941
ACO,F18,25,3570587.0630551665
ACO,F18,26,3204039.759473468
ACO,F18,27,7672132.4434009455
ACO,F18,28,1789653.6765227055
ACO,F18,29,10325885.707151894
ACO,F18,30,5516824.367753097
ACO,F19,1,8984.123046368066
ACO,F19,2,10412.5067375705
ACO,F19,3,7230.960695388258
ACO,F19,4,14083.786919127733
ACO,F19,5,3750.490460553373
ACO,F19,6,56393.26976668769
ACO,F19,7,16026.25818429772
ACO,F19,8,5796.908010274926
ACO,F19,9,85818.39445573374
ACO,F19,10,1025067.867156275
ACO,F19,11,9319.655590164872
ACO,F19,12,3615.7954921420214
ACO,F19,13,18652.78622748778
ACO,F19,14,5232.859863483371
ACO,F19,15,4852.1420596667185
ACO,F19,16,6663.324593765713
ACO,F19,17,70945.4971315633
ACO,F19,18,9237.125855815368
ACO,F19,19,9446.931460650543
ACO,F19,20,67756.29498032772
ACO,F19,21,31864.118622624148
ACO,F19,22,45233.09446538584
ACO,F19,23,4642.266385598551
ACO,F19,24,1028653.1297935495
ACO,F19,25,150995.4298039153
ACO,F19,26,3347.4181815680677
ACO,F19,27,41959.92372730921
ACO,F19,28,6189.977069016762
ACO,F19,29,5540.68704583244
ACO,F19,30,6430.63352268284
ACO,F20,1,7607.49496986011
ACO,F20,2,5832.316478759745
ACO,F20,3,4503.83405719259
ACO,F20,4,4489.769759795199
ACO,F20,5,5510.988767678329
ACO,F20,6,6883.636205850465
ACO,F20,7,5656.477211154066
ACO,F20,8,5464.763863562671
ACO,F20,9,5894.63607787696
ACO,F20,10,5401.402991013672
ACO,F20,11,4773.039872774144
ACO,F20,12,5157.331803265732
ACO,F20,13,4308.805652747902
ACO,F20,14,8326.262721687553
ACO,F20,15,7798.359334009776
ACO,F20,16,4798.025809680793
ACO,F20,17,4493.540386776665
ACO,F20,18,5021.600275378061
ACO,F20,19,5243.774621988388
ACO,F20,20,4796.119583351564
ACO,F20,21,5244.997674770419
ACO,F20,22,7700.806506029811
ACO,F20,23,8129.807468473595
ACO,F20,24,8085.717145747785
ACO,F20,25,5232.952047126904
ACO,F20,26,5472.090378416022
ACO,F20,27,4822.090939794283
ACO,F20,28,4668.874586859238
ACO,F20,29,4784.011557426282
ACO,F20,30,8657.941475161464
ACO,F21,1,3538.6264727561584
ACO,F21,2,3640.565199910435
ACO,F21,3,3489.524804909064
ACO,F21,4,3699.7821459491524
ACO,F21,5,3374.5948285101613
ACO,F21,6,3850.7707385540252
ACO,F21,7,3568.4020247731933
ACO,F21,8,3639.125257005694
ACO,F21,9,3602.126457188456
ACO,F21,10,3702.5078198983488
ACO,F21,11,3789.3589339850923
ACO,F21,12,3437.0960053227545
ACO,F21,13,3646.2783836856734
ACO,F21,14,3702.159757556085
ACO,F21,15,3324.374894553109
ACO,F21,16,3878.5744693088054
ACO,F21,17,3382.1690704921893
ACO,F21,18,3703.8198386126705
ACO,F21,19,3450.4277385695527
ACO,F21,20,3470.6556628984517
ACO,F21,21,3560.4811066868574
ACO,F21,22,3469.4251594527204
ACO,F21,23,3540.1258427041794
ACO,F21,24,3503.587084258769
ACO,F21,25,3572.1874928604475
ACO,F21,26,3591.8840087200124
ACO,F21,27,3616.134180752224
ACO,F21,28,3240.276981854714
ACO,F21,29,3653.825339737463
ACO,F21,30,3673.8357457227958
ACO,F22,1,19299.337885356428
ACO,F22,2,17723.507810845593
ACO,F22,3,31512.554476472767
ACO,F22,4,34717.28159658115
ACO,F22,5,16522.789403783216
ACO,F22,6,17766.37650401456
ACO,F22,7,18571.63226566792
ACO,F22,8,18081.641533428956
ACO,F22,9,15322.048864767345
ACO,F22,10,15997.23809571027
ACO,F22,11,16560.161663506282
ACO,F22,12,19255.064819258434
ACO,F22,13,35205.16258126168
ACO,F22,14,31751.73894083961
ACO,F22,15,16354.89341965136
ACO,F22,16,19388.207097987943
ACO,F22,17,34043.060234332734
ACO,F22,18,20946.80466109606
ACO,F22,19,15501.952897841895
ACO,F22,20,17340.605082685
ACO,F22,21,17830.604622689025
ACO,F22,22,18919.615092834254
ACO,F22,23,18069.807829865596
ACO,F22,24,18542.94854577732
ACO,F22,25,16330.771784683577
ACO,F22,26,34280.881697650824
ACO,F22,27,34261.15299952387
ACO,F22,28,17755.11397635843
ACO,F22,29,19147.59727848104
ACO,F22,30,15885.329034396229
ACO,F23,1,3725.5442554280035
ACO,F23,2,4050.3389263320796
ACO,F23,3,3848.8612132493495
ACO,F23,4,4289.137018233823
ACO,F23,5,3863.2548652667406
ACO,F23,6,4059.5456130351627
ACO,F23,7,4098.628956339416
ACO,F23,8,4132.777367952276
ACO,F23,9,3768.6989223907176
ACO,F23,10,4171.576741453888
ACO,F23,11,4085.559945689516
ACO,F23,12,4211.179130582081
ACO,F23,13,3944.02793988001
ACO,F23,14,4053.3487353564365
ACO,F23,15,4182.036526022504
ACO,F23,16,4024.831172007091
ACO,F23,17,4004.821959223631
ACO,F23,18,3927.3621600947554
ACO,F23,19,4155.675722973772
ACO,F23,20,4018.735783904951
ACO,F23,21,4336.121465583644
ACO,F23,22,3818.2676930167163
ACO,F23,23,3867.7815580455817
ACO,F23,24,4039.251250013279
ACO,F23,25,3962.3493890537984
ACO,F23,26,4159.947253553719
ACO,F23,27,3921.5612075075787
ACO,F23,28,3953.940590430754
ACO,F23,29,3787.326314135865
ACO,F23,30,4378.319505665036
ACO,F24,1,4903.784721798675
ACO,F24,2,4796.267799668225
ACO,F24,3,4497.318920520944
ACO,F24,4,5021.420555944487
ACO,F24,5,4669.882336254434
ACO,F24,6,4983.279477394888
ACO,F24,7,4814.062347782774
ACO,F24,8,4852.950420754266
ACO,F24,9,4928.323124202279
ACO,F24,10,4584.322762285483
ACO,F24,11,4724.117911230151
ACO,F24,12,4703.5123175270655
ACO,F24,13,4830.4693997690165
ACO,F24,14,4878.540729025342
ACO,F24,15,4763.221931756832
ACO,F24,16,5396.973714205533
ACO,F24,17,4815.318127361558
ACO,F24,18,4559.059183662532
ACO,F24,19,4640.026692888724
ACO,F24,20,4670.942185928822
ACO,F24,21,5088.061532692924
ACO,F24,22,4766.122572945954
ACO,F24,23,4948.674761902835
ACO,F24,24,4689.388041684888
ACO,F24,25,4703.7292466509425
ACO,F24,26,4756.5419417705725
ACO,F24,27,4965.134838337966
ACO,F24,28,4324.720502057235
ACO,F24,29,4752.166430489109
ACO,F24,30,4926.838434655289
ACO,F25,1,5743.6675786084015
ACO,F25,2,6194.688836886518
ACO,F25,3,4199.828598128617
ACO,F25,4,8309.023666808574
ACO,F25,5,5800.091115039066
ACO,F25,6,4278.822897712107
ACO,F25,7,4937.1350179919855
ACO,F25,8,3895.195733762941
ACO,F25,9,5263.797661739269
ACO,F25,10,5372.902793073521
ACO,F25,11,3609.061552765263
ACO,F25,12,4039.680352386422
ACO,F25,13,8313.858235405009
ACO,F25,14,6791.50553112907
ACO,F25,15,4905.167231768024
ACO,F25,16,3558.8497777227485
ACO,F25,17,4322.452357652897
ACO,F25,18,5099.949023958459
ACO,F25,19,4434.166450201862
ACO,F25,20,5109.108962929007
ACO,F25,21,5679.837844808186
ACO,F25,22,3721.68174508271
ACO,F25,23,3875.057617215196
ACO,F25,24,4021.279577239884
ACO,F25,25,4531.5434994899015
ACO,F25,26,3702.9448713866695
ACO,F25,27,3481.821969546024
ACO,F25,28,4038.040916473503
ACO,F25,29,3860.5364716892345
ACO,F25,30,4200.15494454626
ACO,F26,1,19013.56408602676
ACO,F26,2,17745.67156362871
ACO,F26,3,24662.3906576305
ACO,F26,4,18909.209528449726
ACO,F26,5,20537.18110602006
ACO,F26,6,21608.194809552515
ACO,F26,7,20383.614705915614
ACO,F26,8,23426.121928688495
ACO,F26,9,25534.146432135156
ACO,F26,10,20988.148738584772
ACO,F26,11,18648.505614438298
ACO,F26,12,20626.540785353718
ACO,F26,13,18323.146218604597
ACO,F26,14,29246.575748821575
ACO,F26,15,19313.89814707908
ACO,F26,16,23434.209540417414
ACO,F26,17,19114.200498523234
ACO,F26,18,23026.456983108506
ACO,F26,19,23885.348481975103
ACO,F26,20,28315.219066958503
ACO,F26,21,24473.22624623998
ACO,F26,22,24432.26351923938
ACO,F26,23,17799.05428603186
ACO,F26,24,22870.054478478378
ACO,F26,25,23161.672975653477
ACO,F26,26,21214.33091929526
ACO,F26,27,20920.71054855152
ACO,F26,28,21469.464146619506
ACO,F26,29,22406.119067884792
ACO,F26,30,20916.420058969514
ACO,F27,1,3534.2291875176934
ACO,F27,2,3974.437274625763
ACO,F27,3,3580.1312240572306
ACO,F27,4,3882.783847990332
ACO,F27,5,3983.877801415798
ACO,F27,6,3559.0460760470974
ACO,F27,7,3978.67673372409
ACO,F27,8,3719.14742676824
ACO,F27,9,3821.5802124467764
ACO,F27,10,3938.416092861382
ACO,F27,11,3742.152340530489
ACO,F27,12,3956.0845722139593
ACO,F27,13,3840.9202256154877
ACO,F27,14,3594.570869026252
ACO,F27,15,3849.20603145134
ACO,F27,16,3791.527006124301
ACO,F27,17,3767.118043901629
ACO,F27,18,3687.170125700208
ACO,F27,19,3677.4296330382444
ACO,F27,20,3738.838561896152
ACO,F27,21,3672.8217524086103
ACO,F27,22,3939.070735043514
ACO,F27,23,3785.4837710137726
ACO,F27,24,3620.5417802337015
ACO,F27,25,3699.9913842301366
ACO,F27,26,3797.7789328544786
ACO,F27,27,3859.301118658371
ACO,F27,28,3875.10185542169
ACO,F27,29,3645.4664681868057
ACO,F27,30,3719.5028539591526
ACO,F28,1,4321.263352448895
ACO,F28,2,7616.920162795389
ACO,F28,3,12651.74468062935
ACO,F28,4,8093.441323148652
ACO,F28,5,10301.488107614694
ACO,F28,6,6804.195627902456
ACO,F28,7,15512.412494670318
ACO,F28,8,9553.612795678408
ACO,F28,9,7215.362542165678
ACO,F28,10,12236.562912351032
ACO,F28,11,4528.872361261696
ACO,F28,12,9051.120282594093
ACO,F28,13,15986.230613924406
ACO,F28,14,9024.103042099368
ACO,F28,15,11691.524451829064
ACO,F28,16,5909.686937818831
ACO,F28,17,8196.283762016403
ACO,F28,18,7211.377930775112
ACO,F28,19,5177.582855157949
ACO,F28,20,13888.019793045152
ACO,F28,21,10662.798212567095
ACO,F28,22,16965.909886735448
ACO,F28,23,16062.104697471064
ACO,F28,24,9392.165439252298
ACO,F28,25,7160.523731818966
ACO,F28,26,15791.982664127567
ACO,F28,27,11119.036461865875
ACO,F28,28,9793.480396994348
ACO,F28,29,10318.77342883814
ACO,F28,30,7770.846545997803
ACO,F29,1,8006.143543741991
ACO,F29,2,8254.773151508978
ACO,F29,3,8183.0729527992435
ACO,F29,4,7351.079216780209
ACO,F29,5,7736.390073934404
ACO,F29,6,9321.117239886516
ACO,F29,7,8331.026527764036
ACO,F29,8,8127.92917503478
ACO,F29,9,7803.514566835183
ACO,F29,10,8148.371417656825
ACO,F29,11,7676.651740221782
ACO,F29,12,6757.069233231308
ACO,F29,13,6511.331952980568
ACO,F29,14,8313.228349424166
ACO,F29,15,8955.200618546383
ACO,F29,16,8789.475484812832
ACO,F29,17,8319.874305742269
ACO,F29,18,9116.00817293589
ACO,F29,19,7881.706587612303
ACO,F29,20,9027.251775988854
ACO,F29,21,8140.294064136778
ACO,F29,22,8399.335847233097
ACO,F29,23,8157.313810136897
ACO,F29,24,8496.096086459376
ACO,F29,25,9122.556025948743
ACO,F29,26,7968.104393601852
ACO,F29,27,7927.468185304097
ACO,F29,28,8637.483358520982
ACO,F29,29,8203.524851040216
ACO,F29,30,8929.821347498948
ACO,F30,1,2716755.406153551
ACO,F30,2,2063511.0920487605
ACO,F30,3,1396852.6572852852
ACO,F30,4,394006.862647708
ACO,F30,5,877719.8358877067
ACO,F30,6,181567.3597913797
ACO,F30,7,783010.4333327613
ACO,F30,8,288326.89877878386
ACO,F30,9,2018457.8034740423
ACO,F30,10,425925502.48774153
ACO,F30,11,1688639.4031328198
ACO,F30,12,153588.4716936698
ACO,F30,13,2383883.6223053983
ACO,F30,14,1281081.0242160745
ACO,F30,15,61480.18829149247
ACO,F30,16,351627.91038736084
ACO,F30,17,144929141.32408124
ACO,F30,18,828539.3920378829
ACO,F30,19,36214.58720323956
ACO,F30,20,3655059.564535175
ACO,F30,21,3489331.5769068035
ACO,F30,22,1087837.57492795
ACO,F30,23,3261432.1776397177
ACO,F30,24,15575648.953797907
ACO,F30,25,194950.43623034982
ACO,F30,26,1222454.6364620198
ACO,F30,27,151245.81593442778
ACO,F30,28,649960.7150616526
ACO,F30,29,3053114.190650671
ACO,F30,30,272714.9741291893
BBO,F1,1,264547027276.3321
BBO,F1,2,265456718881.04266
BBO,F1,3,255845946717.52094
BBO,F1,4,262616772350.61185
BBO,F1,5,265936141465.82297
BBO,F1,6,268353288545.60568
BBO,F1,7,255841209406.1195
BBO,F1,8,249296625874.61166
BBO,F1,9,266252826202.21423
BBO,F1,10,252327176468.5744
BBO,F1,11,268306292145.12167
BBO,F1,12,271654115204.15115
BBO,F1,13,270850759599.26334
BBO,F1,14,259331991439.79883
BBO,F1,15,260661675408.14066
BBO,F1,16,258070002348.6901
BBO,F1,17,267520846254.77213
BBO,F1,18,258071535675.00494
BBO,F1,19,260519322541.09598
BBO,F1,20,260707817866.2255
BBO,F1,21,272555735497.3939
BBO,F1,22,272136494783.60306
BBO,F1,23,263453397149.3737
BBO,F1,24,256386307871.7534
BBO,F1,25,255580217165.2555
BBO,F1,26,266214896389.40985
BBO,F1,27,250891494975.4321
BBO,F1,28,254158071042.20587
BBO,F1,29,267901882007.75714
BBO,F1,30,252355609686.87265
BBO,F3,1,363876.1300031062
BBO,F3,2,356522.8292789424
BBO,F3,3,621102.3834657026
BBO,F3,4,358032.7993932839
BBO,F3,5,386101.057599839
BBO,F3,6,372580.1122925807
BBO,F3,7,369454.5069353119
BBO,F3,8,355716.82025337615
BBO,F3,9,383017.5300840186
BBO,F3,10,372246.3220134279
BBO,F3,11,345322.97180216084
BBO,F3,12,446617.2284100666
BBO,F3,13,415546.2133268145
BBO,F3,14,332304.12730260444
BBO,F3,15,344767.59326245834
BBO,F3,16,388834.6735086508
BBO,F3,17,425906.16549782397
BBO,F3,18,369166.52640572295
BBO,F3,19,364045.4982654424
BBO,F3,20,540960.6248490978
BBO,F3,21,375241.16961957683
BBO,F3,22,660756.0642998379
BBO,F3,23,364272.2752275457
BBO,F3,24,366071.2564510876
BBO,F3,25,588471.9866860702
BBO,F3,26,383766.0632677008
BBO,F3,27,403811.1964479858
BBO,F3,28,433892.505212574
BBO,F3,29,368434.8138831943
BBO,F3,30,363169.7972146158
BBO,F4,1,114616.93847952057
BBO,F4,2,106915.98073567184
BBO,F4,3,103507.23635110685
BBO,F4,4,96506.87961715381
BBO,F4,5,119030.60115014535
BBO,F4,6,110011.86792181482
BBO,F4,7,118524.62712235645
BBO,F4,8,103479.81964366225
BBO,F4,9,102549.84413555579
BBO,F4,10,121627.46946151432
BBO,F4,11,96928.20015634832
BBO,F4,12,129832.23837583662
BBO,F4,13,106677.52746783773
BBO,F4,14,118440.75654927512
BBO,F4,15,126257.41287045502
BBO,F4,16,101856.80552035941
BBO,F4,17,114409.26143142392
BBO,F4,18,102514.05410715438
BBO,F4,19,118625.34179494066
BBO,F4,20,111591.24232162152
BBO,F4,21,124240.86822736706
BBO,F4,22,106873.47264517547
BBO,F4,23,108100.74594424077
BBO,F4,24,125214.6345356918
BBO,F4,25,104778.54847389832
BBO,F4,26,123644.5800308991
BBO,F4,27,132010.71024301418
BBO,F4,28,105378.51313782315
BBO,F4,29,122276.91493411025
BBO,F4,30,111896.546095106
BBO,F5,1,2163.5118037799884
BBO,F5,2,2192.866030938617
BBO,F5,3,2152.9214103985582
BBO,F5,4,2153.2816304489697
BBO,F5,5,2152.080233247143
BBO,F5,6,2180.556463968327
BBO,F5,7,2129.085486434343
BBO,F5,8,2125.3010095359878
BBO,F5,9,2169.790956785325
BBO,F5,10,2147.423642864297
BBO,F5,11,2175.1671552627345
BBO,F5,12,2156.52927383799
BBO,F5,13,2205.3824195601346
BBO,F5,14,2160.418848243766
BBO,F5,15,2152.0708976721735
BBO,F5,16,2121.0547831617896
BBO,F5,17,2160.362705741879
BBO,F5,18,2114.1472271930534
BBO,F5,19,2164.829625774153
BBO,F5,20,2167.1097881674013
BBO,F5,21,2108.0702883545864
BBO,F5,22,2174.9109082475707
BBO,F5,23,2093.650617935753
BBO,F5,24,2160.1636621347816
BBO,F5,25,2161.5640457184772
BBO,F5,26,2185.444583641609
BBO,F5,27,2115.3742598622557
BBO,F5,28,2175.093184307503
BBO,F5,29,2126.6163150761613
BBO,F5,30,2145.9864040727107
BBO,F6,1,718.3584785764848
BBO,F6,2,714.1588883747045
BBO,F6,3,720.3539566643768
BBO,F6,4,711.1251962606713
BBO,F6,5,717.9109717994027
BBO,F6,6,715.8541460235595
BBO,F6,7,707.9725150146968
BBO,F6,8,719.8255288824223
BBO,F6,9,716.3470288803882
BBO,F6,10,715.5029857727507
BBO,F6,11,717.012927902622
BBO,F6,12,711.5809140256615
BBO,F6,13,713.0084283839758
BBO,F6,14,714.776369077452
BBO,F6,15,716.0489913718847
BBO,F6,16,715.3751212198047
BBO,F6,17,718.2762667877346
BBO,F6,18,717.1675386899112
BBO,F6,19,707.0544363035532
BBO,F6,20,721.2867226586968
BBO,F6,21,714.3563730303608
BBO,F6,22,711.9276867945337
BBO,F6,23,716.6332680703324
BBO,F6,24,713.2260856855589
BBO,F6,25,715.6305647844497
BBO,F6,26,715.6488358339773
BBO,F6,27,717.8592136308145
BBO,F6,28,720.1730945902223
BBO,F6,29,714.5747005999816
BBO,F6,30,714.8118732586812
BBO,F7,1,4090.4367462814644
BBO,F7,2,4044.6382975049037
BBO,F7,3,4040.185635697009
BBO,F7,4,4039.749377166173
BBO,F7,5,4034.694892260025
BBO,F7,6,3978.4761593255726
BBO,F7,7,4019.4153680899176
BBO,F7,8,4094.822029443155
BBO,F7,9,4051.048802493784
BBO,F7,10,4093.370325518672
BBO,F7,11,4039.457831917595
BBO,F7,12,4045.619354829294
BBO,F7,13,3981.3792997254395
BBO,F7,14,4013.8928829294737
BBO,F7,15,4115.221903949467
BBO,F7,16,4105.152438621525
BBO,F7,17,4031.0846893722887
BBO,F7,18,4080.217652786811
BBO,F7,19,4070.365640682182
BBO,F7,20,4080.213040631703
BBO,F7,21,4020.1168097785358
BBO,F7,22,4070.4286924824005
BBO,F7,23,4103.488981770255
BBO,F7,24,4038.6621324238386
BBO,F7,25,3982.3595493791818
BBO,F7,26,4050.249937789259
BBO,F7,27,4117.797819864212
BBO,F7,28,4041.6200906520685
BBO,F7,29,3947.7429878094063
BBO,F7,30,4072.7448248421833
BBO,F8,1,2671.332656443047
BBO,F8,2,2620.6342046643595
BBO,F8,3,2658.9012561264317
BBO,F8,4,2602.2876143330996
BBO,F8,5,2624.08684481889
BBO,F8,6,2661.4705403544376
BBO,F8,7,2663.5378731249893
BBO,F8,8,2577.645893305652
BBO,F8,9,2664.3181926309853
BBO,F8,10,2674.607577641891
BBO,F8,11,2615.462840338995
BBO,F8,12,2637.6517901516004
BBO,F8,13,2669.7956579681604
BBO,F8,14,2715.0038163542404
BBO,F8,15,2671.3449678570696
BBO,F8,16,2562.758986583274
BBO,F8,17,2697.7890560598753
BBO,F8,18,2645.3652143199297
BBO,F8,19,2582.10583149397
BBO,F8,20,2625.7099491709246
BBO,F8,21,2650.544167807645
BBO,F8,22,2667.072241354853
BBO,F8,23,2650.144723655255
BBO,F8,24,2643.687758200875
BBO,F8,25,2582.4563436706094
BBO,F8,26,2611.6241002091383
BBO,F8,27,2620.2953179180404
BBO,F8,28,2682.8833317114677
BBO,F8,29,2681.7264741822237
BBO,F8,30,2620.1231040833436
BBO,F9,1,85518.42261783149
BBO,F9,2,89293.45101057224
BBO,F9,3,88356.35375029159
BBO,F9,4,86221.35918048127
BBO,F9,5,88841.57460319561
BBO,F9,6,87865.99508949764
BBO,F9,7,85393.60088304235
BBO,F9,8,90212.17559732322
BBO,F9,9,86586.51865115821
BBO,F9,10,87604.40037296615
BBO,F9,11,86324.70515522354
BBO,F9,12,88260.74151518263
BBO,F9,13,80020.97521630501
BBO,F9,14,85765.39804202606
BBO,F9,15,88030.35690739706
BBO,F9,16,87043.87522094797
BBO,F9,17,86836.45988872809
BBO,F9,18,91636.52739429288
BBO,F9,19,92348.71948087707
BBO,F9,20,93710.09718839488
BBO,F9,21,87541.34402819951
BBO,F9,22,79649.54619122762
BBO,F9,23,85092.08316550795
BBO,F9,24,86163.37338901668
BBO,F9,25,84509.21982263842
BBO,F9,26,84875.11033941797
BBO,F9,27,83576.65887422374
BBO,F9,28,86910.27562359684
BBO,F9,29,86320.7675848629
BBO,F9,30,88288.7894575282
BBO,F10,1,33657.01705956421
BBO,F10,2,33737.587214691725
BBO,F10,3,34320.508264663
BBO,F10,4,32416.104495734675
BBO,F10,5,34060.29983789206
BBO,F10,6,34358.79502520999
BBO,F10,7,33542.40496524075
BBO,F10,8,32312.83408370571
BBO,F10,9,33682.69960354034
BBO,F10,10,33882.580621220644
BBO,F10,11,34133.70785147128
BBO,F10,12,30843.73466594319
BBO,F10,13,33911.873315191224
BBO,F10,14,33834.346014562885
BBO,F10,15,33749.18392562226
BBO,F10,16,34225.74543059594
BBO,F10,17,34097.4412383265
BBO,F10,18,34154.71215310365
BBO,F10,19,34095.04301576541
BBO,F10,20,33618.715704430186
BBO,F10,21,33389.8400254049
BBO,F10,22,33211.01887714127
BBO,F10,23,33761.60570316638
BBO,F10,24,33768.19698265086
BBO,F10,25,31649.563768735046
BBO,F10,26,33419.20472673651
BBO,F10,27,33439.70335727747
BBO,F10,28,32966.13045815088
BBO,F10,29,33320.42936013825
BBO,F10,30,33608.53667422438
BBO,F11,1,300220.64614254667
BBO,F11,2,435412.3820621495
BBO,F11,3,228436.09496604564
BBO,F11,4,472920.6369197145
BBO,F11,5,728323.234181038
BBO,F11,6,612792.8934427907
BBO,F11,7,282981.13812165416
BBO,F11,8,513837.8538773319
BBO,F11,9,245839.53235459045
BBO,F11,10,307981.11034271435
BBO,F11,11,572136.4328032822
BBO,F11,12,870561.7126181412
BBO,F11,13,1203649.7573131532
BBO,F11,14,346798.4986265019
BBO,F11,15,223149.27204804058
BBO,F11,16,325277.9626995875
BBO,F11,17,248713.99812354048
BBO,F11,18,403866.8457687421
BBO,F11,19,296388.72745610285
BBO,F11,20,819012.9887559427
BBO,F11,21,224170.8903443722
BBO,F11,22,229297.24925001763
BBO,F11,23,161764.65393081703
BBO,F11,24,256427.0706897683
BBO,F11,25,525071.5459104548
BBO,F11,26,574835.834958707
BBO,F11,27,358598.1229324266
BBO,F11,28,318542.9808884679
BBO,F11,29,446659.33303466823
BBO,F11,30,379911.6100828693
BBO,F12,1,211989571643.18713
BBO,F12,2,200011015642.68744
BBO,F12,3,194950508982.05975
BBO,F12,4,193851127888.68118
BBO,F12,5,197297794391.32187
BBO,F12,6,203510588536.72675
BBO,F12,7,197957586998.7759
BBO,F12,8,213041203590.6634
BBO,F12,9,204127352775.47583
BBO,F12,10,175230306780.674
BBO,F12,11,179489501501.08286
BBO,F12,12,224692968017.15747
BBO,F12,13,212169795564.25574
BBO,F12,14,200140460089.58105
BBO,F12,15,223029871126.21085
BBO,F12,16,197331907650.07077
BBO,F12,17,222889401294.7946
BBO,F12,18,204665089051.4772
BBO,F12,19,190208635141.92435
BBO,F12,20,208115239391.73853
BBO,F12,21,182761372472.57318
BBO,F12,22,225335508962.13403
BBO,F12,23,187098538208.3641
BBO,F12,24,179595875479.85287
BBO,F12,25,210893215061.87067
BBO,F12,26,212116380643.39676
BBO,F12,27,172740336098.08475
BBO,F12,28,224040371717.7871
BBO,F12,29,204717001446.18765
BBO,F12,30,191060029719.42194
BBO,F13,1,32487202191.10774
BBO,F13,2,40157789244.20289
BBO,F13,3,38142343073.584625
BBO,F13,4,47836491812.437096
BBO,F13,5,51060725666.708755
BBO,F13,6,43340806792.51273
BBO,F13,7,43185677124.298386
BBO,F13,8,52070505280.48796
BBO,F13,9,57696089186.89245
BBO,F13,10,51840981151.64596
BBO,F13,11,49937213542.95301
BBO,F13,12,45051807902.45392
BBO,F13,13,38381276554.033394
BBO,F13,14,41862490318.1424
BBO,F13,15,44411037344.82974
BBO,F13,16,49775270988.994156
BBO,F13,17,45385308364.57081
BBO,F13,18,47681791244.4921
BBO,F13,19,53392815613.36314
BBO,F13,20,46055070282.754105
BBO,F13,21,46603011820.367
BBO,F13,22,53123896493.1449
BBO,F13,23,46772048953.591095
BBO,F13,24,52235496900.78286
BBO,F13,25,42987140856.17389
BBO,F13,26,34748160539.54879
BBO,F13,27,48417410992.2092
BBO,F13,28,42263878648.99945
BBO,F13,29,45547995602.97654
BBO,F13,30,44983101273.05446
BBO,F14,1,220332035.1564474
BBO,F14,2,186869677.3287862
BBO,F14,3,321207080.867853
BBO,F14,4,414654604.9915958
BBO,F14,5,387379782.15515447
BBO,F14,6,95246711.39333016
BBO,F14,7,187307474.9919618
BBO,F14,8,124870147.51055408
BBO,F14,9,231230728.40946805
BBO,F14,10,314583098.8598589
BBO,F14,11,231266715.1242639
BBO,F14,12,256347225.4941955
BBO,F14,13,108894725.8041457
BBO,F14,14,271445655.9581166
BBO,F14,15,101981228.96874945
BBO,F14,16,193887170.33449334
BBO,F14,17,237985558.53154513
BBO,F14,18,150363089.2642137
BBO,F14,19,141580670.17224967
BBO,F14,20,139047137.27498823
BBO,F14,21,132594616.54183432
BBO,F14,22,217181999.12535846
BBO,F14,23,240789260.59352508
BBO,F14,24,355562737.66800874
BBO,F14,25,281376106.06115574
BBO,F14,26,304690709.26746345
BBO,F14,27,311018239.2404195
BBO,F14,28,130886975.2897673
BBO,F14,29,286629327.1650052
BBO,F14,30,340970970.6651018
BBO,F15,1,31992724921.997322
BBO,F15,2,29913869019.64939
BBO,F15,3,29297849596.565067
BBO,F15,4,30543780857.005898
BBO,F15,5,25654945330.875797
BBO,F15,6,31125737770.45298
BBO,F15,7,25412451768.719025
BBO,F15,8,34314342336.611603
BBO,F15,9,27072543118.560047
BBO,F15,10,26388614782.077473
BBO,F15,11,30220909286.7911
BBO,F15,12,30772978386.846806
BBO,F15,13,29103164697.9734
BBO,F15,14,32030560390.83357
BBO,F15,15,31636837010.128975
BBO,F15,16,28620975025.023617
BBO,F15,17,31640865381.30925
BBO,F15,18,25378063804.821976
BBO,F15,19,31494220672.6809
BBO,F15,20,28489067194.534023
BBO,F15,21,26792397480.861153
BBO,F15,22,32279171961.43628
BBO,F15,23,29069885722.43658
BBO,F15,24,24946495040.237556
BBO,F15,25,36218826941.03001
BBO,F15,26,19070094498.22893
BBO,F15,27,28539556188.64508
BBO,F15,28,31846297124.40038
BBO,F15,29,20138302782.91062
BBO,F15,30,28247245531.046738
BBO,F16,1,27782.550215350464
BBO,F16,2,28282.54678630977
BBO,F16,3,26804.983227128396
BBO,F16,4,25831.169970583567
BBO,F16,5,25449.219632627435
BBO,F16,6,25495.413310710166
BBO,F16,7,28177.3467420987
BBO,F16,8,25760.04588027943
BBO,F16,9,24889.403336899093
BBO,F16,10,25723.708105415957
BBO,F16,11,28648.87337415527
BBO,F16,12,25113.020364222495
BBO,F16,13,25258.06265381677
BBO,F16,14,26663.435357039405
BBO,F16,15,26827.308089698505
BBO,F16,16,21641.992100090276
BBO,F16,17,27672.65952958053
BBO,F16,18,30206.92334273534
BBO,F16,19,22322.003126787422
BBO,F16,20,28877.826213631044
BBO,F16,21,26166.229006235473
BBO,F16,22,24151.6183849258
BBO,F16,23,25511.554842061938
BBO,F16,24,23831.764108134183
BBO,F16,25,23959.21904694962
BBO,F16,26,30699.788498141304
BBO,F16,27,28360.44584329785
BBO,F16,28,23506.178354670516
BBO,F16,29,25027.02350109021
BBO,F16,30,31197.23921866141
BBO,F17,1,22327564.932987586
BBO,F17,2,21083692.11035924
BBO,F17,3,15649498.630737916
BBO,F17,4,16209561.406076858
BBO,F17,5,26800313.73767531
BBO,F17,6,26710455.871039253
BBO,F17,7,10819449.852697203
BBO,F17,8,9782801.073067205
BBO,F17,9,30188774.218645595
BBO,F17,10,19237831.82083489
BBO,F17,11,23838441.940237727
BBO,F17,12,34218594.83323542
BBO,F17,13,7221344.451781528
BBO,F17,14,9188932.058299094
BBO,F17,15,18012751.955470856
BBO,F17,16,29610733.23340944
BBO,F17,17,17127660.36067175
BBO,F17,18,12912965.528675366
BBO,F17,19,9108317.724139107
BBO,F17,20,19729191.84953424
BBO,F17,21,22761619.569341827
BBO,F17,22,19503028.27302053
BBO,F17,23,11109735.13462487
BBO,F17,24,30075952.457710557
BBO,F17,25,18223264.386041638
BBO,F17,26,11791217.114490394
BBO,F17,27,11918035.611944834
BBO,F17,28,13665709.856788013
BBO,F17,29,15156355.54962819
BBO,F17,30,14960589.972342473
BBO,F18,1,270427891.42127764
BBO,F18,2,261742571.04084456
BBO,F18,3,202788678.69459683
BBO,F18,4,85147036.2009158
BBO,F18,5,475232289.0726964
BBO,F18,6,324260196.94550097
BBO,F18,7,467347041.22028303
BBO,F18,8,152371541.8151318
BBO,F18,9,336943645.707386
BBO,F18,10,570075837.3033245
BBO,F18,11,312786427.2865494
BBO,F18,12,313520369.35728407
BBO,F18,13,279670372.6441274
BBO,F18,14,211310061.55248484
BBO,F18,15,445141899.67185646
BBO,F18,16,435559630.95571285
BBO,F18,17,292298750.7275731
BBO,F18,18,244566803.91250974
BBO,F18,19,204212105.0777151
BBO,F18,20,373859830.4492465
BBO,F18,21,469606724.08268535
BBO,F18,22,267895889.27888006
BBO,F18,23,175209874.91772443
BBO,F18,24,355754772.50545377
BBO,F18,25,210575630.36234042
BBO,F18,26,361010638.0469469
BBO,F18,27,425647488.08267605
BBO,F18,28,256429345.85139436
BBO,F18,29,414932857.85605866
BBO,F18,30,313750426.7348302
BBO,F19,1,27645835170.893127
BBO,F19,2,31123312909.836117
BBO,F19,3,28854932209.55169
BBO,F19,4,35004653364.29206
BBO,F19,5,24699521186.37508
BBO,F19,6,34101256540.609505
BBO,F19,7,31903864334.25713
BBO,F19,8,32264809276.346176
BBO,F19,9,24196198357.105686
BBO,F19,10,28460800173.590908
BBO,F19,11,30035886378.124603
BBO,F19,12,31196636137.14672
BBO,F19,13,24568920624.08674
BBO,F19,14,32678537363.071354
BBO,F19,15,23742662626.318928
BBO,F19,16,28661312602.390522
BBO,F19,17,26695977336.29421
BBO,F19,18,30908991667.73994
BBO,F19,19,31668522653.203506
BBO,F19,20,30704041021.183014
BBO,F19,21,21784983022.973595
BBO,F19,22,32804503370.481087
BBO,F19,23,23629375602.910873
BBO,F19,24,28070143497.840477
BBO,F19,25,29264937691.491642
BBO,F19,26,32534766908.69687
BBO,F19,27,30341927705.447678
BBO,F19,28,29757516102.339108
BBO,F19,29,26756264701.118164
BBO,F19,30,29730011500.673744
BBO,F20,1,8489.272766734119
BBO,F20,2,7997.062781547734
BBO,F20,3,8174.3571828933555
BBO,F20,4,8285.284983053058
BBO,F20,5,8157.712100428831
BBO,F20,6,8656.65834637026
BBO,F20,7,8665.386968557836
BBO,F20,8,8793.572457823491
BBO,F20,9,8163.161385864205
BBO,F20,10,8394.34125497256
BBO,F20,11,7958.430083855633
BBO,F20,12,8446.165805000419
BBO,F20,13,8323.971409689599
BBO,F20,14,8158.232794667675
BBO,F20,15,8048.60612824796
BBO,F20,16,8321.131906396888
BBO,F20,17,8550.933583565413
BBO,F20,18,8487.50743381098
BBO,F20,19,8317.555014177411
BBO,F20,20,8500.179369183657
BBO,F20,21,7947.645803994891
BBO,F20,22,8277.523467314772
BBO,F20,23,8192.825666392897
BBO,F20,24,8135.750621149301
BBO,F20,25,8270.11394124672
BBO,F20,26,8015.15764442073
BBO,F20,27,7928.220952959909
BBO,F20,28,8349.678957043525
BBO,F20,29,8747.57634383478
BBO,F20,30,8112.87366901816
BBO,F21,1,5593.445623082698
BBO,F21,2,5055.594801646037
BBO,F21,3,5439.178424750111
BBO,F21,4,5207.88647650001
BBO,F21,5,5233.5221621499995
BBO,F21,6,5179.496576480598
BBO,F21,7,5192.8049356684205
BBO,F21,8,4630.49697518484
BBO,F21,9,5066.579283720478
BBO,F21,10,4993.988363120972
BBO,F21,11,5024.760245680537
BBO,F21,12,5180.678366478485
BBO,F21,13,5255.4394153217045
BBO,F21,14,5075.944305451137
BBO,F21,15,5222.033684848071
BBO,F21,16,4980.399815217058
BBO,F21,17,4797.952826323163
BBO,F21,18,5457.9834635310035
BBO,F21,19,5452.829748196234
BBO,F21,20,4835.78116057893
BBO,F21,21,4865.313658330253
BBO,F21,22,5180.24046141211
BBO,F21,23,5114.11988485678
BBO,F21,24,5019.333458447457
BBO,F21,25,5119.837374848959
BBO,F21,26,5368.232500465547
BBO,F21,27,5134.558530538254
BBO,F21,28,5096.486912823773
BBO,F21,29,5320.862548304763
BBO,F21,30,5137.371523957846
BBO,F22,1,34982.687951348766
BBO,F22,2,35743.5896028846
BBO,F22,3,36112.471780960754
BBO,F22,4,35539.195578420076
BBO,F22,5,36618.712870176634
BBO,F22,6,35320.58342059373
BBO,F22,7,35533.84998838396
BBO,F22,8,35702.555137330666
BBO,F22,9,36469.672943918165
BBO,F22,10,34664.74819760681
BBO,F22,11,35228.32779351922
BBO,F22,12,35761.15726345381
BBO,F22,13,35858.50084295364
BBO,F22,14,35686.2481011336
BBO,F22,15,35267.95769099451
BBO,F22,16,36526.49399846469
BBO,F22,17,35849.68113416806
BBO,F22,18,36111.29146446596
BBO,F22,19,34881.3885004877
BBO,F22,20,36429.60517743848
BBO,F22,21,35551.70966555471
BBO,F22,22,36138.909834964536
BBO,F22,23,36444.83470632078
BBO,F22,24,36292.17733437755
BBO,F22,25,36348.208072265785
BBO,F22,26,36267.09202900164
BBO,F22,27,36351.03473928984
BBO,F22,28,36467.728144305234
BBO,F22,29,35758.54160762718
BBO,F22,30,34992.19230377727
BBO,F23,1,6753.535528172571
BBO,F23,2,6511.150207127747
BBO,F23,3,6736.107985005945
BBO,F23,4,7064.403293293671
BBO,F23,5,6606.249456923082
BBO,F23,6,6896.330172750684
BBO,F23,7,6796.018923893738
BBO,F23,8,6804.592802159498
BBO,F23,9,6687.035678648484
BBO,F23,10,6815.16077198092
BBO,F23,11,6462.41054578495
BBO,F23,12,6387.8067667563755
BBO,F23,13,6649.451215975882
BBO,F23,14,6656.452076208068
BBO,F23,15,6304.03582269592
BBO,F23,16,6801.596421928087
BBO,F23,17,6780.586713676328
BBO,F23,18,6741.165770809188
BBO,F23,19,6684.153999138123
BBO,F23,20,6663.027535200121
BBO,F23,21,6808.682020400792
BBO,F23,22,6428.8365978779775
BBO,F23,23,6901.182876971128
BBO,F23,24,6727.143209905257
BBO,F23,25,6377.80934576071
BBO,F23,26,6489.93586173068
BBO,F23,27,6946.219775135253
BBO,F23,28,6976.822623887512
BBO,F23,29,6869.2453208023635
BBO,F23,30,6806.348266123641
BBO,F24,1,10112.796589957863
BBO,F24,2,10384.801194231255
BBO,F24,3,9467.254814870834
BBO,F24,4,10289.883604903425
BBO,F24,5,10604.74805842471
BBO,F24,6,9912.729118685424
BBO,F24,7,10686.280735581657
BBO,F24,8,10201.123621031653
BBO,F24,9,10455.323414071201
BBO,F24,10,9752.696592614508
BBO,F24,11,10592.533966753539
BBO,F24,12,9992.863389598806
BBO,F24,13,9547.616724656318
BBO,F24,14,9846.806684305406
BBO,F24,15,10699.443945602336
BBO,F24,16,11276.114000922864
BBO,F24,17,10494.490816774663
BBO,F24,18,11302.392559187329
BBO,F24,19,9992.79756078769
BBO,F24,20,10800.702031985753
BBO,F24,21,9874.173280773135
BBO,F24,22,10387.12657541615
BBO,F24,23,10748.960283522112
BBO,F24,24,10225.939849812188
BBO,F24,25,10756.655364357794
BBO,F24,26,10237.587097800566
BBO,F24,27,9554.036460825395
BBO,F24,28,9862.651345842281
BBO,F24,29,10002.604082375621
BBO,F24,30,10483.10315554414
BBO,F25,1,28969.63714792131
BBO,F25,2,32494.03071593744
BBO,F25,3,29928.176307360154
BBO,F25,4,30990.609385368913
BBO,F25,5,29442.355780661317
BBO,F25,6,29675.41640943899
BBO,F25,7,27976.743722982596
BBO,F25,8,32318.3239515283
BBO,F25,9,32374.924318286343
BBO,F25,10,31976.486628906667
BBO,F25,11,29805.12824947413
BBO,F25,12,30141.345956269466
BBO,F25,13,30872.815514252547
BBO,F25,14,31932.139243007034
BBO,F25,15,29490.60029058845
BBO,F25,16,33049.083111019645
BBO,F25,17,32319.476156855548
BBO,F25,18,30259.880915287737
BBO,F25,19,31407.676691726196
BBO,F25,20,29119.728265033198
BBO,F25,21,31615.255031771776
BBO,F25,22,30458.53241496438
BBO,F25,23,30010.102000225226
BBO,F25,24,27656.83420212135
BBO,F25,25,31663.176003876742
BBO,F25,26,31085.894778096837
BBO,F25,27,29792.078315228086
BBO,F25,28,28717.41006579457
BBO,F25,29,27626.091088478195
BBO,F25,30,32091.56846972403
BBO,F26,1,59193.46994558252
BBO,F26,2,59970.46698924145
BBO,F26,3,59464.788825583564
BBO,F26,4,60219.511459174886
BBO,F26,5,56660.87015518416
BBO,F26,6,55896.93831219355
BBO,F26,7,57847.15580291692
BBO,F26,8,59843.2780150916
BBO,F26,9,61252.961814332506
BBO,F26,10,57942.51482289184
BBO,F26,11,58350.517690101144
BBO,F26,12,59958.938832707056
BBO,F26,13,58792.75571310271
BBO,F26,14,59261.189059387994
BBO,F26,15,58034.77389409351
BBO,F26,16,57854.965624284356
BBO,F26,17,56095.99065091685
BBO,F26,18,57510.28518134059
BBO,F26,19,57877.222937027545
BBO,F26,20,55222.32739034125
BBO,F26,21,59153.943194804466
BBO,F26,22,58619.17646269295
BBO,F26,23,58513.579493042154
BBO,F26,24,61355.47881464272
BBO,F26,25,60667.33424259252
BBO,F26,26,54788.854817307656
BBO,F26,27,60618.650043036374
BBO,F26,28,59722.4560523571
BBO,F26,29,60194.711276740236
BBO,F26,30,61470.39539558649
BBO,F27,1,16997.727916131633
BBO,F27,2,12642.632122347637
BBO,F27,3,18114.84947484539
BBO,F27,4,15089.706539531395
BBO,F27,5,14562.464014767222
BBO,F27,6,16344.085029862772
BBO,F27,7,17712.019731020155
BBO,F27,8,15242.438804342057
BBO,F27,9,14925.990579892663
BBO,F27,10,16549.07126559048
BBO,F27,11,12843.91906480129
BBO,F27,12,16354.291251627326
BBO,F27,13,17482.422676156933
BBO,F27,14,14495.129165123153
BBO,F27,15,15025.180754952136
BBO,F27,16,15909.950919628242
BBO,F27,17,16144.751855811675
BBO,F27,18,14072.637963582525
BBO,F27,19,14292.737265563208
BBO,F27,20,15166.773748752596
BBO,F27,21,14955.240915467652
BBO,F27,22,15888.052565413376
BBO,F27,23,13815.215949648195
BBO,F27,24,17907.886978161867
BBO,F27,25,13784.027518302964
BBO,F27,26,14117.372543320085
BBO,F27,27,17774.73010121769
BBO,F27,28,15862.950833571062
BBO,F27,29,16957.02523472841
BBO,F27,30,14759.192045592878
BBO,F28,1,38149.00401276907
BBO,F28,2,39803.564077427676
BBO,F28,3,37727.10549018241
BBO,F28,4,40161.15868609298
BBO,F28,5,37420.02345902873
BBO,F28,6,39975.002025844056
BBO,F28,7,40451.31783562858
BBO,F28,8,37722.85014626213
BBO,F28,9,39290.96404910424
BBO,F28,10,34985.06321251003
BBO,F28,11,37657.2080802932
BBO,F28,12,38753.81612855355
BBO,F28,13,38520.043117758156
BBO,F28,14,38508.52295829016
BBO,F28,15,39543.91470634546
BBO,F28,16,37447.22642742808
BBO,F28,17,41327.219048157865
BBO,F28,18,38986.22207403796
BBO,F28,19,38378.821923595315
BBO,F28,20,37987.746053687566
BBO,F28,21,37365.479498969624
BBO,F28,22,40630.33820339164
BBO,F28,23,39270.03463849262
BBO,F28,24,37939.88401970962
BBO,F28,25,36752.31244649207
BBO,F28,26,39495.053751233914
BBO,F28,27,38510.48366285991
BBO,F28,28,37868.13135291969
BBO,F28,29,37726.68168682751
BBO,F28,30,36761.43147945632
BBO,F29,1,1273410.6578197726
BBO,F29,2,1848360.3579628684
BBO,F29,3,988241.6960381764
BBO,F29,4,31712.233228311197
BBO,F29,5,145866.95928338348
BBO,F29,6,315288.41771368455
BBO,F29,7,548455.4869854858
BBO,F29,8,792780.2695699886
BBO,F29,9,314069.7767657713
BBO,F29,10,958717.5348596987
BBO,F29,11,300852.9478256351
BBO,F29,12,444873.93571760674
BBO,F29,13,2123586.197651926
BBO,F29,14,717971.3937475678
BBO,F29,15,724401.7420164887
BBO,F29,16,545967.4758600184
BBO,F29,17,1652459.8472566789
BBO,F29,18,432358.4740948025
BBO,F29,19,931273.3610129346
BBO,F29,20,1074429.2500970243
BBO,F29,21,1201131.153729777
BBO,F29,22,49756.27091063307
BBO,F29,23,1287713.0320002758
BBO,F29,24,1095436.761197255
BBO,F29,25,784803.2110436566
BBO,F29,26,1597699.5736019234
BBO,F29,27,722425.0703898312
BBO,F29,28,1316538.3921793685
BBO,F29,29,1907615.237886166
BBO,F29,30,1866198.6258394234
BBO,F30,1,42354348474.912895
BBO,F30,2,44928528722.27392
BBO,F30,3,41561269712.192535
BBO,F30,4,39796397889.2552
BBO,F30,5,46767090365.37125
BBO,F30,6,36480055871.72414
BBO,F30,7,38814664566.48503
BBO,F30,8,47783374487.552246
BBO,F30,9,49464414744.48178
BBO,F30,10,49744122550.05211
BBO,F30,11,43686397427.87515
BBO,F30,12,48455805533.14918
BBO,F30,13,42573137672.24271
BBO,F30,14,48098191897.54999
BBO,F30,15,45166803530.99295
BBO,F30,16,42506534067.62942
BBO,F30,17,44683101389.39704
BBO,F30,18,34504058548.049286
BBO,F30,19,46053264116.71358
BBO,F30,20,46342415376.944824
BBO,F30,21,47965892113.179535
BBO,F30,22,41839100104.347305
BBO,F30,23,46736133349.27369
BBO,F30,24,47766804108.88196
BBO,F30,25,41290581012.84787
BBO,F30,26,45412322079.03344
BBO,F30,27,42635577781.761116
BBO,F30,28,44532903905.44216
BBO,F30,29,42753304620.69541
BBO,F30,30,29813373926.99704
CS,F1,1,341935412922.47504
CS,F1,2,452327108846.2057
CS,F1,3,386681669514.2806
CS,F1,4,372659195784.8372
CS,F1,5,297043035211.1504
CS,F1,6,552267918541.8182
CS,F1,7,366318710264.7834
CS,F1,8,317899048418.81537
CS,F1,9,427961960152.31836
CS,F1,10,533551481707.81256
CS,F1,11,329662780066.22064
CS,F1,12,517278786104.35596
CS,F1,13,430345649777.45544
CS,F1,14,322895002856.5198
CS,F1,15,389661327870.8694
CS,F1,16,343444125078.32306
CS,F1,17,341178621618.2467
CS,F1,18,384968408045.9925
CS,F1,19,342421822774.3564
CS,F1,20,340084101344.2107
CS,F1,21,409839239717.6895
CS,F1,22,477640541271.1047
CS,F1,23,374310856659.1952
CS,F1,24,349773858605.3061
CS,F1,25,472163129771.68146
CS,F1,26,382125538036.2381
CS,F1,27,406101078508.47003
CS,F1,28,440732360886.8446
CS,F1,29,378885561028.67847
CS,F1,30,404841122486.5315
CS,F3,1,1021394.2833992032
CS,F3,2,982935.3166271321
CS,F3,3,1021844.4452676247
CS,F3,4,924984.893569709
CS,F3,5,1098526.8754066883
CS,F3,6,1222736.2124620585
CS,F3,7,825911.0357121008
CS,F3,8,1109198841.4755936
CS,F3,9,788441.7990365666
CS,F3,10,897808.2565731128
CS,F3,11,892862.3292666598
CS,F3,12,1061942.9626214963
CS,F3,13,1072599.7462410496
CS,F3,14,879867.4495375896
CS,F3,15,919806.1632506119
CS,F3,16,1000681.7970766338
CS,F3,17,872511.0649112297
CS,F3,18,827195.0144618142
CS,F3,19,742700.9805890427
CS,F3,20,917941.3484539258
CS,F3,21,785775.735226
CS,F3,22,1112649.0484909886
CS,F3,23,871896.7560845156
CS,F3,24,1136193.402526166
CS,F3,25,866358.4758255515
CS,F3,26,1481184.200764387
CS,F3,27,888751.2750445973
CS,F3,28,853504.4372961281
CS,F3,29,931576.3395085508
CS,F3,30,885179.8842561854
CS,F4,1,126002.45407722659
CS,F4,2,131861.1746824646
CS,F4,3,204051.094662128
CS,F4,4,323380.76508301566
CS,F4,5,119597.12086712499
CS,F4,6,111653.46421340886
CS,F4,7,232148.851941211
CS,F4,8,384222.6356560773
CS,F4,9,157553.56575772428
CS,F4,10,240823.78196865218
CS,F4,11,173291.70093724589
CS,F4,12,289146.6068942302
CS,F4,13,146741.1696295421
CS,F4,14,109326.26611687725
CS,F4,15,126849.79842594491
CS,F4,16,199933.16371924474
CS,F4,17,153496.7763765044
CS,F4,18,137917.40513467076
CS,F4,19,133563.56834537548
CS,F4,20,264416.62978473736
CS,F4,21,177122.26546432995
CS,F4,22,157613.96878116863
CS,F4,23,140094.99900922136
CS,F4,24,191647.75373114223
CS,F4,25,87823.86757994755
CS,F4,26,122312.38457872582
CS,F4,27,244823.82753304104
CS,F4,28,195996.44617361375
CS,F4,29,185872.64486573805
CS,F4,30,164478.68702792
CS,F5,1,2645.7733900590238
CS,F5,2,2532.5290214015004
CS,F5,3,2379.175257336124
CS,F5,4,2602.523738598392
CS,F5,5,2434.036710229614
CS,F5,6,2766.5158248470016
CS,F5,7,2950.003317711
CS,F5,8,2097.7064531135075
CS,F5,9,2592.1762604913606
CS,F5,10,2520.125427087991
CS,F5,11,2488.0630371920747
CS,F5,12,2643.7860911600847
CS,F5,13,2442.4958728829242
CS,F5,14,2442.092818229697
CS,F5,15,2594.450522401943
CS,F5,16,2738.2056131906306
CS,F5,17,2451.426271714545
CS,F5,18,2572.194769761035
CS,F5,19,2641.2193915563544
CS,F5,20,2442.5946252468398
CS,F5,21,2496.7415130673244
CS,F5,22,2341.0604009191447
CS,F5,23,2789.4066817100074
CS,F5,24,2844.5214591627882
CS,F5,25,2590.657498251383
CS,F5,26,2446.7790401855545
CS,F5,27,3029.5851579203177
CS,F5,28,2722.222795459011
CS,F5,29,2650.220478279785
CS,F5,30,2564.5788690361296
CS,F6,1,717.4714345400159
CS,F6,2,727.6398247341464
CS,F6,3,733.527638919471
CS,F6,4,740.7326853181835
CS,F6,5,724.4111084313801
CS,F6,6,726.835258456647
CS,F6,7,755.2115633822169
CS,F6,8,749.3623507505922
CS,F6,9,734.2914209333891
CS,F6,10,760.2935427510735
CS,F6,11,766.7860518321664
CS,F6,12,721.0000975636842
CS,F6,13,739.3218251342095
CS,F6,14,736.0818299975144
CS,F6,15,747.4290663142241
CS,F6,16,722.5944929941893
CS,F6,17,749.311676774645
CS,F6,18,738.73914239007
CS,F6,19,732.5014370343437
CS,F6,20,720.9455049068813
CS,F6,21,724.3953214757166
CS,F6,22,725.2747923410865
CS,F6,23,730.1266198751299
CS,F6,24,726.3275140710787
CS,F6,25,714.5529610392149
CS,F6,26,735.3800201398303
CS,F6,27,720.8546233898186
CS,F6,28,747.0248486602679
CS,F6,29,742.3186255333335
CS,F6,30,733.7688579829555
CS,F7,1,7912.862097001302
CS,F7,2,9675.285626017923
CS,F7,3,9742.259001682072
CS,F7,4,9982.0856154947
CS,F7,5,6609.94537678287
CS,F7,6,7833.966776596048
CS,F7,7,8146.917266418584
CS,F7,8,8069.535403048312
CS,F7,9,6456.883213467746
CS,F7,10,9056.415421376358
CS,F7,11,8755.392164862413
CS,F7,12,6415.663429439124
CS,F7,13,9873.527034965286
CS,F7,14,9212.297198250031
CS,F7,15,9786.409733092245
CS,F7,16,7820.769193134751
CS,F7,17,8190.038978141966
CS,F7,18,7800.278397551422
CS,F7,19,8823.569264147134
CS,F7,20,8353.662374656602
CS,F7,21,8862.830284318508
CS,F7,22,7693.453512132164
CS,F7,23,7471.439114008274
CS,F7,24,10408.889346952434
CS,F7,25,6973.740481400988
CS,F7,26,7444.826062110764
CS,F7,27,8116.860456741289
CS,F7,28,11331.992864733917
CS,F7,29,8131.983980907094
CS,F7,30,8907.612415418313
CS,F8,1,3348.237794812857
CS,F8,2,2759.8711807221057
CS,F8,3,2737.9656994309526
CS,F8,4,2744.7152567000558
CS,F8,5,3021.2663453714767
CS,F8,6,2849.2126863152057
CS,F8,7,3127.305607834604
CS,F8,8,2582.904108406384
CS,F8,9,3001.6676567853237
CS,F8,10,3027.6588404562017
CS,F8,11,3261.5219320567253
CS,F8,12,2924.902644742895
CS,F8,13,3487.326589954842
CS,F8,14,3229.5740454131915
CS,F8,15,3097.307775818603
CS,F8,16,3088.1048352966777
CS,F8,17,2887.145442652318
CS,F8,18,2661.9898548793417
CS,F8,19,2504.1841375953727
CS,F8,20,2796.155873282445
CS,F8,21,3143.280481932164
CS,F8,22,2825.835848801025
CS,F8,23,3033.4919186121165
CS,F8,24,2777.186927809617
CS,F8,25,2775.210007279664
CS,F8,26,2644.405353914113
CS,F8,27,3545.6425840983716
CS,F8,28,3027.9295347808734
CS,F8,29,2900.2124430479103
CS,F8,30,3195.107516920178
CS,F9,1,158425.18461021144
CS,F9,2,139753.52858084667
CS,F9,3,119236.57255501028
CS,F9,4,185859.813624816
CS,F9,5,162716.56402757822
CS,F9,6,128959.40546027198
CS,F9,7,149199.58385013614
CS,F9,8,192183.61388577134
CS,F9,9,206321.04701195625
CS,F9,10,153277.89589946117
CS,F9,11,107670.60226436522
CS,F9,12,128567.35505794676
CS,F9,13,201974.40041274618
CS,F9,14,157179.19146126282
CS,F9,15,118809.07374668196
CS,F9,16,145637.55722996694
CS,F9,17,162530.45405802823
CS,F9,18,151086.82055486285
CS,F9,19,166025.9832944744
CS,F9,20,90099.00879147906
CS,F9,21,120349.6312303717
CS,F9,22,172003.37305919424
CS,F9,23,158249.64561326272
CS,F9,24,150400.36141171362
CS,F9,25,100954.70929783059
CS,F9,26,195504.8868391064
CS,F9,27,152330.78331774057
CS,F9,28,170536.9343066712
CS,F9,29,119444.85034608727
CS,F9,30,181912.37291748088
CS,F10,1,31838.900390683324
CS,F10,2,34009.83728493194
CS,F10,3,31883.51516809027
CS,F10,4,32955.192406194576
CS,F10,5,33106.928818242544
CS,F10,6,32605.354778144934
CS,F10,7,30998.553873274315
CS,F10,8,34113.763937119526
CS,F10,9,33923.32089318154
CS,F10,10,31987.91317104226
CS,F10,11,33396.53748485005
CS,F10,12,33738.212153357745
CS,F10,13,34530.709643093796
CS,F10,14,33916.84552653795
CS,F10,15,34388.156512629204
CS,F10,16,30404.68104868287
CS,F10,17,31844.13795436259
CS,F10,18,32476.192998873157
CS,F10,19,33258.72102249846
CS,F10,20,31434.831413428183
CS,F10,21,35620.921468960194
CS,F10,22,33838.284695372044
CS,F10,23,32130.63140987928
CS,F10,24,33566.132911951885
CS,F10,25,33712.78984354036
CS,F10,26,33264.268983510716
CS,F10,27,33400.24380543496
CS,F10,28,33626.404950160366
CS,F10,29,33092.915411735354
CS,F10,30,34604.498647288514
CS,F11,1,558381.5702995035
CS,F11,2,609667.0644355878
CS,F11,3,273013.7118906805
CS,F11,4,1147550.4740892176
CS,F11,5,561001.3452300138
CS,F11,6,411136.0155723474
CS,F11,7,621457.226578212
CS,F11,8,658053.382173612
CS,F11,9,583393.1274678011
CS,F11,10,536171.7540047996
CS,F11,11,451606.84583366377
CS,F11,12,12105498.885696124
CS,F11,13,613066.8758026147
CS,F11,14,370751.3097228033
CS,F11,15,588194.0718951116
CS,F11,16,658222.2459871855
CS,F11,17,640078.35423853
CS,F11,18,600668.2238637527
CS,F11,19,480771.02173957427
CS,F11,20,764825.7180145477
CS,F11,21,418298.34743945056
CS,F11,22,546087.0676737877
CS,F11,23,641886.3259740856
CS,F11,24,3996874330.1073737
CS,F11,25,505858.6277222708
CS,F11,26,765742.6006937413
CS,F11,27,602461.6987778441
CS,F11,28,506355.40996229596
CS,F11,29,438873.9410282259
CS,F11,30,415530.3333894236
CS,F12,1,244917308737.3129
CS,F12,2,197363537129.12338
CS,F12,3,225211007854.0396
CS,F12,4,302733790400.9196
CS,F12,5,228188089457.6623
CS,F12,6,268458894875.52536
CS,F12,7,272944026758.27432
CS,F12,8,206384720139.9437
CS,F12,9,232252124066.67615
CS,F12,10,280192320265.89685
CS,F12,11,236446322924.62012
CS,F12,12,307750960767.0141
CS,F12,13,262198497524.55457
CS,F12,14,297714871789.27716
CS,F12,15,235067434609.5464
CS,F12,16,228093400248.87772
CS,F12,17,306802720903.7393
CS,F12,18,227649267339.06635
CS,F12,19,245538970450.79483
CS,F12,20,286505211298.67633
CS,F12,21,191750350292.646
CS,F12,22,286330583730.4111
CS,F12,23,295000661642.5827
CS,F12,24,194703484124.44235
CS,F12,25,202326228860.67996
CS,F12,26,330523332010.2507
CS,F12,27,224139265347.77264
CS,F12,28,197217723080.0027
CS,F12,29,255412275947.55566
CS,F12,30,370113191903.5719
CS,F13,1,61029206362.3847
CS,F13,2,50192619668.88101
CS,F13,3,34453982363.38808
CS,F13,4,72346916220.29572
CS,F13,5,57885016458.496056
CS,F13,6,83277974826.12514
CS,F13,7,67209077974.59164
CS,F13,8,47980139141.34427
CS,F13,9,59930713927.85761
CS,F13,10,49258099552.67032
CS,F13,11,60062620585.902794
CS,F13,12,95515939127.45073
CS,F13,13,58579681565.49105
CS,F13,14,56192543622.76431
CS,F13,15,50186030033.71617
CS,F13,16,49920921561.85586
CS,F13,17,37408899727.79636
CS,F13,18,72744450973.15059
CS,F13,19,77436921845.43343
CS,F13,20,32161014243.09451
CS,F13,21,75231906595.19681
CS,F13,22,68555815617.17414
CS,F13,23,32611864684.482185
CS,F13,24,67535025963.552
CS,F13,25,48148516208.49455
CS,F13,26,62540838880.98119
CS,F13,27,77345231658.76897
CS,F13,28,115541477963.92867
CS,F13,29,60542481701.77291
CS,F13,30,44027669951.72407
CS,F14,1,407038470.1145977
CS,F14,2,217327629.54701915
CS,F14,3,43076820.23046983
CS,F14,4,446449032.06837374
CS,F14,5,354034596.9327656
CS,F14,6,243141753.25743252
CS,F14,7,779133554.4339908
CS,F14,8,421308016.82736456
CS,F14,9,572124136.9153737
CS,F14,10,506489220.707303
CS,F14,11,236898083.16968066
CS,F14,12,889335347.7039982
CS,F14,13,534714851.00004506
CS,F14,14,337774537.2550472
CS,F14,15,194638900.60391912
CS,F14,16,465998786.94169474
CS,F14,17,806672984.7100322
CS,F14,18,716643709.0160315
CS,F14,19,365450114.2287254
CS,F14,20,655164579.5499117
CS,F14,21,83063523.42058563
CS,F14,22,229200550.91654816
CS,F14,23,96559363.54364136
CS,F14,24,315834882.18653136
CS,F14,25,216929740.08530024
CS,F14,26,227084641.78089768
CS,F14,27,1410446598.192442
CS,F14,28,1339483225.4588513
CS,F14,29,249717114.1729346
CS,F14,30,386936790.5730967
CS,F15,1,23231386038.308582
CS,F15,2,23798348267.078876
CS,F15,3,15500637199.591667
CS,F15,4,51689374703.42509
CS,F15,5,59432988129.23969
CS,F15,6,34502212981.02293
CS,F15,7,32523833847.11674
CS,F15,8,67792083609.76745
CS,F15,9,36488749391.91808
CS,F15,10,23069618995.74809
CS,F15,11,27188399252.19109
CS,F15,12,28790101843.06128
CS,F15,13,19268849242.239895
CS,F15,14,39666966132.62079
CS,F15,15,29271308478.916477
CS,F15,16,22180114808.341434
CS,F15,17,28771392795.203197
CS,F15,18,25758614551.54693
CS,F15,19,22255453501.736538
CS,F15,20,30998117932.562244
CS,F15,21,37430377191.110214
CS,F15,22,41791608467.27849
CS,F15,23,55266014073.35859
CS,F15,24,22452638315.67047
CS,F15,25,37804422002.68456
CS,F15,26,40873983416.5091
CS,F15,27,18044042625.982277
CS,F15,28,35075160882.88527
CS,F15,29,36188480282.12401
CS,F15,30,24194361222.52265
CS,F16,1,32308.30414473646
CS,F16,2,30819.123453985943
CS,F16,3,21665.544850728955
CS,F16,4,33314.11206979767
CS,F16,5,29243.3387626999
CS,F16,6,38313.77379580203
CS,F16,7,32776.08576866349
CS,F16,8,25846.21292251633
CS,F16,9,23388.742077157236
CS,F16,10,22797.491245909572
CS,F16,11,46033.64536902183
CS,F16,12,22927.146641757074
CS,F16,13,27976.325719904322
CS,F16,14,38353.756369176575
CS,F16,15,34765.72798437744
CS,F16,16,19721.80220773507
CS,F16,17,35675.51081347093
CS,F16,18,35471.1497357345
CS,F16,19,30908.947650007663
CS,F16,20,18689.046091281023
CS,F16,21,30547.280929977183
CS,F16,22,27561.097869951795
CS,F16,23,20094.594569887715
CS,F16,24,31875.858337729136
CS,F16,25,35654.44865007092
CS,F16,26,34956.36950824493
CS,F16,27,25482.63588570887
CS,F16,28,36058.20680884005
CS,F16,29,24865.932013859667
CS,F16,30,28937.51033095781
CS,F17,1,13433863.696668332
CS,F17,2,16826026.967278574
CS,F17,3,5572591.11282929
CS,F17,4,160977614.38883397
CS,F17,5,16084676.643438924
CS,F17,6,144662778.36733383
CS,F17,7,8114112.736011425
CS,F17,8,542970.2555516483
CS,F17,9,131590668.71193275
CS,F17,10,54483825.1015519
CS,F17,11,9217688.919746138
CS,F17,12,7557814.662930407
CS,F17,13,15080511.688521747
CS,F17,14,7271450.076339921
CS,F17,15,18210936.482332945
CS,F17,16,8830001.262682876
CS,F17,17,2470990.0162991732
CS,F17,18,10857768.216077171
CS,F17,19,2824262.9770661276
CS,F17,20,102522144.4866501
CS,F17,21,45101558.72202075
CS,F17,22,1186536.8797309643
CS,F17,23,8912298.064110408
CS,F17,24,5958757.310408039
CS,F17,25,3555368.8909462155
CS,F17,26,40226417.52641113
CS,F17,27,29656624.64473955
CS,F17,28,28066719.416052934
CS,F17,29,11029271.565037819
CS,F17,30,1118160.060258259
CS,F18,1,420465067.57425714
CS,F18,2,1372376783.5071023
CS,F18,3,167016391.2013837
CS,F18,4,418992248.6900223
CS,F18,5,486509697.1521889
CS,F18,6,707784643.1731774
CS,F18,7,872785907.4152375
CS,F18,8,868452418.4263824
CS,F18,9,210436851.68252814
CS,F18,10,640676780.043608
CS,F18,11,523819881.0228933
CS,F18,12,785737358.8191417
CS,F18,13,408217164.96454513
CS,F18,14,532011337.3493879
CS,F18,15,1069788991.6305017
CS,F18,16,1160153705.434246
CS,F18,17,167294940.90398014
CS,F18,18,381354057.78649116
CS,F18,19,242249755.27466232
CS,F18,20,795069545.3832438
CS,F18,21,500316451.5881031
CS,F18,22,150866926.41601336
CS,F18,23,656909700.00102
CS,F18,24,585252827.8707116
CS,F18,25,255988269.60023943
CS,F18,26,1909047269.0624616
CS,F18,27,1247134832.9448483
CS,F18,28,1204871995.5485406
CS,F18,29,1207688364.0125153
CS,F18,30,1169299196.290994
CS,F19,1,36686109358.81249
CS,F19,2,40869762101.89926
CS,F19,3,32719980291.03359
CS,F19,4,35442653118.62578
CS,F19,5,18329557370.54128
CS,F19,6,35181439234.251175
CS,F19,7,52936479501.8041
CS,F19,8,28802546514.898655
CS,F19,9,24848801727.412304
CS,F19,10,37692384919.785164
CS,F19,11,41515480056.562775
CS,F19,12,34669703556.85457
CS,F19,13,22603902695.97171
CS,F19,14,34321612775.125717
CS,F19,15,40752085697.324745
CS,F19,16,31477416113.30871
CS,F19,17,51768134125.08037
CS,F19,18,33976838914.870537
CS,F19,19,19857288124.092487
CS,F19,20,26233819884.862873
CS,F19,21,39440604147.587326
CS,F19,22,38824786127.93294
CS,F19,23,19818707431.73168
CS,F19,24,20388302689.198837
CS,F19,25,32345469506.897743
CS,F19,26,27055762009.682384
CS,F19,27,32951967046.40991
CS,F19,28,26983460363.971474
CS,F19,29,19871677968.947094
CS,F19,30,23847303531.435555
CS,F20,1,8608.018776616831
CS,F20,2,9895.342978584762
CS,F20,3,8809.087613338397
CS,F20,4,8448.04443436567
CS,F20,5,9154.595012968832
CS,F20,6,8926.37877423819
CS,F20,7,8330.022237035108
CS,F20,8,8340.947506135994
CS,F20,9,8341.81031600961
CS,F20,10,8277.880263022342
CS,F20,11,8901.667298442266
CS,F20,12,8809.185086719139
CS,F20,13,7417.996101986571
CS,F20,14,8565.797831535507
CS,F20,15,9230.894598022986
CS,F20,16,7620.893501497261
CS,F20,17,8007.03100478718
CS,F20,18,8526.005996487253
CS,F20,19,8362.589632155512
CS,F20,20,8357.979667671698
CS,F20,21,8521.294956794385
CS,F20,22,7937.6540918730025
CS,F20,23,8528.14077106192
CS,F20,24,9150.051953007656
CS,F20,25,7770.781295299788
CS,F20,26,8984.377357742549
CS,F20,27,8806.046594455232
CS,F20,28,7275.402765204272
CS,F20,29,8369.435137740526
CS,F20,30,8593.158066543012
CS,F21,1,5165.213362575989
CS,F21,2,4834.3487840739435
CS,F21,3,5163.587997294998
CS,F21,4,5093.718448904678
CS,F21,5,4323.879513133759
CS,F21,6,4696.361911157659
CS,F21,7,5321.327186578849
CS,F21,8,4955.097849268632
CS,F21,9,4630.046865743702
CS,F21,10,4982.912695023221
CS,F21,11,4697.634690536886
CS,F21,12,4966.110253371844
CS,F21,13,4904.79274301483
CS,F21,14,5589.22732261829
CS,F21,15,5251.925432704078
CS,F21,16,5335.0010014597665
CS,F21,17,5091.884411562945
CS,F21,18,4990.856757586114
CS,F21,19,4802.028138415438
CS,F21,20,4540.778946804781
CS,F21,21,5069.942065681751
CS,F21,22,5320.404144501155
CS,F21,23,5720.74478275033
CS,F21,24,5471.513379242091
CS,F21,25,5355.517621662841
CS,F21,26,4827.608700236412
CS,F21,27,4627.324750793563
CS,F21,28,5130.894147150781
CS,F21,29,4864.999586391887
CS,F21,30,4744.445121457123
CS,F22,1,32819.92587568148
CS,F22,2,35451.74261539774
CS,F22,3,37410.26784837892
CS,F22,4,35903.0505150009
CS,F22,5,34732.817155754776
CS,F22,6,34628.13829049487
CS,F22,7,35297.61224076137
CS,F22,8,37703.5868685562
CS,F22,9,32401.12456881491
CS,F22,10,36680.06141742627
CS,F22,11,38014.143663458584
CS,F22,12,36873.57650705589
CS,F22,13,38577.45086294405
CS,F22,14,37098.59986141526
CS,F22,15,35604.34742347149
CS,F22,16,35892.9806437392
CS,F22,17,35952.95350426853
CS,F22,18,35443.23190770061
CS,F22,19,37149.43696287509
CS,F22,20,36826.72761014747
CS,F22,21,35721.23668379095
CS,F22,22,32860.317460829814
CS,F22,23,35954.47435631254
CS,F22,24,34659.884884290346
CS,F22,25,37355.29436762213
CS,F22,26,39432.202397664354
CS,F22,27,32025.191283172288
CS,F22,28,35460.939841387226
CS,F22,29,37544.73074179264
CS,F22,30,32869.944727820315
CS,F23,1,6278.841773449633
CS,F23,2,6580.697584695479
CS,F23,3,7552.94139830188
CS,F23,4,6636.195031830322
CS,F23,5,5980.6181186452795
CS,F23,6,7594.160146111432
CS,F23,7,7039.504889498811
CS,F23,8,7349.86064012904
CS,F23,9,7504.088448249682
CS,F23,10,7889.312997904754
CS,F23,11,6346.49616657121
CS,F23,12,6959.2520854741415
CS,F23,13,7517.164349245836
CS,F23,14,7373.247761048858
CS,F23,15,6922.806773739037
CS,F23,16,7358.880279868303
CS,F23,17,7814.75013944942
CS,F23,18,6337.07111555572
CS,F23,19,6579.9435117840285
CS,F23,20,6897.289037245884
CS,F23,21,7604.991161172439
CS,F23,22,7740.114608202446
CS,F23,23,7175.378141684053
CS,F23,24,6595.079371022728
CS,F23,25,6629.855271741044
CS,F23,26,6987.547783987636
CS,F23,27,6607.659162812355
CS,F23,28,7439.205903606649
CS,F23,29,6492.040152356505
CS,F23,30,7897.272426195097
CS,F24,1,13695.250790312371
CS,F24,2,11534.351230910755
CS,F24,3,13923.2978243687
CS,F24,4,10243.608753566194
CS,F24,5,11994.393152706443
CS,F24,6,11429.357904989243
CS,F24,7,16423.031113915255
CS,F24,8,12018.638658323433
CS,F24,9,12246.316545450816
CS,F24,10,16066.74297684943
CS,F24,11,12091.976494753466
CS,F24,12,11579.921878980676
CS,F24,13,11492.682905529695
CS,F24,14,14799.598166514274
CS,F24,15,13463.633094105584
CS,F24,16,13300.25151928771
CS,F24,17,13702.679009425065
CS,F24,18,11634.498100787003
CS,F24,19,13320.789871886978
CS,F24,20,11238.809238501037
CS,F24,21,13317.673173051238
CS,F24,22,12698.010556950603
CS,F24,23,13622.443911360007
CS,F24,24,10671.681468819464
CS,F24,25,15570.557263035536
CS,F24,26,14293.115520054722
CS,F24,27,12506.39019475855
CS,F24,28,11005.655318534356
CS,F24,29,13434.394053258206
CS,F24,30,14947.207259715782
CS,F25,1,57509.427078606386
CS,F25,2,68031.67508213336
CS,F25,3,73906.58449715907
CS,F25,4,52991.060346255756
CS,F25,5,85160.57963508772
CS,F25,6,70580.40085766805
CS,F25,7,131343.3280980844
CS,F25,8,60908.70738468395
CS,F25,9,77061.65415713064
CS,F25,10,73305.24008463745
CS,F25,11,59311.6374837678
CS,F25,12,74785.57324979693
CS,F25,13,44012.43680118776
CS,F25,14,57230.54659915274
CS,F25,15,43384.13237141275
CS,F25,16,60295.60915002175
CS,F25,17,69147.8975981709
CS,F25,18,73593.25292660679
CS,F25,19,54428.96266777626
CS,F25,20,62310.2413252802
CS,F25,21,48311.164286804094
CS,F25,22,71531.38811709182
CS,F25,23,65142.30629849822
CS,F25,24,115171.25946435537
CS,F25,25,158457.53914455845
CS,F25,26,51907.01157467406
CS,F25,27,85129.06408847489
CS,F25,28,86508.13179629076
CS,F25,29,70251.30860988179
CS,F25,30,63440.3540862362
CS,F26,1,59739.88459902986
CS,F26,2,82545.38648050715
CS,F26,3,82807.65395917467
CS,F26,4,108360.42023676341
CS,F26,5,106802.83054500478
CS,F26,6,62347.54545516508
CS,F26,7,62270.71375989552
CS,F26,8,69451.57210386977
CS,F26,9,88190.43188587879
CS,F26,10,69083.81344302348
CS,F26,11,82739.84839774205
CS,F26,12,72889.75066827027
CS,F26,13,91622.41545674705
CS,F26,14,60002.70896199635
CS,F26,15,68060.18980283954
CS,F26,16,65505.25562176567
CS,F26,17,64855.36096760741
CS,F26,18,79871.23542973673
CS,F26,19,74353.5775749099
CS,F26,20,58236.656670060926
CS,F26,21,93930.00617441835
CS,F26,22,65438.583659378855
CS,F26,23,75040.07888652773
CS,F26,24,82808.43274743065
CS,F26,25,67894.22831760702
CS,F26,26,65460.906339622394
CS,F26,27,86486.03348995702
CS,F26,28,89147.15518797397
CS,F26,29,78480.88990542715
CS,F26,30,65109.41019518644
CS,F27,1,12832.487724383385
CS,F27,2,10510.590661899856
CS,F27,3,15332.947964847433
CS,F27,4,11039.835096082956
CS,F27,5,15629.617578447564
CS,F27,6,16438.351925259274
CS,F27,7,14105.343164726071
CS,F27,8,17839.008282832077
CS,F27,9,17698.404843273333
CS,F27,10,15209.372292715914
CS,F27,11,17604.996676262566
CS,F27,12,17540.19422426787
CS,F27,13,15323.677155435447
CS,F27,14,13137.248937343913
CS,F27,15,12405.754376425832
CS,F27,16,15014.726443437685
CS,F27,17,16058.552441580157
CS,F27,18,13599.513124071476
CS,F27,19,14184.690726413088
CS,F27,20,12411.855440699603
CS,F27,21,13835.746570678144
CS,F27,22,13472.619902697028
CS,F27,23,14852.269747084922
CS,F27,24,14150.947676662625
CS,F27,25,11886.084136083582
CS,F27,26,15600.671128292948
CS,F27,27,12734.413760859767
CS,F27,28,13719.281558413577
CS,F27,29,10164.34357119448
CS,F27,30,14362.904964068606
CS,F28,1,62468.64974054543
CS,F28,2,47652.57390055305
CS,F28,3,45749.02643212248
CS,F28,4,63931.722596514315
CS,F28,5,50370.88239393075
CS,F28,6,46541.23679017382
CS,F28,7,54704.59848754428
CS,F28,8,50071.91122359582
CS,F28,9,61779.25041320375
CS,F28,10,63978.22135188788
CS,F28,11,64030.48708954077
CS,F28,12,52232.05950800748
CS,F28,13,59400.433142284
CS,F28,14,62462.01360062802
CS,F28,15,39528.88186470184
CS,F28,16,59326.51305535535
CS,F28,17,46448.90608614743
CS,F28,18,52032.26765244512
CS,F28,19,79818.59045021194
CS,F28,20,51191.830421786435
CS,F28,21,42581.05720840902
CS,F28,22,59829.201517928166
CS,F28,23,47344.92129349815
CS,F28,24,47218.621808410506
CS,F28,25,64818.89636767582
CS,F28,26,49208.91386105469
CS,F28,27,48625.918564534644
CS,F28,28,52461.396008546726
CS,F28,29,46628.29317029519
CS,F28,30,36170.590544296785
CS,F29,1,1459606.171405006
CS,F29,2,4751863.494240155
CS,F29,3,2223741.6276074983
CS,F29,4,583932.4028825094
CS,F29,5,1792986.4759668354
CS,F29,6,2265369.8836851465
CS,F29,7,9199874.047321714
CS,F29,8,3670553.789955087
CS,F29,9,686496.9387783258
CS,F29,10,4783700.084201704
CS,F29,11,16580657.93427217
CS,F29,12,2581273.3589196936
CS,F29,13,2090767.7042621828
CS,F29,14,1993404.7762263052
CS,F29,15,4965456.1474120915
CS,F29,16,4070968.2935983213
CS,F29,17,3309992.6957696266
CS,F29,18,477252.34188982385
CS,F29,19,1071151.9874165275
CS,F29,20,581512.6919556974
CS,F29,21,2541932.95634446
CS,F29,22,1382141.8699476684
CS,F29,23,6218247.11456805
CS,F29,24,3045534.029928198
CS,F29,25,16138222.170445984
CS,F29,26,2964352.493579905
CS,F29,27,1606237.3183965
CS,F29,28,5608334.336306138
CS,F29,29,52225987.09516786
CS,F29,30,17113893.267372526
CS,F30,1,48573186278.5979
CS,F30,2,45023196758.131256
CS,F30,3,49694505492.10616
CS,F30,4,76747882786.46469
CS,F30,5,53098807188.79302
CS,F30,6,44934757465.52487
CS,F30,7,37227835726.902916
CS,F30,8,44745463970.09306
CS,F30,9,50779877324.771034
CS,F30,10,45533564959.92227
CS,F30,11,36676746899.32718
CS,F30,12,75440830681.3781
CS,F30,13,62008415353.20176
CS,F30,14,50967957486.36981
CS,F30,15,58081224101.34744
CS,F30,16,18454729419.841343
CS,F30,17,72166798267.23187
CS,F30,18,41099936288.873245
CS,F30,19,50645503116.467766
CS,F30,20,24138700093.091255
CS,F30,21,66689195183.54702
CS,F30,22,43895887285.83465
CS,F30,23,34434880090.54017
CS,F30,24,48634637562.36271
CS,F30,25,75547007427.6314
CS,F30,26,45523680052.143166
CS,F30,27,73427849451.21983
CS,F30,28,69939513489.8512
CS,F30,29,54614275208.42578
CS,F30,30,22326778905.352566
FA,F1,1,39527598721.763054
FA,F1,2,36080998428.10072
FA,F1,3,16195560311.935349
FA,F1,4,36485515834.96864
FA,F1,5,21557502348.036674
FA,F1,6,55971501117.58644
FA,F1,7,23555404789.0341
FA,F1,8,28805982047.255077
FA,F1,9,24440908090.695606
FA,F1,10,37157997341.32286
FA,F1,11,28825096353.952774
FA,F1,12,28818941063.42991
FA,F1,13,27333788750.097103
FA,F1,14,28478646784.46968
FA,F1,15,31841514844.30538
FA,F1,16,29386632773.359764
FA,F1,17,29881871935.506783
FA,F1,18,28503682228.32434
FA,F1,19,16176535546.797245
FA,F1,20,24202453915.486225
FA,F1,21,27039020191.14206
FA,F1,22,26179173448.391525
FA,F1,23,31625779534.99749
FA,F1,24,27198105368.637688
FA,F1,25,22994942506.944874
FA,F1,26,16154304310.172121
FA,F1,27,31838980462.668938
FA,F1,28,15472330042.18729
FA,F1,29,24879335639.802837
FA,F1,30,16163134006.85854
FA,F3,1,786645.2391711798
FA,F3,2,1155277.312173596
FA,F3,3,711995.5944910203
FA,F3,4,1681794.5478555828
FA,F3,5,1309925.8773422458
FA,F3,6,1192113.321703919
FA,F3,7,966923.0371172412
FA,F3,8,945296.2633241048
FA,F3,9,585991.3645011667
FA,F3,10,580884.6599163816
FA,F3,11,1219846.927931513
FA,F3,12,963005.3106088702
FA,F3,13,967642.1316042126
FA,F3,14,758352.2174672305
FA,F3,15,720708.5511401868
FA,F3,16,485693.9966374864
FA,F3,17,1005365.593017661
FA,F3,18,1056319.1727865334
FA,F3,19,901281.5232727639
FA,F3,20,936650.5139589582
FA,F3,21,694738.9411503169
FA,F3,22,1054714.7058865433
FA,F3,23,688708.2033131315
FA,F3,24,1142483.7808269882
FA,F3,25,756224.8517141142
FA,F3,26,1031555.7394080084
FA,F3,27,986503.6676953513
FA,F3,28,745829.8342870909
FA,F3,29,740211.5973926856
FA,F3,30,789828.1040212315
FA,F4,1,3393.8247864443633
FA,F4,2,6342.694340489659
FA,F4,3,4150.46912117642
FA,F4,4,3395.9848628418686
FA,F4,5,3397.3754696933006
FA,F4,6,3936.514753809883
FA,F4,7,3946.1634735474117
FA,F4,8,5699.108923437379
FA,F4,9,5483.838321463985
FA,F4,10,5967.018583409098
FA,F4,11,3994.672495840176
FA,F4,12,4469.456015463459
FA,F4,13,4341.3905797004845
FA,F4,14,3917.3285552244556
FA,F4,15,4384.2538907417165
FA,F4,16,4937.712534553397
FA,F4,17,4151.899205011044
FA,F4,18,4214.008850650129
FA,F4,19,4669.737530923852
FA,F4,20,5040.329269987075
FA,F4,21,4730.923125235738
FA,F4,22,4724.423501055012
FA,F4,23,5025.946494948819
FA,F4,24,4435.852197690786
FA,F4,25,3907.3080806270937
FA,F4,26,3611.384585893163
FA,F4,27,4152.30808944248
FA,F4,28,6454.415031825508
FA,F4,29,3843.371679817813
FA,F4,30,4685.6799335771275
FA,F5,1,2142.152338082479
FA,F5,2,2491.781041744137
FA,F5,3,2341.9985466430553
FA,F5,4,2287.131833728239
FA,F5,5,2456.773638337106
FA,F5,6,2416.3423869139124
FA,F5,7,2214.9357997159714
FA,F5,8,2423.7954337359515
FA,F5,9,2307.151579520143
FA,F5,10,2568.7125925327036
FA,F5,11,2441.384123843737
FA,F5,12,2475.6572719618443
FA,F5,13,2433.9537394610606
FA,F5,14,2518.006132371316
FA,F5,15,2500.752974588273
FA,F5,16,2450.4043208721064
FA,F5,17,2410.714017450857
FA,F5,18,2596.412984728432
FA,F5,19,2383.2129316066566
FA,F5,20,2634.7617713517075
FA,F5,21,2518.1832128259125
FA,F5,22,2477.9257185381375
FA,F5,23,2438.854485100474
FA,F5,24,2517.4462245892714
FA,F5,25,2499.9628746534645
FA,F5,26,2351.4324933569364
FA,F5,27,2435.505846912106
FA,F5,28,2195.3681138874845
FA,F5,29,2396.445835096396
FA,F5,30,2356.570066815704
FA,F6,1,733.7621830272057
FA,F6,2,720.1983339940471
FA,F6,3,716.8871273435926
FA,F6,4,732.8843196587337
FA,F6,5,715.4845558857194
FA,F6,6,734.4350365449993
FA,F6,7,738.8015996380295
FA,F6,8,729.1854226641002
FA,F6,9,712.9996387086791
FA,F6,10,736.8944964932132
FA,F6,11,723.5268463484828
FA,F6,12,721.5241248475425
FA,F6,13,749.4651788309814
FA,F6,14,724.9926815552631
FA,F6,15,745.2247692914347
FA,F6,16,730.9796513974064
FA,F6,17,738.05193797968
FA,F6,18,728.4725204045143
FA,F6,19,729.037820488468
FA,F6,20,728.2920710652987
FA,F6,21,724.3749046176907
FA,F6,22,725.5058979062925
FA,F6,23,724.0830328360561
FA,F6,24,726.4647310540607
FA,F6,25,733.2725451314446
FA,F6,26,734.9991294853744
FA,F6,27,719.4186442844137
FA,F6,28,739.3579167782482
FA,F6,29,725.2958924920115
FA,F6,30,727.295141410984
FA,F7,1,6421.159384173396
FA,F7,2,7227.833617019738
FA,F7,3,6732.498324030043
FA,F7,4,5899.84852208476
FA,F7,5,7297.005951848822
FA,F7,6,6774.084301009478
FA,F7,7,6569.315294444414
FA,F7,8,7764.3052802775865
FA,F7,9,7696.754230928403
FA,F7,10,5938.971374105338
FA,F7,11,8095.697777691903
FA,F7,12,7078.758083666617
FA,F7,13,5970.638381232316
FA,F7,14,5935.140218881542
FA,F7,15,6644.1331632078245
FA,F7,16,7006.109830564139
FA,F7,17,5995.141942397016
FA,F7,18,6324.2982110788125
FA,F7,19,5854.99269039652
FA,F7,20,6395.919069232107
FA,F7,21,6678.350209613882
FA,F7,22,6274.636622069053
FA,F7,23,5627.919123563292
FA,F7,24,6391.620403432019
FA,F7,25,8091.978857859732
FA,F7,26,8267.057372453848
FA,F7,27,6872.7184349122845
FA,F7,28,6581.512707046804
FA,F7,29,6321.083565506624
FA,F7,30,8098.275554848643
FA,F8,1,2921.2346579154373
FA,F8,2,2757.067004534911
FA,F8,3,3043.7731512961045
FA,F8,4,2683.9213076294436
FA,F8,5,2908.108867409142
FA,F8,6,2682.259113577342
FA,F8,7,2922.72030506452
FA,F8,8,2561.8212442287463
FA,F8,9,2959.6331973891342
FA,F8,10,2820.346639373296
FA,F8,11,3021.20040532825
FA,F8,12,2870.4103424440946
FA,F8,13,2777.7003508464522
FA,F8,14,2860.9994495217625
FA,F8,15,2803.600963763379
FA,F8,16,2766.077395787689
FA,F8,17,2787.2527421635446
FA,F8,18,2693.817318445953
FA,F8,19,2778.140127176469
FA,F8,20,2795.486170662822
FA,F8,21,2834.3296657869228
FA,F8,22,2809.308069801613
FA,F8,23,2754.602628804316
FA,F8,24,2619.20124141704
FA,F8,25,2928.3712600649274
FA,F8,26,2837.2503142599717
FA,F8,27,2835.706105925421
FA,F8,28,2902.5471530950776
FA,F8,29,2963.363226388265
FA,F8,30,2707.0372927244534
FA,F9,1,113749.04113538074
FA,F9,2,135090.48729747377
FA,F9,3,153601.33120516146
FA,F9,4,150902.64566273557
FA,F9,5,176493.75815090231
FA,F9,6,138222.28683538307
FA,F9,7,161353.68712494214
FA,F9,8,164649.37271881328
FA,F9,9,159818.7658500872
FA,F9,10,129039.78023244403
FA,F9,11,141471.92938885745
FA,F9,12,154663.44976978915
FA,F9,13,142348.27197861497
FA,F9,14,150712.06354869143
FA,F9,15,136266.03322371494
FA,F9,16,188047.8544070303
FA,F9,17,172307.57776774737
FA,F9,18,159387.94059780272
FA,F9,19,170770.91080839917
FA,F9,20,158926.57683168785
FA,F9,21,169736.1724074865
FA,F9,22,112095.6882398968
FA,F9,23,142843.28491813745
FA,F9,24,126044.09073544122
FA,F9,25,142014.07421091283
FA,F9,26,140194.39146347094
FA,F9,27,125002.06236237085
FA,F9,28,127226.90297201018
FA,F9,29,191796.056254129
FA,F9,30,155789.37655906795
FA,F10,1,28617.780674515387
FA,F10,2,28087.56598214618
FA,F10,3,26063.989584788167
FA,F10,4,31202.810899599168
FA,F10,5,28520.13831749186
FA,F10,6,28103.252462482946
FA,F10,7,25732.668329929176
FA,F10,8,27217.34942252051
FA,F10,9,28757.07666830255
FA,F10,10,28785.222611445846
FA,F10,11,31867.233290155018
FA,F10,12,27928.820080260863
FA,F10,13,28949.437686860525
FA,F10,14,29171.69977671689
FA,F10,15,28324.78539518459
FA,F10,16,27136.166919802687
FA,F10,17,28280.628890514556
FA,F10,18,31250.31638899559
FA,F10,19,26066.286139294083
FA,F10,20,29089.411734211113
FA,F10,21,26037.05047274721
FA,F10,22,32280.403245223988
FA,F10,23,27708.917116052275
FA,F10,24,30177.130889065993
FA,F10,25,29724.08031540026
FA,F10,26,28650.454882535803
FA,F10,27,25248.367557002304
FA,F10,28,30289.269898224233
FA,F10,29,27099.980842518016
FA,F10,30,29246.754973221035
FA,F11,1,195948.7420121197
FA,F11,2,179117.13367970343
FA,F11,3,164108.92725767024
FA,F11,4,117769.31375427496
FA,F11,5,171127.3104091167
FA,F11,6,143136.3993686566
FA,F11,7,181435.6332904067
FA,F11,8,173852.4303139054
FA,F11,9,146545.77515714557
FA,F11,10,152769.64832684692
FA,F11,11,160613.18382463692
FA,F11,12,166354.4890943552
FA,F11,13,139771.87425298512
FA,F11,14,136704.0040548711
FA,F11,15,139296.43474961573
FA,F11,16,109519.36796564379
FA,F11,17,154674.31490216914
FA,F11,18,236559.1505447239
FA,F11,19,182917.7720932625
FA,F11,20,138607.9360851177
FA,F11,21,156817.10317189203
FA,F11,22,134671.28114148375
FA,F11,23,149430.0955187875
FA,F11,24,155657.11362880547
FA,F11,25,116562.9249656846
FA,F11,26,136145.38610094375
FA,F11,27,180785.00809930728
FA,F11,28,145614.30981828205
FA,F11,29,132124.79725767014
FA,F11,30,185619.06031230176
FA,F12,1,3082837038.378779
FA,F12,2,2889928316.1780596
FA,F12,3,5371194205.530386
FA,F12,4,3968384895.132309
FA,F12,5,2652684309.4544177
FA,F12,6,3742307390.585604
FA,F12,7,3377450329.7776966
FA,F12,8,4158848151.5978537
FA,F12,9,4619961746.145933
FA,F12,10,2794076484.6325827
FA,F12,11,4293273097.113319
FA,F12,12,4868429327.192357
FA,F12,13,4014384461.4545355
FA,F12,14,4208527221.8090744
FA,F12,15,4063725116.2913766
FA,F12,16,2482743764.2459555
FA,F12,17,4695184098.997415
FA,F12,18,4863278733.897214
FA,F12,19,3111542826.0043736
FA,F12,20,3950902449.2862935
FA,F12,21,4502925667.424307
FA,F12,22,5464878836.318151
FA,F12,23,3579854682.835404
FA,F12,24,3763813577.473933
FA,F12,25,3944386864.48266
FA,F12,26,3084997914.4329205
FA,F12,27,2331171076.296945
FA,F12,28,3846466324.773798
FA,F12,29,5061397229.72439
FA,F12,30,4078677486.843972
FA,F13,1,175678387.76012444
FA,F13,2,211835902.6388264
FA,F13,3,162682334.6221798
FA,F13,4,235983517.1185344
FA,F13,5,167881371.4004388
FA,F13,6,182316666.86036643
FA,F13,7,195114814.9315408
FA,F13,8,118265798.13099746
FA,F13,9,189850314.0891254
FA,F13,10,141023922.98088837
FA,F13,11,131270201.73386173
FA,F13,12,172728015.30425844
FA,F13,13,130975846.1954575
FA,F13,14,191477479.18090773
FA,F13,15,124165244.81554611
FA,F13,16,162560942.96647707
FA,F13,17,177933358.25173822
FA,F13,18,148904728.70700043
FA,F13,19,150392995.79792482
FA,F13,20,115816288.06920373
FA,F13,21,177634055.71263003
FA,F13,22,160432357.25312954
FA,F13,23,196315297.4583497
FA,F13,24,106506514.59473492
FA,F13,25,168171003.6569289
FA,F13,26,164203945.79423863
FA,F13,27,154722896.52002034
FA,F13,28,222740096.61301574
FA,F13,29,123820261.53588708
FA,F13,30,164932881.5717896
FA,F14,1,13608531.606911669
FA,F14,2,7610097.251979452
FA,F14,3,11677750.409004075
FA,F14,4,49488189.90162976
FA,F14,5,9415271.37032846
FA,F14,6,32052982.281913348
FA,F14,7,20089554.759669453
FA,F14,8,3669928.1260770485
FA,F14,9,27854308.6744192
FA,F14,10,15745439.753451437
FA,F14,11,13171019.858176608
FA,F14,12,18406503.441186093
FA,F14,13,20879844.048966333
FA,F14,14,17126404.63639635
FA,F14,15,4605797.298132491
FA,F14,16,24784876.048894137
FA,F14,17,7549883.952879938
FA,F14,18,46576701.85759988
FA,F14,19,13991176.895518597
FA,F14,20,30734940.269268997
FA,F14,21,10353943.049076177
FA,F14,22,8458896.111374002
FA,F14,23,22032135.930581473
FA,F14,24,5249252.67966694
FA,F14,25,4303891.790984132
FA,F14,26,9703602.423755543
FA,F14,27,3959331.0911129843
FA,F14,28,11151475.412583541
FA,F14,29,36748121.64803704
FA,F14,30,8834584.189584604
FA,F15,1,53006365.34972962
FA,F15,2,42463129.72104649
FA,F15,3,31365620.679514173
FA,F15,4,40814601.696324326
FA,F15,5,71216755.86623976
FA,F15,6,59880568.36656212
FA,F15,7,57844136.274412826
FA,F15,8,38390317.40566399
FA,F15,9,37983816.32812564
FA,F15,10,45652802.58563042
FA,F15,11,22185887.850325566
FA,F15,12,51033040.66733481
FA,F15,13,74462604.68035682
FA,F15,14,40321542.46510241
FA,F15,15,45987290.44822881
FA,F15,16,67421311.21579717
FA,F15,17,31373055.97566639
FA,F15,18,46332232.96787864
FA,F15,19,62545862.88885151
FA,F15,20,56772646.48628472
FA,F15,21,49368663.65473978
FA,F15,22,34096334.706260346
FA,F15,23,36603871.84288696
FA,F15,24,51635326.22161684
FA,F15,25,40766203.64151238
FA,F15,26,48181965.90306821
FA,F15,27,51242661.02365488
FA,F15,28,37592254.10174029
FA,F15,29,62389793.35276529
FA,F15,30,64820584.74640786
FA,F16,1,15231.956284255057
FA,F16,2,14571.420227452461
FA,F16,3,14214.17269917902
FA,F16,4,15668.453141852055
FA,F16,5,13189.811022338748
FA,F16,6,12900.16379371284
FA,F16,7,13060.774044429147
FA,F16,8,16472.568854156954
FA,F16,9,12565.062089543582
FA,F16,10,15299.45571129362
FA,F16,11,10393.43865822698
FA,F16,12,13460.831409508271
FA,F16,13,16990.576159389824
FA,F16,14,12114.946276023587
FA,F16,15,13673.795196099481
FA,F16,16,14144.354805363098
FA,F16,17,14434.538006709976
FA,F16,18,16582.618264894973
FA,F16,19,12446.438278602789
FA,F16,20,14887.596288818786
FA,F16,21,12084.621482564893
FA,F16,22,14487.813031320336
FA,F16,23,14024.524828181393
FA,F16,24,13245.715920996232
FA,F16,25,13819.496468518584
FA,F16,26,12278.036753357686
FA,F16,27,15295.405316509079
FA,F16,28,12629.851322179842
FA,F16,29,13752.353637752596
FA,F16,30,13661.432392838453
FA,F17,1,9779.458574326742
FA,F17,2,8748.155324171385
FA,F17,3,7479.568139527834
FA,F17,4,10661.617558007618
FA,F17,5,7999.657636452413
FA,F17,6,8377.978760332135
FA,F17,7,8836.934115470664
FA,F17,8,8906.965401406971
FA,F17,9,7723.424399707551
FA,F17,10,10126.59394208788
FA,F17,11,8396.694582803098
FA,F17,12,8941.739790119866
FA,F17,13,8478.331049348797
FA,F17,14,8479.08106624533
FA,F17,15,8871.802995721062
FA,F17,16,7660.4318751415085
FA,F17,17,8891.173889008285
FA,F17,18,8572.793905017597
FA,F17,19,8987.519113587055
FA,F17,20,7694.723049840475
FA,F17,21,9305.757371937772
FA,F17,22,8159.699767381393
FA,F17,23,8852.378208641141
FA,F17,24,9250.907194790485
FA,F17,25,9644.887674264624
FA,F17,26,8024.286366341473
FA,F17,27,8564.33756718295
FA,F17,28,8673.668578620764
FA,F17,29,7467.980195333925
FA,F17,30,7110.835522992015
FA,F18,1,24825852.017227657
FA,F18,2,24638268.588817842
FA,F18,3,27799699.728788897
FA,F18,4,25953776.198463682
FA,F18,5,16101539.93550011
FA,F18,6,14761720.267807145
FA,F18,7,15760838.530476699
FA,F18,8,14655638.070223438
FA,F18,9,22296245.69277099
FA,F18,10,16951638.356530465
FA,F18,11,22037311.859017253
FA,F18,12,15067499.891342048
FA,F18,13,20930618.583314054
FA,F18,14,24501077.539173946
FA,F18,15,16977460.3354145
FA,F18,16,24889993.325710244
FA,F18,17,26006457.122417174
FA,F18,18,10360204.390316516
FA,F18,19,17147198.488696747
FA,F18,20,17953466.36869691
FA,F18,21,13080902.70921677
FA,F18,22,18371829.06550571
FA,F18,23,15264623.716990285
FA,F18,24,8587281.671857608
FA,F18,25,26122688.53140992
FA,F18,26,17277698.676874384
FA,F18,27,13432700.001505116
FA,F18,28,17717462.84163354
FA,F18,29,16421504.565098658
FA,F18,30,16519347.225465775
FA,F19,1,52793593.60246477
FA,F19,2,137368281.89568403
FA,F19,3,127834646.52693874
FA,F19,4,97525447.4631745
FA,F19,5,100200194.94262438
FA,F19,6,86094025.2206737
FA,F19,7,72175489.75073124
FA,F19,8,75814723.72227328
FA,F19,9,195743750.5250167
FA,F19,10,57517180.86954673
FA,F19,11,101917288.26723449
FA,F19,12,45434587.570206106
FA,F19,13,106141747.38856897
FA,F19,14,101361192.92896757
FA,F19,15,41415164.9793149
FA,F19,16,127266734.14253007
FA,F19,17,86171888.22305644
FA,F19,18,158317510.24684268
FA,F19,19,163968886.5365956
FA,F19,20,154430498.9841534
FA,F19,21,84644866.56731418
FA,F19,22,77912462.51786377
FA,F19,23,38656057.87835856
FA,F19,24,134219865.66089672
FA,F19,25,115122119.59562472
FA,F19,26,65902387.160396285
FA,F19,27,96061297.16938654
FA,F19,28,51853086.889166266
FA,F19,29,49853435.50025778
FA,F19,30,83484202.10790583
FA,F20,1,7787.967776443218
FA,F20,2,6882.684416934996
FA,F20,3,7492.692328368872
FA,F20,4,6799.520465941478
FA,F20,5,7147.61381206749
FA,F20,6,6622.83382465518
FA,F20,7,7735.95760129504
FA,F20,8,6646.002675253772
FA,F20,9,6092.006613272495
FA,F20,10,5711.672984803614
FA,F20,11,7331.879505658116
FA,F20,12,8407.94573787157
FA,F20,13,6456.373828275651
FA,F20,14,6468.896287579475
FA,F20,15,7411.5619390835445
FA,F20,16,6984.074139889681
FA,F20,17,6972.290663440786
FA,F20,18,6907.170396280612
FA,F20,19,6769.413334371048
FA,F20,20,7530.236779794838
FA,F20,21,6749.155095188276
FA,F20,22,6791.453253274452
FA,F20,23,6149.122568456796
FA,F20,24,7010.689596179285
FA,F20,25,7479.961311678457
FA,F20,26,7775.5529539301715
FA,F20,27,7291.244636916659
FA,F20,28,6487.158218946657
FA,F20,29,6443.6744156308505
FA,F20,30,7410.797246727233
FA,F21,1,5036.653465992042
FA,F21,2,5096.613934076343
FA,F21,3,4696.396666360729
FA,F21,4,4634.41597970447
FA,F21,5,4497.656184928768
FA,F21,6,4607.917936027823
FA,F21,7,4734.228672366487
FA,F21,8,4811.666913649189
FA,F21,9,4540.797565795182
FA,F21,10,4710.91372009476
FA,F21,11,4714.047069090135
FA,F21,12,4957.860159821166
FA,F21,13,4953.618086390719
FA,F21,14,4820.811052204124
FA,F21,15,5097.059676683039
FA,F21,16,4413.480866770495
FA,F21,17,5084.160781351684
FA,F21,18,4781.984073471169
FA,F21,19,4646.994775870136
FA,F21,20,5101.299776229943
FA,F21,21,4671.246703634944
FA,F21,22,5097.267704167538
FA,F21,23,5019.407933528302
FA,F21,24,4795.920527259135
FA,F21,25,4555.649213207265
FA,F21,26,4776.706639450293
FA,F21,27,4718.247857745306
FA,F21,28,4730.815275647028
FA,F21,29,4581.941227669757
FA,F21,30,4514.838370786507
FA,F22,1,31840.554021361113
FA,F22,2,31158.959024964624
FA,F22,3,31458.96369801453
FA,F22,4,29744.821520533467
FA,F22,5,33107.04375973262
FA,F22,6,29377.230694541115
FA,F22,7,30879.99361807858
FA,F22,8,29147.006550291953
FA,F22,9,31951.974758433833
FA,F22,10,30072.178976366806
FA,F22,11,31457.437664962323
FA,F22,12,32029.478836824022
FA,F22,13,33276.98832597044
FA,F22,14,31182.357894689143
FA,F22,15,30549.05280506129
FA,F22,16,32224.1983014714
FA,F22,17,33194.77471002548
FA,F22,18,30251.567679831132
FA,F22,19,34422.513172093604
FA,F22,20,31040.37965705986
FA,F22,21,31282.088696857973
FA,F22,22,32224.60157995932
FA,F22,23,33058.842017760384
FA,F22,24,30617.280188754252
FA,F22,25,31440.08875678536
FA,F22,26,33386.79153319371
FA,F22,27,31421.089426306033
FA,F22,28,31132.2496206205
FA,F22,29,33451.213481334715
FA,F22,30,29313.317088831875
FA,F23,1,5280.828561940491
FA,F23,2,5166.27798310803
FA,F23,3,5507.999374854302
FA,F23,4,5096.105025907941
FA,F23,5,5195.2378685698795
FA,F23,6,4909.0797807257795
FA,F23,7,5390.960647886664
FA,F23,8,5615.735645842285
FA,F23,9,5629.3777936557835
FA,F23,10,4874.691767003078
FA,F23,11,5308.741327249923
FA,F23,12,5642.641544165748
FA,F23,13,5495.036620033169
FA,F23,14,5464.540377180831
FA,F23,15,5453.649571178176
FA,F23,16,5149.726675079624
FA,F23,17,5267.828566865011
FA,F23,18,5133.821626769581
FA,F23,19,5323.71140642701
FA,F23,20,5656.446754015893
FA,F23,21,5738.2470671072315
FA,F23,22,5701.59790672591
FA,F23,23,5593.448022865169
FA,F23,24,4931.285873931104
FA,F23,25,5472.385414779215
FA,F23,26,5094.82289975146
FA,F23,27,5051.798187940966
FA,F23,28,5532.826182651928
FA,F23,29,5469.080057104714
FA,F23,30,5392.570573315419
FA,F24,1,5978.796694259403
FA,F24,2,6698.284198637773
FA,F24,3,7406.12199020211
FA,F24,4,7046.739148569263
FA,F24,5,6172.878232768706
FA,F24,6,6068.279746195129
FA,F24,7,6578.9027521761
FA,F24,8,5826.939834782661
FA,F24,9,6081.109875454986
FA,F24,10,6233.090918899125
FA,F24,11,6295.729239647128
FA,F24,12,5884.308336568481
FA,F24,13,6045.346967489897
FA,F24,14,6078.51450820658
FA,F24,15,6932.2339327177
FA,F24,16,6030.938762665393
FA,F24,17,6251.293755564856
FA,F24,18,7039.67430884709
FA,F24,19,6467.640909907094
FA,F24,20,5814.545511574543
FA,F24,21,6006.23367442411
FA,F24,22,6005.136173673138
FA,F24,23,5581.693341358784
FA,F24,24,5676.219579942448
FA,F24,25,6636.340568472404
FA,F24,26,5670.225680675235
FA,F24,27,5640.142024626938
FA,F24,28,6127.66799877696
FA,F24,29,6813.1345466419025
FA,F24,30,6600.960291401555
FA,F25,1,7357.128933538309
FA,F25,2,8739.92659681775
FA,F25,3,7467.778984277518
FA,F25,4,6492.221199170874
FA,F25,5,6198.095620140766
FA,F25,6,6551.488428466431
FA,F25,7,6873.870198551707
FA,F25,8,6783.8957646706385
FA,F25,9,7611.367635329125
FA,F25,10,6175.986939636189
FA,F25,11,7079.8836047008135
FA,F25,12,5612.54663349871
FA,F25,13,5927.0970960188115
FA,F25,14,5855.46190696465
FA,F25,15,6128.142039523311
FA,F25,16,6309.084867297883
FA,F25,17,6269.576336555218
FA,F25,18,7064.93385123725
FA,F25,19,7456.211832061398
FA,F25,20,5211.107748131017
FA,F25,21,5800.218030829688
FA,F25,22,6603.842379442815
FA,F25,23,6813.192163025235
FA,F25,24,5448.9810566121905
FA,F25,25,7017.623122108364
FA,F25,26,9360.838138183459
FA,F25,27,5965.76545085784
FA,F25,28,6322.1744388536235
FA,F25,29,6560.541266567676
FA,F25,30,6542.7911424305785
FA,F26,1,39198.96684207676
FA,F26,2,30874.459966146773
FA,F26,3,32867.61977636942
FA,F26,4,35998.9735462571
FA,F26,5,42414.86448622838
FA,F26,6,37018.87781685477
FA,F26,7,34620.30820552445
FA,F26,8,42064.67200365527
FA,F26,9,38078.90864843085
FA,F26,10,32893.519467303566
FA,F26,11,38419.58696492413
FA,F26,12,36485.08220196549
FA,F26,13,32814.09498405604
FA,F26,14,36243.114861848226
FA,F26,15,34845.659039789185
FA,F26,16,38109.52206237828
FA,F26,17,39096.60719962197
FA,F26,18,33591.67680963573
FA,F26,19,38168.657901978164
FA,F26,20,34675.298003876436
FA,F26,21,39780.445968752116
FA,F26,22,35875.77239574745
FA,F26,23,34521.630044797654
FA,F26,24,40558.36261549786
FA,F26,25,38384.72962196929
FA,F26,26,38629.35331971349
FA,F26,27,36449.23220670318
FA,F26,28,29874.272680509064
FA,F26,29,43474.32071782719
FA,F26,30,33552.77681535576
FA,F27,1,7473.977487050418
FA,F27,2,4841.677567546142
FA,F27,3,4946.482283583496
FA,F27,4,4968.500991415174
FA,F27,5,5204.737077009408
FA,F27,6,6635.434571317113
FA,F27,7,5244.507669593386
FA,F27,8,4638.159398522738
FA,F27,9,5130.491355564483
FA,F27,10,5827.007269839108
FA,F27,11,5542.897713018301
FA,F27,12,5396.247050159105
FA,F27,13,4422.994920270125
FA,F27,14,4764.756335927718
FA,F27,15,4665.120525847934
FA,F27,16,5189.944094248831
FA,F27,17,5759.506647611719
FA,F27,18,5248.461795478756
FA,F27,19,5232.612588804737
FA,F27,20,5056.339921821521
FA,F27,21,4723.597327778032
FA,F27,22,4627.864531091172
FA,F27,23,5268.139477214869
FA,F27,24,5229.3721417018505
FA,F27,25,4933.133219665222
FA,F27,26,5022.404632269741
FA,F27,27,4888.7032580717405
FA,F27,28,5833.120342325143
FA,F27,29,4998.411571451055
FA,F27,30,4900.510406737194
FA,F28,1,7546.428472088089
FA,F28,2,11381.365017238259
FA,F28,3,9000.285453218923
FA,F28,4,8566.85522167518
FA,F28,5,7612.333318921831
FA,F28,6,11774.37759853805
FA,F28,7,11508.955560283655
FA,F28,8,7746.334339861597
FA,F28,9,10953.725307317114
FA,F28,10,6751.054998834154
FA,F28,11,12489.469615667042
FA,F28,12,9626.684567897179
FA,F28,13,9102.8934903986
FA,F28,14,9228.90295272649
FA,F28,15,7335.628503171901
FA,F28,16,8736.575686356658
FA,F28,17,11335.437040655572
FA,F28,18,9601.323868440852
FA,F28,19,8451.450989304083
FA,F28,20,9757.663631603868
FA,F28,21,7723.028600801798
FA,F28,22,11168.4339003834
FA,F28,23,9467.148948355783
FA,F28,24,9880.871904692573
FA,F28,25,11902.100889199844
FA,F28,26,9143.307394662479
FA,F28,27,7538.0411925814715
FA,F28,28,10367.989936193484
FA,F28,29,10322.809664400105
FA,F28,30,9535.686481091529
FA,F29,1,15987.40777634134
FA,F29,2,15577.208899485504
FA,F29,3,13012.867117212549
FA,F29,4,13160.8603570666
FA,F29,5,15000.683997590882
FA,F29,6,14067.206039256595
FA,F29,7,13822.698451683193
FA,F29,8,12674.692651618665
FA,F29,9,13677.186536094225
FA,F29,10,14860.39733128735
FA,F29,11,15627.917083374554
FA,F29,12,13953.43098684464
FA,F29,13,14411.356009645515
FA,F29,14,16700.798736059518
FA,F29,15,16440.143895851168
FA,F29,16,15046.640264709768
FA,F29,17,16096.914684337873
FA,F29,18,15207.221620438746
FA,F29,19,13976.759440722377
FA,F29,20,14206.128226619323
FA,F29,21,16777.819740280356
FA,F29,22,16629.77780324919
FA,F29,23,13590.856488029262
FA,F29,24,18797.43835444699
FA,F29,25,15354.984849020573
FA,F29,26,17924.233775282897
FA,F29,27,13939.260660323853
FA,F29,28,14319.878341458876
FA,F29,29,15784.127910902007
FA,F29,30,16121.008270966258
FA,F30,1,523224677.1832025
FA,F30,2,1145869795.4704256
FA,F30,3,1059005105.5396929
FA,F30,4,855781527.8679197
FA,F30,5,701929572.5482149
FA,F30,6,690823169.0960457
FA,F30,7,1017930258.1739292
FA,F30,8,345737426.00897527
FA,F30,9,282298357.6930554
FA,F30,10,962290159.6071337
FA,F30,11,1219237298.5264587
FA,F30,12,557304401.774864
FA,F30,13,567635076.1413964
FA,F30,14,536063458.5974218
FA,F30,15,379011117.82910794
FA,F30,16,526735270.77292496
FA,F30,17,1494756877.033976
FA,F30,18,525920539.24180704
FA,F30,19,707549735.8456415
FA,F30,20,960662086.7934291
FA,F30,21,680147708.8473
FA,F30,22,1262948668.908531
FA,F30,23,617583388.4748299
FA,F30,24,1251181162.5371182
FA,F30,25,953914572.5701749
FA,F30,26,800476329.6042234
FA,F30,27,821288923.158282
FA,F30,28,937030717.803668
FA,F30,29,439202667.4864051
FA,F30,30,1016749129.652959
GWO,F1,1,59496436651.31774
GWO,F1,2,64941008705.28013
GWO,F1,3,44614252412.508766
GWO,F1,4,55743045415.25603
GWO,F1,5,54113346068.948105
GWO,F1,6,50011747678.54575
GWO,F1,7,32428145398.132767
GWO,F1,8,49329060336.63083
GWO,F1,9,70501151434.14618
GWO,F1,10,56568669734.81114
GWO,F1,11,61462016888.95432
GWO,F1,12,54302859819.231125
GWO,F1,13,53959580516.37487
GWO,F1,14,35057740147.95261
GWO,F1,15,56907395175.68675
GWO,F1,16,51303019488.06094
GWO,F1,17,45352239071.8203
GWO,F1,18,59675706414.47504
GWO,F1,19,56515965291.85771
GWO,F1,20,30349579088.27981
GWO,F1,21,57248523807.06169
GWO,F1,22,66526978921.8111
GWO,F1,23,57243414533.70164
GWO,F1,24,50312366290.83665
GWO,F1,25,42669445906.3657
GWO,F1,26,35357234003.36604
GWO,F1,27,57594758384.162994
GWO,F1,28,62153784810.38156
GWO,F1,29,63543256546.13266
GWO,F1,30,53492106736.65823
GWO,F3,1,424900.22765840887
GWO,F3,2,357917.4314918298
GWO,F3,3,352760.87462222186
GWO,F3,4,369334.61581048573
GWO,F3,5,445335.1017249502
GWO,F3,6,342442.42026805715
GWO,F3,7,375156.32788410824
GWO,F3,8,395791.32588683406
GWO,F3,9,370595.5389130024
GWO,F3,10,449847.27761176636
GWO,F3,11,372195.28044193686
GWO,F3,12,368669.2326140194
GWO,F3,13,523744.4372332783
GWO,F3,14,413561.0415291816
GWO,F3,15,346717.73887840624
GWO,F3,16,499657.9930014223
GWO,F3,17,394038.11467255274
GWO,F3,18,371541.0430531833
GWO,F3,19,363200.1565453692
GWO,F3,20,487812.22370270925
GWO,F3,21,377401.95543089433
GWO,F3,22,492789.12935564946
GWO,F3,23,425644.24053499714
GWO,F3,24,418795.5199754538
GWO,F3,25,400012.32915252115
GWO,F3,26,381817.104940116
GWO,F3,27,372517.8695287985
GWO,F3,28,379624.60705708276
GWO,F3,29,430122.9169993186
GWO,F3,30,419593.16753535933
GWO,F4,1,4419.5814199168035
GWO,F4,2,6959.797643281595
GWO,F4,3,4172.519018504314
GWO,F4,4,6895.499793839975
GWO,F4,5,5769.154743428936
GWO,F4,6,3805.4129278842415
GWO,F4,7,4244.858740956949
GWO,F4,8,7749.69557411086
GWO,F4,9,5675.979366489322
GWO,F4,10,6977.046955793894
GWO,F4,11,4038.5158409211153
GWO,F4,12,4394.817146028355
GWO,F4,13,6287.85675907794
GWO,F4,14,3562.6396776026113
GWO,F4,15,5160.081961357649
GWO,F4,16,6327.015387691998
GWO,F4,17,5022.310109007657
GWO,F4,18,7578.376926998135
GWO,F4,19,5787.025097929793
GWO,F4,20,3860.0999965626593
GWO,F4,21,8374.819476527715
GWO,F4,22,4767.461152236575
GWO,F4,23,5076.431366172946
GWO,F4,24,6338.868617737106
GWO,F4,25,8587.273466156275
GWO,F4,26,4934.918948217806
GWO,F4,27,5921.457204119358
GWO,F4,28,4669.064566296032
GWO,F4,29,6064.883805148629
GWO,F4,30,4623.069956165956
GWO,F5,1,1284.855997929211
GWO,F5,2,1150.2879711863993
GWO,F5,3,1136.9521338742338
GWO,F5,4,1224.4270113683037
GWO,F5,5,1189.114473447241
GWO,F5,6,1264.003651080589
GWO,F5,7,1068.9467523972644
GWO,F5,8,1310.231872206838
GWO,F5,9,1123.335847077749
GWO,F5,10,1350.3156652455434
GWO,F5,11,1241.388092645932
GWO,F5,12,1257.2755467529114
GWO,F5,13,1167.0018930061292
GWO,F5,14,1174.497347299781
GWO,F5,15,1209.3573014018702
GWO,F5,16,1058.8869056960166
GWO,F5,17,1253.138724156196
GWO,F5,18,1257.6294679363282
GWO,F5,19,1099.8023480542324
GWO,F5,20,1243.417386811634
GWO,F5,21,1189.2298894367946
GWO,F5,22,1145.8434564612608
GWO,F5,23,1201.771339075152
GWO,F5,24,1076.630411571228
GWO,F5,25,1137.4527713023858
GWO,F5,26,1258.3411245024154
GWO,F5,27,1190.366315731242
GWO,F5,28,1194.369798383504
GWO,F5,29,1293.3227389808515
GWO,F5,30,1226.7318862300376
GWO,F6,1,642.3363889485244
GWO,F6,2,641.1222213439997
GWO,F6,3,644.4408576863275
GWO,F6,4,645.8030854893931
GWO,F6,5,646.0393149486637
GWO,F6,6,642.9758038402425
GWO,F6,7,641.3557350908815
GWO,F6,8,642.3907610858704
GWO,F6,9,645.5154800986022
GWO,F6,10,638.1087634791535
GWO,F6,11,649.0488720408598
GWO,F6,12,640.3025850355889
GWO,F6,13,638.9844859658978
GWO,F6,14,649.3670028173907
GWO,F6,15,634.9174097894236
GWO,F6,16,643.3052636513587
GWO,F6,17,654.4800527249618
GWO,F6,18,644.2299757890952
GWO,F6,19,644.6208704813221
GWO,F6,20,646.9138824347732
GWO,F6,21,643.9528341575755
GWO,F6,22,647.8168633217597
GWO,F6,23,647.2345264803309
GWO,F6,24,654.332427599868
GWO,F6,25,641.0863859363735
GWO,F6,26,644.0720584058122
GWO,F6,27,641.1438051028266
GWO,F6,28,640.5006207096263
GWO,F6,29,647.0088793189313
GWO,F6,30,637.9327980010171
GWO,F7,1,2117.91467488495
GWO,F7,2,2050.5689124974247
GWO,F7,3,2209.1702209172154
GWO,F7,4,2065.2966061676334
GWO,F7,5,2044.5018908848408
GWO,F7,6,2068.140552168212
GWO,F7,7,2087.3104604573896
GWO,F7,8,2108.3591037003303
GWO,F7,9,1955.2154072583944
GWO,F7,10,2419.2424290471263
GWO,F7,11,2041.4342201258992
GWO,F7,12,2356.41178621366
GWO,F7,13,2042.1621502890796
GWO,F7,14,2459.058003912806
GWO,F7,15,2063.4014896612007
GWO,F7,16,2066.4086079184963
GWO,F7,17,2392.105206567527
GWO,F7,18,2164.9416691125825
GWO,F7,19,1982.1890954511546
GWO,F7,20,2023.0455938146952
GWO,F7,21,2127.1403458012956
GWO,F7,22,2282.650180723655
GWO,F7,23,2056.2209788847576
GWO,F7,24,1987.370510052005
GWO,F7,25,2063.278384776227
GWO,F7,26,2121.808667353618
GWO,F7,27,2125.4243066645577
GWO,F7,28,2017.2246461871862
GWO,F7,29,2003.6179974977076
GWO,F7,30,2073.484481915112
GWO,F8,1,1448.662682970098
GWO,F8,2,1599.2049320011351
GWO,F8,3,1535.0279174454233
GWO,F8,4,1496.1893996834547
GWO,F8,5,1402.6309824697805
GWO,F8,6,1501.7299061478386
GWO,F8,7,1481.0790718373837
GWO,F8,8,1517.4837029014207
GWO,F8,9,1503.3892787844716
GWO,F8,10,1649.5696555081768
GWO,F8,11,1492.9649921633231
GWO,F8,12,1501.76329079154
GWO,F8,13,1617.4053819948426
GWO,F8,14,1465.198266770817
GWO,F8,15,1583.6361743857897
GWO,F8,16,1462.7954700670102
GWO,F8,17,1489.222257177096
GWO,F8,18,1500.4935688378741
GWO,F8,19,1424.2435623409417
GWO,F8,20,1545.6601666287738
GWO,F8,21,1583.362524872165
GWO,F8,22,1620.144646397865
GWO,F8,23,1617.3705487626944
GWO,F8,24,1616.9641521749948
GWO,F8,25,1606.8440656622706
GWO,F8,26,1585.4040934399575
GWO,F8,27,1521.0028877133764
GWO,F8,28,1562.990084451696
GWO,F8,29,1610.359480785276
GWO,F8,30,1462.373276479431
GWO,F9,1,23136.809572114355
GWO,F9,2,28751.982478235506
GWO,F9,3,51566.19607503117
GWO,F9,4,45781.844996071166
GWO,F9,5,48138.91022778832
GWO,F9,6,28008.859314679077
GWO,F9,7,28145.925120256765
GWO,F9,8,26537.396216017256
GWO,F9,9,40561.097091437594
GWO,F9,10,28926.30665504178
GWO,F9,11,28908.26675412383
GWO,F9,12,49838.377616510414
GWO,F9,13,25011.82955384761
GWO,F9,14,23669.534262856672
GWO,F9,15,60615.70574547586
GWO,F9,16,52670.653168662655
GWO,F9,17,43214.374169280476
GWO,F9,18,27683.719891297944
GWO,F9,19,52958.89666989945
GWO,F9,20,47842.251556054805
GWO,F9,21,31430.28738419373
GWO,F9,22,51141.27168765196
GWO,F9,23,30933.66762975386
GWO,F9,24,23754.71991506072
GWO,F9,25,23011.944300018928
GWO,F9,26,58015.03634899152
GWO,F9,27,49201.293409678234
GWO,F9,28,55563.93224032893
GWO,F9,29,51419.31612338387
GWO,F9,30,46306.13583363995
GWO,F10,1,15222.613453278656
GWO,F10,2,17772.70183379072
GWO,F10,3,15593.441150070314
GWO,F10,4,32520.008569182843
GWO,F10,5,15821.338717125724
GWO,F10,6,32542.81287916118
GWO,F10,7,18503.546710995215
GWO,F10,8,32405.323430517714
GWO,F10,9,17330.4828736141
GWO,F10,10,18138.846601514324
GWO,F10,11,17227.22769912408
GWO,F10,12,16512.121091565437
GWO,F10,13,17477.26961853677
GWO,F10,14,17971.282559809606
GWO,F10,15,18607.33127684243
GWO,F10,16,14910.013819471522
GWO,F10,17,30358.032148569924
GWO,F10,18,16019.923561041003
GWO,F10,19,17029.472056193477
GWO,F10,20,31677.303957874443
GWO,F10,21,18637.122523915277
GWO,F10,22,32283.184995063464
GWO,F10,23,32604.333214637092
GWO,F10,24,15981.072655898952
GWO,F10,25,17825.879534200707
GWO,F10,26,16783.506597903925
GWO,F10,27,16924.609263444345
GWO,F10,28,33091.32871067533
GWO,F10,29,17203.860302191057
GWO,F10,30,17969.477447169134
GWO,F11,1,88051.07462648478
GWO,F11,2,73347.44356262512
GWO,F11,3,72021.0904158883
GWO,F11,4,57702.313168475186
GWO,F11,5,70535.5399914146
GWO,F11,6,77670.8963580591
GWO,F11,7,98162.3196105854
GWO,F11,8,79404.8706784382
GWO,F11,9,77409.38340823526
GWO,F11,10,47214.734807069166
GWO,F11,11,83929.81333789078
GWO,F11,12,83404.3258212419
GWO,F11,13,90162.97342990582
GWO,F11,14,95776.9995586369
GWO,F11,15,55375.49990677219
GWO,F11,16,66544.62328950918
GWO,F11,17,78031.71611842615
GWO,F11,18,80276.32617132303
GWO,F11,19,99565.30444298167
GWO,F11,20,77552.64900625305
GWO,F11,21,82234.67224131968
GWO,F11,22,89398.11994527304
GWO,F11,23,88889.4634843437
GWO,F11,24,75954.58817835714
GWO,F11,25,72611.19111434113
GWO,F11,26,77318.65747377457
GWO,F11,27,69239.48689346944
GWO,F11,28,75039.25450343842
GWO,F11,29,88067.97367298456
GWO,F11,30,98212.96456100573
GWO,F12,1,12715629618.662102
GWO,F12,2,6205590144.811405
GWO,F12,3,5447078545.032227
GWO,F12,4,7279444965.496887
GWO,F12,5,14043855739.175608
GWO,F12,6,13538502204.970955
GWO,F12,7,13631087645.924692
GWO,F12,8,10422909321.783722
GWO,F12,9,10855116172.821362
GWO,F12,10,5951509716.394091
GWO,F12,11,14081420176.07866
GWO,F12,12,15577492598.123386
GWO,F12,13,12669807382.775175
GWO,F12,14,12248436986.437807
GWO,F12,15,11561069971.694416
GWO,F12,16,8115601926.548425
GWO,F12,17,7953990492.60993
GWO,F12,18,15291901309.65877
GWO,F12,19,8280708318.864502
GWO,F12,20,11134601964.727222
GWO,F12,21,7053199679.460943
GWO,F12,22,5410378326.677141
GWO,F12,23,10381706500.998653
GWO,F12,24,11473193003.615559
GWO,F12,25,10089591239.254429
GWO,F12,26,4748426797.015793
GWO,F12,27,8609328537.6844
GWO,F12,28,4588681547.514251
GWO,F12,29,4185110145.5624228
GWO,F12,30,10173364786.296679
GWO,F13,1,3085812818.371747
GWO,F13,2,417521195.4040878
GWO,F13,3,752661143.9405857
GWO,F13,4,1892298996.6051416
GWO,F13,5,792050780.7899737
GWO,F13,6,622329202.8538926
GWO,F13,7,4355972539.358287
GWO,F13,8,205079535.72550103
GWO,F13,9,917510923.0941663
GWO,F13,10,344133484.78519756
GWO,F13,11,1147348155.9860368
GWO,F13,12,232882385.96377262
GWO,F13,13,716186694.3447064
GWO,F13,14,2687742219.3906035
GWO,F13,15,1973376463.5742455
GWO,F13,16,1632294324.3868155
GWO,F13,17,1020813794.912892
GWO,F13,18,2743096573.802736
GWO,F13,19,209994038.30922848
GWO,F13,20,158735773.2752965
GWO,F13,21,1277859102.338784
GWO,F13,22,2120571972.4389355
GWO,F13,23,204022433.36811468
GWO,F13,24,822663444.622171
GWO,F13,25,877021151.8156394
GWO,F13,26,1205088908.1546686
GWO,F13,27,1611623628.021302
GWO,F13,28,1429310453.0147178
GWO,F13,29,249260191.55155763
GWO,F13,30,7045677029.6365795
GWO,F14,1,10384865.793669632
GWO,F14,2,2634704.769236977
GWO,F14,3,6404482.835588676
GWO,F14,4,16832492.07457615
GWO,F14,5,14382185.128200302
GWO,F14,6,4932488.546320874
GWO,F14,7,3999445.469069027
GWO,F14,8,3323614.3739248957
GWO,F14,9,7759180.424355097
GWO,F14,10,6406909.905962554
GWO,F14,11,1983792.7960907998
GWO,F14,12,4994430.492732719
GWO,F14,13,5854095.552276159
GWO,F14,14,6115291.168784897
GWO,F14,15,6084772.424604228
GWO,F14,16,6886208.628457819
GWO,F14,17,1836635.6694929947
GWO,F14,18,3451751.676442772
GWO,F14,19,9297094.850704279
GWO,F14,20,14330123.451840235
GWO,F14,21,15769960.390963923
GWO,F14,22,13326191.528603032
GWO,F14,23,13486604.835810555
GWO,F14,24,15487764.35159448
GWO,F14,25,8429320.770579735
GWO,F14,26,2525857.549348227
GWO,F14,27,2848166.5908293016
GWO,F14,28,4837502.4605270745
GWO,F14,29,13575182.865037246
GWO,F14,30,16160178.757855121
GWO,F15,1,157173209.0987743
GWO,F15,2,657822867.170407
GWO,F15,3,116620818.51524986
GWO,F15,4,191897363.23566726
GWO,F15,5,46344102.86128813
GWO,F15,6,1107351064.7115777
GWO,F15,7,88471735.85265045
GWO,F15,8,37039051.68020073
GWO,F15,9,42806440.922572635
GWO,F15,10,212925942.779656
GWO,F15,11,2565085.3074455396
GWO,F15,12,105786249.7049462
GWO,F15,13,26896339.31540858
GWO,F15,14,65378397.32216791
GWO,F15,15,1065927220.7192777
GWO,F15,16,200657068.45372844
GWO,F15,17,36304025.13877204
GWO,F15,18,464364816.73861426
GWO,F15,19,110050186.6107287
GWO,F15,20,402601369.38803566
GWO,F15,21,35870414.6444241
GWO,F15,22,1092054469.5074763
GWO,F15,23,789317587.8679742
GWO,F15,24,28380725.245585572
GWO,F15,25,469012139.5638942
GWO,F15,26,1133697692.929323
GWO,F15,27,1414703.6606142686
GWO,F15,28,6013304.212699407
GWO,F15,29,36367671.03452498
GWO,F15,30,11503178.340289999
GWO,F16,1,7253.420124873986
GWO,F16,2,5615.073621722366
GWO,F16,3,6946.6043422330895
GWO,F16,4,6312.297769813071
GWO,F16,5,6462.433189743234
GWO,F16,6,7227.367006707675
GWO,F16,7,7671.373053796605
GWO,F16,8,6582.327469614434
GWO,F16,9,5757.568358966349
GWO,F16,10,5379.351550643378
GWO,F16,11,6839.408120019396
GWO,F16,12,6021.99456152569
GWO,F16,13,6919.740164049024
GWO,F16,14,5510.547540012024
GWO,F16,15,6921.027006416963
GWO,F16,16,6203.922186299037
GWO,F16,17,6555.405405831161
GWO,F16,18,7368.08046515292
GWO,F16,19,5241.963425054057
GWO,F16,20,6708.399628562667
GWO,F16,21,6985.284165103671
GWO,F16,22,7178.396739693907
GWO,F16,23,7068.077080561712
GWO,F16,24,7250.808222969425
GWO,F16,25,7887.902217285097
GWO,F16,26,5477.300345470173
GWO,F16,27,5820.710987570805
GWO,F16,28,5878.593996884303
GWO,F16,29,6742.79248285788
GWO,F16,30,6712.2074403498
GWO,F17,1,5697.450622726405
GWO,F17,2,7241.601463771304
GWO,F17,3,4791.690725112212
GWO,F17,4,7175.915310682337
GWO,F17,5,4483.300327034527
GWO,F17,6,4803.626658113795
GWO,F17,7,6125.311669267154
GWO,F17,8,5688.0496466691275
GWO,F17,9,5296.51239333218
GWO,F17,10,5600.646490488159
GWO,F17,11,8698.19572397688
GWO,F17,12,5000.665816721821
GWO,F17,13,5215.402116306912
GWO,F17,14,5510.115685845453
GWO,F17,15,5392.603813783407
GWO,F17,16,5259.360304469027
GWO,F17,17,4967.186169527362
GWO,F17,18,5349.57594579551
GWO,F17,19,4672.685032351243
GWO,F17,20,4804.530458971003
GWO,F17,21,5019.91441125437
GWO,F17,22,4166.1754489059385
GWO,F17,23,5578.30684295637
GWO,F17,24,6004.578413153871
GWO,F17,25,5385.137935135093
GWO,F17,26,4778.695616279034
GWO,F17,27,7254.472364223243
GWO,F17,28,6514.936657477939
GWO,F17,29,4745.238656503008
GWO,F17,30,5504.010200056109
GWO,F18,1,3526226.043775672
GWO,F18,2,4710424.499528763
GWO,F18,3,5034962.784095538
GWO,F18,4,9926705.638768774
GWO,F18,5,2982662.3941178857
GWO,F18,6,6014052.814363714
GWO,F18,7,7057062.858692329
GWO,F18,8,12171341.296340147
GWO,F18,9,5020607.358958373
GWO,F18,10,5830052.293170114
GWO,F18,11,5410102.66085332
GWO,F18,12,4704883.693910693
GWO,F18,13,7902842.9782897625
GWO,F18,14,3715219.2700511576
GWO,F18,15,3886480.0236139074
GWO,F18,16,1369509.300771121
GWO,F18,17,34468604.755694054
GWO,F18,18,6067269.8804957075
GWO,F18,19,7693732.474795923
GWO,F18,20,4015843.698637531
GWO,F18,21,2835398.010919287
GWO,F18,22,14569102.568873156
GWO,F18,23,7405886.7688865075
GWO,F18,24,8350848.771806232
GWO,F18,25,15367026.478417402
GWO,F18,26,6534455.551685621
GWO,F18,27,18147756.96970897
GWO,F18,28,7645058.219348202
GWO,F18,29,2199989.427010121
GWO,F18,30,4368445.943193309
GWO,F19,1,625841013.2243032
GWO,F19,2,316412697.4299639
GWO,F19,3,31613674.375020918
GWO,F19,4,103541974.2460391
GWO,F19,5,46928506.52856135
GWO,F19,6,456825199.0868809
GWO,F19,7,91567581.89033583
GWO,F19,8,250798417.88239643
GWO,F19,9,154053782.595924
GWO,F19,10,63715223.252963826
GWO,F19,11,361330719.65774965
GWO,F19,12,261943975.13723847
GWO,F19,13,265049835.2696548
GWO,F19,14,32607694.472517036
GWO,F19,15,32984050.254876573
GWO,F19,16,50524467.5275449
GWO,F19,17,23669182.212408837
GWO,F19,18,15066557.08516659
GWO,F19,19,729278168.6520636
GWO,F19,20,168103860.85202712
GWO,F19,21,8584882.772699678
GWO,F19,22,157182878.70646062
GWO,F19,23,293234777.3205434
GWO,F19,24,303358813.343795
GWO,F19,25,168184654.3215885
GWO,F19,26,29585132.252324097
GWO,F19,27,315037083.51414925
GWO,F19,28,940182319.9897131
GWO,F19,29,275020002.0202998
GWO,F19,30,13733663.792142257
GWO,F20,1,4507.35631696062
GWO,F20,2,6949.291814650069
GWO,F20,3,6038.577360672512
GWO,F20,4,6475.139000646149
GWO,F20,5,3889.924076478019
GWO,F20,6,4681.713459351589
GWO,F20,7,7678.112080362951
GWO,F20,8,5633.138126370333
GWO,F20,9,4966.7275568425885
GWO,F20,10,7390.885529692254
GWO,F20,11,5644.656954986659
GWO,F20,12,4393.599086530463
GWO,F20,13,7415.787810076312
GWO,F20,14,5343.4362692496725
GWO,F20,15,4620.930019695237
GWO,F20,16,4194.924546258049
GWO,F20,17,4801.996175960263
GWO,F20,18,4810.136283301548
GWO,F20,19,5668.944695871816
GWO,F20,20,4381.847520663248
GWO,F20,21,5059.167216771106
GWO,F20,22,5023.899443804803
GWO,F20,23,4847.817262466261
GWO,F20,24,4465.357018875891
GWO,F20,25,4150.147344792149
GWO,F20,26,5345.926564498359
GWO,F20,27,5693.508018138478
GWO,F20,28,4926.160990547271
GWO,F20,29,7340.680278818294
GWO,F20,30,5422.35049075456
GWO,F21,1,2963.66855502594
GWO,F21,2,3021.360359187533
GWO,F21,3,3043.9990797519213
GWO,F21,4,3033.783650015968
GWO,F21,5,2975.4845128030533
GWO,F21,6,3125.268057108995
GWO,F21,7,2983.0105680190286
GWO,F21,8,2896.4533458227043
GWO,F21,9,3084.71780156463
GWO,F21,10,3185.105646778813
GWO,F21,11,3036.082912909167
GWO,F21,12,2960.516623104635
GWO,F21,13,3073.7519606164255
GWO,F21,14,2918.1058000287476
GWO,F21,15,3097.728782083028
GWO,F21,16,3050.5388962733723
GWO,F21,17,3206.6196622706993
GWO,F21,18,2996.8414807252093
GWO,F21,19,2999.077691711223
GWO,F21,20,3178.4892694415303
GWO,F21,21,3149.60513671201
GWO,F21,22,3089.1589821469406
GWO,F21,23,2976.9219516904363
GWO,F21,24,3108.9399385049437
GWO,F21,25,3069.54177615957
GWO,F21,26,2990.156639056922
GWO,F21,27,3095.574720987718
GWO,F21,28,3055.2354176536883
GWO,F21,29,3025.5748857028684
GWO,F21,30,3064.6627028791518
GWO,F22,1,17358.99428348869
GWO,F22,2,22691.08495757537
GWO,F22,3,19428.98676379948
GWO,F22,4,20779.50393192207
GWO,F22,5,21302.109370033882
GWO,F22,6,19224.936745679443
GWO,F22,7,20820.363728004642
GWO,F22,8,33862.62195344773
GWO,F22,9,19901.079486506438
GWO,F22,10,20515.6189368452
GWO,F22,11,17676.95748725716
GWO,F22,12,18904.58676770356
GWO,F22,13,20628.05701316235
GWO,F22,14,21517.426184248812
GWO,F22,15,34158.831990786086
GWO,F22,16,21011.888017320423
GWO,F22,17,20658.34485217875
GWO,F22,18,19763.188245934667
GWO,F22,19,20994.42813094832
GWO,F22,20,18681.068224095616
GWO,F22,21,19333.162350338876
GWO,F22,22,20149.860889039126
GWO,F22,23,19156.786984597686
GWO,F22,24,33728.59539364174
GWO,F22,25,20439.271060973704
GWO,F22,26,20736.336549792584
GWO,F22,27,21388.841898999992
GWO,F22,28,20450.321916937566
GWO,F22,29,17888.540598493564
GWO,F22,30,20313.85134440028
GWO,F23,1,3702.490053517546
GWO,F23,2,3663.9323349455094
GWO,F23,3,3599.7592495284625
GWO,F23,4,3844.350067496993
GWO,F23,5,3680.591491720569
GWO,F23,6,3819.618138632592
GWO,F23,7,3660.746104609617
GWO,F23,8,3756.2489499325407
GWO,F23,9,3659.849605425218
GWO,F23,10,3834.6747922408745
GWO,F23,11,3555.0953590783893
GWO,F23,12,3680.5842602025546
GWO,F23,13,3663.037670856479
GWO,F23,14,3641.5205812068934
GWO,F23,15,3826.085543171536
GWO,F23,16,3624.8110147589
GWO,F23,17,3643.226045530317
GWO,F23,18,3820.130548684767
GWO,F23,19,3612.821733930212
GWO,F23,20,3676.472267307907
GWO,F23,21,3735.5294422192715
GWO,F23,22,3877.1638521679793
GWO,F23,23,3802.1926320280472
GWO,F23,24,3586.3310307844877
GWO,F23,25,3750.29319502681
GWO,F23,26,3829.282875241215
GWO,F23,27,3498.9492057991483
GWO,F23,28,3702.3290297541007
GWO,F23,29,3764.567562424017
GWO,F23,30,3559.522811495405
GWO,F24,1,4409.54561977623
GWO,F24,2,4184.636848671577
GWO,F24,3,4516.710138256191
GWO,F24,4,4209.666789125549
GWO,F24,5,4243.557461137041
GWO,F24,6,4357.657552911667
GWO,F24,7,4334.161944109199
GWO,F24,8,4053.664107838025
GWO,F24,9,4140.9954706218705
GWO,F24,10,4319.434700493332
GWO,F24,11,4490.4599077289395
GWO,F24,12,4148.52886878609
GWO,F24,13,4190.963755400393
GWO,F24,14,4448.287604440951
GWO,F24,15,4254.124603949525
GWO,F24,16,4588.472698872025
GWO,F24,17,4204.497439688876
GWO,F24,18,4285.2509434252825
GWO,F24,19,4378.333854510813
GWO,F24,20,4378.80894184398
GWO,F24,21,4678.147967914456
GWO,F24,22,4332.159305627306
GWO,F24,23,4264.47808183889
GWO,F24,24,4569.243562766614
GWO,F24,25,4133.148923645721
GWO,F24,26,4220.537638388485
GWO,F24,27,4394.485245172398
GWO,F24,28,4130.504087364163
GWO,F24,29,4601.266712165698
GWO,F24,30,4410.0406468503525
GWO,F25,1,6302.555838115328
GWO,F25,2,6378.053202892696
GWO,F25,3,7071.330842793619
GWO,F25,4,7220.914198069261
GWO,F25,5,9545.159276831482
GWO,F25,6,7369.738784015935
GWO,F25,7,6991.954445135778
GWO,F25,8,5808.132077051441
GWO,F25,9,8068.368061592384
GWO,F25,10,6389.281428267358
GWO,F25,11,8480.805575599497
GWO,F25,12,8714.664669321573
GWO,F25,13,6284.854566791061
GWO,F25,14,7690.163496964892
GWO,F25,15,7169.110185623882
GWO,F25,16,6397.207995434534
GWO,F25,17,8187.143309020622
GWO,F25,18,7510.7965194499075
GWO,F25,19,7865.646824668443
GWO,F25,20,6155.728575508474
GWO,F25,21,8142.695596306541
GWO,F25,22,6118.945895834239
GWO,F25,23,7348.5009361192515
GWO,F25,24,6136.584478193792
GWO,F25,25,8138.957141713527
GWO,F25,26,8517.923600917811
GWO,F25,27,7076.2355026252
GWO,F25,28,6997.70266992348
GWO,F25,29,8147.770661167619
GWO,F25,30,6773.926271994055
GWO,F26,1,15736.157018523732
GWO,F26,2,19240.116768878066
GWO,F26,3,20270.086349296555
GWO,F26,4,15472.824918074177
GWO,F26,5,18119.216625963854
GWO,F26,6,16762.529128607483
GWO,F26,7,17924.554621798998
GWO,F26,8,14544.31802145957
GWO,F26,9,15367.555686793483
GWO,F26,10,16422.19527186849
GWO,F26,11,16176.877503319934
GWO,F26,12,21836.581617559554
GWO,F26,13,16108.747096395837
GWO,F26,14,16362.256339932646
GWO,F26,15,14969.449931903353
GWO,F26,16,21410.240200779794
GWO,F26,17,17134.205416691777
GWO,F26,18,18186.66504085091
GWO,F26,19,18206.40821660135
GWO,F26,20,16048.275562794475
GWO,F26,21,18297.806025228318
GWO,F26,22,16132.646060924577
GWO,F26,23,17751.983148502495
GWO,F26,24,17660.224183465078
GWO,F26,25,14647.37006529513
GWO,F26,26,17549.057926437792
GWO,F26,27,14392.50959862901
GWO,F26,28,18415.25316495891
GWO,F26,29,17227.267282135414
GWO,F26,30,15383.868397646995
GWO,F27,1,4680.022611689831
GWO,F27,2,4047.8769070091394
GWO,F27,3,4355.797987110707
GWO,F27,4,3912.2783950009543
GWO,F27,5,3994.279200509992
GWO,F27,6,4156.221888141558
GWO,F27,7,4102.11645142496
GWO,F27,8,4117.380370651123
GWO,F27,9,4229.951637729094
GWO,F27,10,4478.890904822498
GWO,F27,11,4116.530797045462
GWO,F27,12,4341.178990188452
GWO,F27,13,4085.685641758431
GWO,F27,14,4324.283399619086
GWO,F27,15,4342.8821778186275
GWO,F27,16,4444.816789815264
GWO,F27,17,4388.143731992335
GWO,F27,18,4279.35558782388
GWO,F27,19,4426.647501034327
GWO,F27,20,4083.9258046215186
GWO,F27,21,4256.465872351856
GWO,F27,22,3942.087335771328
GWO,F27,23,4330.512234602578
GWO,F27,24,4339.125972217372
GWO,F27,25,4618.905518226935
GWO,F27,26,4050.3696303159613
GWO,F27,27,4343.076138510986
GWO,F27,28,3947.467150680728
GWO,F27,29,4269.334115707696
GWO,F27,30,4402.613092364544
GWO,F28,1,7895.502598013063
GWO,F28,2,9593.39370969748
GWO,F28,3,10276.225261224648
GWO,F28,4,10184.306194540066
GWO,F28,5,10419.562973751541
GWO,F28,6,8587.379947259098
GWO,F28,7,11350.509833751139
GWO,F28,8,11331.281604207863
GWO,F28,9,6540.364964778382
GWO,F28,10,7616.7930212489155
GWO,F28,11,9359.44781123732
GWO,F28,12,9555.115597873239
GWO,F28,13,10248.991291373683
GWO,F28,14,7033.883178158497
GWO,F28,15,7966.84472976167
GWO,F28,16,9567.780917261965
GWO,F28,17,9148.230354244648
GWO,F28,18,9958.720669858756
GWO,F28,19,7564.845341182807
GWO,F28,20,9345.436776462648
GWO,F28,21,8122.653919446251
GWO,F28,22,8453.165844599489
GWO,F28,23,7129.19186756527
GWO,F28,24,11132.002428218337
GWO,F28,25,10908.189813662548
GWO,F28,26,10297.938974465713
GWO,F28,27,10211.843021866556
GWO,F28,28,8786.641118173677
GWO,F28,29,8627.366399250128
GWO,F28,30,7413.551666815239
GWO,F29,1,8746.42191680098
GWO,F29,2,8891.263138450044
GWO,F29,3,10306.527198676546
GWO,F29,4,9544.782448226346
GWO,F29,5,8654.70583900721
GWO,F29,6,8683.078545631179
GWO,F29,7,8433.001893270675
GWO,F29,8,8961.310256548262
GWO,F29,9,8014.575334803673
GWO,F29,10,9508.554533872768
GWO,F29,11,9892.633377867864
GWO,F29,12,8564.595753095684
GWO,F29,13,9609.753625208257
GWO,F29,14,9212.790950274244
GWO,F29,15,9377.697227390538
GWO,F29,16,8068.912268652113
GWO,F29,17,8793.904207655352
GWO,F29,18,9766.315476918946
GWO,F29,19,9568.99094616162
GWO,F29,20,8940.488591674384
GWO,F29,21,9513.912397473438
GWO,F29,22,8352.414311595983
GWO,F29,23,8941.925536937744
GWO,F29,24,8647.696417501347
GWO,F29,25,8400.946547676542
GWO,F29,26,9153.74747177307
GWO,F29,27,9264.55568463768
GWO,F29,28,8520.810895338884
GWO,F29,29,10679.983333930026
GWO,F29,30,7946.094993683513
GWO,F30,1,10205937821.70347
GWO,F30,2,2758038071.5923405
GWO,F30,3,436995181.97398436
GWO,F30,4,1236830971.4402227
GWO,F30,5,263964487.7119086
GWO,F30,6,1038791888.298596
GWO,F30,7,1459952235.0563955
GWO,F30,8,1389291376.1836355
GWO,F30,9,453054326.67882824
GWO,F30,10,814538164.5992597
GWO,F30,11,1277969407.8139622
GWO,F30,12,3016135626.2771125
GWO,F30,13,562184484.9125878
GWO,F30,14,813995437.2387277
GWO,F30,15,1136965462.8106222
GWO,F30,16,844245599.3377434
GWO,F30,17,1739286897.4431357
GWO,F30,18,2135388705.4271228
GWO,F30,19,4162424708.5654097
GWO,F30,20,521189585.67656255
GWO,F30,21,616936833.1269499
GWO,F30,22,1485049850.1771352
GWO,F30,23,3400109365.4536767
GWO,F30,24,1298263906.83044
GWO,F30,25,588506560.0525498
GWO,F30,26,783727815.6085172
GWO,F30,27,1653957305.5964844
GWO,F30,28,795530051.5627387
GWO,F30,29,1793662636.2248628
GWO,F30,30,1447351825.3009863
MFO,F1,1,571336195536.2483
MFO,F1,2,579966329406.4031
MFO,F1,3,468129600562.595
MFO,F1,4,459090142980.0849
MFO,F1,5,607829213398.2913
MFO,F1,6,489676038443.8883
MFO,F1,7,571122739009.6072
MFO,F1,8,595060124803.6118
MFO,F1,9,576843461011.3527
MFO,F1,10,564012778405.0997
MFO,F1,11,489931642170.14484
MFO,F1,12,473015992162.86993
MFO,F1,13,493173433206.39716
MFO,F1,14,610973123732.9099
MFO,F1,15,577242581293.7386
MFO,F1,16,655034972899.4858
MFO,F1,17,358296280189.2474
MFO,F1,18,512498410145.5981
MFO,F1,19,440847594953.9688
MFO,F1,20,627933972198.5033
MFO,F1,21,476424966114.0332
MFO,F1,22,626126318110.0292
MFO,F1,23,595251515434.6888
MFO,F1,24,623386320911.8402
MFO,F1,25,567203867317.5195
MFO,F1,26,649730971394.8873
MFO,F1,27,633126135732.8291
MFO,F1,28,614015248212.1613
MFO,F1,29,529735087711.319
MFO,F1,30,559408047659.7485
MFO,F3,1,1592374.7020643777
MFO,F3,2,1188248.4361157636
MFO,F3,3,1367241.1616871555
MFO,F3,4,1431100.8441933305
MFO,F3,5,1301213.5605373546
MFO,F3,6,1353096.0412166629
MFO,F3,7,1162453.0406923394
MFO,F3,8,1329077.478656277
MFO,F3,9,1399478.253019273
MFO,F3,10,1037594.5193445027
MFO,F3,11,1391646.665868273
MFO,F3,12,1201204.691930028
MFO,F3,13,1597913.608330122
MFO,F3,14,1304583.2045305283
MFO,F3,15,1157321.3431914411
MFO,F3,16,1322552.4746928841
MFO,F3,17,1483744.1898965614
MFO,F3,18,1140589.3478107913
MFO,F3,19,1182665.8354920382
MFO,F3,20,1319934.4280177911
MFO,F3,21,1389333.343400366
MFO,F3,22,1290645.5232108582
MFO,F3,23,1284337.2295009452
MFO,F3,24,993231.0385543987
MFO,F3,25,1496383.0574321249
MFO,F3,26,1284558.5677948478
MFO,F3,27,1196865.1677945626
MFO,F3,28,1462131.2954966726
MFO,F3,29,1335340.7876087131
MFO,F3,30,1361508.3676329067
MFO,F4,1,116831.35513871654
MFO,F4,2,196283.01897152455
MFO,F4,3,187704.06737894277
MFO,F4,4,180199.2399534499
MFO,F4,5,257570.89977165672
MFO,F4,6,101813.77163709427
MFO,F4,7,251334.5415170821
MFO,F4,8,255828.79147563083
MFO,F4,9,312504.7887042086
MFO,F4,10,302691.6763680015
MFO,F4,11,223486.8060055641
MFO,F4,12,206031.59706130234
MFO,F4,13,200537.08933408826
MFO,F4,14,245384.31194541027
MFO,F4,15,156144.85225043437
MFO,F4,16,193905.42750315447
MFO,F4,17,266001.1693262957
MFO,F4,18,221479.14380031725
MFO,F4,19,264038.49268509896
MFO,F4,20,126550.96402836712
MFO,F4,21,365080.85142219457
MFO,F4,22,110737.24032383296
MFO,F4,23,281065.79728430544
MFO,F4,24,301894.2601819582
MFO,F4,25,153173.13346417723
MFO,F4,26,255323.54503990881
MFO,F4,27,191080.37077844643
MFO,F4,28,230729.18342560434
MFO,F4,29,214329.14326984432
MFO,F4,30,326621.0704814099
MFO,F5,1,2753.7102878565365
MFO,F5,2,2968.8575950163877
MFO,F5,3,3265.0397543645036
MFO,F5,4,3065.2624125406332
MFO,F5,5,2711.860413253102
MFO,F5,6,3190.9210744655725
MFO,F5,7,2815.7525780374517
MFO,F5,8,3112.7470628085716
MFO,F5,9,3130.085697681257
MFO,F5,10,3147.682325943515
MFO,F5,11,3019.481455710695
MFO,F5,12,2941.0486862172174
MFO,F5,13,2858.1681086684744
MFO,F5,14,3051.5600170139965
MFO,F5,15,3133.7287040544143
MFO,F5,16,2847.0971961836754
MFO,F5,17,2686.5607321688253
MFO,F5,18,2892.427308585359
MFO,F5,19,3161.2116677753293
MFO,F5,20,3228.7139718356
MFO,F5,21,2910.7669630021637
MFO,F5,22,2812.8458610905222
MFO,F5,23,2814.305920896613
MFO,F5,24,2572.2886069475367
MFO,F5,25,2829.8124431119095
MFO,F5,26,2801.678490329453
MFO,F5,27,2558.8142482739645
MFO,F5,28,2576.212298898226
MFO,F5,29,3047.545731184227
MFO,F5,30,2531.7576191732105
MFO,F6,1,747.697706327007
MFO,F6,2,734.4584522226504
MFO,F6,3,751.5161939641465
MFO,F6,4,762.6498351128799
MFO,F6,5,738.2475532255404
MFO,F6,6,756.5442313513827
MFO,F6,7,746.6219186604553
MFO,F6,8,767.8272491911191
MFO,F6,9,767.825789216261
MFO,F6,10,759.2968276587317
MFO,F6,11,751.6964082002817
MFO,F6,12,764.3301325718371
MFO,F6,13,770.1952072067485
MFO,F6,14,752.8687945592274
MFO,F6,15,758.6172394361568
MFO,F6,16,766.6103617299082
MFO,F6,17,779.0939641646734
MFO,F6,18,755.7200680913163
MFO,F6,19,763.1219074232993
MFO,F6,20,759.4392083043102
MFO,F6,21,746.8168731948047
MFO,F6,22,757.9003155128985
MFO,F6,23,760.8459757837088
MFO,F6,24,773.2278576961705
MFO,F6,25,748.4051109696542
MFO,F6,26,755.3064271968915
MFO,F6,27,752.0517775006144
MFO,F6,28,727.9070685465528
MFO,F6,29,752.1483664325999
MFO,F6,30,746.3395274976436
MFO,F7,1,14145.171735727768
MFO,F7,2,13751.069146331978
MFO,F7,3,14089.789467386441
MFO,F7,4,12761.618495014127
MFO,F7,5,13843.441460412023
MFO,F7,6,13514.403389859257
MFO,F7,7,14161.596105611174
MFO,F7,8,13441.418995641568
MFO,F7,9,12181.935142525803
MFO,F7,10,13429.424222643764
MFO,F7,11,13548.404354552289
MFO,F7,12,14205.305315702642
MFO,F7,13,13654.05615038002
MFO,F7,14,13984.98538350426
MFO,F7,15,13667.49994180197
MFO,F7,16,14059.770213717547
MFO,F7,17,13833.473779795571
MFO,F7,18,12353.538914507657
MFO,F7,19,13390.093865497283
MFO,F7,20,13695.39727476849
MFO,F7,21,14223.769328357464
MFO,F7,22,13939.15245438315
MFO,F7,23,12705.516389972112
MFO,F7,24,14495.968818551491
MFO,F7,25,13994.956061176923
MFO,F7,26,14062.545369392601
MFO,F7,27,12776.926180160963
MFO,F7,28,14168.07048699588
MFO,F7,29,14297.187435230026
MFO,F7,30,13630.294870550477
MFO,F8,1,3531.473350945629
MFO,F8,2,3446.000468025311
MFO,F8,3,3389.1589367302768
MFO,F8,4,3466.1217488188195
MFO,F8,5,3128.64258890745
MFO,F8,6,3392.5197178602602
MFO,F8,7,3493.0853618099136
MFO,F8,8,3314.8239445972686
MFO,F8,9,3641.954529060932
MFO,F8,10,3515.689516885189
MFO,F8,11,3473.552123493725
MFO,F8,12,3280.3406150061155
MFO,F8,13,3487.326589954842
MFO,F8,14,3078.4557032091734
MFO,F8,15,3101.387500151337
MFO,F8,16,3173.978521366053
MFO,F8,17,3294.2395982037874
MFO,F8,18,3444.7929318195247
MFO,F8,19,2855.2778306691857
MFO,F8,20,3231.0187968113723
MFO,F8,21,3015.3497768605444
MFO,F8,22,3387.734285264373
MFO,F8,23,3185.1342939588017
MFO,F8,24,3211.293545556783
MFO,F8,25,3716.674869476481
MFO,F8,26,3263.1586530005984
MFO,F8,27,3373.9100625630263
MFO,F8,28,3154.0758848959194
MFO,F8,29,3650.984078492538
MFO,F8,30,3168.76849131929
MFO,F9,1,202286.6377689453
MFO,F9,2,222832.0717853104
MFO,F9,3,220031.26795300626
MFO,F9,4,214726.80935088528
MFO,F9,5,227438.8109137683
MFO,F9,6,207711.95159779544
MFO,F9,7,198568.86726394022
MFO,F9,8,219023.47484985736
MFO,F9,9,248649.98426271847
MFO,F9,10,247763.9431030093
MFO,F9,11,206915.25975494646
MFO,F9,12,231137.97185599478
MFO,F9,13,245017.71653309563
MFO,F9,14,171698.58463085303
MFO,F9,15,160304.84702554042
MFO,F9,16,198256.016320534
MFO,F9,17,135160.9627814704
MFO,F9,18,228642.58846300284
MFO,F9,19,253841.6847453831
MFO,F9,20,244179.3373866989
MFO,F9,21,211225.03286575968
MFO,F9,22,171375.8893484256
MFO,F9,23,201812.74101220368
MFO,F9,24,207377.1079957531
MFO,F9,25,211234.41001252903
MFO,F9,26,221311.08639693997
MFO,F9,27,202818.64275307563
MFO,F9,28,152075.3507077985
MFO,F9,29,213934.28637271293
MFO,F9,30,246907.45981661085
MFO,F10,1,33945.03208384235
MFO,F10,2,33768.803401349855
MFO,F10,3,33727.74052991374
MFO,F10,4,33579.052885353
MFO,F10,5,31337.790456441515
MFO,F10,6,33608.01642886887
MFO,F10,7,33798.93321451917
MFO,F10,8,33639.61609511304
MFO,F10,9,34019.776358458665
MFO,F10,10,33756.13851984737
MFO,F10,11,33201.66607780978
MFO,F10,12,29037.958296821635
MFO,F10,13,33412.557098813675
MFO,F10,14,32722.05421435567
MFO,F10,15,33021.295707516874
MFO,F10,16,32119.72037893267
MFO,F10,17,33247.52911884971
MFO,F10,18,31654.60622191929
MFO,F10,19,34403.97174297382
MFO,F10,20,32368.994726351397
MFO,F10,21,34114.09480401346
MFO,F10,22,33877.59442107641
MFO,F10,23,32343.585738192633
MFO,F10,24,33768.8027402538
MFO,F10,25,33786.2565821008
MFO,F10,26,30435.90059448251
MFO,F10,27,33237.80255566083
MFO,F10,28,32780.22954677269
MFO,F10,29,33700.571102498005
MFO,F10,30,32222.71424376501
MFO,F11,1,625658.4824089867
MFO,F11,2,750128.060387783
MFO,F11,3,577945.8713725937
MFO,F11,4,838595.6409404658
MFO,F11,5,604563.0205258803
MFO,F11,6,583853.7849520172
MFO,F11,7,734046.950526057
MFO,F11,8,490721.7507023094
MFO,F11,9,625021.3220440056
MFO,F11,10,487248.4875035938
MFO,F11,11,378075.20791879465
MFO,F11,12,585660.8554589507
MFO,F11,13,634592.7263795036
MFO,F11,14,724571.9861956239
MFO,F11,15,639909.5950114749
MFO,F11,16,628218.4090265551
MFO,F11,17,927043.1046175229
MFO,F11,18,666777.4333116226
MFO,F11,19,595140.5522442035
MFO,F11,20,902526.9681877524
MFO,F11,21,773346.8888584379
MFO,F11,22,674093.2951019255
MFO,F11,23,693761.7509538938
MFO,F11,24,725056.7270791625
MFO,F11,25,546162.4992032899
MFO,F11,26,682525.0744582457
MFO,F11,27,463032.14340777363
MFO,F11,28,721999.0288402762
MFO,F11,29,648417.0547676155
MFO,F11,30,528558.4994246826
MFO,F12,1,209616638042.11957
MFO,F12,2,149516719836.16434
MFO,F12,3,198697910691.5847
MFO,F12,4,213798369287.05463
MFO,F12,5,212804492420.6873
MFO,F12,6,190851257849.38434
MFO,F12,7,263630964094.90714
MFO,F12,8,205721873406.6709
MFO,F12,9,224313262621.94806
MFO,F12,10,137841583830.93646
MFO,F12,11,159226132412.3996
MFO,F12,12,206182008225.22882
MFO,F12,13,100535092747.38184
MFO,F12,14,197647384177.64224
MFO,F12,15,251058142342.64
MFO,F12,16,287491744912.1956
MFO,F12,17,210084707520.75067
MFO,F12,18,149626560906.9329
MFO,F12,19,160322454314.77985
MFO,F12,20,189931275567.61615
MFO,F12,21,259866766012.5208
MFO,F12,22,171363435314.3778
MFO,F12,23,153872626417.70044
MFO,F12,24,144137862475.68622
MFO,F12,25,255290812777.24347
MFO,F12,26,228915685818.23206
MFO,F12,27,145669888716.01407
MFO,F12,28,308746820254.63135
MFO,F12,29,358510748507.2027
MFO,F12,30,243568872577.3383
MFO,F13,1,54782135257.7914
MFO,F13,2,25318786069.435383
MFO,F13,3,53701712099.92721
MFO,F13,4,45619650218.96166
MFO,F13,5,19720749283.45207
MFO,F13,6,47392007791.03814
MFO,F13,7,57338720823.92736
MFO,F13,8,30155709444.22152
MFO,F13,9,66781231904.886345
MFO,F13,10,32832513546.203175
MFO,F13,11,32200954408.047794
MFO,F13,12,47927322630.49942
MFO,F13,13,75091338860.57172
MFO,F13,14,57637653828.263374
MFO,F13,15,36427396577.24567
MFO,F13,16,80471479500.87677
MFO,F13,17,33991064763.65542
MFO,F13,18,40439994084.96884
MFO,F13,19,55000054115.451515
MFO,F13,20,28145118966.99557
MFO,F13,21,72320338919.88522
MFO,F13,22,35341387223.59404
MFO,F13,23,20589281609.53115
MFO,F13,24,60531950745.0783
MFO,F13,25,13130320458.54588
MFO,F13,26,19195726767.45198
MFO,F13,27,59045969417.04787
MFO,F13,28,56030508710.486626
MFO,F13,29,77728220151.97635
MFO,F13,30,32275261894.06572
MFO,F14,1,221273112.0550792
MFO,F14,2,331173621.63120955
MFO,F14,3,319621483.63505274
MFO,F14,4,70047763.28128622
MFO,F14,5,599831046.7404314
MFO,F14,6,267184675.89568087
MFO,F14,7,452090476.80486757
MFO,F14,8,291479006.7601684
MFO,F14,9,186882388.9797025
MFO,F14,10,154582181.5917669
MFO,F14,11,98338763.48776299
MFO,F14,12,487603278.19151384
MFO,F14,13,407238136.83893245
MFO,F14,14,82544420.2382606
MFO,F14,15,87758001.9865714
MFO,F14,16,166924340.91339847
MFO,F14,17,434177674.42441726
MFO,F14,18,457506913.34310216
MFO,F14,19,176138767.97488567
MFO,F14,20,218819903.3530261
MFO,F14,21,354273406.4776553
MFO,F14,22,137404897.76283273
MFO,F14,23,81445872.7221353
MFO,F14,24,70155826.54131645
MFO,F14,25,288957512.82216674
MFO,F14,26,196193595.53954878
MFO,F14,27,309837828.2849768
MFO,F14,28,356512148.65438575
MFO,F14,29,312570098.41625834
MFO,F14,30,180517159.573179
MFO,F15,1,41336301816.945305
MFO,F15,2,32768792378.99155
MFO,F15,3,13041880273.173794
MFO,F15,4,21237855707.34962
MFO,F15,5,13892941218.635117
MFO,F15,6,19913331097.401466
MFO,F15,7,16791361715.852125
MFO,F15,8,19901316176.47028
MFO,F15,9,13639721606.21102
MFO,F15,10,13475521264.502077
MFO,F15,11,3339083473.013627
MFO,F15,12,20162655842.56646
MFO,F15,13,6646080963.724528
MFO,F15,14,21061760294.658005
MFO,F15,15,12721119105.579601
MFO,F15,16,25579052999.857933
MFO,F15,17,13844434192.981623
MFO,F15,18,9471492781.988073
MFO,F15,19,33211682640.140976
MFO,F15,20,28192176874.37169
MFO,F15,21,19236121664.0148
MFO,F15,22,19826834287.29264
MFO,F15,23,32597485261.86053
MFO,F15,24,19862540286.558147
MFO,F15,25,21353665188.907547
MFO,F15,26,22722215461.273182
MFO,F15,27,34423921640.40366
MFO,F15,28,18241247115.433167
MFO,F15,29,23279342860.125465
MFO,F15,30,31193122148.769073
MFO,F16,1,19152.98571523767
MFO,F16,2,23617.144180614137
MFO,F16,3,10659.187865863692
MFO,F16,4,13689.29816562056
MFO,F16,5,20359.03832244656
MFO,F16,6,20360.23463393467
MFO,F16,7,22994.29102704246
MFO,F16,8,13920.426958234586
MFO,F16,9,20817.927109633092
MFO,F16,10,24418.864189677763
MFO,F16,11,19341.868727503293
MFO,F16,12,23230.426381623613
MFO,F16,13,20560.032812572965
MFO,F16,14,14955.950109901925
MFO,F16,15,14185.478322805007
MFO,F16,16,14359.888601423603
MFO,F16,17,15627.706471430638
MFO,F16,18,20846.066663730755
MFO,F16,19,13876.174732734416
MFO,F16,20,28821.628898307834
MFO,F16,21,13967.874380273533
MFO,F16,22,14152.936830236013
MFO,F16,23,17416.751227666704
MFO,F16,24,13605.072208814789
MFO,F16,25,16587.4805928223
MFO,F16,26,18633.910188791626
MFO,F16,27,16312.081344692404
MFO,F16,28,23522.61678785632
MFO,F16,29,17212.85525463468
MFO,F16,30,12909.543669403478
MFO,F17,1,6153966.982052537
MFO,F17,2,184614.3961257673
MFO,F17,3,2653729.1650558235
MFO,F17,4,1707639.9591602061
MFO,F17,5,1860455.7815694816
MFO,F17,6,17617509.442364305
MFO,F17,7,963310.3726358163
MFO,F17,8,11428951.419732843
MFO,F17,9,915003.4860282711
MFO,F17,10,161061.10790076564
MFO,F17,11,518040.71905520686
MFO,F17,12,779497.3182751832
MFO,F17,13,161616.46130908985
MFO,F17,14,1450169.0399981532
MFO,F17,15,146129.40147056466
MFO,F17,16,233310.85678325166
MFO,F17,17,16789.69149489243
MFO,F17,18,1295240.9806345403
MFO,F17,19,1039086.954328203
MFO,F17,20,284335.079598645
MFO,F17,21,264221.6792778128
MFO,F17,22,3419188.0771138966
MFO,F17,23,153894.45158196316
MFO,F17,24,185831.79744120693
MFO,F17,25,657025.3545027114
MFO,F17,26,1093674.5221316386
MFO,F17,27,19104224.852072407
MFO,F17,28,4504573.88826446
MFO,F17,29,609782.3820834182
MFO,F17,30,42229.40778711041
MFO,F18,1,440625018.62292296
MFO,F18,2,808555069.2817665
MFO,F18,3,127215564.59368993
MFO,F18,4,506618187.2451723
MFO,F18,5,80811853.19282797
MFO,F18,6,308809313.8975468
MFO,F18,7,652026098.6215115
MFO,F18,8,485012465.8840873
MFO,F18,9,557722237.5590603
MFO,F18,10,181024468.41353852
MFO,F18,11,575318396.6313157
MFO,F18,12,179023479.14459458
MFO,F18,13,332058673.24889934
MFO,F18,14,501693046.85859865
MFO,F18,15,86618022.02766435
MFO,F18,16,447732372.20612884
MFO,F18,17,783985396.4489924
MFO,F18,18,208135338.02168435
MFO,F18,19,34853580.61739607
MFO,F18,20,389640905.1655403
MFO,F18,21,586628491.6157601
MFO,F18,22,522782642.8577974
MFO,F18,23,493509395.8039853
MFO,F18,24,235378523.3549218
MFO,F18,25,211679345.5094463
MFO,F18,26,665437223.8324125
MFO,F18,27,472538598.2584715
MFO,F18,28,780636972.4906583
MFO,F18,29,117010647.29016535
MFO,F18,30,378588042.00321454
MFO,F19,1,13991678227.05237
MFO,F19,2,14099129002.100334
MFO,F19,3,16058046835.24596
MFO,F19,4,29699278470.088036
MFO,F19,5,21388900206.7398
MFO,F19,6,32063470544.987484
MFO,F19,7,21162725740.132416
MFO,F19,8,33007960309.57684
MFO,F19,9,38352231998.064835
MFO,F19,10,32234915461.804443
MFO,F19,11,24104152586.055367
MFO,F19,12,31726279485.92405
MFO,F19,13,25423819499.72963
MFO,F19,14,9788869044.400532
MFO,F19,15,39875579072.24709
MFO,F19,16,35001608269.359795
MFO,F19,17,35547044394.11477
MFO,F19,18,14248304442.652557
MFO,F19,19,7609064249.773764
MFO,F19,20,20457798411.856167
MFO,F19,21,8204078563.066548
MFO,F19,22,7758544738.356068
MFO,F19,23,15098825947.645367
MFO,F19,24,19088899420.229046
MFO,F19,25,26263541838.807743
MFO,F19,26,8604229347.558075
MFO,F19,27,1497179609.2781024
MFO,F19,28,10235948533.006323
MFO,F19,29,19440289104.873547
MFO,F19,30,7365836880.396911
MFO,F20,1,8054.532178746863
MFO,F20,2,8779.040722286602
MFO,F20,3,8550.677658739958
MFO,F20,4,8250.58357366708
MFO,F20,5,9047.924572589704
MFO,F20,6,8832.56088140454
MFO,F20,7,8729.645447602094
MFO,F20,8,8481.156333775847
MFO,F20,9,8341.81031600961
MFO,F20,10,6872.220753526269
MFO,F20,11,8946.396661286619
MFO,F20,12,8502.779718815294
MFO,F20,13,9022.06435176637
MFO,F20,14,9206.317137276867
MFO,F20,15,8305.216001740027
MFO,F20,16,8972.094642427084
MFO,F20,17,8253.603550369124
MFO,F20,18,9092.339354806863
MFO,F20,19,8414.423413676177
MFO,F20,20,7878.788545187322
MFO,F20,21,8717.442139596531
MFO,F20,22,8761.943256934672
MFO,F20,23,9303.568047496363
MFO,F20,24,8970.494686726119
MFO,F20,25,8988.21162553156
MFO,F20,26,8726.13954211076
MFO,F20,27,8806.046594455232
MFO,F20,28,9139.662319478537
MFO,F20,29,8737.200891432487
MFO,F20,30,7658.397992892435
MFO,F21,1,4590.078559561613
MFO,F21,2,5134.05282072823
MFO,F21,3,5222.4687471558045
MFO,F21,4,5078.144389121477
MFO,F21,5,4693.813807128248
MFO,F21,6,4887.8505919886
MFO,F21,7,4675.140603646103
MFO,F21,8,5190.441749417955
MFO,F21,9,4745.30830860449
MFO,F21,10,5006.152258159536
MFO,F21,11,4984.241233687025
MFO,F21,12,4741.902649999283
MFO,F21,13,4594.464611876452
MFO,F21,14,4380.439989805331
MFO,F21,15,4883.647374728926
MFO,F21,16,5147.9846888981465
MFO,F21,17,4475.804921526969
MFO,F21,18,5296.2638416239
MFO,F21,19,5037.243192137303
MFO,F21,20,4779.995526039015
MFO,F21,21,4612.969195721325
MFO,F21,22,4799.061147132485
MFO,F21,23,4755.2467555967905
MFO,F21,24,4626.100381944752
MFO,F21,25,5137.01748994986
MFO,F21,26,4733.412000577742
MFO,F21,27,4996.574543392993
MFO,F21,28,4860.327638196317
MFO,F21,29,4971.39039502476
MFO,F21,30,4976.996354416739
MFO,F22,1,33846.47468804083
MFO,F22,2,35582.52388236698
MFO,F22,3,35342.73799804638
MFO,F22,4,35096.82812586053
MFO,F22,5,29761.975202401427
MFO,F22,6,32405.20293699534
MFO,F22,7,35449.21823247849
MFO,F22,8,35931.30579695596
MFO,F22,9,35944.553347496134
MFO,F22,10,36374.2774947261
MFO,F22,11,33383.52954010879
MFO,F22,12,35382.904795941766
MFO,F22,13,28662.178506602813
MFO,F22,14,35948.74174419773
MFO,F22,15,35900.68742997958
MFO,F22,16,35696.481819651664
MFO,F22,17,35334.849934589176
MFO,F22,18,34555.39659557957
MFO,F22,19,32453.884601855356
MFO,F22,20,34929.96422720782
MFO,F22,21,33746.230263511694
MFO,F22,22,35062.12013026005
MFO,F22,23,36658.474902592054
MFO,F22,24,35492.07774495994
MFO,F22,25,35059.0514806169
MFO,F22,26,35707.559038781204
MFO,F22,27,34437.74357416392
MFO,F22,28,35099.85358899711
MFO,F22,29,32050.25470354348
MFO,F22,30,35708.714630394024
MFO,F23,1,5109.891216772481
MFO,F23,2,5423.6260842949
MFO,F23,3,4998.652312720058
MFO,F23,4,4659.00673440179
MFO,F23,5,5016.613540555185
MFO,F23,6,4963.802655253343
MFO,F23,7,5111.3952670997205
MFO,F23,8,4631.209739473017
MFO,F23,9,4715.207197701269
MFO,F23,10,4650.579712939895
MFO,F23,11,5233.6653771491165
MFO,F23,12,5084.194690729386
MFO,F23,13,4705.684517575151
MFO,F23,14,5239.878597427238
MFO,F23,15,5099.511060207857
MFO,F23,16,4916.481998429121
MFO,F23,17,4812.4699550045625
MFO,F23,18,4864.511122390328
MFO,F23,19,4871.6836409492735
MFO,F23,20,4756.102227374124
MFO,F23,21,5134.089702682304
MFO,F23,22,4843.400590505047
MFO,F23,23,4831.857287645018
MFO,F23,24,4769.540347958053
MFO,F23,25,5335.615087217564
MFO,F23,26,4998.87114066341
MFO,F23,27,4370.398225353532
MFO,F23,28,5313.368242173056
MFO,F23,29,4779.586879641924
MFO,F23,30,4634.198000315442
MFO,F24,1,5878.499964056909
MFO,F24,2,5797.627638703423
MFO,F24,3,5584.705574825095
MFO,F24,4,6525.113643262519
MFO,F24,5,5588.95566449321
MFO,F24,6,6422.425705761158
MFO,F24,7,5905.619555260203
MFO,F24,8,6726.5834512217525
MFO,F24,9,6658.353062919998
MFO,F24,10,6292.645507670584
MFO,F24,11,5848.764774340055
MFO,F24,12,6572.14900181675
MFO,F24,13,6104.056060701797
MFO,F24,14,5208.154996494005
MFO,F24,15,6035.9419174403465
MFO,F24,16,5736.9851649419315
MFO,F24,17,5389.650269252641
MFO,F24,18,5853.251137062092
MFO,F24,19,6024.011387472421
MFO,F24,20,6157.1154956306455
MFO,F24,21,6245.630532737625
MFO,F24,22,5580.137644692922
MFO,F24,23,6229.028595947666
MFO,F24,24,6055.950892870238
MFO,F24,25,6600.698197580985
MFO,F24,26,5935.812763011838
MFO,F24,27,5504.681193165206
MFO,F24,28,6705.371419210617
MFO,F24,29,5977.399048028234
MFO,F24,30,6273.895527286864
MFO,F25,1,137453.04780529795
MFO,F25,2,138815.76387293419
MFO,F25,3,157394.96489003353
MFO,F25,4,137125.59061025357
MFO,F25,5,140524.1310883628
MFO,F25,6,137535.2700171102
MFO,F25,7,111475.53339763435
MFO,F25,8,150333.53633522356
MFO,F25,9,144837.89394862961
MFO,F25,10,120061.50422957042
MFO,F25,11,89209.1527122249
MFO,F25,12,122996.90334409411
MFO,F25,13,89876.42505245212
MFO,F25,14,151854.01947642953
MFO,F25,15,98755.3721054262
MFO,F25,16,144267.61411156753
MFO,F25,17,126434.36433360344
MFO,F25,18,117633.7126300557
MFO,F25,19,132402.33536652505
MFO,F25,20,120385.48718792273
MFO,F25,21,116526.03892983284
MFO,F25,22,127995.60879330857
MFO,F25,23,123983.71647611377
MFO,F25,24,91767.91207687413
MFO,F25,25,124880.88997252288
MFO,F25,26,114699.44880590339
MFO,F25,27,124278.37487656943
MFO,F25,28,131155.57389927327
MFO,F25,29,123997.39475594962
MFO,F25,30,139205.72319918757
MFO,F26,1,39777.81908394579
MFO,F26,2,38039.7933264653
MFO,F26,3,43708.44515688548
MFO,F26,4,37991.93740018711
MFO,F26,5,32587.913248393677
MFO,F26,6,26745.67833292124
MFO,F26,7,41983.06072226123
MFO,F26,8,38394.705885040545
MFO,F26,9,36359.742644809805
MFO,F26,10,32597.0453601087
MFO,F26,11,36633.19728148678
MFO,F26,12,40587.6839670531
MFO,F26,13,42296.590414048325
MFO,F26,14,38289.58978143998
MFO,F26,15,43330.53805531458
MFO,F26,16,29421.047854239885
MFO,F26,17,36682.5431527925
MFO,F26,18,24885.83450923057
MFO,F26,19,40212.691580619634
MFO,F26,20,35257.710840442756
MFO,F26,21,37314.73632501754
MFO,F26,22,29841.079585364096
MFO,F26,23,46660.718073568394
MFO,F26,24,28019.056577303345
MFO,F26,25,33408.657398987474
MFO,F26,26,39213.69330187599
MFO,F26,27,43018.10221818212
MFO,F26,28,33291.49829471852
MFO,F26,29,34385.21973600873
MFO,F26,30,45728.82182431077
MFO,F27,1,9654.779396452286
MFO,F27,2,8048.146408666524
MFO,F27,3,4991.302607338432
MFO,F27,4,8087.755160529843
MFO,F27,5,5197.492622312229
MFO,F27,6,8911.36519121793
MFO,F27,7,8623.276298832348
MFO,F27,8,5344.6241011325965
MFO,F27,9,9746.26407255587
MFO,F27,10,4818.049776527305
MFO,F27,11,7164.62469134561
MFO,F27,12,7483.62522948398
MFO,F27,13,5804.181208170294
MFO,F27,14,5651.181348387949
MFO,F27,15,4975.866039672683
MFO,F27,16,10807.574028579233
MFO,F27,17,6328.2466311984435
MFO,F27,18,10337.837314458957
MFO,F27,19,7766.32046458125
MFO,F27,20,9404.48556500051
MFO,F27,21,5905.819918700137
MFO,F27,22,6548.849834284972
MFO,F27,23,10782.211075583211
MFO,F27,24,6995.787185502603
MFO,F27,25,6039.941908261024
MFO,F27,26,6045.852336588981
MFO,F27,27,6253.182922157422
MFO,F27,28,9848.173392038905
MFO,F27,29,4865.701967256253
MFO,F27,30,7735.683248880084
MFO,F28,1,31449.03672912648
MFO,F28,2,35340.2663742157
MFO,F28,3,34763.18070532057
MFO,F28,4,50182.37295363156
MFO,F28,5,34039.777383419154
MFO,F28,6,35257.605608127255
MFO,F28,7,25565.101019426555
MFO,F28,8,37965.047190878395
MFO,F28,9,38231.449058247075
MFO,F28,10,36216.29609729015
MFO,F28,11,42830.31552313387
MFO,F28,12,32126.917778883875
MFO,F28,13,27346.60985195351
MFO,F28,14,41914.27506771196
MFO,F28,15,45018.070507681245
MFO,F28,16,32843.83431897142
MFO,F28,17,30111.092675014235
MFO,F28,18,38737.89570534883
MFO,F28,19,30006.696733060497
MFO,F28,20,52976.876526325424
MFO,F28,21,52500.80969658695
MFO,F28,22,28179.999311730553
MFO,F28,23,43983.94987766863
MFO,F28,24,34769.734029505475
MFO,F28,25,39846.55633761031
MFO,F28,26,26244.41234711649
MFO,F28,27,48860.83928141891
MFO,F28,28,41276.334065072515
MFO,F28,29,34211.74718819584
MFO,F28,30,27598.20402479284
MFO,F29,1,5692376.774136613
MFO,F29,2,559177.5366597235
MFO,F29,3,21221.873703021887
MFO,F29,4,1015626.2771605706
MFO,F29,5,66477.94010644886
MFO,F29,6,1775034.6315226709
MFO,F29,7,690052.8860957567
MFO,F29,8,101945.29520450253
MFO,F29,9,349747.3043353886
MFO,F29,10,143236.3838166362
MFO,F29,11,73979.99450991715
MFO,F29,12,8893711.541316414
MFO,F29,13,5996233.864267041
MFO,F29,14,5375646.119238105
MFO,F29,15,690342.9151371497
MFO,F29,16,75454.47965879872
MFO,F29,17,2935047.7349180165
MFO,F29,18,1800129.4145771035
MFO,F29,19,674777.2046503159
MFO,F29,20,7339939.497626848
MFO,F29,21,1088791.8142491241
MFO,F29,22,4270269.9616563935
MFO,F29,23,1529462.664788366
MFO,F29,24,6134137.635936886
MFO,F29,25,25635.932199365103
MFO,F29,26,85386.889282729
MFO,F29,27,99606.58112430808
MFO,F29,28,420315.54295050196
MFO,F29,29,3723275.788764295
MFO,F29,30,216427.0664732657
MFO,F30,1,48817718606.80402
MFO,F30,2,50355342528.55269
MFO,F30,3,14949131852.611357
MFO,F30,4,28305256795.455975
MFO,F30,5,30536706965.316837
MFO,F30,6,31524661697.38886
MFO,F30,7,33359509453.639606
MFO,F30,8,30813480729.281864
MFO,F30,9,30097220383.39919
MFO,F30,10,22541749607.321636
MFO,F30,11,13077149991.426893
MFO,F30,12,23765489439.43919
MFO,F30,13,36733833984.09777
MFO,F30,14,11668854988.53013
MFO,F30,15,26187996815.274414
MFO,F30,16,10422016982.659517
MFO,F30,17,33585962113.14816
MFO,F30,18,31330415796.486237
MFO,F30,19,11645219341.203806
MFO,F30,20,51206458078.43042
MFO,F30,21,8160454059.811451
MFO,F30,22,8665600018.682802
MFO,F30,23,17888788708.165604
MFO,F30,24,13775185044.62368
MFO,F30,25,22978094818.62244
MFO,F30,26,27506004676.636353
MFO,F30,27,19823327529.820827
MFO,F30,28,13125428193.812664
MFO,F30,29,29492910808.5018
MFO,F30,30,19464949347.265354
SSA,F1,1,107993726386.12392
SSA,F1,2,131190633416.57402
SSA,F1,3,115291023375.26355
SSA,F1,4,134888221747.28003
SSA,F1,5,127468156141.91676
SSA,F1,6,101996455762.39005
SSA,F1,7,124301270030.92494
SSA,F1,8,107774535954.24817
SSA,F1,9,82670609713.378
SSA,F1,10,120610800275.90465
SSA,F1,11,122852313290.99785
SSA,F1,12,119984345558.60303
SSA,F1,13,110011687776.92796
SSA,F1,14,111170358206.3014
SSA,F1,15,88415719514.18712
SSA,F1,16,100877759913.17316
SSA,F1,17,110382497223.9621
SSA,F1,18,118974503227.7943
SSA,F1,19,116853902806.8861
SSA,F1,20,89879110802.60294
SSA,F1,21,123680462581.23558
SSA,F1,22,138779069738.53714
SSA,F1,23,88336497410.16702
SSA,F1,24,114219556705.87096
SSA,F1,25,114191788352.71773
SSA,F1,26,89060253166.56253
SSA,F1,27,165057854055.7957
SSA,F1,28,109608724669.20598
SSA,F1,29,106137173928.6599
SSA,F1,30,117832902178.56229
SSA,F3,1,400443.1361063287
SSA,F3,2,394759.75285849266
SSA,F3,3,407456.68275624723
SSA,F3,4,347131.23115534714
SSA,F3,5,360572.66808316647
SSA,F3,6,305852.9912923581
SSA,F3,7,297832.07469822705
SSA,F3,8,384760.2040530571
SSA,F3,9,389329.000594393
SSA,F3,10,399474.18217003415
SSA,F3,11,348686.68428664946
SSA,F3,12,315312.93266461027
SSA,F3,13,416459.40751320636
SSA,F3,14,327856.87135120184
SSA,F3,15,406949.5662153213
SSA,F3,16,324943.63161590387
SSA,F3,17,319300.6263143531
SSA,F3,18,353540.4678080028
SSA,F3,19,401375.79291275085
SSA,F3,20,319793.2041933534
SSA,F3,21,341230.7204202779
SSA,F3,22,365745.96170201444
SSA,F3,23,321702.0535780139
SSA,F3,24,438021.73395353433
SSA,F3,25,377391.16762976494
SSA,F3,26,330430.7610780992
SSA,F3,27,331955.1647447302
SSA,F3,28,340606.6988554295
SSA,F3,29,372370.3171091792
SSA,F3,30,382122.30975219334
SSA,F4,1,14898.610949078451
SSA,F4,2,22221.812517811915
SSA,F4,3,12518.812028223161
SSA,F4,4,14458.49771313766
SSA,F4,5,15075.745134926803
SSA,F4,6,17920.83939708095
SSA,F4,7,18510.05441310541
SSA,F4,8,14278.135595776497
SSA,F4,9,11225.21326066059
SSA,F4,10,23069.306873670193
SSA,F4,11,19013.56714796596
SSA,F4,12,20874.553839499276
SSA,F4,13,19042.320110459947
SSA,F4,14,17655.22879040902
SSA,F4,15,13505.258739854067
SSA,F4,16,20309.00192813092
SSA,F4,17,17819.113851461603
SSA,F4,18,11865.259493586525
SSA,F4,19,24019.48223036985
SSA,F4,20,28616.23828967391
SSA,F4,21,19035.638162381954
SSA,F4,22,12211.469232466152
SSA,F4,23,15516.404401356602
SSA,F4,24,23663.932129892542
SSA,F4,25,21407.034405122766
SSA,F4,26,17215.809215521993
SSA,F4,27,17661.76098712791
SSA,F4,28,18489.365866111188
SSA,F4,29,16577.926512601003
SSA,F4,30,18274.119649415403
SSA,F5,1,1709.9030969849223
SSA,F5,2,1704.634893552746
SSA,F5,3,1694.5493768591805
SSA,F5,4,1776.1854731332253
SSA,F5,5,1692.394029887997
SSA,F5,6,1850.7524575705881
SSA,F5,7,1862.9186109299542
SSA,F5,8,1683.8403469995005
SSA,F5,9,1815.4717272861287
SSA,F5,10,1852.4672301455503
SSA,F5,11,1859.9823559667475
SSA,F5,12,1733.9977455214937
SSA,F5,13,1723.7024507077515
SSA,F5,14,1728.9054414086636
SSA,F5,15,1906.819775883592
SSA,F5,16,1848.840229544974
SSA,F5,17,1716.1783832178587
SSA,F5,18,1899.3098798608585
SSA,F5,19,1636.0502340323897
SSA,F5,20,1872.3073855411121
SSA,F5,21,1606.4974820628786
SSA,F5,22,1733.1444716895671
SSA,F5,23,1727.2858900329365
SSA,F5,24,1655.2607507974647
SSA,F5,25,1798.505225418627
SSA,F5,26,1647.7785572503085
SSA,F5,27,1765.7445357366364
SSA,F5,28,1873.5102553923014
SSA,F5,29,1840.3305247137018
SSA,F5,30,1649.3751183790168
SSA,F6,1,685.4757552533245
SSA,F6,2,691.7599601723448
SSA,F6,3,688.1666455335595
SSA,F6,4,686.8377846478082
SSA,F6,5,683.9867082957524
SSA,F6,6,679.4669705327899
SSA,F6,7,686.0407119700527
SSA,F6,8,696.3415630945815
SSA,F6,9,685.0631054822321
SSA,F6,10,691.605720542152
SSA,F6,11,694.8584570310163
SSA,F6,12,696.4241619421905
SSA,F6,13,687.9610862698223
SSA,F6,14,688.740805175465
SSA,F6,15,685.009188389124
SSA,F6,16,689.6761606883578
SSA,F6,17,687.4010531814612
SSA,F6,18,689.9223878814411
SSA,F6,19,688.9781892768935
SSA,F6,20,684.2992240979617
SSA,F6,21,687.3447078113599
SSA,F6,22,683.2013761191215
SSA,F6,23,688.3248665723072
SSA,F6,24,677.9433327573903
SSA,F6,25,692.2637998792791
SSA,F6,26,694.1290563777146
SSA,F6,27,689.4214937364688
SSA,F6,28,680.6747284827899
SSA,F6,29,688.0419409681716
SSA,F6,30,682.9746573821051
SSA,F7,1,4052.0720870676787
SSA,F7,2,3936.336758472
SSA,F7,3,3881.9255230082163
SSA,F7,4,3361.684934566737
SSA,F7,5,3582.3939119482366
SSA,F7,6,3405.90087962322
SSA,F7,7,3760.04531325548
SSA,F7,8,3823.3663803008258
SSA,F7,9,3533.8026812247494
SSA,F7,10,3979.405118031776
SSA,F7,11,4319.412062913911
SSA,F7,12,3863.902287230357
SSA,F7,13,3885.8127062097274
SSA,F7,14,4009.7326100071323
SSA,F7,15,3291.181994634578
SSA,F7,16,3537.594029048326
SSA,F7,17,3768.2455786139667
SSA,F7,18,3761.620280363724
SSA,F7,19,3755.209461292303
SSA,F7,20,3407.0587306042225
SSA,F7,21,3986.615155904191
SSA,F7,22,3575.2400135901134
SSA,F7,23,3849.7608121706858
SSA,F7,24,3723.05234533574
SSA,F7,25,3976.1645275426818
SSA,F7,26,3554.5499345358085
SSA,F7,27,3848.062745567844
SSA,F7,28,4031.3508341905376
SSA,F7,29,4140.373131447257
SSA,F7,30,3427.8655415765734
SSA,F8,1,2016.8908793378243
SSA,F8,2,1945.7005123400222
SSA,F8,3,2055.492387289033
SSA,F8,4,2253.4979433013664
SSA,F8,5,2184.314252861879
SSA,F8,6,2139.858356686519
SSA,F8,7,2232.495191850632
SSA,F8,8,2127.078727797194
SSA,F8,9,2219.2747981083676
SSA,F8,10,1958.7070789526972
SSA,F8,11,2203.2046369533655
SSA,F8,12,2406.1752968970795
SSA,F8,13,2155.5648490895323
SSA,F8,14,2249.650618394245
SSA,F8,15,2127.9054836965424
SSA,F8,16,2237.2854139101623
SSA,F8,17,2209.1434206617687
SSA,F8,18,1997.6126673297963
SSA,F8,19,2336.2200225676434
SSA,F8,20,2097.1394401322204
SSA,F8,21,2224.0486584438954
SSA,F8,22,2238.733038405072
SSA,F8,23,2095.0468300513794
SSA,F8,24,2173.9974368751696
SSA,F8,25,2239.871796807546
SSA,F8,26,2287.868961663392
SSA,F8,27,2006.333833634631
SSA,F8,28,2129.474397887576
SSA,F8,29,2177.456388957875
SSA,F8,30,2221.619346880208
SSA,F9,1,48185.98923606635
SSA,F9,2,53092.921879329864
SSA,F9,3,43841.00281837946
SSA,F9,4,50384.053959756064
SSA,F9,5,53116.52805612103
SSA,F9,6,57149.982196196666
SSA,F9,7,54398.04143727997
SSA,F9,8,61444.106832939084
SSA,F9,9,43817.84845368366
SSA,F9,10,44548.22572762184
SSA,F9,11,62722.67079256941
SSA,F9,12,65260.426882039705
SSA,F9,13,58004.35340192327
SSA,F9,14,43415.625042941516
SSA,F9,15,44017.459697337144
SSA,F9,16,45169.790342384396
SSA,F9,17,58270.137658397805
SSA,F9,18,53437.358634888515
SSA,F9,19,58435.6193830858
SSA,F9,20,39976.86119819608
SSA,F9,21,49606.4555573372
SSA,F9,22,52971.523871422825
SSA,F9,23,52297.77616458197
SSA,F9,24,49659.971545731445
SSA,F9,25,51862.33622071646
SSA,F9,26,55926.931166392606
SSA,F9,27,49295.27461049349
SSA,F9,28,46246.411583559835
SSA,F9,29,48283.07646943098
SSA,F9,30,46964.121825925504
SSA,F10,1,23627.570042113766
SSA,F10,2,24719.89470938261
SSA,F10,3,24779.077123447096
SSA,F10,4,24156.362597947318
SSA,F10,5,22802.72911194276
SSA,F10,6,21908.95338775196
SSA,F10,7,21908.680240969043
SSA,F10,8,23127.653663405126
SSA,F10,9,23794.024251194696
SSA,F10,10,23473.918389627608
SSA,F10,11,25045.332228600717
SSA,F10,12,25324.016785785137
SSA,F10,13,23715.193387525298
SSA,F10,14,24496.097593562976
SSA,F10,15,25072.019854452425
SSA,F10,16,26095.762209007924
SSA,F10,17,24635.503714372775
SSA,F10,18,24478.856234385163
SSA,F10,19,27152.657208103312
SSA,F10,20,23186.476115167367
SSA,F10,21,24852.769986059186
SSA,F10,22,27081.658346441727
SSA,F10,23,25460.61946882588
SSA,F10,24,23669.014515423904
SSA,F10,25,22942.860012730165
SSA,F10,26,25151.51398076228
SSA,F10,27,24744.394700920737
SSA,F10,28,21825.750317285027
SSA,F10,29,23496.949228800084
SSA,F10,30,23961.872107317373
SSA,F11,1,137220.08915687902
SSA,F11,2,77485.35589206805
SSA,F11,3,101301.74369027633
SSA,F11,4,141356.6299148299
SSA,F11,5,139239.06366596607
SSA,F11,6,128566.76464258159
SSA,F11,7,111835.55643186015
SSA,F11,8,135441.0790564242
SSA,F11,9,136878.339492966
SSA,F11,10,163049.18861035633
SSA,F11,11,119276.30020646738
SSA,F11,12,101560.420547005
SSA,F11,13,132675.84870609868
SSA,F11,14,96071.8562500802
SSA,F11,15,73593.99446511471
SSA,F11,16,132168.05665213725
SSA,F11,17,117796.80010491
SSA,F11,18,144038.85931007864
SSA,F11,19,110661.7565975018
SSA,F11,20,111571.22816209673
SSA,F11,21,85505.26789958001
SSA,F11,22,97681.16127715308
SSA,F11,23,198043.31602597944
SSA,F11,24,109630.45409066578
SSA,F11,25,168385.61957962436
SSA,F11,26,107636.80427489537
SSA,F11,27,135771.98746888977
SSA,F11,28,102129.34055476375
SSA,F11,29,112004.7243730378
SSA,F11,30,176730.6977962361
SSA,F12,1,8705484671.114895
SSA,F12,2,21910403519.175617
SSA,F12,3,12516941676.818579
SSA,F12,4,12122931821.181461
SSA,F12,5,9378263189.475538
SSA,F12,6,12079185916.182556
SSA,F12,7,26106335550.10707
SSA,F12,8,19824550361.536827
SSA,F12,9,11471822852.855078
SSA,F12,10,24758801047.701004
SSA,F12,11,17069794626.64225
SSA,F12,12,14977410493.53853
SSA,F12,13,20740784807.27525
SSA,F12,14,15500250191.002693
SSA,F12,15,15121475622.910397
SSA,F12,16,30094051686.636246
SSA,F12,17,14573787861.917326
SSA,F12,18,8967801822.314608
SSA,F12,19,23391969732.58442
SSA,F12,20,16887008082.33921
SSA,F12,21,19979668245.288563
SSA,F12,22,12651565061.473234
SSA,F12,23,24208333579.549053
SSA,F12,24,17986294139.80127
SSA,F12,25,8919519906.946844
SSA,F12,26,25361120894.040398
SSA,F12,27,17879157400.211166
SSA,F12,28,16918938264.607607
SSA,F12,29,21230490981.14019
SSA,F12,30,22686295613.29494
SSA,F13,1,372570217.8267606
SSA,F13,2,259755327.43231484
SSA,F13,3,208049804.93785948
SSA,F13,4,705923623.1278764
SSA,F13,5,192084754.9061002
SSA,F13,6,832019198.6578064
SSA,F13,7,376697526.2431886
SSA,F13,8,1198006527.8171172
SSA,F13,9,286676739.5255621
SSA,F13,10,1034550346.2446115
SSA,F13,11,301624076.0491211
SSA,F13,12,252674149.63653737
SSA,F13,13,1267400783.5093763
SSA,F13,14,1586485089.2473156
SSA,F13,15,382480808.0204703
SSA,F13,16,1065369356.5147163
SSA,F13,17,384046190.65595305
SSA,F13,18,149677901.71912092
SSA,F13,19,123662189.5496096
SSA,F13,20,146353496.7705846
SSA,F13,21,1172703629.678379
SSA,F13,22,274378413.8901317
SSA,F13,23,215306479.35462457
SSA,F13,24,490013077.96156055
SSA,F13,25,1005655792.4608927
SSA,F13,26,319572733.0070083
SSA,F13,27,245305729.6458865
SSA,F13,28,400000064.41492945
SSA,F13,29,222272932.9961926
SSA,F13,30,886022592.682632
SSA,F14,1,2733041.0263453033
SSA,F14,2,17099709.565845218
SSA,F14,3,24201222.415999
SSA,F14,4,4640716.455436285
SSA,F14,5,10044501.395111183
SSA,F14,6,8722615.345871639
SSA,F14,7,10103331.26193568
SSA,F14,8,5485943.0200127335
SSA,F14,9,11231087.595933495
SSA,F14,10,12967414.522717446
SSA,F14,11,19352467.85781675
SSA,F14,12,10762651.48398679
SSA,F14,13,17901765.944372732
SSA,F14,14,27518847.37829285
SSA,F14,15,3726570.640242937
SSA,F14,16,10009890.190617714
SSA,F14,17,11151410.704896417
SSA,F14,18,6024885.85103421
SSA,F14,19,18811068.9602015
SSA,F14,20,16239593.211353805
SSA,F14,21,16937097.385169975
SSA,F14,22,3834113.6758839777
SSA,F14,23,11445362.121367414
SSA,F14,24,20231978.070303038
SSA,F14,25,9713567.580593577
SSA,F14,26,5883885.236850831
SSA,F14,27,15508020.248747587
SSA,F14,28,17386046.8159809
SSA,F14,29,14248998.097581688
SSA,F14,30,6829715.14731626
SSA,F15,1,142841.10649452847
SSA,F15,2,1799347.1580663605
SSA,F15,3,1208175.0873431226
SSA,F15,4,5559596.113653693
SSA,F15,5,13935063.44122761
SSA,F15,6,3077208.1222046227
SSA,F15,7,626499.9126050458
SSA,F15,8,13536050.197435869
SSA,F15,9,1750956.566441973
SSA,F15,10,12489036.728354758
SSA,F15,11,2015437.842672536
SSA,F15,12,14387988.936600912
SSA,F15,13,589642.5108603508
SSA,F15,14,117276.08803020595
SSA,F15,15,5504355.318428734
SSA,F15,16,1232958.4766367583
SSA,F15,17,3443861.753892917
SSA,F15,18,10450011.706710588
SSA,F15,19,23329199.695483632
SSA,F15,20,1473406.8519699217
SSA,F15,21,3742529.845322393
SSA,F15,22,98183051.92426777
SSA,F15,23,337378.2137430882
SSA,F15,24,4142729.0506694335
SSA,F15,25,3075266.911197837
SSA,F15,26,897182.3573648564
SSA,F15,27,11502118.353190396
SSA,F15,28,1328641.3673896892
SSA,F15,29,256782.91149289516
SSA,F15,30,1529982.8202809547
SSA,F16,1,10959.93834296815
SSA,F16,2,8436.919290737833
SSA,F16,3,11252.328619147858
SSA,F16,4,12119.872027892892
SSA,F16,5,11213.902329820905
SSA,F16,6,11183.835409757183
SSA,F16,7,10761.474201718978
SSA,F16,8,11795.648741926761
SSA,F16,9,9927.808355409705
SSA,F16,10,11322.794220481228
SSA,F16,11,8564.75909456782
SSA,F16,12,9633.609444910015
SSA,F16,13,13995.735578388463
SSA,F16,14,8471.571190820974
SSA,F16,15,11447.150227306192
SSA,F16,16,11622.626331579007
SSA,F16,17,9244.041709228266
SSA,F16,18,10338.840135303126
SSA,F16,19,12090.786368190013
SSA,F16,20,10000.309467563748
SSA,F16,21,9717.519363540387
SSA,F16,22,9852.444904393044
SSA,F16,23,11910.19800182166
SSA,F16,24,10567.593488534127
SSA,F16,25,8988.104246143963
SSA,F16,26,11700.867886199247
SSA,F16,27,12260.894948929934
SSA,F16,28,11556.08098773618
SSA,F16,29,11207.207204404953
SSA,F16,30,11485.722956525766
SSA,F17,1,7001.643745662496
SSA,F17,2,7127.742314234695
SSA,F17,3,6934.330302377388
SSA,F17,4,7361.1934165557905
SSA,F17,5,6239.78497523885
SSA,F17,6,5443.219269685646
SSA,F17,7,7379.113030541822
SSA,F17,8,8187.672822181958
SSA,F17,9,7911.171779597659
SSA,F17,10,9148.929308651968
SSA,F17,11,7642.817184438948
SSA,F17,12,6909.457566183985
SSA,F17,13,6146.195968430578
SSA,F17,14,7655.138322814791
SSA,F17,15,6935.200194703597
SSA,F17,16,6557.56072990473
SSA,F17,17,5224.785274385478
SSA,F17,18,6394.415135186526
SSA,F17,19,6451.9923696317865
SSA,F17,20,5138.317781264252
SSA,F17,21,6539.359098730803
SSA,F17,22,6881.19436792446
SSA,F17,23,6887.613157319125
SSA,F17,24,7351.56014930404
SSA,F17,25,7455.406273211518
SSA,F17,26,6878.533906389209
SSA,F17,27,7932.8798759337005
SSA,F17,28,6592.176025116652
SSA,F17,29,6694.0169193929305
SSA,F17,30,5905.159536006661
SSA,F18,1,19083076.36854286
SSA,F18,2,9273714.11467713
SSA,F18,3,7333176.620234799
SSA,F18,4,16000213.028658725
SSA,F18,5,10417304.773209212
SSA,F18,6,13714805.21250145
SSA,F18,7,20954758.991910145
SSA,F18,8,41903614.200729124
SSA,F18,9,7791368.590594166
SSA,F18,10,10112576.30740524
SSA,F18,11,35599628.64087227
SSA,F18,12,30914425.839450825
SSA,F18,13,10635729.605335062
SSA,F18,14,10101886.977196964
SSA,F18,15,13992637.520897675
SSA,F18,16,17238117.078928586
SSA,F18,17,18013207.413634337
SSA,F18,18,22600955.754551254
SSA,F18,19,46546641.28266176
SSA,F18,20,13226103.840152802
SSA,F18,21,14413812.699371366
SSA,F18,22,19163985.880437676
SSA,F18,23,17808590.259439502
SSA,F18,24,7648428.180608744
SSA,F18,25,9235069.85140555
SSA,F18,26,20470839.824619826
SSA,F18,27,20113335.24573922
SSA,F18,28,14464707.658701163
SSA,F18,29,19794093.859392572
SSA,F18,30,15550463.068150738
SSA,F19,1,27972423.441818457
SSA,F19,2,84323133.61152999
SSA,F19,3,23659689.23449851
SSA,F19,4,42343464.096803896
SSA,F19,5,40337583.388500944
SSA,F19,6,9120155.30190843
SSA,F19,7,26910021.291946292
SSA,F19,8,7641337.9751554765
SSA,F19,9,49689273.70615314
SSA,F19,10,19079419.19576749
SSA,F19,11,21583458.069596797
SSA,F19,12,60627820.18556313
SSA,F19,13,48884670.430422306
SSA,F19,14,19191876.16730611
SSA,F19,15,46342085.454862125
SSA,F19,16,15334699.019335305
SSA,F19,17,48430960.06948507
SSA,F19,18,33317407.55331064
SSA,F19,19,26021837.201078165
SSA,F19,20,8055104.585984881
SSA,F19,21,68825110.15654397
SSA,F19,22,29191056.15730408
SSA,F19,23,96518027.810858
SSA,F19,24,29239417.483889095
SSA,F19,25,22998620.556200158
SSA,F19,26,29138082.28929763
SSA,F19,27,79561396.57673027
SSA,F19,28,6265436.899518881
SSA,F19,29,27295892.17978332
SSA,F19,30,43822870.349303626
SSA,F20,1,5362.931527576397
SSA,F20,2,5650.391315988292
SSA,F20,3,6251.654575414129
SSA,F20,4,5087.896003764998
SSA,F20,5,6361.909810969617
SSA,F20,6,6438.778289977731
SSA,F20,7,6221.032677835593
SSA,F20,8,5500.45899519971
SSA,F20,9,5487.3513158397745
SSA,F20,10,4859.674946400454
SSA,F20,11,5958.342992427996
SSA,F20,12,7149.213974027219
SSA,F20,13,5108.1711116043425
SSA,F20,14,6932.314662216684
SSA,F20,15,5631.741586543983
SSA,F20,16,5952.42300374641
SSA,F20,17,6451.79330568529
SSA,F20,18,4796.143928860176
SSA,F20,19,5523.638181196662
SSA,F20,20,5639.562002030196
SSA,F20,21,6041.8859867341
SSA,F20,22,5457.299498657096
SSA,F20,23,6158.127844468905
SSA,F20,24,5135.668446933226
SSA,F20,25,6385.024354910424
SSA,F20,26,5063.606362140706
SSA,F20,27,6211.190598055239
SSA,F20,28,5695.651812933349
SSA,F20,29,5212.606784590693
SSA,F20,30,5616.344596285034
SSA,F21,1,3828.398864875628
SSA,F21,2,3869.8113568380254
SSA,F21,3,3928.392867858713
SSA,F21,4,3781.9165909029607
SSA,F21,5,4063.721555549857
SSA,F21,6,3857.780554912394
SSA,F21,7,3841.2345004388153
SSA,F21,8,3684.2778693155146
SSA,F21,9,3730.1245025413627
SSA,F21,10,3572.9440175629557
SSA,F21,11,3856.5725350531497
SSA,F21,12,3833.7504688244553
SSA,F21,13,3929.682679311287
SSA,F21,14,4236.882429765063
SSA,F21,15,3854.970728795849
SSA,F21,16,3907.3974708926744
SSA,F21,17,3801.369881405786
SSA,F21,18,4232.8407994425215
SSA,F21,19,3565.806756954923
SSA,F21,20,4091.928205149123
SSA,F21,21,3858.029698090475
SSA,F21,22,3803.4382692205827
SSA,F21,23,3826.5428023513487
SSA,F21,24,3610.3586942909687
SSA,F21,25,3841.8203377658742
SSA,F21,26,4014.068962378241
SSA,F21,27,3996.76204956233
SSA,F21,28,3718.1386405892035
SSA,F21,29,3842.7502051149454
SSA,F21,30,3787.139392390689
SSA,F22,1,24941.868648733012
SSA,F22,2,28214.829061954228
SSA,F22,3,25411.855022469026
SSA,F22,4,28790.814989509072
SSA,F22,5,29460.367186809508
SSA,F22,6,27941.524312824113
SSA,F22,7,28518.709610532293
SSA,F22,8,26551.633165265186
SSA,F22,9,29484.614204451682
SSA,F22,10,28072.3011111469
SSA,F22,11,26226.088685346
SSA,F22,12,28279.5815474783
SSA,F22,13,27790.29457495397
SSA,F22,14,27192.8201459928
SSA,F22,15,29222.591554042003
SSA,F22,16,30065.07828370234
SSA,F22,17,28742.310295212043
SSA,F22,18,29223.481105013376
SSA,F22,19,26870.713476260415
SSA,F22,20,29205.941014346157
SSA,F22,21,27388.89291768086
SSA,F22,22,28299.61601983478
SSA,F22,23,26441.949174968937
SSA,F22,24,28611.13198920998
SSA,F22,25,27128.589645545344
SSA,F22,26,27326.54595337018
SSA,F22,27,28843.31116746274
SSA,F22,28,27480.233532502207
SSA,F22,29,26830.45467068129
SSA,F22,30,29452.229632977538
SSA,F23,1,4592.301148490787
SSA,F23,2,4258.227546451552
SSA,F23,3,4443.287947595579
SSA,F23,4,4365.1685262199
SSA,F23,5,4957.057814595839
SSA,F23,6,4511.625160731627
SSA,F23,7,4486.658050014679
SSA,F23,8,4045.114681104826
SSA,F23,9,4271.502572915479
SSA,F23,10,4554.9732193310865
SSA,F23,11,5150.995755594872
SSA,F23,12,4647.249738101798
SSA,F23,13,4254.070469912605
SSA,F23,14,4598.438735080412
SSA,F23,15,4396.7246737607475
SSA,F23,16,4615.637525714945
SSA,F23,17,4618.133111924606
SSA,F23,18,4663.633299190741
SSA,F23,19,4737.557767268005
SSA,F23,20,4793.053490870939
SSA,F23,21,4543.035182539565
SSA,F23,22,4751.2999945037245
SSA,F23,23,4863.105726894144
SSA,F23,24,4246.519975269608
SSA,F23,25,4513.928099841482
SSA,F23,26,4389.555043773965
SSA,F23,27,4482.520018388347
SSA,F23,28,4477.962180149272
SSA,F23,29,4506.551245115705
SSA,F23,30,4407.436893712553
SSA,F24,1,5536.872820624625
SSA,F24,2,6071.991711004903
SSA,F24,3,5504.17343588746
SSA,F24,4,5140.49707125504
SSA,F24,5,6274.25080850727
SSA,F24,6,5967.198026102109
SSA,F24,7,5281.996802778642
SSA,F24,8,5666.302837756004
SSA,F24,9,5523.504920329226
SSA,F24,10,5785.598945093938
SSA,F24,11,5719.012085094855
SSA,F24,12,5400.563499172555
SSA,F24,13,5934.768311969053
SSA,F24,14,5281.302850867237
SSA,F24,15,5785.16084307204
SSA,F24,16,5213.2366008183035
SSA,F24,17,5587.72290449671
SSA,F24,18,5988.376945261372
SSA,F24,19,5300.751018391388
SSA,F24,20,5555.914103943585
SSA,F24,21,5307.171848783559
SSA,F24,22,5834.109475288381
SSA,F24,23,5627.0052994720345
SSA,F24,24,5940.18933794683
SSA,F24,25,5739.903764674107
SSA,F24,26,5308.890861223452
SSA,F24,27,6399.75035234008
SSA,F24,28,5300.09686621614
SSA,F24,29,6335.637937013341
SSA,F24,30,5761.693694814348
SSA,F25,1,13816.686311357676
SSA,F25,2,11043.924295983754
SSA,F25,3,10293.295588497796
SSA,F25,4,14886.088425454427
SSA,F25,5,11834.612554185314
SSA,F25,6,13726.771009042506
SSA,F25,7,11557.517445015372
SSA,F25,8,11887.571695941562
SSA,F25,9,10939.448494129632
SSA,F25,10,11832.338864030466
SSA,F25,11,13390.26023087168
SSA,F25,12,9163.307869230775
SSA,F25,13,11614.86336203564
SSA,F25,14,13076.896027673749
SSA,F25,15,10920.143602457349
SSA,F25,16,12507.738235627585
SSA,F25,17,10885.207089042913
SSA,F25,18,13047.450514555727
SSA,F25,19,12435.55862574925
SSA,F25,20,9734.599030234824
SSA,F25,21,13450.089913689098
SSA,F25,22,10812.927727087617
SSA,F25,23,12045.404941262392
SSA,F25,24,12164.58341871264
SSA,F25,25,14524.29121441898
SSA,F25,26,12474.222243037126
SSA,F25,27,12137.72729726018
SSA,F25,28,13186.394421598117
SSA,F25,29,9319.364644414189
SSA,F25,30,12426.728134396584
SSA,F26,1,34490.26778293665
SSA,F26,2,30180.025917127525
SSA,F26,3,31019.33954801928
SSA,F26,4,35785.64904882126
SSA,F26,5,38309.40017869261
SSA,F26,6,31288.57978837405
SSA,F26,7,35095.703374894576
SSA,F26,8,35086.35005276441
SSA,F26,9,34676.53077744487
SSA,F26,10,34821.64807692282
SSA,F26,11,35735.199719339835
SSA,F26,12,32043.298904933938
SSA,F26,13,32786.98655697941
SSA,F26,14,30602.591813766987
SSA,F26,15,31017.655065135812
SSA,F26,16,35182.1135712986
SSA,F26,17,35510.731045326866
SSA,F26,18,39308.59494796203
SSA,F26,19,37949.797191457255
SSA,F26,20,35670.806912286775
SSA,F26,21,35290.264631366466
SSA,F26,22,36933.640111236964
SSA,F26,23,35221.057298986154
SSA,F26,24,30713.258622712474
SSA,F26,25,29638.563112968965
SSA,F26,26,34262.48080575369
SSA,F26,27,37975.37669400726
SSA,F26,28,31461.76886405654
SSA,F26,29,36089.22274404639
SSA,F26,30,31670.845409805854
SSA,F27,1,4798.220959328837
SSA,F27,2,5129.497926997667
SSA,F27,3,5755.802236490281
SSA,F27,4,5281.998386973673
SSA,F27,5,5631.138005741316
SSA,F27,6,4748.11829364519
SSA,F27,7,6161.488789500326
SSA,F27,8,5450.7857253906095
SSA,F27,9,4859.556548872156
SSA,F27,10,6281.311579366457
SSA,F27,11,5328.744207825309
SSA,F27,12,6377.002418653356
SSA,F27,13,5056.339976295985
SSA,F27,14,5956.190453118019
SSA,F27,15,5288.397720346235
SSA,F27,16,5700.93521225837
SSA,F27,17,5408.1259018063265
SSA,F27,18,5687.74622809932
SSA,F27,19,5103.753927473744
SSA,F27,20,6630.40106292577
SSA,F27,21,6069.796713401862
SSA,F27,22,6013.013600879182
SSA,F27,23,5061.368630995659
SSA,F27,24,5743.457650008592
SSA,F27,25,6050.899566363096
SSA,F27,26,4786.864252720827
SSA,F27,27,5668.526393780301
SSA,F27,28,4992.645376221233
SSA,F27,29,4923.615966362619
SSA,F27,30,6262.777621802448
SSA,F28,1,13935.151936824634
SSA,F28,2,19676.011232287692
SSA,F28,3,15161.09389599222
SSA,F28,4,13117.82358375849
SSA,F28,5,15274.839941152084
SSA,F28,6,17136.26424037299
SSA,F28,7,13672.811947967613
SSA,F28,8,14598.43723875429
SSA,F28,9,14168.295265046534
SSA,F28,10,13232.36948102584
SSA,F28,11,13016.568056078655
SSA,F28,12,15050.851343114224
SSA,F28,13,15608.364513869607
SSA,F28,14,17411.755247507426
SSA,F28,15,14020.260274324888
SSA,F28,16,15995.521938577778
SSA,F28,17,16875.38503501738
SSA,F28,18,13794.521177540739
SSA,F28,19,16446.578289100322
SSA,F28,20,12312.786742546688
SSA,F28,21,14690.841326510026
SSA,F28,22,17189.145919528128
SSA,F28,23,14452.629226001478
SSA,F28,24,16224.583647644073
SSA,F28,25,11606.728753283354
SSA,F28,26,16160.204409900129
SSA,F28,27,11991.658295790317
SSA,F28,28,17270.593098606063
SSA,F28,29,14325.917749748036
SSA,F28,30,12524.70978362184
SSA,F29,1,15986.451289892564
SSA,F29,2,12129.06970677647
SSA,F29,3,12619.59592672022
SSA,F29,4,13363.431516200279
SSA,F29,5,18018.513682738558
SSA,F29,6,19067.030356278985
SSA,F29,7,13464.372482368155
SSA,F29,8,14365.650712549615
SSA,F29,9,12855.811765446795
SSA,F29,10,14826.453594476954
SSA,F29,11,10339.423292937225
SSA,F29,12,14907.35154594656
SSA,F29,13,20324.450548005785
SSA,F29,14,20726.058412140803
SSA,F29,15,18897.498761564173
SSA,F29,16,17051.305643017586
SSA,F29,17,12836.693535769919
SSA,F29,18,16753.50877331235
SSA,F29,19,20094.381239665392
SSA,F29,20,15485.613150393116
SSA,F29,21,15269.456972045902
SSA,F29,22,16038.102842631997
SSA,F29,23,15343.022544021234
SSA,F29,24,14627.049843425671
SSA,F29,25,15226.914443490412
SSA,F29,26,14281.705657183082
SSA,F29,27,14244.50115498231
SSA,F29,28,14992.4631883381
SSA,F29,29,12475.795375497983
SSA,F29,30,12788.148476776169
SSA,F30,1,1111005392.013678
SSA,F30,2,709403221.5074894
SSA,F30,3,484940059.44660866
SSA,F30,4,1211129364.4956505
SSA,F30,5,821372284.8012646
SSA,F30,6,677667557.8418366
SSA,F30,7,1153669588.7614625
SSA,F30,8,1350145100.843895
SSA,F30,9,518426732.7208213
SSA,F30,10,1693913467.2896774
SSA,F30,11,612547276.6935177
SSA,F30,12,476213692.9181702
SSA,F30,13,834590343.3378074
SSA,F30,14,973293753.2159975
SSA,F30,15,709332563.8256326
SSA,F30,16,467894202.41081035
SSA,F30,17,725907795.5508442
SSA,F30,18,679101871.3738787
SSA,F30,19,1018861098.0269593
SSA,F30,20,1210444472.0998158
SSA,F30,21,1201079135.1468742
SSA,F30,22,1255717717.5059612
SSA,F30,23,326878800.949636
SSA,F30,24,1414245412.6251757
SSA,F30,25,966997522.7124339
SSA,F30,26,1324237368.9880962
SSA,F30,27,1305306720.027926
SSA,F30,28,1057574377.7706175
SSA,F30,29,863648528.2111933
SSA,F30,30,970496038.5206738
TLBO,F1,1,23566713060.071674
TLBO,F1,2,35391487511.90533
TLBO,F1,3,37350822968.54973
TLBO,F1,4,43778594780.80069
TLBO,F1,5,41804194076.64684
TLBO,F1,6,39878310258.07954
TLBO,F1,7,18580941916.191017
TLBO,F1,8,26884033561.290237
TLBO,F1,9,33521213132.03098
TLBO,F1,10,42449873593.46265
TLBO,F1,11,36365420034.42315
TLBO,F1,12,38769163353.074905
TLBO,F1,13,19420868909.23595
TLBO,F1,14,28714154019.04392
TLBO,F1,15,33953697167.479206
TLBO,F1,16,43577709040.46856
TLBO,F1,17,26227390461.720592
TLBO,F1,18,41988106569.04965
TLBO,F1,19,46911044756.33734
TLBO,F1,20,41660467439.084854
TLBO,F1,21,21757428530.67485
TLBO,F1,22,26071226409.782936
TLBO,F1,23,20592818733.861603
TLBO,F1,24,24369706643.169502
TLBO,F1,25,40491853983.974075
TLBO,F1,26,33931051194.463943
TLBO,F1,27,16802949459.610338
TLBO,F1,28,18737052783.313835
TLBO,F1,29,27983169438.951427
TLBO,F1,30,17862326105.957256
TLBO,F3,1,450209.9741108945
TLBO,F3,2,527902.0314940157
TLBO,F3,3,557047.5108986788
TLBO,F3,4,455484.7663559444
TLBO,F3,5,539073.835850711
TLBO,F3,6,499903.4623856179
TLBO,F3,7,517932.1473817275
TLBO,F3,8,449005.39769504796
TLBO,F3,9,520365.33581169235
TLBO,F3,10,542974.5649339136
TLBO,F3,11,504790.8595932982
TLBO,F3,12,587476.3323468496
TLBO,F3,13,544921.5863049913
TLBO,F3,14,454599.26023114804
TLBO,F3,15,555226.736744358
TLBO,F3,16,573056.011502833
TLBO,F3,17,543375.9015695017
TLBO,F3,18,528088.676722737
TLBO,F3,19,531884.7143898444
TLBO,F3,20,529148.4788473336
TLBO,F3,21,430906.24510179623
TLBO,F3,22,440845.3879840886
TLBO,F3,23,537449.6260863375
TLBO,F3,24,491996.73772890755
TLBO,F3,25,453572.24561223085
TLBO,F3,26,517908.19073761295
TLBO,F3,27,559481.5351776255
TLBO,F3,28,465198.0992968133
TLBO,F3,29,556079.7438399997
TLBO,F3,30,432299.0210928754
TLBO,F4,1,7718.839433401879
TLBO,F4,2,9941.155437910784
TLBO,F4,3,3294.9688142154732
TLBO,F4,4,6208.020898435772
TLBO,F4,5,3420.363080690495
TLBO,F4,6,4003.440851079143
TLBO,F4,7,4954.130293598644
TLBO,F4,8,3725.0773441159895
TLBO,F4,9,3766.123223141068
TLBO,F4,10,4039.4386196526198
TLBO,F4,11,5270.694049274349
TLBO,F4,12,4390.463716765563
TLBO,F4,13,2832.560824354399
TLBO,F4,14,3555.7533466407563
TLBO,F4,15,4783.636054345256
TLBO,F4,16,5500.573210488227
TLBO,F4,17,6319.465098022701
TLBO,F4,18,4723.75621559319
TLBO,F4,19,5423.948333822703
TLBO,F4,20,6699.80412440185
TLBO,F4,21,4770.483372832698
TLBO,F4,22,5703.594865614932
TLBO,F4,23,5758.353741778746
TLBO,F4,24,5662.1453641787575
TLBO,F4,25,4696.1697510354425
TLBO,F4,26,4552.993072250474
TLBO,F4,27,3665.2013840921836
TLBO,F4,28,3011.0067397088824
TLBO,F4,29,3634.824498277902
TLBO,F4,30,5823.133117644212
TLBO,F5,1,1213.3232086010546
TLBO,F5,2,1116.3725809832983
TLBO,F5,3,1272.2923182061745
TLBO,F5,4,1254.5996959751606
TLBO,F5,5,1251.6696483479914
TLBO,F5,6,1331.576623833551
TLBO,F5,7,1373.9188568364375
TLBO,F5,8,1149.4726355625564
TLBO,F5,9,1474.202167716007
TLBO,F5,10,1338.0066771182524
TLBO,F5,11,1271.2737393798916
TLBO,F5,12,1360.8029835785042
TLBO,F5,13,1244.1399570178407
TLBO,F5,14,1291.860744768001
TLBO,F5,15,1420.8485536516203
TLBO,F5,16,1655.7730726554596
TLBO,F5,17,1242.2035581535492
TLBO,F5,18,1252.7191255380105
TLBO,F5,19,1231.5508510401048
TLBO,F5,20,1222.8580393798518
TLBO,F5,21,1291.4625433074245
TLBO,F5,22,1344.2070664678552
TLBO,F5,23,1263.0881628803993
TLBO,F5,24,1405.765556195459
TLBO,F5,25,1290.0674410823842
TLBO,F5,26,1321.3880256436737
TLBO,F5,27,1227.0965600474888
TLBO,F5,28,1316.6044571254192
TLBO,F5,29,1195.1705993794064
TLBO,F5,30,1291.3024315247117
TLBO,F6,1,654.3858115160058
TLBO,F6,2,656.5409774318874
TLBO,F6,3,669.7781864634158
TLBO,F6,4,655.4674171193225
TLBO,F6,5,677.6923619732196
TLBO,F6,6,661.7675927011171
TLBO,F6,7,658.5000946491386
TLBO,F6,8,657.0270320006065
TLBO,F6,9,655.3180411308625
TLBO,F6,10,649.7026309959876
TLBO,F6,11,655.1215715998293
TLBO,F6,12,658.7697017507764
TLBO,F6,13,660.9884446595552
TLBO,F6,14,653.6254476573861
TLBO,F6,15,653.3491782316412
TLBO,F6,16,655.6688603649768
TLBO,F6,17,666.3739608971878
TLBO,F6,18,659.4830218819676
TLBO,F6,19,650.9866834349922
TLBO,F6,20,650.1624087771885
TLBO,F6,21,654.6275785398218
TLBO,F6,22,658.8042262883437
TLBO,F6,23,649.8774358832135
TLBO,F6,24,652.3450450209456
TLBO,F6,25,654.3311489870621
TLBO,F6,26,653.3631018857121
TLBO,F6,27,649.2438741351951
TLBO,F6,28,659.9354399340767
TLBO,F6,29,656.3026542739299
TLBO,F6,30,648.543137098935
TLBO,F7,1,2683.814026211766
TLBO,F7,2,2579.540917454658
TLBO,F7,3,2177.2751165392765
TLBO,F7,4,2420.420673784936
TLBO,F7,5,2585.2292042185063
TLBO,F7,6,2647.762300409153
TLBO,F7,7,2435.62320145618
TLBO,F7,8,2939.2338451523633
TLBO,F7,9,2285.5509813044573
TLBO,F7,10,2328.5934806599525
TLBO,F7,11,2704.229936792771
TLBO,F7,12,2583.2358231989933
TLBO,F7,13,2681.477897890667
TLBO,F7,14,2933.037123168066
TLBO,F7,15,2540.0250290186295
TLBO,F7,16,2715.6849425374057
TLBO,F7,17,2712.477443090598
TLBO,F7,18,2292.2501190537337
TLBO,F7,19,2582.1317045797723
TLBO,F7,20,2528.7659684328773
TLBO,F7,21,2759.6340271354757
TLBO,F7,22,2683.0369219108843
TLBO,F7,23,2583.7128009837184
TLBO,F7,24,2207.6802888311995
TLBO,F7,25,2334.7744029074806
TLBO,F7,26,2829.9130241162875
TLBO,F7,27,2468.22019780183
TLBO,F7,28,2140.4236655171435
TLBO,F7,29,2511.162654439564
TLBO,F7,30,3061.164126688123
TLBO,F8,1,1617.1107201816721
TLBO,F8,2,1729.8707925413348
TLBO,F8,3,1615.3596284012547
TLBO,F8,4,1724.9097782915053
TLBO,F8,5,1781.0281312583604
TLBO,F8,6,1535.4560609753105
TLBO,F8,7,1675.0786044783856
TLBO,F8,8,1888.2829390060215
TLBO,F8,9,1844.8575082522766
TLBO,F8,10,1652.45091174051
TLBO,F8,11,1720.1419053030822
TLBO,F8,12,1804.382672344911
TLBO,F8,13,1705.0590099911096
TLBO,F8,14,1651.9037374674258
TLBO,F8,15,1536.5752160679822
TLBO,F8,16,1670.1334788882402
TLBO,F8,17,1831.4757675261785
TLBO,F8,18,1659.5645134686733
TLBO,F8,19,1621.223648758792
TLBO,F8,20,1636.1049143451612
TLBO,F8,21,1588.1793434048955
TLBO,F8,22,1852.3895762586433
TLBO,F8,23,1598.4517279229199
TLBO,F8,24,1748.9500529857894
TLBO,F8,25,1707.9982481454986
TLBO,F8,26,1750.5204882099256
TLBO,F8,27,1708.3398857671425
TLBO,F8,28,1710.9191775746826
TLBO,F8,29,1707.7974528860423
TLBO,F8,30,1642.7074304059174
TLBO,F9,1,54115.03134621488
TLBO,F9,2,50351.232859946416
TLBO,F9,3,68056.54902499997
TLBO,F9,4,54971.65314760093
TLBO,F9,5,56069.91495034705
TLBO,F9,6,49873.58426641262
TLBO,F9,7,47109.98158342963
TLBO,F9,8,70664.60613022035
TLBO,F9,9,58142.83661398133
TLBO,F9,10,60291.17428772487
TLBO,F9,11,62717.68074150972
TLBO,F9,12,66239.58985990833
TLBO,F9,13,61913.65517502098
TLBO,F9,14,53577.57772290226
TLBO,F9,15,49227.70590728668
TLBO,F9,16,49137.1818017275
TLBO,F9,17,51352.294363856134
TLBO,F9,18,63435.00194655046
TLBO,F9,19,58855.642888359056
TLBO,F9,20,67948.66904281914
TLBO,F9,21,42182.84272237143
TLBO,F9,22,48887.400504599056
TLBO,F9,23,65871.68996950489
TLBO,F9,24,51814.57761376753
TLBO,F9,25,50831.967625996214
TLBO,F9,26,63077.56692031272
TLBO,F9,27,55143.60003449378
TLBO,F9,28,61997.41426471914
TLBO,F9,29,67343.16924300687
TLBO,F9,30,65720.52175467365
TLBO,F10,1,32495.61997780364
TLBO,F10,2,32816.23801783624
TLBO,F10,3,32642.359595320435
TLBO,F10,4,31298.325436399435
TLBO,F10,5,31920.66331754707
TLBO,F10,6,31623.50298766037
TLBO,F10,7,31956.488827094377
TLBO,F10,8,32608.071396730636
TLBO,F10,9,32496.92768251898
TLBO,F10,10,31917.319944332838
TLBO,F10,11,31826.34273360368
TLBO,F10,12,33004.03620938579
TLBO,F10,13,32291.72951700764
TLBO,F10,14,32638.61474218411
TLBO,F10,15,32237.23099674481
TLBO,F10,16,32926.190924546885
TLBO,F10,17,32133.194581518535
TLBO,F10,18,32472.22668310985
TLBO,F10,19,32366.39865789737
TLBO,F10,20,32468.100281412946
TLBO,F10,21,32394.95176529086
TLBO,F10,22,32048.997629119967
TLBO,F10,23,31549.190978646424
TLBO,F10,24,32097.982274323833
TLBO,F10,25,30945.55338571669
TLBO,F10,26,32593.88400509319
TLBO,F10,27,32833.934866563264
TLBO,F10,28,31664.62004078983
TLBO,F10,29,31445.99389755471
TLBO,F10,30,31164.56973905123
TLBO,F11,1,58964.80220212195
TLBO,F11,2,42585.91758904515
TLBO,F11,3,64625.33006031878
TLBO,F11,4,79360.69186703619
TLBO,F11,5,76651.34077453267
TLBO,F11,6,59836.44639337426
TLBO,F11,7,70848.72839178148
TLBO,F11,8,47941.673114635676
TLBO,F11,9,43855.038435338945
TLBO,F11,10,91305.09350180188
TLBO,F11,11,52712.09046330779
TLBO,F11,12,69099.61147649445
TLBO,F11,13,38232.17635376538
TLBO,F11,14,45633.07248875165
TLBO,F11,15,70466.51169895694
TLBO,F11,16,60924.01022019254
TLBO,F11,17,37769.29362507131
TLBO,F11,18,89530.20668610136
TLBO,F11,19,66573.64790858595
TLBO,F11,20,97825.81929025408
TLBO,F11,21,74031.78041270965
TLBO,F11,22,47281.36175252487
TLBO,F11,23,62330.48962281675
TLBO,F11,24,32271.05738701426
TLBO,F11,25,52429.83438436536
TLBO,F11,26,46879.96507839462
TLBO,F11,27,112112.19575250865
TLBO,F11,28,59768.139914487256
TLBO,F11,29,59266.28831211115
TLBO,F11,30,54688.76766454127
TLBO,F12,1,1742092466.180793
TLBO,F12,2,1112839128.0808575
TLBO,F12,3,4027132978.059951
TLBO,F12,4,2010354861.1714478
TLBO,F12,5,3205873566.424983
TLBO,F12,6,5127932990.262882
TLBO,F12,7,909790309.3320942
TLBO,F12,8,8897601276.71632
TLBO,F12,9,1962674304.6315997
TLBO,F12,10,3076598182.2876544
TLBO,F12,11,1746121728.639888
TLBO,F12,12,5144971652.828204
TLBO,F12,13,10877657150.079302
TLBO,F12,14,5010726653.113326
TLBO,F12,15,1845516402.9371545
TLBO,F12,16,2453475769.156552
TLBO,F12,17,3765318510.788373
TLBO,F12,18,5499281749.200092
TLBO,F12,19,2677335400.881164
TLBO,F12,20,1518313927.436487
TLBO,F12,21,1984262964.3896306
TLBO,F12,22,2375001798.750249
TLBO,F12,23,4877525586.831287
TLBO,F12,24,4268006548.1991234
TLBO,F12,25,3062030385.701164
TLBO,F12,26,7291757668.725726
TLBO,F12,27,3779547756.0938616
TLBO,F12,28,4799972947.162006
TLBO,F12,29,1577579159.3169165
TLBO,F12,30,2461944434.19492
TLBO,F13,1,2242271.7613022584
TLBO,F13,2,792025.6235107428
TLBO,F13,3,115654.66841986653
TLBO,F13,4,227266.30422025744
TLBO,F13,5,932033.1738549374
TLBO,F13,6,2352483.5540609825
TLBO,F13,7,183909.97010732215
TLBO,F13,8,274498.0212385516
TLBO,F13,9,244996.01003156498
TLBO,F13,10,115822.17628986802
TLBO,F13,11,3375537.5938085434
TLBO,F13,12,199281.89369869497
TLBO,F13,13,85368.96077834326
TLBO,F13,14,455506.233572187
TLBO,F13,15,4195100.324925013
TLBO,F13,16,76507.62059411484
TLBO,F13,17,188717.42528126464
TLBO,F13,18,1179071.5602764306
TLBO,F13,19,217314.79341045456
TLBO,F13,20,114985.44070637689
TLBO,F13,21,328541.3132075818
TLBO,F13,22,367852.86474409344
TLBO,F13,23,316091.67886377894
TLBO,F13,24,114742.06851954301
TLBO,F13,25,76945.50438196355
TLBO,F13,26,303881.3980394109
TLBO,F13,27,451416.2501052648
TLBO,F13,28,13746519.252786418
TLBO,F13,29,581469.3193052213
TLBO,F13,30,893024.3471121019
TLBO,F14,1,1640780.6717521863
TLBO,F14,2,868109.1644224095
TLBO,F14,3,482988.628269502
TLBO,F14,4,1839670.227372827
TLBO,F14,5,3532458.8964649956
TLBO,F14,6,716229.7679890223
TLBO,F14,7,5592558.138984683
TLBO,F14,8,2603519.6596233067
TLBO,F14,9,382311.66474230314
TLBO,F14,10,1510256.421920638
TLBO,F14,11,1869727.7460248705
TLBO,F14,12,291978.7267767572
TLBO,F14,13,4085831.111729126
TLBO,F14,14,757785.149664524
TLBO,F14,15,1386340.7929042121
TLBO,F14,16,2566380.642761891
TLBO,F14,17,1248732.5706134732
TLBO,F14,18,625827.6040223724
TLBO,F14,19,1848033.7271110953
TLBO,F14,20,1808169.1306200195
TLBO,F14,21,1296580.4862739462
TLBO,F14,22,6790614.865549475
TLBO,F14,23,1575568.6656007376
TLBO,F14,24,743573.6867937587
TLBO,F14,25,848437.0890580404
TLBO,F14,26,1099256.5499932228
TLBO,F14,27,1392427.9025114963
TLBO,F14,28,1359373.4560368357
TLBO,F14,29,2146068.7220872226
TLBO,F14,30,4103296.9826917797
TLBO,F15,1,11759.370936335628
TLBO,F15,2,16934.398473724625
TLBO,F15,3,11797.671993587956
TLBO,F15,4,21909.7872002174
TLBO,F15,5,11154.490941245149
TLBO,F15,6,31427.515971801815
TLBO,F15,7,9742.991398793723
TLBO,F15,8,10933.85080860601
TLBO,F15,9,16472.654325596675
TLBO,F15,10,38127.69770603229
TLBO,F15,11,20551.68657340757
TLBO,F15,12,14701.984623969107
TLBO,F15,13,14375.447989273343
TLBO,F15,14,30497.42876113125
TLBO,F15,15,11157.053796491478
TLBO,F15,16,13807.591173326527
TLBO,F15,17,11136.789441663706
TLBO,F15,18,14318.849108852795
TLBO,F15,19,23767.575479398518
TLBO,F15,20,13589.343411705217
TLBO,F15,21,11071.996018799764
TLBO,F15,22,14479.848183477578
TLBO,F15,23,29990.476364123875
TLBO,F15,24,10221.888628089506
TLBO,F15,25,27690.24313370723
TLBO,F15,26,8455.249701447448
TLBO,F15,27,4905.5977633291295
TLBO,F15,28,12732.548959327552
TLBO,F15,29,11999.871691112257
TLBO,F15,30,12053.07873725563
TLBO,F16,1,6437.164219979648
TLBO,F16,2,6462.46529099325
TLBO,F16,3,6263.85031176659
TLBO,F16,4,7633.116926273238
TLBO,F16,5,5971.366292793633
TLBO,F16,6,6522.372533486133
TLBO,F16,7,6205.368222356552
TLBO,F16,8,6066.830356312563
TLBO,F16,9,5158.944095208447
TLBO,F16,10,6138.117901065691
TLBO,F16,11,6624.396326703444
TLBO,F16,12,4801.307583065394
TLBO,F16,13,6783.436917960013
TLBO,F16,14,7953.125521506254
TLBO,F16,15,6636.653783977532
TLBO,F16,16,7383.407932978135
TLBO,F16,17,4962.229795541806
TLBO,F16,18,5512.59343494112
TLBO,F16,19,5955.426338617893
TLBO,F16,20,6729.4324236178945
TLBO,F16,21,7009.0590070929065
TLBO,F16,22,6278.78062300189
TLBO,F16,23,8106.004380066732
TLBO,F16,24,6220.891305522877
TLBO,F16,25,5673.469688750189
TLBO,F16,26,8892.186524966612
TLBO,F16,27,6621.557242219664
TLBO,F16,28,5961.121679500358
TLBO,F16,29,5799.996576682628
TLBO,F16,30,6396.858088930727
TLBO,F17,1,6575.350796401552
TLBO,F17,2,5742.380525172232
TLBO,F17,3,5298.260993495114
TLBO,F17,4,6539.9890677048
TLBO,F17,5,6850.66053897215
TLBO,F17,6,7203.45235442731
TLBO,F17,7,5072.608106897405
TLBO,F17,8,4637.241138311963
TLBO,F17,9,5477.014545441893
TLBO,F17,10,4705.829545370377
TLBO,F17,11,5743.767212106674
TLBO,F17,12,5355.306846770889
TLBO,F17,13,5682.124946212775
TLBO,F17,14,5984.64042514181
TLBO,F17,15,5419.982185854644
TLBO,F17,16,5198.2747212930635
TLBO,F17,17,7249.741646218109
TLBO,F17,18,5166.325697725045
TLBO,F17,19,5388.116430492891
TLBO,F17,20,5209.152554161683
TLBO,F17,21,5580.675542619695
TLBO,F17,22,5988.448553495973
TLBO,F17,23,5849.919509026287
TLBO,F17,24,6915.5744038485755
TLBO,F17,25,5084.1111893124325
TLBO,F17,26,5386.133017428663
TLBO,F17,27,5641.581309842852
TLBO,F17,28,5173.833758450968
TLBO,F17,29,5894.893535272476
TLBO,F17,30,6190.196372231932
TLBO,F18,1,6618826.205362192
TLBO,F18,2,3570060.988807654
TLBO,F18,3,1881896.3842225748
TLBO,F18,4,1537057.5662641143
TLBO,F18,5,1502348.7301124085
TLBO,F18,6,2609277.689474172
TLBO,F18,7,2989363.0696992623
TLBO,F18,8,2300561.1914768154
TLBO,F18,9,2658513.50191326
TLBO,F18,10,4804708.017599076
TLBO,F18,11,2995547.152815497
TLBO,F18,12,4256868.340633725
TLBO,F18,13,3751287.5949693215
TLBO,F18,14,3603100.2543548164
TLBO,F18,15,1148933.0306577322
TLBO,F18,16,2913767.767082257
TLBO,F18,17,10080525.475044917
TLBO,F18,18,5358877.981418294
TLBO,F18,19,2617927.08208429
TLBO,F18,20,1129129.2789195254
TLBO,F18,21,1684568.9869999082
TLBO,F18,22,2554779.55899711
TLBO,F18,23,4230618.687393599
TLBO,F18,24,2367091.0089640096
TLBO,F18,25,7653497.568174276
TLBO,F18,26,1979084.294512984
TLBO,F18,27,5953159.676316196
TLBO,F18,28,4645430.193273316
TLBO,F18,29,3280144.3017317113
TLBO,F18,30,2649969.611217719
TLBO,F19,1,17777.3947460364
TLBO,F19,2,570180.4929856748
TLBO,F19,3,16848.0823701903
TLBO,F19,4,98467.9288044818
TLBO,F19,5,574580.5023685772
TLBO,F19,6,26041.90380631252
TLBO,F19,7,10892.37309520268
TLBO,F19,8,31127.31907744007
TLBO,F19,9,20663.94931420318
TLBO,F19,10,29297.729316666664
TLBO,F19,11,48989.12615279755
TLBO,F19,12,514006.0065463351
TLBO,F19,13,43290.244811096265
TLBO,F19,14,15759.982402232352
TLBO,F19,15,690870.2615980832
TLBO,F19,16,14921.101173038911
TLBO,F19,17,6668.313115477902
TLBO,F19,18,57743.25588701483
TLBO,F19,19,49062.510705893306
TLBO,F19,20,15984.248029015336
TLBO,F19,21,56908.14641344993
TLBO,F19,22,6653.52815493958
TLBO,F19,23,182746.14101515923
TLBO,F19,24,12914.127099571815
TLBO,F19,25,14414.062699945265
TLBO,F19,26,866718.386889574
TLBO,F19,27,61970.27441102534
TLBO,F19,28,15583.012200909798
TLBO,F19,29,42806.57360195249
TLBO,F19,30,108524.63256145932
TLBO,F20,1,7151.42043549319
TLBO,F20,2,6490.339868872069
TLBO,F20,3,7053.947367472328
TLBO,F20,4,7650.351814998253
TLBO,F20,5,7906.037233306847
TLBO,F20,6,7328.25412814847
TLBO,F20,7,7136.07189293687
TLBO,F20,8,6747.539728847389
TLBO,F20,9,7645.577303565759
TLBO,F20,10,7046.12148962485
TLBO,F20,11,7533.224006841068
TLBO,F20,12,7174.365856423328
TLBO,F20,13,7731.008137411048
TLBO,F20,14,6781.192004433878
TLBO,F20,15,7575.332015421192
TLBO,F20,16,7080.267928118824
TLBO,F20,17,7174.2751678360755
TLBO,F20,18,6899.8975937653595
TLBO,F20,19,7382.509851485201
TLBO,F20,20,7156.607853979357
TLBO,F20,21,7840.342847665339
TLBO,F20,22,7816.691716080514
TLBO,F20,23,7580.153768752301
TLBO,F20,24,7626.498417444221
TLBO,F20,25,7429.02573537194
TLBO,F20,26,7764.881157447832
TLBO,F20,27,7557.653704176244
TLBO,F20,28,7574.361657493514
TLBO,F20,29,7306.659927435261
TLBO,F20,30,6923.911982865374
TLBO,F21,1,3357.8508631878913
TLBO,F21,2,3383.680344924128
TLBO,F21,3,3348.439221083495
TLBO,F21,4,3368.463487940995
TLBO,F21,5,3089.0318142468323
TLBO,F21,6,3144.2999808042823
TLBO,F21,7,3292.1197705830964
TLBO,F21,8,3284.6267362264334
TLBO,F21,9,3115.0689244864643
TLBO,F21,10,3189.6526874173073
TLBO,F21,11,3318.1721316821368
TLBO,F21,12,3177.651323978336
TLBO,F21,13,3249.6218478375163
TLBO,F21,14,3113.1175204906667
TLBO,F21,15,3302.4823266683456
TLBO,F21,16,3286.2549217652067
TLBO,F21,17,3285.3695834747036
TLBO,F21,18,3362.0683321408114
TLBO,F21,19,3411.145815023381
TLBO,F21,20,3486.081323098082
TLBO,F21,21,3281.0158981504883
TLBO,F21,22,3371.6924685035
TLBO,F21,23,3416.999229502294
TLBO,F21,24,3510.074978267504
TLBO,F21,25,3494.9986751347337
TLBO,F21,26,3253.696107481314
TLBO,F21,27,3125.277883101566
TLBO,F21,28,3287.184978012686
TLBO,F21,29,3353.1203603866034
TLBO,F21,30,3345.4714210396387
TLBO,F22,1,34374.219384515025
TLBO,F22,2,34059.05746088017
TLBO,F22,3,34729.29091472002
TLBO,F22,4,35071.157051696086
TLBO,F22,5,34703.204532603864
TLBO,F22,6,35089.029837059956
TLBO,F22,7,33068.44631671741
TLBO,F22,8,34151.3047497478
TLBO,F22,9,34143.97827198653
TLBO,F22,10,34899.811636575774
TLBO,F22,11,33890.004271174614
TLBO,F22,12,34951.92263238192
TLBO,F22,13,33875.44743923696
TLBO,F22,14,35444.572742635406
TLBO,F22,15,35030.584862695105
TLBO,F22,16,35040.57640402744
TLBO,F22,17,34837.56884406678
TLBO,F22,18,33979.20168225013
TLBO,F22,19,34500.07621283714
TLBO,F22,20,34476.75219000739
TLBO,F22,21,34894.0604212184
TLBO,F22,22,34872.222591618425
TLBO,F22,23,34453.72836084511
TLBO,F22,24,35251.0102264418
TLBO,F22,25,33524.00307789912
TLBO,F22,26,35583.477203249284
TLBO,F22,27,34891.34043451394
TLBO,F22,28,34746.32924403352
TLBO,F22,29,34182.53768484951
TLBO,F22,30,34947.99876539146
TLBO,F23,1,3835.6291048890425
TLBO,F23,2,4163.954739036638
TLBO,F23,3,4103.61947279985
TLBO,F23,4,4148.637792444634
TLBO,F23,5,4212.022128271832
TLBO,F23,6,3695.7263120102225
TLBO,F23,7,3843.1007822012807
TLBO,F23,8,4105.918229504847
TLBO,F23,9,3894.7987800336678
TLBO,F23,10,3826.0029261998197
TLBO,F23,11,3949.0447807421924
TLBO,F23,12,4083.90981191819
TLBO,F23,13,3680.7976312881638
TLBO,F23,14,3865.619330934096
TLBO,F23,15,3799.07413834499
TLBO,F23,16,4046.9707028053817
TLBO,F23,17,3871.1925528079864
TLBO,F23,18,3842.2983759097747
TLBO,F23,19,3751.8749320551196
TLBO,F23,20,3768.74791941051
TLBO,F23,21,3935.069887189654
TLBO,F23,22,3920.2571215300454
TLBO,F23,23,3899.2130737019947
TLBO,F23,24,3894.6517662970323
TLBO,F23,25,4119.3680652172825
TLBO,F23,26,3692.834298730816
TLBO,F23,27,3786.8483193474585
TLBO,F23,28,3891.131570630663
TLBO,F23,29,3931.8701970717243
TLBO,F23,30,3937.8917749586626
TLBO,F24,1,4961.073002851226
TLBO,F24,2,4771.023052766799
TLBO,F24,3,5112.01866675932
TLBO,F24,4,5035.292794770312
TLBO,F24,5,4712.237993919403
TLBO,F24,6,4859.434438809263
TLBO,F24,7,4721.6219093997515
TLBO,F24,8,5266.904102102711
TLBO,F24,9,5261.88649203484
TLBO,F24,10,4658.103745120609
TLBO,F24,11,4837.81133439575
TLBO,F24,12,4796.362663765624
TLBO,F24,13,4901.759317345165
TLBO,F24,14,5221.93748520551
TLBO,F24,15,4613.7826682787945
TLBO,F24,16,5111.094377890486
TLBO,F24,17,4892.253986714634
TLBO,F24,18,4797.108791115062
TLBO,F24,19,4779.257567596529
TLBO,F24,20,4799.269563335452
TLBO,F24,21,4978.99372272043
TLBO,F24,22,5068.282508765238
TLBO,F24,23,5149.987431052271
TLBO,F24,24,4702.287878087522
TLBO,F24,25,4477.968530727416
TLBO,F24,26,4833.62438037009
TLBO,F24,27,4834.82946162902
TLBO,F24,28,5092.798136762602
TLBO,F24,29,5035.979999405723
TLBO,F24,30,4982.246790313341
TLBO,F25,1,5872.055656083052
TLBO,F25,2,6383.401979008764
TLBO,F25,3,5855.465686063437
TLBO,F25,4,6195.219503847984
TLBO,F25,5,5598.2479628624815
TLBO,F25,6,5833.091876015067
TLBO,F25,7,5601.232124242974
TLBO,F25,8,6207.372315285636
TLBO,F25,9,5012.101162343346
TLBO,F25,10,8018.755650893121
TLBO,F25,11,5892.357303315803
TLBO,F25,12,8238.339556850871
TLBO,F25,13,6062.099265641281
TLBO,F25,14,5672.504996874446
TLBO,F25,15,8435.603451051891
TLBO,F25,16,5542.662168384024
TLBO,F25,17,5788.468896081065
TLBO,F25,18,7697.674540900969
TLBO,F25,19,5265.455037804106
TLBO,F25,20,4623.5479228788245
TLBO,F25,21,5165.038739100692
TLBO,F25,22,5509.077203183773
TLBO,F25,23,7809.291919585315
TLBO,F25,24,5417.557960374465
TLBO,F25,25,5726.526155562723
TLBO,F25,26,5924.042059611595
TLBO,F25,27,6417.3565584003
TLBO,F25,28,6608.473236071956
TLBO,F25,29,6630.660164313458
TLBO,F25,30,6175.554731500519
TLBO,F26,1,26521.817325274184
TLBO,F26,2,29758.868291592396
TLBO,F26,3,29804.04592210397
TLBO,F26,4,28282.824213682907
TLBO,F26,5,29789.30359841459
TLBO,F26,6,31519.845115311215
TLBO,F26,7,25267.766584816924
TLBO,F26,8,33253.15976806046
TLBO,F26,9,30854.4923578657
TLBO,F26,10,22367.94928022928
TLBO,F26,11,31468.493535551606
TLBO,F26,12,32024.313373647303
TLBO,F26,13,30694.230617837857
TLBO,F26,14,25277.859625170648
TLBO,F26,15,28926.09676896995
TLBO,F26,16,23186.441133751032
TLBO,F26,17,32776.740427110846
TLBO,F26,18,28779.858935247983
TLBO,F26,19,29410.805632070435
TLBO,F26,20,27376.251236403677
TLBO,F26,21,29933.83119845981
TLBO,F26,22,27642.41365625471
TLBO,F26,23,26058.33209692889
TLBO,F26,24,20517.484488323076
TLBO,F26,25,34536.10498600282
TLBO,F26,26,30330.512012609153
TLBO,F26,27,29047.2319275708
TLBO,F26,28,27010.11755483609
TLBO,F26,29,28930.71192029876
TLBO,F26,30,33261.59929397097
TLBO,F27,1,4481.578676194728
TLBO,F27,2,4117.629039868776
TLBO,F27,3,4927.31235997851
TLBO,F27,4,4909.62746219699
TLBO,F27,5,4398.72841067019
TLBO,F27,6,4857.849653342069
TLBO,F27,7,4490.658396673731
TLBO,F27,8,4232.979133633682
TLBO,F27,9,4659.513090046617
TLBO,F27,10,5621.075689330002
TLBO,F27,11,4572.67308112985
TLBO,F27,12,4400.354759452538
TLBO,F27,13,4404.52627424243
TLBO,F27,14,4430.465205676635
TLBO,F27,15,4473.919550723207
TLBO,F27,16,4857.738856243448
TLBO,F27,17,4360.055874705717
TLBO,F27,18,4357.436511047791
TLBO,F27,19,4059.1476453586047
TLBO,F27,20,4654.424239137677
TLBO,F27,21,4609.905578518683
TLBO,F27,22,4372.428755260364
TLBO,F27,23,4108.2655449089125
TLBO,F27,24,4352.632485339256
TLBO,F27,25,5325.137659972466
TLBO,F27,26,4286.309951084717
TLBO,F27,27,4934.4864494493895
TLBO,F27,28,4758.362905383058
TLBO,F27,29,4327.586976340381
TLBO,F27,30,4324.371526487343
TLBO,F28,1,7252.414975831535
TLBO,F28,2,7879.797101900703
TLBO,F28,3,8292.353968142488
TLBO,F28,4,8401.85332193903
TLBO,F28,5,8824.057795748575
TLBO,F28,6,9927.981819656092
TLBO,F28,7,8459.97047248805
TLBO,F28,8,7113.554342074782
TLBO,F28,9,10024.877649650254
TLBO,F28,10,8285.222625324755
TLBO,F28,11,8346.36717600362
TLBO,F28,12,8479.831076608258
TLBO,F28,13,7359.932463950285
TLBO,F28,14,9011.292830547754
TLBO,F28,15,7599.821720631013
TLBO,F28,16,8875.917885587569
TLBO,F28,17,7757.810935134656
TLBO,F28,18,7823.361698653973
TLBO,F28,19,6299.385399711343
TLBO,F28,20,7094.20677857988
TLBO,F28,21,5885.2890373466535
TLBO,F28,22,7221.848691037041
TLBO,F28,23,8439.368576415447
TLBO,F28,24,7959.887897250629
TLBO,F28,25,9370.02090154378
TLBO,F28,26,12181.539085867495
TLBO,F28,27,6268.969588212127
TLBO,F28,28,6819.25495036097
TLBO,F28,29,7603.226502534719
TLBO,F28,30,8461.31030403533
TLBO,F29,1,8633.99058515978
TLBO,F29,2,8238.162519342233
TLBO,F29,3,10085.468377027006
TLBO,F29,4,8416.055354432125
TLBO,F29,5,9509.629613634912
TLBO,F29,6,8456.123074334937
TLBO,F29,7,9708.651483800786
TLBO,F29,8,9067.537733016392
TLBO,F29,9,8403.10121042728
TLBO,F29,10,9886.667880887353
TLBO,F29,11,9707.970472391962
TLBO,F29,12,8767.156707763232
TLBO,F29,13,8569.764644868123
TLBO,F29,14,7897.824844589958
TLBO,F29,15,10355.690815104648
TLBO,F29,16,8668.881133802533
TLBO,F29,17,9501.052374403354
TLBO,F29,18,9885.20326291725
TLBO,F29,19,9886.59719955989
TLBO,F29,20,9117.054304706759
TLBO,F29,21,9664.58223949407
TLBO,F29,22,9560.839414507522
TLBO,F29,23,7251.857481907357
TLBO,F29,24,7847.116512314428
TLBO,F29,25,8265.993854951119
TLBO,F29,26,8402.167906793995
TLBO,F29,27,8467.10992074334
TLBO,F29,28,9889.115960522724
TLBO,F29,29,8196.04332556126
TLBO,F29,30,7479.18396647187
TLBO,F30,1,6153164.586391468
TLBO,F30,2,6578276.958494972
TLBO,F30,3,3422004.2639129935
TLBO,F30,4,15204358.031790452
TLBO,F30,5,26171137.71319858
TLBO,F30,6,182500448.86040318
TLBO,F30,7,7329224.495953841
TLBO,F30,8,1429227.679933862
TLBO,F30,9,5975754.04480765
TLBO,F30,10,10650947.729237419
TLBO,F30,11,3151296.162714799
TLBO,F30,12,7354141.609543771
TLBO,F30,13,1778986.0494399962
TLBO,F30,14,6904951.348666996
TLBO,F30,15,1564663.8252444172
TLBO,F30,16,8969843.898332411
TLBO,F30,17,4770467.200392597
TLBO,F30,18,321397809.21777487
TLBO,F30,19,51892520.78212053
TLBO,F30,20,23975706.154600162
TLBO,F30,21,19471777.70684457
TLBO,F30,22,2071447.4066773374
TLBO,F30,23,40237277.60272239
TLBO,F30,24,30987370.0755074
TLBO,F30,25,5392727.169015242
TLBO,F30,26,17111954.71213441
TLBO,F30,27,6402052.337067428
TLBO,F30,28,21367913.689183004
TLBO,F30,29,31960008.389569428
TLBO,F30,30,1981670.8048839099
WOA,F1,1,211154599028.78436
WOA,F1,2,222016631027.16592
WOA,F1,3,183388809644.20953
WOA,F1,4,244993259609.5178
WOA,F1,5,199406287698.24985
WOA,F1,6,244046699688.46756
WOA,F1,7,232337358320.4636
WOA,F1,8,248101295489.05966
WOA,F1,9,236803003609.97272
WOA,F1,10,243067132334.9656
WOA,F1,11,217175636075.03043
WOA,F1,12,185981405684.77744
WOA,F1,13,246863101098.10376
WOA,F1,14,209304714316.28735
WOA,F1,15,224625489769.26947
WOA,F1,16,224748723492.2223
WOA,F1,17,172462013764.4024
WOA,F1,18,221010592736.6761
WOA,F1,19,221509812142.35254
WOA,F1,20,185803973439.4865
WOA,F1,21,234349696999.37204
WOA,F1,22,221803632220.89282
WOA,F1,23,218468553760.55157
WOA,F1,24,229223804787.30634
WOA,F1,25,222322034321.91782
WOA,F1,26,236374274806.96744
WOA,F1,27,229274950458.86386
WOA,F1,28,221362300544.74567
WOA,F1,29,230027993862.5233
WOA,F1,30,243873057454.96048
WOA,F3,1,1035292.7314172208
WOA,F3,2,1007361.9964465807
WOA,F3,3,765637.8261643839
WOA,F3,4,1006120.4209138618
WOA,F3,5,898862.8298810595
WOA,F3,6,880036.9681457876
WOA,F3,7,863601.2174491107
WOA,F3,8,638847.6003189642
WOA,F3,9,790779.3468140123
WOA,F3,10,1038453.9778406529
WOA,F3,11,945611.9391194143
WOA,F3,12,1066602.4872240827
WOA,F3,13,1137238.5227734304
WOA,F3,14,927908.2934112926
WOA,F3,15,884813.4372871912
WOA,F3,16,701954.52266589
WOA,F3,17,819200.6256153786
WOA,F3,18,794314.0118011357
WOA,F3,19,750235.3208694197
WOA,F3,20,485595.17439992225
WOA,F3,21,806108.3519262932
WOA,F3,22,1120504.147451529
WOA,F3,23,872527.9288564441
WOA,F3,24,1036578.9613675129
WOA,F3,25,855106.8267267072
WOA,F3,26,1037990.1813267815
WOA,F3,27,874700.7182940582
WOA,F3,28,852954.5586220977
WOA,F3,29,824561.2229969159
WOA,F3,30,828376.8418140425
WOA,F4,1,47726.33177192676
WOA,F4,2,76024.61429301796
WOA,F4,3,74537.68022936217
WOA,F4,4,75487.30625601335
WOA,F4,5,72896.86237307254
WOA,F4,6,56998.337460010036
WOA,F4,7,59961.58037992332
WOA,F4,8,82577.67020404898
WOA,F4,9,66430.13091739084
WOA,F4,10,71797.56943251533
WOA,F4,11,61278.28650758344
WOA,F4,12,91033.06996468463
WOA,F4,13,74429.19053872622
WOA,F4,14,71778.3579700202
WOA,F4,15,63595.05973667728
WOA,F4,16,67134.72420941158
WOA,F4,17,78101.23962364097
WOA,F4,18,72410.97558040204
WOA,F4,19,51018.17690715087
WOA,F4,20,60099.23027766603
WOA,F4,21,72729.7218247306
WOA,F4,22,70232.26570322945
WOA,F4,23,77253.18249322308
WOA,F4,24,74122.94923084592
WOA,F4,25,53415.95300392864
WOA,F4,26,57493.174569058894
WOA,F4,27,56390.67718516187
WOA,F4,28,76534.25986817709
WOA,F4,29,67137.7084125814
WOA,F4,30,52903.90728938657
WOA,F5,1,2135.727670056123
WOA,F5,2,1994.691197366946
WOA,F5,3,2121.405606165206
WOA,F5,4,2091.6527945569414
WOA,F5,5,2131.3777501949653
WOA,F5,6,1996.3480240813622
WOA,F5,7,1962.8029144091367
WOA,F5,8,2084.786862796029
WOA,F5,9,2093.361200600463
WOA,F5,10,2043.248475712383
WOA,F5,11,2048.9128271136588
WOA,F5,12,2065.211844193349
WOA,F5,13,1977.4407123727892
WOA,F5,14,2186.5729927578423
WOA,F5,15,2114.3390413270317
WOA,F5,16,2161.40889171346
WOA,F5,17,2197.0283636463046
WOA,F5,18,2059.509689865806
WOA,F5,19,2104.556219152413
WOA,F5,20,2016.3379012954033
WOA,F5,21,2125.5069345514203
WOA,F5,22,2065.5107543941895
WOA,F5,23,2066.4546792952688
WOA,F5,24,1963.0912583120898
WOA,F5,25,2133.2454341691855
WOA,F5,26,2030.6620568212875
WOA,F5,27,2207.425342741055
WOA,F5,28,2135.384888271731
WOA,F5,29,2172.6238750068446
WOA,F5,30,2173.8246728617864
WOA,F6,1,715.4216353999694
WOA,F6,2,708.8064239050786
WOA,F6,3,720.1729937166197
WOA,F6,4,708.1816718151749
WOA,F6,5,709.7546273000103
WOA,F6,6,711.6696596613677
WOA,F6,7,714.3267260712095
WOA,F6,8,710.0940998085058
WOA,F6,9,715.0944015088587
WOA,F6,10,722.1116174281558
WOA,F6,11,711.1732605307287
WOA,F6,12,705.07249471414
WOA,F6,13,712.5213061435835
WOA,F6,14,709.338200286867
WOA,F6,15,706.6764078694639
WOA,F6,16,713.7671850897779
WOA,F6,17,715.9010709363898
WOA,F6,18,708.0602479739057
WOA,F6,19,712.7966504002414
WOA,F6,20,710.3076140704949
WOA,F6,21,710.175746386319
WOA,F6,22,714.2312225818023
WOA,F6,23,705.3859329691894
WOA,F6,24,706.1023711392238
WOA,F6,25,712.8824366025772
WOA,F6,26,711.9676322996029
WOA,F6,27,712.5465725008864
WOA,F6,28,706.5295898009297
WOA,F6,29,708.9046933278563
WOA,F6,30,708.3084950421932
WOA,F7,1,4057.607503052843
WOA,F7,2,4082.54065567679
WOA,F7,3,3785.407734342459
WOA,F7,4,4079.137630735091
WOA,F7,5,3969.5384113093924
WOA,F7,6,3942.495028365525
WOA,F7,7,3860.8497379044293
WOA,F7,8,4046.1570593094593
WOA,F7,9,3837.4924139735267
WOA,F7,10,3995.0006730465143
WOA,F7,11,4005.069144828576
WOA,F7,12,3945.782046028868
WOA,F7,13,4106.066554264877
WOA,F7,14,4149.812390520633
WOA,F7,15,3969.186414982755
WOA,F7,16,3896.630646666789
WOA,F7,17,3870.3378016298157
WOA,F7,18,3970.5530840433703
WOA,F7,19,4049.339698873242
WOA,F7,20,3925.683557169153
WOA,F7,21,4037.5108315568086
WOA,F7,22,3994.5618664235635
WOA,F7,23,3733.62409606244
WOA,F7,24,3989.6461240531644
WOA,F7,25,3957.853882506776
WOA,F7,26,4083.0007003195833
WOA,F7,27,3989.27482757838
WOA,F7,28,4161.842328497891
WOA,F7,29,3972.8504058702197
WOA,F7,30,4067.768712146308
WOA,F8,1,2607.196154088376
WOA,F8,2,2724.8204464939886
WOA,F8,3,2532.826666445109
WOA,F8,4,2499.981391697048
WOA,F8,5,2623.3543939954275
WOA,F8,6,2507.540068934296
WOA,F8,7,2569.5041618537653
WOA,F8,8,2499.322496333559
WOA,F8,9,2531.3832079369795
WOA,F8,10,2638.6014729181406
WOA,F8,11,2578.2540337506143
WOA,F8,12,2579.5339864962666
WOA,F8,13,2548.5891339634227
WOA,F8,14,2529.359228588937
WOA,F8,15,2552.3482573305464
WOA,F8,16,2483.86107962411
WOA,F8,17,2435.625606308093
WOA,F8,18,2561.805962792817
WOA,F8,19,2607.89118800695
WOA,F8,20,2456.263171669693
WOA,F8,21,2666.4642447529886
WOA,F8,22,2639.9856879719837
WOA,F8,23,2592.077143905965
WOA,F8,24,2573.500755023815
WOA,F8,25,2601.8794306464415
WOA,F8,26,2695.783438604125
WOA,F8,27,2469.373495061308
WOA,F8,28,2519.47353270824
WOA,F8,29,2532.7942430526923
WOA,F8,30,2611.1518148429877
WOA,F9,1,87948.33499680547
WOA,F9,2,73045.01469371878
WOA,F9,3,84180.82250987987
WOA,F9,4,67238.14979044623
WOA,F9,5,73885.79525813751
WOA,F9,6,82717.62252431293
WOA,F9,7,88390.29144604737
WOA,F9,8,71571.12477212318
WOA,F9,9,78479.38183359729
WOA,F9,10,72381.81243758865
WOA,F9,11,81392.99144434303
WOA,F9,12,87708.16328411878
WOA,F9,13,106524.04712381176
WOA,F9,14,87063.22329779211
WOA,F9,15,83882.84440426988
WOA,F9,16,80931.4771838724
WOA,F9,17,92543.55028256854
WOA,F9,18,83845.1144638393
WOA,F9,19,73425.70539719844
WOA,F9,20,79230.16215119604
WOA,F9,21,66965.09666007795
WOA,F9,22,71603.88243908808
WOA,F9,23,81677.79048141981
WOA,F9,24,82408.33728537125
WOA,F9,25,67707.73873365564
WOA,F9,26,73923.38408933586
WOA,F9,27,68547.64952265528
WOA,F9,28,86753.90872346389
WOA,F9,29,92549.74441286949
WOA,F9,30,83306.61095036932
WOA,F10,1,31189.596560053957
WOA,F10,2,31534.01951403029
WOA,F10,3,33225.11264526434
WOA,F10,4,32898.23915521518
WOA,F10,5,29484.33988199826
WOA,F10,6,33140.80533066285
WOA,F10,7,30885.62053573749
WOA,F10,8,31018.494268161525
WOA,F10,9,34182.60120276897
WOA,F10,10,32394.650142528575
WOA,F10,11,32186.537052952575
WOA,F10,12,31738.090674892555
WOA,F10,13,32617.495602426687
WOA,F10,14,32739.993319469453
WOA,F10,15,32598.69215946143
WOA,F10,16,32460.736721360085
WOA,F10,17,31580.030080468547
WOA,F10,18,32268.96485669684
WOA,F10,19,32079.696208778943
WOA,F10,20,30829.32353339291
WOA,F10,21,32189.115562721847
WOA,F10,22,30855.796235645314
WOA,F10,23,30614.88959065587
WOA,F10,24,33022.501085557866
WOA,F10,25,30621.7385454972
WOA,F10,26,32391.04411074653
WOA,F10,27,31310.274841610593
WOA,F10,28,31151.525824169817
WOA,F10,29,32936.490031646696
WOA,F10,30,33009.80111311534
WOA,F11,1,185918.6413257257
WOA,F11,2,332061.2204186395
WOA,F11,3,270488.97244871815
WOA,F11,4,501204.8543881732
WOA,F11,5,262766.11369892256
WOA,F11,6,317189.097514617
WOA,F11,7,422947.2057985517
WOA,F11,8,275059.4614826015
WOA,F11,9,528664.2075423745
WOA,F11,10,246284.95304180274
WOA,F11,11,276125.3072459819
WOA,F11,12,220144.4275068723
WOA,F11,13,323250.24303276144
WOA,F11,14,165898.7739802921
WOA,F11,15,360630.32692488644
WOA,F11,16,767962.4154728304
WOA,F11,17,346710.23964703607
WOA,F11,18,433437.723128846
WOA,F11,19,426744.40024837974
WOA,F11,20,233969.97985474468
WOA,F11,21,385569.7803095346
WOA,F11,22,200165.50937666927
WOA,F11,23,469812.4321194283
WOA,F11,24,569066.0997130373
WOA,F11,25,254610.03070872516
WOA,F11,26,648166.7800725976
WOA,F11,27,262837.4418659798
WOA,F11,28,622022.4523078159
WOA,F11,29,289168.2700571285
WOA,F11,30,649278.4492717598
WOA,F12,1,155396017981.6203
WOA,F12,2,118845373313.32396
WOA,F12,3,127023813482.14397
WOA,F12,4,107179960354.44362
WOA,F12,5,133834361651.97858
WOA,F12,6,112856283395.53171
WOA,F12,7,91993668235.67238
WOA,F12,8,122210318389.50877
WOA,F12,9,119927475100.25294
WOA,F12,10,120156861674.2882
WOA,F12,11,111114547755.7508
WOA,F12,12,136786263290.83495
WOA,F12,13,104691879715.30266
WOA,F12,14,103475503006.25827
WOA,F12,15,93668319310.42853
WOA,F12,16,102926895724.78635
WOA,F12,17,143135526552.85037
WOA,F12,18,108547092099.39279
WOA,F12,19,169364984438.14075
WOA,F12,20,118222448880.99203
WOA,F12,21,124928345373.29703
WOA,F12,22,128745652963.71005
WOA,F12,23,118135168995.59332
WOA,F12,24,114683402744.74612
WOA,F12,25,106786599920.8813
WOA,F12,26,102734200768.14551
WOA,F12,27,82793391346.32162
WOA,F12,28,88441784316.61266
WOA,F12,29,82455637352.77513
WOA,F12,30,109460226091.2632
WOA,F13,1,25444259268.709972
WOA,F13,2,17804987820.777657
WOA,F13,3,30123257770.465866
WOA,F13,4,34744667874.69028
WOA,F13,5,26153415975.84958
WOA,F13,6,22557362616.7244
WOA,F13,7,24965450740.683025
WOA,F13,8,27192684085.28902
WOA,F13,9,13947019882.364796
WOA,F13,10,22810182119.301216
WOA,F13,11,29969146259.24266
WOA,F13,12,27626112994.912163
WOA,F13,13,24804774201.19169
WOA,F13,14,36145168726.95768
WOA,F13,15,14369705709.08619
WOA,F13,16,15004838334.95251
WOA,F13,17,30124460508.64755
WOA,F13,18,19451675665.815884
WOA,F13,19,14806344953.456556
WOA,F13,20,16844655379.072004
WOA,F13,21,18731300018.981285
WOA,F13,22,24428913157.29945
WOA,F13,23,13132538182.845245
WOA,F13,24,28620282670.300686
WOA,F13,25,15620674870.40727
WOA,F13,26,27945277916.85133
WOA,F13,27,26851325915.07094
WOA,F13,28,30955932593.12056
WOA,F13,29,25111462128.65869
WOA,F13,30,29100290706.473198
WOA,F14,1,27073597.3396804
WOA,F14,2,18820375.193588004
WOA,F14,3,81184526.39749685
WOA,F14,4,61457604.59480708
WOA,F14,5,21474844.750469413
WOA,F14,6,32794132.846959632
WOA,F14,7,28230744.190755554
WOA,F14,8,54667867.965004504
WOA,F14,9,27638566.253258526
WOA,F14,10,47068827.646893896
WOA,F14,11,46534108.98935254
WOA,F14,12,76514395.33583009
WOA,F14,13,47245293.577859834
WOA,F14,14,32228715.668332096
WOA,F14,15,15263010.047432963
WOA,F14,16,81551059.59799188
WOA,F14,17,101747721.704895
WOA,F14,18,49691443.480880104
WOA,F14,19,8709318.904162478
WOA,F14,20,46701284.279633716
WOA,F14,21,29483671.728101317
WOA,F14,22,38918037.090891145
WOA,F14,23,49919727.54111671
WOA,F14,24,45027005.51541034
WOA,F14,25,43012847.30000114
WOA,F14,26,36562096.10368761
WOA,F14,27,27057123.88319768
WOA,F14,28,53524342.29392485
WOA,F14,29,20789678.619467195
WOA,F14,30,59402944.526784845
WOA,F15,1,8653179089.835924
WOA,F15,2,5883402934.910809
WOA,F15,3,5704132798.483615
WOA,F15,4,6466116283.95943
WOA,F15,5,4659338350.2106285
WOA,F15,6,9898119700.965704
WOA,F15,7,4659623628.542827
WOA,F15,8,13619738286.704914
WOA,F15,9,6556234109.182732
WOA,F15,10,6355704493.767456
WOA,F15,11,7740102128.122311
WOA,F15,12,8761691979.941702
WOA,F15,13,6695366429.795075
WOA,F15,14,5011913443.5229645
WOA,F15,15,8533699351.482828
WOA,F15,16,5518854849.235099
WOA,F15,17,6709674157.474062
WOA,F15,18,13807758258.019619
WOA,F15,19,4665757621.412964
WOA,F15,20,8395452866.134194
WOA,F15,21,6792391624.933868
WOA,F15,22,6544953149.513205
WOA,F15,23,7149243842.827697
WOA,F15,24,11330514810.674728
WOA,F15,25,3334450835.676796
WOA,F15,26,6417566958.824052
WOA,F15,27,12255788930.475225
WOA,F15,28,15616860423.611444
WOA,F15,29,4814484965.171351
WOA,F15,30,7346273877.147442
WOA,F16,1,17730.718193387816
WOA,F16,2,25134.057837129934
WOA,F16,3,22542.974510141088
WOA,F16,4,19427.076478346287
WOA,F16,5,22085.06040778515
WOA,F16,6,23408.41625856781
WOA,F16,7,21015.093712168666
WOA,F16,8,24059.393905121935
WOA,F16,9,22925.91682847657
WOA,F16,10,19575.5631875019
WOA,F16,11,18492.500992215944
WOA,F16,12,20708.346133555475
WOA,F16,13,17445.366928753938
WOA,F16,14,26101.806269497414
WOA,F16,15,20452.772945620323
WOA,F16,16,19718.245229225697
WOA,F16,17,25185.070980999422
WOA,F16,18,22325.446487111447
WOA,F16,19,23625.3838612821
WOA,F16,20,22228.426311693987
WOA,F16,21,20377.81901188911
WOA,F16,22,20582.422423974873
WOA,F16,23,20760.709926482847
WOA,F16,24,23518.834263200486
WOA,F16,25,23309.872559899668
WOA,F16,26,21898.65951393661
WOA,F16,27,19179.55343161586
WOA,F16,28,25145.469058407587
WOA,F16,29,24103.85893177725
WOA,F16,30,23370.90348559609
WOA,F17,1,3169889.8013943643
WOA,F17,2,1767305.9087555336
WOA,F17,3,266452.463780492
WOA,F17,4,240388.87653794832
WOA,F17,5,687167.321647211
WOA,F17,6,345537.3214293487
WOA,F17,7,3805595.702819303
WOA,F17,8,536928.8752054776
WOA,F17,9,1083698.2648888538
WOA,F17,10,119250.62145248128
WOA,F17,11,1631810.2472184466
WOA,F17,12,439248.9992723944
WOA,F17,13,1381473.5218598775
WOA,F17,14,748479.4079797505
WOA,F17,15,396998.6549598348
WOA,F17,16,435036.7384541464
WOA,F17,17,1403272.507961875
WOA,F17,18,375046.06521046883
WOA,F17,19,887821.108823622
WOA,F17,20,830687.9782472539
WOA,F17,21,185757.8687964828
WOA,F17,22,3720727.8065956803
WOA,F17,23,37796.90981379606
WOA,F17,24,4572266.856796109
WOA,F17,25,350484.1826030977
WOA,F17,26,415104.7954136989
WOA,F17,27,430688.1323791089
WOA,F17,28,391242.6188860648
WOA,F17,29,32799.941573142096
WOA,F17,30,339868.6613587076
WOA,F18,1,39563327.86374753
WOA,F18,2,61632777.68071043
WOA,F18,3,103986264.64112735
WOA,F18,4,41023945.18596833
WOA,F18,5,38396177.64659603
WOA,F18,6,107291810.26982032
WOA,F18,7,15641747.954317302
WOA,F18,8,41851715.36780253
WOA,F18,9,30128575.111929588
WOA,F18,10,28620195.986876067
WOA,F18,11,49959763.48098949
WOA,F18,12,58115617.818142176
WOA,F18,13,49498866.7115481
WOA,F18,14,44338989.60819129
WOA,F18,15,20145706.921841495
WOA,F18,16,49287933.335136
WOA,F18,17,40299961.2705073
WOA,F18,18,32822813.64941079
WOA,F18,19,68149891.31902325
WOA,F18,20,81897806.03458261
WOA,F18,21,38977284.53934594
WOA,F18,22,49872158.36922933
WOA,F18,23,63898987.145752825
WOA,F18,24,63303955.739202894
WOA,F18,25,83260828.80232438
WOA,F18,26,56033385.726725645
WOA,F18,27,5130117.793111474
WOA,F18,28,73051193.73187621
WOA,F18,29,44442089.495461844
WOA,F18,30,48340705.10274289
WOA,F19,1,9178581995.970392
WOA,F19,2,8860454573.056286
WOA,F19,3,10245218407.91517
WOA,F19,4,14485300413.186646
WOA,F19,5,11447854548.563587
WOA,F19,6,8488041331.480016
WOA,F19,7,10096038007.950882
WOA,F19,8,7676127189.937219
WOA,F19,9,5899197287.63642
WOA,F19,10,4944162244.536846
WOA,F19,11,10972393312.472717
WOA,F19,12,3039297253.700756
WOA,F19,13,6253491676.284557
WOA,F19,14,1827337077.997352
WOA,F19,15,5137514390.366796
WOA,F19,16,10146076434.728102
WOA,F19,17,11523721863.996618
WOA,F19,18,10707590802.553053
WOA,F19,19,8305014461.906485
WOA,F19,20,7000802627.905017
WOA,F19,21,4734809525.369838
WOA,F19,22,5703096892.565111
WOA,F19,23,5544206039.979227
WOA,F19,24,9711578933.638117
WOA,F19,25,4323064969.187657
WOA,F19,26,2331099142.264513
WOA,F19,27,4010449383.9964476
WOA,F19,28,13189294929.171398
WOA,F19,29,6355288142.873874
WOA,F19,30,7032476527.564696
WOA,F20,1,7235.043339533152
WOA,F20,2,6784.745505719073
WOA,F20,3,7056.349389739776
WOA,F20,4,7938.255188496728
WOA,F20,5,8646.80574920258
WOA,F20,6,8208.170541420815
WOA,F20,7,7321.000405005017
WOA,F20,8,7850.479930012423
WOA,F20,9,7182.775730742971
WOA,F20,10,6521.90794467296
WOA,F20,11,6949.066267015811
WOA,F20,12,7476.670707041948
WOA,F20,13,8015.251228149236
WOA,F20,14,7638.637052173435
WOA,F20,15,7911.631705668181
WOA,F20,16,8462.275762875051
WOA,F20,17,7844.170531507647
WOA,F20,18,6453.328817875929
WOA,F20,19,7200.133550315264
WOA,F20,20,7723.35583546893
WOA,F20,21,8418.192266795915
WOA,F20,22,8125.536666994227
WOA,F20,23,8123.177530719966
WOA,F20,24,8215.626187900889
WOA,F20,25,7994.116805928342
WOA,F20,26,8380.060580408863
WOA,F20,27,7641.778663201717
WOA,F20,28,7752.552454578155
WOA,F20,29,7723.596005857939
WOA,F20,30,7600.965299415033
WOA,F21,1,4645.352449440168
WOA,F21,2,5140.9866277088095
WOA,F21,3,5037.49257194413
WOA,F21,4,4929.574028348397
WOA,F21,5,4436.329268071895
WOA,F21,6,4538.22073419305
WOA,F21,7,4641.154532604498
WOA,F21,8,4472.632850905303
WOA,F21,9,5015.477092565394
WOA,F21,10,4549.284400895702
WOA,F21,11,4665.130522213056
WOA,F21,12,5181.43457677416
WOA,F21,13,4858.906042010425
WOA,F21,14,4447.987407860052
WOA,F21,15,4955.571021344123
WOA,F21,16,4371.536841218695
WOA,F21,17,4854.988119112199
WOA,F21,18,4645.55806343748
WOA,F21,19,4918.196459917316
WOA,F21,20,4748.933172934987
WOA,F21,21,4602.858573025611
WOA,F21,22,4923.595618821573
WOA,F21,23,4872.243532378714
WOA,F21,24,4724.619468055813
WOA,F21,25,4800.901352231884
WOA,F21,26,5072.159482803094
WOA,F21,27,4493.8759079065085
WOA,F21,28,4564.524253630996
WOA,F21,29,4644.742092254594
WOA,F21,30,4517.826116046865
WOA,F22,1,33642.4550167728
WOA,F22,2,33723.84542801362
WOA,F22,3,34120.776425010336
WOA,F22,4,34705.66435611037
WOA,F22,5,32520.699346334146
WOA,F22,6,34643.61599519913
WOA,F22,7,33197.27305092965
WOA,F22,8,33416.961275909925
WOA,F22,9,33406.14288825167
WOA,F22,10,33773.89203746362
WOA,F22,11,33298.200445270544
WOA,F22,12,35464.812480572706
WOA,F22,13,33794.67292256121
WOA,F22,14,36213.31596216017
WOA,F22,15,35676.08663857139
WOA,F22,16,32994.287648840735
WOA,F22,17,33917.14334672912
WOA,F22,18,33326.17127120941
WOA,F22,19,33628.93982695913
WOA,F22,20,34849.68438571805
WOA,F22,21,35065.85983135657
WOA,F22,22,35605.08725218977
WOA,F22,23,32422.505422357997
WOA,F22,24,32692.217280725887
WOA,F22,25,32305.044213833396
WOA,F22,26,35754.836087277894
WOA,F22,27,32961.54325409051
WOA,F22,28,35858.20071947294
WOA,F22,29,34008.777380215004
WOA,F22,30,33804.47113692931
WOA,F23,1,5560.09552207513
WOA,F23,2,5880.78424006326
WOA,F23,3,6354.24110835319
WOA,F23,4,6179.013436532359
WOA,F23,5,6750.583872001966
WOA,F23,6,7354.646200818476
WOA,F23,7,7217.81948863784
WOA,F23,8,5616.62278238717
WOA,F23,9,6264.491805213309
WOA,F23,10,6505.3295072304345
WOA,F23,11,6414.730319556172
WOA,F23,12,5883.470656071244
WOA,F23,13,6626.121416695721
WOA,F23,14,6721.868694494484
WOA,F23,15,5916.466627707281
WOA,F23,16,7451.1611612044235
WOA,F23,17,7546.857364003884
WOA,F23,18,5810.563310585707
WOA,F23,19,6420.506432019023
WOA,F23,20,6189.0847827347025
WOA,F23,21,6304.006914780067
WOA,F23,22,7730.59715479369
WOA,F23,23,6534.789440248304
WOA,F23,24,8061.237954741223
WOA,F23,25,5787.306168666141
WOA,F23,26,5774.980670178241
WOA,F23,27,5296.291573225517
WOA,F23,28,7716.426725227513
WOA,F23,29,6449.151408353997
WOA,F23,30,6218.273870674175
WOA,F24,1,8805.151922457437
WOA,F24,2,8349.090559159424
WOA,F24,3,9773.370307090941
WOA,F24,4,10322.453534202526
WOA,F24,5,12143.199370309252
WOA,F24,6,7922.336492623068
WOA,F24,7,10665.297244767438
WOA,F24,8,9314.777231675595
WOA,F24,9,8454.915468549498
WOA,F24,10,9517.56736475521
WOA,F24,11,11978.470699085443
WOA,F24,12,8579.910367817227
WOA,F24,13,8169.503364316925
WOA,F24,14,10948.824279919903
WOA,F24,15,9034.71752667146
WOA,F24,16,10080.322251663878
WOA,F24,17,13415.597860118836
WOA,F24,18,10916.249430879068
WOA,F24,19,9208.402535427473
WOA,F24,20,8636.149547829205
WOA,F24,21,11919.509057312707
WOA,F24,22,10251.987787498269
WOA,F24,23,11154.692600665769
WOA,F24,24,8300.916217528038
WOA,F24,25,8754.715364410538
WOA,F24,26,10541.078939521956
WOA,F24,27,9121.576786517955
WOA,F24,28,8278.275647662027
WOA,F24,29,9420.488747023166
WOA,F24,30,11168.618927471765
WOA,F25,1,24050.904608228422
WOA,F25,2,23532.13546301343
WOA,F25,3,22152.96385790716
WOA,F25,4,19160.96633750953
WOA,F25,5,22478.492148109755
WOA,F25,6,22680.422509071584
WOA,F25,7,26230.04803728775
WOA,F25,8,19241.363372714088
WOA,F25,9,17539.212500019385
WOA,F25,10,20082.19989966121
WOA,F25,11,19559.945398956675
WOA,F25,12,22079.279262383425
WOA,F25,13,24314.992375455055
WOA,F25,14,18749.85656480526
WOA,F25,15,21850.240930803982
WOA,F25,16,19113.83346549182
WOA,F25,17,22916.946711448
WOA,F25,18,20319.65119289883
WOA,F25,19,23884.640136967337
WOA,F25,20,18407.08478775152
WOA,F25,21,25728.75565514609
WOA,F25,22,18096.471436131193
WOA,F25,23,21702.92850202037
WOA,F25,24,17156.120634784158
WOA,F25,25,17027.477180098478
WOA,F25,26,22264.60698129051
WOA,F25,27,21784.08531191821
WOA,F25,28,19733.129967989098
WOA,F25,29,22275.509003563373
WOA,F25,30,18892.05294894821
WOA,F26,1,46931.02823773514
WOA,F26,2,52761.93718753713
WOA,F26,3,50430.529466168875
WOA,F26,4,50664.921158154844
WOA,F26,5,53821.89605205601
WOA,F26,6,43952.32471521704
WOA,F26,7,52225.98245048305
WOA,F26,8,44316.721453940525
WOA,F26,9,51963.0045536033
WOA,F26,10,47517.09405953891
WOA,F26,11,46475.465425395756
WOA,F26,12,47350.022489931296
WOA,F26,13,47594.26644382217
WOA,F26,14,49648.968923724846
WOA,F26,15,52763.20224674857
WOA,F26,16,47561.311140065794
WOA,F26,17,48817.60731113094
WOA,F26,18,46320.08002200567
WOA,F26,19,49617.16843830452
WOA,F26,20,52517.49097872194
WOA,F26,21,50000.3484165969
WOA,F26,22,55569.683148938566
WOA,F26,23,57252.26848041506
WOA,F26,24,50952.02083058668
WOA,F26,25,51480.806850293455
WOA,F26,26,50602.10397344718
WOA,F26,27,47235.791961018534
WOA,F26,28,45364.52133286474
WOA,F26,29,49468.21550971972
WOA,F26,30,47260.782331375216
WOA,F27,1,10022.211371854562
WOA,F27,2,6743.908943453753
WOA,F27,3,6668.1451658237775
WOA,F27,4,11144.621107661813
WOA,F27,5,7361.081752707149
WOA,F27,6,10537.719592682774
WOA,F27,7,9765.064735220585
WOA,F27,8,8271.099854575506
WOA,F27,9,9776.254973941832
WOA,F27,10,12438.376973859531
WOA,F27,11,9785.717776219313
WOA,F27,12,13450.288957761333
WOA,F27,13,10587.235820148308
WOA,F27,14,7753.784477637537
WOA,F27,15,8979.716880834698
WOA,F27,16,11403.332631315097
WOA,F27,17,10880.984820071066
WOA,F27,18,7810.038787800069
WOA,F27,19,8499.269205751094
WOA,F27,20,8713.722365364556
WOA,F27,21,10474.957775422208
WOA,F27,22,8853.51116730975
WOA,F27,23,14028.884040333654
WOA,F27,24,10814.998629098074
WOA,F27,25,9647.386729643938
WOA,F27,26,11505.057466086597
WOA,F27,27,8959.476854422686
WOA,F27,28,8389.110070856328
WOA,F27,29,12219.093505095761
WOA,F27,30,10153.529072072804
WOA,F28,1,23697.032564509962
WOA,F28,2,23378.07359891482
WOA,F28,3,26224.771471498672
WOA,F28,4,26392.950966365286
WOA,F28,5,27519.268479560295
WOA,F28,6,25972.961311262166
WOA,F28,7,24569.506556049706
WOA,F28,8,24957.01888396897
WOA,F28,9,26719.627987959815
WOA,F28,10,27421.82860850833
WOA,F28,11,23739.566415780137
WOA,F28,12,25370.016953275976
WOA,F28,13,19866.27405592492
WOA,F28,14,23584.72793219802
WOA,F28,15,23558.732820480953
WOA,F28,16,26698.86435109405
WOA,F28,17,25726.392152753597
WOA,F28,18,26445.780583853837
WOA,F28,19,24339.84751772938
WOA,F28,20,25666.54017672974
WOA,F28,21,25977.301862456356
WOA,F28,22,24002.81630613828
WOA,F28,23,24171.9304613941
WOA,F28,24,27682.270912797096
WOA,F28,25,24238.79818911552
WOA,F28,26,21347.665320676067
WOA,F28,27,24112.182850407044
WOA,F28,28,28658.86569886949
WOA,F28,29,26303.115562001436
WOA,F28,30,29722.014278737275
WOA,F29,1,33725.95183456419
WOA,F29,2,30358.10117211198
WOA,F29,3,52089.87314665531
WOA,F29,4,25535.36275289897
WOA,F29,5,57658.25611028286
WOA,F29,6,104456.62979864204
WOA,F29,7,145268.35901255452
WOA,F29,8,76032.55902563104
WOA,F29,9,19576.33636558439
WOA,F29,10,53768.60086314764
WOA,F29,11,141767.6318525418
WOA,F29,12,32679.862721129764
WOA,F29,13,62506.82896057196
WOA,F29,14,329216.2609870818
WOA,F29,15,27547.813028550514
WOA,F29,16,45057.89025833098
WOA,F29,17,29141.69403230668
WOA,F29,18,111963.79492902874
WOA,F29,19,58479.44849110011
WOA,F29,20,20714.451184606136
WOA,F29,21,38169.871600903
WOA,F29,22,106140.64350157356
WOA,F29,23,37415.68082550025
WOA,F29,24,45765.45220830078
WOA,F29,25,111855.32670399151
WOA,F29,26,53147.068256829734
WOA,F29,27,296452.5936869305
WOA,F29,28,82075.38734643893
WOA,F29,29,41131.08157495852
WOA,F29,30,257986.06771907376
WOA,F30,1,4898287714.892808
WOA,F30,2,12274992923.479164
WOA,F30,3,10249621909.81166
WOA,F30,4,8588908774.092291
WOA,F30,5,6372877457.235253
WOA,F30,6,18710355675.14278
WOA,F30,7,13223524720.337475
WOA,F30,8,15334725122.063345
WOA,F30,9,18381200206.66553
WOA,F30,10,13989699331.83047
WOA,F30,11,16585916576.113747
WOA,F30,12,9802422865.017166
WOA,F30,13,25001561596.045456
WOA,F30,14,32349329006.213486
WOA,F30,15,13063374444.59364
WOA,F30,16,9455918195.445848
WOA,F30,17,22983961131.11564
WOA,F30,18,20696875573.87976
WOA,F30,19,19257378583.64144
WOA,F30,20,18948493316.95133
WOA,F30,21,15990162361.894733
WOA,F30,22,17022173168.186958
WOA,F30,23,17208315959.681202
WOA,F30,24,21884872765.73054
WOA,F30,25,21921907076.436638
WOA,F30,26,5852238121.268276
WOA,F30,27,19880334499.876083
WOA,F30,28,10733047589.584543
WOA,F30,29,8887667353.941778
WOA,F30,30,11168916938.572079
BHO,F1,1,3545375704.582197
BHO,F1,2,2949441548.618347
BHO,F1,3,2236303230.5070915
BHO,F1,4,4549664887.98395
BHO,F1,5,5533664336.820466
BHO,F1,6,3133692992.528293
BHO,F1,7,2561401088.8711786
BHO,F1,8,4454264876.440082
BHO,F1,9,5030513078.429993
BHO,F1,10,3368521802.9742155
BHO,F1,11,4613836560.513619
BHO,F1,12,3677828928.001381
BHO,F1,13,4315226369.401365
BHO,F1,14,3557195979.9295063
BHO,F1,15,3158139713.84084
BHO,F1,16,4387648514.279012
BHO,F1,17,5945783349.27475
BHO,F1,18,2108409366.9331317
BHO,F1,19,3344013172.37919
BHO,F1,20,3642992154.8188524
BHO,F1,21,4713262647.253201
BHO,F1,22,4510413021.123712
BHO,F1,23,6596682535.039824
BHO,F1,24,4030239494.1208034
BHO,F1,25,5469716133.972973
BHO,F1,26,6783909110.365022
BHO,F1,27,6192471992.729372
BHO,F1,28,4044304612.985332
BHO,F1,29,1880779908.8420942
BHO,F1,30,5080791749.053249
BHO,F3,1,293925.2745519276
BHO,F3,2,246139.56294035458
BHO,F3,3,279110.4332784962
BHO,F3,4,293630.150303058
BHO,F3,5,286091.6694467345
BHO,F3,6,229679.8092774423
BHO,F3,7,200788.054713428
BHO,F3,8,267775.9743757277
BHO,F3,9,264289.2389193394
BHO,F3,10,253265.44500050697
BHO,F3,11,241675.57657740716
BHO,F3,12,281053.7641067471
BHO,F3,13,316919.7631715428
BHO,F3,14,269812.34610968974
BHO,F3,15,291365.75586127525
BHO,F3,16,256034.45224158364
BHO,F3,17,268491.313279046
BHO,F3,18,284776.41144832363
BHO,F3,19,263824.40328669647
BHO,F3,20,310726.27289449156
BHO,F3,21,275577.24132797244
BHO,F3,22,277571.2787225791
BHO,F3,23,245163.2451568624
BHO,F3,24,290490.62323673273
BHO,F3,25,331400.6380570494
BHO,F3,26,321650.0941248515
BHO,F3,27,290493.6227907218
BHO,F3,28,218439.21771935752
BHO,F3,29,243185.54331750722
BHO,F3,30,275669.36642873497
BHO,F4,1,1351.471680666132
BHO,F4,2,1244.4295208114459
BHO,F4,3,1063.635855074771
BHO,F4,4,1631.8449573537312
BHO,F4,5,1919.5811679583187
BHO,F4,6,1688.52961954324
BHO,F4,7,1160.0212855598043
BHO,F4,8,1384.0871744001302
BHO,F4,9,1424.9730847876842
BHO,F4,10,1422.0480519604105
BHO,F4,11,1440.9636374174781
BHO,F4,12,1277.0545627534464
BHO,F4,13,1098.6044498126566
BHO,F4,14,1589.5968350725675
BHO,F4,15,1427.372478104197
BHO,F4,16,1277.2438075746904
BHO,F4,17,1557.839500858879
BHO,F4,18,1428.1615587838235
BHO,F4,19,1319.4772625243443
BHO,F4,20,1581.1495776848108
BHO,F4,21,1176.8804308675562
BHO,F4,22,1533.2382459835414
BHO,F4,23,1186.0673706376501
BHO,F4,24,1654.9751767894784
BHO,F4,25,1570.4254140512382
BHO,F4,26,1219.6146025645921
BHO,F4,27,1281.1420750887876
BHO,F4,28,2040.1415205709445
BHO,F4,29,1251.6983098072485
BHO,F4,30,1430.305710058726
BHO,F5,1,1410.128582182611
BHO,F5,2,1170.9317200640196
BHO,F5,3,1047.3012104440654
BHO,F5,4,1132.6978006812315
BHO,F5,5,1133.5044388104343
BHO,F5,6,1313.4685493111724
BHO,F5,7,1140.706152414873
BHO,F5,8,1231.573180445149
BHO,F5,9,1248.3497484691986
BHO,F5,10,1024.9144918147972
BHO,F5,11,1040.211384286475
BHO,F5,12,1281.670310428748
BHO,F5,13,1195.3345019603344
BHO,F5,14,1249.5387172284468
BHO,F5,15,1287.3981888380652
BHO,F5,16,1253.986561638785
BHO,F5,17,1011.9628931438974
BHO,F5,18,1241.7862989944633
BHO,F5,19,1195.8106463245408
BHO,F5,20,1014.7987723469636
BHO,F5,21,1198.8935011160759
BHO,F5,22,1295.9451677290947
BHO,F5,23,1287.892439882779
BHO,F5,24,1343.1182533221977
BHO,F5,25,1307.8015283167124
BHO,F5,26,1217.8104293569559
BHO,F5,27,1241.7525374157085
BHO,F5,28,1172.8118655824594
BHO,F5,29,1248.3650264853045
BHO,F5,30,1332.9666374159392
BHO,F6,1,646.2239789859127
BHO,F6,2,639.6868331477871
BHO,F6,3,634.5693385745132
BHO,F6,4,638.4109259088998
BHO,F6,5,635.4677138031695
BHO,F6,6,649.9597969047371
BHO,F6,7,644.8085745099022
BHO,F6,8,638.3378212458033
BHO,F6,9,633.1468731715536
BHO,F6,10,639.3890211387204
BHO,F6,11,642.7730795335706
BHO,F6,12,637.2013412247667
BHO,F6,13,633.5136317590654
BHO,F6,14,632.7072023206226
BHO,F6,15,635.7595277585856
BHO,F6,16,641.7378772133243
BHO,F6,17,633.5463177160666
BHO,F6,18,642.0271273653211
BHO,F6,19,634.7735917399935
BHO,F6,20,633.8984050890936
BHO,F6,21,637.8981798548277
BHO,F6,22,637.8685576246799
BHO,F6,23,621.653527422175
BHO,F6,24,639.843160497923
BHO,F6,25,644.804338063599
BHO,F6,26,634.3904126705776
BHO,F6,27,630.712027140202
BHO,F6,28,645.285399711134
BHO,F6,29,645.8064275448788
BHO,F6,30,632.1435915788368
BHO,F7,1,2206.3899307198835
BHO,F7,2,2649.1475987333124
BHO,F7,3,2304.8024814089185
BHO,F7,4,2459.200991830272
BHO,F7,5,2355.5930039027003
BHO,F7,6,2490.936295498974
BHO,F7,7,2161.1860613716926
BHO,F7,8,2328.8574381464437
BHO,F7,9,2229.612740935715
BHO,F7,10,2452.438477110016
BHO,F7,11,2429.8907652677026
BHO,F7,12,2273.2670333173833
BHO,F7,13,2392.6752832545076
BHO,F7,14,1894.968706475275
BHO,F7,15,1958.252661827555
BHO,F7,16,1853.4850439356087
BHO,F7,17,2237.2472498295183
BHO,F7,18,2094.0917855074576
BHO,F7,19,2180.499765889133
BHO,F7,20,2296.668301625754
BHO,F7,21,2132.488136369473
BHO,F7,22,2202.8378770554286
BHO,F7,23,2394.6916688092156
BHO,F7,24,2482.026042342014
BHO,F7,25,1905.1038798993004
BHO,F7,26,2184.756851295785
BHO,F7,27,2238.839675184843
BHO,F7,28,2383.60369444526
BHO,F7,29,2130.7317090913434
BHO,F7,30,2273.1136103038716
BHO,F8,1,1651.608298847124
BHO,F8,2,1583.5178921009033
BHO,F8,3,1493.046993732225
BHO,F8,4,1608.7524791062538
BHO,F8,5,1535.8163878317368
BHO,F8,6,1582.9429632516003
BHO,F8,7,1314.8374843403594
BHO,F8,8,1576.7026498418884
BHO,F8,9,1592.0231640874297
BHO,F8,10,1482.3661525830796
BHO,F8,11,1316.3225139091833
BHO,F8,12,1401.85770444657
BHO,F8,13,1433.5324796234604
BHO,F8,14,1503.5115582687476
BHO,F8,15,1569.7632850234054
BHO,F8,16,1523.4278365297648
BHO,F8,17,1609.4773348683243
BHO,F8,18,1547.5378328390761
BHO,F8,19,1566.355151937008
BHO,F8,20,1547.7876925653309
BHO,F8,21,1666.4028129857406
BHO,F8,22,1623.4490211471295
BHO,F8,23,1612.4197930246964
BHO,F8,24,1490.4422181104608
BHO,F8,25,1623.9947477648725
BHO,F8,26,1637.7609160418458
BHO,F8,27,1425.7528410628415
BHO,F8,28,1505.4076981125227
BHO,F8,29,1552.3917359546874
BHO,F8,30,1592.5066469371177
BHO,F9,1,38669.671103991044
BHO,F9,2,32239.770650583894
BHO,F9,3,26447.96750042639
BHO,F9,4,34822.34932266258
BHO,F9,5,20294.84645419601
BHO,F9,6,40028.26164692829
BHO,F9,7,37769.3891667455
BHO,F9,8,23429.598929821514
BHO,F9,9,29064.49523675206
BHO,F9,10,30627.13781928805
BHO,F9,11,18668.099346117444
BHO,F9,12,34561.968465973965
BHO,F9,13,18036.962792649378
BHO,F9,14,27956.224137770383
BHO,F9,15,27905.05344200493
BHO,F9,16,28930.734044459463
BHO,F9,17,34705.98704422703
BHO,F9,18,30154.611959910297
BHO,F9,19,42282.194242474594
BHO,F9,20,35092.34862636786
BHO,F9,21,24664.069237840653
BHO,F9,22,28706.983437435683
BHO,F9,23,24729.513612681185
BHO,F9,24,26548.378287001506
BHO,F9,25,42292.406803161706
BHO,F9,26,27833.43343407176
BHO,F9,27,25805.298742690502
BHO,F9,28,37521.055227834266
BHO,F9,29,19612.71016431237
BHO,F9,30,26089.92714986952
BHO,F10,1,21563.429637430007
BHO,F10,2,18980.16312414254
BHO,F10,3,20684.285066015524
BHO,F10,4,22222.600424304543
BHO,F10,5,20791.07706287194
BHO,F10,6,20198.432933726934
BHO,F10,7,19525.19452548631
BHO,F10,8,18975.515033045263
BHO,F10,9,21645.394152914138
BHO,F10,10,19494.17323184299
BHO,F10,11,19567.198703883594
BHO,F10,12,20497.872486733708
BHO,F10,13,21278.449198728642
BHO,F10,14,19628.11894478547
BHO,F10,15,20752.984587282743
BHO,F10,16,21112.070929877373
BHO,F10,17,21133.56031268103
BHO,F10,18,22348.59573419669
BHO,F10,19,20429.09021015279
BHO,F10,20,19137.053879659557
BHO,F10,21,19428.495042571005
BHO,F10,22,19685.545917877982
BHO,F10,23,19485.26442117563
BHO,F10,24,21190.089511882183
BHO,F10,25,21305.32914481517
BHO,F10,26,23004.500449054693
BHO,F10,27,22761.731493391468
BHO,F10,28,22062.57506604041
BHO,F10,29,20968.2816411949
BHO,F10,30,22932.022628106108
BHO,F11,1,10223.106870398331
BHO,F11,2,12203.189391329559
BHO,F11,3,8721.036208425396
BHO,F11,4,9733.952287303253
BHO,F11,5,13031.253592230827
BHO,F11,6,17441.946676154344
BHO,F11,7,7275.721756469704
BHO,F11,8,15121.907705405405
BHO,F11,9,14572.997357170498
BHO,F11,10,63836.63414789581
BHO,F11,11,50750.748283289424
BHO,F11,12,8285.265764343088
BHO,F11,13,8206.385487757912
BHO,F11,14,42689.448818283054
BHO,F11,15,15408.02824716331
BHO,F11,16,15020.933938375412
BHO,F11,17,11202.398886309142
BHO,F11,18,33477.801014777884
BHO,F11,19,67186.76273318514
BHO,F11,20,11632.719741136609
BHO,F11,21,45104.26771005736
BHO,F11,22,7907.833494040272
BHO,F11,23,11889.89401474114
BHO,F11,24,9033.85662752104
BHO,F11,25,10642.039340388012
BHO,F11,26,9376.971864312118
BHO,F11,27,61276.97997171394
BHO,F11,28,9360.75330136155
BHO,F11,29,6536.234877220956
BHO,F11,30,5811.952838128126
BHO,F12,1,671159476.9585499
BHO,F12,2,428380839.48010296
BHO,F12,3,166443996.91127828
BHO,F12,4,997230015.9624454
BHO,F12,5,278308421.6470479
BHO,F12,6,174250621.94805744
BHO,F12,7,492084595.21182305
BHO,F12,8,501727526.84930646
BHO,F12,9,89508815.38600744
BHO,F12,10,317961136.80382603
BHO,F12,11,196247628.07165986
BHO,F12,12,454498237.8810897
BHO,F12,13,164863896.2798663
BHO,F12,14,521573112.55597824
BHO,F12,15,1084883376.7377715
BHO,F12,16,525437949.28177166
BHO,F12,17,483416775.975832
BHO,F12,18,280249249.6054853
BHO,F12,19,353636901.26259655
BHO,F12,20,403357474.6661637
BHO,F12,21,283722223.76636565
BHO,F12,22,802034560.1861706
BHO,F12,23,350168472.2685031
BHO,F12,24,492059875.2501227
BHO,F12,25,491500263.49602944
BHO,F12,26,495918448.05080056
BHO,F12,27,336229082.66822475
BHO,F12,28,236738667.65574422
BHO,F12,29,390001386.8116584
BHO,F12,30,260950836.76872608
BHO,F13,1,45505.597480689095
BHO,F13,2,38730.19893672078
BHO,F13,3,39284.313126870155
BHO,F13,4,43558.18442694609
BHO,F13,5,95719.81859636061
BHO,F13,6,75533.96565931353
BHO,F13,7,68447.44000673071
BHO,F13,8,123310.47647684618
BHO,F13,9,73348.23031997723
BHO,F13,10,113133.06413990253
BHO,F13,11,184745.07944433484
BHO,F13,12,77386.96776404811
BHO,F13,13,40565.594166307405
BHO,F13,14,63553.14447468238
BHO,F13,15,86112.84714050984
BHO,F13,16,100413.88338737447
BHO,F13,17,89863.55862956663
BHO,F13,18,93881.13280546675
BHO,F13,19,54197.00296912195
BHO,F13,20,63644.21484577787
BHO,F13,21,115399.06174213596
BHO,F13,22,52351.17181868545
BHO,F13,23,97692.20413253515
BHO,F13,24,39100.235083671316
BHO,F13,25,118252.42694850959
BHO,F13,26,32456.003256252727
BHO,F13,27,70939.34566619668
BHO,F13,28,41836.679633944856
BHO,F13,29,38561.54671176628
BHO,F13,30,96603.90601381498
BHO,F14,1,285302.26598149684
BHO,F14,2,125405.77153771836
BHO,F14,3,62971.36946447244
BHO,F14,4,399413.4209363994
BHO,F14,5,200273.04670540855
BHO,F14,6,199294.9652738375
BHO,F14,7,427141.7186309975
BHO,F14,8,222318.2319619413
BHO,F14,9,318166.40342541627
BHO,F14,10,422069.13994327316
BHO,F14,11,188477.22814744164
BHO,F14,12,316350.9635665992
BHO,F14,13,350438.7935104479
BHO,F14,14,959735.6251937125
BHO,F14,15,64831.511407553386
BHO,F14,16,237520.99519439024
BHO,F14,17,438639.66536676703
BHO,F14,18,171283.7431408179
BHO,F14,19,584655.5143770821
BHO,F14,20,266331.18283575395
BHO,F14,21,284616.3367187939
BHO,F14,22,308620.7915178149
BHO,F14,23,52152.62524536149
BHO,F14,24,234132.11677553732
BHO,F14,25,410225.3412165256
BHO,F14,26,83735.86462284428
BHO,F14,27,311537.75844166306
BHO,F14,28,203269.63601198312
BHO,F14,29,154348.16605196032
BHO,F14,30,338512.8024350098
BHO,F15,1,23867.531647627253
BHO,F15,2,44207.188807612576
BHO,F15,3,29004.176988020605
BHO,F15,4,42340.077640532836
BHO,F15,5,62891.646677173536
BHO,F15,6,18122.613402542804
BHO,F15,7,32686.019375324264
BHO,F15,8,21871.65378360984
BHO,F15,9,17505.652917477608
BHO,F15,10,50206.47022124267
BHO,F15,11,36330.595719587574
BHO,F15,12,22007.623386371608
BHO,F15,13,20228.838807093307
BHO,F15,14,22705.227413494016
BHO,F15,15,27901.31559156284
BHO,F15,16,52650.720762442885
BHO,F15,17,19979.18370136024
BHO,F15,18,12756.49460075247
BHO,F15,19,15369.323971191996
BHO,F15,20,30916.637144405464
BHO,F15,21,13531.568654112714
BHO,F15,22,28464.91535140832
BHO,F15,23,25512.044387961832
BHO,F15,24,13116.76504230089
BHO,F15,25,40710.453210045285
BHO,F15,26,14699.737248693595
BHO,F15,27,25530.79196693287
BHO,F15,28,39508.04318311609
BHO,F15,29,18805.707340010653
BHO,F15,30,20125.46127247939
BHO,F16,1,6420.004508240534
BHO,F16,2,6393.211691087389
BHO,F16,3,4707.43143405287
BHO,F16,4,5808.183052113721
BHO,F16,5,4325.533437451405
BHO,F16,6,6500.612744873421
BHO,F16,7,5280.8319287377835
BHO,F16,8,7004.449688951037
BHO,F16,9,6168.275759238694
BHO,F16,10,6413.359500212703
BHO,F16,11,6582.108800051012
BHO,F16,12,5749.618493069294
BHO,F16,13,6113.864220468592
BHO,F16,14,6332.539657704207
BHO,F16,15,6354.887097704438
BHO,F16,16,6623.321296724403
BHO,F16,17,5569.06050249753
BHO,F16,18,4590.113839394076
BHO,F16,19,5360.447265156084
BHO,F16,20,5122.184557191939
BHO,F16,21,5186.275677735339
BHO,F16,22,6442.495825942929
BHO,F16,23,6603.044385733027
BHO,F16,24,5716.390582113321
BHO,F16,25,5160.425065675894
BHO,F16,26,7420.233223187735
BHO,F16,27,6488.815969273595
BHO,F16,28,6714.031301859503
BHO,F16,29,5981.612393987275
BHO,F16,30,6855.449363142052
BHO,F17,1,4402.119622896996
BHO,F17,2,4291.522764093896
BHO,F17,3,4323.118942057756
BHO,F17,4,5248.409029570467
BHO,F17,5,4566.970696823783
BHO,F17,6,5569.186707155601
BHO,F17,7,5187.515018485966
BHO,F17,8,4905.827569428415
BHO,F17,9,4852.5432346607295
BHO,F17,10,5887.60651150546
BHO,F17,11,4553.006186404311
BHO,F17,12,5025.581655983257
BHO,F17,13,4240.81225979808
BHO,F17,14,5563.139674947231
BHO,F17,15,5017.535383950668
BHO,F17,16,5906.403580954986
BHO,F17,17,4273.081877795545
BHO,F17,18,4887.2973089305515
BHO,F17,19,5417.342173660957
BHO,F17,20,4623.629940714782
BHO,F17,21,4856.801112420582
BHO,F17,22,4689.855594897872
BHO,F17,23,4775.324943846411
BHO,F17,24,3971.2288341572707
BHO,F17,25,4006.7916495926006
BHO,F17,26,5603.143108057984
BHO,F17,27,4839.38811738141
BHO,F17,28,4173.964309249899
BHO,F17,29,5643.255986414499
BHO,F17,30,6076.040248931987
BHO,F18,1,1815062.1312108606
BHO,F18,2,881705.3277249758
BHO,F18,3,334277.8898419307
BHO,F18,4,362134.28636543406
BHO,F18,5,210080.68441040983
BHO,F18,6,476024.6987486267
BHO,F18,7,390769.5602087038
BHO,F18,8,302877.42287327384
BHO,F18,9,441970.7185963744
BHO,F18,10,750724.3145636107
BHO,F18,11,351934.10881577316
BHO,F18,12,410562.01511956006
BHO,F18,13,1173170.8241021389
BHO,F18,14,417115.76581299317
BHO,F18,15,748053.4624532587
BHO,F18,16,460376.2741151671
BHO,F18,17,1045984.0405727774
BHO,F18,18,484811.77375799714
BHO,F18,19,641508.9178185472
BHO,F18,20,620225.1932558877
BHO,F18,21,287432.925450208
BHO,F18,22,885803.7369807692
BHO,F18,23,916897.7017520106
BHO,F18,24,1917739.0587049709
BHO,F18,25,352305.01214319177
BHO,F18,26,721478.9369293369
BHO,F18,27,504887.22393355676
BHO,F18,28,998371.8470184699
BHO,F18,29,642357.3258314526
BHO,F18,30,1080845.8442642207
BHO,F19,1,90893.12728507855
BHO,F19,2,116208.44509731118
BHO,F19,3,33058.31555680692
BHO,F19,4,133435.0667125221
BHO,F19,5,497684.36467433785
BHO,F19,6,34826.24344207374
BHO,F19,7,312258.9058323621
BHO,F19,8,100044.60834839364
BHO,F19,9,14392.089745169129
BHO,F19,10,49310.951315896484
BHO,F19,11,134450.23037358638
BHO,F19,12,22920.808275637442
BHO,F19,13,184100.59141173962
BHO,F19,14,8953.659834547525
BHO,F19,15,31783.791650359617
BHO,F19,16,119230.64343934559
BHO,F19,17,79918.82859385537
BHO,F19,18,41978.40595342136
BHO,F19,19,44361.289527459456
BHO,F19,20,128388.7850966811
BHO,F19,21,15500.771361610015
BHO,F19,22,136472.79117522237
BHO,F19,23,122458.05008611752
BHO,F19,24,25636.172383798938
BHO,F19,25,361833.6171099635
BHO,F19,26,75012.18413000151
BHO,F19,27,66599.03351896939
BHO,F19,28,206390.71590082385
BHO,F19,29,119453.71750155637
BHO,F19,30,53795.67281868351
BHO,F20,1,4963.751657667799
BHO,F20,2,5292.827208509803
BHO,F20,3,4875.485855716066
BHO,F20,4,5668.108724008072
BHO,F20,5,5370.131210450798
BHO,F20,6,5973.933523979106
BHO,F20,7,5591.466206094532
BHO,F20,8,5866.9556578326
BHO,F20,9,5261.094665506712
BHO,F20,10,5639.276185423679
BHO,F20,11,5357.051639953401
BHO,F20,12,5829.083281301827
BHO,F20,13,5306.600030591913
BHO,F20,14,5956.226155581911
BHO,F20,15,5413.121744047037
BHO,F20,16,6386.7809815423225
BHO,F20,17,4508.088152082129
BHO,F20,18,4926.646956989333
BHO,F20,19,5036.677999359363
BHO,F20,20,5312.968267243541
BHO,F20,21,5027.174185298149
BHO,F20,22,4619.350463059375
BHO,F20,23,5029.942362139689
BHO,F20,24,5428.375900456776
BHO,F20,25,5795.535521354102
BHO,F20,26,5123.651030375899
BHO,F20,27,5916.318077680247
BHO,F20,28,5363.5916713255765
BHO,F20,29,5781.195813402141
BHO,F20,30,5390.112642212143
BHO,F21,1,3235.0619754536247
BHO,F21,2,2981.8242011008842
BHO,F21,3,3120.512494198426
BHO,F21,4,2963.541458978942
BHO,F21,5,3159.2033240672527
BHO,F21,6,3023.564524775533
BHO,F21,7,3100.7755334575327
BHO,F21,8,2997.1730445161447
BHO,F21,9,2973.5506777274077
BHO,F21,10,3226.1188542189893
BHO,F21,11,2975.2085527551612
BHO,F21,12,2989.891476302037
BHO,F21,13,3116.659155857805
BHO,F21,14,3056.3610502082756
BHO,F21,15,3184.8126253144037
BHO,F21,16,2970.0190200247102
BHO,F21,17,3082.0325154004267
BHO,F21,18,3080.1840037587444
BHO,F21,19,2898.5497130374833
BHO,F21,20,3207.044156048275
BHO,F21,21,3156.0680057388886
BHO,F21,22,2960.0642124706646
BHO,F21,23,3080.842822444728
BHO,F21,24,3013.2739259661403
BHO,F21,25,3270.072827298638
BHO,F21,26,3034.1928495429956
BHO,F21,27,3183.212422300382
BHO,F21,28,3235.4597767654946
BHO,F21,29,3153.2060438794897
BHO,F21,30,3175.9427022530067
BHO,F22,1,22031.94432591136
BHO,F22,2,22676.94254618815
BHO,F22,3,23954.616215210077
BHO,F22,4,23859.969985485328
BHO,F22,5,23569.648993547617
BHO,F22,6,23968.13416838828
BHO,F22,7,23431.941920304263
BHO,F22,8,17747.201058460567
BHO,F22,9,24340.721442806935
BHO,F22,10,24323.86160057733
BHO,F22,11,24113.31050159521
BHO,F22,12,24718.274827863763
BHO,F22,13,24349.278115900794
BHO,F22,14,13744.761790593999
BHO,F22,15,21934.039452575038
BHO,F22,16,22356.697352453448
BHO,F22,17,25702.49141295651
BHO,F22,18,22844.014556624734
BHO,F22,19,21977.384519278137
BHO,F22,20,22784.09425282745
BHO,F22,21,24481.912232151804
BHO,F22,22,24365.991407330846
BHO,F22,23,23990.564418120994
BHO,F22,24,23450.036180900366
BHO,F22,25,23836.892232715054
BHO,F22,26,25319.864759222124
BHO,F22,27,23336.002910863685
BHO,F22,28,24425.424269135263
BHO,F22,29,24791.688115611993
BHO,F22,30,23552.40301753046
BHO,F23,1,3527.6399866147103
BHO,F23,2,3600.3975687914785
BHO,F23,3,3745.987467409085
BHO,F23,4,3702.5364071594245
BHO,F23,5,3728.7751605183857
BHO,F23,6,3770.374827299386
BHO,F23,7,3580.775373012237
BHO,F23,8,3680.0069367350147
BHO,F23,9,3736.184127965689
BHO,F23,10,3710.9827426081956
BHO,F23,11,3723.6934100862354
BHO,F23,12,3734.3274357829946
BHO,F23,13,3653.7793439452976
BHO,F23,14,3831.5509080394527
BHO,F23,15,3833.560659284933
BHO,F23,16,3738.228517904684
BHO,F23,17,3687.0339993369853
BHO,F23,18,3670.3926412986357
BHO,F23,19,3655.065621237757
BHO,F23,20,4012.6692468514248
BHO,F23,21,3574.2583168338297
BHO,F23,22,3719.5540846385716
BHO,F23,23,3750.173714498044
BHO,F23,24,3705.457648460976
BHO,F23,25,3487.282083555766
BHO,F23,26,3687.373510838233
BHO,F23,27,3890.3563364179854
BHO,F23,28,3594.299960495189
BHO,F23,29,3626.6391805498806
BHO,F23,30,3745.7169870483667
BHO,F24,1,4517.437352610165
BHO,F24,2,4764.291059825702
BHO,F24,3,4730.790920556165
BHO,F24,4,4815.857700655657
BHO,F24,5,4287.033563153789
BHO,F24,6,4205.304283651996
BHO,F24,7,4037.959972613614
BHO,F24,8,4640.950151426283
BHO,F24,9,4588.534486176601
BHO,F24,10,4688.845618993579
BHO,F24,11,4128.346392564775
BHO,F24,12,4286.388785396448
BHO,F24,13,4303.010853986254
BHO,F24,14,4422.859313468958
BHO,F24,15,4583.478965575261
BHO,F24,16,4091.1638924547424
BHO,F24,17,4556.799116069316
BHO,F24,18,4349.133488226833
BHO,F24,19,4388.672391200598
BHO,F24,20,4423.822736247366
BHO,F24,21,4159.005996597739
BHO,F24,22,4507.620490544254
BHO,F24,23,4222.029127077221
BHO,F24,24,4379.999534895293
BHO,F24,25,4436.429855896073
BHO,F24,26,4334.87365710936
BHO,F24,27,4503.69562903208
BHO,F24,28,4426.978079865316
BHO,F24,29,4586.014009349528
BHO,F24,30,4290.092884241643
BHO,F25,1,4153.776364477026
BHO,F25,2,4186.066744179353
BHO,F25,3,4656.141197452023
BHO,F25,4,4274.256677732301
BHO,F25,5,4273.25513494135
BHO,F25,6,4128.535277870444
BHO,F25,7,4224.666864756176
BHO,F25,8,3862.9474466515794
BHO,F25,9,4229.086401778378
BHO,F25,10,4047.2683829226407
BHO,F25,11,4181.522193832245
BHO,F25,12,3977.199463895743
BHO,F25,13,4216.384269450817
BHO,F25,14,3974.4103686158683
BHO,F25,15,4020.098524821203
BHO,F25,16,4616.073070264355
BHO,F25,17,3982.3990018668965
BHO,F25,18,4021.4566773960905
BHO,F25,19,4119.779032798162
BHO,F25,20,4102.96006997635
BHO,F25,21,4123.640577447381
BHO,F25,22,4103.1058292359185
BHO,F25,23,4016.1050003521427
BHO,F25,24,3958.9601601619843
BHO,F25,25,4226.758495213789
BHO,F25,26,3967.6653372396177
BHO,F25,27,3931.9870234267637
BHO,F25,28,4047.4359293881366
BHO,F25,29,4177.436932433845
BHO,F25,30,4117.078696439035
BHO,F26,1,18409.032573808232
BHO,F26,2,14176.158865854733
BHO,F26,3,16780.174562448185
BHO,F26,4,17305.60675791613
BHO,F26,5,17233.170205163973
BHO,F26,6,18022.922612619965
BHO,F26,7,17598.78738489625
BHO,F26,8,18009.540105521293
BHO,F26,9,16203.491505015096
BHO,F26,10,17056.94545916914
BHO,F26,11,18838.35017840943
BHO,F26,12,14853.487316907009
BHO,F26,13,14765.580957729944
BHO,F26,14,18316.179611645024
BHO,F26,15,13722.267424910851
BHO,F26,16,15544.5108851695
BHO,F26,17,16203.104793320574
BHO,F26,18,17130.461739333587
BHO,F26,19,14366.683179049533
BHO,F26,20,16442.0340250878
BHO,F26,21,20404.505181373024
BHO,F26,22,18805.988235531655
BHO,F26,23,16882.413136549014
BHO,F26,24,16646.46598616884
BHO,F26,25,17492.394892957847
BHO,F26,26,18757.04987885902
BHO,F26,27,13375.831459817282
BHO,F26,28,14116.084674718764
BHO,F26,29,17113.045848360478
BHO,F26,30,16539.497916761673
BHO,F27,1,3824.0647198290512
BHO,F27,2,3946.9502391137344
BHO,F27,3,3885.9674752709243
BHO,F27,4,4195.33226775365
BHO,F27,5,4003.3104352377586
BHO,F27,6,3949.675951448625
BHO,F27,7,3807.8808931653393
BHO,F27,8,4096.180792424469
BHO,F27,9,4160.975278944127
BHO,F27,10,3930.40602087249
BHO,F27,11,4098.817178390233
BHO,F27,12,4197.867101254097
BHO,F27,13,3763.7401728193404
BHO,F27,14,3834.6564911065134
BHO,F27,15,4100.82313383767
BHO,F27,16,3925.0397557254237
BHO,F27,17,3962.6432279494284
BHO,F27,18,4001.487931636257
BHO,F27,19,4361.784149082756
BHO,F27,20,3967.188144557564
BHO,F27,21,3819.816448555867
BHO,F27,22,3964.347856723619
BHO,F27,23,3837.8342594757323
BHO,F27,24,4041.383485549639
BHO,F27,25,3927.1267642711455
BHO,F27,26,4029.683229304328
BHO,F27,27,3859.588419476073
BHO,F27,28,3944.0233295750995
BHO,F27,29,3984.929847032134
BHO,F27,30,3981.410089347278
BHO,F28,1,4944.245208862923
BHO,F28,2,4963.130811193322
BHO,F28,3,4814.61853957092
BHO,F28,4,4185.7951365668105
BHO,F28,5,5177.656072170101
BHO,F28,6,4421.874430856224
BHO,F28,7,5320.22443630494
BHO,F28,8,4781.785813750247
BHO,F28,9,4523.387327086442
BHO,F28,10,5538.836675219634
BHO,F28,11,4329.610340027956
BHO,F28,12,5195.728478732612
BHO,F28,13,4901.414837345674
BHO,F28,14,3973.244589566335
BHO,F28,15,5358.291248067511
BHO,F28,16,4649.649707955652
BHO,F28,17,5028.98078736678
BHO,F28,18,4577.498884030154
BHO,F28,19,5218.167059177071
BHO,F28,20,5156.121237306519
BHO,F28,21,4781.678379528054
BHO,F28,22,4680.977696157455
BHO,F28,23,4656.188282473473
BHO,F28,24,4508.813441249849
BHO,F28,25,4939.005411466985
BHO,F28,26,4280.240582824182
BHO,F28,27,5726.589998449352
BHO,F28,28,6218.61855484091
BHO,F28,29,4676.674129466683
BHO,F28,30,4919.142485067576
BHO,F29,1,8562.959189785104
BHO,F29,2,7948.3615804599785
BHO,F29,3,7965.709829286847
BHO,F29,4,7702.743037072804
BHO,F29,5,8750.322439092788
BHO,F29,6,8079.50886847621
BHO,F29,7,8054.763337775684
BHO,F29,8,7105.852922793584
BHO,F29,9,7920.898413147186
BHO,F29,10,7947.483858728881
BHO,F29,11,8866.684337701769
BHO,F29,12,7984.149370658228
BHO,F29,13,7953.986313671429
BHO,F29,14,9903.333912929984
BHO,F29,15,7927.337759700264
BHO,F29,16,7129.931092857654
BHO,F29,17,8524.746707631244
BHO,F29,18,8381.770635100847
BHO,F29,19,8781.605031380825
BHO,F29,20,8268.492784964685
BHO,F29,21,8152.173329130794
BHO,F29,22,7595.509360305903
BHO,F29,23,7463.569248737662
BHO,F29,24,8004.959312996544
BHO,F29,25,7833.915264242419
BHO,F29,26,8858.384729406596
BHO,F29,27,6321.275521534766
BHO,F29,28,6740.495767147802
BHO,F29,29,7499.502774441843
BHO,F29,30,7498.292514342435
BHO,F30,1,3979467.4321089867
BHO,F30,2,10357591.137081582
BHO,F30,3,10487841.249860398
BHO,F30,4,4465846.097918315
BHO,F30,5,3610452.1393703967
BHO,F30,6,12004779.46328139
BHO,F30,7,11040431.851755805
BHO,F30,8,8214147.688166006
BHO,F30,9,8694335.058516596
BHO,F30,10,4547046.385803506
BHO,F30,11,15256771.459500924
BHO,F30,12,4242652.464170824
BHO,F30,13,3675541.2163814786
BHO,F30,14,4663763.856169758
BHO,F30,15,8258002.455666285
BHO,F30,16,2530027.6644744375
BHO,F30,17,3242747.995928294
BHO,F30,18,6914039.631470893
BHO,F30,19,1812679.280453423
BHO,F30,20,8940829.518881202
BHO,F30,21,5786110.263941975
BHO,F30,22,8507648.45507507
BHO,F30,23,8350860.666868879
BHO,F30,24,4057946.4078323003
BHO,F30,25,3595399.7282452653
BHO,F30,26,11556538.344412154
BHO,F30,27,24969964.37148083
BHO,F30,28,12569560.313998431
BHO,F30,29,6961519.037374325
BHO,F30,30,4600027.226434074
ESTA,F1,1,1105955.9156139833
ESTA,F1,2,1776562.6888362574
ESTA,F1,3,2122739.005310629
ESTA,F1,4,2205182.4344752585
ESTA,F1,5,1340386.8028201296
ESTA,F1,6,1565058.410644922
ESTA,F1,7,1532083.3354038682
ESTA,F1,8,2349984.3612932824
ESTA,F1,9,1380565.149302081
ESTA,F1,10,2389320.945127557
ESTA,F1,11,1899947.747627651
ESTA,F1,12,1347757.9435446342
ESTA,F1,13,1928639.1931401242
ESTA,F1,14,2157670.655974624
ESTA,F1,15,1383234.2949894988
ESTA,F1,16,1824831.1861375861
ESTA,F1,17,1327301.7112347572
ESTA,F1,18,1801025.7046280503
ESTA,F1,19,1541030.3706889106
ESTA,F1,20,1291761.105343575
ESTA,F1,21,1852502.7041400815
ESTA,F1,22,1190792.9317246918
ESTA,F1,23,1615317.9311080766
ESTA,F1,24,1803017.7582002876
ESTA,F1,25,3250010.1414562645
ESTA,F1,26,861904.4179450701
ESTA,F1,27,2134230.1807843945
ESTA,F1,28,2880586.9182028202
ESTA,F1,29,1669093.500550369
ESTA,F1,30,1496620.9808908696
ESTA,F3,1,206154.26114188222
ESTA,F3,2,178508.19565329334
ESTA,F3,3,250767.5419096845
ESTA,F3,4,279290.26678047166
ESTA,F3,5,201583.4684681771
ESTA,F3,6,326134.02871752746
ESTA,F3,7,271444.30290568125
ESTA,F3,8,224522.50834366327
ESTA,F3,9,270376.1193031146
ESTA,F3,10,337087.60291437444
ESTA,F3,11,268410.4587658972
ESTA,F3,12,219872.27641246255
ESTA,F3,13,362595.4118985212
ESTA,F3,14,190792.77663573145
ESTA,F3,15,274428.1432005782
ESTA,F3,16,318515.36247065244
ESTA,F3,17,205440.12687530887
ESTA,F3,18,309255.910617918
ESTA,F3,19,322911.8177190235
ESTA,F3,20,333685.1137211109
ESTA,F3,21,269667.84155459754
ESTA,F3,22,292109.0811439845
ESTA,F3,23,188993.53253262545
ESTA,F3,24,286966.1730306087
ESTA,F3,25,326674.1066769672
ESTA,F3,26,232186.25500812725
ESTA,F3,27,267336.5321263343
ESTA,F3,28,207281.84792175083
ESTA,F3,29,214552.27367020538
ESTA,F3,30,317832.80949557817
ESTA,F4,1,802.9466278978778
ESTA,F4,2,767.8318927050559
ESTA,F4,3,874.7162309173688
ESTA,F4,4,847.3843152885293
ESTA,F4,5,848.9393450065267
ESTA,F4,6,831.4244043365223
ESTA,F4,7,835.4519377241784
ESTA,F4,8,670.324018817215
ESTA,F4,9,684.5206723781623
ESTA,F4,10,824.7000178057181
ESTA,F4,11,769.6196791600951
ESTA,F4,12,836.8214233498745
ESTA,F4,13,741.5656982382898
ESTA,F4,14,832.7474805063513
ESTA,F4,15,796.68730207014
ESTA,F4,16,745.2234443689437
ESTA,F4,17,882.0265168924317
ESTA,F4,18,801.3836606361701
ESTA,F4,19,816.6232234520327
ESTA,F4,20,720.1211484730874
ESTA,F4,21,731.4440689764098
ESTA,F4,22,818.1816678424198
ESTA,F4,23,774.6673948385779
ESTA,F4,24,775.0830018840201
ESTA,F4,25,806.0023652057876
ESTA,F4,26,820.3076957442474
ESTA,F4,27,851.3010534307732
ESTA,F4,28,808.0820238384438
ESTA,F4,29,816.9661816565322
ESTA,F4,30,786.942691093212
ESTA,F5,1,1324.9575975524058
ESTA,F5,2,1538.841839190578
ESTA,F5,3,1443.1465156497486
ESTA,F5,4,1469.1812310447644
ESTA,F5,5,1349.8823564941272
ESTA,F5,6,1195.5985745785629
ESTA,F5,7,1314.7629182330704
ESTA,F5,8,1344.932717316679
ESTA,F5,9,1429.6685646339229
ESTA,F5,10,1408.570218934075
ESTA,F5,11,1543.8285770312252
ESTA,F5,12,1428.4183070909562
ESTA,F5,13,1269.2289606685667
ESTA,F5,14,1480.3553940185368
ESTA,F5,15,1309.8690549432658
ESTA,F5,16,1236.5420969018105
ESTA,F5,17,1370.673959859677
ESTA,F5,18,1177.677386101845
ESTA,F5,19,1337.5501576775305
ESTA,F5,20,1593.5509870163612
ESTA,F5,21,1239.3745758235527
ESTA,F5,22,1422.4728420167094
ESTA,F5,23,1350.787931171113
ESTA,F5,24,1381.7964980497552
ESTA,F5,25,1578.5889007158996
ESTA,F5,26,1296.1227179255757
ESTA,F5,27,1315.2027385563347
ESTA,F5,28,1541.2146214248237
ESTA,F5,29,1274.1992734269347
ESTA,F5,30,1323.521310446395
ESTA,F6,1,618.1759303289037
ESTA,F6,2,621.4404081213963
ESTA,F6,3,620.6501286516387
ESTA,F6,4,615.7825851551579
ESTA,F6,5,627.3278542386817
ESTA,F6,6,612.7490511098423
ESTA,F6,7,615.6032348312799
ESTA,F6,8,618.2888469581495
ESTA,F6,9,621.2695044991204
ESTA,F6,10,614.044786331571
ESTA,F6,11,612.9099560835832
ESTA,F6,12,616.9988021354034
ESTA,F6,13,612.8371400828788
ESTA,F6,14,616.169019420376
ESTA,F6,15,618.2696908214535
ESTA,F6,16,619.4585541036761
ESTA,F6,17,611.9663564159123
ESTA,F6,18,620.5680095789451
ESTA,F6,19,614.9085578240382
ESTA,F6,20,616.7708635331509
ESTA,F6,21,611.9102242997176
ESTA,F6,22,618.5313247476282
ESTA,F6,23,620.4354269150643
ESTA,F6,24,611.2662115783604
ESTA,F6,25,615.477688465613
ESTA,F6,26,617.9308954163768
ESTA,F6,27,618.7223778672211
ESTA,F6,28,616.6705159119366
ESTA,F6,29,617.6487219022996
ESTA,F6,30,616.4878368192559
ESTA,F7,1,2122.1840264197353
ESTA,F7,2,2481.5364200345093
ESTA,F7,3,2134.1437289144533
ESTA,F7,4,2488.262947172031
ESTA,F7,5,2829.441558284911
ESTA,F7,6,2536.4075945015124
ESTA,F7,7,2633.3511009962285
ESTA,F7,8,2700.2871389146276
ESTA,F7,9,2542.7089454953593
ESTA,F7,10,2588.4460148264247
ESTA,F7,11,2293.2082634049366
ESTA,F7,12,2711.626297748113
ESTA,F7,13,2357.2212842592935
ESTA,F7,14,2100.6846568481005
ESTA,F7,15,2339.4054458567207
ESTA,F7,16,2274.929174363202
ESTA,F7,17,2226.8886294168788
ESTA,F7,18,2397.987333002189
ESTA,F7,19,2567.8963669043164
ESTA,F7,20,2508.504474565989
ESTA,F7,21,2400.6384931324483
ESTA,F7,22,2509.972515068669
ESTA,F7,23,2315.196823914086
ESTA,F7,24,2565.359272013772
ESTA,F7,25,2574.1525316445736
ESTA,F7,26,2285.8612915591702
ESTA,F7,27,2241.681818597869
ESTA,F7,28,2614.4190365567492
ESTA,F7,29,2604.742250222823
ESTA,F7,30,2565.413192699548
ESTA,F8,1,1810.978743444145
ESTA,F8,2,1695.2800137994916
ESTA,F8,3,1786.0758825068642
ESTA,F8,4,1621.3777291519518
ESTA,F8,5,1711.9044371780992
ESTA,F8,6,1822.1593217743402
ESTA,F8,7,1627.9349039382205
ESTA,F8,8,1608.1488316515579
ESTA,F8,9,1658.8050809197625
ESTA,F8,10,1686.5603995938645
ESTA,F8,11,1907.4753966915298
ESTA,F8,12,1542.372228156005
ESTA,F8,13,1885.566994027281
ESTA,F8,14,1664.6044888352044
ESTA,F8,15,1954.2417269454343
ESTA,F8,16,1775.2403239869825
ESTA,F8,17,1771.1982778850333
ESTA,F8,18,1851.7869316682984
ESTA,F8,19,1847.9073443157415
ESTA,F8,20,1627.9141760566972
ESTA,F8,21,1724.453853413931
ESTA,F8,22,1665.7383539132834
ESTA,F8,23,1745.4145465658044
ESTA,F8,24,1847.8391508063216
ESTA,F8,25,1663.7045445240738
ESTA,F8,26,1724.4382866406945
ESTA,F8,27,1682.6912108584925
ESTA,F8,28,1513.5067624801354
ESTA,F8,29,1649.790288725696
ESTA,F8,30,1644.720048850062
ESTA,F9,1,32655.276693053267
ESTA,F9,2,35496.77814134299
ESTA,F9,3,37226.66701051105
ESTA,F9,4,32773.12442480975
ESTA,F9,5,46378.453617964544
ESTA,F9,6,27957.326604175058
ESTA,F9,7,37460.52974720199
ESTA,F9,8,32337.822131127756
ESTA,F9,9,40660.81342811975
ESTA,F9,10,38661.44922109812
ESTA,F9,11,21768.7674291407
ESTA,F9,12,31097.4464819095
ESTA,F9,13,34725.89586526514
ESTA,F9,14,27348.89061843297
ESTA,F9,15,38952.07459031452
ESTA,F9,16,41052.92870547076
ESTA,F9,17,33187.72325235736
ESTA,F9,18,36666.466001722685
ESTA,F9,19,31029.497800802565
ESTA,F9,20,40511.366126523964
ESTA,F9,21,44212.7153108611
ESTA,F9,22,38913.49815305063
ESTA,F9,23,38126.09571908434
ESTA,F9,24,42368.069613053485
ESTA,F9,25,38554.81315211104
ESTA,F9,26,33077.553188803024
ESTA,F9,27,37875.726123619235
ESTA,F9,28,35352.42487314493
ESTA,F9,29,29808.816563189306
ESTA,F9,30,32293.133009458037
ESTA,F10,1,15971.659710709584
ESTA,F10,2,15678.856365744767
ESTA,F10,3,14971.73273482043
ESTA,F10,4,15234.168581986945
ESTA,F10,5,15441.347216492777
ESTA,F10,6,13818.981428099029
ESTA,F10,7,16089.80417985974
ESTA,F10,8,14937.794022837075
ESTA,F10,9,17431.021917484726
ESTA,F10,10,17086.650282546696
ESTA,F10,11,15132.997009092174
ESTA,F10,12,13406.570055830252
ESTA,F10,13,15603.424478391065
ESTA,F10,14,13420.155277819376
ESTA,F10,15,13618.940647879805
ESTA,F10,16,13495.038539952686
ESTA,F10,17,14040.14487001728
ESTA,F10,18,13897.328301730704
ESTA,F10,19,14013.718570265119
ESTA,F10,20,13993.338774349857
ESTA,F10,21,14274.100885892618
ESTA,F10,22,13679.018687065949
ESTA,F10,23,17007.347881435693
ESTA,F10,24,14798.834747162316
ESTA,F10,25,13032.412605957743
ESTA,F10,26,15448.542121597671
ESTA,F10,27,12714.71576490171
ESTA,F10,28,15751.645004983231
ESTA,F10,29,15748.038684340478
ESTA,F10,30,14600.49485351954
ESTA,F11,1,2086.526837487595
ESTA,F11,2,2117.155327378484
ESTA,F11,3,2870.3436576113754
ESTA,F11,4,3112.893972374823
ESTA,F11,5,2480.3572193895184
ESTA,F11,6,2166.1601534114625
ESTA,F11,7,2296.190472871458
ESTA,F11,8,2520.3193447226668
ESTA,F11,9,3434.845264582554
ESTA,F11,10,2705.631115751364
ESTA,F11,11,2488.0480990548594
ESTA,F11,12,2117.911887893814
ESTA,F11,13,2082.068023614798
ESTA,F11,14,2016.2901574919515
ESTA,F11,15,2101.2546708139216
ESTA,F11,16,2810.2731280111575
ESTA,F11,17,2826.5298478928544
ESTA,F11,18,2825.092573454147
ESTA,F11,19,2535.6365618584364
ESTA,F11,20,1821.0756795974987
ESTA,F11,21,2388.7502417666324
ESTA,F11,22,2348.404366331035
ESTA,F11,23,2857.9905322998015
ESTA,F11,24,2133.6670787311205
ESTA,F11,25,2849.717611129623
ESTA,F11,26,2480.471843214669
ESTA,F11,27,2032.7302829580692
ESTA,F11,28,2818.2716650862308
ESTA,F11,29,2080.18061024262
ESTA,F11,30,2817.2589787800416
ESTA,F12,1,30409706.797602247
ESTA,F12,2,35608018.52515119
ESTA,F12,3,15956171.468151756
ESTA,F12,4,73847335.17943119
ESTA,F12,5,27081671.47015976
ESTA,F12,6,67667326.02392857
ESTA,F12,7,42161431.56651658
ESTA,F12,8,9519301.3105651
ESTA,F12,9,128828868.397041
ESTA,F12,10,28331384.000771023
ESTA,F12,11,21844656.768368553
ESTA,F12,12,32866470.47876506
ESTA,F12,13,23625933.20684822
ESTA,F12,14,59003513.94504438
ESTA,F12,15,30689327.820901006
ESTA,F12,16,30902192.594231766
ESTA,F12,17,39353019.18417935
ESTA,F12,18,29796017.40725331
ESTA,F12,19,26507276.831981666
ESTA,F12,20,23528755.351537056
ESTA,F12,21,37107596.81687484
ESTA,F12,22,37585504.83848815
ESTA,F12,23,44193714.231687896
ESTA,F12,24,18678186.275747433
ESTA,F12,25,20051927.40125373
ESTA,F12,26,26651150.536396217
ESTA,F12,27,49421941.59000676
ESTA,F12,28,55941469.22497906
ESTA,F12,29,14235880.607323779
ESTA,F12,30,60012855.10402852
ESTA,F13,1,4770.204966444235
ESTA,F13,2,6749.996872098691
ESTA,F13,3,5030.091795574961
ESTA,F13,4,17362.717847015563
ESTA,F13,5,4022.619858179693
ESTA,F13,6,6983.9126454449015
ESTA,F13,7,15101.01350724723
ESTA,F13,8,4632.460531753104
ESTA,F13,9,7669.171857413432
ESTA,F13,10,10535.123075706775
ESTA,F13,11,8835.918585515998
ESTA,F13,12,9056.895267944463
ESTA,F13,13,16107.233217595753
ESTA,F13,14,3373.424989386359
ESTA,F13,15,10483.602737530291
ESTA,F13,16,16920.97835879602
ESTA,F13,17,5283.924872056379
ESTA,F13,18,14208.279072736588
ESTA,F13,19,7835.306543434335
ESTA,F13,20,4182.016871799537
ESTA,F13,21,15595.478234643393
ESTA,F13,22,13798.452593532189
ESTA,F13,23,4866.737520766994
ESTA,F13,24,7387.729286016454
ESTA,F13,25,4413.842185229898
ESTA,F13,26,8658.008150822803
ESTA,F13,27,4546.364213245074
ESTA,F13,28,4793.605912111496
ESTA,F13,29,6028.617574113579
ESTA,F13,30,4478.177717891736
ESTA,F14,1,419665.11935601203
ESTA,F14,2,193064.78153574475
ESTA,F14,3,220151.09977886127
ESTA,F14,4,241155.70453448128
ESTA,F14,5,313155.95434197795
ESTA,F14,6,170864.50707444886
ESTA,F14,7,589718.599822381
ESTA,F14,8,185261.7437118766
ESTA,F14,9,352920.8169735657
ESTA,F14,10,87206.34720440504
ESTA,F14,11,762073.6091127094
ESTA,F14,12,408849.5008454594
ESTA,F14,13,198986.6004730359
ESTA,F14,14,234433.65575455516
ESTA,F14,15,367146.837636009
ESTA,F14,16,309716.5134256012
ESTA,F14,17,243379.48272937068
ESTA,F14,18,279754.19967839966
ESTA,F14,19,316744.26063851203
ESTA,F14,20,160403.47001128952
ESTA,F14,21,176652.87693916933
ESTA,F14,22,91445.0459758681
ESTA,F14,23,170242.55150397692
ESTA,F14,24,239331.06922940523
ESTA,F14,25,129378.31517293048
ESTA,F14,26,175100.47742689762
ESTA,F14,27,283714.5880655911
ESTA,F14,28,200600.25482830644
ESTA,F14,29,167422.05948334164
ESTA,F14,30,349651.6398412092
ESTA,F15,1,8456.427300960479
ESTA,F15,2,4725.013771225467
ESTA,F15,3,3565.204794545273
ESTA,F15,4,4742.810531524962
ESTA,F15,5,8781.355241200192
ESTA,F15,6,5814.546900411072
ESTA,F15,7,2184.9192837538985
ESTA,F15,8,6588.514816628756
ESTA,F15,9,9965.528451145265
ESTA,F15,10,5495.974011715076
ESTA,F15,11,2097.3993629242987
ESTA,F15,12,4490.895662595976
ESTA,F15,13,2132.396254964
ESTA,F15,14,2129.6574259820113
ESTA,F15,15,3669.352097318073
ESTA,F15,16,2467.83429722441
ESTA,F15,17,2480.8697898822993
ESTA,F15,18,15259.430164513988
ESTA,F15,19,5173.915188840925
ESTA,F15,20,6143.986611497737
ESTA,F15,21,5821.706345987457
ESTA,F15,22,10028.04222982077
ESTA,F15,23,18738.03962477492
ESTA,F15,24,2441.7348562220086
ESTA,F15,25,2679.730568645414
ESTA,F15,26,8563.732293019522
ESTA,F15,27,1996.4875642094491
ESTA,F15,28,3664.327606172223
ESTA,F15,29,4762.036689009986
ESTA,F15,30,2271.6087624477404
ESTA,F16,1,5696.189566407771
ESTA,F16,2,6054.838591766013
ESTA,F16,3,7313.755873231098
ESTA,F16,4,5941.220794012277
ESTA,F16,5,6453.799592078095
ESTA,F16,6,6006.283210117799
ESTA,F16,7,5573.953816872385
ESTA,F16,8,6993.062209254644
ESTA,F16,9,5608.3768157414215
ESTA,F16,10,6913.220247911661
ESTA,F16,11,6268.788023222436
ESTA,F16,12,6988.271749226173
ESTA,F16,13,6406.959925499527
ESTA,F16,14,6682.403299985224
ESTA,F16,15,6895.875338222826
ESTA,F16,16,6574.696576817217
ESTA,F16,17,6368.181466783589
ESTA,F16,18,7028.993960576156
ESTA,F16,19,7136.289525427348
ESTA,F16,20,4920.718145636503
ESTA,F16,21,6480.56432731149
ESTA,F16,22,6717.929258351049
ESTA,F16,23,6832.290971252026
ESTA,F16,24,5378.040464186914
ESTA,F16,25,6522.405281451916
ESTA,F16,26,5851.559319652557
ESTA,F16,27,6340.279142201129
ESTA,F16,28,5993.473740364703
ESTA,F16,29,5470.389830264684
ESTA,F16,30,6137.587076270883
ESTA,F17,1,4726.947631027444
ESTA,F17,2,4045.207533897406
ESTA,F17,3,5654.200469051111
ESTA,F17,4,4141.187544866769
ESTA,F17,5,4784.032419984098
ESTA,F17,6,5910.85674710265
ESTA,F17,7,5710.786098403775
ESTA,F17,8,4391.808010006702
ESTA,F17,9,5525.171850210867
ESTA,F17,10,6157.774953021335
ESTA,F17,11,5234.735685725672
ESTA,F17,12,4782.281028928091
ESTA,F17,13,6345.12850822296
ESTA,F17,14,4958.242152994266
ESTA,F17,15,4892.237317192554
ESTA,F17,16,5248.496788216708
ESTA,F17,17,5110.775006930395
ESTA,F17,18,5126.612317303821
ESTA,F17,19,4657.0485407437955
ESTA,F17,20,4734.298315543556
ESTA,F17,21,5490.177237295279
ESTA,F17,22,5910.475964413896
ESTA,F17,23,6686.205963202087
ESTA,F17,24,4443.347196411973
ESTA,F17,25,4803.9568330776365
ESTA,F17,26,6059.563918668631
ESTA,F17,27,5789.035735967702
ESTA,F17,28,4568.996843299159
ESTA,F17,29,5338.302339494771
ESTA,F17,30,5009.015642431731
ESTA,F18,1,1130294.041939726
ESTA,F18,2,708850.6162482058
ESTA,F18,3,635270.1530556708
ESTA,F18,4,317137.4264119375
ESTA,F18,5,1023623.1007690498
ESTA,F18,6,466008.5394595439
ESTA,F18,7,428536.93928208755
ESTA,F18,8,454907.39026467566
ESTA,F18,9,609629.1797851791
ESTA,F18,10,717810.8033948311
ESTA,F18,11,361896.32849376375
ESTA,F18,12,317574.13001353515
ESTA,F18,13,446124.6533140542
ESTA,F18,14,335996.6699071598
ESTA,F18,15,763551.5448141209
ESTA,F18,16,357489.74730426236
ESTA,F18,17,405226.46840383566
ESTA,F18,18,473990.84882954106
ESTA,F18,19,401123.5747260911
ESTA,F18,20,597954.2706977102
ESTA,F18,21,376147.4058229002
ESTA,F18,22,557090.2274620645
ESTA,F18,23,1155486.2575109575
ESTA,F18,24,829591.4236777308
ESTA,F18,25,585042.9550520408
ESTA,F18,26,252038.6665891606
ESTA,F18,27,603082.7288486424
ESTA,F18,28,440169.3717596577
ESTA,F18,29,575016.8923666038
ESTA,F18,30,587476.0256624043
ESTA,F19,1,4934.321539347262
ESTA,F19,2,2829.7310808061284
ESTA,F19,3,2564.5637768491833
ESTA,F19,4,15925.583314590622
ESTA,F19,5,2790.6823637442158
ESTA,F19,6,4410.5513337557895
ESTA,F19,7,7147.3308194766305
ESTA,F19,8,2361.4613483200114
ESTA,F19,9,2958.871350596967
ESTA,F19,10,2675.7937995358166
ESTA,F19,11,6715.968934108829
ESTA,F19,12,2647.0824416721293
ESTA,F19,13,5417.8659493157675
ESTA,F19,14,3213.482262798504
ESTA,F19,15,3903.405372102803
ESTA,F19,16,13297.593601169634
ESTA,F19,17,2232.8591214875273
ESTA,F19,18,3946.152920164343
ESTA,F19,19,10739.350268965467
ESTA,F19,20,26109.16580091311
ESTA,F19,21,2393.373191951874
ESTA,F19,22,8518.821168120934
ESTA,F19,23,10891.148206711374
ESTA,F19,24,8524.00339278999
ESTA,F19,25,2270.7223446102776
ESTA,F19,26,3977.2800596899983
ESTA,F19,27,4472.501712161225
ESTA,F19,28,5027.027575129918
ESTA,F19,29,2263.2047599839507
ESTA,F19,30,2425.5194671806566
ESTA,F20,1,6010.157857011658
ESTA,F20,2,5924.576640820656
ESTA,F20,3,5617.114543189586
ESTA,F20,4,5642.52314145333
ESTA,F20,5,6448.17086140738
ESTA,F20,6,6097.198200451214
ESTA,F20,7,4710.180278139098
ESTA,F20,8,5775.787599042784
ESTA,F20,9,5699.990129657739
ESTA,F20,10,5927.250780381453
ESTA,F20,11,4878.335941284713
ESTA,F20,12,4972.769716998558
ESTA,F20,13,5742.893042626267
ESTA,F20,14,4894.653081670593
ESTA,F20,15,4992.391773517901
ESTA,F20,16,5454.748851048631
ESTA,F20,17,4325.806815092294
ESTA,F20,18,4721.173768029223
ESTA,F20,19,5936.744721859739
ESTA,F20,20,5710.3658221364385
ESTA,F20,21,4997.399196613057
ESTA,F20,22,6152.127168311133
ESTA,F20,23,6172.130380805018
ESTA,F20,24,5316.989079888585
ESTA,F20,25,4964.237627288314
ESTA,F20,26,5968.799064001198
ESTA,F20,27,6014.902331292647
ESTA,F20,28,6194.261787586942
ESTA,F20,29,6019.1152327569325
ESTA,F20,30,4760.081969783787
ESTA,F21,1,3378.6894613294
ESTA,F21,2,3436.3213622941557
ESTA,F21,3,3424.468982438935
ESTA,F21,4,3269.5983949633787
ESTA,F21,5,3268.0591071338285
ESTA,F21,6,3294.917304840374
ESTA,F21,7,3445.8931369169713
ESTA,F21,8,3404.886141782919
ESTA,F21,9,3479.2483057162117
ESTA,F21,10,3326.100600198638
ESTA,F21,11,3233.543808249125
ESTA,F21,12,3337.893681019769
ESTA,F21,13,3351.543978389981
ESTA,F21,14,3288.874708683198
ESTA,F21,15,3236.4720223871554
ESTA,F21,16,3384.5792477835344
ESTA,F21,17,3148.8662386760398
ESTA,F21,18,3219.554179152723
ESTA,F21,19,3261.1352504979977
ESTA,F21,20,3230.465105541769
ESTA,F21,21,3240.6696378350734
ESTA,F21,22,3238.902968537233
ESTA,F21,23,3158.645944712006
ESTA,F21,24,3517.2957922856635
ESTA,F21,25,3222.387451822971
ESTA,F21,26,3265.387529052504
ESTA,F21,27,3174.6070478224888
ESTA,F21,28,3220.9321504033765
ESTA,F21,29,3379.097997052707
ESTA,F21,30,3293.060672827627
ESTA,F22,1,17395.0263288403
ESTA,F22,2,19265.545266531455
ESTA,F22,3,18862.69176959753
ESTA,F22,4,17266.91156982911
ESTA,F22,5,18744.27245769048
ESTA,F22,6,18813.65980724488
ESTA,F22,7,20800.302889993363
ESTA,F22,8,17951.294402504413
ESTA,F22,9,15892.841801389408
ESTA,F22,10,16793.890020798277
ESTA,F22,11,16955.232248747387
ESTA,F22,12,18296.26255817883
ESTA,F22,13,17267.325590679495
ESTA,F22,14,18375.057248662437
ESTA,F22,15,18109.03704311449
ESTA,F22,16,18318.190284132514
ESTA,F22,17,16064.747873778191
ESTA,F22,18,16107.261349825627
ESTA,F22,19,18025.48390664754
ESTA,F22,20,17273.74852128644
ESTA,F22,21,19821.96185368881
ESTA,F22,22,19330.973071374592
ESTA,F22,23,17760.64845499509
ESTA,F22,24,19019.524457525327
ESTA,F22,25,18323.87209317237
ESTA,F22,26,17463.992798411986
ESTA,F22,27,17128.33447213719
ESTA,F22,28,19046.78603639805
ESTA,F22,29,15397.50425376354
ESTA,F22,30,19062.80385709988
ESTA,F23,1,3404.8268733367736
ESTA,F23,2,3596.019319590875
ESTA,F23,3,3727.591797868178
ESTA,F23,4,3419.702519295224
ESTA,F23,5,3597.841103526819
ESTA,F23,6,3586.7728681963376
ESTA,F23,7,3521.57119947351
ESTA,F23,8,3603.345232261403
ESTA,F23,9,3544.4928470617306
ESTA,F23,10,3628.2280555490433
ESTA,F23,11,3537.0185404213
ESTA,F23,12,3768.3017454632627
ESTA,F23,13,3418.492169779124
ESTA,F23,14,3703.012316242232
ESTA,F23,15,3519.5474907772787
ESTA,F23,16,3456.0454317210506
ESTA,F23,17,3364.7562142276765
ESTA,F23,18,3424.295179027304
ESTA,F23,19,3407.77925861279
ESTA,F23,20,3530.006412441451
ESTA,F23,21,3472.495192773009
ESTA,F23,22,3681.9813082419287
ESTA,F23,23,3456.3525003425075
ESTA,F23,24,3581.2228265055774
ESTA,F23,25,3472.0730908552746
ESTA,F23,26,3868.2697468634624
ESTA,F23,27,3575.4123856389674
ESTA,F23,28,3590.833989712122
ESTA,F23,29,3331.020365316062
ESTA,F23,30,3563.884010892627
ESTA,F24,1,4722.094847042508
ESTA,F24,2,4286.2978621516795
ESTA,F24,3,4415.380836409883
ESTA,F24,4,4789.287076746197
ESTA,F24,5,4526.79994060841
ESTA,F24,6,4522.727152636029
ESTA,F24,7,4519.919574725644
ESTA,F24,8,4239.836966528092
ESTA,F24,9,4272.738614715729
ESTA,F24,10,4505.308301911957
ESTA,F24,11,4410.1064790138535
ESTA,F24,12,4448.916300968287
ESTA,F24,13,4339.639385455854
ESTA,F24,14,4373.315007110759
ESTA,F24,15,4475.0526237021
ESTA,F24,16,4484.565402099477
ESTA,F24,17,4598.686870807567
ESTA,F24,18,4304.64240227617
ESTA,F24,19,4408.927189650203
ESTA,F24,20,4129.474838222404
ESTA,F24,21,4314.951624878692
ESTA,F24,22,4451.523680124197
ESTA,F24,23,4282.8184078069935
ESTA,F24,24,4310.18886349907
ESTA,F24,25,4539.515740470534
ESTA,F24,26,4297.62187470864
ESTA,F24,27,4831.158252873009
ESTA,F24,28,4390.258573986118
ESTA,F24,29,4305.885652643071
ESTA,F24,30,4540.6437623969505
ESTA,F25,1,3421.5491779265685
ESTA,F25,2,3559.962885117062
ESTA,F25,3,3414.175778153348
ESTA,F25,4,3495.6737908639516
ESTA,F25,5,3317.916334453658
ESTA,F25,6,3452.0042896383193
ESTA,F25,7,3444.3531835223257
ESTA,F25,8,3424.734229667558
ESTA,F25,9,3467.8043314230354
ESTA,F25,10,3396.4658968753565
ESTA,F25,11,3454.5618807755495
ESTA,F25,12,3511.4131713450806
ESTA,F25,13,3480.4667886538027
ESTA,F25,14,3466.9662601302553
ESTA,F25,15,3530.689011992726
ESTA,F25,16,3508.5790317502215
ESTA,F25,17,3618.046097110992
ESTA,F25,18,3564.346820935103
ESTA,F25,19,3450.3997452757358
ESTA,F25,20,3468.153496686861
ESTA,F25,21,3427.7459742843303
ESTA,F25,22,3536.0950962168126
ESTA,F25,23,3541.4971539356366
ESTA,F25,24,3443.1935158783535
ESTA,F25,25,3601.035715404227
ESTA,F25,26,3439.6862115338395
ESTA,F25,27,3427.1409284148267
ESTA,F25,28,3418.0780847424257
ESTA,F25,29,3443.173686577466
ESTA,F25,30,3499.806367657634
ESTA,F26,1,22304.14667076728
ESTA,F26,2,23224.45747494395
ESTA,F26,3,17359.099767173226
ESTA,F26,4,19827.068257131315
ESTA,F26,5,16096.730385594816
ESTA,F26,6,20081.817309010967
ESTA,F26,7,17810.09634078441
ESTA,F26,8,19811.219710739442
ESTA,F26,9,24793.11629013221
ESTA,F26,10,19581.85339639703
ESTA,F26,11,22869.70875629099
ESTA,F26,12,17362.41489999396
ESTA,F26,13,18319.532658383425
ESTA,F26,14,19115.704168936125
ESTA,F26,15,21188.608811149756
ESTA,F26,16,20617.1805024419
ESTA,F26,17,22222.677286279923
ESTA,F26,18,18500.677811804446
ESTA,F26,19,19941.798467327742
ESTA,F26,20,19006.905303797867
ESTA,F26,21,17311.21471426444
ESTA,F26,22,3712.965521671565
ESTA,F26,23,19502.22403632082
ESTA,F26,24,17937.968159583408
ESTA,F26,25,21675.361168409843
ESTA,F26,26,19141.566683342593
ESTA,F26,27,20592.240071968128
ESTA,F26,28,19537.210855973088
ESTA,F26,29,22792.538411651316
ESTA,F26,30,16753.951013536298
ESTA,F27,1,4053.404979662046
ESTA,F27,2,3699.814948399553
ESTA,F27,3,3708.2029197901406
ESTA,F27,4,3974.4009998106994
ESTA,F27,5,3977.8554556289746
ESTA,F27,6,3952.1371731674103
ESTA,F27,7,3969.914004668669
ESTA,F27,8,4256.491302692957
ESTA,F27,9,3874.338314099264
ESTA,F27,10,3854.7610974415047
ESTA,F27,11,3885.349829241445
ESTA,F27,12,4039.5381493240197
ESTA,F27,13,3981.223974822875
ESTA,F27,14,4174.13561487852
ESTA,F27,15,3900.0927034191727
ESTA,F27,16,4023.864187721022
ESTA,F27,17,3889.6768843048094
ESTA,F27,18,3675.7531509781215
ESTA,F27,19,4138.856575583507
ESTA,F27,20,3948.2203601328515
ESTA,F27,21,3744.2865745069075
ESTA,F27,22,3803.5504986834985
ESTA,F27,23,3746.572107207744
ESTA,F27,24,3812.0116512240215
ESTA,F27,25,4107.552244186546
ESTA,F27,26,4100.0904990762065
ESTA,F27,27,4104.954735696119
ESTA,F27,28,4223.816927481539
ESTA,F27,29,3825.964742729495
ESTA,F27,30,4018.936278746206
ESTA,F28,1,3506.393892814698
ESTA,F28,2,3618.070611195172
ESTA,F28,3,3527.9807809576278
ESTA,F28,4,3500.6494354648885
ESTA,F28,5,3555.4049365947903
ESTA,F28,6,3513.8466797934766
ESTA,F28,7,3633.391758886383
ESTA,F28,8,3603.100680588581
ESTA,F28,9,3545.6128944092234
ESTA,F28,10,3581.8322055513972
ESTA,F28,11,3504.2921018684774
ESTA,F28,12,3610.1835158055237
ESTA,F28,13,3536.6623825960137
ESTA,F28,14,3603.695104058548
ESTA,F28,15,3595.6624059154115
ESTA,F28,16,3519.976652533642
ESTA,F28,17,3541.696099654607
ESTA,F28,18,3512.504201332145
ESTA,F28,19,3566.8161553326577
ESTA,F28,20,3594.882741796673
ESTA,F28,21,3546.9023464207035
ESTA,F28,22,3653.858913586864
ESTA,F28,23,3538.2390694338064
ESTA,F28,24,3530.3260113293363
ESTA,F28,25,3597.6935944154866
ESTA,F28,26,3558.9336726329584
ESTA,F28,27,3583.988152722003
ESTA,F28,28,3522.974959793487
ESTA,F28,29,3536.2123637069008
ESTA,F28,30,3521.4249482322803
ESTA,F29,1,8098.497880902662
ESTA,F29,2,6491.881219582112
ESTA,F29,3,6301.703022895469
ESTA,F29,4,7598.906257879986
ESTA,F29,5,6162.733403174616
ESTA,F29,6,7765.691269858177
ESTA,F29,7,6725.924689982663
ESTA,F29,8,7620.019598863342
ESTA,F29,9,6221.240209804528
ESTA,F29,10,6819.084902116272
ESTA,F29,11,7924.576719495674
ESTA,F29,12,7605.716842433719
ESTA,F29,13,7176.908774776432
ESTA,F29,14,6943.696067980105
ESTA,F29,15,6419.118536567829
ESTA,F29,16,6571.903091124013
ESTA,F29,17,7692.335607289753
ESTA,F29,18,7247.399177283294
ESTA,F29,19,6891.645123852801
ESTA,F29,20,7509.596914655609
ESTA,F29,21,6251.433438800619
ESTA,F29,22,6341.419292247892
ESTA,F29,23,8567.892178540242
ESTA,F29,24,6650.0447412740195
ESTA,F29,25,6758.9051235407915
ESTA,F29,26,6995.75311565155
ESTA,F29,27,7278.293153615364
ESTA,F29,28,7021.27888822334
ESTA,F29,29,7570.810943254271
ESTA,F29,30,7532.39519849944
ESTA,F30,1,115317.21527970326
ESTA,F30,2,42907.86857364056
ESTA,F30,3,76364.80779323641
ESTA,F30,4,214170.61822199976
ESTA,F30,5,154804.23311937935
ESTA,F30,6,75819.68907864047
ESTA,F30,7,67598.82437089665
ESTA,F30,8,82768.86196982118
ESTA,F30,9,140604.2125616835
ESTA,F30,10,65854.25409249522
ESTA,F30,11,66558.58010605464
ESTA,F30,12,63184.056564364015
ESTA,F30,13,98533.41142391108
ESTA,F30,14,79755.4569632264
ESTA,F30,15,66107.21195929695
ESTA,F30,16,187545.85246481508
ESTA,F30,17,48320.194596438625
ESTA,F30,18,107335.72596548407
ESTA,F30,19,232046.9640438343
ESTA,F30,20,164299.30744180433
ESTA,F30,21,42620.55842387316
ESTA,F30,22,200191.98954911972
ESTA,F30,23,79755.4569632264
ESTA,F30,24,100085.01077226925
ESTA,F30,25,77957.98233518128
ESTA,F30,26,103137.64388655686
ESTA,F30,27,51467.60429009616
ESTA,F30,28,66052.9106191466
ESTA,F30,29,224970.31442752434
ESTA,F30,30,62761.719004555525
ZOA,F1,1,1177727071.4843628
ZOA,F1,2,2088997008.3243232
ZOA,F1,3,2506204945.6011157
ZOA,F1,4,3859176539.5962167
ZOA,F1,5,5168184741.364937
ZOA,F1,6,951373899.1329708
ZOA,F1,7,13428540282.30107
ZOA,F1,8,3051438815.060004
ZOA,F1,9,3368087682.994807
ZOA,F1,10,3738398600.603036
ZOA,F1,11,2729418349.6807814
ZOA,F1,12,2422099261.833575
ZOA,F1,13,3151860244.744407
ZOA,F1,14,4207299550.038439
ZOA,F1,15,2533164132.6021233
ZOA,F1,16,4318011045.666107
ZOA,F1,17,2087774022.411079
ZOA,F1,18,3637727668.6578755
ZOA,F1,19,4544210780.153866
ZOA,F1,20,3318199846.6155195
ZOA,F1,21,911466760.8575023
ZOA,F1,22,5095973499.068388
ZOA,F1,23,1119591813.57984
ZOA,F1,24,2953853131.1856203
ZOA,F1,25,1291753406.9777124
ZOA,F1,26,6976857925.277232
ZOA,F1,27,1393486713.2773397
ZOA,F1,28,2171579271.287298
ZOA,F1,29,2909151309.5530806
ZOA,F1,30,5149886931.664796
ZOA,F3,1,486723.32968019566
ZOA,F3,2,467177.97042698914
ZOA,F3,3,352842.48268365755
ZOA,F3,4,467253.3875728543
ZOA,F3,5,425441.5665319203
ZOA,F3,6,417899.9687716627
ZOA,F3,7,418836.03355935914
ZOA,F3,8,347255.99130846665
ZOA,F3,9,320497.2704439968
ZOA,F3,10,359579.79811810516
ZOA,F3,11,502882.3340048636
ZOA,F3,12,389899.40183496854
ZOA,F3,13,379848.6093608791
ZOA,F3,14,388692.8553087256
ZOA,F3,15,396430.26815988874
ZOA,F3,16,410338.18808339065
ZOA,F3,17,433965.51311101404
ZOA,F3,18,425848.95832397585
ZOA,F3,19,457770.8901453243
ZOA,F3,20,399243.44094613683
ZOA,F3,21,438226.19399957714
ZOA,F3,22,479148.48119555734
ZOA,F3,23,477351.3045763469
ZOA,F3,24,384058.7576890151
ZOA,F3,25,460027.15877443564
ZOA,F3,26,454967.73601742333
ZOA,F3,27,507341.5789327735
ZOA,F3,28,551483.3306691824
ZOA,F3,29,379651.43860297726
ZOA,F3,30,466954.9346353518
ZOA,F4,1,1204.6337435015948
ZOA,F4,2,1332.0975794653882
ZOA,F4,3,1538.1724947558405
ZOA,F4,4,1285.4840611481543
ZOA,F4,5,1424.4289697496479
ZOA,F4,6,1611.916705718162
ZOA,F4,7,1221.1390814127956
ZOA,F4,8,1305.4988554351864
ZOA,F4,9,1463.884690901076
ZOA,F4,10,1297.3201502457161
ZOA,F4,11,1170.8450787242355
ZOA,F4,12,1109.208960032513
ZOA,F4,13,1558.2719291109495
ZOA,F4,14,1259.101796467064
ZOA,F4,15,1561.550950504519
ZOA,F4,16,1348.8035848394238
ZOA,F4,17,1247.2395990412917
ZOA,F4,18,1481.7959413690464
ZOA,F4,19,1358.5754276316939
ZOA,F4,20,1047.5486932628423
ZOA,F4,21,2110.659502793609
ZOA,F4,22,1301.1834550575918
ZOA,F4,23,1318.80140319697
ZOA,F4,24,1383.1003707192388
ZOA,F4,25,1571.5020175615466
ZOA,F4,26,1428.9211726668386
ZOA,F4,27,1041.7659234352154
ZOA,F4,28,1349.0588147001122
ZOA,F4,29,982.4715219891806
ZOA,F4,30,1177.3104535517741
ZOA,F5,1,1314.2336821299054
ZOA,F5,2,1213.7305681056368
ZOA,F5,3,1409.9504726492398
ZOA,F5,4,1391.9186472896617
ZOA,F5,5,1246.7840946181454
ZOA,F5,6,1391.8389066883651
ZOA,F5,7,1188.2698551197598
ZOA,F5,8,1257.666307187953
ZOA,F5,9,1158.0548153656757
ZOA,F5,10,1241.8065788484646
ZOA,F5,11,1232.1106017133725
ZOA,F5,12,1261.4600811112746
ZOA,F5,13,1265.5187623532854
ZOA,F5,14,1367.2986612720463
ZOA,F5,15,1279.0493913876523
ZOA,F5,16,1351.89625490241
ZOA,F5,17,1466.8337572541707
ZOA,F5,18,1238.7487791347862
ZOA,F5,19,1273.5197638136842
ZOA,F5,20,1323.7797346736434
ZOA,F5,21,1313.5929877522212
ZOA,F5,22,1184.7380232362357
ZOA,F5,23,1285.2052713186272
ZOA,F5,24,1283.0240490657152
ZOA,F5,25,1237.828317087991
ZOA,F5,26,1362.3795529717813
ZOA,F5,27,1305.449471037202
ZOA,F5,28,1130.1214439135424
ZOA,F5,29,1161.3350115206313
ZOA,F5,30,1196.9884455057029
ZOA,F6,1,642.3628080468588
ZOA,F6,2,642.32253818895
ZOA,F6,3,645.5983517021735
ZOA,F6,4,644.3346005355642
ZOA,F6,5,648.8980254190643
ZOA,F6,6,652.6534911393842
ZOA,F6,7,658.5403618649664
ZOA,F6,8,648.0613349979783
ZOA,F6,9,644.1234541515537
ZOA,F6,10,642.6847285861706
ZOA,F6,11,645.2337427324369
ZOA,F6,12,647.499524862703
ZOA,F6,13,644.5750310786259
ZOA,F6,14,644.0349258333297
ZOA,F6,15,644.1840483452646
ZOA,F6,16,646.1191270712368
ZOA,F6,17,648.8188157086971
ZOA,F6,18,660.0107486200221
ZOA,F6,19,646.7866691011322
ZOA,F6,20,649.3855738773987
ZOA,F6,21,641.2802991784095
ZOA,F6,22,640.3652687379495
ZOA,F6,23,647.4587652316436
ZOA,F6,24,639.2438226667458
ZOA,F6,25,650.8023085644667
ZOA,F6,26,648.8534726635697
ZOA,F6,27,652.0361013770455
ZOA,F6,28,658.1212880452641
ZOA,F6,29,641.6100843753297
ZOA,F6,30,640.2861254094128
ZOA,F7,1,2460.769801989476
ZOA,F7,2,2322.7575230319494
ZOA,F7,3,2336.746980034535
ZOA,F7,4,2338.0712460602317
ZOA,F7,5,2415.9091689744882
ZOA,F7,6,2316.399911237834
ZOA,F7,7,2336.5202028770013
ZOA,F7,8,2512.1540792757296
ZOA,F7,9,2178.5139129396775
ZOA,F7,10,2009.490413437012
ZOA,F7,11,2537.839301720621
ZOA,F7,12,2142.9824742071687
ZOA,F7,13,2205.318401033158
ZOA,F7,14,2346.327755361337
ZOA,F7,15,2121.0007171951397
ZOA,F7,16,1908.6973462303904
ZOA,F7,17,2462.073120671737
ZOA,F7,18,2460.0126092052033
ZOA,F7,19,2120.768147651646
ZOA,F7,20,2691.27111818019
ZOA,F7,21,2015.4249732524072
ZOA,F7,22,2333.3707168436385
ZOA,F7,23,2692.6807520803186
ZOA,F7,24,2739.753791184436
ZOA,F7,25,1924.7829360208161
ZOA,F7,26,2208.761075991184
ZOA,F7,27,2284.521479099325
ZOA,F7,28,2236.894512716113
ZOA,F7,29,1905.7303693062495
ZOA,F7,30,2834.6975963070813
ZOA,F8,1,1622.207276705663
ZOA,F8,2,1600.663795717948
ZOA,F8,3,1392.714757640726
ZOA,F8,4,1543.2367480826663
ZOA,F8,5,1549.430761843903
ZOA,F8,6,1592.1722571728965
ZOA,F8,7,1720.2221087295113
ZOA,F8,8,1592.7524292688927
ZOA,F8,9,1596.7948657291288
ZOA,F8,10,1721.9250832189482
ZOA,F8,11,1702.649445200711
ZOA,F8,12,1649.4078915061887
ZOA,F8,13,1524.8789667613682
ZOA,F8,14,1611.0622927833592
ZOA,F8,15,1554.478879547697
ZOA,F8,16,1611.1708302640118
ZOA,F8,17,1456.7692344074642
ZOA,F8,18,1686.9153289268966
ZOA,F8,19,1662.8552965492477
ZOA,F8,20,1655.5849778160818
ZOA,F8,21,1551.822146949059
ZOA,F8,22,1714.8776582036544
ZOA,F8,23,1569.899647440727
ZOA,F8,24,1707.1393177218083
ZOA,F8,25,1587.2452061355027
ZOA,F8,26,1750.861835236777
ZOA,F8,27,1647.1963777416427
ZOA,F8,28,1687.6980362019026
ZOA,F8,29,1721.780453312039
ZOA,F8,30,1716.8054319032876
ZOA,F9,1,33683.75306695568
ZOA,F9,2,28829.78551317529
ZOA,F9,3,18921.379108369543
ZOA,F9,4,27310.711237223302
ZOA,F9,5,23452.725609449826
ZOA,F9,6,23506.219084607248
ZOA,F9,7,25797.587401726483
ZOA,F9,8,30380.332190103512
ZOA,F9,9,28622.66972403624
ZOA,F9,10,28138.201215552563
ZOA,F9,11,22527.24604297459
ZOA,F9,12,27049.979374074475
ZOA,F9,13,24658.76665851611
ZOA,F9,14,25398.48684406042
ZOA,F9,15,26798.479141476753
ZOA,F9,16,25236.856862384047
ZOA,F9,17,32977.28807503631
ZOA,F9,18,26585.16352694779
ZOA,F9,19,29008.31637121948
ZOA,F9,20,28704.16429542088
ZOA,F9,21,21225.065329659254
ZOA,F9,22,26353.893495423163
ZOA,F9,23,27092.665639531566
ZOA,F9,24,21966.503736990326
ZOA,F9,25,27051.791437158903
ZOA,F9,26,24925.25266159309
ZOA,F9,27,23992.987138441098
ZOA,F9,28,24972.86588858765
ZOA,F9,29,22112.93225383117
ZOA,F9,30,24202.29373667888
ZOA,F10,1,16448.42802870658
ZOA,F10,2,17807.399061323395
ZOA,F10,3,15475.620654899401
ZOA,F10,4,16638.960970324926
ZOA,F10,5,15772.11963757965
ZOA,F10,6,13583.666056478462
ZOA,F10,7,16755.455511445623
ZOA,F10,8,16274.35743132226
ZOA,F10,9,16434.736424938117
ZOA,F10,10,16178.888254808127
ZOA,F10,11,17604.50904930935
ZOA,F10,12,15290.099714797321
ZOA,F10,13,14465.878799081434
ZOA,F10,14,13842.433313889363
ZOA,F10,15,14363.22143158664
ZOA,F10,16,17251.333980305044
ZOA,F10,17,17795.274238456943
ZOA,F10,18,17426.658615675457
ZOA,F10,19,15897.475957453407
ZOA,F10,20,16029.03248966307
ZOA,F10,21,12077.161446025257
ZOA,F10,22,15326.397139391982
ZOA,F10,23,14941.379851140176
ZOA,F10,24,17827.874386353156
ZOA,F10,25,16560.198241351114
ZOA,F10,26,16617.099585803182
ZOA,F10,27,17191.04390055737
ZOA,F10,28,16261.158331294071
ZOA,F10,29,13834.545361317745
ZOA,F10,30,14128.296147651872
ZOA,F11,1,32048.70728223581
ZOA,F11,2,26664.425518329437
ZOA,F11,3,37606.38315393086
ZOA,F11,4,43665.75266291129
ZOA,F11,5,40606.46297878757
ZOA,F11,6,59159.676795899184
ZOA,F11,7,35423.29248502086
ZOA,F11,8,48667.26502500109
ZOA,F11,9,43749.677993942525
ZOA,F11,10,55112.50786496531
ZOA,F11,11,51130.887817619645
ZOA,F11,12,23246.768458063252
ZOA,F11,13,64525.35219331884
ZOA,F11,14,50607.9776059327
ZOA,F11,15,35391.236184088535
ZOA,F11,16,48843.897758926316
ZOA,F11,17,35374.24340988364
ZOA,F11,18,43787.9096427086
ZOA,F11,19,32118.698799165813
ZOA,F11,20,70711.1372543749
ZOA,F11,21,39862.5879087762
ZOA,F11,22,60640.57539898933
ZOA,F11,23,22714.794240397157
ZOA,F11,24,44440.19868140366
ZOA,F11,25,25084.23832736327
ZOA,F11,26,29805.107336504483
ZOA,F11,27,31386.676267003993
ZOA,F11,28,66089.31599700036
ZOA,F11,29,60608.115554165015
ZOA,F11,30,52915.693369857356
ZOA,F12,1,321211318.719287
ZOA,F12,2,169022818.06268966
ZOA,F12,3,875921693.6404128
ZOA,F12,4,559737350.8716156
ZOA,F12,5,1762192355.643334
ZOA,F12,6,212388150.60030577
ZOA,F12,7,206500104.88797754
ZOA,F12,8,324593980.5330557
ZOA,F12,9,189189529.23968878
ZOA,F12,10,249977486.46613887
ZOA,F12,11,147731849.1503965
ZOA,F12,12,159688429.67431945
ZOA,F12,13,384175418.45910645
ZOA,F12,14,1845820214.0724604
ZOA,F12,15,123713955.08519931
ZOA,F12,16,283381700.0556151
ZOA,F12,17,167332789.62239856
ZOA,F12,18,470716241.7951218
ZOA,F12,19,247167473.90174004
ZOA,F12,20,284945599.87130237
ZOA,F12,21,281713921.1726604
ZOA,F12,22,471077775.12826395
ZOA,F12,23,139364667.61552474
ZOA,F12,24,596126317.9051132
ZOA,F12,25,386480769.7678993
ZOA,F12,26,844988281.3958406
ZOA,F12,27,391994450.04422534
ZOA,F12,28,807385038.492358
ZOA,F12,29,202134186.3098893
ZOA,F12,30,1012631511.74406
ZOA,F13,1,27859.252574393904
ZOA,F13,2,21266.5327922047
ZOA,F13,3,23293.744537241233
ZOA,F13,4,15542.740820154133
ZOA,F13,5,17256.00999197636
ZOA,F13,6,14168.584727961676
ZOA,F13,7,31678.873659179826
ZOA,F13,8,45306.1777239568
ZOA,F13,9,27820.55009146621
ZOA,F13,10,1873383040.4776344
ZOA,F13,11,6723317.842825941
ZOA,F13,12,19489.18520981418
ZOA,F13,13,15594.359020949425
ZOA,F13,14,14051.076463738846
ZOA,F13,15,25055.199375215874
ZOA,F13,16,31129.94718966526
ZOA,F13,17,20581.586789373352
ZOA,F13,18,7325541.561265762
ZOA,F13,19,25250.38707539144
ZOA,F13,20,17260.264699160904
ZOA,F13,21,19464.7002209965
ZOA,F13,22,25413.568758637117
ZOA,F13,23,311127054.7645094
ZOA,F13,24,20765.317605309123
ZOA,F13,25,15383.365114423848
ZOA,F13,26,12431.251766281415
ZOA,F13,27,12821.55718318944
ZOA,F13,28,21312.685746215844
ZOA,F13,29,20176.05994805713
ZOA,F13,30,11880.520866717205
ZOA,F14,1,13267344.551794363
ZOA,F14,2,9599742.010011971
ZOA,F14,3,5766289.708607381
ZOA,F14,4,4652502.535680934
ZOA,F14,5,9737306.51709325
ZOA,F14,6,7571099.766662047
ZOA,F14,7,9003972.984760387
ZOA,F14,8,4642238.607108782
ZOA,F14,9,16407634.7244389
ZOA,F14,10,4229810.494869841
ZOA,F14,11,2425559.618086341
ZOA,F14,12,9449502.240240052
ZOA,F14,13,14813889.00568101
ZOA,F14,14,9609290.567217149
ZOA,F14,15,25228033.273990296
ZOA,F14,16,8873966.444421748
ZOA,F14,17,10253746.09507191
ZOA,F14,18,8733330.093470654
ZOA,F14,19,10644976.186454874
ZOA,F14,20,6755597.493946287
ZOA,F14,21,10236689.768999577
ZOA,F14,22,7504413.4840033045
ZOA,F14,23,10529042.193537246
ZOA,F14,24,6105043.877304962
ZOA,F14,25,8358957.643287654
ZOA,F14,26,2952804.178284535
ZOA,F14,27,4391273.220989685
ZOA,F14,28,10884359.485722898
ZOA,F14,29,8753646.39018528
ZOA,F14,30,12245218.525411787
ZOA,F15,1,6821.0696806564665
ZOA,F15,2,1523984709.808845
ZOA,F15,3,10039.257700865996
ZOA,F15,4,14489.982934054697
ZOA,F15,5,10134.967824176016
ZOA,F15,6,14635.070335463408
ZOA,F15,7,8528.064043777107
ZOA,F15,8,10263.066498447773
ZOA,F15,9,12004.04874964953
ZOA,F15,10,8900.640297020735
ZOA,F15,11,10574.494910411486
ZOA,F15,12,6314.266081246008
ZOA,F15,13,11429.511875375483
ZOA,F15,14,5670.362699957946
ZOA,F15,15,8138.718727477009
ZOA,F15,16,11260.336826601417
ZOA,F15,17,13124.974339296037
ZOA,F15,18,7346.490568546351
ZOA,F15,19,12723.251676558526
ZOA,F15,20,7222.151370493835
ZOA,F15,21,4737.573374470925
ZOA,F15,22,11430.413327399696
ZOA,F15,23,11391.886544074569
ZOA,F15,24,5175.661636818072
ZOA,F15,25,6926.951982711779
ZOA,F15,26,5389.673336312435
ZOA,F15,27,19364.59889892966
ZOA,F15,28,14140.657633973622
ZOA,F15,29,11081.822514633948
ZOA,F15,30,7629.06308279834
ZOA,F16,1,6139.939006391745
ZOA,F16,2,7264.710140817491
ZOA,F16,3,6993.782600679194
ZOA,F16,4,6389.510190317163
ZOA,F16,5,5625.033138619409
ZOA,F16,6,6477.081698523519
ZOA,F16,7,5649.441382806919
ZOA,F16,8,7278.801867242254
ZOA,F16,9,6680.67939808499
ZOA,F16,10,4567.023318020885
ZOA,F16,11,5693.042793015815
ZOA,F16,12,5684.086458253171
ZOA,F16,13,6601.161403129542
ZOA,F16,14,6024.713073390071
ZOA,F16,15,5635.344045817389
ZOA,F16,16,6368.071983326368
ZOA,F16,17,6316.451010960031
ZOA,F16,18,6528.560847639225
ZOA,F16,19,5704.849830009694
ZOA,F16,20,7083.074019371298
ZOA,F16,21,6169.943746222807
ZOA,F16,22,4996.883041421502
ZOA,F16,23,6421.510634526732
ZOA,F16,24,5900.49091627413
ZOA,F16,25,5860.618251675436
ZOA,F16,26,4765.050356717916
ZOA,F16,27,6837.755004923356
ZOA,F16,28,6183.372222837692
ZOA,F16,29,7483.247288962378
ZOA,F16,30,5887.21857058708
ZOA,F17,1,5363.643747840239
ZOA,F17,2,4112.45297659399
ZOA,F17,3,4458.602283646709
ZOA,F17,4,4760.900938265682
ZOA,F17,5,5068.515502780972
ZOA,F17,6,6303.647276962925
ZOA,F17,7,4871.924966709307
ZOA,F17,8,5797.236062705264
ZOA,F17,9,4832.146727843914
ZOA,F17,10,5582.914652725848
ZOA,F17,11,4949.177709226004
ZOA,F17,12,4515.46020284253
ZOA,F17,13,5826.566747187141
ZOA,F17,14,4609.019889353096
ZOA,F17,15,4373.924315429499
ZOA,F17,16,5751.422958746571
ZOA,F17,17,5598.923808446799
ZOA,F17,18,5601.039608743558
ZOA,F17,19,5557.94902723861
ZOA,F17,20,4193.228322967968
ZOA,F17,21,5125.161963941469
ZOA,F17,22,5646.566584129757
ZOA,F17,23,5808.2769603814895
ZOA,F17,24,4526.13991967938
ZOA,F17,25,5290.817807705809
ZOA,F17,26,4460.203825003429
ZOA,F17,27,4830.14018968713
ZOA,F17,28,5026.959178618858
ZOA,F17,29,3891.60353628396
ZOA,F17,30,4827.63267825866
ZOA,F18,1,4574092.401864016
ZOA,F18,2,4338864.827704245
ZOA,F18,3,4808777.142201251
ZOA,F18,4,2792767.8148968867
ZOA,F18,5,8842497.939383077
ZOA,F18,6,3049549.021055528
ZOA,F18,7,3686755.5569532006
ZOA,F18,8,3922724.81710735
ZOA,F18,9,3443195.8726336807
ZOA,F18,10,3656881.1762149422
ZOA,F18,11,3432020.888456486
ZOA,F18,12,2663260.740074493
ZOA,F18,13,3732135.390289151
ZOA,F18,14,6600805.834421918
ZOA,F18,15,5188530.500756253
ZOA,F18,16,8414504.998325707
ZOA,F18,17,2849630.056748884
ZOA,F18,18,5739696.565938741
ZOA,F18,19,3698049.212014362
ZOA,F18,20,4677112.798796628
ZOA,F18,21,5517907.374144647
ZOA,F18,22,5449860.954775803
ZOA,F18,23,3344377.074348291
ZOA,F18,24,4276392.642227017
ZOA,F18,25,2175134.9401465114
ZOA,F18,26,4524446.102855222
ZOA,F18,27,1069988.335425731
ZOA,F18,28,3892504.3623975175
ZOA,F18,29,13775093.480116427
ZOA,F18,30,1992253.3706027237
ZOA,F19,1,46803.38933930193
ZOA,F19,2,14838.971043311578
ZOA,F19,3,13020.803511547361
ZOA,F19,4,6271.659693824894
ZOA,F19,5,7242.8288709488625
ZOA,F19,6,20023.23938685363
ZOA,F19,7,13227.605126479932
ZOA,F19,8,16169.143748562201
ZOA,F19,9,13756.617042171756
ZOA,F19,10,10031.95697087096
ZOA,F19,11,10587.37201332676
ZOA,F19,12,6151.643267158802
ZOA,F19,13,5738.397671660757
ZOA,F19,14,46956.81346903815
ZOA,F19,15,7246.956493944837
ZOA,F19,16,7630.048383890609
ZOA,F19,17,58383.533152694035
ZOA,F19,18,10681.266673168735
ZOA,F19,19,15559.701224891865
ZOA,F19,20,32966.5949265166
ZOA,F19,21,10476.595243193515
ZOA,F19,22,14745.811971448824
ZOA,F19,23,7355.245954367219
ZOA,F19,24,7728.105847267775
ZOA,F19,25,24679.26930064435
ZOA,F19,26,13684.54755486208
ZOA,F19,27,5951.777985667752
ZOA,F19,28,3866.102464921918
ZOA,F19,29,10010.710406816626
ZOA,F19,30,114392589.86590712
ZOA,F20,1,4619.806858637927
ZOA,F20,2,4515.253094745825
ZOA,F20,3,5711.1426247801555
ZOA,F20,4,5482.259263357356
ZOA,F20,5,5278.281075827277
ZOA,F20,6,5361.646670129937
ZOA,F20,7,5324.755851189748
ZOA,F20,8,5248.608108288923
ZOA,F20,9,6100.081493985764
ZOA,F20,10,5184.951764711104
ZOA,F20,11,4674.058315577515
ZOA,F20,12,4937.019345883868
ZOA,F20,13,5816.634968944447
ZOA,F20,14,5106.54486217544
ZOA,F20,15,4743.216267736333
ZOA,F20,16,5292.99436569126
ZOA,F20,17,6456.950362903586
ZOA,F20,18,5569.546985327552
ZOA,F20,19,4609.003031989954
ZOA,F20,20,5495.058969271553
ZOA,F20,21,4879.675465807127
ZOA,F20,22,5086.206756169145
ZOA,F20,23,5392.503805180938
ZOA,F20,24,5761.787870470658
ZOA,F20,25,4794.5271930030085
ZOA,F20,26,5848.017598663872
ZOA,F20,27,4947.941386578807
ZOA,F20,28,5448.4922220199805
ZOA,F20,29,5131.16697189259
ZOA,F20,30,4884.694212678248
ZOA,F21,1,3097.9704190355
ZOA,F21,2,2982.613078031919
ZOA,F21,3,3034.8897812300766
ZOA,F21,4,2961.2481241485193
ZOA,F21,5,3022.755633305972
ZOA,F21,6,3050.923649072359
ZOA,F21,7,3025.5436075767375
ZOA,F21,8,3199.972793438377
ZOA,F21,9,3203.4653218649455
ZOA,F21,10,2995.992994500995
ZOA,F21,11,3045.1468713902095
ZOA,F21,12,3028.319845975407
ZOA,F21,13,3110.052342285744
ZOA,F21,14,3258.338930387748
ZOA,F21,15,3218.326447244549
ZOA,F21,16,3112.4217695231637
ZOA,F21,17,3205.2003142990625
ZOA,F21,18,3040.88052026525
ZOA,F21,19,3060.2563341822724
ZOA,F21,20,3125.2852609155893
ZOA,F21,21,3244.767586174538
ZOA,F21,22,3073.432044373378
ZOA,F21,23,3341.672164394414
ZOA,F21,24,3063.6552641973467
ZOA,F21,25,3044.9211983314963
ZOA,F21,26,3228.929566798749
ZOA,F21,27,3089.980023218869
ZOA,F21,28,3076.678816315632
ZOA,F21,29,3117.5206596099333
ZOA,F21,30,3321.765407679027
ZOA,F22,1,19662.7191134341
ZOA,F22,2,19352.775255911594
ZOA,F22,3,20233.887932942158
ZOA,F22,4,19482.360746187234
ZOA,F22,5,18691.03783676415
ZOA,F22,6,18191.92196411982
ZOA,F22,7,19430.844234534645
ZOA,F22,8,20105.722895214545
ZOA,F22,9,17391.3562081668
ZOA,F22,10,19479.422951507495
ZOA,F22,11,20052.828794644658
ZOA,F22,12,19042.605930380552
ZOA,F22,13,19099.777979554354
ZOA,F22,14,16117.977334218649
ZOA,F22,15,18988.861946048168
ZOA,F22,16,18994.4975047072
ZOA,F22,17,19043.530250783137
ZOA,F22,18,16427.994844448676
ZOA,F22,19,19338.820635120916
ZOA,F22,20,20269.73063085345
ZOA,F22,21,17404.79857444692
ZOA,F22,22,16912.320612876618
ZOA,F22,23,16223.452157021911
ZOA,F22,24,16831.720493870413
ZOA,F22,25,17910.44200569362
ZOA,F22,26,19791.115431170176
ZOA,F22,27,19985.453122574734
ZOA,F22,28,18441.611233111762
ZOA,F22,29,20407.011194286435
ZOA,F22,30,17634.817905829565
ZOA,F23,1,3616.9644319799845
ZOA,F23,2,3758.6318646858613
ZOA,F23,3,3563.637918485163
ZOA,F23,4,3834.8845708070207
ZOA,F23,5,3825.5613877442465
ZOA,F23,6,3774.419627409299
ZOA,F23,7,3869.1242213204414
ZOA,F23,8,3845.0898573461604
ZOA,F23,9,3714.3702657393887
ZOA,F23,10,3764.9374186819505
ZOA,F23,11,3666.897944358747
ZOA,F23,12,3466.9831065590006
ZOA,F23,13,3737.0216501787145
ZOA,F23,14,3648.193397826178
ZOA,F23,15,3740.8157920654107
ZOA,F23,16,3795.6742067305363
ZOA,F23,17,3612.307304318523
ZOA,F23,18,3588.403190255255
ZOA,F23,19,3603.2468394434973
ZOA,F23,20,3718.7198029845877
ZOA,F23,21,3971.347622016512
ZOA,F23,22,3628.6852147733107
ZOA,F23,23,4144.905656346132
ZOA,F23,24,3778.8135247033943
ZOA,F23,25,3717.52081416298
ZOA,F23,26,3733.6300095757633
ZOA,F23,27,3685.3673301589542
ZOA,F23,28,4118.585536927014
ZOA,F23,29,3628.771930611866
ZOA,F23,30,3687.076117774101
ZOA,F24,1,4619.159089655039
ZOA,F24,2,4539.121030804119
ZOA,F24,3,5445.338676737791
ZOA,F24,4,4779.24750711078
ZOA,F24,5,5053.389648485847
ZOA,F24,6,5115.966465724696
ZOA,F24,7,5228.545758860452
ZOA,F24,8,4666.780507729236
ZOA,F24,9,4775.044324627902
ZOA,F24,10,4835.400607317073
ZOA,F24,11,5209.044120371134
ZOA,F24,12,4960.312313811577
ZOA,F24,13,4860.944015441522
ZOA,F24,14,5071.542447775022
ZOA,F24,15,4650.8400669418825
ZOA,F24,16,4654.160417775277
ZOA,F24,17,4589.6595905278355
ZOA,F24,18,5048.290999600704
ZOA,F24,19,4959.970005057014
ZOA,F24,20,4497.136758119765
ZOA,F24,21,5366.13674752909
ZOA,F24,22,5112.749757308557
ZOA,F24,23,4960.480316960566
ZOA,F24,24,5243.870445522265
ZOA,F24,25,4894.192478567844
ZOA,F24,26,4901.827833737938
ZOA,F24,27,4650.310001348192
ZOA,F24,28,4791.20223813791
ZOA,F24,29,4723.9588068389485
ZOA,F24,30,4964.76769286372
ZOA,F25,1,3805.289972751546
ZOA,F25,2,4163.269866322918
ZOA,F25,3,3684.175765850729
ZOA,F25,4,4204.672840860159
ZOA,F25,5,4047.5497418375617
ZOA,F25,6,3711.8523165633887
ZOA,F25,7,3864.842481697247
ZOA,F25,8,4108.110106311667
ZOA,F25,9,4082.6358479846367
ZOA,F25,10,4057.6045960120337
ZOA,F25,11,3835.5169759972723
ZOA,F25,12,4054.7055699007215
ZOA,F25,13,3862.5152238130177
ZOA,F25,14,3917.721297756933
ZOA,F25,15,4003.123355862958
ZOA,F25,16,4328.986580787827
ZOA,F25,17,4166.104339590052
ZOA,F25,18,3850.77777924192
ZOA,F25,19,4500.143614252475
ZOA,F25,20,3969.635445527629
ZOA,F25,21,3837.9690378023906
ZOA,F25,22,3881.3315152636155
ZOA,F25,23,4131.799653606191
ZOA,F25,24,4158.466073252614
ZOA,F25,25,3752.89008217919
ZOA,F25,26,4035.892440956848
ZOA,F25,27,3990.478351108318
ZOA,F25,28,4133.354037174857
ZOA,F25,29,4151.812615257393
ZOA,F25,30,3824.30918262015
ZOA,F26,1,21054.30742940658
ZOA,F26,2,26205.96151054168
ZOA,F26,3,24724.63740932739
ZOA,F26,4,25970.83136764328
ZOA,F26,5,25555.864268756515
ZOA,F26,6,24901.109093700175
ZOA,F26,7,24190.437125422683
ZOA,F26,8,22638.37450758139
ZOA,F26,9,22730.841357980466
ZOA,F26,10,26889.124687083247
ZOA,F26,11,23635.18689895071
ZOA,F26,12,24943.42435748367
ZOA,F26,13,23781.01821996784
ZOA,F26,14,23659.223240625688
ZOA,F26,15,26374.17494395769
ZOA,F26,16,24241.037175607835
ZOA,F26,17,25639.639932716294
ZOA,F26,18,23756.796659626198
ZOA,F26,19,27990.743150310638
ZOA,F26,20,20395.056536790966
ZOA,F26,21,24635.58449536369
ZOA,F26,22,21855.081687115675
ZOA,F26,23,24866.2840873305
ZOA,F26,24,21567.419811991385
ZOA,F26,25,20239.96705838639
ZOA,F26,26,23546.57776155793
ZOA,F26,27,25068.395765529927
ZOA,F26,28,23754.111157286374
ZOA,F26,29,27074.42211333086
ZOA,F26,30,25622.162683151335
ZOA,F27,1,4631.113971224706
ZOA,F27,2,4684.488845717476
ZOA,F27,3,4253.2211573862805
ZOA,F27,4,4458.142858568357
ZOA,F27,5,4835.595225723606
ZOA,F27,6,4833.344648265082
ZOA,F27,7,4661.20420724657
ZOA,F27,8,4495.650269855996
ZOA,F27,9,4957.154112208714
ZOA,F27,10,4815.576216925323
ZOA,F27,11,3983.1261853406204
ZOA,F27,12,4733.404581968711
ZOA,F27,13,4527.479805028389
ZOA,F27,14,4637.085314906312
ZOA,F27,15,4774.8817205132145
ZOA,F27,16,4496.419940521005
ZOA,F27,17,4422.5544375734835
ZOA,F27,18,4634.043765301842
ZOA,F27,19,4669.877861619753
ZOA,F27,20,4602.442105529236
ZOA,F27,21,4521.155521952114
ZOA,F27,22,4370.517780256182
ZOA,F27,23,4582.63229891899
ZOA,F27,24,4627.577645064873
ZOA,F27,25,4461.75877279701
ZOA,F27,26,4398.527673072744
ZOA,F27,27,4451.371021467306
ZOA,F27,28,4874.472084372328
ZOA,F27,29,4446.371536092607
ZOA,F27,30,4979.507043581236
ZOA,F28,1,5989.671434144519
ZOA,F28,2,5467.066574470018
ZOA,F28,3,5146.240767072428
ZOA,F28,4,4721.373778665011
ZOA,F28,5,6027.351120982315
ZOA,F28,6,4824.685707383169
ZOA,F28,7,5061.226084571724
ZOA,F28,8,5033.222648018079
ZOA,F28,9,5264.554886871007
ZOA,F28,10,5948.165908738036
ZOA,F28,11,5675.304632735749
ZOA,F28,12,4821.631614618395
ZOA,F28,13,5684.143860150734
ZOA,F28,14,4550.58012026417
ZOA,F28,15,5722.57626694745
ZOA,F28,16,7414.914895665427
ZOA,F28,17,4484.05373909391
ZOA,F28,18,4908.712109673193
ZOA,F28,19,5238.808584811168
ZOA,F28,20,4981.634567475963
ZOA,F28,21,4963.114425468559
ZOA,F28,22,5393.7397963654075
ZOA,F28,23,4456.586090844151
ZOA,F28,24,5374.128460988097
ZOA,F28,25,6369.529899547655
ZOA,F28,26,6344.319365228936
ZOA,F28,27,5469.834217303163
ZOA,F28,28,5458.382106147603
ZOA,F28,29,5172.258924785992
ZOA,F28,30,4594.666808677855
ZOA,F29,1,6818.709179918633
ZOA,F29,2,8705.398590644189
ZOA,F29,3,7299.025065049855
ZOA,F29,4,8724.588482447001
ZOA,F29,5,8445.414765577752
ZOA,F29,6,7096.598973887869
ZOA,F29,7,9502.797804899488
ZOA,F29,8,7424.147298875191
ZOA,F29,9,8008.590533531047
ZOA,F29,10,8193.480151809603
ZOA,F29,11,9356.057663411266
ZOA,F29,12,9501.479774411324
ZOA,F29,13,8866.162478953083
ZOA,F29,14,7662.517911863606
ZOA,F29,15,7537.158354874982
ZOA,F29,16,7576.763746097835
ZOA,F29,17,9294.162249502986
ZOA,F29,18,7563.169104756098
ZOA,F29,19,7917.776381470964
ZOA,F29,20,7838.492866001925
ZOA,F29,21,8169.430203368509
ZOA,F29,22,8255.92663069522
ZOA,F29,23,8457.145870097922
ZOA,F29,24,7652.98400233814
ZOA,F29,25,7726.133981945455
ZOA,F29,26,8905.605627341147
ZOA,F29,27,7475.688899191204
ZOA,F29,28,8477.576082654876
ZOA,F29,29,7983.489999239685
ZOA,F29,30,8279.569492342282
ZOA,F30,1,8387083.316480169
ZOA,F30,2,7979527.2319720425
ZOA,F30,3,2753616.2248081136
ZOA,F30,4,23567178.484671645
ZOA,F30,5,3367090.036895393
ZOA,F30,6,37035132.46460318
ZOA,F30,7,4909788.659552275
ZOA,F30,8,22737128.674068432
ZOA,F30,9,19551184.883649383
ZOA,F30,10,4279253.011246446
ZOA,F30,11,18843265.0635913
ZOA,F30,12,35960967.303686306
ZOA,F30,13,41627570.66390555
ZOA,F30,14,7679201.820597668
ZOA,F30,15,5457521.074682665
ZOA,F30,16,8464185.986527888
ZOA,F30,17,129108224.83716694
ZOA,F30,18,9175129.775234457
ZOA,F30,19,4312415.729123725
ZOA,F30,20,1659752.0204808826
ZOA,F30,21,9596232.166744702
ZOA,F30,22,26998882.224090092
ZOA,F30,23,9840168.137717705
ZOA,F30,24,28657281.99395074
ZOA,F30,25,8742535.09478673
ZOA,F30,26,9481526.40184249
ZOA,F30,27,3938113.139268497
ZOA,F30,28,11058415.235844098
ZOA,F30,29,10923973.793117722
ZOA,F30,30,30980189.26647727
GRO,F1,1,5438724842.796065
GRO,F1,2,3791458543.6124196
GRO,F1,3,6917010393.59462
GRO,F1,4,4207627425.4822526
GRO,F1,5,3247660549.2014275
GRO,F1,6,4487984020.1562605
GRO,F1,7,6025350165.9427
GRO,F1,8,3793420712.076294
GRO,F1,9,4849355412.055122
GRO,F1,10,6550355920.383512
GRO,F1,11,4380910597.906877
GRO,F1,12,4249575656.1441927
GRO,F1,13,12674970746.238289
GRO,F1,14,8723579409.500425
GRO,F1,15,4385115588.261231
GRO,F1,16,6724744371.849844
GRO,F1,17,5267642427.751916
GRO,F1,18,8401668624.2178545
GRO,F1,19,6291744124.83692
GRO,F1,20,3446408840.049592
GRO,F1,21,9139609624.153646
GRO,F1,22,3299963336.743686
GRO,F1,23,6095748839.1425705
GRO,F1,24,4497783625.405194
GRO,F1,25,3433522932.467246
GRO,F1,26,2643817212.974081
GRO,F1,27,2577007661.0335317
GRO,F1,28,2866304129.180098
GRO,F1,29,7407045745.410375
GRO,F1,30,7181604220.907687
GRO,F3,1,463779.45781549526
GRO,F3,2,487201.42721213534
GRO,F3,3,428314.8291840038
GRO,F3,4,368760.5714381364
GRO,F3,5,422797.72699905623
GRO,F3,6,425661.24404033757
GRO,F3,7,411244.7370095263
GRO,F3,8,412429.94189623423
GRO,F3,9,390899.6048852108
GRO,F3,10,390878.718339678
GRO,F3,11,398869.73924697476
GRO,F3,12,358937.87164388323
GRO,F3,13,348996.10615561483
GRO,F3,14,433113.1020607901
GRO,F3,15,398592.413184903
GRO,F3,16,396599.10243931104
GRO,F3,17,440620.01937935967
GRO,F3,18,468237.0884170835
GRO,F3,19,387713.9768764551
GRO,F3,20,411303.1322566412
GRO,F3,21,379752.2896277627
GRO,F3,22,342981.1417386694
GRO,F3,23,461593.1161485835
GRO,F3,24,325633.10871206527
GRO,F3,25,395062.1528153058
GRO,F3,26,479245.01912424294
GRO,F3,27,350205.3720548408
GRO,F3,28,432762.07212018664
GRO,F3,29,404968.96241424006
GRO,F3,30,342242.30022434815
GRO,F4,1,1556.083324084774
GRO,F4,2,1507.14912880717
GRO,F4,3,1427.318578906371
GRO,F4,4,1172.3934927792893
GRO,F4,5,1456.364607259771
GRO,F4,6,1293.036434392353
GRO,F4,7,1526.3149339834188
GRO,F4,8,1565.898677505251
GRO,F4,9,1507.0956689073548
GRO,F4,10,2051.346624087606
GRO,F4,11,1493.3520020077344
GRO,F4,12,1522.255542597014
GRO,F4,13,1449.8071156455119
GRO,F4,14,1336.7441967640302
GRO,F4,15,2231.2488520314246
GRO,F4,16,1684.3299923343327
GRO,F4,17,1575.9590699283153
GRO,F4,18,1349.6892706233116
GRO,F4,19,1270.984618031955
GRO,F4,20,2132.8373566693876
GRO,F4,21,1435.3373428411699
GRO,F4,22,1466.744699086768
GRO,F4,23,1225.233233851914
GRO,F4,24,1799.8161744910403
GRO,F4,25,1363.8424142981048
GRO,F4,26,1479.489750297665
GRO,F4,27,1572.4061581788528
GRO,F4,28,1282.514488642818
GRO,F4,29,1365.803180192715
GRO,F4,30,1821.5718371925216
GRO,F5,1,1349.8731181508404
GRO,F5,2,1675.9951500339832
GRO,F5,3,1546.0049055838936
GRO,F5,4,1290.4295500862652
GRO,F5,5,1273.1771864452776
GRO,F5,6,1554.9049228462786
GRO,F5,7,1719.8020206808299
GRO,F5,8,1479.0357646963785
GRO,F5,9,1524.9159516337143
GRO,F5,10,1617.0549995238152
GRO,F5,11,1324.1121735047182
GRO,F5,12,1618.1264995437707
GRO,F5,13,1681.294618563188
GRO,F5,14,1604.0236296469657
GRO,F5,15,1361.9891066936157
GRO,F5,16,1606.113989152165
GRO,F5,17,1595.1345604863034
GRO,F5,18,1695.5688279360108
GRO,F5,19,1609.4912890579762
GRO,F5,20,1546.876604400814
GRO,F5,21,1592.7769936635484
GRO,F5,22,1550.5441577114675
GRO,F5,23,1635.1834536933393
GRO,F5,24,1453.1868271283183
GRO,F5,25,1462.2716411184956
GRO,F5,26,1248.0096320453308
GRO,F5,27,1667.194951737236
GRO,F5,28,1469.822966966838
GRO,F5,29,1695.4497560499278
GRO,F5,30,1767.297148028673
GRO,F6,1,627.3715852273664
GRO,F6,2,620.8222351525839
GRO,F6,3,627.6868775184678
GRO,F6,4,626.1086495493583
GRO,F6,5,631.5128069319061
GRO,F6,6,626.7148318300926
GRO,F6,7,631.0383058773904
GRO,F6,8,626.6966367517105
GRO,F6,9,626.3541559338839
GRO,F6,10,620.00053788994
GRO,F6,11,634.9933875801655
GRO,F6,12,623.0922545109033
GRO,F6,13,625.3265351357379
GRO,F6,14,625.497499440449
GRO,F6,15,630.2695731574755
GRO,F6,16,637.38539158555
GRO,F6,17,620.0086686095035
GRO,F6,18,627.2850982265824
GRO,F6,19,622.7981983004356
GRO,F6,20,621.0019968119578
GRO,F6,21,636.0587774229776
GRO,F6,22,624.8176648493965
GRO,F6,23,631.0093113612455
GRO,F6,24,635.3288158119562
GRO,F6,25,625.7672539247677
GRO,F6,26,621.5932337667713
GRO,F6,27,634.572910480132
GRO,F6,28,625.9122824262231
GRO,F6,29,648.3500612894902
GRO,F6,30,628.9457525643252
GRO,F7,1,2276.079820423273
GRO,F7,2,2573.7510148908373
GRO,F7,3,2092.851067345116
GRO,F7,4,2271.7101118841
GRO,F7,5,2094.7942625981195
GRO,F7,6,2265.34902924021
GRO,F7,7,2396.978887255661
GRO,F7,8,2299.7815882393625
GRO,F7,9,2001.0383972739105
GRO,F7,10,2163.8186473509436
GRO,F7,11,2394.6563256278932
GRO,F7,12,2159.702566269091
GRO,F7,13,2345.2965634712773
GRO,F7,14,2683.203925709244
GRO,F7,15,2239.886410576342
GRO,F7,16,2093.2672502439186
GRO,F7,17,2180.9739440920407
GRO,F7,18,1845.159571342868
GRO,F7,19,2262.145094141803
GRO,F7,20,2253.947048390021
GRO,F7,21,1973.654865394587
GRO,F7,22,2471.4264612399925
GRO,F7,23,2080.798674861168
GRO,F7,24,2129.0509169065153
GRO,F7,25,2360.7394834268057
GRO,F7,26,2251.634157760704
GRO,F7,27,1914.7820704989763
GRO,F7,28,1998.8990413931622
GRO,F7,29,2011.1121048957882
GRO,F7,30,2202.1342710302733
GRO,F8,1,1834.8128866407717
GRO,F8,2,1976.7086766132245
GRO,F8,3,1877.8864563432262
GRO,F8,4,1724.4200254650389
GRO,F8,5,1829.740059526667
GRO,F8,6,1949.2552110902745
GRO,F8,7,1791.834567012319
GRO,F8,8,1955.6077750241136
GRO,F8,9,1839.9222407760133
GRO,F8,10,1588.873392171707
GRO,F8,11,1655.31012213813
GRO,F8,12,1932.9391426908073
GRO,F8,13,1769.0165305075427
GRO,F8,14,1771.5667109340416
GRO,F8,15,1963.4163831745363
GRO,F8,16,1879.6054240990331
GRO,F8,17,1693.65839835426
GRO,F8,18,1969.3130389721127
GRO,F8,19,1726.2931405904078
GRO,F8,20,1539.618387856349
GRO,F8,21,1911.0946819439741
GRO,F8,22,1835.794623770109
GRO,F8,23,1993.0556652652233
GRO,F8,24,2005.6284509825098
GRO,F8,25,1654.9667504551207
GRO,F8,26,1798.9154802568055
GRO,F8,27,1922.165386450683
GRO,F8,28,1924.3206127091032
GRO,F8,29,1899.1285844549718
GRO,F8,30,1648.162773055401
GRO,F9,1,59153.4162640122
GRO,F9,2,53454.00415834772
GRO,F9,3,52675.23404672644
GRO,F9,4,42349.529936951214
GRO,F9,5,43779.22879075406
GRO,F9,6,49744.186231089276
GRO,F9,7,35245.87862970915
GRO,F9,8,48792.6070096401
GRO,F9,9,24451.967497996473
GRO,F9,10,54559.58295955253
GRO,F9,11,46264.01449574181
GRO,F9,12,58877.38772489123
GRO,F9,13,43506.31088010323
GRO,F9,14,36521.150150936395
GRO,F9,15,54321.95042265655
GRO,F9,16,36270.20991821176
GRO,F9,17,47514.649433190476
GRO,F9,18,17240.65850160174
GRO,F9,19,64577.77799308553
GRO,F9,20,43616.02207244872
GRO,F9,21,58264.73332511761
GRO,F9,22,35404.654783856204
GRO,F9,23,29343.92210019926
GRO,F9,24,45510.33566401573
GRO,F9,25,62042.49266280921
GRO,F9,26,25543.477948318774
GRO,F9,27,41735.978480343285
GRO,F9,28,43102.176348525114
GRO,F9,29,48316.75108123514
GRO,F9,30,42184.343037051505
GRO,F10,1,31919.00575747269
GRO,F10,2,31884.919114284916
GRO,F10,3,31328.597207323735
GRO,F10,4,28653.36873354388
GRO,F10,5,31672.280894670963
GRO,F10,6,31681.852884852302
GRO,F10,7,32152.024350058353
GRO,F10,8,30862.956793805548
GRO,F10,9,30860.052792048537
GRO,F10,10,31511.24840531025
GRO,F10,11,32484.383685089393
GRO,F10,12,31775.597880052293
GRO,F10,13,30127.096312196114
GRO,F10,14,30983.606633091254
GRO,F10,15,31684.83235663603
GRO,F10,16,31712.46736261674
GRO,F10,17,32660.86483597639
GRO,F10,18,29900.046420697923
GRO,F10,19,32244.900158350647
GRO,F10,20,32553.534239983856
GRO,F10,21,33035.35597986973
GRO,F10,22,31703.12994488283
GRO,F10,23,31707.032413057867
GRO,F10,24,30458.127799859743
GRO,F10,25,32051.574243146402
GRO,F10,26,29647.21783590685
GRO,F10,27,32139.386970206448
GRO,F10,28,32250.60677907955
GRO,F10,29,31745.89272907999
GRO,F10,30,29882.1178796033
GRO,F11,1,95668.06380849835
GRO,F11,2,75780.19108942518
GRO,F11,3,76271.78142818328
GRO,F11,4,69469.16364189771
GRO,F11,5,105321.52208720136
GRO,F11,6,82327.53850648782
GRO,F11,7,81603.97741489476
GRO,F11,8,65279.67476016207
GRO,F11,9,73693.18316917044
GRO,F11,10,82529.37502626276
GRO,F11,11,91446.84444903523
GRO,F11,12,68555.09888910904
GRO,F11,13,91765.01050693852
GRO,F11,14,52505.06248164822
GRO,F11,15,67177.78467711873
GRO,F11,16,92078.35822081748
GRO,F11,17,80437.86442522604
GRO,F11,18,68066.86376955699
GRO,F11,19,59064.913303517606
GRO,F11,20,92586.4142667233
GRO,F11,21,75672.0998220419
GRO,F11,22,92837.18235060576
GRO,F11,23,94376.62675535215
GRO,F11,24,85006.78455242378
GRO,F11,25,84377.95664836216
GRO,F11,26,65874.73806264103
GRO,F11,27,103873.64279783369
GRO,F11,28,70075.6487699435
GRO,F11,29,82407.33851040536
GRO,F11,30,51605.92791051545
GRO,F12,1,216416835.57014966
GRO,F12,2,110942257.26470399
GRO,F12,3,129073905.64064983
GRO,F12,4,248431774.9982987
GRO,F12,5,178800118.6457061
GRO,F12,6,305318044.91237235
GRO,F12,7,195818771.16972566
GRO,F12,8,205511783.3513772
GRO,F12,9,166496192.76323017
GRO,F12,10,259931557.8824937
GRO,F12,11,126453794.0727967
GRO,F12,12,347352265.3129275
GRO,F12,13,221465190.0563111
GRO,F12,14,384185210.2409066
GRO,F12,15,102599476.67565456
GRO,F12,16,206921555.28544134
GRO,F12,17,244081764.14878184
GRO,F12,18,172611091.85461175
GRO,F12,19,187204601.90481782
GRO,F12,20,155827922.84586924
GRO,F12,21,232037808.5824088
GRO,F12,22,157036691.85373297
GRO,F12,23,145814496.19280547
GRO,F12,24,270333879.4893234
GRO,F12,25,186264130.35383415
GRO,F12,26,172653717.26668665
GRO,F12,27,344803092.6241647
GRO,F12,28,407115312.7893567
GRO,F12,29,162216575.01106405
GRO,F12,30,140971087.57666522
GRO,F13,1,10753.796582782248
GRO,F13,2,16881.039194366298
GRO,F13,3,9934.550745814948
GRO,F13,4,17783.501119384127
GRO,F13,5,21566.407749072307
GRO,F13,6,12266.186745408351
GRO,F13,7,12130.868059802146
GRO,F13,8,11872.74443053977
GRO,F13,9,12467.716164811603
GRO,F13,10,10856.215049582446
GRO,F13,11,21654.387126071506
GRO,F13,12,9798.675716068836
GRO,F13,13,28850.643788606565
GRO,F13,14,8950.671308470228
GRO,F13,15,14489.641880515323
GRO,F13,16,17510.138377831514
GRO,F13,17,7072.329171249197
GRO,F13,18,30941.21796940773
GRO,F13,19,19950.016397293388
GRO,F13,20,9286.737185945549
GRO,F13,21,15298.35716126924
GRO,F13,22,29876.092646770714
GRO,F13,23,23827.633374419835
GRO,F13,24,16101.214391954325
GRO,F13,25,9428.411119975874
GRO,F13,26,12810.24002546207
GRO,F13,27,10967.173966275976
GRO,F13,28,11986.348407890027
GRO,F13,29,10313.17881764395
GRO,F13,30,11726.983577744413
GRO,F14,1,2325177.817900079
GRO,F14,2,6506819.546995028
GRO,F14,3,3139770.5492149093
GRO,F14,4,5373622.446156563
GRO,F14,5,9315421.626548743
GRO,F14,6,4214266.495792086
GRO,F14,7,3868656.601198535
GRO,F14,8,5232926.031990044
GRO,F14,9,3684526.9399817754
GRO,F14,10,5360836.831464544
GRO,F14,11,6927157.9475886645
GRO,F14,12,7082419.490152172
GRO,F14,13,5246429.444219804
GRO,F14,14,11940656.354767786
GRO,F14,15,4214398.238647303
GRO,F14,16,5622812.2189513985
GRO,F14,17,9616633.219104283
GRO,F14,18,5356702.893675625
GRO,F14,19,3271831.8789319987
GRO,F14,20,4711279.55359014
GRO,F14,21,3886329.033625909
GRO,F14,22,8286895.117800363
GRO,F14,23,6336754.437544215
GRO,F14,24,9900389.040025422
GRO,F14,25,7735321.460603968
GRO,F14,26,6930868.394599863
GRO,F14,27,11122897.006611597
GRO,F14,28,7654534.693799493
GRO,F14,29,9231587.924561163
GRO,F14,30,2101565.2458623047
GRO,F15,1,3444.9206985163846
GRO,F15,2,2302.9028504810676
GRO,F15,3,5219.441875553886
GRO,F15,4,2467.387647421576
GRO,F15,5,2516.84545081372
GRO,F15,6,7699.21537738258
GRO,F15,7,5717.736628576699
GRO,F15,8,7343.529946409683
GRO,F15,9,4453.958307763618
GRO,F15,10,7220.422264908141
GRO,F15,11,2433.6422632135277
GRO,F15,12,3061.537154321625
GRO,F15,13,4534.525721013041
GRO,F15,14,3690.750744532525
GRO,F15,15,3368.275558180357
GRO,F15,16,2420.9986965498106
GRO,F15,17,5253.317254295331
GRO,F15,18,3927.6375266183477
GRO,F15,19,3652.3864830065163
GRO,F15,20,2705.5704103257967
GRO,F15,21,3987.245726502707
GRO,F15,22,2952.2534600698054
GRO,F15,23,2374.439981107432
GRO,F15,24,2604.4507367910783
GRO,F15,25,3500.435645824454
GRO,F15,26,2560.924587359893
GRO,F15,27,8282.042262972896
GRO,F15,28,3390.3281471973405
GRO,F15,29,2201.0589536474245
GRO,F15,30,2181.4540781545743
GRO,F16,1,10674.789427376854
GRO,F16,2,9125.02533865664
GRO,F16,3,8932.532254767633
GRO,F16,4,10191.325734223974
GRO,F16,5,9776.893411042332
GRO,F16,6,10260.029977480544
GRO,F16,7,10803.95499705001
GRO,F16,8,8124.924134873911
GRO,F16,9,7767.541764943424
GRO,F16,10,10885.374140881078
GRO,F16,11,7108.696978751699
GRO,F16,12,6498.656922638529
GRO,F16,13,10557.866713714004
GRO,F16,14,6937.709468654996
GRO,F16,15,10443.542284793011
GRO,F16,16,10743.824781766993
GRO,F16,17,10071.832060405119
GRO,F16,18,10106.841088324763
GRO,F16,19,11156.84185257729
GRO,F16,20,10546.790567327304
GRO,F16,21,10135.505403855783
GRO,F16,22,8765.256027721787
GRO,F16,23,9931.859986258485
GRO,F16,24,10954.162584847105
GRO,F16,25,10211.420118265312
GRO,F16,26,9745.839897945287
GRO,F16,27,10623.897212286254
GRO,F16,28,8991.201578794047
GRO,F16,29,7471.996477071704
GRO,F16,30,11121.669551336627
GRO,F17,1,7405.279455792143
GRO,F17,2,7233.6824092812385
GRO,F17,3,7762.554447345097
GRO,F17,4,7284.594414771215
GRO,F17,5,7756.091259403823
GRO,F17,6,6883.377805794935
GRO,F17,7,7013.830817358565
GRO,F17,8,7165.827059268768
GRO,F17,9,7447.570707955779
GRO,F17,10,7823.499681117347
GRO,F17,11,7641.055134579881
GRO,F17,12,7265.877932311291
GRO,F17,13,6702.132458641729
GRO,F17,14,6772.660342292954
GRO,F17,15,7220.587235192127
GRO,F17,16,7755.141478839557
GRO,F17,17,7271.02083131702
GRO,F17,18,7535.766105626718
GRO,F17,19,6966.93096707413
GRO,F17,20,7284.8814378715215
GRO,F17,21,6736.489106322171
GRO,F17,22,7304.524352303855
GRO,F17,23,7288.467680676965
GRO,F17,24,7218.107760018967
GRO,F17,25,7405.515477614233
GRO,F17,26,7791.392713833566
GRO,F17,27,7449.021231466068
GRO,F17,28,7380.13386473599
GRO,F17,29,7592.269192135647
GRO,F17,30,6997.284456434516
GRO,F18,1,13431868.776779894
GRO,F18,2,15670455.953553157
GRO,F18,3,9081424.850571655
GRO,F18,4,11370775.540548036
GRO,F18,5,12943059.388492206
GRO,F18,6,8571051.241042495
GRO,F18,7,14290121.413185678
GRO,F18,8,12863441.558298672
GRO,F18,9,19439624.72543528
GRO,F18,10,40289545.19373742
GRO,F18,11,11584481.990434323
GRO,F18,12,28930036.85422621
GRO,F18,13,20554357.850491885
GRO,F18,14,6026404.945377167
GRO,F18,15,13796736.163659938
GRO,F18,16,12698354.022664307
GRO,F18,17,5717877.324838247
GRO,F18,18,14492391.461992785
GRO,F18,19,19725449.94750831
GRO,F18,20,16752736.76756453
GRO,F18,21,14280509.15447879
GRO,F18,22,23655458.28832184
GRO,F18,23,6902401.488961468
GRO,F18,24,9377880.293661624
GRO,F18,25,16981315.258617114
GRO,F18,26,13077223.559461026
GRO,F18,27,9488249.188335545
GRO,F18,28,9321709.156959072
GRO,F18,29,6574614.32852529
GRO,F18,30,4302516.680731519
GRO,F19,1,11915.279388544132
GRO,F19,2,3908.5667748990245
GRO,F19,3,2346.5241841902302
GRO,F19,4,22589.835599196955
GRO,F19,5,13772.363835388314
GRO,F19,6,3751.5135888989175
GRO,F19,7,4111.994519935171
GRO,F19,8,5857.635341061061
GRO,F19,9,2885.0738910369673
GRO,F19,10,2528.036549878536
GRO,F19,11,2958.0142063205885
GRO,F19,12,3918.9137281014464
GRO,F19,13,3065.346057140993
GRO,F19,14,3930.333727315645
GRO,F19,15,11034.800983383308
GRO,F19,16,2302.0496760306905
GRO,F19,17,4075.135887231881
GRO,F19,18,5132.298285071933
GRO,F19,19,2219.9514786431446
GRO,F19,20,16311.387554509445
GRO,F19,21,2233.823834970564
GRO,F19,22,3584.144314838448
GRO,F19,23,2917.1396822568922
GRO,F19,24,2447.778689434511
GRO,F19,25,5652.634812423001
GRO,F19,26,2397.023570371618
GRO,F19,27,2236.2833295950413
GRO,F19,28,6861.280231521731
GRO,F19,29,6629.650549291396
GRO,F19,30,2258.2154705426387
GRO,F20,1,6860.31177706319
GRO,F20,2,6171.821141500524
GRO,F20,3,7316.584755688406
GRO,F20,4,7480.489516869251
GRO,F20,5,7151.8045102182095
GRO,F20,6,7410.487906501018
GRO,F20,7,7438.11374970673
GRO,F20,8,6957.440585008109
GRO,F20,9,7463.924811958037
GRO,F20,10,7537.058317603044
GRO,F20,11,7171.3629428443155
GRO,F20,12,7448.542232115924
GRO,F20,13,6538.331512109985
GRO,F20,14,7243.94557431451
GRO,F20,15,7551.634040949953
GRO,F20,16,6579.903732737712
GRO,F20,17,6586.837981904627
GRO,F20,18,6859.084509413609
GRO,F20,19,6490.60727606801
GRO,F20,20,7582.729350516088
GRO,F20,21,5577.727372029365
GRO,F20,22,7228.732746212921
GRO,F20,23,7189.83836645473
GRO,F20,24,6609.0488607017005
GRO,F20,25,5994.808293621976
GRO,F20,26,6565.881812576888
GRO,F20,27,6968.27046770092
GRO,F20,28,7157.435135290925
GRO,F20,29,7269.284689239877
GRO,F20,30,7229.816014885068
GRO,F21,1,3333.533436346169
GRO,F21,2,3393.3319564714693
GRO,F21,3,3430.975176201335
GRO,F21,4,3069.184597770307
GRO,F21,5,3318.738561810678
GRO,F21,6,3396.376704797808
GRO,F21,7,3424.487680708842
GRO,F21,8,3195.77303435884
GRO,F21,9,3255.3688786929224
GRO,F21,10,3160.3856075735384
GRO,F21,11,3233.231680419489
GRO,F21,12,3271.360629289653
GRO,F21,13,3468.7815823341507
GRO,F21,14,3322.145501461865
GRO,F21,15,3317.705844572707
GRO,F21,16,3235.833159811943
GRO,F21,17,3319.060564302472
GRO,F21,18,3332.8713217733057
GRO,F21,19,3275.273647703889
GRO,F21,20,3058.750008807735
GRO,F21,21,3054.1719421670296
GRO,F21,22,3137.065411103155
GRO,F21,23,3405.471891590605
GRO,F21,24,3411.381495663457
GRO,F21,25,3258.7181663405026
GRO,F21,26,3308.3566598302214
GRO,F21,27,3110.829217804735
GRO,F21,28,3356.699642791493
GRO,F21,29,2851.5444571828557
GRO,F21,30,3136.1747722081045
GRO,F22,1,33277.512666613264
GRO,F22,2,34325.41887896738
GRO,F22,3,33010.44920044451
GRO,F22,4,33201.325523073705
GRO,F22,5,33695.11153099846
GRO,F22,6,33696.202249193164
GRO,F22,7,33871.36270951264
GRO,F22,8,6259.237153168344
GRO,F22,9,33964.9678341238
GRO,F22,10,32838.394602136905
GRO,F22,11,34870.06358364014
GRO,F22,12,33797.551711760134
GRO,F22,13,34432.34897645601
GRO,F22,14,34905.14760923103
GRO,F22,15,31708.766353468556
GRO,F22,16,34384.61677574573
GRO,F22,17,34137.65612601237
GRO,F22,18,34424.18061691075
GRO,F22,19,34385.73819994803
GRO,F22,20,32617.606412456655
GRO,F22,21,29415.69716118172
GRO,F22,22,34046.78040777684
GRO,F22,23,34027.26249689808
GRO,F22,24,6077.991231234693
GRO,F22,25,31391.99324394316
GRO,F22,26,33816.920804487556
GRO,F22,27,33510.805815656844
GRO,F22,28,32967.76882843797
GRO,F22,29,32422.07613433413
GRO,F22,30,34483.56378633127
GRO,F23,1,3908.3871045334604
GRO,F23,2,3724.439019548652
GRO,F23,3,3545.692663849505
GRO,F23,4,3900.09270689964
GRO,F23,5,3401.9086917537425
GRO,F23,6,3682.759779329555
GRO,F23,7,3653.9289199895347
GRO,F23,8,3864.610944943749
GRO,F23,9,3451.7350585954646
GRO,F23,10,3618.782065586547
GRO,F23,11,3908.245372004025
GRO,F23,12,3849.007063820095
GRO,F23,13,3540.6238288145278
GRO,F23,14,3706.1963681564866
GRO,F23,15,3329.614579051333
GRO,F23,16,3765.4597350373806
GRO,F23,17,3624.9627239474075
GRO,F23,18,3635.7251544871133
GRO,F23,19,3475.197617340188
GRO,F23,20,3797.5219330449972
GRO,F23,21,3794.544340542392
GRO,F23,22,3537.7401772656513
GRO,F23,23,3702.877355766852
GRO,F23,24,3854.1367764367506
GRO,F23,25,3812.533017094975
GRO,F23,26,3587.2872763982473
GRO,F23,27,3673.4501662070393
GRO,F23,28,3894.759642588612
GRO,F23,29,3506.531184386513
GRO,F23,30,3593.3147422038173
GRO,F24,1,4270.314001947487
GRO,F24,2,4147.2439094679685
GRO,F24,3,4092.584785052806
GRO,F24,4,4248.598004836658
GRO,F24,5,3897.5554288508265
GRO,F24,6,4115.929716541501
GRO,F24,7,4096.398996560132
GRO,F24,8,3931.833638046691
GRO,F24,9,4147.113706988694
GRO,F24,10,4034.273524954272
GRO,F24,11,4073.0391138613427
GRO,F24,12,4078.1031424987236
GRO,F24,13,4405.422784672162
GRO,F24,14,4146.031358615098
GRO,F24,15,4379.216527212811
GRO,F24,16,4337.403851153138
GRO,F24,17,4131.508258489574
GRO,F24,18,3997.5192736854146
GRO,F24,19,4160.620548980967
GRO,F24,20,4171.54774348379
GRO,F24,21,4020.7842030212987
GRO,F24,22,4204.630015885955
GRO,F24,23,4200.417576843494
GRO,F24,24,4099.470206527623
GRO,F24,25,4457.566592706412
GRO,F24,26,4212.380521583682
GRO,F24,27,4121.948356657433
GRO,F24,28,4397.620568673648
GRO,F24,29,4224.0191615309595
GRO,F24,30,4011.6784673840143
GRO,F25,1,3902.2005605964564
GRO,F25,2,4481.114601939464
GRO,F25,3,4551.137856127047
GRO,F25,4,3980.8457398677747
GRO,F25,5,4317.866949594667
GRO,F25,6,3989.3898140454166
GRO,F25,7,4037.4307568999357
GRO,F25,8,3953.6387186811025
GRO,F25,9,4210.201631784055
GRO,F25,10,4475.521818143476
GRO,F25,11,4190.018756741245
GRO,F25,12,4822.216169801174
GRO,F25,13,4055.7008898523163
GRO,F25,14,3967.7107262481745
GRO,F25,15,4094.0100577009343
GRO,F25,16,4265.78568888296
GRO,F25,17,4066.339157831405
GRO,F25,18,4127.882032258451
GRO,F25,19,4216.909365934409
GRO,F25,20,3900.2120104841274
GRO,F25,21,4328.029163739148
GRO,F25,22,4164.505550930776
GRO,F25,23,4464.178635650987
GRO,F25,24,4545.672061259313
GRO,F25,25,4126.093013260581
GRO,F25,26,4475.557958780906
GRO,F25,27,4135.982460753043
GRO,F25,28,4079.957860352698
GRO,F25,29,4160.657059168248
GRO,F25,30,4189.221335286697
GRO,F26,1,19566.76768874729
GRO,F26,2,8047.460141358739
GRO,F26,3,18684.784982198144
GRO,F26,4,22175.36966335694
GRO,F26,5,6463.547997509251
GRO,F26,6,17628.253888791576
GRO,F26,7,6581.904541375299
GRO,F26,8,6166.569914042126
GRO,F26,9,15309.599533954823
GRO,F26,10,14358.351449048623
GRO,F26,11,18242.8860227464
GRO,F26,12,17363.93281430217
GRO,F26,13,14575.790551271904
GRO,F26,14,16598.327232969204
GRO,F26,15,6147.525380271076
GRO,F26,16,16553.399654772868
GRO,F26,17,15174.158095959714
GRO,F26,18,18262.545966704398
GRO,F26,19,16594.37466853772
GRO,F26,20,14964.90033221031
GRO,F26,21,14545.20282143409
GRO,F26,22,6648.102076930712
GRO,F26,23,8521.64990437773
GRO,F26,24,14657.436751546744
GRO,F26,25,15395.637716308254
GRO,F26,26,17557.34503367493
GRO,F26,27,16566.66025983936
GRO,F26,28,10526.823035822932
GRO,F26,29,7449.262386167093
GRO,F26,30,5830.648069153377
GRO,F27,1,3972.3670539421655
GRO,F27,2,3799.7447150053176
GRO,F27,3,3757.0595680047186
GRO,F27,4,3827.3115029873716
GRO,F27,5,4167.463415686956
GRO,F27,6,3758.7688419087426
GRO,F27,7,3896.1969929700126
GRO,F27,8,3925.641213460046
GRO,F27,9,4607.87864837226
GRO,F27,10,4391.472832196922
GRO,F27,11,4129.651009988723
GRO,F27,12,3852.240707329399
GRO,F27,13,4425.5041921264565
GRO,F27,14,4346.349790197182
GRO,F27,15,3915.9514126824342
GRO,F27,16,3882.9861564412267
GRO,F27,17,3860.425653755431
GRO,F27,18,3982.436458707676
GRO,F27,19,4739.278223974643
GRO,F27,20,3739.171885681105
GRO,F27,21,4445.835551392705
GRO,F27,22,3922.065049355273
GRO,F27,23,3981.5438283740455
GRO,F27,24,4316.295651400023
GRO,F27,25,3988.295619199952
GRO,F27,26,4201.447440468621
GRO,F27,27,4426.505637348507
GRO,F27,28,4390.84724644499
GRO,F27,29,3800.1042670192987
GRO,F27,30,4031.848081734038
GRO,F28,1,4769.533217989014
GRO,F28,2,4813.3718253409
GRO,F28,3,4063.253014850048
GRO,F28,4,4633.410103437251
GRO,F28,5,5385.803913577033
GRO,F28,6,5007.776675203095
GRO,F28,7,4673.44899249457
GRO,F28,8,4193.332574377126
GRO,F28,9,4498.031076053398
GRO,F28,10,4562.0327512296535
GRO,F28,11,4802.466059975364
GRO,F28,12,5713.054920970697
GRO,F28,13,4544.663700482021
GRO,F28,14,4828.086382566841
GRO,F28,15,5401.150973328459
GRO,F28,16,4778.996599688908
GRO,F28,17,4509.067616684767
GRO,F28,18,4618.679165944974
GRO,F28,19,4322.722282576495
GRO,F28,20,4389.167601692421
GRO,F28,21,5294.9488780242755
GRO,F28,22,5034.441403434168
GRO,F28,23,4590.907336565162
GRO,F28,24,4878.272674024992
GRO,F28,25,4512.966032663587
GRO,F28,26,4988.9382842052255
GRO,F28,27,4112.568697047319
GRO,F28,28,5202.16100183665
GRO,F28,29,4778.36384653147
GRO,F28,30,4534.109811164475
GRO,F29,1,9107.3602164613
GRO,F29,2,8525.529254669682
GRO,F29,3,7525.221698859677
GRO,F29,4,9643.22021281099
GRO,F29,5,9440.841848433372
GRO,F29,6,7955.762350279601
GRO,F29,7,8759.764428817842
GRO,F29,8,10145.275421841598
GRO,F29,9,9980.193635691707
GRO,F29,10,8930.366597559174
GRO,F29,11,10084.778712442305
GRO,F29,12,8098.473911872678
GRO,F29,13,9370.999932821562
GRO,F29,14,8186.177597249993
GRO,F29,15,7693.896400868049
GRO,F29,16,9549.064312863415
GRO,F29,17,6892.233582932607
GRO,F29,18,9244.154857197493
GRO,F29,19,10381.450678407706
GRO,F29,20,9055.990726678314
GRO,F29,21,9652.527067601306
GRO,F29,22,8754.671716492921
GRO,F29,23,9690.208209633642
GRO,F29,24,10040.050218898406
GRO,F29,25,7363.284337155474
GRO,F29,26,9295.864173149454
GRO,F29,27,10276.662933444306
GRO,F29,28,9173.478552149176
GRO,F29,29,9900.438466585028
GRO,F29,30,9004.488787578362
GRO,F30,1,1997872.061093852
GRO,F30,2,573383.3398630149
GRO,F30,3,227560.5341357181
GRO,F30,4,607966.1438061689
GRO,F30,5,390402.637728345
GRO,F30,6,648583.2794356146
GRO,F30,7,107895.04895092713
GRO,F30,8,2140414.256870986
GRO,F30,9,900817.8516300172
GRO,F30,10,1111220.9929266726
GRO,F30,11,998752.0131400303
GRO,F30,12,1444961.991445372
GRO,F30,13,673241.4267191502
GRO,F30,14,423019.2227049174
GRO,F30,15,752144.2344775656
GRO,F30,16,794402.7288174136
GRO,F30,17,319864.78165302984
GRO,F30,18,319742.60802334594
GRO,F30,19,175366.9946364302
GRO,F30,20,462701.85450895515
GRO,F30,21,284951.616549407
GRO,F30,22,687913.608493987
GRO,F30,23,473929.9762046063
GRO,F30,24,657207.162052247
GRO,F30,25,386224.8532359471
GRO,F30,26,699968.9721128384
GRO,F30,27,923598.4992296639
GRO,F30,28,1020578.4673322283
GRO,F30,29,653364.4440903515
GRO,F30,30,220741.60534041398
MO,F1,1,209930525014.9629
MO,F1,2,211214593342.92953
MO,F1,3,214040015423.36
MO,F1,4,163222642629.51978
MO,F1,5,200268802950.7018
MO,F1,6,207857288045.6231
MO,F1,7,189013445271.5851
MO,F1,8,198105528720.74927
MO,F1,9,198865443848.5077
MO,F1,10,172476560046.37042
MO,F1,11,220391224323.57452
MO,F1,12,201502587761.01126
MO,F1,13,226634309488.57828
MO,F1,14,174854448207.72006
MO,F1,15,236046329961.7395
MO,F1,16,216732501746.9968
MO,F1,17,221785585476.30176
MO,F1,18,218699309284.36057
MO,F1,19,200652443156.5581
MO,F1,20,189742264441.6588
MO,F1,21,197241489673.13705
MO,F1,22,209229242332.70898
MO,F1,23,204794553462.1944
MO,F1,24,197513965093.61887
MO,F1,25,218574200923.04434
MO,F1,26,197660654195.0398
MO,F1,27,196161173662.61496
MO,F1,28,194953111141.83344
MO,F1,29,202486522404.49182
MO,F1,30,176377915177.19797
MO,F3,1,353715.0849292984
MO,F3,2,368746.597094185
MO,F3,3,440029.39200470125
MO,F3,4,360827.9467897151
MO,F3,5,355045.07074091467
MO,F3,6,403465.06933255563
MO,F3,7,432795.6722692014
MO,F3,8,355436.29215426993
MO,F3,9,450803.5439773174
MO,F3,10,350571.0309210105
MO,F3,11,362450.43560543325
MO,F3,12,375305.0264685269
MO,F3,13,370703.25067098846
MO,F3,14,790995.8434357573
MO,F3,15,370506.449169641
MO,F3,16,789841.530706936
MO,F3,17,638913.9169106657
MO,F3,18,365106.61678895797
MO,F3,19,466332.8076850329
MO,F3,20,369428.9502337426
MO,F3,21,458326.10989707714
MO,F3,22,369023.54882335983
MO,F3,23,381041.6849389767
MO,F3,24,427560.12359843764
MO,F3,25,339425.9268383813
MO,F3,26,381004.99575378216
MO,F3,27,345241.845944609
MO,F3,28,366774.43966123473
MO,F3,29,352923.6502572707
MO,F3,30,352403.8980520132
MO,F4,1,33107.46471002475
MO,F4,2,54025.82431885968
MO,F4,3,39481.43533513792
MO,F4,4,69320.3066275632
MO,F4,5,59895.942675430066
MO,F4,6,48346.04407039879
MO,F4,7,50051.50627813605
MO,F4,8,65297.713118396954
MO,F4,9,43173.0893487808
MO,F4,10,43463.854899971746
MO,F4,11,49202.707654302154
MO,F4,12,49889.91761642668
MO,F4,13,47366.608123975195
MO,F4,14,54268.20033706784
MO,F4,15,69690.73713960778
MO,F4,16,55595.75259812888
MO,F4,17,66052.45093434073
MO,F4,18,34779.84026460195
MO,F4,19,62332.20984548269
MO,F4,20,41717.766166587775
MO,F4,21,38450.20311368696
MO,F4,22,52474.39581532489
MO,F4,23,44907.323352240164
MO,F4,24,42357.8641348682
MO,F4,25,48195.05476334426
MO,F4,26,59270.60506993549
MO,F4,27,59439.846963703996
MO,F4,28,43104.949702130354
MO,F4,29,65805.16498527839
MO,F4,30,46575.78059667158
MO,F5,1,1927.8906326196015
MO,F5,2,1960.2878221828382
MO,F5,3,1911.108741102172
MO,F5,4,1777.0423953365805
MO,F5,5,1800.9595232657534
MO,F5,6,1926.3314637293224
MO,F5,7,1970.4185876000045
MO,F5,8,1890.736971297331
MO,F5,9,1929.7807962164006
MO,F5,10,1953.2437688474047
MO,F5,11,2005.0093612968642
MO,F5,12,1907.1172180974163
MO,F5,13,1904.5569624823381
MO,F5,14,1932.332656352195
MO,F5,15,1920.3579056642816
MO,F5,16,1956.735443233467
MO,F5,17,1941.306129824492
MO,F5,18,1884.0354023796392
MO,F5,19,1961.594631730352
MO,F5,20,1967.858404367102
MO,F5,21,1908.5133114062746
MO,F5,22,1730.82297576268
MO,F5,23,1819.4128019233062
MO,F5,24,1870.063993089737
MO,F5,25,1836.5533354042443
MO,F5,26,1828.9858360421888
MO,F5,27,1908.1657869869978
MO,F5,28,1898.072376938646
MO,F5,29,1883.7493075066627
MO,F5,30,1925.5291227524544
MO,F6,1,702.2923507280066
MO,F6,2,700.4867495141522
MO,F6,3,701.2846727661049
MO,F6,4,688.6860314714258
MO,F6,5,699.5457631893029
MO,F6,6,697.4391980517686
MO,F6,7,709.8094897455912
MO,F6,8,692.5576029233948
MO,F6,9,690.6544359870768
MO,F6,10,694.4791653019882
MO,F6,11,706.6494986124904
MO,F6,12,699.2537853365758
MO,F6,13,697.1499532872814
MO,F6,14,693.4495618188181
MO,F6,15,699.6051490161576
MO,F6,16,697.3174457463947
MO,F6,17,701.9127585422793
MO,F6,18,696.8430916828665
MO,F6,19,698.1837030360282
MO,F6,20,692.9640831555676
MO,F6,21,687.3374536229276
MO,F6,22,695.9450424093486
MO,F6,23,702.7409997145091
MO,F6,24,691.155801175888
MO,F6,25,696.228293473361
MO,F6,26,704.8358964151058
MO,F6,27,698.5717395829806
MO,F6,28,706.2567898356604
MO,F6,29,695.6040222957979
MO,F6,30,696.5957609273887
MO,F7,1,3668.7951953411434
MO,F7,2,3709.5135519643277
MO,F7,3,3680.2359845579726
MO,F7,4,3446.0866568621873
MO,F7,5,3811.2711606290604
MO,F7,6,3658.3079525724334
MO,F7,7,3683.343768753959
MO,F7,8,3480.475727763291
MO,F7,9,3828.3041973394156
MO,F7,10,3342.9467880261177
MO,F7,11,3468.8527635394007
MO,F7,12,3817.1220314780217
MO,F7,13,3497.6794536190814
MO,F7,14,3719.532167443478
MO,F7,15,3705.369908685721
MO,F7,16,3806.948402977785
MO,F7,17,3422.5363122832814
MO,F7,18,3734.5023752552615
MO,F7,19,3466.87859748544
MO,F7,20,3807.664991159024
MO,F7,21,3679.669625937728
MO,F7,22,3766.748332840126
MO,F7,23,3625.6540728441414
MO,F7,24,3635.6403678142087
MO,F7,25,3706.564528826229
MO,F7,26,3653.9531176564515
MO,F7,27,4119.945186172168
MO,F7,28,3432.9885833158983
MO,F7,29,3575.241863046907
MO,F7,30,3737.611768849722
MO,F8,1,2250.4639772248993
MO,F8,2,2470.430199618746
MO,F8,3,2364.3081615165206
MO,F8,4,2279.7428272552565
MO,F8,5,2454.6215032510954
MO,F8,6,2467.032482980052
MO,F8,7,2503.3527197116555
MO,F8,8,2319.431041884275
MO,F8,9,2325.9461836030173
MO,F8,10,2380.10695253242
MO,F8,11,2444.78618171452
MO,F8,12,2500.130151548974
MO,F8,13,2518.0349370458284
MO,F8,14,2358.10923169783
MO,F8,15,2274.43204045163
MO,F8,16,2476.0679797400617
MO,F8,17,2484.9373833521013
MO,F8,18,2331.019120867539
MO,F8,19,2392.508657108442
MO,F8,20,2445.5841527369057
MO,F8,21,2286.259223221506
MO,F8,22,2376.4545653236587
MO,F8,23,2421.2533586663712
MO,F8,24,2479.502818278358
MO,F8,25,2447.8571350183884
MO,F8,26,2249.1857860360597
MO,F8,27,2496.504438916906
MO,F8,28,2361.614550791951
MO,F8,29,2223.736027782531
MO,F8,30,2317.092061664003
MO,F9,1,52389.548409641575
MO,F9,2,66740.6547413935
MO,F9,3,53884.753488443996
MO,F9,4,42526.96626813517
MO,F9,5,63783.90230225596
MO,F9,6,51399.94688457243
MO,F9,7,62118.791796640646
MO,F9,8,54540.602454866625
MO,F9,9,44085.65459405513
MO,F9,10,52716.10891656519
MO,F9,11,57261.09985269572
MO,F9,12,53284.294172330345
MO,F9,13,63608.679185377936
MO,F9,14,49355.15474057959
MO,F9,15,61569.859649563485
MO,F9,16,62595.015051317765
MO,F9,17,59109.48583267198
MO,F9,18,53980.20242407109
MO,F9,19,37598.50102566674
MO,F9,20,49160.99000424667
MO,F9,21,47406.57890139596
MO,F9,22,48229.07142178158
MO,F9,23,57362.774013606686
MO,F9,24,49911.62097762579
MO,F9,25,54965.00001394542
MO,F9,26,54767.398580266046
MO,F9,27,53353.99002660503
MO,F9,28,68524.90226875438
MO,F9,29,53905.031673835525
MO,F9,30,51724.275393644406
MO,F10,1,28467.79662278261
MO,F10,2,28251.091747260092
MO,F10,3,30870.140617486875
MO,F10,4,26641.199370373986
MO,F10,5,31946.042097259477
MO,F10,6,30790.753809969516
MO,F10,7,28090.07225278819
MO,F10,8,28326.0498618936
MO,F10,9,30964.11697153996
MO,F10,10,30518.220272776292
MO,F10,11,28326.684169483902
MO,F10,12,28726.509453710223
MO,F10,13,27743.826715704618
MO,F10,14,27495.243100167572
MO,F10,15,27809.271454495647
MO,F10,16,31565.05752290444
MO,F10,17,30298.156611772498
MO,F10,18,24989.402311560865
MO,F10,19,29971.28160780941
MO,F10,20,28513.136990763487
MO,F10,21,25415.337445265362
MO,F10,22,27886.54486469288
MO,F10,23,28496.828232420296
MO,F10,24,32008.790677791643
MO,F10,25,31233.960145492245
MO,F10,26,31082.61754051636
MO,F10,27,30030.54865142959
MO,F10,28,27953.443669696117
MO,F10,29,27659.707655559658
MO,F10,30,28393.146548403136
MO,F11,1,208483.01308040763
MO,F11,2,277353.62665471015
MO,F11,3,259304.2463347408
MO,F11,4,202128.69934406082
MO,F11,5,226034.55700011126
MO,F11,6,349881.565809163
MO,F11,7,204438.3740113782
MO,F11,8,335637.75867412146
MO,F11,9,226621.59748261474
MO,F11,10,292923.3603091153
MO,F11,11,142086.04113037762
MO,F11,12,281524.06705078814
MO,F11,13,244399.21841907586
MO,F11,14,247613.23322146691
MO,F11,15,229967.53697755554
MO,F11,16,245135.9456297025
MO,F11,17,178013.23622187815
MO,F11,18,249983.4055052287
MO,F11,19,294735.86273868714
MO,F11,20,215064.0509673035
MO,F11,21,203720.3436770752
MO,F11,22,229365.0121752694
MO,F11,23,210364.30664875364
MO,F11,24,232799.69741706873
MO,F11,25,198565.0756521756
MO,F11,26,393013.9924205966
MO,F11,27,262197.8902707278
MO,F11,28,359530.1576904594
MO,F11,29,328118.33636858733
MO,F11,30,275227.0677893962
MO,F12,1,80058084046.79427
MO,F12,2,145142593316.20773
MO,F12,3,113556854613.15506
MO,F12,4,94647395290.3471
MO,F12,5,106526490464.52345
MO,F12,6,84393499889.03094
MO,F12,7,90427539113.83063
MO,F12,8,112072412691.76926
MO,F12,9,104681834062.73732
MO,F12,10,93707861133.34981
MO,F12,11,89851374440.85132
MO,F12,12,118519071013.30295
MO,F12,13,124638852041.62791
MO,F12,14,106625078706.15816
MO,F12,15,107025844505.772
MO,F12,16,118945874693.40002
MO,F12,17,106841084960.59839
MO,F12,18,84760464288.7712
MO,F12,19,135184066317.87044
MO,F12,20,81087351894.22475
MO,F12,21,88719038489.15523
MO,F12,22,128677532862.32889
MO,F12,23,116267792991.06726
MO,F12,24,119577341726.38205
MO,F12,25,108012021947.8099
MO,F12,26,117412329465.26376
MO,F12,27,108624151416.42447
MO,F12,28,75231673490.39958
MO,F12,29,112814567149.73157
MO,F12,30,73832256037.59949
MO,F13,1,19876000127.014576
MO,F13,2,19326611197.6538
MO,F13,3,27405983639.705227
MO,F13,4,11610382835.318722
MO,F13,5,32290077762.868706
MO,F13,6,20917894458.3259
MO,F13,7,16762019989.447351
MO,F13,8,22809153768.79
MO,F13,9,16911261871.4524
MO,F13,10,17353420763.386177
MO,F13,11,14725286980.433994
MO,F13,12,11050821181.601233
MO,F13,13,25282146816.360176
MO,F13,14,23094255869.65987
MO,F13,15,19973501239.415806
MO,F13,16,15591152894.249704
MO,F13,17,17665143437.06922
MO,F13,18,15802434985.55562
MO,F13,19,18041539039.915115
MO,F13,20,10266684281.961115
MO,F13,21,12505797470.916779
MO,F13,22,28343731098.035347
MO,F13,23,20225600305.024128
MO,F13,24,11978264889.505743
MO,F13,25,16899265435.574228
MO,F13,26,18161775375.32602
MO,F13,27,15502547811.01834
MO,F13,28,12714759915.780077
MO,F13,29,12989819466.888094
MO,F13,30,17495054370.656963
MO,F14,1,25899844.569363903
MO,F14,2,25130173.86408305
MO,F14,3,51773112.851039276
MO,F14,4,58764488.26364427
MO,F14,5,53446426.369958475
MO,F14,6,29168940.624806024
MO,F14,7,67063405.72438868
MO,F14,8,22748587.30885579
MO,F14,9,62219532.046002015
MO,F14,10,28021928.58615263
MO,F14,11,31149675.31372805
MO,F14,12,20389593.630130645
MO,F14,13,30131560.275466528
MO,F14,14,14169628.193482397
MO,F14,15,14511730.602327215
MO,F14,16,26895486.3878929
MO,F14,17,5917834.332751744
MO,F14,18,43282772.46723381
MO,F14,19,48691565.36062756
MO,F14,20,30802082.262141276
MO,F14,21,16687523.58833174
MO,F14,22,35477986.70532743
MO,F14,23,25539504.259144645
MO,F14,24,18552606.31558475
MO,F14,25,18362578.171556782
MO,F14,26,40389310.6999258
MO,F14,27,19882737.95696934
MO,F14,28,15840654.3865076
MO,F14,29,34703247.78776946
MO,F14,30,65920055.76163694
MO,F15,1,4347801420.473269
MO,F15,2,6765723378.937783
MO,F15,3,5507601602.741771
MO,F15,4,5437864016.204118
MO,F15,5,11152146480.739868
MO,F15,6,7104332602.6199875
MO,F15,7,4408970023.706516
MO,F15,8,2123581968.5131307
MO,F15,9,5043551592.555699
MO,F15,10,2481131831.7661395
MO,F15,11,6089413898.361086
MO,F15,12,10731741898.022346
MO,F15,13,9026565695.54587
MO,F15,14,8305883619.273169
MO,F15,15,9853274213.115263
MO,F15,16,8840067907.854736
MO,F15,17,6986544949.944848
MO,F15,18,4871675784.734406
MO,F15,19,11326965479.596146
MO,F15,20,2533265834.7200236
MO,F15,21,2379464078.576367
MO,F15,22,5110538336.995527
MO,F15,23,4106814660.625355
MO,F15,24,6971099985.104163
MO,F15,25,7611102795.082555
MO,F15,26,7592795071.189891
MO,F15,27,5401562840.706113
MO,F15,28,8989771373.928051
MO,F15,29,3689079335.072983
MO,F15,30,2963663452.2041917
MO,F16,1,15732.179365045471
MO,F16,2,17714.434885441726
MO,F16,3,15006.662312565355
MO,F16,4,14496.50002749238
MO,F16,5,16538.880775038062
MO,F16,6,18174.525953961864
MO,F16,7,16784.934326046074
MO,F16,8,17687.650405123684
MO,F16,9,16661.822017940805
MO,F16,10,17702.08854194129
MO,F16,11,15039.658241913778
MO,F16,12,16530.59819952209
MO,F16,13,14992.186117566656
MO,F16,14,13694.767417745761
MO,F16,15,15962.40087420275
MO,F16,16,15320.560675658598
MO,F16,17,13729.632068066343
MO,F16,18,14318.741792324547
MO,F16,19,18829.37474381094
MO,F16,20,18199.955848930673
MO,F16,21,14026.477896434606
MO,F16,22,16222.74194061902
MO,F16,23,17560.271877881416
MO,F16,24,15733.932271069923
MO,F16,25,15316.037837193286
MO,F16,26,12806.188329872712
MO,F16,27,15079.874180796283
MO,F16,28,18443.706466160056
MO,F16,29,14746.721870865169
MO,F16,30,13822.277890815823
MO,F17,1,332957.4461708993
MO,F17,2,108771.44152433093
MO,F17,3,267789.2703083241
MO,F17,4,267142.35361353104
MO,F17,5,965977.2882196155
MO,F17,6,33168.297012821495
MO,F17,7,162354.20521229017
MO,F17,8,115542.71065851854
MO,F17,9,1686894.5780761794
MO,F17,10,120967.78077001554
MO,F17,11,247912.2203441065
MO,F17,12,65561.17471345724
MO,F17,13,144012.68435031924
MO,F17,14,567190.6915019627
MO,F17,15,643365.7425284067
MO,F17,16,81570.48244180337
MO,F17,17,278615.53185007477
MO,F17,18,59021.96650095532
MO,F17,19,44395.95987972638
MO,F17,20,39634.19142637521
MO,F17,21,117104.31588059141
MO,F17,22,63112.75051927935
MO,F17,23,130180.40699388522
MO,F17,24,18327.36990913518
MO,F17,25,16186.509009269294
MO,F17,26,405705.0520436486
MO,F17,27,84968.6255514303
MO,F17,28,137648.17991247715
MO,F17,29,50042.21433510434
MO,F17,30,92118.84852022589
MO,F18,1,57063692.66634542
MO,F18,2,113484895.8981831
MO,F18,3,18655723.070212945
MO,F18,4,37267046.51093307
MO,F18,5,24974420.05019292
MO,F18,6,24484383.227410663
MO,F18,7,62204422.374583185
MO,F18,8,28522029.188733153
MO,F18,9,102046137.08239937
MO,F18,10,41464160.40469718
MO,F18,11,9628350.276007576
MO,F18,12,68854438.82905589
MO,F18,13,26398942.625242613
MO,F18,14,61962144.22837244
MO,F18,15,95690912.62576136
MO,F18,16,73485710.16168389
MO,F18,17,86141889.8814107
MO,F18,18,47932526.59598205
MO,F18,19,113294468.27556816
MO,F18,20,42817396.352156445
MO,F18,21,32689361.640965473
MO,F18,22,87776178.42317022
MO,F18,23,44738415.45833871
MO,F18,24,33680981.72377989
MO,F18,25,29618179.97650897
MO,F18,26,53007671.83440577
MO,F18,27,77890979.73732415
MO,F18,28,73493338.72154757
MO,F18,29,41903990.69386813
MO,F18,30,22180732.00405828
MO,F19,1,4916732513.498487
MO,F19,2,4022263316.963509
MO,F19,3,8933681922.29612
MO,F19,4,5924823411.07756
MO,F19,5,11264371314.724842
MO,F19,6,7461851557.724649
MO,F19,7,6009637246.115139
MO,F19,8,3429408178.3119917
MO,F19,9,5681282840.785313
MO,F19,10,4494732323.665307
MO,F19,11,3884594148.162765
MO,F19,12,4563631117.112534
MO,F19,13,11534299889.226337
MO,F19,14,3700311520.7781816
MO,F19,15,7081625441.94562
MO,F19,16,6224035757.284318
MO,F19,17,5773382865.178159
MO,F19,18,3222405833.6382475
MO,F19,19,7009816628.029359
MO,F19,20,8114674533.09854
MO,F19,21,4697162456.801793
MO,F19,22,9659983814.191319
MO,F19,23,6401051050.297103
MO,F19,24,8405572365.095577
MO,F19,25,3829686844.742315
MO,F19,26,4853814456.765299
MO,F19,27,3591762281.0442033
MO,F19,28,3466910117.333747
MO,F19,29,3705289113.557658
MO,F19,30,4372175856.966656
MO,F20,1,5973.274782590859
MO,F20,2,7056.001523009112
MO,F20,3,7061.708651997266
MO,F20,4,6833.277101594796
MO,F20,5,7407.40504887815
MO,F20,6,6662.698717875492
MO,F20,7,6465.280871528249
MO,F20,8,6303.415746813444
MO,F20,9,5412.303117940568
MO,F20,10,6246.924723583407
MO,F20,11,6449.720717635393
MO,F20,12,6595.181052979066
MO,F20,13,6461.769311401086
MO,F20,14,7526.861858582
MO,F20,15,6961.798254735864
MO,F20,16,7425.589364304509
MO,F20,17,7434.968482853266
MO,F20,18,7539.153371473724
MO,F20,19,6474.005670285922
MO,F20,20,7743.7735588975465
MO,F20,21,6918.7460255014685
MO,F20,22,6515.689053993774
MO,F20,23,7276.636595202166
MO,F20,24,7141.770931994583
MO,F20,25,7911.391698962669
MO,F20,26,6257.170228528661
MO,F20,27,7033.708544518659
MO,F20,28,6855.420527498398
MO,F20,29,7194.074579572732
MO,F20,30,7030.721194571886
MO,F21,1,4385.0939909035515
MO,F21,2,4827.222206887187
MO,F21,3,4572.062792758923
MO,F21,4,4916.616154957938
MO,F21,5,4241.998222811777
MO,F21,6,4190.04287890239
MO,F21,7,4835.12205028889
MO,F21,8,4332.037210511447
MO,F21,9,4407.358481716866
MO,F21,10,4191.308721329204
MO,F21,11,4731.453595671843
MO,F21,12,4244.65100145611
MO,F21,13,4873.236414998724
MO,F21,14,4680.079358925783
MO,F21,15,4458.340654735899
MO,F21,16,4292.477702090187
MO,F21,17,4549.077466725428
MO,F21,18,4431.709587867326
MO,F21,19,4845.987228621825
MO,F21,20,4368.3500718058185
MO,F21,21,4520.453073523458
MO,F21,22,4477.584076982171
MO,F21,23,4772.729134350929
MO,F21,24,4219.114431196182
MO,F21,25,4500.13275903516
MO,F21,26,4252.2998309455525
MO,F21,27,4199.623173599997
MO,F21,28,4854.816986614074
MO,F21,29,4508.824547496348
MO,F21,30,4592.245211289514
MO,F22,1,31931.63396510209
MO,F22,2,31941.968465503433
MO,F22,3,28164.855123964662
MO,F22,4,32577.603073488815
MO,F22,5,32853.15769610637
MO,F22,6,34340.33614166847
MO,F22,7,34201.33288044519
MO,F22,8,31345.448759858118
MO,F22,9,31599.165704661358
MO,F22,10,32890.36326135597
MO,F22,11,33933.48434429226
MO,F22,12,33126.82548447639
MO,F22,13,32009.42837090922
MO,F22,14,31956.002365963268
MO,F22,15,29738.825426025196
MO,F22,16,34255.68351399539
MO,F22,17,29277.103716467944
MO,F22,18,29564.621215426247
MO,F22,19,31181.768820675446
MO,F22,20,33363.571294277855
MO,F22,21,30661.545939534062
MO,F22,22,32565.78323222611
MO,F22,23,34603.231640684055
MO,F22,24,35079.41232608874
MO,F22,25,31913.096067701998
MO,F22,26,30488.89913269547
MO,F22,27,32917.55706687513
MO,F22,28,31961.73888375934
MO,F22,29,29126.49771630569
MO,F22,30,30267.597527021993
MO,F23,1,5446.5870102764
MO,F23,2,5903.762132581322
MO,F23,3,5293.396362614219
MO,F23,4,5475.352097509151
MO,F23,5,5636.108902348949
MO,F23,6,5561.464512325714
MO,F23,7,5776.142589805902
MO,F23,8,5421.102202340175
MO,F23,9,5512.526537185182
MO,F23,10,5622.338810502481
MO,F23,11,5160.974680299096
MO,F23,12,5692.347422602255
MO,F23,13,5415.0400384893355
MO,F23,14,5398.993950778181
MO,F23,15,5409.747991452642
MO,F23,16,5254.577571629059
MO,F23,17,5659.0190081839
MO,F23,18,5195.205278854826
MO,F23,19,5408.601395262922
MO,F23,20,5572.977503502345
MO,F23,21,6239.148177893256
MO,F23,22,5860.427503462969
MO,F23,23,5190.717194870974
MO,F23,24,5207.543386079144
MO,F23,25,5141.459124832181
MO,F23,26,5322.796273951482
MO,F23,27,5653.32676968874
MO,F23,28,5430.531835564607
MO,F23,29,5390.2855181286395
MO,F23,30,5681.358022612611
MO,F24,1,6862.504974544683
MO,F24,2,7429.979918334515
MO,F24,3,7250.4480916944985
MO,F24,4,8335.567712225684
MO,F24,5,7689.03596045164
MO,F24,6,6304.634931478916
MO,F24,7,7953.767163070786
MO,F24,8,8097.965004007408
MO,F24,9,7492.666864586372
MO,F24,10,7990.262137177293
MO,F24,11,6963.950724913537
MO,F24,12,7383.893633560959
MO,F24,13,8556.414007774829
MO,F24,14,8280.775267288183
MO,F24,15,9322.188199474089
MO,F24,16,7846.204623142065
MO,F24,17,7749.595165147111
MO,F24,18,7751.459424439796
MO,F24,19,7721.577329955112
MO,F24,20,8249.591506151108
MO,F24,21,8156.261257299097
MO,F24,22,8348.623948190128
MO,F24,23,7503.469193590189
MO,F24,24,6597.412966813163
MO,F24,25,6688.499510453654
MO,F24,26,6810.828067371989
MO,F24,27,7974.449504164586
MO,F24,28,7954.299689815516
MO,F24,29,7589.669802481262
MO,F24,30,7747.266802206008
MO,F25,1,19901.97560748872
MO,F25,2,20446.18604137008
MO,F25,3,18088.23424311207
MO,F25,4,18336.6857721681
MO,F25,5,18284.05343860834
MO,F25,6,17806.21704981871
MO,F25,7,15979.96136642409
MO,F25,8,18489.957498326043
MO,F25,9,23242.22654383206
MO,F25,10,18578.639143765355
MO,F25,11,15876.696273058773
MO,F25,12,19246.04102129614
MO,F25,13,23164.53565811886
MO,F25,14,21850.193765793774
MO,F25,15,22537.719826911314
MO,F25,16,19653.41455435944
MO,F25,17,21889.774858646793
MO,F25,18,20614.436159146506
MO,F25,19,20602.931898001112
MO,F25,20,19184.643901518077
MO,F25,21,18442.075871189765
MO,F25,22,22288.547752731334
MO,F25,23,20142.69203677405
MO,F25,24,19336.91918482918
MO,F25,25,21886.400743141166
MO,F25,26,21761.133229795305
MO,F25,27,21206.919369549185
MO,F25,28,19139.02057641947
MO,F25,29,16134.310587944981
MO,F25,30,20415.348185598887
MO,F26,1,40634.57207390664
MO,F26,2,42969.02195722563
MO,F26,3,42472.97968705102
MO,F26,4,42852.48055012207
MO,F26,5,41839.30046684285
MO,F26,6,37066.17467756772
MO,F26,7,43221.09432798011
MO,F26,8,38591.094978093155
MO,F26,9,42155.73498273983
MO,F26,10,42256.68235230782
MO,F26,11,45806.7242945824
MO,F26,12,45030.927616778514
MO,F26,13,45870.95003634062
MO,F26,14,43057.78550917983
MO,F26,15,47952.14976266066
MO,F26,16,38963.96978477656
MO,F26,17,41531.15488253515
MO,F26,18,41041.89867864772
MO,F26,19,39923.968774130146
MO,F26,20,43682.248606292625
MO,F26,21,39675.682991296446
MO,F26,22,47829.81533485492
MO,F26,23,43566.86058728122
MO,F26,24,48475.96476771437
MO,F26,25,39007.04057409198
MO,F26,26,45327.71440838692
MO,F26,27,44096.1902635124
MO,F26,28,40653.09581368104
MO,F26,29,37155.519515443826
MO,F26,30,38898.57915523942
MO,F27,1,8460.79093684108
MO,F27,2,7490.925346065137
MO,F27,3,8035.182327122409
MO,F27,4,8709.46920383894
MO,F27,5,7595.441753025202
MO,F27,6,8685.865134793585
MO,F27,7,7803.191394212046
MO,F27,8,6563.455420082531
MO,F27,9,6080.796287448147
MO,F27,10,7009.7067888707525
MO,F27,11,8149.407586902731
MO,F27,12,7359.656670519158
MO,F27,13,7356.467828742919
MO,F27,14,7322.51557950682
MO,F27,15,7953.421081695443
MO,F27,16,7131.7952473771375
MO,F27,17,6512.210007101667
MO,F27,18,8061.177519120939
MO,F27,19,9559.190013483314
MO,F27,20,7060.339154689592
MO,F27,21,9077.56539877761
MO,F27,22,8322.366804385048
MO,F27,23,7413.327233932854
MO,F27,24,7823.626908957869
MO,F27,25,7952.6042358212
MO,F27,26,6141.192469561636
MO,F27,27,10008.654108767458
MO,F27,28,6193.674231461511
MO,F27,29,8483.440014975784
MO,F27,30,7902.672364097528
MO,F28,1,25305.710390540957
MO,F28,2,25866.088856139937
MO,F28,3,23663.56730404195
MO,F28,4,23318.333322810628
MO,F28,5,26610.028239336265
MO,F28,6,22665.28973837597
MO,F28,7,29553.136196769265
MO,F28,8,21605.11058581177
MO,F28,9,23048.764589531995
MO,F28,10,21642.671899821624
MO,F28,11,23863.3972852022
MO,F28,12,23571.340543314993
MO,F28,13,25787.354209343914
MO,F28,14,20788.495953918075
MO,F28,15,28072.995623279796
MO,F28,16,22649.110236355307
MO,F28,17,24699.720608874908
MO,F28,18,22148.62359999913
MO,F28,19,23333.599823485798
MO,F28,20,23699.41492047094
MO,F28,21,27137.489188368134
MO,F28,22,25485.30437190587
MO,F28,23,24703.41125093839
MO,F28,24,25658.46102914206
MO,F28,25,21636.821628777958
MO,F28,26,24054.743686014528
MO,F28,27,25100.975773555117
MO,F28,28,25856.10726375712
MO,F28,29,25050.353927185235
MO,F28,30,22923.4155888073
MO,F29,1,48692.72553956735
MO,F29,2,146686.22882172017
MO,F29,3,79097.17598027647
MO,F29,4,43091.14990749226
MO,F29,5,87670.97689157072
MO,F29,6,31734.15887145287
MO,F29,7,42403.82810144554
MO,F29,8,49243.67810377412
MO,F29,9,28512.679207924994
MO,F29,10,48890.17649411137
MO,F29,11,57400.79212193378
MO,F29,12,18619.186114631615
MO,F29,13,47176.93247826162
MO,F29,14,88452.07514597374
MO,F29,15,26090.13743578208
MO,F29,16,30363.459578946968
MO,F29,17,98314.42760930823
MO,F29,18,41800.61340821645
MO,F29,19,31532.887641596346
MO,F29,20,145736.13798351254
MO,F29,21,84750.05144505991
MO,F29,22,54589.836674178616
MO,F29,23,54932.51214328554
MO,F29,24,30596.118065358743
MO,F29,25,48691.14831503965
MO,F29,26,38236.68659726533
MO,F29,27,115816.6248752478
MO,F29,28,44714.9088402159
MO,F29,29,162383.36787495913
MO,F29,30,41706.698000142154
MO,F30,1,9867717615.25431
MO,F30,2,21432045860.57575
MO,F30,3,10571260524.742895
MO,F30,4,10634365785.310755
MO,F30,5,18144062850.299076
MO,F30,6,16295042833.469942
MO,F30,7,22504758823.22476
MO,F30,8,8517923625.015089
MO,F30,9,15146248103.695513
MO,F30,10,17404370671.840942
MO,F30,11,16318502266.330406
MO,F30,12,14808403928.59878
MO,F30,13,15740746502.02617
MO,F30,14,20435449672.61864
MO,F30,15,16143632918.45415
MO,F30,16,12779073320.680311
MO,F30,17,11529912742.25475
MO,F30,18,16593321341.386541
MO,F30,19,18588735287.552788
MO,F30,20,8242321162.214006
MO,F30,21,16534095118.495872
MO,F30,22,16098773323.708908
MO,F30,23,13685506497.498304
MO,F30,24,20409594567.783615
MO,F30,25,26133141624.52751
MO,F30,26,19898053247.537567
MO,F30,27,17028549567.826033
MO,F30,28,19882829545.39276
MO,F30,29,22256164497.631676
MO,F30,30,11451724266.0041
NDO,F1,1,13523326526.042538
NDO,F1,2,33899747967.759106
NDO,F1,3,19775098560.599327
NDO,F1,4,16740143036.685862
NDO,F1,5,14822200121.665644
NDO,F1,6,28349290745.86645
NDO,F1,7,16229746374.427874
NDO,F1,8,15900000869.414968
NDO,F1,9,21715200123.589535
NDO,F1,10,18218041233.644764
NDO,F1,11,18856277163.657436
NDO,F1,12,25847946997.261677
NDO,F1,13,16867320729.625036
NDO,F1,14,24421007650.227406
NDO,F1,15,24114844739.73715
NDO,F1,16,22232399391.07523
NDO,F1,17,19229842079.522194
NDO,F1,18,29976958669.523094
NDO,F1,19,10958102781.176325
NDO,F1,20,30352761090.180943
NDO,F1,21,9542728430.646296
NDO,F1,22,14554706328.43015
NDO,F1,23,28203515763.33887
NDO,F1,24,9534744921.263258
NDO,F1,25,18329240239.7931
NDO,F1,26,31548714712.25116
NDO,F1,27,25465540737.94529
NDO,F1,28,14681084867.833263
NDO,F1,29,24983207473.311516
NDO,F1,30,26571420355.491615
NDO,F3,1,695431.9008724854
NDO,F3,2,482893.79861151037
NDO,F3,3,635780.2204319793
NDO,F3,4,699333.555616458
NDO,F3,5,714686.2958527694
NDO,F3,6,689042.5430323303
NDO,F3,7,628321.1300204521
NDO,F3,8,654693.3318049018
NDO,F3,9,637498.27282795
NDO,F3,10,577764.3239909419
NDO,F3,11,598318.5923936621
NDO,F3,12,542043.774839916
NDO,F3,13,540767.9480155195
NDO,F3,14,708479.0339945958
NDO,F3,15,603502.0023796766
NDO,F3,16,666297.3437374883
NDO,F3,17,629550.2101781259
NDO,F3,18,620917.076657265
NDO,F3,19,628044.635435929
NDO,F3,20,451559.8822241914
NDO,F3,21,629968.6425503052
NDO,F3,22,495451.12380022043
NDO,F3,23,607405.5882694524
NDO,F3,24,605138.9667749337
NDO,F3,25,648324.1983045453
NDO,F3,26,614935.370720296
NDO,F3,27,531031.7306360088
NDO,F3,28,616395.6303184245
NDO,F3,29,577512.6521320693
NDO,F3,30,664359.0505659303
NDO,F4,1,10963.956168055987
NDO,F4,2,1810.6209689826082
NDO,F4,3,2158.225057939517
NDO,F4,4,2612.6625858895563
NDO,F4,5,4847.065218422721
NDO,F4,6,3268.5236820058713
NDO,F4,7,3890.787731118812
NDO,F4,8,2459.8955112435615
NDO,F4,9,2961.921227026404
NDO,F4,10,2281.915997326996
NDO,F4,11,2149.4099491463608
NDO,F4,12,3037.3078290803824
NDO,F4,13,3437.8934650774904
NDO,F4,14,3419.150512110869
NDO,F4,15,2348.057424607199
NDO,F4,16,2356.1496988585277
NDO,F4,17,1847.7840129972037
NDO,F4,18,2521.257249306906
NDO,F4,19,4625.3507918482
NDO,F4,20,2891.201439476423
NDO,F4,21,1857.182847111839
NDO,F4,22,2279.0049242680634
NDO,F4,23,2496.8599268659705
NDO,F4,24,2866.138622022475
NDO,F4,25,3389.61789622164
NDO,F4,26,3015.665558428336
NDO,F4,27,3768.175077849575
NDO,F4,28,2554.460640092896
NDO,F4,29,2457.4070213132904
NDO,F4,30,2751.8750657756977
NDO,F5,1,1264.2349414170108
NDO,F5,2,1174.5280960537852
NDO,F5,3,1294.9098889974875
NDO,F5,4,1420.7872662642403
NDO,F5,5,1194.2686339404877
NDO,F5,6,1438.384309568522
NDO,F5,7,1207.8159599894452
NDO,F5,8,1673.2210698012805
NDO,F5,9,1185.9412736585805
NDO,F5,10,1408.2315522143833
NDO,F5,11,1318.4803661551016
NDO,F5,12,1284.271731066312
NDO,F5,13,1225.688454701667
NDO,F5,14,1329.3368078028075
NDO,F5,15,1441.3313258316955
NDO,F5,16,1410.4332676355132
NDO,F5,17,1145.1926954825205
NDO,F5,18,1470.6711545226897
NDO,F5,19,1542.3699920049721
NDO,F5,20,1261.8354349341691
NDO,F5,21,1094.8264497860237
NDO,F5,22,1592.6456775072763
NDO,F5,23,1291.9023247916284
NDO,F5,24,1188.2702467821568
NDO,F5,25,1236.7780734056523
NDO,F5,26,1255.0713737231613
NDO,F5,27,1363.0700826672646
NDO,F5,28,1537.2137411068327
NDO,F5,29,1334.9115241114391
NDO,F5,30,1298.0529279482485
NDO,F6,1,647.356716578621
NDO,F6,2,641.5900318416642
NDO,F6,3,641.2497024037673
NDO,F6,4,638.6358311524309
NDO,F6,5,647.2910709245997
NDO,F6,6,629.7423807866518
NDO,F6,7,649.31523028713
NDO,F6,8,637.9854476596317
NDO,F6,9,635.8188957665451
NDO,F6,10,645.3814875852179
NDO,F6,11,637.3669817195102
NDO,F6,12,637.7423992978892
NDO,F6,13,638.733488644498
NDO,F6,14,637.440399300905
NDO,F6,15,637.0163716138144
NDO,F6,16,640.0026091434219
NDO,F6,17,640.9541439439045
NDO,F6,18,644.9861744208637
NDO,F6,19,649.8357457958931
NDO,F6,20,645.1987589109909
NDO,F6,21,635.4317234512309
NDO,F6,22,636.6714271970369
NDO,F6,23,644.8799360159869
NDO,F6,24,637.3794974816991
NDO,F6,25,632.108161364096
NDO,F6,26,631.2970071118514
NDO,F6,27,633.9872402620917
NDO,F6,28,649.2332935134505
NDO,F6,29,631.1009597502083
NDO,F6,30,650.2620135518921
NDO,F7,1,2513.9754814323405
NDO,F7,2,2782.645383294702
NDO,F7,3,2653.4556965908905
NDO,F7,4,2343.142925580626
NDO,F7,5,2581.801402149523
NDO,F7,6,2341.030194504099
NDO,F7,7,2680.921347153874
NDO,F7,8,2151.772224024325
NDO,F7,9,2983.56021975726
NDO,F7,10,2905.166436532026
NDO,F7,11,2273.7147683462026
NDO,F7,12,2736.014377883348
NDO,F7,13,2149.042877993653
NDO,F7,14,2568.2122243856356
NDO,F7,15,2789.03778404558
NDO,F7,16,2452.375049857409
NDO,F7,17,2607.487010472324
NDO,F7,18,2374.417543251669
NDO,F7,19,2808.676343312085
NDO,F7,20,2318.942163965832
NDO,F7,21,2556.5050882130895
NDO,F7,22,2729.504421736633
NDO,F7,23,2854.3937140825483
NDO,F7,24,2616.1709489208497
NDO,F7,25,2576.1257185242366
NDO,F7,26,2665.673591695181
NDO,F7,27,2452.320845601487
NDO,F7,28,2694.8611808354653
NDO,F7,29,2791.688360364415
NDO,F7,30,2977.875828363615
NDO,F8,1,1552.7105937919166
NDO,F8,2,1411.405337579948
NDO,F8,3,1542.1627654296517
NDO,F8,4,1672.8751533575153
NDO,F8,5,1943.9489351908203
NDO,F8,6,1696.1999932138906
NDO,F8,7,1752.463141600354
NDO,F8,8,1573.2601897574318
NDO,F8,9,1876.1117478574524
NDO,F8,10,1916.450151598982
NDO,F8,11,1880.3342542145044
NDO,F8,12,2012.5170430166436
NDO,F8,13,1416.8434535081801
NDO,F8,14,2043.973251990048
NDO,F8,15,1905.5740311127388
NDO,F8,16,2002.7914069771623
NDO,F8,17,2047.0566375356457
NDO,F8,18,1548.6217348719497
NDO,F8,19,1801.7790369193713
NDO,F8,20,1732.0391242101564
NDO,F8,21,1720.0881729252835
NDO,F8,22,1591.853727540119
NDO,F8,23,1778.3122590941384
NDO,F8,24,1720.3828166584467
NDO,F8,25,1690.5550074147784
NDO,F8,26,1579.8912722220625
NDO,F8,27,1977.6119966538213
NDO,F8,28,1978.4043181412965
NDO,F8,29,1870.5066938828045
NDO,F8,30,1582.9876822667834
NDO,F9,1,28427.87887049672
NDO,F9,2,45168.39484557074
NDO,F9,3,32190.217343521177
NDO,F9,4,46528.38316732634
NDO,F9,5,52835.92338396801
NDO,F9,6,42530.55092611635
NDO,F9,7,46072.98060582315
NDO,F9,8,29171.940057816963
NDO,F9,9,53305.83974113152
NDO,F9,10,44612.5223100204
NDO,F9,11,61222.86879095877
NDO,F9,12,51088.75412677018
NDO,F9,13,46221.339826367475
NDO,F9,14,53809.21701097561
NDO,F9,15,70873.22588162197
NDO,F9,16,50950.33557888583
NDO,F9,17,69639.14432257396
NDO,F9,18,51480.09190938158
NDO,F9,19,49058.19128944629
NDO,F9,20,69105.89972473185
NDO,F9,21,39896.624866642895
NDO,F9,22,55071.27568454862
NDO,F9,23,51338.1884140481
NDO,F9,24,51374.06748177453
NDO,F9,25,51684.85699656997
NDO,F9,26,34043.531700343614
NDO,F9,27,62952.23057183229
NDO,F9,28,41024.61783834997
NDO,F9,29,53518.937073076566
NDO,F9,30,36761.733511705745
NDO,F10,1,29921.030255284124
NDO,F10,2,32186.581330989007
NDO,F10,3,26379.438215488288
NDO,F10,4,25549.43741337027
NDO,F10,5,30590.32752810872
NDO,F10,6,32009.056190173265
NDO,F10,7,30455.345684139684
NDO,F10,8,32741.891630275328
NDO,F10,9,31006.78092988554
NDO,F10,10,31872.58073111056
NDO,F10,11,32141.624075533327
NDO,F10,12,31670.19921899688
NDO,F10,13,27193.213797734308
NDO,F10,14,26836.743665957154
NDO,F10,15,29154.19962197332
NDO,F10,16,31045.327475644586
NDO,F10,17,30945.835576960897
NDO,F10,18,26683.707266338573
NDO,F10,19,32896.02808704489
NDO,F10,20,24729.64475088891
NDO,F10,21,31244.474660301385
NDO,F10,22,31211.692283126584
NDO,F10,23,32385.339521852908
NDO,F10,24,23052.630190221047
NDO,F10,25,24432.9131497205
NDO,F10,26,30612.061296578533
NDO,F10,27,27509.1526438573
NDO,F10,28,31412.988176517683
NDO,F10,29,27111.052928133882
NDO,F10,30,31829.349551972417
NDO,F11,1,141764.27898373836
NDO,F11,2,125413.5412718386
NDO,F11,3,129272.39099786633
NDO,F11,4,199481.4215216989
NDO,F11,5,90242.08583849925
NDO,F11,6,136561.5583709469
NDO,F11,7,84209.32014671343
NDO,F11,8,84218.27956405115
NDO,F11,9,97610.03176220096
NDO,F11,10,162835.62782723224
NDO,F11,11,128714.76456743822
NDO,F11,12,146620.8121325095
NDO,F11,13,121231.2144715339
NDO,F11,14,125030.16353735988
NDO,F11,15,133869.99937015036
NDO,F11,16,209340.66188851077
NDO,F11,17,97222.00910930125
NDO,F11,18,130237.0331781067
NDO,F11,19,115340.76645443302
NDO,F11,20,146571.31299865473
NDO,F11,21,167970.09589749997
NDO,F11,22,129890.39697407307
NDO,F11,23,125410.91374807934
NDO,F11,24,98481.31521481258
NDO,F11,25,152765.10126531794
NDO,F11,26,153759.7996861125
NDO,F11,27,112509.86893408585
NDO,F11,28,173997.4588988364
NDO,F11,29,151832.18385148986
NDO,F11,30,176218.7685811993
NDO,F12,1,502495302.83761185
NDO,F12,2,1947531860.8680565
NDO,F12,3,865923307.4305769
NDO,F12,4,2522054121.7799625
NDO,F12,5,854883262.0808408
NDO,F12,6,891510588.1325665
NDO,F12,7,552236236.4488012
NDO,F12,8,1350787226.9854922
NDO,F12,9,571536655.3261205
NDO,F12,10,2350932896.1855645
NDO,F12,11,1551386137.5999467
NDO,F12,12,1008941617.794847
NDO,F12,13,631085128.2012813
NDO,F12,14,3745072677.7275333
NDO,F12,15,1358745414.0255017
NDO,F12,16,1169560826.1294622
NDO,F12,17,810426549.9137459
NDO,F12,18,1319006115.0481439
NDO,F12,19,1188086337.5849934
NDO,F12,20,2522990178.191168
NDO,F12,21,1534362136.5850396
NDO,F12,22,782707071.5096258
NDO,F12,23,524368578.1511746
NDO,F12,24,661108136.0770595
NDO,F12,25,1062117415.7979577
NDO,F12,26,668277069.004538
NDO,F12,27,1207039555.935846
NDO,F12,28,1578818450.3322175
NDO,F12,29,3644076184.7720294
NDO,F12,30,637949345.8258406
NDO,F13,1,3186207.910974436
NDO,F13,2,64594.8922760073
NDO,F13,3,31399.689575166885
NDO,F13,4,57914.21083907499
NDO,F13,5,3071764.692434693
NDO,F13,6,105884.27980900358
NDO,F13,7,30509.819084110502
NDO,F13,8,351278.9047437967
NDO,F13,9,34803.98510745446
NDO,F13,10,105821.37222798394
NDO,F13,11,114699.73545426351
NDO,F13,12,58044.89670148428
NDO,F13,13,419405.94504228985
NDO,F13,14,8310402.629524567
NDO,F13,15,33357.13528281463
NDO,F13,16,101179.37515326333
NDO,F13,17,46585.73957465488
NDO,F13,18,93326.26087181264
NDO,F13,19,62427.767137041934
NDO,F13,20,54618.40222677704
NDO,F13,21,37515.94560686469
NDO,F13,22,251965.82816846477
NDO,F13,23,81349.64310875646
NDO,F13,24,67959.05333841984
NDO,F13,25,29206.652175051015
NDO,F13,26,83951.23512173169
NDO,F13,27,100402.86105288913
NDO,F13,28,36799.80054780414
NDO,F13,29,105518.91318147765
NDO,F13,30,68427.06884812839
NDO,F14,1,2565501.0203292626
NDO,F14,2,4648023.746371939
NDO,F14,3,1867384.405721759
NDO,F14,4,5758105.408333047
NDO,F14,5,4553230.065311381
NDO,F14,6,7708103.374615856
NDO,F14,7,6053087.706280365
NDO,F14,8,5812872.284748552
NDO,F14,9,4133275.3042484624
NDO,F14,10,1280156.8498239475
NDO,F14,11,2264015.3471617396
NDO,F14,12,6978811.208301912
NDO,F14,13,6302652.669180785
NDO,F14,14,3444834.203387033
NDO,F14,15,2535019.66510805
NDO,F14,16,1808507.0846703034
NDO,F14,17,3432470.611733007
NDO,F14,18,8718317.606732316
NDO,F14,19,1601637.4109597479
NDO,F14,20,11631258.14613594
NDO,F14,21,3223836.364483355
NDO,F14,22,8556426.780256238
NDO,F14,23,11993602.53835288
NDO,F14,24,2775606.0402329797
NDO,F14,25,4505362.672005054
NDO,F14,26,2693909.442691417
NDO,F14,27,2154129.1411177157
NDO,F14,28,3735672.80326723
NDO,F14,29,2357055.0967048095
NDO,F14,30,5418762.534709363
NDO,F15,1,9396.71829729137
NDO,F15,2,24932.19924292408
NDO,F15,3,6913.721119195575
NDO,F15,4,5564.130375547116
NDO,F15,5,15271.937157091652
NDO,F15,6,6520.1954203138375
NDO,F15,7,7898.594103897741
NDO,F15,8,20022.890548636267
NDO,F15,9,10614.162047090133
NDO,F15,10,9154.412871275114
NDO,F15,11,13275.142813451574
NDO,F15,12,13297.587203614392
NDO,F15,13,6268.58766552056
NDO,F15,14,17610.801404259928
NDO,F15,15,22191.501776505385
NDO,F15,16,8048.049693773944
NDO,F15,17,13888.709387989731
NDO,F15,18,8792.017447423143
NDO,F15,19,13113.173277781756
NDO,F15,20,8567.905212829055
NDO,F15,21,10273.593771849935
NDO,F15,22,10472.928139534528
NDO,F15,23,5707.816101623397
NDO,F15,24,13175.65273511513
NDO,F15,25,8009.367977758384
NDO,F15,26,3866.1782890470645
NDO,F15,27,8771.855592841339
NDO,F15,28,8443.604549975305
NDO,F15,29,4694.391106942796
NDO,F15,30,12292.527959143134
NDO,F16,1,8561.276131403283
NDO,F16,2,7991.878493623134
NDO,F16,3,7174.325070175162
NDO,F16,4,5632.163756270205
NDO,F16,5,5478.88444314065
NDO,F16,6,7688.651364430929
NDO,F16,7,10701.732984285414
NDO,F16,8,9360.786493634329
NDO,F16,9,8794.072958065017
NDO,F16,10,9967.978984978787
NDO,F16,11,10866.250165961026
NDO,F16,12,10750.490651406992
NDO,F16,13,8428.775391977946
NDO,F16,14,6146.701387887469
NDO,F16,15,8216.171756159574
NDO,F16,16,6976.474562414175
NDO,F16,17,6813.846474263477
NDO,F16,18,8559.551973924907
NDO,F16,19,9256.767083826171
NDO,F16,20,7201.987196074293
NDO,F16,21,5925.143015229929
NDO,F16,22,6918.735690642683
NDO,F16,23,5931.931208896585
NDO,F16,24,6540.530037045669
NDO,F16,25,7535.3465741805285
NDO,F16,26,8104.165001225183
NDO,F16,27,5811.877401777849
NDO,F16,28,7235.023445790539
NDO,F16,29,6534.427891056872
NDO,F16,30,8553.938525690835
NDO,F17,1,5148.822111183685
NDO,F17,2,6048.569206218581
NDO,F17,3,4931.724014602914
NDO,F17,4,7665.281877130272
NDO,F17,5,5091.338860786717
NDO,F17,6,4724.623216722574
NDO,F17,7,5130.3208514615835
NDO,F17,8,6726.965171324701
NDO,F17,9,6369.7054084495385
NDO,F17,10,5941.542352653174
NDO,F17,11,6326.3181241979355
NDO,F17,12,4917.092918860399
NDO,F17,13,6394.839407848344
NDO,F17,14,5855.955801865493
NDO,F17,15,6640.53660804279
NDO,F17,16,5360.413837128182
NDO,F17,17,5151.958461777103
NDO,F17,18,5034.584374790781
NDO,F17,19,4891.630916688165
NDO,F17,20,5790.268378799809
NDO,F17,21,6197.261274292703
NDO,F17,22,6114.683960013555
NDO,F17,23,6518.577661623624
NDO,F17,24,4967.946608597447
NDO,F17,25,6224.692191629119
NDO,F17,26,6888.4328667209775
NDO,F17,27,7508.294500450689
NDO,F17,28,5454.904382384872
NDO,F17,29,5774.560356022786
NDO,F17,30,5719.156975401071
NDO,F18,1,12852394.0384724
NDO,F18,2,9672541.88425989
NDO,F18,3,3141892.0679727327
NDO,F18,4,11198355.66232375
NDO,F18,5,8119688.922418048
NDO,F18,6,7133988.603599936
NDO,F18,7,9372675.016787536
NDO,F18,8,6363973.888524035
NDO,F18,9,16805524.548271187
NDO,F18,10,8939687.451010313
NDO,F18,11,10375695.03805564
NDO,F18,12,12270236.893118262
NDO,F18,13,5326908.631726766
NDO,F18,14,12262868.390814856
NDO,F18,15,9374276.224008318
NDO,F18,16,7680594.216906405
NDO,F18,17,2046931.0915981315
NDO,F18,18,16781381.84825499
NDO,F18,19,7274454.451912005
NDO,F18,20,12029809.194922997
NDO,F18,21,9865293.991539983
NDO,F18,22,13247691.557207987
NDO,F18,23,7592181.418007188
NDO,F18,24,20073666.25429636
NDO,F18,25,4375742.234840207
NDO,F18,26,7591729.170782869
NDO,F18,27,13452506.886368187
NDO,F18,28,19188128.436016064
NDO,F18,29,13986755.88128886
NDO,F18,30,7442655.035320739
NDO,F19,1,32478.825626550442
NDO,F19,2,40435.2894403949
NDO,F19,3,5321.543617917292
NDO,F19,4,3973.7346112471687
NDO,F19,5,10179.797449119102
NDO,F19,6,15752.252661030574
NDO,F19,7,6352.933658106713
NDO,F19,8,5252.246273199246
NDO,F19,9,3935.0708175283653
NDO,F19,10,19151.21462270126
NDO,F19,11,28328.589724903173
NDO,F19,12,3479.7595700718957
NDO,F19,13,6536.501868793851
NDO,F19,14,3296.314797925638
NDO,F19,15,45590.304300466385
NDO,F19,16,44610.38485275593
NDO,F19,17,18821.60408111424
NDO,F19,18,12597.320163614428
NDO,F19,19,5472.561821644076
NDO,F19,20,13672.901873780858
NDO,F19,21,30508.200412259193
NDO,F19,22,15589.30140667628
NDO,F19,23,15752.447093754177
NDO,F19,24,3325.7573582120085
NDO,F19,25,22798.24092013587
NDO,F19,26,9877.085697586885
NDO,F19,27,19498.50083862979
NDO,F19,28,52060.4417329837
NDO,F19,29,4659.234362304306
NDO,F19,30,24207.252175287987
NDO,F20,1,7339.09900225481
NDO,F20,2,7703.204951124344
NDO,F20,3,7731.880726164981
NDO,F20,4,6632.932086324121
NDO,F20,5,7706.836129665596
NDO,F20,6,7470.584752750403
NDO,F20,7,6047.333469231442
NDO,F20,8,6737.739263601645
NDO,F20,9,5153.48674507427
NDO,F20,10,6929.913860582168
NDO,F20,11,7304.18793016681
NDO,F20,12,7723.463108634931
NDO,F20,13,7128.119270582834
NDO,F20,14,7478.459473827547
NDO,F20,15,8026.043822875933
NDO,F20,16,6531.660796115831
NDO,F20,17,7214.699099853414
NDO,F20,18,6160.732274403778
NDO,F20,19,5227.698571610513
NDO,F20,20,7393.409330194852
NDO,F20,21,5943.246825996651
NDO,F20,22,6817.9146495522855
NDO,F20,23,6170.989415346616
NDO,F20,24,7727.255160947639
NDO,F20,25,6220.37407942424
NDO,F20,26,5567.268814964173
NDO,F20,27,6372.800538047591
NDO,F20,28,6935.20280774601
NDO,F20,29,6845.234932005154
NDO,F20,30,7074.59021657535
NDO,F21,1,3140.532520794424
NDO,F21,2,3200.627494238982
NDO,F21,3,3136.91010040344
NDO,F21,4,3267.940419557832
NDO,F21,5,3230.578427402522
NDO,F21,6,3182.0742666498663
NDO,F21,7,3556.4705076046757
NDO,F21,8,3241.8514452754753
NDO,F21,9,3280.359781720109
NDO,F21,10,3109.9483395717457
NDO,F21,11,3372.4456169746736
NDO,F21,12,3263.335226170179
NDO,F21,13,3084.112916505506
NDO,F21,14,3307.0814787672934
NDO,F21,15,2943.772807027898
NDO,F21,16,3409.4176968345932
NDO,F21,17,3067.645191017891
NDO,F21,18,3191.521694405314
NDO,F21,19,3284.806977387116
NDO,F21,20,3067.4378404406634
NDO,F21,21,3248.1653378191377
NDO,F21,22,3235.2283874335153
NDO,F21,23,3277.7758723542956
NDO,F21,24,3869.644226272215
NDO,F21,25,3434.197312265502
NDO,F21,26,3016.2847547919846
NDO,F21,27,3125.2458001841187
NDO,F21,28,3161.763955815576
NDO,F21,29,3138.1445926606625
NDO,F21,30,3384.9885973933824
NDO,F22,1,30581.404131785224
NDO,F22,2,30656.96791699299
NDO,F22,3,33457.786140558004
NDO,F22,4,28807.736793681026
NDO,F22,5,30408.84180508428
NDO,F22,6,32570.148239465394
NDO,F22,7,33934.83142138895
NDO,F22,8,33039.32545999354
NDO,F22,9,31995.249318655235
NDO,F22,10,31583.68938831074
NDO,F22,11,33352.33953951876
NDO,F22,12,34791.05313771512
NDO,F22,13,33739.33786683583
NDO,F22,14,32764.41334764106
NDO,F22,15,33340.8796124563
NDO,F22,16,27133.35110119516
NDO,F22,17,30824.76768533398
NDO,F22,18,31782.94068073435
NDO,F22,19,32992.54451116225
NDO,F22,20,35424.61759016097
NDO,F22,21,30612.804623712673
NDO,F22,22,35031.431815568176
NDO,F22,23,30656.559514088447
NDO,F22,24,31179.251082344726
NDO,F22,25,31151.05302505993
NDO,F22,26,35218.1408211176
NDO,F22,27,33581.10748558765
NDO,F22,28,30886.91110935331
NDO,F22,29,32302.33692807069
NDO,F22,30,29248.365636021143
NDO,F23,1,3761.111721591632
NDO,F23,2,3708.6313444832913
NDO,F23,3,3651.942670257561
NDO,F23,4,3767.384111315245
NDO,F23,5,3806.7857984348725
NDO,F23,6,3756.5291738000087
NDO,F23,7,3708.909114007519
NDO,F23,8,3679.607798711826
NDO,F23,9,3675.9870323808063
NDO,F23,10,3585.6354208283633
NDO,F23,11,3716.5750787057596
NDO,F23,12,3721.429180701969
NDO,F23,13,3548.091537769339
NDO,F23,14,3719.969572287915
NDO,F23,15,3671.1966971430365
NDO,F23,16,3528.2860310680735
NDO,F23,17,3776.7157274934993
NDO,F23,18,3627.4020334986526
NDO,F23,19,3631.7164280768893
NDO,F23,20,3845.2847812633318
NDO,F23,21,3628.280781437198
NDO,F23,22,3892.5895138429396
NDO,F23,23,3588.6567549811507
NDO,F23,24,3521.9817468687143
NDO,F23,25,3568.980832556637
NDO,F23,26,3739.1305415314255
NDO,F23,27,3648.5998036747083
NDO,F23,28,3427.571459185081
NDO,F23,29,3753.91859366525
NDO,F23,30,3661.793423790232
NDO,F24,1,4630.071842576475
NDO,F24,2,4367.960298808575
NDO,F24,3,4623.373996631892
NDO,F24,4,4602.97815269506
NDO,F24,5,4361.542020029903
NDO,F24,6,4398.702315051518
NDO,F24,7,4408.789010205649
NDO,F24,8,4360.163264522276
NDO,F24,9,4516.765212996128
NDO,F24,10,4295.0868730124
NDO,F24,11,4671.0296584138705
NDO,F24,12,4645.917247335362
NDO,F24,13,4455.876524662883
NDO,F24,14,4695.087056874531
NDO,F24,15,4562.744536084843
NDO,F24,16,4808.662931424801
NDO,F24,17,4672.589313461235
NDO,F24,18,4714.5035338139505
NDO,F24,19,4653.989116321442
NDO,F24,20,4691.13357326262
NDO,F24,21,4728.018701005543
NDO,F24,22,4419.169173368959
NDO,F24,23,4571.812098263093
NDO,F24,24,4473.129124546014
NDO,F24,25,4618.739587529957
NDO,F24,26,4760.438009850963
NDO,F24,27,4527.705299452109
NDO,F24,28,4647.283487083043
NDO,F24,29,4422.635754321381
NDO,F24,30,4404.604207323577
NDO,F25,1,5844.610528734916
NDO,F25,2,5119.534813021401
NDO,F25,3,5498.712012236278
NDO,F25,4,6644.729339361181
NDO,F25,5,4742.908548433248
NDO,F25,6,5644.524718245942
NDO,F25,7,4849.026852389183
NDO,F25,8,5530.364994363151
NDO,F25,9,5212.9942028289715
NDO,F25,10,5091.566283653512
NDO,F25,11,5247.784020871908
NDO,F25,12,5623.250004595301
NDO,F25,13,5137.395217267303
NDO,F25,14,4881.103705957778
NDO,F25,15,6322.286589332891
NDO,F25,16,4534.583290353837
NDO,F25,17,6100.0229365014475
NDO,F25,18,5447.516508934212
NDO,F25,19,4388.435397555493
NDO,F25,20,5042.771333449065
NDO,F25,21,5341.214290453646
NDO,F25,22,4937.9737634569
NDO,F25,23,4674.494117460885
NDO,F25,24,4925.491137216866
NDO,F25,25,4759.819389777868
NDO,F25,26,4781.679308088927
NDO,F25,27,5646.634261225996
NDO,F25,28,5022.361144909644
NDO,F25,29,5706.778806266708
NDO,F25,30,4833.667817803187
NDO,F26,1,18913.75929333424
NDO,F26,2,17970.844851821254
NDO,F26,3,17101.187342313155
NDO,F26,4,16527.312443484185
NDO,F26,5,20387.800876846453
NDO,F26,6,17755.439154697317
NDO,F26,7,19502.358473148048
NDO,F26,8,17422.019713449317
NDO,F26,9,21357.91293170402
NDO,F26,10,22230.62270339008
NDO,F26,11,19719.475460742025
NDO,F26,12,23460.532664546874
NDO,F26,13,19262.81607857251
NDO,F26,14,17047.953988574995
NDO,F26,15,17682.041273120256
NDO,F26,16,17118.580076039812
NDO,F26,17,20270.2973003491
NDO,F26,18,20188.41901371917
NDO,F26,19,21302.680525585904
NDO,F26,20,18751.13308718954
NDO,F26,21,21387.11451057764
NDO,F26,22,18726.37595739127
NDO,F26,23,20248.399664271303
NDO,F26,24,19496.709223249403
NDO,F26,25,22334.869008982267
NDO,F26,26,19461.44732458157
NDO,F26,27,18755.628367415597
NDO,F26,28,21680.78084729903
NDO,F26,29,18485.41720659593
NDO,F26,30,17351.553674318544
NDO,F27,1,4072.408897531109
NDO,F27,2,4327.95909694123
NDO,F27,3,4080.482120769346
NDO,F27,4,4133.790159944927
NDO,F27,5,4197.103813414246
NDO,F27,6,4083.687362752845
NDO,F27,7,4249.395574564064
NDO,F27,8,4175.60066619107
NDO,F27,9,4524.50689489619
NDO,F27,10,3966.8666984092633
NDO,F27,11,4038.018579225929
NDO,F27,12,4168.346528249677
NDO,F27,13,3861.0282718064113
NDO,F27,14,4387.409454895523
NDO,F27,15,4003.265508182609
NDO,F27,16,4306.502534004108
NDO,F27,17,4117.614068997142
NDO,F27,18,4131.221240541746
NDO,F27,19,4392.665805869527
NDO,F27,20,4146.76178999928
NDO,F27,21,4190.050040601716
NDO,F27,22,4147.274955592072
NDO,F27,23,4195.3324801075505
NDO,F27,24,4096.629989180619
NDO,F27,25,4199.475148241036
NDO,F27,26,4062.9892719403165
NDO,F27,27,4077.7196411270907
NDO,F27,28,4041.989140211671
NDO,F27,29,4321.320530954383
NDO,F27,30,4358.9368342739
NDO,F28,1,7193.0570707866
NDO,F28,2,7392.076149238531
NDO,F28,3,7425.125055625758
NDO,F28,4,8731.480813409358
NDO,F28,5,7043.595961466559
NDO,F28,6,6474.743790754706
NDO,F28,7,6857.174857352746
NDO,F28,8,5243.984581418014
NDO,F28,9,9464.805195504914
NDO,F28,10,7174.074271446591
NDO,F28,11,8553.319459525224
NDO,F28,12,7993.900941454475
NDO,F28,13,7540.740259058309
NDO,F28,14,5462.729767509318
NDO,F28,15,5725.223928394254
NDO,F28,16,8311.978228487704
NDO,F28,17,6140.268080914358
NDO,F28,18,5377.3677390357825
NDO,F28,19,7262.721331643045
NDO,F28,20,8299.826321208811
NDO,F28,21,9660.840153434787
NDO,F28,22,6461.543888921641
NDO,F28,23,6708.984332397951
NDO,F28,24,7276.2439053566795
NDO,F28,25,7414.790658785761
NDO,F28,26,9490.505058122122
NDO,F28,27,9310.040967565488
NDO,F28,28,6687.28293114292
NDO,F28,29,7321.5990745153595
NDO,F28,30,9634.464215542925
NDO,F29,1,7513.8811651239885
NDO,F29,2,6496.753212475018
NDO,F29,3,8116.095722293399
NDO,F29,4,8139.215737099374
NDO,F29,5,7851.618470729775
NDO,F29,6,7242.650799723333
NDO,F29,7,7000.22044701477
NDO,F29,8,8276.232294736576
NDO,F29,9,7472.496085223874
NDO,F29,10,7723.175082251058
NDO,F29,11,8415.803164322877
NDO,F29,12,6640.621336329939
NDO,F29,13,7225.055133257571
NDO,F29,14,11693.774860697473
NDO,F29,15,7409.840456211174
NDO,F29,16,8574.826012925445
NDO,F29,17,8593.37531754205
NDO,F29,18,7528.45408844835
NDO,F29,19,7570.209170860581
NDO,F29,20,8156.936066854573
NDO,F29,21,8070.561940537933
NDO,F29,22,7523.619100055465
NDO,F29,23,8749.823519407668
NDO,F29,24,8141.074065942246
NDO,F29,25,7079.380714239618
NDO,F29,26,7661.73279848681
NDO,F29,27,7609.2558477627945
NDO,F29,28,6883.456471618815
NDO,F29,29,8078.526362906299
NDO,F29,30,7809.305871202129
NDO,F30,1,38685209.64340315
NDO,F30,2,1729592.4386242842
NDO,F30,3,35848495.67067939
NDO,F30,4,17882668.007895343
NDO,F30,5,6156984.490921905
NDO,F30,6,6765613.576756638
NDO,F30,7,24982008.091469936
NDO,F30,8,6334528.556049912
NDO,F30,9,4677101.082811572
NDO,F30,10,20714819.13050347
NDO,F30,11,3256855.184978146
NDO,F30,12,6847915.705861617
NDO,F30,13,6515511.550546795
NDO,F30,14,6361578.539562031
NDO,F30,15,43808458.08731121
NDO,F30,16,41137390.651694104
NDO,F30,17,12873012.165233467
NDO,F30,18,13891051.5231759
NDO,F30,19,1670583.4507335522
NDO,F30,20,3072022.2145334417
NDO,F30,21,13744034.194249097
NDO,F30,22,4359957.69711205
NDO,F30,23,7252751.803761849
NDO,F30,24,10233083.224705355
NDO,F30,25,4104505.3664508676
NDO,F30,26,43783682.99241747
NDO,F30,27,5389667.055997661
NDO,F30,28,8980180.145269468
NDO,F30,29,5332178.2446219325
NDO,F30,30,20824626.851273432
NGO,F1,1,79909567016.43031
NGO,F1,2,79020206555.41435
NGO,F1,3,81812302024.85915
NGO,F1,4,88813712816.32942
NGO,F1,5,97592769835.33186
NGO,F1,6,67689355554.37755
NGO,F1,7,67795341695.255356
NGO,F1,8,91116105911.23373
NGO,F1,9,68183189352.26143
NGO,F1,10,92496745349.2863
NGO,F1,11,59341971804.326454
NGO,F1,12,75261370691.33603
NGO,F1,13,80627475945.1821
NGO,F1,14,75531581245.6652
NGO,F1,15,76614396531.28758
NGO,F1,16,71499330432.05948
NGO,F1,17,74979590146.15945
NGO,F1,18,65691954957.98455
NGO,F1,19,71851473555.87692
NGO,F1,20,81317153795.4898
NGO,F1,21,70222688447.51117
NGO,F1,22,81625686463.45879
NGO,F1,23,74431391452.14687
NGO,F1,24,76664649445.38333
NGO,F1,25,50737184116.56526
NGO,F1,26,94905668292.91635
NGO,F1,27,89773000627.28133
NGO,F1,28,82936253353.44301
NGO,F1,29,73964655658.01779
NGO,F1,30,87414451767.68494
NGO,F3,1,454540.75103065866
NGO,F3,2,433746.2889205659
NGO,F3,3,412425.08195608953
NGO,F3,4,405244.5110333007
NGO,F3,5,462555.79105989676
NGO,F3,6,409785.66655630857
NGO,F3,7,373351.4571996592
NGO,F3,8,421852.76132150396
NGO,F3,9,372742.999893168
NGO,F3,10,438669.6785917298
NGO,F3,11,397781.278686314
NGO,F3,12,407501.75002362725
NGO,F3,13,413766.7060767075
NGO,F3,14,375474.251096487
NGO,F3,15,396253.4578026306
NGO,F3,16,397937.6316779379
NGO,F3,17,379226.43559607374
NGO,F3,18,411078.6329683239
NGO,F3,19,362928.2362084738
NGO,F3,20,390877.50327785715
NGO,F3,21,422849.744926071
NGO,F3,22,381927.47467238666
NGO,F3,23,367151.45163868624
NGO,F3,24,424259.3229110217
NGO,F3,25,429352.4883710497
NGO,F3,26,378804.40871825087
NGO,F3,27,446670.68139661977
NGO,F3,28,403242.57096904557
NGO,F3,29,432282.5041493801
NGO,F3,30,383601.30880477396
NGO,F4,1,8051.846288241165
NGO,F4,2,7310.29178323837
NGO,F4,3,8648.871059230483
NGO,F4,4,7554.221111475142
NGO,F4,5,6548.652892119199
NGO,F4,6,12351.380207998574
NGO,F4,7,7703.773587598811
NGO,F4,8,6612.694878354885
NGO,F4,9,11326.272061993028
NGO,F4,10,6310.078870345623
NGO,F4,11,6453.245496208942
NGO,F4,12,7804.599886886458
NGO,F4,13,10610.019426476354
NGO,F4,14,10432.589051196679
NGO,F4,15,9531.945609205766
NGO,F4,16,7560.744067248707
NGO,F4,17,5763.86185926214
NGO,F4,18,10027.534535374958
NGO,F4,19,7476.882338231842
NGO,F4,20,7115.856212857753
NGO,F4,21,10431.794146486585
NGO,F4,22,12700.418350173226
NGO,F4,23,7346.215069467967
NGO,F4,24,9857.133010091286
NGO,F4,25,7793.113164911738
NGO,F4,26,6523.07070287104
NGO,F4,27,9943.9522466945
NGO,F4,28,11820.941958407939
NGO,F4,29,8317.1683376514
NGO,F4,30,8540.666756399729
NGO,F5,1,1591.777486119207
NGO,F5,2,1607.1682100998562
NGO,F5,3,1622.8237020596232
NGO,F5,4,1554.6256512935845
NGO,F5,5,1531.8686656128227
NGO,F5,6,1578.2324655906443
NGO,F5,7,1565.996251613395
NGO,F5,8,1661.377877927464
NGO,F5,9,1559.265877944376
NGO,F5,10,1581.344862955932
NGO,F5,11,1580.3631876432546
NGO,F5,12,1668.3428287326008
NGO,F5,13,1627.6428826718288
NGO,F5,14,1643.4120943905068
NGO,F5,15,1600.6371318102977
NGO,F5,16,1640.4646070494773
NGO,F5,17,1608.1396533243326
NGO,F5,18,1653.556715066688
NGO,F5,19,1641.7440759338385
NGO,F5,20,1553.6522292195675
NGO,F5,21,1618.1905808294507
NGO,F5,22,1660.1410515371153
NGO,F5,23,1537.0283069852042
NGO,F5,24,1641.640151066881
NGO,F5,25,1668.6149577321553
NGO,F5,26,1621.379428989581
NGO,F5,27,1562.2586045333428
NGO,F5,28,1627.431257784582
NGO,F5,29,1578.767761702648
NGO,F5,30,1523.6068331361284
NGO,F6,1,676.691150940673
NGO,F6,2,676.8576875976423
NGO,F6,3,682.2685583316505
NGO,F6,4,676.7418940504945
NGO,F6,5,677.1432552089543
NGO,F6,6,680.0334736592804
NGO,F6,7,678.8784189790351
NGO,F6,8,685.753383597944
NGO,F6,9,678.9885855849592
NGO,F6,10,675.7670794746197
NGO,F6,11,671.3872181935986
NGO,F6,12,681.2569023754389
NGO,F6,13,674.5615975753416
NGO,F6,14,670.6081410393483
NGO,F6,15,677.7713326807327
NGO,F6,16,683.6436903123415
NGO,F6,17,680.9365445671481
NGO,F6,18,681.2039589110375
NGO,F6,19,680.0076598549049
NGO,F6,20,674.3579025568846
NGO,F6,21,680.2655057605032
NGO,F6,22,677.4189892189053
NGO,F6,23,680.6612631445626
NGO,F6,24,675.8696115405514
NGO,F6,25,677.8715514128338
NGO,F6,26,677.6348863891279
NGO,F6,27,683.1996772290521
NGO,F6,28,671.5658424933508
NGO,F6,29,679.9800338637908
NGO,F6,30,674.8351426976983
NGO,F7,1,3017.9846608988246
NGO,F7,2,3226.6056283229896
NGO,F7,3,2753.925320867217
NGO,F7,4,2901.499568794166
NGO,F7,5,3354.4559539260194
NGO,F7,6,2856.014731590069
NGO,F7,7,2722.5187956847617
NGO,F7,8,2765.657559199117
NGO,F7,9,3163.1731342136595
NGO,F7,10,2958.92721018482
NGO,F7,11,2911.103820647577
NGO,F7,12,2684.4006900186882
NGO,F7,13,3084.455899135045
NGO,F7,14,3038.0633538911475
NGO,F7,15,2680.640891772824
NGO,F7,16,3298.6312970012154
NGO,F7,17,2794.6954676859705
NGO,F7,18,2895.562189472757
NGO,F7,19,2749.384656039833
NGO,F7,20,3139.3269456168414
NGO,F7,21,2887.4185057580926
NGO,F7,22,3345.437755981939
NGO,F7,23,2915.1747027704914
NGO,F7,24,2817.597176347735
NGO,F7,25,2835.8166612784
NGO,F7,26,2640.521964080486
NGO,F7,27,3116.4402789524847
NGO,F7,28,3110.1049388908546
NGO,F7,29,3205.667625415309
NGO,F7,30,2629.6494867996635
NGO,F8,1,1936.2354788430714
NGO,F8,2,2031.0654914545853
NGO,F8,3,2098.8535604660756
NGO,F8,4,1984.4007254211149
NGO,F8,5,2024.8181916498952
NGO,F8,6,1899.9532247152247
NGO,F8,7,2017.8932428907337
NGO,F8,8,1910.8022744092582
NGO,F8,9,2122.000019769806
NGO,F8,10,2080.211915801596
NGO,F8,11,2089.6867446733804
NGO,F8,12,2061.8677672769545
NGO,F8,13,1947.0588008960538
NGO,F8,14,2017.5376907620173
NGO,F8,15,2015.9545798763236
NGO,F8,16,2006.7745866743546
NGO,F8,17,1989.8431718895542
NGO,F8,18,1993.2313080006702
NGO,F8,19,1985.4835817239177
NGO,F8,20,2012.7319917065179
NGO,F8,21,1997.7758426708529
NGO,F8,22,1999.8429646993088
NGO,F8,23,2030.2398673629812
NGO,F8,24,2022.4592091328798
NGO,F8,25,2007.6096666928484
NGO,F8,26,1990.137637437211
NGO,F8,27,1905.2430031651845
NGO,F8,28,2070.4731103033646
NGO,F8,29,1950.5248092277668
NGO,F8,30,2044.3598228339217
NGO,F9,1,44903.49189694934
NGO,F9,2,45345.54443932113
NGO,F9,3,46807.57570397046
NGO,F9,4,41541.59354767399
NGO,F9,5,46738.65754774786
NGO,F9,6,44664.621588256814
NGO,F9,7,46686.020485179375
NGO,F9,8,48056.62185698842
NGO,F9,9,44149.33471003369
NGO,F9,10,50115.726408530994
NGO,F9,11,43745.1434463847
NGO,F9,12,48587.15071440372
NGO,F9,13,44223.932546856035
NGO,F9,14,40509.463067871555
NGO,F9,15,45964.12313063243
NGO,F9,16,46495.97295020306
NGO,F9,17,43402.6224884008
NGO,F9,18,47366.00327608337
NGO,F9,19,46766.753986462434
NGO,F9,20,46207.369179242516
NGO,F9,21,34268.65686423658
NGO,F9,22,39000.46108595244
NGO,F9,23,44289.70964084965
NGO,F9,24,42549.63007869676
NGO,F9,25,42117.67804260074
NGO,F9,26,42154.414338786744
NGO,F9,27,45856.560773974365
NGO,F9,28,46952.10777068658
NGO,F9,29,43758.693048835885
NGO,F9,30,44011.1021698469
NGO,F10,1,24050.26758603935
NGO,F10,2,24038.027854447442
NGO,F10,3,22544.60061567071
NGO,F10,4,23452.31335277403
NGO,F10,5,23398.01624733487
NGO,F10,6,23804.20026890938
NGO,F10,7,24285.11681402272
NGO,F10,8,22590.242943971327
NGO,F10,9,23452.81501693106
NGO,F10,10,24264.828619338492
NGO,F10,11,22973.827970753733
NGO,F10,12,23509.87272039163
NGO,F10,13,22432.545258011698
NGO,F10,14,22707.322628956033
NGO,F10,15,24311.16919290537
NGO,F10,16,23711.51641164707
NGO,F10,17,23881.73558354239
NGO,F10,18,23740.943887535905
NGO,F10,19,23582.0036326726
NGO,F10,20,23823.926474053216
NGO,F10,21,24502.418479187276
NGO,F10,22,24041.16919719223
NGO,F10,23,24018.042674637123
NGO,F10,24,23751.786615769906
NGO,F10,25,22611.27115603051
NGO,F10,26,23096.470732205984
NGO,F10,27,24328.947106523014
NGO,F10,28,21149.991067221712
NGO,F10,29,22918.773755039492
NGO,F10,30,24352.318946404226
NGO,F11,1,116764.46521095732
NGO,F11,2,106998.68083747053
NGO,F11,3,93580.80784101639
NGO,F11,4,95563.69656315605
NGO,F11,5,99222.72563228109
NGO,F11,6,100757.90465683566
NGO,F11,7,111277.66775784802
NGO,F11,8,85662.40164593152
NGO,F11,9,114800.11241011487
NGO,F11,10,145168.0311800707
NGO,F11,11,91905.35397242442
NGO,F11,12,119546.00389501792
NGO,F11,13,107668.740793175
NGO,F11,14,101538.32045917546
NGO,F11,15,102650.90720169342
NGO,F11,16,117044.73699331623
NGO,F11,17,106519.8325850436
NGO,F11,18,125223.61129527616
NGO,F11,19,131493.74733365583
NGO,F11,20,117696.98894554016
NGO,F11,21,111870.25748797721
NGO,F11,22,119538.36224289835
NGO,F11,23,109915.56232456239
NGO,F11,24,102758.67356147974
NGO,F11,25,74662.61538590647
NGO,F11,26,93256.14791382536
NGO,F11,27,111812.45759891985
NGO,F11,28,95730.69544238981
NGO,F11,29,151191.10811900263
NGO,F11,30,111707.79327548544
NGO,F12,1,6453426123.397911
NGO,F12,2,3735795787.9277477
NGO,F12,3,8239370867.951236
NGO,F12,4,12015336414.392464
NGO,F12,5,6651308872.847017
NGO,F12,6,9990977092.704082
NGO,F12,7,16008045633.522352
NGO,F12,8,22097799778.591125
NGO,F12,9,9269431016.360775
NGO,F12,10,5220138299.233515
NGO,F12,11,6093412330.274601
NGO,F12,12,11324767129.448845
NGO,F12,13,2439182845.6320024
NGO,F12,14,8318316154.955983
NGO,F12,15,20073294984.084312
NGO,F12,16,6692702479.897264
NGO,F12,17,11249357141.03412
NGO,F12,18,7699576831.863748
NGO,F12,19,3071388199.5874863
NGO,F12,20,4121060026.6354074
NGO,F12,21,7839100927.569552
NGO,F12,22,4295501267.719606
NGO,F12,23,10321101276.641674
NGO,F12,24,4546501470.4497795
NGO,F12,25,16894014513.78554
NGO,F12,26,7698287629.884203
NGO,F12,27,10903069201.438366
NGO,F12,28,15428703035.439457
NGO,F12,29,8297924758.917884
NGO,F12,30,17636245097.72737
NGO,F13,1,8468834.938623095
NGO,F13,2,181255463.4834799
NGO,F13,3,10763713.28422705
NGO,F13,4,72436280.43674146
NGO,F13,5,12219287.37512147
NGO,F13,6,3719298.664912327
NGO,F13,7,21097599.39895796
NGO,F13,8,43138189.38514473
NGO,F13,9,16422221.516592206
NGO,F13,10,142431234.99238956
NGO,F13,11,37776424.020067394
NGO,F13,12,954027084.6250237
NGO,F13,13,1006079.779497288
NGO,F13,14,570538247.2902571
NGO,F13,15,12763062.295351915
NGO,F13,16,5126228.52548841
NGO,F13,17,4045314.5985494703
NGO,F13,18,105746053.26080808
NGO,F13,19,71803208.22618105
NGO,F13,20,2307898.9387011295
NGO,F13,21,14139708.82842989
NGO,F13,22,1429777.943237405
NGO,F13,23,21490104.18730651
NGO,F13,24,159414673.94483167
NGO,F13,25,50602106.71617707
NGO,F13,26,66530358.68805656
NGO,F13,27,25675339.243751332
NGO,F13,28,22708038.775407013
NGO,F13,29,3486046.4177509714
NGO,F13,30,1945620.225283709
NGO,F14,1,3019553.9735619714
NGO,F14,2,3953148.08299358
NGO,F14,3,3123804.5258816844
NGO,F14,4,2665106.340960285
NGO,F14,5,2001693.0792104725
NGO,F14,6,5060241.2132025175
NGO,F14,7,2346580.476578183
NGO,F14,8,2793616.9657011246
NGO,F14,9,5122380.264961498
NGO,F14,10,2601359.941867614
NGO,F14,11,6050299.064550659
NGO,F14,12,1611335.9114971762
NGO,F14,13,2639254.1209645136
NGO,F14,14,4083020.9082801915
NGO,F14,15,2848789.510178288
NGO,F14,16,4260440.727625014
NGO,F14,17,3005925.7104290123
NGO,F14,18,5581043.398545432
NGO,F14,19,1958314.3102830336
NGO,F14,20,2567925.1530623115
NGO,F14,21,2394272.3757892214
NGO,F14,22,3938314.229320736
NGO,F14,23,4403775.4108799985
NGO,F14,24,6010761.218697072
NGO,F14,25,3087804.331269298
NGO,F14,26,3658795.6625060556
NGO,F14,27,2109128.44180252
NGO,F14,28,3922253.7476172666
NGO,F14,29,5308560.182143337
NGO,F14,30,3551707.155937187
NGO,F15,1,32803.8435381093
NGO,F15,2,27553.319809564946
NGO,F15,3,30442.762120119613
NGO,F15,4,38893.89443863756
NGO,F15,5,29562.453632725705
NGO,F15,6,22610.92757476833
NGO,F15,7,22373.85308423409
NGO,F15,8,50070.92143485686
NGO,F15,9,37763.59713256499
NGO,F15,10,43156.81616938444
NGO,F15,11,38541.98149171086
NGO,F15,12,26544.306619559677
NGO,F15,13,21196.547328857545
NGO,F15,14,28129.73942770528
NGO,F15,15,33436.321596105
NGO,F15,16,31825.09174678762
NGO,F15,17,48163.485754751935
NGO,F15,18,22540.22425524211
NGO,F15,19,41100.6945675063
NGO,F15,20,42026.92429232217
NGO,F15,21,49016.14138522056
NGO,F15,22,54386.93559250867
NGO,F15,23,16841.13008430431
NGO,F15,24,26667.424346396572
NGO,F15,25,18521.663739028187
NGO,F15,26,77848.93312478738
NGO,F15,27,27494.15217318927
NGO,F15,28,20326.54338783256
NGO,F15,29,44006.35943080901
NGO,F15,30,42069.54757714349
NGO,F16,1,9553.426965576451
NGO,F16,2,7865.270487689823
NGO,F16,3,9106.58062548293
NGO,F16,4,8438.097239580344
NGO,F16,5,10251.922863342399
NGO,F16,6,8256.521969798912
NGO,F16,7,9114.91708953073
NGO,F16,8,7917.218421726014
NGO,F16,9,7121.986700981303
NGO,F16,10,8236.845406585257
NGO,F16,11,8338.66207596875
NGO,F16,12,9107.92381562817
NGO,F16,13,9296.263041889082
NGO,F16,14,7803.041802776135
NGO,F16,15,8539.356239226003
NGO,F16,16,7399.937897442056
NGO,F16,17,8692.257633130697
NGO,F16,18,8557.236618317125
NGO,F16,19,8016.183040501117
NGO,F16,20,9639.829708435567
NGO,F16,21,8037.459441139022
NGO,F16,22,8227.665772447843
NGO,F16,23,6258.04187858566
NGO,F16,24,8883.950518831745
NGO,F16,25,7827.326476637143
NGO,F16,26,8354.349607249722
NGO,F16,27,7835.1287641510635
NGO,F16,28,8108.321975993994
NGO,F16,29,8102.507553603445
NGO,F16,30,9454.711049152858
NGO,F17,1,4892.802971886085
NGO,F17,2,5191.240363285568
NGO,F17,3,5588.16482104863
NGO,F17,4,4822.523352955285
NGO,F17,5,4953.853159765352
NGO,F17,6,4791.4974256127825
NGO,F17,7,5710.908473541739
NGO,F17,8,5277.42271502535
NGO,F17,9,4737.142135787555
NGO,F17,10,5442.058739904578
NGO,F17,11,5308.525891573774
NGO,F17,12,5697.224727960647
NGO,F17,13,5616.610328450968
NGO,F17,14,5237.53604311723
NGO,F17,15,4970.687940640438
NGO,F17,16,6068.497215904707
NGO,F17,17,5059.364681971027
NGO,F17,18,6039.512744556345
NGO,F17,19,4893.015223016562
NGO,F17,20,5181.7987076808095
NGO,F17,21,5495.530018606374
NGO,F17,22,4962.030081967614
NGO,F17,23,4382.8461554018295
NGO,F17,24,5108.3395918863625
NGO,F17,25,4874.845818996802
NGO,F17,26,5650.007281340073
NGO,F17,27,5735.828282631284
NGO,F17,28,5907.7669790043155
NGO,F17,29,5589.60129912631
NGO,F17,30,5990.589642323635
NGO,F18,1,3060112.0331743537
NGO,F18,2,3198115.637427059
NGO,F18,3,6345955.922646964
NGO,F18,4,3059922.1484911535
NGO,F18,5,4744435.977722829
NGO,F18,6,5070673.148644317
NGO,F18,7,3013811.2791218115
NGO,F18,8,3407528.8102155193
NGO,F18,9,4828915.183343043
NGO,F18,10,2283507.9558968176
NGO,F18,11,3455662.7287267223
NGO,F18,12,4607893.612039081
NGO,F18,13,3436547.83778118
NGO,F18,14,2989971.4533690056
NGO,F18,15,2303492.8217044016
NGO,F18,16,4648788.999986854
NGO,F18,17,6336598.765285507
NGO,F18,18,2234051.8795983195
NGO,F18,19,3368597.5089424322
NGO,F18,20,1314383.6238913932
NGO,F18,21,4247959.841821683
NGO,F18,22,1879249.740534587
NGO,F18,23,3726855.4943287554
NGO,F18,24,1177872.0252479156
NGO,F18,25,3402750.2758479775
NGO,F18,26,1932317.6538985576
NGO,F18,27,2513906.385946456
NGO,F18,28,2587885.5145632387
NGO,F18,29,3617772.004513558
NGO,F18,30,1619078.2207068705
NGO,F19,1,75478.39081625766
NGO,F19,2,77297.58538720281
NGO,F19,3,128451.42572377119
NGO,F19,4,367105.4505773905
NGO,F19,5,200304.05566089763
NGO,F19,6,215328.77366834134
NGO,F19,7,33229.53872615153
NGO,F19,8,89822.83409571377
NGO,F19,9,69485.20893506221
NGO,F19,10,443558.0070563753
NGO,F19,11,643428.4852715766
NGO,F19,12,64944.78108571326
NGO,F19,13,282330.97707287496
NGO,F19,14,191858.8273274079
NGO,F19,15,150146.86068432705
NGO,F19,16,132876.3429113715
NGO,F19,17,214275.0186660542
NGO,F19,18,91530.93104748391
NGO,F19,19,60435.00638993363
NGO,F19,20,157866.9031004051
NGO,F19,21,70654.2136130567
NGO,F19,22,117755.62365887406
NGO,F19,23,401144.7998778134
NGO,F19,24,709313.3525436482
NGO,F19,25,967727.1365004407
NGO,F19,26,63793.23338422439
NGO,F19,27,378582.64824778785
NGO,F19,28,138511.66994587952
NGO,F19,29,214544.3683883339
NGO,F19,30,86665.77519576784
NGO,F20,1,5180.574236100751
NGO,F20,2,5546.910752713753
NGO,F20,3,5475.045135144246
NGO,F20,4,5575.242810789776
NGO,F20,5,5272.972279174823
NGO,F20,6,5307.932870628976
NGO,F20,7,5443.313424075633
NGO,F20,8,5481.134559428247
NGO,F20,9,5574.108076788247
NGO,F20,10,5035.735236437538
NGO,F20,11,5528.923581810925
NGO,F20,12,5512.8372792595055
NGO,F20,13,5026.101458270192
NGO,F20,14,5445.453195629927
NGO,F20,15,4916.064870285333
NGO,F20,16,5630.364562199402
NGO,F20,17,5632.61116407454
NGO,F20,18,5315.106567686375
NGO,F20,19,5018.080241416161
NGO,F20,20,4911.845416768358
NGO,F20,21,5152.809372461331
NGO,F20,22,5618.307516032916
NGO,F20,23,5640.065321780793
NGO,F20,24,5329.3482801369955
NGO,F20,25,5685.708075265107
NGO,F20,26,5188.703072836013
NGO,F20,27,5019.601839430989
NGO,F20,28,5589.68697093232
NGO,F20,29,5307.448036087433
NGO,F20,30,5323.130945498597
NGO,F21,1,3352.7550026425392
NGO,F21,2,3361.35011466958
NGO,F21,3,3331.3227025656033
NGO,F21,4,3444.045409657238
NGO,F21,5,3396.6015484545733
NGO,F21,6,3432.441089121411
NGO,F21,7,3406.416207953589
NGO,F21,8,3433.0100271534284
NGO,F21,9,3426.881617510773
NGO,F21,10,3406.438488508981
NGO,F21,11,3238.436809471283
NGO,F21,12,3401.1714122173785
NGO,F21,13,3410.6545813336625
NGO,F21,14,3220.0797567016734
NGO,F21,15,3371.8114054158214
NGO,F21,16,3463.979713575226
NGO,F21,17,3269.1510760153324
NGO,F21,18,3096.3599933000405
NGO,F21,19,3288.392932363169
NGO,F21,20,3420.5112460515925
NGO,F21,21,3431.6223204768175
NGO,F21,22,3405.894358541782
NGO,F21,23,3395.356204332855
NGO,F21,24,3426.1019086851347
NGO,F21,25,3419.2746589539756
NGO,F21,26,3574.9900265643487
NGO,F21,27,3385.0711349354115
NGO,F21,28,3308.766745283825
NGO,F21,29,3371.186531649038
NGO,F21,30,3494.517298093973
NGO,F22,1,26557.8081741324
NGO,F22,2,12620.60764722095
NGO,F22,3,26145.2254667549
NGO,F22,4,28169.68279111855
NGO,F22,5,26571.337024668832
NGO,F22,6,27010.48622323161
NGO,F22,7,27049.522654608965
NGO,F22,8,27171.891925517746
NGO,F22,9,25303.98962953808
NGO,F22,10,26876.645342559204
NGO,F22,11,25137.48454022331
NGO,F22,12,24909.24300283964
NGO,F22,13,26074.85115384436
NGO,F22,14,27053.157516260224
NGO,F22,15,26742.88037923377
NGO,F22,16,26561.97423868082
NGO,F22,17,27254.9314049706
NGO,F22,18,26460.75269949534
NGO,F22,19,25866.391333542408
NGO,F22,20,26199.224017565964
NGO,F22,21,26169.614562114453
NGO,F22,22,27091.238355909543
NGO,F22,23,25110.78441423059
NGO,F22,24,26774.56967481086
NGO,F22,25,26554.80939486291
NGO,F22,26,25964.134157445416
NGO,F22,27,26406.719684107095
NGO,F22,28,26971.969037806564
NGO,F22,29,27527.388770235084
NGO,F22,30,25966.66579084199
NGO,F23,1,3929.3682361733227
NGO,F23,2,3882.6574485868023
NGO,F23,3,3655.246993791347
NGO,F23,4,3872.5275488411876
NGO,F23,5,3898.8149888779562
NGO,F23,6,3801.3893170143565
NGO,F23,7,3792.5546839920144
NGO,F23,8,3545.8806039527462
NGO,F23,9,3954.964658011988
NGO,F23,10,3804.37143894582
NGO,F23,11,3724.3909718986874
NGO,F23,12,3960.993057659055
NGO,F23,13,3875.028542109202
NGO,F23,14,3940.6142880116136
NGO,F23,15,4023.6935036749255
NGO,F23,16,3746.8338030839677
NGO,F23,17,3708.7576881351592
NGO,F23,18,3507.8718007152806
NGO,F23,19,3662.471848129845
NGO,F23,20,3917.519008211968
NGO,F23,21,3933.533346312044
NGO,F23,22,3747.7178848136446
NGO,F23,23,3736.821065296369
NGO,F23,24,3790.1566653771742
NGO,F23,25,3890.9993598563997
NGO,F23,26,3661.1289251806325
NGO,F23,27,3811.47257356685
NGO,F23,28,3905.414060830186
NGO,F23,29,3745.1292837306123
NGO,F23,30,3465.5691470952715
NGO,F24,1,4368.341576625369
NGO,F24,2,4699.478614461377
NGO,F24,3,4868.883024419683
NGO,F24,4,4381.480921426242
NGO,F24,5,4781.100572638628
NGO,F24,6,4536.040405092006
NGO,F24,7,4528.23209502428
NGO,F24,8,4779.083482506721
NGO,F24,9,4555.600356184688
NGO,F24,10,4725.8610070281775
NGO,F24,11,4580.758452332469
NGO,F24,12,4669.008916202469
NGO,F24,13,4598.724193358486
NGO,F24,14,4972.27657502745
NGO,F24,15,4789.245939388307
NGO,F24,16,4870.774732284336
NGO,F24,17,4578.178591102529
NGO,F24,18,4850.505227666797
NGO,F24,19,4827.462919060175
NGO,F24,20,4554.555283088117
NGO,F24,21,4574.436996632034
NGO,F24,22,4389.740916030414
NGO,F24,23,4677.261336980211
NGO,F24,24,4535.078053996927
NGO,F24,25,4670.873579723868
NGO,F24,26,4782.126902853601
NGO,F24,27,4728.273227252834
NGO,F24,28,4762.510083686082
NGO,F24,29,4419.097009363011
NGO,F24,30,4667.869093189704
NGO,F25,1,6319.738684137939
NGO,F25,2,6465.374427307006
NGO,F25,3,7512.367443888076
NGO,F25,4,7601.648149437945
NGO,F25,5,7330.328586382006
NGO,F25,6,5720.39930714603
NGO,F25,7,5990.50410904686
NGO,F25,8,7814.029908015906
NGO,F25,9,6560.644982782593
NGO,F25,10,7675.441578118482
NGO,F25,11,7472.015192927751
NGO,F25,12,6609.301124949214
NGO,F25,13,6760.7754974847585
NGO,F25,14,9073.528868544252
NGO,F25,15,7952.8705426941415
NGO,F25,16,7833.902997955111
NGO,F25,17,6826.934494819153
NGO,F25,18,6998.791568060106
NGO,F25,19,5736.926254080902
NGO,F25,20,8320.343296945448
NGO,F25,21,8070.492223600437
NGO,F25,22,8508.659918362748
NGO,F25,23,7335.47361956002
NGO,F25,24,6493.198066853717
NGO,F25,25,8278.780330979604
NGO,F25,26,7195.477320629105
NGO,F25,27,5939.029977983334
NGO,F25,28,8623.76381591398
NGO,F25,29,6530.899984347469
NGO,F25,30,6533.53718684965
NGO,F26,1,31872.346608661246
NGO,F26,2,30343.20617083128
NGO,F26,3,29503.958886872566
NGO,F26,4,31759.60241105704
NGO,F26,5,30301.748446412457
NGO,F26,6,30374.400512150183
NGO,F26,7,29079.557171665852
NGO,F26,8,27110.58407624201
NGO,F26,9,27434.37678768029
NGO,F26,10,26981.58918249004
NGO,F26,11,29763.62261379299
NGO,F26,12,28960.504513885408
NGO,F26,13,27224.923364495837
NGO,F26,14,31033.219761260294
NGO,F26,15,28557.72826022943
NGO,F26,16,26876.484104228246
NGO,F26,17,31078.63101720426
NGO,F26,18,28478.804203620602
NGO,F26,19,25617.32830920511
NGO,F26,20,25049.931213602882
NGO,F26,21,26444.739718254656
NGO,F26,22,28161.457711235733
NGO,F26,23,29035.147637139118
NGO,F26,24,29855.60655092566
NGO,F26,25,23577.10981530026
NGO,F26,26,30966.312138230525
NGO,F26,27,26102.67928056456
NGO,F26,28,29334.80346975616
NGO,F26,29,31254.439576516044
NGO,F26,30,28857.252845245202
NGO,F27,1,4392.504723035028
NGO,F27,2,4400.046243162128
NGO,F27,3,4189.755201137604
NGO,F27,4,4265.198327484524
NGO,F27,5,4246.462430802949
NGO,F27,6,4877.06725471125
NGO,F27,7,4623.173332552162
NGO,F27,8,4411.084081095427
NGO,F27,9,4203.956114144697
NGO,F27,10,4135.531905898234
NGO,F27,11,4468.332652852721
NGO,F27,12,4395.007418320455
NGO,F27,13,4102.486583098193
NGO,F27,14,4297.844334804641
NGO,F27,15,4355.7453363929835
NGO,F27,16,4032.8726207515606
NGO,F27,17,4480.521624464511
NGO,F27,18,4425.2276880599165
NGO,F27,19,4800.097514935593
NGO,F27,20,4359.800289391178
NGO,F27,21,4439.646444397414
NGO,F27,22,4405.205727570879
NGO,F27,23,4073.8965665983183
NGO,F27,24,4258.3497207484725
NGO,F27,25,4703.035152989747
NGO,F27,26,4407.300189566286
NGO,F27,27,4288.678691647177
NGO,F27,28,4197.107021883294
NGO,F27,29,4466.798001960344
NGO,F27,30,3982.2267949282477
NGO,F28,1,9318.460849397357
NGO,F28,2,14448.041712750863
NGO,F28,3,10389.063676995404
NGO,F28,4,9370.49645113859
NGO,F28,5,10483.778302676441
NGO,F28,6,10840.265004145891
NGO,F28,7,8760.483792466031
NGO,F28,8,9274.509347104831
NGO,F28,9,12244.150078768676
NGO,F28,10,8332.91564676462
NGO,F28,11,11512.197012156801
NGO,F28,12,8982.250806941229
NGO,F28,13,11202.01844376443
NGO,F28,14,10564.747090551551
NGO,F28,15,11574.865869893285
NGO,F28,16,10466.099498655109
NGO,F28,17,10022.886560759016
NGO,F28,18,9275.129709754954
NGO,F28,19,9170.236202920383
NGO,F28,20,9627.638677628973
NGO,F28,21,11134.866786129533
NGO,F28,22,10925.66682722127
NGO,F28,23,10771.865953182543
NGO,F28,24,11027.408006456246
NGO,F28,25,10294.918904742024
NGO,F28,26,13760.11461232018
NGO,F28,27,9375.611607655877
NGO,F28,28,8560.106052775784
NGO,F28,29,8774.384913960563
NGO,F28,30,10111.302747924914
NGO,F29,1,9180.117206053785
NGO,F29,2,9151.786724396065
NGO,F29,3,8899.135863959282
NGO,F29,4,9650.92075236561
NGO,F29,5,10857.335852976237
NGO,F29,6,11086.538370857204
NGO,F29,7,10467.920072125537
NGO,F29,8,9391.628807246923
NGO,F29,9,8923.733875531489
NGO,F29,10,9980.604819781864
NGO,F29,11,10637.475474564599
NGO,F29,12,9928.75828502034
NGO,F29,13,10254.401212121953
NGO,F29,14,11148.479471645056
NGO,F29,15,11836.000702941708
NGO,F29,16,11246.371381711415
NGO,F29,17,9434.55708127819
NGO,F29,18,9452.821902689448
NGO,F29,19,9910.85167847373
NGO,F29,20,9858.734621247137
NGO,F29,21,8416.860303579202
NGO,F29,22,10446.249713940137
NGO,F29,23,9064.49114313161
NGO,F29,24,11217.532003558312
NGO,F29,25,11420.453530743089
NGO,F29,26,8381.705264400209
NGO,F29,27,9165.015082070931
NGO,F29,28,12294.266975879294
NGO,F29,29,8807.381766862254
NGO,F29,30,9828.701799419756
NGO,F30,1,14880911.164537178
NGO,F30,2,23375898.157044247
NGO,F30,3,1075902132.1293683
NGO,F30,4,34224806.84298853
NGO,F30,5,170755183.7230796
NGO,F30,6,18382703.149805173
NGO,F30,7,44344185.82872362
NGO,F30,8,50503012.43006767
NGO,F30,9,64978776.57600675
NGO,F30,10,18533392.994098917
NGO,F30,11,39266240.53270349
NGO,F30,12,42756977.718232885
NGO,F30,13,24579372.020227272
NGO,F30,14,21057361.276474886
NGO,F30,15,33230412.68404504
NGO,F30,16,13464261.397426303
NGO,F30,17,24243183.70093108
NGO,F30,18,43434033.78607969
NGO,F30,19,43304659.83497044
NGO,F30,20,56472489.28232877
NGO,F30,21,35447844.96532033
NGO,F30,22,139560685.411801
NGO,F30,23,53309973.116145924
NGO,F30,24,16773777.53700427
NGO,F30,25,63040186.62115335
NGO,F30,26,2380412781.0401173
NGO,F30,27,19061235.930747833
NGO,F30,28,35569243.417752534
NGO,F30,29,47597110.246862754
NGO,F30,30,23207258.0752477
OOA,F1,1,27612070663.97779
OOA,F1,2,47805753661.00121
OOA,F1,3,45227465194.5816
OOA,F1,4,36756834415.988976
OOA,F1,5,49337218361.44482
OOA,F1,6,48191639526.78862
OOA,F1,7,59009992297.5365
OOA,F1,8,36651901956.22007
OOA,F1,9,54844560719.2148
OOA,F1,10,53667189411.165794
OOA,F1,11,43795983791.28731
OOA,F1,12,50406195939.22685
OOA,F1,13,76324874836.33385
OOA,F1,14,50757142474.24674
OOA,F1,15,49050073437.235725
OOA,F1,16,53154184647.26633
OOA,F1,17,46140476510.59708
OOA,F1,18,39546378421.23533
OOA,F1,19,56582310937.59575
OOA,F1,20,56780036509.92548
OOA,F1,21,46257611464.63984
OOA,F1,22,51862000235.6147
OOA,F1,23,39612776194.7373
OOA,F1,24,48010191165.94015
OOA,F1,25,36677624274.50436
OOA,F1,26,46411204872.69641
OOA,F1,27,40512516391.70614
OOA,F1,28,54956970456.20761
OOA,F1,29,49729544163.37333
OOA,F1,30,45329784250.97884
OOA,F3,1,314774.2081062041
OOA,F3,2,320453.4401253531
OOA,F3,3,326680.9053687523
OOA,F3,4,331164.56049871887
OOA,F3,5,328132.0250498277
OOA,F3,6,298159.1990131474
OOA,F3,7,336901.78494156164
OOA,F3,8,286426.0691309653
OOA,F3,9,313234.8852981604
OOA,F3,10,331695.7277415896
OOA,F3,11,315450.9451826154
OOA,F3,12,331081.5285994998
OOA,F3,13,337223.97835788276
OOA,F3,14,324893.57196611754
OOA,F3,15,288563.6256099273
OOA,F3,16,329471.707049909
OOA,F3,17,346964.38686131744
OOA,F3,18,321678.4433869904
OOA,F3,19,341108.3188504805
OOA,F3,20,339299.03797083365
OOA,F3,21,339530.4967242447
OOA,F3,22,336370.0253177925
OOA,F3,23,316124.4008919903
OOA,F3,24,316398.00926320464
OOA,F3,25,327186.7311512608
OOA,F3,26,300613.03462645016
OOA,F3,27,318035.15366945346
OOA,F3,28,309198.27864848566
OOA,F3,29,317165.4631235873
OOA,F3,30,325286.9135643058
OOA,F4,1,4561.2569771248445
OOA,F4,2,5420.393786344259
OOA,F4,3,6331.5164906095015
OOA,F4,4,3871.8923962120202
OOA,F4,5,5115.483938266688
OOA,F4,6,6007.597261185248
OOA,F4,7,6082.387456521099
OOA,F4,8,4841.983557655146
OOA,F4,9,4760.664624791628
OOA,F4,10,5944.952600607703
OOA,F4,11,6691.638235492603
OOA,F4,12,5635.876353073888
OOA,F4,13,6414.540894159807
OOA,F4,14,5908.953802745582
OOA,F4,15,7401.5204738099765
OOA,F4,16,6502.64275595038
OOA,F4,17,6959.425713138289
OOA,F4,18,6731.699914249995
OOA,F4,19,4270.771546618973
OOA,F4,20,6396.804417258158
OOA,F4,21,3595.8380878576595
OOA,F4,22,6478.869675113254
OOA,F4,23,3360.0607014304665
OOA,F4,24,7201.0750367959645
OOA,F4,25,5004.957779047555
OOA,F4,26,6264.772337672232
OOA,F4,27,6128.360254223519
OOA,F4,28,7943.375618618841
OOA,F4,29,4320.908394344955
OOA,F4,30,4179.531949115764
OOA,F5,1,1637.324128864289
OOA,F5,2,1763.5859871083903
OOA,F5,3,1621.679980266462
OOA,F5,4,1577.4210177695327
OOA,F5,5,1805.2593443352034
OOA,F5,6,1560.8150150088945
OOA,F5,7,1561.478242166833
OOA,F5,8,1598.1291931782764
OOA,F5,9,1807.6170781751916
OOA,F5,10,1620.805519036924
OOA,F5,11,1685.8989581366118
OOA,F5,12,1306.0099289028549
OOA,F5,13,1548.4042302338305
OOA,F5,14,1643.123465900056
OOA,F5,15,1371.1990523800355
OOA,F5,16,1551.6238331007023
OOA,F5,17,1591.3298307882421
OOA,F5,18,1708.0318669279475
OOA,F5,19,1890.2254274089735
OOA,F5,20,1752.4400925731984
OOA,F5,21,1712.6715221214429
OOA,F5,22,1294.7778973789023
OOA,F5,23,1496.993155978645
OOA,F5,24,1240.677901269199
OOA,F5,25,1625.5548935320808
OOA,F5,26,1579.799952212014
OOA,F5,27,1577.6969192242625
OOA,F5,28,1669.446960377153
OOA,F5,29,1581.3617953568314
OOA,F5,30,1296.031923697766
OOA,F6,1,653.1129271573872
OOA,F6,2,650.3456178483721
OOA,F6,3,654.4808135369168
OOA,F6,4,645.0847825630794
OOA,F6,5,645.2900609007443
OOA,F6,6,653.6413071835144
OOA,F6,7,648.4388178117167
OOA,F6,8,651.5627144905698
OOA,F6,9,654.8538234242164
OOA,F6,10,649.5147357107088
OOA,F6,11,647.9726470277136
OOA,F6,12,656.6058347304635
OOA,F6,13,654.9237183681087
OOA,F6,14,650.5743724980033
OOA,F6,15,655.4625315782234
OOA,F6,16,650.1744114415956
OOA,F6,17,656.8022125816747
OOA,F6,18,648.8348685868247
OOA,F6,19,655.037554344223
OOA,F6,20,645.8773748456731
OOA,F6,21,646.6228635972941
OOA,F6,22,654.6867592746938
OOA,F6,23,649.4990259758488
OOA,F6,24,645.0563757852533
OOA,F6,25,655.2020681264268
OOA,F6,26,648.140001521378
OOA,F6,27,643.2417693660125
OOA,F6,28,649.2627669432237
OOA,F6,29,651.0848113631122
OOA,F6,30,650.203810647786
OOA,F7,1,2473.2372861068716
OOA,F7,2,2672.934577161041
OOA,F7,3,2581.4709779676496
OOA,F7,4,2715.270941661387
OOA,F7,5,2510.5846759866963
OOA,F7,6,2612.5362257511188
OOA,F7,7,2702.4528160877744
OOA,F7,8,2603.491157603809
OOA,F7,9,2643.813691058827
OOA,F7,10,2491.756174756998
OOA,F7,11,2362.304523398656
OOA,F7,12,2608.6790235486
OOA,F7,13,2753.800540596491
OOA,F7,14,2447.370766283107
OOA,F7,15,2573.2646051575202
OOA,F7,16,3437.086121226947
OOA,F7,17,2637.171731847475
OOA,F7,18,2691.665647764901
OOA,F7,19,2583.7994974464073
OOA,F7,20,2568.9759311133935
OOA,F7,21,2661.107889591858
OOA,F7,22,2537.7213320529854
OOA,F7,23,2637.639840121513
OOA,F7,24,2548.6897379041557
OOA,F7,25,2738.7947459366687
OOA,F7,26,2588.495595799306
OOA,F7,27,2549.945729550317
OOA,F7,28,2800.494965987773
OOA,F7,29,2427.8320001285365
OOA,F7,30,2561.5178634379663
OOA,F8,1,1869.4663769487647
OOA,F8,2,1870.804508962194
OOA,F8,3,1864.7978250976666
OOA,F8,4,1873.1540254871616
OOA,F8,5,1837.0217885389657
OOA,F8,6,1800.2348329820916
OOA,F8,7,1799.344832348157
OOA,F8,8,1827.9011977645118
OOA,F8,9,1814.6169501641114
OOA,F8,10,1876.7360734254578
OOA,F8,11,1827.8664461598494
OOA,F8,12,1932.80977536343
OOA,F8,13,1795.7381736194516
OOA,F8,14,1865.3445180567828
OOA,F8,15,1881.2485211107453
OOA,F8,16,1829.0474021761243
OOA,F8,17,1809.2870200198613
OOA,F8,18,1792.9458695254434
OOA,F8,19,1826.2328298647276
OOA,F8,20,1793.4414880324794
OOA,F8,21,2126.3068640475567
OOA,F8,22,1807.8542475688112
OOA,F8,23,1861.8422800799829
OOA,F8,24,1826.9507675624347
OOA,F8,25,1844.1750561649305
OOA,F8,26,1840.9840716859503
OOA,F8,27,1853.5911756696569
OOA,F8,28,1981.5937624912772
OOA,F8,29,1985.185455161404
OOA,F8,30,1939.4963517321994
OOA,F9,1,32133.758527396723
OOA,F9,2,37067.10825279398
OOA,F9,3,25259.044367805087
OOA,F9,4,39553.300278509676
OOA,F9,5,26935.235607496328
OOA,F9,6,22795.0535578587
OOA,F9,7,48497.2007651872
OOA,F9,8,32623.757207161165
OOA,F9,9,28627.10205474184
OOA,F9,10,27749.764198696073
OOA,F9,11,21871.281651342873
OOA,F9,12,28889.34224705014
OOA,F9,13,43542.271584530514
OOA,F9,14,35072.61139084325
OOA,F9,15,25073.328511798572
OOA,F9,16,24589.93896789591
OOA,F9,17,32624.478528406602
OOA,F9,18,26699.89270723956
OOA,F9,19,41629.010949463816
OOA,F9,20,36943.70534631709
OOA,F9,21,31314.60374664037
OOA,F9,22,26092.09526766132
OOA,F9,23,30452.171131412328
OOA,F9,24,25314.643778684534
OOA,F9,25,42306.05554172188
OOA,F9,26,29890.7293512449
OOA,F9,27,36556.35256227953
OOA,F9,28,19225.036523876148
OOA,F9,29,31114.350585737287
OOA,F9,30,22419.75281200764
OOA,F10,1,25189.18897089321
OOA,F10,2,26330.783664505692
OOA,F10,3,24781.32057911954
OOA,F10,4,25720.74531001302
OOA,F10,5,32105.543403071468
OOA,F10,6,26857.96854303874
OOA,F10,7,20617.051382709848
OOA,F10,8,30347.37130998779
OOA,F10,9,26144.607075766744
OOA,F10,10,26528.84418800407
OOA,F10,11,26186.434405432905
OOA,F10,12,23265.65411847154
OOA,F10,13,29123.616188474727
OOA,F10,14,28235.01148938859
OOA,F10,15,26857.026153949257
OOA,F10,16,17285.0949544141
OOA,F10,17,26295.677923877694
OOA,F10,18,27678.18823247165
OOA,F10,19,24962.154401664273
OOA,F10,20,27213.2633530659
OOA,F10,21,28964.163435677052
OOA,F10,22,31345.773297221604
OOA,F10,23,16502.117833155276
OOA,F10,24,25711.48072216101
OOA,F10,25,17929.543661653785
OOA,F10,26,15676.58631524742
OOA,F10,27,15319.729130963296
OOA,F10,28,28313.629027336854
OOA,F10,29,30416.568539529842
OOA,F10,30,26869.303749914252
OOA,F11,1,120939.89524516767
OOA,F11,2,162304.60239054178
OOA,F11,3,175274.83271527928
OOA,F11,4,171537.34038400822
OOA,F11,5,163415.96568777238
OOA,F11,6,131067.48338320752
OOA,F11,7,107610.21546560986
OOA,F11,8,177762.93118932354
OOA,F11,9,135214.03700947048
OOA,F11,10,146144.67959634826
OOA,F11,11,124139.12091137
OOA,F11,12,189977.3890858281
OOA,F11,13,192771.0432025172
OOA,F11,14,139104.15292294018
OOA,F11,15,151805.59568403842
OOA,F11,16,148566.2050555874
OOA,F11,17,151919.21857068574
OOA,F11,18,152664.41103898204
OOA,F11,19,160645.85872852243
OOA,F11,20,156573.37433578877
OOA,F11,21,168524.8912715146
OOA,F11,22,121589.35322557841
OOA,F11,23,170910.27240011565
OOA,F11,24,185187.6167329367
OOA,F11,25,195428.52358822274
OOA,F11,26,136066.47780138958
OOA,F11,27,167304.33036511732
OOA,F11,28,168525.7596827443
OOA,F11,29,154831.61478504798
OOA,F11,30,153666.41525445876
OOA,F12,1,9806309001.960928
OOA,F12,2,7352881840.688491
OOA,F12,3,9727794286.38089
OOA,F12,4,7380738457.805744
OOA,F12,5,9782516342.140255
OOA,F12,6,11553387373.8112
OOA,F12,7,5911252304.788606
OOA,F12,8,6041955424.944502
OOA,F12,9,6644909202.559348
OOA,F12,10,3196577964.5252037
OOA,F12,11,7981655506.343573
OOA,F12,12,11970915269.661549
OOA,F12,13,8795116083.21248
OOA,F12,14,8449799508.09482
OOA,F12,15,6134692654.6687765
OOA,F12,16,9088464091.697006
OOA,F12,17,8654044837.035381
OOA,F12,18,7634164347.73934
OOA,F12,19,7581782560.712076
OOA,F12,20,5845018571.375252
OOA,F12,21,11882701569.78061
OOA,F12,22,9645690550.967709
OOA,F12,23,6679593036.94571
OOA,F12,24,8464157033.463658
OOA,F12,25,3238062662.939296
OOA,F12,26,6913739805.289698
OOA,F12,27,9407622378.298021
OOA,F12,28,8158333952.906441
OOA,F12,29,8377070000.978999
OOA,F12,30,7992913573.890404
OOA,F13,1,30777.849941109038
OOA,F13,2,49397.275247420184
OOA,F13,3,46115.50807926413
OOA,F13,4,32548.68060118114
OOA,F13,5,261785.8220960691
OOA,F13,6,303113.72956256405
OOA,F13,7,31132.972106822854
OOA,F13,8,666726587.6191307
OOA,F13,9,186986.74613662763
OOA,F13,10,547898.7552891511
OOA,F13,11,175057.81886720366
OOA,F13,12,29927.655296463534
OOA,F13,13,241721407.84250328
OOA,F13,14,202815165.98973143
OOA,F13,15,57236.820410195374
OOA,F13,16,56394.47124321329
OOA,F13,17,231152.2773612161
OOA,F13,18,91762.87905592746
OOA,F13,19,16427600.001804944
OOA,F13,20,59169322.05807432
OOA,F13,21,153311.7664121831
OOA,F13,22,387411770.5861575
OOA,F13,23,123522.04135825922
OOA,F13,24,2236709.853923648
OOA,F13,25,153702.17486958613
OOA,F13,26,248544.7219449401
OOA,F13,27,134497.7972027113
OOA,F13,28,494084688.8710839
OOA,F13,29,80784.54807477395
OOA,F13,30,1912884.7330623558
OOA,F14,1,8607228.558117898
OOA,F14,2,9494117.455392694
OOA,F14,3,6997053.048783827
OOA,F14,4,10848340.286109146
OOA,F14,5,6585957.193553279
OOA,F14,6,13356618.641655589
OOA,F14,7,7379938.89130521
OOA,F14,8,10098662.522818498
OOA,F14,9,6330484.647918534
OOA,F14,10,12833621.05235008
OOA,F14,11,11683631.320357962
OOA,F14,12,7977025.832494838
OOA,F14,13,10228640.86313098
OOA,F14,14,11047990.790186858
OOA,F14,15,14050156.743977083
OOA,F14,16,9104331.439370101
OOA,F14,17,10304300.14793766
OOA,F14,18,14680272.537282715
OOA,F14,19,6972913.644923015
OOA,F14,20,17221636.169039834
OOA,F14,21,10214523.700139487
OOA,F14,22,11362756.429748995
OOA,F14,23,14132148.251500474
OOA,F14,24,10954513.368389377
OOA,F14,25,1239744.736073587
OOA,F14,26,12786678.228221118
OOA,F14,27,9288580.255351834
OOA,F14,28,13602201.437973827
OOA,F14,29,9537890.062970065
OOA,F14,30,10364345.984257169
OOA,F15,1,4468.012165063535
OOA,F15,2,5679.812687251886
OOA,F15,3,11469.181494819944
OOA,F15,4,5618.427777168753
OOA,F15,5,6212.5284685062
OOA,F15,6,5893.186570265805
OOA,F15,7,5855.033350195339
OOA,F15,8,6746.685921251234
OOA,F15,9,5989.039053270398
OOA,F15,10,21323.73997909481
OOA,F15,11,6150.735098576002
OOA,F15,12,6870.458818032591
OOA,F15,13,29587.61567604867
OOA,F15,14,13212.235952959458
OOA,F15,15,4500.032673933947
OOA,F15,16,7478.218686942707
OOA,F15,17,5194.301598190191
OOA,F15,18,5233.4211183924635
OOA,F15,19,7524.863886223518
OOA,F15,20,5975.714192848829
OOA,F15,21,4607.1737634337605
OOA,F15,22,5193.666839853457
OOA,F15,23,5477.592314410793
OOA,F15,24,5063.485676321916
OOA,F15,25,11733.90321146234
OOA,F15,26,3926.0779751632763
OOA,F15,27,7905.836903128879
OOA,F15,28,5404.502575121485
OOA,F15,29,6275.56139111045
OOA,F15,30,11241.22136688984
OOA,F16,1,10444.950026515644
OOA,F16,2,9512.86806865038
OOA,F16,3,10116.38826140111
OOA,F16,4,9473.406326786502
OOA,F16,5,10318.674538091404
OOA,F16,6,9722.743422654907
OOA,F16,7,10128.632970883924
OOA,F16,8,10909.736360791165
OOA,F16,9,9586.639547565763
OOA,F16,10,10330.780293032978
OOA,F16,11,8798.162178310722
OOA,F16,12,9903.963640017117
OOA,F16,13,10152.415760968937
OOA,F16,14,9670.955663895036
OOA,F16,15,10101.568248098876
OOA,F16,16,9690.885393766934
OOA,F16,17,10801.567788750544
OOA,F16,18,9444.92890724494
OOA,F16,19,10336.648441337196
OOA,F16,20,10909.577618948832
OOA,F16,21,10194.751935332859
OOA,F16,22,9784.298761009893
OOA,F16,23,10283.265581998581
OOA,F16,24,10719.035327957632
OOA,F16,25,10161.445896063044
OOA,F16,26,9779.803463278542
OOA,F16,27,11154.779082462022
OOA,F16,28,10765.93276399457
OOA,F16,29,9848.223941657769
OOA,F16,30,9747.75673564618
OOA,F17,1,7769.910970822949
OOA,F17,2,8051.856127672675
OOA,F17,3,7723.122231273941
OOA,F17,4,7865.634572662653
OOA,F17,5,7316.887717285365
OOA,F17,6,7833.957449648124
OOA,F17,7,7901.137002485375
OOA,F17,8,8133.905029333885
OOA,F17,9,7810.290912870823
OOA,F17,10,7560.399313264859
OOA,F17,11,7805.996679433791
OOA,F17,12,7309.3332009578435
OOA,F17,13,7599.444892523717
OOA,F17,14,7908.889534353032
OOA,F17,15,8204.704739570736
OOA,F17,16,7391.243797172852
OOA,F17,17,7472.014252900639
OOA,F17,18,7211.526930754197
OOA,F17,19,8166.3901681979005
OOA,F17,20,7745.47686945628
OOA,F17,21,7885.806612603963
OOA,F17,22,8046.831424394544
OOA,F17,23,7951.809593871521
OOA,F17,24,8115.527316337118
OOA,F17,25,7797.737367139013
OOA,F17,26,8090.711433570758
OOA,F17,27,7841.74104857076
OOA,F17,28,7665.324219350727
OOA,F17,29,7545.531336748806
OOA,F17,30,7879.279875094355
OOA,F18,1,11002587.077316133
OOA,F18,2,12878280.434179595
OOA,F18,3,15371628.305655777
OOA,F18,4,18934998.775783148
OOA,F18,5,22988082.180805076
OOA,F18,6,15138878.921943769
OOA,F18,7,15534333.350670533
OOA,F18,8,10893057.596512146
OOA,F18,9,10138775.338029338
OOA,F18,10,10628341.891014384
OOA,F18,11,5166574.6343254885
OOA,F18,12,11235820.9396019
OOA,F18,13,12132232.546552688
OOA,F18,14,13898534.59373729
OOA,F18,15,20313439.510128275
OOA,F18,16,7558199.380322918
OOA,F18,17,14672049.128660236
OOA,F18,18,14164090.161775049
OOA,F18,19,11765034.183010379
OOA,F18,20,18712865.18487916
OOA,F18,21,10478877.922170332
OOA,F18,22,5956876.077659247
OOA,F18,23,12524432.74479939
OOA,F18,24,17489553.462157607
OOA,F18,25,11435623.643647337
OOA,F18,26,13431969.550908519
OOA,F18,27,11725527.148712842
OOA,F18,28,16628452.725606471
OOA,F18,29,13319241.775980888
OOA,F18,30,9564033.283536788
OOA,F19,1,112158.93334661658
OOA,F19,2,5371.586288986988
OOA,F19,3,136619.1567847439
OOA,F19,4,21617.343031054737
OOA,F19,5,13484.555654917747
OOA,F19,6,7585.308403739533
OOA,F19,7,20089.710112296558
OOA,F19,8,33499.70820717832
OOA,F19,9,5680.640701865206
OOA,F19,10,123464.25453898648
OOA,F19,11,21245.158167851812
OOA,F19,12,20178.738481242348
OOA,F19,13,140649.07015763118
OOA,F19,14,75808.65983057977
OOA,F19,15,26911.628337175436
OOA,F19,16,63499.82265020029
OOA,F19,17,19280.696687878044
OOA,F19,18,33238.35274398011
OOA,F19,19,56544.608008541625
OOA,F19,20,11104.15570723292
OOA,F19,21,17004.973769106407
OOA,F19,22,24919.125792347775
OOA,F19,23,19961.19373975254
OOA,F19,24,15535.176350923011
OOA,F19,25,8862.318751815434
OOA,F19,26,23871.058661009363
OOA,F19,27,104612.26341169392
OOA,F19,28,9586.905155099608
OOA,F19,29,14228.59638858344
OOA,F19,30,13954.08602699107
OOA,F20,1,6557.874197614428
OOA,F20,2,7076.167268168134
OOA,F20,3,7690.7892457486205
OOA,F20,4,7399.835240867489
OOA,F20,5,7063.158058287637
OOA,F20,6,7694.993242115087
OOA,F20,7,7379.562988729242
OOA,F20,8,7586.155243928331
OOA,F20,9,7330.604709410622
OOA,F20,10,6792.332611493838
OOA,F20,11,7486.29593054826
OOA,F20,12,7367.384227658201
OOA,F20,13,7274.999977292293
OOA,F20,14,7446.8610469381765
OOA,F20,15,7204.562444721367
OOA,F20,16,7707.633701390813
OOA,F20,17,7341.073312383695
OOA,F20,18,7520.529543066233
OOA,F20,19,7584.355115824575
OOA,F20,20,7880.208851337389
OOA,F20,21,7338.132703775429
OOA,F20,22,7575.158053660381
OOA,F20,23,7516.661249863029
OOA,F20,24,7209.80030425885
OOA,F20,25,7354.505501778045
OOA,F20,26,7440.994539367703
OOA,F20,27,7707.1812428313915
OOA,F20,28,7418.8413677400285
OOA,F20,29,7428.995998728335
OOA,F20,30,6647.601588785517
OOA,F21,1,3391.622433278247
OOA,F21,2,3364.372705035415
OOA,F21,3,3378.1686242827477
OOA,F21,4,3429.584758612932
OOA,F21,5,3378.263324670443
OOA,F21,6,3366.496485104295
OOA,F21,7,3303.4101933134716
OOA,F21,8,3422.6029679163576
OOA,F21,9,3370.225380770935
OOA,F21,10,3408.972299840658
OOA,F21,11,3360.4153031480446
OOA,F21,12,3410.621342952568
OOA,F21,13,3321.701232372695
OOA,F21,14,3382.3669888049635
OOA,F21,15,3381.4202405827573
OOA,F21,16,3356.849889428617
OOA,F21,17,3452.5257724582825
OOA,F21,18,3410.013963913851
OOA,F21,19,3330.1827134076293
OOA,F21,20,3412.027772236889
OOA,F21,21,3320.0371363204667
OOA,F21,22,3432.897370508832
OOA,F21,23,3428.8033876854606
OOA,F21,24,3358.6541268923393
OOA,F21,25,3377.267508007949
OOA,F21,26,3326.663481814003
OOA,F21,27,3363.129300003141
OOA,F21,28,3329.2318266159555
OOA,F21,29,3420.326430577869
OOA,F21,30,3400.8434737753214
OOA,F22,1,7521.019995538776
OOA,F22,2,10298.222969233002
OOA,F22,3,28279.45229785831
OOA,F22,4,20375.639411258122
OOA,F22,5,29238.06153264601
OOA,F22,6,29395.894310822576
OOA,F22,7,27855.411066701537
OOA,F22,8,31695.062617477422
OOA,F22,9,21286.2774253088
OOA,F22,10,31050.081558342234
OOA,F22,11,29039.866692651292
OOA,F22,12,30060.314156170418
OOA,F22,13,27576.900426904722
OOA,F22,14,29540.106177714617
OOA,F22,15,7212.504631395367
OOA,F22,16,7731.400513197222
OOA,F22,17,30580.158621388808
OOA,F22,18,32100.199422694397
OOA,F22,19,30644.42836588111
OOA,F22,20,30136.289092231942
OOA,F22,21,6403.62433701288
OOA,F22,22,29320.566799257944
OOA,F22,23,27679.166236310593
OOA,F22,24,6119.881267693394
OOA,F22,25,6724.318425318031
OOA,F22,26,30078.039779140323
OOA,F22,27,30264.86973310211
OOA,F22,28,14280.141336055505
OOA,F22,29,7728.947156364052
OOA,F22,30,29860.796341545087
OOA,F23,1,3913.3467635381276
OOA,F23,2,3861.2916051650063
OOA,F23,3,3861.74740971324
OOA,F23,4,3853.8303032513095
OOA,F23,5,3939.043036909742
OOA,F23,6,3915.372514764586
OOA,F23,7,3855.8810869840604
OOA,F23,8,3861.615704203944
OOA,F23,9,3922.5370391098622
OOA,F23,10,3869.828219936693
OOA,F23,11,3888.4163503420777
OOA,F23,12,3873.1031232554797
OOA,F23,13,3924.92731570677
OOA,F23,14,3905.626025273865
OOA,F23,15,3884.7890056427113
OOA,F23,16,3911.336180739817
OOA,F23,17,3846.6809424572966
OOA,F23,18,3871.253451278467
OOA,F23,19,3875.9368902844685
OOA,F23,20,3838.7536718350457
OOA,F23,21,3852.915258631332
OOA,F23,22,3889.7712733967096
OOA,F23,23,3861.078388659521
OOA,F23,24,3898.2323868547087
OOA,F23,25,3893.341668818167
OOA,F23,26,3887.047466669619
OOA,F23,27,3878.8605057903965
OOA,F23,28,3802.616094689527
OOA,F23,29,3866.0668696486555
OOA,F23,30,3880.2570273670817
OOA,F24,1,4441.287673802246
OOA,F24,2,4419.204015568678
OOA,F24,3,4413.463498093645
OOA,F24,4,4417.542303999495
OOA,F24,5,4433.4454920899
OOA,F24,6,4414.121116411476
OOA,F24,7,4442.442383993441
OOA,F24,8,4419.887936168422
OOA,F24,9,4393.045892352338
OOA,F24,10,4398.718652696728
OOA,F24,11,4410.793247062289
OOA,F24,12,4443.218801901914
OOA,F24,13,4449.652831612786
OOA,F24,14,4390.236779256265
OOA,F24,15,4474.05484935061
OOA,F24,16,4493.9274658458735
OOA,F24,17,4427.761086501598
OOA,F24,18,4411.654454225915
OOA,F24,19,4549.018868552277
OOA,F24,20,4428.581122364873
OOA,F24,21,4452.687966446101
OOA,F24,22,4472.439531404477
OOA,F24,23,4440.689410640238
OOA,F24,24,4480.584656428391
OOA,F24,25,4445.298886191491
OOA,F24,26,4470.765793532709
OOA,F24,27,4379.140876126649
OOA,F24,28,4394.699836702692
OOA,F24,29,4454.133584578467
OOA,F24,30,4432.74912946507
OOA,F25,1,8294.685494496405
OOA,F25,2,8339.330060911112
OOA,F25,3,9194.130343819668
OOA,F25,4,7494.971110704668
OOA,F25,5,7833.4806119302975
OOA,F25,6,8184.043663156366
OOA,F25,7,9008.343804063537
OOA,F25,8,8093.709342505894
OOA,F25,9,7886.102730109735
OOA,F25,10,7932.568306106429
OOA,F25,11,8204.211127982995
OOA,F25,12,8751.08818966185
OOA,F25,13,8248.742212968325
OOA,F25,14,7870.145055569138
OOA,F25,15,8280.998043496738
OOA,F25,16,10148.064344901977
OOA,F25,17,8247.694304891855
OOA,F25,18,7778.686472508157
OOA,F25,19,8612.753400382753
OOA,F25,20,9622.604114953683
OOA,F25,21,8235.38902752622
OOA,F25,22,8281.577732955047
OOA,F25,23,8032.731418594417
OOA,F25,24,8471.291059135341
OOA,F25,25,8029.660128707496
OOA,F25,26,8278.690581628816
OOA,F25,27,8086.228628565308
OOA,F25,28,8130.5981429641515
OOA,F25,29,6970.656042943875
OOA,F25,30,8314.632905197393
OOA,F26,1,17091.051953587837
OOA,F26,2,17027.967569040673
OOA,F26,3,17027.39250018505
OOA,F26,4,17677.438897487795
OOA,F26,5,16746.575758216855
OOA,F26,6,16765.670048638985
OOA,F26,7,16329.245317990522
OOA,F26,8,17225.35544873264
OOA,F26,9,17673.599855208184
OOA,F26,10,17014.71684923918
OOA,F26,11,16835.672168879948
OOA,F26,12,17440.597177823613
OOA,F26,13,16338.572107575306
OOA,F26,14,17555.740218851875
OOA,F26,15,17822.98200850017
OOA,F26,16,17302.8967748841
OOA,F26,17,17111.92813568654
OOA,F26,18,17416.92637948715
OOA,F26,19,17280.992547650123
OOA,F26,20,17209.143341935345
OOA,F26,21,17206.341276354047
OOA,F26,22,17978.64688726398
OOA,F26,23,16999.33299955825
OOA,F26,24,16188.375685670464
OOA,F26,25,17587.373296816055
OOA,F26,26,17240.055010863667
OOA,F26,27,17156.990269978152
OOA,F26,28,17586.577009587978
OOA,F26,29,17483.4374683966
OOA,F26,30,17717.409405155122
OOA,F27,1,4293.757484829498
OOA,F27,2,4073.5496281285045
OOA,F27,3,3979.038202241067
OOA,F27,4,3824.663651063706
OOA,F27,5,4589.265203018493
OOA,F27,6,4125.313450419209
OOA,F27,7,4439.07703059533
OOA,F27,8,4297.5428782946055
OOA,F27,9,4039.168007586345
OOA,F27,10,3968.9942428088543
OOA,F27,11,4221.758066420465
OOA,F27,12,4469.37940063071
OOA,F27,13,4067.3319342596997
OOA,F27,14,4041.960285083858
OOA,F27,15,4825.148321370587
OOA,F27,16,4247.763548258733
OOA,F27,17,4381.3994475153695
OOA,F27,18,4178.3453713336185
OOA,F27,19,4032.9931382168393
OOA,F27,20,4309.261859170601
OOA,F27,21,4104.297291418211
OOA,F27,22,4225.643273408744
OOA,F27,23,3929.0470058864776
OOA,F27,24,4167.058409350569
OOA,F27,25,4062.2586645723213
OOA,F27,26,4030.8922527898167
OOA,F27,27,4296.120535171254
OOA,F27,28,4461.731339910333
OOA,F27,29,4135.303570137817
OOA,F27,30,3968.3794906208777
OOA,F28,1,8899.381064493286
OOA,F28,2,7977.8849106891
OOA,F28,3,8224.15178736607
OOA,F28,4,7275.211582319343
OOA,F28,5,7566.861390466221
OOA,F28,6,8223.669893681003
OOA,F28,7,8064.25624380258
OOA,F28,8,6574.314553956552
OOA,F28,9,6954.97010029775
OOA,F28,10,9331.61010470553
OOA,F28,11,7649.699303432609
OOA,F28,12,6756.636706462962
OOA,F28,13,9232.874547046016
OOA,F28,14,8678.48992400965
OOA,F28,15,7333.033007093062
OOA,F28,16,8134.274166849254
OOA,F28,17,7446.8079525493895
OOA,F28,18,8280.642211130084
OOA,F28,19,9396.758896114992
OOA,F28,20,8528.572644116322
OOA,F28,21,7551.328094295262
OOA,F28,22,7425.133763292768
OOA,F28,23,9701.210671574147
OOA,F28,24,7379.043012507175
OOA,F28,25,7010.863261082134
OOA,F28,26,10384.985715738592
OOA,F28,27,7086.328861349156
OOA,F28,28,9051.605394642327
OOA,F28,29,8822.84609555736
OOA,F28,30,9148.316201267935
OOA,F29,1,12384.112031621153
OOA,F29,2,12515.939391959284
OOA,F29,3,11452.95324019698
OOA,F29,4,12239.227301019231
OOA,F29,5,12006.873025858835
OOA,F29,6,11622.912382456383
OOA,F29,7,11101.461776931716
OOA,F29,8,12759.869826946371
OOA,F29,9,11671.561771551998
OOA,F29,10,13849.804761987354
OOA,F29,11,10898.068345740696
OOA,F29,12,11791.97558699327
OOA,F29,13,14005.967069104336
OOA,F29,14,12873.368937897041
OOA,F29,15,12315.826203591609
OOA,F29,16,12189.311273108087
OOA,F29,17,12517.456336128254
OOA,F29,18,11431.022710670995
OOA,F29,19,12022.453932399136
OOA,F29,20,12154.034285974421
OOA,F29,21,12671.40903930437
OOA,F29,22,12841.083835432759
OOA,F29,23,12499.567543532767
OOA,F29,24,12639.700881995215
OOA,F29,25,11389.006104070777
OOA,F29,26,14090.002628725999
OOA,F29,27,11647.625848197718
OOA,F29,28,12502.767148512496
OOA,F29,29,11671.465334874993
OOA,F29,30,12384.130894914155
OOA,F30,1,5072432.77187324
OOA,F30,2,11321014.26459379
OOA,F30,3,14106158.858837936
OOA,F30,4,10219346.652161313
OOA,F30,5,9140498.32786462
OOA,F30,6,9556275.517247727
OOA,F30,7,12673798.408039952
OOA,F30,8,22025365.7809992
OOA,F30,9,15353329.874838008
OOA,F30,10,19611685.618131287
OOA,F30,11,10990948.736003738
OOA,F30,12,17182023.35858181
OOA,F30,13,101406969.7551068
OOA,F30,14,37750576.095419504
OOA,F30,15,10216934.916636562
OOA,F30,16,8084851.636502707
OOA,F30,17,36897969.09718679
OOA,F30,18,5850668.492331877
OOA,F30,19,125534566.35309264
OOA,F30,20,21798465.29766286
OOA,F30,21,18690399.48126984
OOA,F30,22,34772430.95840044
OOA,F30,23,14926975.639297273
OOA,F30,24,19170615.116118796
OOA,F30,25,16312699.595832396
OOA,F30,26,10763741.219860613
OOA,F30,27,127186926.21478957
OOA,F30,28,14525954.34118279
OOA,F30,29,20302123.943502504
OOA,F30,30,8433369.685982898
WOO,F1,1,15930395196.533976
WOO,F1,2,19687702824.9119
WOO,F1,3,15943319219.0551
WOO,F1,4,15685891794.884779
WOO,F1,5,19141073270.226685
WOO,F1,6,14378891564.389368
WOO,F1,7,19402142843.165012
WOO,F1,8,17118220043.422745
WOO,F1,9,14445656940.417072
WOO,F1,10,14601969960.836817
WOO,F1,11,16442767041.812975
WOO,F1,12,13861996974.560179
WOO,F1,13,16087129240.748001
WOO,F1,14,17334565373.93506
WOO,F1,15,20409748696.987885
WOO,F1,16,14549160587.513645
WOO,F1,17,17719236557.99729
WOO,F1,18,16184045904.486067
WOO,F1,19,15173192675.5901
WOO,F1,20,13317007419.084492
WOO,F1,21,15078050675.311077
WOO,F1,22,13787242317.844032
WOO,F1,23,17555655326.021328
WOO,F1,24,17432272365.346363
WOO,F1,25,20328956982.112545
WOO,F1,26,18056419402.202225
WOO,F1,27,14800469067.141098
WOO,F1,28,19737326909.299603
WOO,F1,29,17119854135.001842
WOO,F1,30,18277973938.143726
WOO,F3,1,346273.4551527429
WOO,F3,2,315874.63670950866
WOO,F3,3,338762.07361513557
WOO,F3,4,354549.13568900095
WOO,F3,5,296596.905642559
WOO,F3,6,315189.5642217808
WOO,F3,7,297119.1429248845
WOO,F3,8,345629.5021670303
WOO,F3,9,279689.70404938457
WOO,F3,10,347233.80532820476
WOO,F3,11,275217.8514203196
WOO,F3,12,278515.3877930169
WOO,F3,13,353731.13461636205
WOO,F3,14,331121.2888750689
WOO,F3,15,327029.7626239638
WOO,F3,16,347009.60139717953
WOO,F3,17,336710.30808145955
WOO,F3,18,305777.56998065615
WOO,F3,19,315045.836429458
WOO,F3,20,370122.36243161914
WOO,F3,21,365030.7971072793
WOO,F3,22,318420.36405838386
WOO,F3,23,320926.1590601529
WOO,F3,24,307373.82424013823
WOO,F3,25,358840.8796695328
WOO,F3,26,275353.05306763266
WOO,F3,27,280406.97665173456
WOO,F3,28,337622.54480472195
WOO,F3,29,310051.5766430733
WOO,F3,30,371431.4245191996
WOO,F4,1,3601.8946280582413
WOO,F4,2,3483.1560768859786
WOO,F4,3,3171.7660655550685
WOO,F4,4,3253.3017824177414
WOO,F4,5,2873.3532100990287
WOO,F4,6,3711.679058047316
WOO,F4,7,3402.3492278788444
WOO,F4,8,3385.0451924661434
WOO,F4,9,2991.205256762874
WOO,F4,10,3301.0864575128435
WOO,F4,11,3513.692324252758
WOO,F4,12,3394.3836832444786
WOO,F4,13,3632.494495378973
WOO,F4,14,3568.113121268856
WOO,F4,15,3695.3945723615116
WOO,F4,16,3171.1893901799594
WOO,F4,17,3171.965938804004
WOO,F4,18,3715.4866007660376
WOO,F4,19,3389.1128555913047
WOO,F4,20,3413.7947415647104
WOO,F4,21,2502.2513134033084
WOO,F4,22,3175.891992127261
WOO,F4,23,3705.566391415827
WOO,F4,24,3377.501133599066
WOO,F4,25,3165.755309591574
WOO,F4,26,3883.4611726233925
WOO,F4,27,3167.2040346205704
WOO,F4,28,3111.846408231751
WOO,F4,29,2867.60310084273
WOO,F4,30,3354.316208287295
WOO,F5,1,1628.4014821885905
WOO,F5,2,1667.0821035053011
WOO,F5,3,1643.920033668304
WOO,F5,4,1691.606601426351
WOO,F5,5,1648.4208675210587
WOO,F5,6,1654.3013563056136
WOO,F5,7,1643.3414310897429
WOO,F5,8,1636.0405525146762
WOO,F5,9,1701.6406740549016
WOO,F5,10,1637.3806257352312
WOO,F5,11,1663.0419254825952
WOO,F5,12,1642.5803859549042
WOO,F5,13,1692.0919744378634
WOO,F5,14,1490.247836861991
WOO,F5,15,1684.5988998694065
WOO,F5,16,1604.4619803916012
WOO,F5,17,1730.049996648035
WOO,F5,18,1644.894134478575
WOO,F5,19,1552.7982003020913
WOO,F5,20,1626.6693455278119
WOO,F5,21,1603.0782259238526
WOO,F5,22,1627.6554386414696
WOO,F5,23,1639.6041886363944
WOO,F5,24,1627.7619799296087
WOO,F5,25,1709.6607851322708
WOO,F5,26,1652.0638502117856
WOO,F5,27,1598.8652206532856
WOO,F5,28,1574.1224688026161
WOO,F5,29,1601.4265689613949
WOO,F5,30,1602.732409464742
WOO,F6,1,667.5301059361082
WOO,F6,2,664.6996083948558
WOO,F6,3,664.9114858964516
WOO,F6,4,673.1108908830142
WOO,F6,5,669.5480965643314
WOO,F6,6,665.6512087955398
WOO,F6,7,672.8169162010428
WOO,F6,8,666.4950152656509
WOO,F6,9,662.660428006359
WOO,F6,10,668.1097583779458
WOO,F6,11,665.1458974553254
WOO,F6,12,666.9469385687213
WOO,F6,13,664.3512208299724
WOO,F6,14,672.4548049237769
WOO,F6,15,664.4011658960296
WOO,F6,16,672.1143842000803
WOO,F6,17,668.5608984242526
WOO,F6,18,674.0160405233046
WOO,F6,19,669.2057704422463
WOO,F6,20,671.3811693893194
WOO,F6,21,670.7288689512383
WOO,F6,22,671.3713159035397
WOO,F6,23,656.9507164585397
WOO,F6,24,660.0946588601888
WOO,F6,25,666.4791511794153
WOO,F6,26,666.1541914014266
WOO,F6,27,667.73180725588
WOO,F6,28,657.5252516203504
WOO,F6,29,660.3154747016978
WOO,F6,30,667.8678840895988
WOO,F7,1,2090.8835436838567
WOO,F7,2,1986.0763981794846
WOO,F7,3,2039.2390639007633
WOO,F7,4,2076.0201643990526
WOO,F7,5,2059.6879506126984
WOO,F7,6,2051.5924093925964
WOO,F7,7,2152.4685474881726
WOO,F7,8,2084.6397261673173
WOO,F7,9,2094.783072630703
WOO,F7,10,2105.8609352937783
WOO,F7,11,2069.4085968895206
WOO,F7,12,1909.3181480168196
WOO,F7,13,2093.925748810626
WOO,F7,14,2116.180604598664
WOO,F7,15,2004.9572878057495
WOO,F7,16,2029.6169154487743
WOO,F7,17,2007.6810829961637
WOO,F7,18,2112.0684853296866
WOO,F7,19,2083.0401017578256
WOO,F7,20,2102.90788557059
WOO,F7,21,2170.675397685237
WOO,F7,22,2047.253311226699
WOO,F7,23,2045.6350825342938
WOO,F7,24,2052.075757489052
WOO,F7,25,2037.9128275451321
WOO,F7,26,2050.594895551436
WOO,F7,27,2144.212010486256
WOO,F7,28,2125.2152285284983
WOO,F7,29,2087.168577395265
WOO,F7,30,2011.6401435903488
WOO,F8,1,1962.2402898293788
WOO,F8,2,1963.2072566288498
WOO,F8,3,1896.2448667549315
WOO,F8,4,1849.040522561394
WOO,F8,5,1870.5089520898125
WOO,F8,6,1939.543539232912
WOO,F8,7,1913.5874114038093
WOO,F8,8,1914.2841742641745
WOO,F8,9,1966.6972503655331
WOO,F8,10,1837.0115157727869
WOO,F8,11,1979.5825741351377
WOO,F8,12,2017.3762254260187
WOO,F8,13,1996.396469349662
WOO,F8,14,1940.8834658788585
WOO,F8,15,1948.9578361316408
WOO,F8,16,1961.1116138134096
WOO,F8,17,1980.0896924911226
WOO,F8,18,1891.5592539286274
WOO,F8,19,1956.7039627534089
WOO,F8,20,2013.8512364708563
WOO,F8,21,1945.1536063121957
WOO,F8,22,1942.741221952572
WOO,F8,23,1875.3772517823754
WOO,F8,24,1873.2622672231328
WOO,F8,25,1882.6033023270757
WOO,F8,26,1905.6850753719973
WOO,F8,27,1914.8355729917116
WOO,F8,28,2032.39191949305
WOO,F8,29,1901.5800363416777
WOO,F8,30,1955.053798323911
WOO,F9,1,56346.33845053758
WOO,F9,2,36431.858275481485
WOO,F9,3,41341.01559946386
WOO,F9,4,55799.27226083914
WOO,F9,5,49307.340928115416
WOO,F9,6,40733.23537722107
WOO,F9,7,48142.12740409264
WOO,F9,8,43204.59196281234
WOO,F9,9,57815.85684620417
WOO,F9,10,56395.659434358095
WOO,F9,11,61063.88488323712
WOO,F9,12,52350.04511189043
WOO,F9,13,43950.144422417405
WOO,F9,14,58190.27902218242
WOO,F9,15,60926.519582124354
WOO,F9,16,46869.27906169454
WOO,F9,17,50356.228559478266
WOO,F9,18,50723.82784873292
WOO,F9,19,37484.437979581155
WOO,F9,20,46995.348471729216
WOO,F9,21,52962.22335238823
WOO,F9,22,46075.26501998918
WOO,F9,23,53411.155779476016
WOO,F9,24,60224.51441200876
WOO,F9,25,43333.94437455538
WOO,F9,26,64589.06845707234
WOO,F9,27,48661.36251719637
WOO,F9,28,53604.94585664151
WOO,F9,29,56487.32534967736
WOO,F9,30,47929.398808997976
WOO,F10,1,30164.86035756702
WOO,F10,2,30984.1730335307
WOO,F10,3,30139.873268141993
WOO,F10,4,30792.52181882538
WOO,F10,5,31833.617620325123
WOO,F10,6,31787.205251355746
WOO,F10,7,31172.26675524978
WOO,F10,8,31023.900468732325
WOO,F10,9,30742.410331550323
WOO,F10,10,31133.449884590962
WOO,F10,11,31338.357288516178
WOO,F10,12,30717.47759648937
WOO,F10,13,31343.452436878717
WOO,F10,14,31094.91384167895
WOO,F10,15,31006.45685283288
WOO,F10,16,31479.94233331958
WOO,F10,17,31202.49324501083
WOO,F10,18,31602.461881155243
WOO,F10,19,31036.56965671497
WOO,F10,20,30760.104728874096
WOO,F10,21,32151.29577936176
WOO,F10,22,31524.274619410473
WOO,F10,23,30300.764596065375
WOO,F10,24,31023.67107283324
WOO,F10,25,31018.819985380007
WOO,F10,26,31213.208480555528
WOO,F10,27,30818.852942953767
WOO,F10,28,30484.970884407714
WOO,F10,29,31170.748480779534
WOO,F10,30,31309.57673426587
WOO,F11,1,93667.31569347442
WOO,F11,2,79319.18459514476
WOO,F11,3,57942.07222165184
WOO,F11,4,55787.8175653641
WOO,F11,5,67622.59525707671
WOO,F11,6,59780.96960479059
WOO,F11,7,55327.209344345865
WOO,F11,8,58579.24429826476
WOO,F11,9,73455.8509319092
WOO,F11,10,68069.06574739532
WOO,F11,11,59538.247722894586
WOO,F11,12,74500.71476225776
WOO,F11,13,64017.92384355517
WOO,F11,14,56373.12918904176
WOO,F11,15,61239.39362459243
WOO,F11,16,65903.10293094623
WOO,F11,17,64466.201425940715
WOO,F11,18,67909.26558042732
WOO,F11,19,61651.29547694721
WOO,F11,20,66045.38997341318
WOO,F11,21,60609.61175928723
WOO,F11,22,76920.01346509623
WOO,F11,23,50498.18469266466
WOO,F11,24,52417.53570538954
WOO,F11,25,54587.97159760232
WOO,F11,26,59292.447994478214
WOO,F11,27,68656.11246108646
WOO,F11,28,50141.375242843766
WOO,F11,29,75549.36514401447
WOO,F11,30,67326.33597869279
WOO,F12,1,1860499964.4946134
WOO,F12,2,1912982134.9669976
WOO,F12,3,1377003939.9546986
WOO,F12,4,1830021006.9078298
WOO,F12,5,1889184881.7670166
WOO,F12,6,2631877017.3394184
WOO,F12,7,1538009848.1848183
WOO,F12,8,1712489366.8612232
WOO,F12,9,1907476365.6862006
WOO,F12,10,2698264437.6243863
WOO,F12,11,2183110638.740238
WOO,F12,12,2839554090.8534894
WOO,F12,13,1629984361.8414497
WOO,F12,14,1510939738.4045315
WOO,F12,15,1297961154.8982313
WOO,F12,16,2095409012.8620255
WOO,F12,17,1730334399.4905705
WOO,F12,18,1745119043.5986638
WOO,F12,19,1355051865.6573665
WOO,F12,20,2131803479.1323178
WOO,F12,21,1998779119.2686994
WOO,F12,22,1906998568.8665714
WOO,F12,23,2393184546.635152
WOO,F12,24,2016695950.8533847
WOO,F12,25,1163577155.4298382
WOO,F12,26,1873904643.8391428
WOO,F12,27,1800427451.0382876
WOO,F12,28,1498360929.7916975
WOO,F12,29,2454931227.498487
WOO,F12,30,2091196988.4758034
WOO,F13,1,6122494.580537461
WOO,F13,2,13723007.523443727
WOO,F13,3,24458101.42747222
WOO,F13,4,13234327.642883006
WOO,F13,5,11340208.984755903
WOO,F13,6,5453287.604373173
WOO,F13,7,16842242.438544255
WOO,F13,8,3596440.448471661
WOO,F13,9,6681477.93653729
WOO,F13,10,7960224.724853717
WOO,F13,11,8188339.144460881
WOO,F13,12,15027406.67904608
WOO,F13,13,15929974.336561598
WOO,F13,14,6246211.92732662
WOO,F13,15,4218418.4978372725
WOO,F13,16,11442337.784595108
WOO,F13,17,11504958.588067165
WOO,F13,18,17407826.706336506
WOO,F13,19,17554862.074841224
WOO,F13,20,6597110.623557181
WOO,F13,21,20317614.95665403
WOO,F13,22,5704315.996871496
WOO,F13,23,21082400.99912136
WOO,F13,24,14929766.807246497
WOO,F13,25,13855664.58993833
WOO,F13,26,9636295.116221074
WOO,F13,27,14723417.306523943
WOO,F13,28,16370508.361711662
WOO,F13,29,5427540.432967913
WOO,F13,30,10826819.727324644
WOO,F14,1,2459044.5143798525
WOO,F14,2,3628527.905960673
WOO,F14,3,1366153.6213353605
WOO,F14,4,1420288.1214890862
WOO,F14,5,1235486.5213946905
WOO,F14,6,1154329.095778598
WOO,F14,7,1449067.5197464267
WOO,F14,8,1760217.8184816118
WOO,F14,9,2192353.4050092907
WOO,F14,10,987105.2508121476
WOO,F14,11,2204730.8732284554
WOO,F14,12,2325309.276911002
WOO,F14,13,1178681.7208814258
WOO,F14,14,2452656.1965472084
WOO,F14,15,1698679.852557765
WOO,F14,16,2527168.563437655
WOO,F14,17,2262068.4517730316
WOO,F14,18,2159477.4973657364
WOO,F14,19,3989701.998286928
WOO,F14,20,1252130.9327108879
WOO,F14,21,1805544.3657878013
WOO,F14,22,1908056.124853999
WOO,F14,23,1778474.8400177085
WOO,F14,24,1816297.3057695364
WOO,F14,25,2407530.6708374945
WOO,F14,26,1169766.9486263117
WOO,F14,27,1848594.4602793404
WOO,F14,28,1763846.62052522
WOO,F14,29,1136311.8544799506
WOO,F14,30,1922878.2479899228
WOO,F15,1,388175.22707276145
WOO,F15,2,476779.14007766795
WOO,F15,3,3023174.815490012
WOO,F15,4,1296133.0973123896
WOO,F15,5,1315188.9359696943
WOO,F15,6,2410806.1755080903
WOO,F15,7,1425920.6594323863
WOO,F15,8,1056943.823297118
WOO,F15,9,4803538.611860225
WOO,F15,10,2259961.099908479
WOO,F15,11,4698473.481607379
WOO,F15,12,1307464.4869077788
WOO,F15,13,713575.0104411719
WOO,F15,14,977859.46463498
WOO,F15,15,795454.9409710022
WOO,F15,16,1587663.414695771
WOO,F15,17,2445812.31174215
WOO,F15,18,3892678.456318437
WOO,F15,19,1090512.4415635734
WOO,F15,20,668434.7237109588
WOO,F15,21,2135457.56012926
WOO,F15,22,409994.18488625815
WOO,F15,23,2483780.2585089114
WOO,F15,24,816562.2000488215
WOO,F15,25,2515794.471375099
WOO,F15,26,813038.8984107666
WOO,F15,27,2041568.1583409354
WOO,F15,28,978813.3325888953
WOO,F15,29,1393512.5472062528
WOO,F15,30,1378987.1316340158
WOO,F16,1,11238.164869054586
WOO,F16,2,10434.303748476941
WOO,F16,3,11783.128802965884
WOO,F16,4,10234.032135951802
WOO,F16,5,10876.283929757235
WOO,F16,6,11418.941447536912
WOO,F16,7,10742.056170372674
WOO,F16,8,10305.156108346386
WOO,F16,9,11121.747252159232
WOO,F16,10,11563.039255311038
WOO,F16,11,11334.714144722213
WOO,F16,12,11200.781288531856
WOO,F16,13,11270.063859501903
WOO,F16,14,10857.933974844664
WOO,F16,15,10759.767308235356
WOO,F16,16,10250.680075764514
WOO,F16,17,11614.382706399789
WOO,F16,18,9822.927135030212
WOO,F16,19,11639.713440050851
WOO,F16,20,12018.679036591244
WOO,F16,21,11334.838930481077
WOO,F16,22,11349.472762796982
WOO,F16,23,11236.992928820906
WOO,F16,24,10984.694217295222
WOO,F16,25,11956.303838821043
WOO,F16,26,11131.014023112864
WOO,F16,27,10666.712162311716
WOO,F16,28,11122.661706589202
WOO,F16,29,11233.035522361784
WOO,F16,30,10095.847817330947
WOO,F17,1,7521.591816220997
WOO,F17,2,6993.451073174859
WOO,F17,3,6988.229699639515
WOO,F17,4,6930.098005812525
WOO,F17,5,7546.3846341075205
WOO,F17,6,7327.096018076016
WOO,F17,7,7744.0642808123675
WOO,F17,8,7398.282182583876
WOO,F17,9,7895.613382178373
WOO,F17,10,7363.7136284972685
WOO,F17,11,7699.723214772159
WOO,F17,12,7594.806710229486
WOO,F17,13,7329.380540414126
WOO,F17,14,7664.775602475316
WOO,F17,15,7631.406833956494
WOO,F17,16,7331.758323491774
WOO,F17,17,6941.617682670416
WOO,F17,18,7181.204375798653
WOO,F17,19,7600.445750001739
WOO,F17,20,7168.500124041018
WOO,F17,21,6858.575867250315
WOO,F17,22,7637.670233524801
WOO,F17,23,7697.484747153325
WOO,F17,24,6861.090638737037
WOO,F17,25,6934.389407352409
WOO,F17,26,7526.544528605082
WOO,F17,27,7354.154601308892
WOO,F17,28,7363.187407083468
WOO,F17,29,7379.044090588955
WOO,F17,30,7562.184855717549
WOO,F18,1,2804966.037000239
WOO,F18,2,2250212.293194629
WOO,F18,3,3719432.949601122
WOO,F18,4,4128485.9304600107
WOO,F18,5,2656143.631641942
WOO,F18,6,2482230.998937649
WOO,F18,7,5256004.775402042
WOO,F18,8,2569369.47123441
WOO,F18,9,1739587.4885872146
WOO,F18,10,7616762.0476287715
WOO,F18,11,4588784.687462897
WOO,F18,12,2921561.9489877205
WOO,F18,13,4236930.530311467
WOO,F18,14,2846172.7123819953
WOO,F18,15,2221069.558380244
WOO,F18,16,3895199.986968864
WOO,F18,17,2837586.536582619
WOO,F18,18,5274301.58565412
WOO,F18,19,2461021.874603508
WOO,F18,20,2283198.9973532856
WOO,F18,21,4182003.6024384294
WOO,F18,22,2665036.6219489016
WOO,F18,23,4271054.194311703
WOO,F18,24,4412503.693809724
WOO,F18,25,4121033.224851938
WOO,F18,26,6093778.440508572
WOO,F18,27,4644246.885940284
WOO,F18,28,3941634.8322560373
WOO,F18,29,3195116.1702935183
WOO,F18,30,2677913.1909602857
WOO,F19,1,2055009.0969849827
WOO,F19,2,3735128.870524869
WOO,F19,3,1019432.159943747
WOO,F19,4,2440417.5229188534
WOO,F19,5,5550497.900586947
WOO,F19,6,613253.6496820096
WOO,F19,7,2146230.239798741
WOO,F19,8,3518076.858050194
WOO,F19,9,1704066.9992015916
WOO,F19,10,1601864.290298627
WOO,F19,11,1588801.615857905
WOO,F19,12,3378372.6261575976
WOO,F19,13,2468948.189303138
WOO,F19,14,2446537.3895191625
WOO,F19,15,1210577.491278238
WOO,F19,16,2815959.9412060427
WOO,F19,17,3732759.7664638804
WOO,F19,18,1444101.3287764755
WOO,F19,19,1763675.112967331
WOO,F19,20,5804958.013339809
WOO,F19,21,3939876.6609553113
WOO,F19,22,3604208.050967115
WOO,F19,23,3469575.7979061836
WOO,F19,24,1328713.551049104
WOO,F19,25,6421418.401909595
WOO,F19,26,3594426.774521604
WOO,F19,27,5548609.312574771
WOO,F19,28,1316374.8172262923
WOO,F19,29,3770947.5596816647
WOO,F19,30,1248330.3026442246
WOO,F20,1,7145.081261628764
WOO,F20,2,7320.469842039726
WOO,F20,3,7549.806552026235
WOO,F20,4,6725.395346054363
WOO,F20,5,7038.494187114789
WOO,F20,6,7524.645835161944
WOO,F20,7,7341.204520976146
WOO,F20,8,6983.142882935323
WOO,F20,9,7149.99139143326
WOO,F20,10,7267.628208428958
WOO,F20,11,7359.085458406366
WOO,F20,12,7129.579581083994
WOO,F20,13,7066.803538150757
WOO,F20,14,7384.287362371002
WOO,F20,15,6574.95910607062
WOO,F20,16,6429.563776927023
WOO,F20,17,7314.384246661682
WOO,F20,18,7266.535055323416
WOO,F20,19,7201.3123921450615
WOO,F20,20,7393.15223222836
WOO,F20,21,7522.925952236417
WOO,F20,22,7186.856394428245
WOO,F20,23,7316.328764007695
WOO,F20,24,7173.501134714615
WOO,F20,25,7167.701037029435
WOO,F20,26,6537.245077593924
WOO,F20,27,7409.895505394941
WOO,F20,28,6900.452008664148
WOO,F20,29,7355.199100223773
WOO,F20,30,7702.656080462641
WOO,F21,1,3338.7473695980343
WOO,F21,2,3513.589743513657
WOO,F21,3,3500.5744029436696
WOO,F21,4,3462.1943589393013
WOO,F21,5,3479.9876425104667
WOO,F21,6,3485.3141113366137
WOO,F21,7,3430.9849950169996
WOO,F21,8,3446.8017217411193
WOO,F21,9,3460.155994937885
WOO,F21,10,3484.758458276947
WOO,F21,11,3544.838130425247
WOO,F21,12,3453.630402677728
WOO,F21,13,3446.2428818912267
WOO,F21,14,3489.516205798696
WOO,F21,15,3459.621864956869
WOO,F21,16,3486.1810359784095
WOO,F21,17,3385.6521213989517
WOO,F21,18,3508.7906815552906
WOO,F21,19,3512.5243964687656
WOO,F21,20,3539.216520189036
WOO,F21,21,3509.6983272217085
WOO,F21,22,3442.833368721882
WOO,F21,23,3437.155667548238
WOO,F21,24,3468.6903804400063
WOO,F21,25,3476.13567956117
WOO,F21,26,3499.712918566265
WOO,F21,27,3439.425039661352
WOO,F21,28,3497.0490895387165
WOO,F21,29,3522.02246125881
WOO,F21,30,3610.4190644257633
WOO,F22,1,33572.114424350766
WOO,F22,2,32582.550445054403
WOO,F22,3,33009.02308156716
WOO,F22,4,33660.35557709752
WOO,F22,5,33813.00357951672
WOO,F22,6,32519.0514591583
WOO,F22,7,33553.880937445254
WOO,F22,8,33515.84042447164
WOO,F22,9,33061.02032684341
WOO,F22,10,33847.299970512744
WOO,F22,11,33588.11148988323
WOO,F22,12,33294.213924086915
WOO,F22,13,33194.80278929493
WOO,F22,14,34225.039016262104
WOO,F22,15,34101.5082600305
WOO,F22,16,34118.537996054285
WOO,F22,17,33325.159465901204
WOO,F22,18,33875.97453905709
WOO,F22,19,33375.54953478328
WOO,F22,20,33474.78745988966
WOO,F22,21,33719.17784449749
WOO,F22,22,33638.42390147319
WOO,F22,23,33486.86972388922
WOO,F22,24,33351.569948634926
WOO,F22,25,34474.01195446485
WOO,F22,26,33636.40366908024
WOO,F22,27,33560.478948352415
WOO,F22,28,33687.63200488209
WOO,F22,29,33714.048292124164
WOO,F22,30,33338.284416109294
WOO,F23,1,4179.670240104864
WOO,F23,2,4158.67518546123
WOO,F23,3,4181.16023277512
WOO,F23,4,4164.876804331092
WOO,F23,5,4071.8756919619505
WOO,F23,6,4188.124550404668
WOO,F23,7,4247.2289763063745
WOO,F23,8,4143.594299555265
WOO,F23,9,4225.122823384014
WOO,F23,10,4150.3762418764945
WOO,F23,11,4230.135519990406
WOO,F23,12,4183.694818604306
WOO,F23,13,4116.502542660668
WOO,F23,14,4053.051691189872
WOO,F23,15,4226.825562880555
WOO,F23,16,4216.624127716578
WOO,F23,17,4276.26403622886
WOO,F23,18,4220.028579003301
WOO,F23,19,4233.136794680873
WOO,F23,20,4254.153736097399
WOO,F23,21,4216.767159648734
WOO,F23,22,4272.201858363658
WOO,F23,23,4157.490504607167
WOO,F23,24,4189.091996214618
WOO,F23,25,4198.607835314114
WOO,F23,26,4185.112300996591
WOO,F23,27,4174.269480107062
WOO,F23,28,4146.328835426484
WOO,F23,29,4145.5798909376645
WOO,F23,30,4164.461809805642
WOO,F24,1,4710.060598638618
WOO,F24,2,4610.138222131043
WOO,F24,3,4679.461109827258
WOO,F24,4,4752.854166488352
WOO,F24,5,4721.923063707291
WOO,F24,6,4768.337673764873
WOO,F24,7,4755.005986859551
WOO,F24,8,4793.652265836467
WOO,F24,9,4576.524165746361
WOO,F24,10,4682.003313393582
WOO,F24,11,4674.92754265037
WOO,F24,12,4680.5605474376225
WOO,F24,13,4679.717594677839
WOO,F24,14,4723.366342241868
WOO,F24,15,4755.411684134874
WOO,F24,16,4731.037667132
WOO,F24,17,4859.125698208076
WOO,F24,18,4689.572787861559
WOO,F24,19,4645.017474255343
WOO,F24,20,4768.532435756964
WOO,F24,21,4825.402440625781
WOO,F24,22,4690.706177888929
WOO,F24,23,4748.685294789879
WOO,F24,24,4581.586460321452
WOO,F24,25,4773.046256674761
WOO,F24,26,4721.069537945408
WOO,F24,27,4773.290767839162
WOO,F24,28,4687.784957075381
WOO,F24,29,4642.2426154506775
WOO,F24,30,4729.294243783984
WOO,F25,1,5429.408009266719
WOO,F25,2,5626.581665312287
WOO,F25,3,5145.390686032357
WOO,F25,4,5958.452981221262
WOO,F25,5,5790.366748889137
WOO,F25,6,5553.642506430149
WOO,F25,7,5484.624286249682
WOO,F25,8,5526.4264438678965
WOO,F25,9,5914.938418732867
WOO,F25,10,5586.432221569335
WOO,F25,11,5537.850510174144
WOO,F25,12,5532.986977155767
WOO,F25,13,5348.78137583772
WOO,F25,14,6237.071816882975
WOO,F25,15,5366.410357824137
WOO,F25,16,5684.282592886689
WOO,F25,17,5673.095357117478
WOO,F25,18,5658.527494622365
WOO,F25,19,5873.24366074132
WOO,F25,20,5745.734727953995
WOO,F25,21,5913.986429530452
WOO,F25,22,5520.236235044289
WOO,F25,23,5921.2637011855395
WOO,F25,24,5856.923766517836
WOO,F25,25,5860.703046830817
WOO,F25,26,5754.953945234731
WOO,F25,27,5385.031371839338
WOO,F25,28,6125.844573496792
WOO,F25,29,5555.948861096152
WOO,F25,30,5667.244619713974
WOO,F26,1,20107.752434701462
WOO,F26,2,19181.66081716701
WOO,F26,3,20063.04529236859
WOO,F26,4,20456.418833297095
WOO,F26,5,19450.524900777258
WOO,F26,6,18548.25241846082
WOO,F26,7,18665.608692999656
WOO,F26,8,18718.633121010356
WOO,F26,9,21149.749207577916
WOO,F26,10,19239.61505820133
WOO,F26,11,20517.124842568934
WOO,F26,12,19412.665245845907
WOO,F26,13,19702.031240530043
WOO,F26,14,19634.41793522222
WOO,F26,15,19670.050638152523
WOO,F26,16,19288.075880285556
WOO,F26,17,20238.601319690508
WOO,F26,18,20247.640990224176
WOO,F26,19,19122.0680447853
WOO,F26,20,19265.429585459948
WOO,F26,21,19391.704129366313
WOO,F26,22,19359.614902714686
WOO,F26,23,19152.899109624028
WOO,F26,24,20194.753633693552
WOO,F26,25,19974.156538515253
WOO,F26,26,19339.51777160837
WOO,F26,27,19840.085064160103
WOO,F26,28,17704.294954765166
WOO,F26,29,18271.175342392122
WOO,F26,30,19255.41528434602
WOO,F27,1,4983.185521742571
WOO,F27,2,4812.652053097236
WOO,F27,3,4903.951285092043
WOO,F27,4,4909.423217333148
WOO,F27,5,4911.985861495597
WOO,F27,6,4879.418016961442
WOO,F27,7,4867.420468060154
WOO,F27,8,4659.1149113815845
WOO,F27,9,4854.0967333112385
WOO,F27,10,4953.692239659285
WOO,F27,11,4854.840933357693
WOO,F27,12,4900.933987244778
WOO,F27,13,5072.609583071746
WOO,F27,14,4699.444850410001
WOO,F27,15,4985.926118116766
WOO,F27,16,4807.241610798517
WOO,F27,17,4704.617863124529
WOO,F27,18,4871.53927941825
WOO,F27,19,4853.061681592536
WOO,F27,20,4998.1341783894495
WOO,F27,21,4630.253022630883
WOO,F27,22,4601.719499113382
WOO,F27,23,5022.574823092577
WOO,F27,24,4799.3829944084755
WOO,F27,25,4827.031925863919
WOO,F27,26,4917.2633226091
WOO,F27,27,5020.784120415923
WOO,F27,28,4671.310122519473
WOO,F27,29,5009.286575049125
WOO,F27,30,4671.004524604446
WOO,F28,1,7571.805480390522
WOO,F28,2,7495.27493442973
WOO,F28,3,7805.077059015514
WOO,F28,4,7781.756661543881
WOO,F28,5,7101.886323328135
WOO,F28,6,6779.209515485548
WOO,F28,7,7603.845032026144
WOO,F28,8,7833.705019108477
WOO,F28,9,6392.442733240143
WOO,F28,10,8602.432705728603
WOO,F28,11,6454.277987444944
WOO,F28,12,8371.631353980978
WOO,F28,13,7768.244529917299
WOO,F28,14,8443.914511997938
WOO,F28,15,8054.083613082031
WOO,F28,16,7286.734846007616
WOO,F28,17,6556.2299106854625
WOO,F28,18,7561.531663968988
WOO,F28,19,8105.970266210925
WOO,F28,20,8930.198886675003
WOO,F28,21,8852.215806080658
WOO,F28,22,8240.610193677121
WOO,F28,23,7506.603264184062
WOO,F28,24,6732.573402135857
WOO,F28,25,7458.226600451255
WOO,F28,26,7447.702549995848
WOO,F28,27,8230.660463545863
WOO,F28,28,6958.38348382433
WOO,F28,29,7225.164920704841
WOO,F28,30,7038.9762119202005
WOO,F29,1,10613.31574009401
WOO,F29,2,10938.207441515577
WOO,F29,3,10939.911790334198
WOO,F29,4,10852.287624256916
WOO,F29,5,10633.724519842808
WOO,F29,6,10851.127455567963
WOO,F29,7,10466.69067788702
WOO,F29,8,10357.37820330522
WOO,F29,9,10776.514739002498
WOO,F29,10,10352.982950099635
WOO,F29,11,10515.685962143147
WOO,F29,12,10726.224821713422
WOO,F29,13,11128.223333709633
WOO,F29,14,10075.649095810099
WOO,F29,15,10717.775535320223
WOO,F29,16,11246.574163940022
WOO,F29,17,10747.319872696231
WOO,F29,18,11120.984895924335
WOO,F29,19,10245.199739364758
WOO,F29,20,10781.044084794543
WOO,F29,21,10706.68187189551
WOO,F29,22,10514.930186727524
WOO,F29,23,10348.730024770666
WOO,F29,24,10938.731727822618
WOO,F29,25,10770.516415664762
WOO,F29,26,10597.779729550446
WOO,F29,27,10605.112840137432
WOO,F29,28,11156.941242729128
WOO,F29,29,11294.471833723777
WOO,F29,30,10740.436890744095
WOO,F30,1,14799294.723490193
WOO,F30,2,17405867.766098637
WOO,F30,3,17848384.663977306
WOO,F30,4,19936932.876445897
WOO,F30,5,16239388.233414382
WOO,F30,6,18744747.715236787
WOO,F30,7,13990006.404703567
WOO,F30,8,16537530.783521628
WOO,F30,9,14327120.007990874
WOO,F30,10,23213854.403897814
WOO,F30,11,13642265.78602901
WOO,F30,12,14162828.446688198
WOO,F30,13,17422443.37833017
WOO,F30,14,21333306.890687764
WOO,F30,15,15686503.07161836
WOO,F30,16,16896154.115458436
WOO,F30,17,19477939.56026733
WOO,F30,18,24771318.841244064
WOO,F30,19,11525374.804360703
WOO,F30,20,27091147.69631158
WOO,F30,21,14873150.532873074
WOO,F30,22,26698881.128998905
WOO,F30,23,26525440.040725343
WOO,F30,24,25817215.80889528
WOO,F30,25,15058869.952506188
WOO,F30,26,13262652.90411716
WOO,F30,27,16492782.267496437
WOO,F30,28,13994108.39252848
WOO,F30,29,21249412.377103344
WOO,F30,30,14889822.881830955
GLO,F1,1,96608867500.2201
GLO,F1,2,111659276523.72621
GLO,F1,3,130100284177.02888
GLO,F1,4,69819618360.51434
GLO,F1,5,104220030224.06795
GLO,F1,6,90334467584.36311
GLO,F1,7,129210305864.28891
GLO,F1,8,101482636314.87325
GLO,F1,9,100370568069.56406
GLO,F1,10,132212742058.32437
GLO,F1,11,128404170873.25056
GLO,F1,12,158902349873.57108
GLO,F1,13,149972667294.80856
GLO,F1,14,98793580422.29434
GLO,F1,15,116123452394.15732
GLO,F1,16,97315713116.78677
GLO,F1,17,104898257105.58182
GLO,F1,18,94411105946.70879
GLO,F1,19,138268003250.61673
GLO,F1,20,119383357604.93307
GLO,F1,21,108610496940.56245
GLO,F1,22,135214055854.98819
GLO,F1,23,120016250123.60185
GLO,F1,24,164514163282.63373
GLO,F1,25,116883682283.78151
GLO,F1,26,93272479974.6961
GLO,F1,27,124937456839.80966
GLO,F1,28,131445892174.19632
GLO,F1,29,123404680339.62611
GLO,F1,30,112401292216.32274
GLO,F3,1,337758.0340544273
GLO,F3,2,350170.9329704635
GLO,F3,3,344968.3246134443
GLO,F3,4,345611.45394210744
GLO,F3,5,336602.6769051009
GLO,F3,6,322320.48081403715
GLO,F3,7,360977.1510782689
GLO,F3,8,349841.6332360932
GLO,F3,9,352501.7259849996
GLO,F3,10,352236.2447468736
GLO,F3,11,333315.19741016935
GLO,F3,12,347585.69643714576
GLO,F3,13,349650.3272758582
GLO,F3,14,349298.1702779977
GLO,F3,15,349375.29919101985
GLO,F3,16,350386.84112528444
GLO,F3,17,351936.33166581363
GLO,F3,18,347313.9488122868
GLO,F3,19,356088.0948742034
GLO,F3,20,344609.88511358364
GLO,F3,21,318435.16413214034
GLO,F3,22,324622.6460442925
GLO,F3,23,346183.92141836596
GLO,F3,24,344051.3339509081
GLO,F3,25,359881.4154648073
GLO,F3,26,342239.73307568417
GLO,F3,27,345177.2639764998
GLO,F3,28,346674.58127229667
GLO,F3,29,329873.8563156696
GLO,F3,30,318738.7349447651
GLO,F4,1,17474.890835965267
GLO,F4,2,15818.164141774818
GLO,F4,3,16543.206912076756
GLO,F4,4,28200.920160709546
GLO,F4,5,21577.109132244652
GLO,F4,6,25535.364314665716
GLO,F4,7,30658.391401111192
GLO,F4,8,18062.19178829271
GLO,F4,9,13448.516129192467
GLO,F4,10,22516.406053413506
GLO,F4,11,19215.013734878954
GLO,F4,12,19620.00067405949
GLO,F4,13,18121.538081466642
GLO,F4,14,19515.21348882401
GLO,F4,15,13984.65042522557
GLO,F4,16,23119.790868310924
GLO,F4,17,11738.287070798875
GLO,F4,18,17344.00322553374
GLO,F4,19,18764.059457783413
GLO,F4,20,22290.548024790096
GLO,F4,21,10130.11932611904
GLO,F4,22,15317.285174003668
GLO,F4,23,20730.30468205052
GLO,F4,24,11233.025790739886
GLO,F4,25,30153.704219363673
GLO,F4,26,19084.852241117955
GLO,F4,27,15956.514747518273
GLO,F4,28,15800.024451103238
GLO,F4,29,17621.44924221848
GLO,F4,30,18308.801072321246
GLO,F5,1,1996.151341146582
GLO,F5,2,1880.08496214189
GLO,F5,3,1928.884828714093
GLO,F5,4,1995.5391635035974
GLO,F5,5,1960.0911991841006
GLO,F5,6,2019.199716767145
GLO,F5,7,1926.4588608810668
GLO,F5,8,2026.352816252643
GLO,F5,9,1939.9164968340249
GLO,F5,10,1999.4523040074164
GLO,F5,11,1912.3632097075465
GLO,F5,12,1997.3548629875088
GLO,F5,13,1970.6101676728927
GLO,F5,14,1954.966997113473
GLO,F5,15,1976.7079405512463
GLO,F5,16,2008.39385039885
GLO,F5,17,1874.4382718349984
GLO,F5,18,1995.1098358803206
GLO,F5,19,2006.5647208788523
GLO,F5,20,2018.6496530336549
GLO,F5,21,1952.1227034185438
GLO,F5,22,1912.1729959342945
GLO,F5,23,1904.900986714509
GLO,F5,24,1996.4559929779614
GLO,F5,25,2015.915550093136
GLO,F5,26,2012.626152830331
GLO,F5,27,1968.56611130821
GLO,F5,28,1946.0489228326737
GLO,F5,29,1982.8379066684222
GLO,F5,30,1914.4766360294443
GLO,F6,1,695.7000006711828
GLO,F6,2,701.5408655338432
GLO,F6,3,707.0461529821841
GLO,F6,4,700.8806501151832
GLO,F6,5,685.4633106796489
GLO,F6,6,689.800299670422
GLO,F6,7,685.2450756223993
GLO,F6,8,687.2151984724776
GLO,F6,9,697.7811013631731
GLO,F6,10,696.9060369472613
GLO,F6,11,702.5520066765525
GLO,F6,12,704.6860850616679
GLO,F6,13,700.7170941520133
GLO,F6,14,692.4190054968755
GLO,F6,15,689.8559816322845
GLO,F6,16,698.6733882460068
GLO,F6,17,671.7779027695383
GLO,F6,18,683.5115547600968
GLO,F6,19,693.6104709126289
GLO,F6,20,687.7773393625597
GLO,F6,21,697.4120691202827
GLO,F6,22,709.1441839273533
GLO,F6,23,677.9292425709313
GLO,F6,24,697.352556912603
GLO,F6,25,705.2923795980106
GLO,F6,26,671.1766477981267
GLO,F6,27,705.4836453355756
GLO,F6,28,693.242648044473
GLO,F6,29,693.4174890416789
GLO,F6,30,698.7432437718892
GLO,F7,1,3397.9816696840544
GLO,F7,2,3020.1230988846264
GLO,F7,3,3228.8547696650057
GLO,F7,4,3331.715606342564
GLO,F7,5,3458.4446858470083
GLO,F7,6,3292.213307451317
GLO,F7,7,3151.9534880947253
GLO,F7,8,3435.051209199697
GLO,F7,9,3404.6474484458013
GLO,F7,10,3242.10978901362
GLO,F7,11,3362.422847200113
GLO,F7,12,3297.262020259675
GLO,F7,13,3555.8646446153425
GLO,F7,14,3055.9413024661985
GLO,F7,15,3165.2295713354597
GLO,F7,16,3616.4624329604285
GLO,F7,17,3300.98973047211
GLO,F7,18,3165.904016138043
GLO,F7,19,3459.623305128851
GLO,F7,20,3388.595679496724
GLO,F7,21,3474.0456915422174
GLO,F7,22,3357.6140872494875
GLO,F7,23,3187.8437917514534
GLO,F7,24,3466.8219187500845
GLO,F7,25,3503.294961879724
GLO,F7,26,2972.8381648044074
GLO,F7,27,3179.0637689550067
GLO,F7,28,3460.307732879223
GLO,F7,29,3124.548607060011
GLO,F7,30,3290.532408358164
GLO,F8,1,2213.4114033910037
GLO,F8,2,2349.0854832257264
GLO,F8,3,2332.9156394654474
GLO,F8,4,2244.9370043600093
GLO,F8,5,2179.821497502485
GLO,F8,6,2388.995823014554
GLO,F8,7,2195.4217254291175
GLO,F8,8,2348.4339167892444
GLO,F8,9,2109.178731615537
GLO,F8,10,2275.71884878348
GLO,F8,11,2286.1389172504305
GLO,F8,12,2273.491569289928
GLO,F8,13,2258.9689461159005
GLO,F8,14,2288.5480169209122
GLO,F8,15,2290.2223730828987
GLO,F8,16,2374.468674700993
GLO,F8,17,2197.955299583301
GLO,F8,18,2304.64914003623
GLO,F8,19,2260.4318763121205
GLO,F8,20,2275.6550592901076
GLO,F8,21,2377.5680130829714
GLO,F8,22,2263.243921575868
GLO,F8,23,2255.248541144602
GLO,F8,24,2352.7968577847314
GLO,F8,25,2378.5836419584416
GLO,F8,26,2175.4793404693437
GLO,F8,27,2233.754010427304
GLO,F8,28,2269.831789941398
GLO,F8,29,2230.257367311137
GLO,F8,30,2278.5699020673455
GLO,F9,1,73634.87784343892
GLO,F9,2,81808.68612845914
GLO,F9,3,73773.84851143465
GLO,F9,4,76885.45467520898
GLO,F9,5,68272.34344953952
GLO,F9,6,74065.96008276258
GLO,F9,7,69199.95088486736
GLO,F9,8,79595.7882234246
GLO,F9,9,79101.68919442434
GLO,F9,10,78780.77362987786
GLO,F9,11,71593.74144470584
GLO,F9,12,80939.23759079278
GLO,F9,13,76766.53382611915
GLO,F9,14,83166.08607679995
GLO,F9,15,74492.82825789359
GLO,F9,16,81674.0319513316
GLO,F9,17,80701.84811018557
GLO,F9,18,77607.07498773087
GLO,F9,19,67767.42574500461
GLO,F9,20,67915.095239577
GLO,F9,21,74451.05531630125
GLO,F9,22,61090.341956218006
GLO,F9,23,84890.78534980894
GLO,F9,24,74604.57530425758
GLO,F9,25,77866.84320342245
GLO,F9,26,74340.78518751984
GLO,F9,27,73957.89223002885
GLO,F9,28,76640.28511707498
GLO,F9,29,76074.39538742357
GLO,F9,30,70272.9357684592
GLO,F10,1,27200.4776920278
GLO,F10,2,27873.5652917146
GLO,F10,3,26851.82520504373
GLO,F10,4,29181.78914919447
GLO,F10,5,30519.671800126744
GLO,F10,6,28141.56961022818
GLO,F10,7,29468.484117630433
GLO,F10,8,29729.092219110076
GLO,F10,9,28522.966864347156
GLO,F10,10,28756.05203036462
GLO,F10,11,27683.434976977594
GLO,F10,12,24541.365191370307
GLO,F10,13,27758.85494494188
GLO,F10,14,28418.170912966307
GLO,F10,15,27408.983321491945
GLO,F10,16,29191.924478009707
GLO,F10,17,28821.133447038097
GLO,F10,18,27960.614752484445
GLO,F10,19,28897.95009484789
GLO,F10,20,31148.974752932074
GLO,F10,21,26951.2542428884
GLO,F10,22,29962.514149433224
GLO,F10,23,28918.149286053034
GLO,F10,24,29063.226833209323
GLO,F10,25,29245.001358912483
GLO,F10,26,30119.64893467138
GLO,F10,27,30415.0749646828
GLO,F10,28,26604.969312735877
GLO,F10,29,29085.59316518937
GLO,F10,30,29061.074689393536
GLO,F11,1,162128.25300991538
GLO,F11,2,202679.27835204755
GLO,F11,3,194981.2711478538
GLO,F11,4,214031.17500103032
GLO,F11,5,207302.48164720763
GLO,F11,6,202228.2988214742
GLO,F11,7,182559.35496693573
GLO,F11,8,223071.49719143202
GLO,F11,9,186711.34328748853
GLO,F11,10,185174.42108033347
GLO,F11,11,180740.01626667188
GLO,F11,12,173332.5822679895
GLO,F11,13,171592.30505023964
GLO,F11,14,186708.3041089526
GLO,F11,15,220856.41300337436
GLO,F11,16,188933.1307002017
GLO,F11,17,225683.25561896258
GLO,F11,18,164068.716439499
GLO,F11,19,185077.19168514074
GLO,F11,20,193363.08460994074
GLO,F11,21,173972.69594105103
GLO,F11,22,160438.60795559495
GLO,F11,23,168943.70253951199
GLO,F11,24,216848.36068522945
GLO,F11,25,207320.31096774663
GLO,F11,26,181859.32624703547
GLO,F11,27,217606.20687918062
GLO,F11,28,188727.91558296804
GLO,F11,29,199350.92548470726
GLO,F11,30,188832.20412659826
GLO,F12,1,23865380064.86421
GLO,F12,2,12421298295.443287
GLO,F12,3,14836235960.443571
GLO,F12,4,14256509404.237377
GLO,F12,5,14633291640.708714
GLO,F12,6,17641985774.756927
GLO,F12,7,19352034650.308147
GLO,F12,8,16811075619.87397
GLO,F12,9,16623759097.513428
GLO,F12,10,10200099470.825962
GLO,F12,11,11376350359.239182
GLO,F12,12,26530799875.410927
GLO,F12,13,17853899454.55538
GLO,F12,14,11955527691.638596
GLO,F12,15,11676662401.63132
GLO,F12,16,23416589762.777172
GLO,F12,17,10166619136.468397
GLO,F12,18,11578633692.580297
GLO,F12,19,13267020893.372543
GLO,F12,20,16997867902.503462
GLO,F12,21,27455974197.165947
GLO,F12,22,11894012178.82065
GLO,F12,23,12761175968.101677
GLO,F12,24,17412177838.275955
GLO,F12,25,11645074197.348444
GLO,F12,26,6276437283.843193
GLO,F12,27,14737644959.720093
GLO,F12,28,14530604783.884497
GLO,F12,29,15802378184.038519
GLO,F12,30,15239575898.801052
GLO,F13,1,369455959.7019035
GLO,F13,2,395016228.2100357
GLO,F13,3,418297991.8876758
GLO,F13,4,520573511.91793233
GLO,F13,5,634653621.8753475
GLO,F13,6,362208910.1679315
GLO,F13,7,583539270.7695249
GLO,F13,8,484416500.5845734
GLO,F13,9,581413993.129378
GLO,F13,10,392882071.4406618
GLO,F13,11,234844944.74426934
GLO,F13,12,201115515.31827056
GLO,F13,13,407705508.09800595
GLO,F13,14,229464986.00928533
GLO,F13,15,331842926.69995576
GLO,F13,16,146574475.53361425
GLO,F13,17,291744738.18763155
GLO,F13,18,121796491.29221334
GLO,F13,19,314347262.20664036
GLO,F13,20,626361204.2873726
GLO,F13,21,279948829.5458036
GLO,F13,22,723939278.6040578
GLO,F13,23,277575562.1868624
GLO,F13,24,325319906.018519
GLO,F13,25,180969830.68155807
GLO,F13,26,198600125.70539352
GLO,F13,27,357730015.38834846
GLO,F13,28,342182759.51897025
GLO,F13,29,731832909.9488424
GLO,F13,30,280667457.8619158
GLO,F14,1,23385816.660995957
GLO,F14,2,27388463.240339417
GLO,F14,3,27013090.477036994
GLO,F14,4,31550157.176425148
GLO,F14,5,31852119.689313784
GLO,F14,6,24401453.55101748
GLO,F14,7,11531446.874392388
GLO,F14,8,10262026.34016173
GLO,F14,9,22678553.137597553
GLO,F14,10,17472329.86831937
GLO,F14,11,33014014.68532145
GLO,F14,12,23629625.792668913
GLO,F14,13,37176862.81963842
GLO,F14,14,27733974.022083607
GLO,F14,15,51480587.19596112
GLO,F14,16,28705463.990140237
GLO,F14,17,18744120.498189505
GLO,F14,18,26314751.580299616
GLO,F14,19,17477133.488186322
GLO,F14,20,13569201.666406706
GLO,F14,21,14104608.73137385
GLO,F14,22,13044112.88555853
GLO,F14,23,12150634.12854853
GLO,F14,24,14649719.350594334
GLO,F14,25,14288172.543292593
GLO,F14,26,23977292.18791575
GLO,F14,27,15253561.892591951
GLO,F14,28,13975943.759398375
GLO,F14,29,16207515.936520617
GLO,F14,30,16996053.73236774
GLO,F15,1,33745159.03253492
GLO,F15,2,6189848.342174502
GLO,F15,3,15136382.509932887
GLO,F15,4,6168522.355631959
GLO,F15,5,6471515.675111972
GLO,F15,6,34069175.765146725
GLO,F15,7,9118034.025344083
GLO,F15,8,13712611.45413416
GLO,F15,9,14115084.547162386
GLO,F15,10,17939403.94523674
GLO,F15,11,4040901.417557484
GLO,F15,12,31343452.611491665
GLO,F15,13,64875012.73160575
GLO,F15,14,18865347.25146494
GLO,F15,15,17945656.73529445
GLO,F15,16,13992518.714532584
GLO,F15,17,10670413.936086515
GLO,F15,18,7445596.689925219
GLO,F15,19,11123340.292204583
GLO,F15,20,12475873.408798194
GLO,F15,21,4775087.5736207375
GLO,F15,22,31933471.52846352
GLO,F15,23,9006254.627893543
GLO,F15,24,5502712.462997993
GLO,F15,25,6375604.140952784
GLO,F15,26,18399898.460099675
GLO,F15,27,17180841.511399306
GLO,F15,28,6621642.587430043
GLO,F15,29,2972546.62323171
GLO,F15,30,16232241.700335246
GLO,F16,1,11828.474175182248
GLO,F16,2,11884.931036255672
GLO,F16,3,12478.056199327906
GLO,F16,4,11815.32874671572
GLO,F16,5,12268.34078425488
GLO,F16,6,11681.895555222773
GLO,F16,7,12271.973719405822
GLO,F16,8,11734.150888715598
GLO,F16,9,12068.869143049134
GLO,F16,10,12084.452470404849
GLO,F16,11,10805.333638101729
GLO,F16,12,11961.943581626912
GLO,F16,13,11901.12763911909
GLO,F16,14,11956.148642270175
GLO,F16,15,11325.32644635591
GLO,F16,16,11926.33284573234
GLO,F16,17,12689.9769277287
GLO,F16,18,11479.847531578667
GLO,F16,19,12005.32728656692
GLO,F16,20,12316.93354060925
GLO,F16,21,12317.924913210878
GLO,F16,22,11197.052979387941
GLO,F16,23,11913.792850811977
GLO,F16,24,12173.458230672248
GLO,F16,25,12336.075035156373
GLO,F16,26,12073.619556473754
GLO,F16,27,11835.560795427436
GLO,F16,28,11540.831453942417
GLO,F16,29,11759.075675360009
GLO,F16,30,9795.2484623289
GLO,F17,1,8984.4118824847
GLO,F17,2,9101.142770784028
GLO,F17,3,9489.134625591361
GLO,F17,4,9151.303421115743
GLO,F17,5,8514.607233062527
GLO,F17,6,9354.74712521217
GLO,F17,7,8717.244623813502
GLO,F17,8,8948.117140693626
GLO,F17,9,8399.629181073964
GLO,F17,10,9326.346254297629
GLO,F17,11,9549.648114970845
GLO,F17,12,8804.2305272575
GLO,F17,13,8651.62405979234
GLO,F17,14,9007.82758138637
GLO,F17,15,9180.674167887726
GLO,F17,16,9380.783840128317
GLO,F17,17,8512.874294978788
GLO,F17,18,9445.305315886113
GLO,F17,19,8918.590596929123
GLO,F17,20,9312.190866975543
GLO,F17,21,9184.345823811454
GLO,F17,22,9176.659156312247
GLO,F17,23,8301.129219037808
GLO,F17,24,9091.959668892187
GLO,F17,25,9080.993680039559
GLO,F17,26,9227.612024238262
GLO,F17,27,8867.237683932071
GLO,F17,28,8914.356000088621
GLO,F17,29,9574.985669920174
GLO,F17,30,9145.014558891573
GLO,F18,1,24103726.43249305
GLO,F18,2,44784539.17707337
GLO,F18,3,29196833.77585162
GLO,F18,4,19341562.377010413
GLO,F18,5,37619936.88120647
GLO,F18,6,31397977.544652425
GLO,F18,7,32920447.692695186
GLO,F18,8,53565758.18200949
GLO,F18,9,53827583.107818596
GLO,F18,10,32868383.110485774
GLO,F18,11,28559867.32299857
GLO,F18,12,47015105.682857275
GLO,F18,13,23678659.55575392
GLO,F18,14,23501776.988026034
GLO,F18,15,25451910.04287381
GLO,F18,16,45225540.16498259
GLO,F18,17,23434794.221605234
GLO,F18,18,49683087.334402
GLO,F18,19,27160055.25990344
GLO,F18,20,15778253.91225247
GLO,F18,21,12313232.690416213
GLO,F18,22,42340099.839024454
GLO,F18,23,32027117.762329075
GLO,F18,24,39540586.23134029
GLO,F18,25,27954975.27752968
GLO,F18,26,41468185.74673811
GLO,F18,27,63212815.181013644
GLO,F18,28,19082050.71706499
GLO,F18,29,22810707.86091106
GLO,F18,30,35166958.24592693
GLO,F19,1,33467399.39105534
GLO,F19,2,44848656.70280528
GLO,F19,3,54892385.51694855
GLO,F19,4,33736810.74302648
GLO,F19,5,7262083.796540276
GLO,F19,6,39491344.97094587
GLO,F19,7,104890896.55051862
GLO,F19,8,62197700.251981586
GLO,F19,9,44891133.2077919
GLO,F19,10,21691119.226809405
GLO,F19,11,26728841.019071113
GLO,F19,12,36548301.26134939
GLO,F19,13,53336807.507352
GLO,F19,14,44417582.70603161
GLO,F19,15,21363255.42365964
GLO,F19,16,51313318.9860635
GLO,F19,17,28951148.912742022
GLO,F19,18,29687456.727030005
GLO,F19,19,31662317.51568639
GLO,F19,20,42322671.502878085
GLO,F19,21,30732276.42889804
GLO,F19,22,62847215.68514924
GLO,F19,23,29160996.732297976
GLO,F19,24,18757666.232042324
GLO,F19,25,47668470.57697768
GLO,F19,26,23424671.404595945
GLO,F19,27,27934527.26353864
GLO,F19,28,39054688.34138324
GLO,F19,29,55277070.961738735
GLO,F19,30,38323990.441552736
GLO,F20,1,7523.689041494517
GLO,F20,2,7532.736150303028
GLO,F20,3,7488.530704973858
GLO,F20,4,7065.207486233958
GLO,F20,5,7518.0116983083535
GLO,F20,6,7435.427100416675
GLO,F20,7,7564.156564684016
GLO,F20,8,7797.139457021433
GLO,F20,9,7172.695213829651
GLO,F20,10,7646.399151385081
GLO,F20,11,7302.7395631949175
GLO,F20,12,7216.15716778018
GLO,F20,13,7343.598513833604
GLO,F20,14,7572.889319951446
GLO,F20,15,7381.143598288686
GLO,F20,16,7499.763473525124
GLO,F20,17,7278.345183484778
GLO,F20,18,7333.7538608977875
GLO,F20,19,7510.060595220785
GLO,F20,20,6804.334816733576
GLO,F20,21,7519.59924580654
GLO,F20,22,7572.220545976358
GLO,F20,23,7422.010811098882
GLO,F20,24,7436.114881345335
GLO,F20,25,7590.682023268615
GLO,F20,26,7637.231353311043
GLO,F20,27,7435.528234749653
GLO,F20,28,7118.2093165379865
GLO,F20,29,7232.142710511276
GLO,F20,30,7342.449472515455
GLO,F21,1,3757.857451336533
GLO,F21,2,3790.33343656895
GLO,F21,3,3808.112748300775
GLO,F21,4,3682.5840300701075
GLO,F21,5,3785.0483947462526
GLO,F21,6,3691.1128208459104
GLO,F21,7,3794.8628789172517
GLO,F21,8,3762.844218465033
GLO,F21,9,3739.513233893941
GLO,F21,10,3711.9505631329203
GLO,F21,11,3758.976989009014
GLO,F21,12,3808.1374838997526
GLO,F21,13,3729.9282860227427
GLO,F21,14,3823.3189462984674
GLO,F21,15,3811.9019857494104
GLO,F21,16,3765.605623363274
GLO,F21,17,3663.1374833698023
GLO,F21,18,3785.8145311415974
GLO,F21,19,3783.9316388644547
GLO,F21,20,3815.219207587559
GLO,F21,21,3675.9959739918077
GLO,F21,22,3722.8813031110303
GLO,F21,23,3694.0611114111557
GLO,F21,24,3673.741953560636
GLO,F21,25,3697.1100187711895
GLO,F21,26,3794.9224664583444
GLO,F21,27,3697.671732532296
GLO,F21,28,3783.847473222899
GLO,F21,29,3673.7643659873875
GLO,F21,30,3646.454058035966
GLO,F22,1,16899.080882453687
GLO,F22,2,33716.9567821262
GLO,F22,3,34054.78290128552
GLO,F22,4,34195.20865848563
GLO,F22,5,34858.03755651101
GLO,F22,6,34134.47193839863
GLO,F22,7,34787.282938707416
GLO,F22,8,33897.923125191985
GLO,F22,9,15162.462701968207
GLO,F22,10,35028.6703929579
GLO,F22,11,23845.883920486773
GLO,F22,12,33854.16054919756
GLO,F22,13,29526.26260997346
GLO,F22,14,34430.514424536734
GLO,F22,15,34156.2509360158
GLO,F22,16,32617.771439489192
GLO,F22,17,34877.96473906628
GLO,F22,18,32200.31557028772
GLO,F22,19,33647.14420407272
GLO,F22,20,33510.486425644085
GLO,F22,21,31660.32185951134
GLO,F22,22,30728.337975569917
GLO,F22,23,34750.37439303262
GLO,F22,24,34626.10527262244
GLO,F22,25,34320.46629069478
GLO,F22,26,34725.47007778694
GLO,F22,27,34242.45998295524
GLO,F22,28,33449.33453158293
GLO,F22,29,34628.09933858336
GLO,F22,30,17023.267072653627
GLO,F23,1,3977.453990119966
GLO,F23,2,4076.2177870255064
GLO,F23,3,4016.581502865909
GLO,F23,4,4009.924345480396
GLO,F23,5,4167.300514891944
GLO,F23,6,4137.47183106841
GLO,F23,7,4082.663414602542
GLO,F23,8,4080.575896792776
GLO,F23,9,4195.769595209076
GLO,F23,10,4072.7757376101663
GLO,F23,11,4094.928550053489
GLO,F23,12,4056.5176432749604
GLO,F23,13,4078.352176542692
GLO,F23,14,4069.2734770417283
GLO,F23,15,4097.457068557429
GLO,F23,16,4106.477218343351
GLO,F23,17,4114.216282779909
GLO,F23,18,4079.8967741763367
GLO,F23,19,4144.160662801062
GLO,F23,20,4030.829013341139
GLO,F23,21,4133.83709710084
GLO,F23,22,4106.529661602295
GLO,F23,23,4080.2415666635325
GLO,F23,24,4187.914137526643
GLO,F23,25,4059.3891086039876
GLO,F23,26,4101.7107895827485
GLO,F23,27,3968.42002140746
GLO,F23,28,4041.7363875670544
GLO,F23,29,4130.324657300789
GLO,F23,30,4125.7840186813555
GLO,F24,1,4525.294846663939
GLO,F24,2,4583.0241262297695
GLO,F24,3,4670.671745352564
GLO,F24,4,4525.8713432543855
GLO,F24,5,4588.6569598627475
GLO,F24,6,4636.7229357354045
GLO,F24,7,4540.560090999418
GLO,F24,8,4594.3710052812985
GLO,F24,9,4585.188925760884
GLO,F24,10,4623.183419636884
GLO,F24,11,4583.253389210999
GLO,F24,12,4524.61557456515
GLO,F24,13,4620.200267665077
GLO,F24,14,4539.083817823263
GLO,F24,15,4665.969685080485
GLO,F24,16,4654.4272291625675
GLO,F24,17,4580.812541121436
GLO,F24,18,4619.685427730876
GLO,F24,19,4616.632086090207
GLO,F24,20,4611.311170756683
GLO,F24,21,4486.906588896585
GLO,F24,22,4567.113547607982
GLO,F24,23,4624.892574718557
GLO,F24,24,4687.246505182307
GLO,F24,25,4616.528361498115
GLO,F24,26,4634.212535306107
GLO,F24,27,4667.954687878842
GLO,F24,28,4679.4141804177825
GLO,F24,29,4632.584934339327
GLO,F24,30,4566.292285994379
GLO,F25,1,16272.171878207006
GLO,F25,2,13913.336749084632
GLO,F25,3,16377.140938867902
GLO,F25,4,13026.274895898121
GLO,F25,5,16188.453363604573
GLO,F25,6,13571.85546912696
GLO,F25,7,17564.520576659164
GLO,F25,8,16138.368185266881
GLO,F25,9,18289.713296173297
GLO,F25,10,13795.849540362078
GLO,F25,11,10902.881393259659
GLO,F25,12,13533.092484340417
GLO,F25,13,11607.765093873335
GLO,F25,14,17037.525830567967
GLO,F25,15,14083.456550821582
GLO,F25,16,13281.61470825589
GLO,F25,17,13661.585846762508
GLO,F25,18,14894.690826056298
GLO,F25,19,16046.478732879337
GLO,F25,20,17669.467521870898
GLO,F25,21,12868.59141504419
GLO,F25,22,14871.698691651847
GLO,F25,23,15572.737187387604
GLO,F25,24,12153.85526810977
GLO,F25,25,12754.645418114555
GLO,F25,26,14493.524455968489
GLO,F25,27,14338.624632205438
GLO,F25,28,14149.312736622318
GLO,F25,29,17181.7802007804
GLO,F25,30,12825.184805712985
GLO,F26,1,19953.246299992905
GLO,F26,2,21079.065257357644
GLO,F26,3,20406.070216590728
GLO,F26,4,20517.30493148153
GLO,F26,5,21200.8737055455
GLO,F26,6,20644.184072912383
GLO,F26,7,20324.751410455763
GLO,F26,8,19271.413745582526
GLO,F26,9,21472.854992474673
GLO,F26,10,20805.696074556043
GLO,F26,11,20419.022882465455
GLO,F26,12,20013.888370004133
GLO,F26,13,20406.673055166928
GLO,F26,14,20445.48449645732
GLO,F26,15,20774.345224461995
GLO,F26,16,19696.8989591344
GLO,F26,17,20836.40656045318
GLO,F26,18,20203.564119766917
GLO,F26,19,23935.584307007986
GLO,F26,20,20020.22539971065
GLO,F26,21,20216.9591637774
GLO,F26,22,19855.29139600744
GLO,F26,23,21795.109410247984
GLO,F26,24,19543.11266453551
GLO,F26,25,20838.43466299821
GLO,F26,26,20043.48083616329
GLO,F26,27,21433.75629764767
GLO,F26,28,21038.763054382263
GLO,F26,29,19868.027657479266
GLO,F26,30,19779.888479196707
GLO,F27,1,4052.8921731356645
GLO,F27,2,4231.602058287092
GLO,F27,3,4094.970956364318
GLO,F27,4,4495.593192126546
GLO,F27,5,4142.639938825322
GLO,F27,6,4147.8622323217305
GLO,F27,7,4331.526742717861
GLO,F27,8,4301.810058752813
GLO,F27,9,4251.77646251615
GLO,F27,10,4069.792833395213
GLO,F27,11,4722.652512638611
GLO,F27,12,3976.287792664514
GLO,F27,13,4389.057862352711
GLO,F27,14,4193.372289444909
GLO,F27,15,4455.2274931986685
GLO,F27,16,4143.059559957577
GLO,F27,17,4711.795215577139
GLO,F27,18,4076.9972670221373
GLO,F27,19,4268.194796005657
GLO,F27,20,4371.603234921753
GLO,F27,21,4933.505041097427
GLO,F27,22,3974.5694307849885
GLO,F27,23,3973.527642552962
GLO,F27,24,4305.8897131486865
GLO,F27,25,4108.976474742081
GLO,F27,26,3941.578135043454
GLO,F27,27,4572.864594891041
GLO,F27,28,4242.266920195033
GLO,F27,29,4292.013911234484
GLO,F27,30,4361.639431195803
GLO,F28,1,14354.190953706508
GLO,F28,2,18774.667124119984
GLO,F28,3,13925.742938912163
GLO,F28,4,13967.299142320699
GLO,F28,5,21034.13114349325
GLO,F28,6,17620.999627498924
GLO,F28,7,12308.568265258196
GLO,F28,8,17135.840278082207
GLO,F28,9,16847.902824196448
GLO,F28,10,15321.933408840285
GLO,F28,11,16086.74780330157
GLO,F28,12,11887.629728544576
GLO,F28,13,15181.385320318625
GLO,F28,14,19106.726718518607
GLO,F28,15,19210.805141782588
GLO,F28,16,18853.014098087733
GLO,F28,17,16086.557765818994
GLO,F28,18,18328.11045857905
GLO,F28,19,15799.947617122863
GLO,F28,20,11943.099790206383
GLO,F28,21,16820.721194303813
GLO,F28,22,16726.121403536272
GLO,F28,23,14242.224611254023
GLO,F28,24,14038.710263803287
GLO,F28,25,15266.306196989693
GLO,F28,26,16751.141492177754
GLO,F28,27,22262.34861816747
GLO,F28,28,18830.199442261084
GLO,F28,29,13782.765392766105
GLO,F28,30,14634.468227458796
GLO,F29,1,11661.315514158583
GLO,F29,2,13139.76881308541
GLO,F29,3,11773.552788369518
GLO,F29,4,12193.377618213077
GLO,F29,5,12507.72008879265
GLO,F29,6,12219.043825505969
GLO,F29,7,12387.308608820427
GLO,F29,8,13221.752289425163
GLO,F29,9,13502.695874766674
GLO,F29,10,11567.601858128177
GLO,F29,11,12457.996456235835
GLO,F29,12,11898.49679578723
GLO,F29,13,11391.490837636935
GLO,F29,14,12078.608641927058
GLO,F29,15,11873.73454198394
GLO,F29,16,11052.071239324354
GLO,F29,17,11997.821145785892
GLO,F29,18,12685.21907044321
GLO,F29,19,13605.817507391093
GLO,F29,20,12479.483052504947
GLO,F29,21,12462.086668247071
GLO,F29,22,12050.890330885837
GLO,F29,23,11567.190328039784
GLO,F29,24,12595.233714995195
GLO,F29,25,11740.84464406163
GLO,F29,26,11350.002498401785
GLO,F29,27,12846.58155566146
GLO,F29,28,11379.68604839871
GLO,F29,29,12475.079138261714
GLO,F29,30,10838.718083291558
GLO,F30,1,86379685.02320263
GLO,F30,2,362195465.7889893
GLO,F30,3,224007264.36419335
GLO,F30,4,207877401.2242279
GLO,F30,5,99772907.298455
GLO,F30,6,165458281.52724382
GLO,F30,7,200526051.69489416
GLO,F30,8,118207175.51718146
GLO,F30,9,68280631.86850864
GLO,F30,10,189565698.52395794
GLO,F30,11,223778896.00842422
GLO,F30,12,75329209.24676019
GLO,F30,13,391273912.26471937
GLO,F30,14,131683157.7861273
GLO,F30,15,94323619.89638454
GLO,F30,16,302107351.36361086
GLO,F30,17,199324910.45605466
GLO,F30,18,71432543.34973752
GLO,F30,19,80733329.10554543
GLO,F30,20,352245910.01191986
GLO,F30,21,177973392.5133056
GLO,F30,22,165556490.6745765
GLO,F30,23,96164278.77812429
GLO,F30,24,191586353.11314458
GLO,F30,25,238516197.17253414
GLO,F30,26,165557433.81328362
GLO,F30,27,126706008.32327124
GLO,F30,28,234113039.2105944
GLO,F30,29,286527591.8618188
GLO,F30,30,154789617.8791369
AOO,F1,1,71515122670.69301
AOO,F1,2,81966331120.88882
AOO,F1,3,65626747194.8992
AOO,F1,4,93492698625.51297
AOO,F1,5,76283944394.30223
AOO,F1,6,67055614465.20536
AOO,F1,7,87934031791.46017
AOO,F1,8,91432734538.35997
AOO,F1,9,73795371361.51642
AOO,F1,10,80075168378.40866
AOO,F1,11,72586009580.1809
AOO,F1,12,69117412232.1008
AOO,F1,13,91804997328.33884
AOO,F1,14,77840624384.55371
AOO,F1,15,76778699663.24951
AOO,F1,16,77492752936.63629
AOO,F1,17,75683001757.29753
AOO,F1,18,76587091954.68233
AOO,F1,19,75225574518.2932
AOO,F1,20,88755035744.86855
AOO,F1,21,76875922857.22476
AOO,F1,22,96253344406.1362
AOO,F1,23,83338733870.4564
AOO,F1,24,88577675336.82314
AOO,F1,25,77323268587.22481
AOO,F1,26,78058209928.8292
AOO,F1,27,86094882778.82959
AOO,F1,28,73341406433.76183
AOO,F1,29,90709211296.13821
AOO,F1,30,64924190571.22063
AOO,F3,1,617794.985585899
AOO,F3,2,488301.2769571483
AOO,F3,3,568045.9119717283
AOO,F3,4,542138.0156078084
AOO,F3,5,467702.7942117194
AOO,F3,6,466494.7120172045
AOO,F3,7,564639.8873187744
AOO,F3,8,400627.2686589635
AOO,F3,9,453608.20020557166
AOO,F3,10,480257.99551978626
AOO,F3,11,538340.743447784
AOO,F3,12,502171.8825594964
AOO,F3,13,539747.5389699838
AOO,F3,14,629481.8025532031
AOO,F3,15,618224.0822408155
AOO,F3,16,449899.18992354325
AOO,F3,17,512383.79012152064
AOO,F3,18,506468.02495544794
AOO,F3,19,547150.6102566831
AOO,F3,20,452395.21399585315
AOO,F3,21,486579.01680169237
AOO,F3,22,603059.8775831057
AOO,F3,23,627703.526552448
AOO,F3,24,499726.71529742086
AOO,F3,25,409131.2333613389
AOO,F3,26,546695.3143651743
AOO,F3,27,550733.0149938909
AOO,F3,28,593733.9679813954
AOO,F3,29,515787.6565061773
AOO,F3,30,340470.03902694833
AOO,F4,1,11069.392164744702
AOO,F4,2,10561.92145313467
AOO,F4,3,12687.34746304548
AOO,F4,4,7919.1359670009715
AOO,F4,5,9754.445449736511
AOO,F4,6,7159.7242992762785
AOO,F4,7,11249.397623331424
AOO,F4,8,9264.540756911518
AOO,F4,9,7681.053213497869
AOO,F4,10,10062.92391616538
AOO,F4,11,8669.159819783155
AOO,F4,12,6509.353474417369
AOO,F4,13,8543.463260621687
AOO,F4,14,9942.467693193232
AOO,F4,15,11040.944375058216
AOO,F4,16,9389.624098615484
AOO,F4,17,10836.05726008795
AOO,F4,18,9802.629839668694
AOO,F4,19,11300.223555624849
AOO,F4,20,9270.796097147087
AOO,F4,21,11369.674630012332
AOO,F4,22,12874.92209332633
AOO,F4,23,8220.846360600988
AOO,F4,24,9580.416879045331
AOO,F4,25,9932.15277267155
AOO,F4,26,8998.568525775905
AOO,F4,27,9806.19380847436
AOO,F4,28,10886.38811631531
AOO,F4,29,8495.899171307685
AOO,F4,30,7907.515676915337
AOO,F5,1,1981.516122136854
AOO,F5,2,1905.2815131263403
AOO,F5,3,1916.278951424319
AOO,F5,4,1820.5727296268665
AOO,F5,5,1917.4170684823002
AOO,F5,6,1865.7776402863553
AOO,F5,7,1948.901622316174
AOO,F5,8,1887.1551429135445
AOO,F5,9,1906.5852611394391
AOO,F5,10,1963.1628557739973
AOO,F5,11,1868.0601983495958
AOO,F5,12,1881.8797323251995
AOO,F5,13,1908.7026138516796
AOO,F5,14,2012.8342120055524
AOO,F5,15,1864.7921564563187
AOO,F5,16,1937.8430321760088
AOO,F5,17,1862.7799122626197
AOO,F5,18,1931.388484550119
AOO,F5,19,1771.5279881605063
AOO,F5,20,1990.752969623414
AOO,F5,21,1844.520620654679
AOO,F5,22,1815.1054614408865
AOO,F5,23,1939.8501558189591
AOO,F5,24,1914.2627647020659
AOO,F5,25,1869.514752561247
AOO,F5,26,1948.4693331757403
AOO,F5,27,1907.2768237909931
AOO,F5,28,1837.7759158456051
AOO,F5,29,1866.819768595441
AOO,F5,30,1894.4178595072585
AOO,F6,1,685.4918534174012
AOO,F6,2,706.3100666165731
AOO,F6,3,704.5678282460526
AOO,F6,4,683.1932185133551
AOO,F6,5,688.2095332878107
AOO,F6,6,695.5266914102174
AOO,F6,7,696.5248923056017
AOO,F6,8,703.0677620165559
AOO,F6,9,702.9523795952666
AOO,F6,10,699.0354665884477
AOO,F6,11,704.6609279789773
AOO,F6,12,692.4054854962693
AOO,F6,13,711.6012816325925
AOO,F6,14,694.2933186997284
AOO,F6,15,705.6430065882105
AOO,F6,16,687.8441136283411
AOO,F6,17,697.0666937119307
AOO,F6,18,705.1624464176411
AOO,F6,19,722.4745463881187
AOO,F6,20,712.3163238039364
AOO,F6,21,694.2507826027503
AOO,F6,22,691.3810658898286
AOO,F6,23,685.9017704082099
AOO,F6,24,698.3962787430329
AOO,F6,25,688.7342459158637
AOO,F6,26,702.9411900181082
AOO,F6,27,680.9498053267164
AOO,F6,28,697.8142561428097
AOO,F6,29,676.3340212013014
AOO,F6,30,710.542849977845
AOO,F7,1,3496.768715768315
AOO,F7,2,3217.170806320275
AOO,F7,3,3498.525375095783
AOO,F7,4,3211.014405172883
AOO,F7,5,3499.7580146415207
AOO,F7,6,3275.3990974610842
AOO,F7,7,3664.614557811051
AOO,F7,8,3636.221658699826
AOO,F7,9,4059.939427353791
AOO,F7,10,3662.8401832780805
AOO,F7,11,3359.4090759758055
AOO,F7,12,3313.8894329762447
AOO,F7,13,3805.520738617717
AOO,F7,14,3684.5031264665313
AOO,F7,15,3610.7392312747934
AOO,F7,16,3633.4430473850944
AOO,F7,17,3549.4781528911494
AOO,F7,18,3857.2726079111194
AOO,F7,19,3366.7907519202354
AOO,F7,20,3500.110542166719
AOO,F7,21,3252.611119327767
AOO,F7,22,3268.5244108343645
AOO,F7,23,3469.733374187914
AOO,F7,24,3428.2810955653886
AOO,F7,25,3422.741140198135
AOO,F7,26,3697.832409713566
AOO,F7,27,3487.583881702486
AOO,F7,28,3587.704924783609
AOO,F7,29,3541.758626771596
AOO,F7,30,3371.723804916589
AOO,F8,1,2239.1986744103124
AOO,F8,2,2242.347968125553
AOO,F8,3,2370.9354904106885
AOO,F8,4,2116.6378547083405
AOO,F8,5,2390.2134149704034
AOO,F8,6,2174.004664290354
AOO,F8,7,2195.786432157884
AOO,F8,8,2272.1886989717914
AOO,F8,9,2470.620386544805
AOO,F8,10,2251.0862336824957
AOO,F8,11,2119.34421301605
AOO,F8,12,2205.821178505128
AOO,F8,13,2271.6919493851547
AOO,F8,14,2233.082757094254
AOO,F8,15,2254.5377450257365
AOO,F8,16,2177.552107745123
AOO,F8,17,2273.910010237061
AOO,F8,18,2059.8308571508715
AOO,F8,19,2112.589464131221
AOO,F8,20,2220.1845125041964
AOO,F8,21,2166.257404386895
AOO,F8,22,2237.0213454894083
AOO,F8,23,2208.8894036797187
AOO,F8,24,2115.160783942722
AOO,F8,25,2106.5073121628902
AOO,F8,26,2277.321375815337
AOO,F8,27,2182.496151383323
AOO,F8,28,2131.5550237449943
AOO,F8,29,2289.241512195328
AOO,F8,30,2273.57065056335
AOO,F9,1,74149.5391431006
AOO,F9,2,64017.05147169963
AOO,F9,3,64860.00372073604
AOO,F9,4,87801.6986410822
AOO,F9,5,66672.85866776422
AOO,F9,6,68906.77785146852
AOO,F9,7,107960.9054711165
AOO,F9,8,90945.6906349365
AOO,F9,9,99402.69437955844
AOO,F9,10,97981.3273465768
AOO,F9,11,73574.46453501782
AOO,F9,12,68050.7033556466
AOO,F9,13,89914.69826009609
AOO,F9,14,104883.63865036341
AOO,F9,15,64499.91923395318
AOO,F9,16,82482.94741665921
AOO,F9,17,59218.60601352181
AOO,F9,18,81547.77921004528
AOO,F9,19,69807.05629914349
AOO,F9,20,91600.43730086535
AOO,F9,21,84299.124352756
AOO,F9,22,76808.357660097
AOO,F9,23,81676.40526780758
AOO,F9,24,68775.15382385497
AOO,F9,25,76473.6743784144
AOO,F9,26,76497.32487778118
AOO,F9,27,85781.09380114517
AOO,F9,28,100862.88947087349
AOO,F9,29,89399.32102174949
AOO,F9,30,79481.48171395433
AOO,F10,1,32846.08798547796
AOO,F10,2,32726.39875305717
AOO,F10,3,31025.901149237267
AOO,F10,4,32765.710918487403
AOO,F10,5,32529.09339910963
AOO,F10,6,33062.78463246254
AOO,F10,7,31694.84695758055
AOO,F10,8,32470.293447220072
AOO,F10,9,32377.17695437964
AOO,F10,10,33242.177537822616
AOO,F10,11,33023.02403649577
AOO,F10,12,31785.35612806081
AOO,F10,13,32812.25058401116
AOO,F10,14,32283.52297857627
AOO,F10,15,32163.98939487014
AOO,F10,16,32649.63564487509
AOO,F10,17,32720.49878998389
AOO,F10,18,32392.188255093355
AOO,F10,19,32070.849085639464
AOO,F10,20,32736.54359733542
AOO,F10,21,31193.233763958215
AOO,F10,22,32537.894024945774
AOO,F10,23,32939.16718896847
AOO,F10,24,33176.290984593914
AOO,F10,25,32118.641675171108
AOO,F10,26,31345.468203603916
AOO,F10,27,33254.95200717397
AOO,F10,28,31057.98797857835
AOO,F10,29,32139.284337951427
AOO,F10,30,31856.64654975973
AOO,F11,1,69789.60043617724
AOO,F11,2,76356.46018746396
AOO,F11,3,97251.91020982826
AOO,F11,4,63324.13292466697
AOO,F11,5,73609.3867894078
AOO,F11,6,65603.53805942631
AOO,F11,7,65369.54303782564
AOO,F11,8,70046.88522924372
AOO,F11,9,86811.38858669419
AOO,F11,10,70104.68547742053
AOO,F11,11,81383.3662676332
AOO,F11,12,85061.26515158011
AOO,F11,13,91366.13692919635
AOO,F11,14,67473.93224568099
AOO,F11,15,72662.8871402864
AOO,F11,16,81069.96737832385
AOO,F11,17,74359.43734031866
AOO,F11,18,85565.74999261594
AOO,F11,19,79889.91447482647
AOO,F11,20,79793.79033061906
AOO,F11,21,82179.90476363763
AOO,F11,22,85755.54638931976
AOO,F11,23,60751.30629491145
AOO,F11,24,69895.92295506559
AOO,F11,25,107235.93308105679
AOO,F11,26,66858.94751368515
AOO,F11,27,57859.381628502895
AOO,F11,28,87143.10227591763
AOO,F11,29,61357.674205079114
AOO,F11,30,68802.707192531
AOO,F12,1,24389715490.436134
AOO,F12,2,19873368549.062428
AOO,F12,3,17580114006.44479
AOO,F12,4,20609772717.13156
AOO,F12,5,21741207526.578293
AOO,F12,6,17893324716.80554
AOO,F12,7,19148526161.91514
AOO,F12,8,21186230968.49066
AOO,F12,9,25957349008.453262
AOO,F12,10,23487468251.5485
AOO,F12,11,21668810157.20807
AOO,F12,12,20408753754.703403
AOO,F12,13,21669300488.30625
AOO,F12,14,20215873195.961704
AOO,F12,15,22486107558.569412
AOO,F12,16,23409826226.99511
AOO,F12,17,19612961093.7021
AOO,F12,18,21454902640.991676
AOO,F12,19,24500757092.729744
AOO,F12,20,20362367433.639454
AOO,F12,21,19387019297.007473
AOO,F12,22,23523314967.24832
AOO,F12,23,22873773024.776314
AOO,F12,24,18277720766.039867
AOO,F12,25,22776238307.602848
AOO,F12,26,22565944138.173046
AOO,F12,27,21104002633.95867
AOO,F12,28,25882847676.103073
AOO,F12,29,22163994378.193085
AOO,F12,30,14897455913.103039
AOO,F13,1,3489966987.040737
AOO,F13,2,3281854621.2787514
AOO,F13,3,3450100496.938597
AOO,F13,4,3770666650.457392
AOO,F13,5,3298374149.6430874
AOO,F13,6,4255936998.9339037
AOO,F13,7,2719184735.4650335
AOO,F13,8,3286219436.1509023
AOO,F13,9,3926177416.949488
AOO,F13,10,3698569711.437393
AOO,F13,11,3750089523.350964
AOO,F13,12,3262682476.1973267
AOO,F13,13,3082780957.363166
AOO,F13,14,4350230006.531443
AOO,F13,15,2570219502.5892797
AOO,F13,16,4323195789.033632
AOO,F13,17,2922557159.2235637
AOO,F13,18,4118923076.194954
AOO,F13,19,2852105061.5531874
AOO,F13,20,3890626916.7194734
AOO,F13,21,3679322192.9370203
AOO,F13,22,3953882623.5290747
AOO,F13,23,3741958815.7615047
AOO,F13,24,3799726339.2741184
AOO,F13,25,4172888022.455064
AOO,F13,26,4026555304.403211
AOO,F13,27,4115004795.404937
AOO,F13,28,3279235935.9890437
AOO,F13,29,3554887420.7496424
AOO,F13,30,2399349227.0706444
AOO,F14,1,13990121.823085103
AOO,F14,2,27009795.262653124
AOO,F14,3,29915338.52193584
AOO,F14,4,21129075.832335364
AOO,F14,5,25588446.982791517
AOO,F14,6,10037394.341421
AOO,F14,7,19403642.779700886
AOO,F14,8,20906362.99735344
AOO,F14,9,28957861.9395987
AOO,F14,10,17614220.897375975
AOO,F14,11,34423348.32620439
AOO,F14,12,16323291.874192644
AOO,F14,13,22513447.61737713
AOO,F14,14,47463312.11398157
AOO,F14,15,30005264.591260053
AOO,F14,16,23523925.696744435
AOO,F14,17,37213350.45198065
AOO,F14,18,20210795.11072731
AOO,F14,19,36128451.81044287
AOO,F14,20,19934209.96041889
AOO,F14,21,31440463.215058923
AOO,F14,22,27760065.575798195
AOO,F14,23,34973303.24332583
AOO,F14,24,19762986.614456248
AOO,F14,25,31190256.344311245
AOO,F14,26,21994642.627337012
AOO,F14,27,23150962.99676732
AOO,F14,28,26869356.7956946
AOO,F14,29,20630433.25070159
AOO,F14,30,21869891.52236849
AOO,F15,1,1375747002.3445747
AOO,F15,2,1856578704.3692503
AOO,F15,3,1832522352.2604635
AOO,F15,4,1521384341.9996748
AOO,F15,5,1686892512.9942844
AOO,F15,6,1505992332.3526142
AOO,F15,7,1136963778.8120937
AOO,F15,8,1753943681.2035122
AOO,F15,9,1547599984.317358
AOO,F15,10,1677678925.7205331
AOO,F15,11,1698181466.554148
AOO,F15,12,1533494783.2977302
AOO,F15,13,1217159758.033509
AOO,F15,14,1394845678.70809
AOO,F15,15,1481213500.7627525
AOO,F15,16,1412110925.0514007
AOO,F15,17,1136312864.8983908
AOO,F15,18,1272420708.1742134
AOO,F15,19,1124290914.7006054
AOO,F15,20,1595975169.9085143
AOO,F15,21,1417420781.5631576
AOO,F15,22,1676918614.6629777
AOO,F15,23,1178931869.9718945
AOO,F15,24,1691790880.9984438
AOO,F15,25,1246637727.202995
AOO,F15,26,1506228047.97708
AOO,F15,27,1816791896.9883647
AOO,F15,28,1617698541.1793852
AOO,F15,29,1455633203.1596239
AOO,F15,30,986627471.6528212
AOO,F16,1,12625.285744516466
AOO,F16,2,11880.765517984946
AOO,F16,3,12669.00230329541
AOO,F16,4,11906.909372691585
AOO,F16,5,12556.340614326886
AOO,F16,6,12470.62166728843
AOO,F16,7,11915.775885343139
AOO,F16,8,12789.660679117613
AOO,F16,9,13015.360078784212
AOO,F16,10,12515.152642365178
AOO,F16,11,11389.40147566852
AOO,F16,12,12987.954790596883
AOO,F16,13,12216.896689190831
AOO,F16,14,11840.375361863613
AOO,F16,15,13038.111785568877
AOO,F16,16,11834.9428369458
AOO,F16,17,12583.375537927823
AOO,F16,18,11559.67022902213
AOO,F16,19,11674.055969071804
AOO,F16,20,11573.623892880156
AOO,F16,21,13090.605100689252
AOO,F16,22,12929.846435754975
AOO,F16,23,11705.497195283053
AOO,F16,24,11752.310494756151
AOO,F16,25,13005.599107735667
AOO,F16,26,11492.884383568502
AOO,F16,27,11883.864526313666
AOO,F16,28,11965.730454479617
AOO,F16,29,13103.40298658868
AOO,F16,30,12873.11986373779
AOO,F17,1,8348.688552936765
AOO,F17,2,8958.619300376351
AOO,F17,3,9415.963279885418
AOO,F17,4,9793.957861841278
AOO,F17,5,9302.883294633913
AOO,F17,6,9366.518299147783
AOO,F17,7,8886.433720885314
AOO,F17,8,9578.465708770507
AOO,F17,9,9693.762252903616
AOO,F17,10,10450.413300090651
AOO,F17,11,10773.890024655906
AOO,F17,12,9381.32032473642
AOO,F17,13,8876.438336387098
AOO,F17,14,9897.873666963285
AOO,F17,15,9535.66818102189
AOO,F17,16,11087.230991878365
AOO,F17,17,9780.350578675441
AOO,F17,18,9463.459030307704
AOO,F17,19,9323.481457288952
AOO,F17,20,9954.99109664209
AOO,F17,21,9458.496137452348
AOO,F17,22,9414.358343546504
AOO,F17,23,9080.198284699578
AOO,F17,24,9343.91302648296
AOO,F17,25,8463.595633441086
AOO,F17,26,9883.213536044008
AOO,F17,27,9517.63908894973
AOO,F17,28,10585.274855179667
AOO,F17,29,10280.222289307178
AOO,F17,30,10251.848847180401
AOO,F18,1,50503259.22281486
AOO,F18,2,39083237.21681098
AOO,F18,3,30871868.731942683
AOO,F18,4,38110141.26359254
AOO,F18,5,31789670.27080302
AOO,F18,6,52117036.67854877
AOO,F18,7,42960711.759746596
AOO,F18,8,38371167.84743913
AOO,F18,9,38076184.183877796
AOO,F18,10,65875965.58853503
AOO,F18,11,40827568.44547532
AOO,F18,12,48992203.44476345
AOO,F18,13,39362862.84784071
AOO,F18,14,37110929.64966646
AOO,F18,15,40780038.12848397
AOO,F18,16,52223354.33882906
AOO,F18,17,48597535.909304135
AOO,F18,18,41881229.571098894
AOO,F18,19,44549769.992938675
AOO,F18,20,27065102.769337002
AOO,F18,21,65983002.35637897
AOO,F18,22,29866334.603902616
AOO,F18,23,29703517.38630087
AOO,F18,24,31967499.053623684
AOO,F18,25,27186623.82328706
AOO,F18,26,42886780.11723297
AOO,F18,27,52785704.06893684
AOO,F18,28,37381543.20353525
AOO,F18,29,30785492.442312177
AOO,F18,30,55856985.793824
AOO,F19,1,1224975055.9014332
AOO,F19,2,1666621197.966696
AOO,F19,3,1537270711.3860219
AOO,F19,4,1884001785.727002
AOO,F19,5,1281635438.1107008
AOO,F19,6,1371250528.1130934
AOO,F19,7,1658899394.6378448
AOO,F19,8,1677253490.9681623
AOO,F19,9,1352081704.4940686
AOO,F19,10,1736523474.5205996
AOO,F19,11,1642860167.1937282
AOO,F19,12,966370917.0930498
AOO,F19,13,1379787314.4883087
AOO,F19,14,1492408207.7286196
AOO,F19,15,1372138287.6404045
AOO,F19,16,1284105268.2464406
AOO,F19,17,1825237102.5768635
AOO,F19,18,1060930533.2223208
AOO,F19,19,1344659448.701863
AOO,F19,20,1080514970.6584327
AOO,F19,21,1694187380.6533396
AOO,F19,22,1714993928.554785
AOO,F19,23,1519252886.668798
AOO,F19,24,1589676719.5702252
AOO,F19,25,972680435.0250715
AOO,F19,26,1758432776.329995
AOO,F19,27,1124585894.9735363
AOO,F19,28,1254346725.819775
AOO,F19,29,1491939924.277331
AOO,F19,30,1333480077.4231231
AOO,F20,1,7966.443037544637
AOO,F20,2,8216.374032252563
AOO,F20,3,8578.411245467945
AOO,F20,4,8248.787268814125
AOO,F20,5,7814.119955878808
AOO,F20,6,8358.110404451427
AOO,F20,7,7310.125931786456
AOO,F20,8,8287.233554843438
AOO,F20,9,8021.482855103972
AOO,F20,10,7771.649309319327
AOO,F20,11,6938.540048711728
AOO,F20,12,7147.391992875845
AOO,F20,13,7666.102780359322
AOO,F20,14,7663.01384393981
AOO,F20,15,7912.913132279695
AOO,F20,16,8039.294605514367
AOO,F20,17,8107.432594441093
AOO,F20,18,7849.057765835927
AOO,F20,19,8112.986742779144
AOO,F20,20,6708.1609573994
AOO,F20,21,7700.892994504547
AOO,F20,22,6608.900390677536
AOO,F20,23,7965.909592607047
AOO,F20,24,7636.605954869733
AOO,F20,25,7463.819169985876
AOO,F20,26,7497.400209206344
AOO,F20,27,8128.5807120449
AOO,F20,28,8100.197474960968
AOO,F20,29,7721.957484027037
AOO,F20,30,7444.239656248515
AOO,F21,1,3793.1374502669896
AOO,F21,2,3679.7962310313033
AOO,F21,3,3749.6200639033505
AOO,F21,4,3845.8127347949567
AOO,F21,5,3867.3814932974055
AOO,F21,6,3637.522999239669
AOO,F21,7,3787.054666895979
AOO,F21,8,3788.8007481669974
AOO,F21,9,3787.4177159796504
AOO,F21,10,3714.7238580124695
AOO,F21,11,3634.260947568112
AOO,F21,12,3713.1528187616896
AOO,F21,13,3822.780035233908
AOO,F21,14,3633.6620815959513
AOO,F21,15,3733.600562222613
AOO,F21,16,3628.071993086259
AOO,F21,17,3662.143069081016
AOO,F21,18,3686.1790131298785
AOO,F21,19,3712.1569445519453
AOO,F21,20,3667.630719616129
AOO,F21,21,3789.77289650714
AOO,F21,22,3663.8249061124366
AOO,F21,23,3777.507166570305
AOO,F21,24,3843.3444128401907
AOO,F21,25,3803.667426068493
AOO,F21,26,3775.64984257953
AOO,F21,27,3721.392872188756
AOO,F21,28,3796.497961242776
AOO,F21,29,3856.7911278828883
AOO,F21,30,3690.2889560104795
AOO,F22,1,35075.83441859227
AOO,F22,2,33373.728057655586
AOO,F22,3,34042.77112632617
AOO,F22,4,34802.35871337788
AOO,F22,5,35497.410394247265
AOO,F22,6,35748.025835231725
AOO,F22,7,34460.570509074925
AOO,F22,8,35271.77904646168
AOO,F22,9,34335.9013854745
AOO,F22,10,35908.69941341709
AOO,F22,11,35605.45616827946
AOO,F22,12,34924.24219244099
AOO,F22,13,34338.19904520316
AOO,F22,14,35068.21962968795
AOO,F22,15,34708.25982829876
AOO,F22,16,35006.42482643766
AOO,F22,17,34467.507475598344
AOO,F22,18,9264.601445896773
AOO,F22,19,35086.49692972226
AOO,F22,20,34989.696550664565
AOO,F22,21,35528.26156479596
AOO,F22,22,34387.777578831265
AOO,F22,23,35065.16421488926
AOO,F22,24,34812.201419894365
AOO,F22,25,34951.16955860975
AOO,F22,26,35356.833520100525
AOO,F22,27,35454.07831151436
AOO,F22,28,34200.5474917721
AOO,F22,29,35579.63778845433
AOO,F22,30,34537.314910389316
AOO,F23,1,4321.359491780098
AOO,F23,2,4239.735698220811
AOO,F23,3,4415.569331633722
AOO,F23,4,4452.274703058442
AOO,F23,5,4316.467366425846
AOO,F23,6,4239.782497936
AOO,F23,7,4299.452229668992
AOO,F23,8,4425.132110425768
AOO,F23,9,4544.684616951436
AOO,F23,10,4426.662494700724
AOO,F23,11,4294.675118210338
AOO,F23,12,4449.813878470379
AOO,F23,13,4324.7296134103035
AOO,F23,14,4382.911922788647
AOO,F23,15,4233.717989647181
AOO,F23,16,4353.0866746821775
AOO,F23,17,4254.71030831202
AOO,F23,18,4309.7980928062625
AOO,F23,19,4207.830290407539
AOO,F23,20,4230.601668954631
AOO,F23,21,4438.837727686204
AOO,F23,22,4711.562077085912
AOO,F23,23,4459.115513148165
AOO,F23,24,4337.467099406798
AOO,F23,25,4235.478498961523
AOO,F23,26,4357.516098908202
AOO,F23,27,4347.878512685664
AOO,F23,28,4289.447176860554
AOO,F23,29,4182.494263155266
AOO,F23,30,4313.337878600244
AOO,F24,1,4661.072686348684
AOO,F24,2,5231.2432482141585
AOO,F24,3,4906.105747352688
AOO,F24,4,4608.812312916689
AOO,F24,5,5095.670701974856
AOO,F24,6,4952.129085407402
AOO,F24,7,4805.429679632414
AOO,F24,8,4923.976363382362
AOO,F24,9,4762.80820861001
AOO,F24,10,4968.881903384581
AOO,F24,11,4836.793399098204
AOO,F24,12,5082.61964723619
AOO,F24,13,4732.418917131417
AOO,F24,14,4984.023033031876
AOO,F24,15,4846.572482739355
AOO,F24,16,4816.900289664526
AOO,F24,17,4988.821795137784
AOO,F24,18,4865.152003176943
AOO,F24,19,4995.066623536395
AOO,F24,20,4718.013332798502
AOO,F24,21,4803.182357055256
AOO,F24,22,5030.930299279972
AOO,F24,23,4793.990412164483
AOO,F24,24,4682.637368574652
AOO,F24,25,4810.4455820977155
AOO,F24,26,4654.264902984237
AOO,F24,27,4837.224742783081
AOO,F24,28,4931.306102289707
AOO,F24,29,4848.610445387498
AOO,F24,30,4833.0037661785445
AOO,F25,1,11120.844406578786
AOO,F25,2,13096.633081785654
AOO,F25,3,12921.273847096754
AOO,F25,4,11392.010688872702
AOO,F25,5,10304.695566461489
AOO,F25,6,12421.416291123414
AOO,F25,7,12387.69697826464
AOO,F25,8,11292.678125642873
AOO,F25,9,12388.821510552496
AOO,F25,10,13381.579509768275
AOO,F25,11,12364.633000040682
AOO,F25,12,10923.037472361035
AOO,F25,13,10885.949321057115
AOO,F25,14,10300.819066155811
AOO,F25,15,10849.381756703488
AOO,F25,16,11580.102969131018
AOO,F25,17,8873.728866508176
AOO,F25,18,14253.545401223215
AOO,F25,19,9507.244478418736
AOO,F25,20,11979.024259042777
AOO,F25,21,10886.243427556494
AOO,F25,22,9863.778828451721
AOO,F25,23,12981.922833230443
AOO,F25,24,12999.113128920415
AOO,F25,25,10400.659384322775
AOO,F25,26,11071.866105274232
AOO,F25,27,12411.176901919682
AOO,F25,28,10851.522142292082
AOO,F25,29,11821.067111923834
AOO,F25,30,11579.206451634966
AOO,F26,1,23235.35394897936
AOO,F26,2,23779.403732562474
AOO,F26,3,22292.813439226647
AOO,F26,4,23152.27064466056
AOO,F26,5,22156.820634498483
AOO,F26,6,23326.31232500739
AOO,F26,7,23084.836878197853
AOO,F26,8,16134.528001889164
AOO,F26,9,21526.992685684232
AOO,F26,10,23066.280417737747
AOO,F26,11,23509.162837959095
AOO,F26,12,21333.916645615678
AOO,F26,13,22579.508648388994
AOO,F26,14,16485.66915936657
AOO,F26,15,24503.836453982167
AOO,F26,16,19866.13905727476
AOO,F26,17,21214.090614242214
AOO,F26,18,21297.666393685402
AOO,F26,19,17084.510926018836
AOO,F26,20,20247.015504262927
AOO,F26,21,20608.645748035033
AOO,F26,22,22483.810246630455
AOO,F26,23,21168.336758447636
AOO,F26,24,25391.33930837055
AOO,F26,25,20856.23974039853
AOO,F26,26,25395.624518845507
AOO,F26,27,20952.718279948
AOO,F26,28,21040.661669302073
AOO,F26,29,24524.111411533533
AOO,F26,30,20771.959820618908
AOO,F27,1,4421.480914504601
AOO,F27,2,4793.693806155439
AOO,F27,3,4405.245677082368
AOO,F27,4,4621.500339602827
AOO,F27,5,4673.207718094904
AOO,F27,6,4689.305871238912
AOO,F27,7,4883.1723466780295
AOO,F27,8,4659.671629186356
AOO,F27,9,4814.134595856314
AOO,F27,10,4424.788499825355
AOO,F27,11,4411.721398898033
AOO,F27,12,4730.451509334029
AOO,F27,13,4790.860238171488
AOO,F27,14,4661.837793633483
AOO,F27,15,4507.943128299398
AOO,F27,16,4519.354688840425
AOO,F27,17,4238.833789471434
AOO,F27,18,4631.666948022168
AOO,F27,19,4751.079679293114
AOO,F27,20,4572.247662426717
AOO,F27,21,4601.333791000123
AOO,F27,22,4620.690585618118
AOO,F27,23,4705.909618737042
AOO,F27,24,4757.452965873501
AOO,F27,25,4727.262510547243
AOO,F27,26,4199.761730334843
AOO,F27,27,4625.96265632123
AOO,F27,28,4822.2386190390425
AOO,F27,29,4602.755698705578
AOO,F27,30,5350.974715840952
AOO,F28,1,8761.835526489245
AOO,F28,2,11625.299779022434
AOO,F28,3,9988.719179717493
AOO,F28,4,8729.403096358757
AOO,F28,5,10941.634912374771
AOO,F28,6,10041.079239886896
AOO,F28,7,11137.798094462447
AOO,F28,8,9895.866340212582
AOO,F28,9,11772.44713606192
AOO,F28,10,10649.550059257403
AOO,F28,11,10595.315537330087
AOO,F28,12,10951.689816284992
AOO,F28,13,11720.091829243906
AOO,F28,14,10920.679913961205
AOO,F28,15,8416.084269891853
AOO,F28,16,10365.134143998306
AOO,F28,17,10194.190990944144
AOO,F28,18,12090.11874730131
AOO,F28,19,12659.899465271128
AOO,F28,20,9568.776064808884
AOO,F28,21,9571.67480223388
AOO,F28,22,10617.436960853192
AOO,F28,23,10351.425878084472
AOO,F28,24,11919.305747614353
AOO,F28,25,10309.37056722767
AOO,F28,26,11894.038923822272
AOO,F28,27,11237.200959535137
AOO,F28,28,8867.401661956214
AOO,F28,29,9474.983335182518
AOO,F28,30,11722.871300107958
AOO,F29,1,14055.630285860996
AOO,F29,2,12463.597999225709
AOO,F29,3,14185.272852644233
AOO,F29,4,13867.264204395977
AOO,F29,5,13444.705006859318
AOO,F29,6,12523.261196088271
AOO,F29,7,14464.257544604694
AOO,F29,8,13648.72035603135
AOO,F29,9,14141.061978611298
AOO,F29,10,13881.270933586788
AOO,F29,11,13198.425949266737
AOO,F29,12,13138.23263774071
AOO,F29,13,11838.028697141799
AOO,F29,14,12666.042844123553
AOO,F29,15,14675.328952776392
AOO,F29,16,12314.645514857524
AOO,F29,17,14380.526244938475
AOO,F29,18,15148.316769565077
AOO,F29,19,12935.097439894309
AOO,F29,20,13133.195577284281
AOO,F29,21,13203.5483664945
AOO,F29,22,13220.440813829804
AOO,F29,23,12374.726000574332
AOO,F29,24,14768.811112396434
AOO,F29,25,13746.607869233954
AOO,F29,26,15558.42928901676
AOO,F29,27,14350.157789534664
AOO,F29,28,13718.201396244986
AOO,F29,29,15184.99392121256
AOO,F29,30,13978.300197960503
AOO,F30,1,2806996499.056008
AOO,F30,2,2548291976.7667155
AOO,F30,3,2485588266.5437193
AOO,F30,4,2895262120.5765333
AOO,F30,5,2145160317.0872917
AOO,F30,6,3048667713.774685
AOO,F30,7,3252547980.0782332
AOO,F30,8,2785870534.6346025
AOO,F30,9,2043502775.094571
AOO,F30,10,2803920069.4682965
AOO,F30,11,2866342715.148325
AOO,F30,12,2513127618.4175243
AOO,F30,13,4227609124.8192406
AOO,F30,14,2016715835.759534
AOO,F30,15,2931318225.520703
AOO,F30,16,2940386695.50688
AOO,F30,17,2266704885.454455
AOO,F30,18,3038383197.275947
AOO,F30,19,2176010657.2929935
AOO,F30,20,2405755263.13987
AOO,F30,21,2751210853.793229
AOO,F30,22,2377556852.868996
AOO,F30,23,2017081572.337378
AOO,F30,24,2860924889.732972
AOO,F30,25,4055338490.2004585
AOO,F30,26,2968381339.5292535
AOO,F30,27,3110803101.3724217
AOO,F30,28,2056712078.4593003
AOO,F30,29,2497339522.894948
AOO,F30,30,2918597943.1685295
BKA,F1,1,124533828007.9497
BKA,F1,2,137219055876.54193
BKA,F1,3,135243012975.72325
BKA,F1,4,241597072094.52725
BKA,F1,5,131150735025.91197
BKA,F1,6,157562402423.12537
BKA,F1,7,108151659498.31233
BKA,F1,8,149930646462.77307
BKA,F1,9,148628026996.80872
BKA,F1,10,143189176565.13608
BKA,F1,11,117745039911.80309
BKA,F1,12,118049807519.94339
BKA,F1,13,122110260738.61476
BKA,F1,14,142371903743.27386
BKA,F1,15,130627824603.86787
BKA,F1,16,140044257826.7971
BKA,F1,17,125397001760.37047
BKA,F1,18,137541886827.18338
BKA,F1,19,156932883121.3069
BKA,F1,20,122512980919.74036
BKA,F1,21,146278271392.39862
BKA,F1,22,152947411517.27783
BKA,F1,23,150239492510.22852
BKA,F1,24,254157828577.41898
BKA,F1,25,168497677189.20337
BKA,F1,26,124327759719.23665
BKA,F1,27,138908108231.16803
BKA,F1,28,159456129249.82718
BKA,F1,29,135657495089.26393
BKA,F1,30,102036162091.0205
BKA,F3,1,212300.72793682173
BKA,F3,2,242339.10372795977
BKA,F3,3,287878.33828845475
BKA,F3,4,379880.97285062325
BKA,F3,5,275372.8191214927
BKA,F3,6,272046.88158599084
BKA,F3,7,246197.09283873343
BKA,F3,8,283450.60610153724
BKA,F3,9,240445.43502095004
BKA,F3,10,284522.08945190936
BKA,F3,11,270916.2750779457
BKA,F3,12,309591.99377168063
BKA,F3,13,266527.2228604822
BKA,F3,14,264380.71194302203
BKA,F3,15,271850.9634682463
BKA,F3,16,230535.78624931825
BKA,F3,17,262511.39099754137
BKA,F3,18,286830.4186039731
BKA,F3,19,245179.76948868542
BKA,F3,20,266903.5274419665
BKA,F3,21,261676.70843520857
BKA,F3,22,272279.1997689641
BKA,F3,23,272737.15255064075
BKA,F3,24,449541.8915671983
BKA,F3,25,295894.5598858163
BKA,F3,26,265984.58176176547
BKA,F3,27,304167.71540039877
BKA,F3,28,259653.65959333972
BKA,F3,29,247992.58273720546
BKA,F3,30,269617.46591487864
BKA,F4,1,15636.681952867686
BKA,F4,2,22341.7163274619
BKA,F4,3,19580.49914182767
BKA,F4,4,75415.46150734369
BKA,F4,5,20420.775570188434
BKA,F4,6,30220.244841759566
BKA,F4,7,18254.139129709587
BKA,F4,8,20704.172442528947
BKA,F4,9,12338.322386107173
BKA,F4,10,23729.668755541465
BKA,F4,11,21775.115625158458
BKA,F4,12,17673.58381831362
BKA,F4,13,28804.11651491478
BKA,F4,14,20471.512761681664
BKA,F4,15,22050.185108572612
BKA,F4,16,20766.228405117767
BKA,F4,17,26653.437477322124
BKA,F4,18,23713.753864288876
BKA,F4,19,23166.843132110625
BKA,F4,20,19467.3977122663
BKA,F4,21,18987.86776054137
BKA,F4,22,12602.572400944651
BKA,F4,23,24418.141072347084
BKA,F4,24,70257.38700129998
BKA,F4,25,16493.05192903411
BKA,F4,26,30668.2086540611
BKA,F4,27,30941.478903118074
BKA,F4,28,18319.381288078075
BKA,F4,29,18685.77865046796
BKA,F4,30,22961.892791380473
BKA,F5,1,1448.3730966918015
BKA,F5,2,1554.3814237349352
BKA,F5,3,1483.5937720282275
BKA,F5,4,1968.9465530963378
BKA,F5,5,1470.388058669161
BKA,F5,6,1575.6680167010188
BKA,F5,7,1435.0549327840315
BKA,F5,8,1388.3565911395763
BKA,F5,9,1530.2512486988642
BKA,F5,10,1576.4545209833236
BKA,F5,11,1410.5757132036026
BKA,F5,12,1470.3497493097107
BKA,F5,13,1610.3727709806362
BKA,F5,14,1496.6433163861516
BKA,F5,15,1566.1718496527888
BKA,F5,16,1452.1582996861064
BKA,F5,17,1636.27302754068
BKA,F5,18,1473.917046208398
BKA,F5,19,1543.1136582865615
BKA,F5,20,1558.0469412369955
BKA,F5,21,1489.3308439383086
BKA,F5,22,1556.0620411038647
BKA,F5,23,1504.403060321496
BKA,F5,24,2109.1138365576758
BKA,F5,25,1654.5139935621025
BKA,F5,26,1472.1305210966927
BKA,F5,27,1544.9921505649966
BKA,F5,28,1493.7644762201571
BKA,F5,29,1461.489606364043
BKA,F5,30,1482.0910422309205
BKA,F6,1,677.4079539104912
BKA,F6,2,674.165448717594
BKA,F6,3,674.7118914906746
BKA,F6,4,701.0288731350403
BKA,F6,5,678.5252691837238
BKA,F6,6,670.3014301738523
BKA,F6,7,680.0726168559339
BKA,F6,8,674.9039068752285
BKA,F6,9,675.8508124728966
BKA,F6,10,681.1770224256809
BKA,F6,11,682.3518047158049
BKA,F6,12,680.8835060179517
BKA,F6,13,678.388924392111
BKA,F6,14,677.5884029398226
BKA,F6,15,680.2029482536418
BKA,F6,16,673.5475206365813
BKA,F6,17,676.3549262167787
BKA,F6,18,679.4883361968491
BKA,F6,19,684.1219041988413
BKA,F6,20,675.8200716491899
BKA,F6,21,676.6553878179752
BKA,F6,22,678.2241522371386
BKA,F6,23,681.0697783524115
BKA,F6,24,703.7647270014011
BKA,F6,25,686.2848669174662
BKA,F6,26,681.9989861818768
BKA,F6,27,683.4834643691622
BKA,F6,28,679.9884676109942
BKA,F6,29,675.0307297685652
BKA,F6,30,680.3684049107878
BKA,F7,1,3426.4783605456755
BKA,F7,2,3279.6561732739124
BKA,F7,3,3407.762436428502
BKA,F7,4,3676.8058009091924
BKA,F7,5,3303.612075927993
BKA,F7,6,3287.2609763936052
BKA,F7,7,3206.0805920294197
BKA,F7,8,3449.384214556647
BKA,F7,9,3415.1389322219575
BKA,F7,10,3376.982580077438
BKA,F7,11,3362.9290751383614
BKA,F7,12,3372.2648961027353
BKA,F7,13,3386.1994385925777
BKA,F7,14,3563.469981296952
BKA,F7,15,3209.767546936632
BKA,F7,16,3457.3439499987994
BKA,F7,17,3347.9066661548673
BKA,F7,18,3346.9767826322222
BKA,F7,19,3486.892182816156
BKA,F7,20,3425.2441554633674
BKA,F7,21,3354.800149595671
BKA,F7,22,3411.588679569873
BKA,F7,23,3276.795155151325
BKA,F7,24,3919.7026939989305
BKA,F7,25,3321.0602861673683
BKA,F7,26,3440.3643258006023
BKA,F7,27,3030.9458156420023
BKA,F7,28,3347.4827566969243
BKA,F7,29,3488.96826618782
BKA,F7,30,3321.5813534019458
BKA,F8,1,1907.8984066039284
BKA,F8,2,1967.160078773873
BKA,F8,3,1991.2066967941664
BKA,F8,4,2500.728834046682
BKA,F8,5,2102.5628933880253
BKA,F8,6,1997.4815396261781
BKA,F8,7,1818.2940246404228
BKA,F8,8,1796.0869635017257
BKA,F8,9,2079.326559940263
BKA,F8,10,1940.226233981199
BKA,F8,11,1976.4811877495604
BKA,F8,12,1959.5897899222125
BKA,F8,13,1922.2937266327247
BKA,F8,14,1951.7163617482531
BKA,F8,15,1931.9017230171944
BKA,F8,16,2101.2413660265256
BKA,F8,17,2046.452810064599
BKA,F8,18,1984.8716204995696
BKA,F8,19,2074.329861061721
BKA,F8,20,1820.3373426564654
BKA,F8,21,2068.6040484507757
BKA,F8,22,2017.4814693151336
BKA,F8,23,2089.4398810123794
BKA,F8,24,2535.6804248566546
BKA,F8,25,1923.1055561027024
BKA,F8,26,1932.4808416527746
BKA,F8,27,1961.1431978949258
BKA,F8,28,1929.7396891813767
BKA,F8,29,1957.5264854221718
BKA,F8,30,2189.9844622210103
BKA,F9,1,36570.23755594022
BKA,F9,2,30975.09084262921
BKA,F9,3,37578.76982343624
BKA,F9,4,75390.1869194941
BKA,F9,5,34064.134370339256
BKA,F9,6,39604.95630130472
BKA,F9,7,37537.744609124886
BKA,F9,8,32237.743041246482
BKA,F9,9,33723.60617785701
BKA,F9,10,36348.24792755498
BKA,F9,11,34090.59742133281
BKA,F9,12,29868.942473646614
BKA,F9,13,37943.41914190179
BKA,F9,14,34812.95495778152
BKA,F9,15,38672.60917249814
BKA,F9,16,33633.87685542983
BKA,F9,17,33080.57588383108
BKA,F9,18,36086.54767780433
BKA,F9,19,34330.60649874296
BKA,F9,20,38110.02833477721
BKA,F9,21,33141.34706951807
BKA,F9,22,31253.23906424624
BKA,F9,23,36255.98073766919
BKA,F9,24,78859.91160743227
BKA,F9,25,38690.994914500014
BKA,F9,26,35291.258944776666
BKA,F9,27,37771.17605340352
BKA,F9,28,35310.709689907126
BKA,F9,29,44842.54481139627
BKA,F9,30,31992.680539264635
BKA,F10,1,20566.72112697871
BKA,F10,2,18749.464182336695
BKA,F10,3,17902.253138257205
BKA,F10,4,28712.00594870837
BKA,F10,5,18673.92900733159
BKA,F10,6,20714.068456492
BKA,F10,7,18693.17079338332
BKA,F10,8,18825.141944853887
BKA,F10,9,18552.687470295463
BKA,F10,10,18190.261839230126
BKA,F10,11,19249.498546302508
BKA,F10,12,19781.445667858963
BKA,F10,13,18321.094673279953
BKA,F10,14,19695.58707875143
BKA,F10,15,19449.191974664358
BKA,F10,16,18947.590523448383
BKA,F10,17,20023.849719101665
BKA,F10,18,18787.529692819764
BKA,F10,19,19935.252522120478
BKA,F10,20,18596.875079469977
BKA,F10,21,20605.774534760047
BKA,F10,22,19165.774956203142
BKA,F10,23,18578.096520663094
BKA,F10,24,31679.533149138486
BKA,F10,25,20498.115129419144
BKA,F10,26,21299.64895033832
BKA,F10,27,21301.37538010624
BKA,F10,28,21042.73239123992
BKA,F10,29,20792.1892279081
BKA,F10,30,20272.012466451408
BKA,F11,1,69513.78675152847
BKA,F11,2,87880.41429950803
BKA,F11,3,72534.56272293987
BKA,F11,4,298414.74228863494
BKA,F11,5,82261.16780018239
BKA,F11,6,78238.72381988361
BKA,F11,7,73451.04208814734
BKA,F11,8,65136.8273859277
BKA,F11,9,57072.28859066586
BKA,F11,10,65306.006260213675
BKA,F11,11,69859.45365189126
BKA,F11,12,64658.44687597482
BKA,F11,13,69804.31405368834
BKA,F11,14,52096.240683752796
BKA,F11,15,63835.37677616788
BKA,F11,16,60737.763971223445
BKA,F11,17,47539.94986022558
BKA,F11,18,80049.37095681638
BKA,F11,19,41491.41626162114
BKA,F11,20,56759.08038612529
BKA,F11,21,63856.30048810741
BKA,F11,22,57656.82705513175
BKA,F11,23,67526.32153418049
BKA,F11,24,194313.84009903847
BKA,F11,25,79125.96408857808
BKA,F11,26,67725.66368495149
BKA,F11,27,67531.88120517819
BKA,F11,28,58703.28061760701
BKA,F11,29,48520.23971589356
BKA,F11,30,50471.76030061325
BKA,F12,1,55477693424.93436
BKA,F12,2,29690601169.435116
BKA,F12,3,58066636434.87906
BKA,F12,4,134872239792.84494
BKA,F12,5,50381996826.0734
BKA,F12,6,53670269791.67477
BKA,F12,7,22227506852.04363
BKA,F12,8,58351293146.934326
BKA,F12,9,58017693081.17541
BKA,F12,10,58843326755.71895
BKA,F12,11,68756181069.583
BKA,F12,12,75845019609.21645
BKA,F12,13,48228479228.01674
BKA,F12,14,37251098488.050705
BKA,F12,15,53410987436.07739
BKA,F12,16,33624132063.591625
BKA,F12,17,54360913628.81736
BKA,F12,18,40312272287.53715
BKA,F12,19,40975637236.107864
BKA,F12,20,48491923621.11957
BKA,F12,21,68697691595.83333
BKA,F12,22,55879475661.06465
BKA,F12,23,53837623192.82617
BKA,F12,24,160101312404.65128
BKA,F12,25,46324490521.6561
BKA,F12,26,51244366794.13603
BKA,F12,27,31498260576.179993
BKA,F12,28,30967203556.316757
BKA,F12,29,55797789417.624214
BKA,F12,30,68400747785.14181
BKA,F13,1,5338995851.684414
BKA,F13,2,3649105257.782941
BKA,F13,3,3218452082.440615
BKA,F13,4,31359116549.06007
BKA,F13,5,7014028981.023815
BKA,F13,6,12403465163.256065
BKA,F13,7,7813386252.484883
BKA,F13,8,6878179182.745305
BKA,F13,9,3387226468.8530116
BKA,F13,10,6423579850.331802
BKA,F13,11,4695009091.319363
BKA,F13,12,4852699141.182528
BKA,F13,13,3459126793.9800076
BKA,F13,14,5671777360.695811
BKA,F13,15,10371993000.787073
BKA,F13,16,3206497439.410912
BKA,F13,17,3716677361.1380663
BKA,F13,18,6148624122.555335
BKA,F13,19,4236436197.98582
BKA,F13,20,1723614889.6346917
BKA,F13,21,11444528332.301159
BKA,F13,22,5406795925.684088
BKA,F13,23,5108798317.068574
BKA,F13,24,35854928652.587814
BKA,F13,25,9374820890.719273
BKA,F13,26,9263665138.141697
BKA,F13,27,8788094235.737663
BKA,F13,28,9936118526.274323
BKA,F13,29,5689387416.224549
BKA,F13,30,994432882.4744157
BKA,F14,1,2774510.1840987946
BKA,F14,2,3312889.7279474954
BKA,F14,3,3215129.657903268
BKA,F14,4,54012517.33406991
BKA,F14,5,1717167.745324761
BKA,F14,6,3485463.8246538825
BKA,F14,7,2049333.9209222838
BKA,F14,8,1270466.2713549195
BKA,F14,9,5074233.925911873
BKA,F14,10,1437168.4650664935
BKA,F14,11,1211742.9000451567
BKA,F14,12,2228871.4167237747
BKA,F14,13,5361270.377672292
BKA,F14,14,2714108.747144449
BKA,F14,15,865002.762999484
BKA,F14,16,1740680.9461781234
BKA,F14,17,1195556.6530442548
BKA,F14,18,1555450.7507420944
BKA,F14,19,2320054.5903448784
BKA,F14,20,2825392.7106369073
BKA,F14,21,790458.7020776438
BKA,F14,22,1196367.6748732694
BKA,F14,23,2694193.842373465
BKA,F14,24,36966670.40904972
BKA,F14,25,2376915.0009428915
BKA,F14,26,4008820.680239209
BKA,F14,27,1086353.1414816454
BKA,F14,28,2504997.3818728533
BKA,F14,29,4129928.3936158153
BKA,F14,30,1494331.2892553518
BKA,F15,1,1026244521.0928842
BKA,F15,2,529019779.01476413
BKA,F15,3,835229801.075668
BKA,F15,4,13857016809.518957
BKA,F15,5,1624246.915220894
BKA,F15,6,162850296.52313203
BKA,F15,7,28918311.04930295
BKA,F15,8,66446183.051337056
BKA,F15,9,16023287.204873152
BKA,F15,10,525810335.96654826
BKA,F15,11,530155372.0084701
BKA,F15,12,239724285.39247262
BKA,F15,13,630078319.3644301
BKA,F15,14,209938500.89085323
BKA,F15,15,112129843.4228891
BKA,F15,16,6841320797.987588
BKA,F15,17,8575392.043939043
BKA,F15,18,939393631.634032
BKA,F15,19,2341631017.7180367
BKA,F15,20,41343016.670223646
BKA,F15,21,28007420.599360153
BKA,F15,22,1192946034.6719728
BKA,F15,23,15819152.954725742
BKA,F15,24,15662819825.812294
BKA,F15,25,900005574.8255938
BKA,F15,26,276693510.0948625
BKA,F15,27,1114016739.806774
BKA,F15,28,839035024.7905192
BKA,F15,29,745025257.7139659
BKA,F15,30,48945842.377496414
BKA,F16,1,11071.93531439799
BKA,F16,2,11434.888756591085
BKA,F16,3,8646.777180217254
BKA,F16,4,17258.660090976737
BKA,F16,5,10740.797901123307
BKA,F16,6,10594.532423332304
BKA,F16,7,9060.68669852838
BKA,F16,8,10799.6426522094
BKA,F16,9,9566.368726863358
BKA,F16,10,9201.601688737352
BKA,F16,11,7749.221351418505
BKA,F16,12,8626.716338449729
BKA,F16,13,8730.551917144634
BKA,F16,14,9090.40895834674
BKA,F16,15,9271.566332252762
BKA,F16,16,8835.47398225846
BKA,F16,17,6603.326346599181
BKA,F16,18,11201.254311566789
BKA,F16,19,10554.410148907058
BKA,F16,20,8757.158528584481
BKA,F16,21,10605.989581296799
BKA,F16,22,11657.997991798657
BKA,F16,23,10132.347319042354
BKA,F16,24,17089.455451813883
BKA,F16,25,8571.05198133997
BKA,F16,26,11754.595453040609
BKA,F16,27,9959.024672677895
BKA,F16,28,9508.388567349728
BKA,F16,29,8045.38897610274
BKA,F16,30,11003.368129696886
BKA,F17,1,8753.37483630287
BKA,F17,2,7292.021749719841
BKA,F17,3,7039.498632331831
BKA,F17,4,87140.82233761321
BKA,F17,5,21716.628090795144
BKA,F17,6,11792.018663672572
BKA,F17,7,8495.234807383316
BKA,F17,8,6156.633152009835
BKA,F17,9,9342.124004770287
BKA,F17,10,7070.841429678345
BKA,F17,11,12332.987325787351
BKA,F17,12,6685.233518553006
BKA,F17,13,9584.067681305638
BKA,F17,14,13611.550833116591
BKA,F17,15,7020.368405563072
BKA,F17,16,13843.255036611108
BKA,F17,17,8924.032260437296
BKA,F17,18,7929.337136403311
BKA,F17,19,7157.585145385066
BKA,F17,20,13037.030720425408
BKA,F17,21,7792.261097387069
BKA,F17,22,7516.577719949388
BKA,F17,23,11686.16413376685
BKA,F17,24,112141.70767905221
BKA,F17,25,6879.072113740724
BKA,F17,26,9549.48429392958
BKA,F17,27,6235.282553818024
BKA,F17,28,13695.53344953799
BKA,F17,29,10017.90544265163
BKA,F17,30,6399.211337811398
BKA,F18,1,2530343.074073692
BKA,F18,2,2880432.0724654607
BKA,F18,3,2377332.6362803546
BKA,F18,4,157436774.27098277
BKA,F18,5,946321.9902371384
BKA,F18,6,1986253.448094352
BKA,F18,7,3177667.9117795406
BKA,F18,8,2018204.5531339764
BKA,F18,9,1643398.0959784528
BKA,F18,10,1331565.5414036755
BKA,F18,11,655814.0998266445
BKA,F18,12,1030956.7875336481
BKA,F18,13,1673934.3730976935
BKA,F18,14,2683603.9864307162
BKA,F18,15,3542520.772200306
BKA,F18,16,3250039.8014552677
BKA,F18,17,1163097.769544025
BKA,F18,18,2053180.9201416082
BKA,F18,19,2477066.95340582
BKA,F18,20,1896445.8297021003
BKA,F18,21,1121561.801908379
BKA,F18,22,2456581.4137086393
BKA,F18,23,932809.5032854961
BKA,F18,24,74172608.85198864
BKA,F18,25,2107970.227829759
BKA,F18,26,2947961.792615588
BKA,F18,27,3518837.8107828796
BKA,F18,28,5228989.989022782
BKA,F18,29,4610539.622575048
BKA,F18,30,1985100.2317581
BKA,F19,1,1001255481.6367952
BKA,F19,2,141467423.17156583
BKA,F19,3,149554064.38778254
BKA,F19,4,18538174479.218315
BKA,F19,5,442781072.3010523
BKA,F19,6,56034396.93827121
BKA,F19,7,11996384.340691173
BKA,F19,8,132951737.86251971
BKA,F19,9,1550437153.5016816
BKA,F19,10,795375707.2512486
BKA,F19,11,239704864.46146867
BKA,F19,12,295970624.9594585
BKA,F19,13,2811856706.361109
BKA,F19,14,43688059.47999388
BKA,F19,15,128327755.33421004
BKA,F19,16,78695251.13400954
BKA,F19,17,1240896975.1925635
BKA,F19,18,143271018.8592575
BKA,F19,19,15500950.034094518
BKA,F19,20,44681250.67657137
BKA,F19,21,1019214566.3399432
BKA,F19,22,667844799.0831584
BKA,F19,23,340245610.41241497
BKA,F19,24,14456945612.534983
BKA,F19,25,2011429137.5075257
BKA,F19,26,344944890.12461174
BKA,F19,27,488215048.87748307
BKA,F19,28,10063949.358425122
BKA,F19,29,179525307.34672412
BKA,F19,30,87321690.14347634
BKA,F20,1,5733.493028341214
BKA,F20,2,5613.557093085458
BKA,F20,3,4956.073043809458
BKA,F20,4,6318.586311508145
BKA,F20,5,5748.6044756332785
BKA,F20,6,5414.661116400022
BKA,F20,7,5162.754363037969
BKA,F20,8,5829.436775541992
BKA,F20,9,5043.58364079521
BKA,F20,10,5621.22635658598
BKA,F20,11,5898.695976413592
BKA,F20,12,5629.605789874864
BKA,F20,13,5047.181601789569
BKA,F20,14,6078.537376025621
BKA,F20,15,6094.281294186983
BKA,F20,16,4778.844406915371
BKA,F20,17,5285.259977601005
BKA,F20,18,4647.41039486907
BKA,F20,19,5631.520554648662
BKA,F20,20,5620.538781985075
BKA,F20,21,5204.858368831677
BKA,F20,22,5219.891479469452
BKA,F20,23,5383.723662312003
BKA,F20,24,6110.346817835974
BKA,F20,25,4979.239602442494
BKA,F20,26,5134.373970669496
BKA,F20,27,5552.462413567409
BKA,F20,28,5367.561490589775
BKA,F20,29,5681.147139385814
BKA,F20,30,5354.3671608795075
BKA,F21,1,4171.424822481048
BKA,F21,2,4189.968751759545
BKA,F21,3,4501.025003761031
BKA,F21,4,4267.471520712996
BKA,F21,5,3814.886458614702
BKA,F21,6,3984.4606008146147
BKA,F21,7,4271.120154567661
BKA,F21,8,3851.3617969519946
BKA,F21,9,4052.8251689593644
BKA,F21,10,4148.887251622951
BKA,F21,11,4079.488586459794
BKA,F21,12,4375.215300355463
BKA,F21,13,4105.384356767756
BKA,F21,14,4021.4411493007337
BKA,F21,15,4232.561223317431
BKA,F21,16,4018.0329597484533
BKA,F21,17,4093.0321721313508
BKA,F21,18,3883.2924407310966
BKA,F21,19,3802.9010791751625
BKA,F21,20,4060.7184761003355
BKA,F21,21,4283.758968068058
BKA,F21,22,4628.7160496827
BKA,F21,23,4162.2994824771795
BKA,F21,24,4647.16242139956
BKA,F21,25,3705.267192493794
BKA,F21,26,4023.1073509931794
BKA,F21,27,4021.618810624391
BKA,F21,28,3954.556546181235
BKA,F21,29,3894.104056605214
BKA,F21,30,4067.011537003771
BKA,F22,1,25505.694746022877
BKA,F22,2,21174.564784850114
BKA,F22,3,24417.052923818293
BKA,F22,4,32588.714794264142
BKA,F22,5,22038.830001778526
BKA,F22,6,23587.225390087162
BKA,F22,7,24796.152573690004
BKA,F22,8,21705.836833707413
BKA,F22,9,24813.608316214322
BKA,F22,10,18557.24259009845
BKA,F22,11,25700.25211719596
BKA,F22,12,23000.851428634527
BKA,F22,13,23565.15294789171
BKA,F22,14,23674.617701955056
BKA,F22,15,27013.85578845087
BKA,F22,16,21850.951250660193
BKA,F22,17,25763.12198918153
BKA,F22,18,22024.725627048967
BKA,F22,19,21262.401752282665
BKA,F22,20,23206.223545296012
BKA,F22,21,21051.102943544152
BKA,F22,22,24129.62855725327
BKA,F22,23,22946.86056276877
BKA,F22,24,32721.228677561507
BKA,F22,25,24613.954811756517
BKA,F22,26,22756.87768967717
BKA,F22,27,22435.219847607914
BKA,F22,28,25862.965246354408
BKA,F22,29,22794.703793469453
BKA,F22,30,22949.67939257486
BKA,F23,1,4881.776600847701
BKA,F23,2,5722.037209543271
BKA,F23,3,5531.189694063849
BKA,F23,4,5636.282827694246
BKA,F23,5,4940.305931108222
BKA,F23,6,5448.696372587202
BKA,F23,7,5333.009286803446
BKA,F23,8,5265.2806350315495
BKA,F23,9,4864.985934154531
BKA,F23,10,5212.996759892929
BKA,F23,11,5128.813214931596
BKA,F23,12,5429.106167605593
BKA,F23,13,5325.659155020338
BKA,F23,14,4940.280470233602
BKA,F23,15,5390.222595918437
BKA,F23,16,5437.703016153402
BKA,F23,17,5501.52254582737
BKA,F23,18,5239.728472912018
BKA,F23,19,4768.896403957604
BKA,F23,20,4541.7507797885955
BKA,F23,21,5651.637760312797
BKA,F23,22,5405.578835930377
BKA,F23,23,5557.111596530853
BKA,F23,24,5310.269365197012
BKA,F23,25,5171.016537538848
BKA,F23,26,5165.940691696373
BKA,F23,27,5085.390833807058
BKA,F23,28,5262.726909618075
BKA,F23,29,5143.137311846735
BKA,F23,30,5099.0178492453415
BKA,F24,1,6089.633312589578
BKA,F24,2,6419.187765918678
BKA,F24,3,7118.944172386339
BKA,F24,4,10959.67474574598
BKA,F24,5,6824.337432655345
BKA,F24,6,6998.425143494811
BKA,F24,7,6781.619661113308
BKA,F24,8,6454.251434619762
BKA,F24,9,6360.4426003736335
BKA,F24,10,6819.98988785154
BKA,F24,11,6396.865947959101
BKA,F24,12,7152.44134238939
BKA,F24,13,6175.74166578475
BKA,F24,14,6666.568047073682
BKA,F24,15,7040.452941853255
BKA,F24,16,6243.476893365392
BKA,F24,17,6599.812388005073
BKA,F24,18,6488.915707856571
BKA,F24,19,6940.027922623423
BKA,F24,20,7692.197977400749
BKA,F24,21,6301.641807489137
BKA,F24,22,6973.346999962618
BKA,F24,23,6973.34254777859
BKA,F24,24,8154.20619799739
BKA,F24,25,6038.704913487831
BKA,F24,26,6847.6739955724
BKA,F24,27,7185.679086001156
BKA,F24,28,6745.235376249793
BKA,F24,29,6340.554160512456
BKA,F24,30,6583.046381142307
BKA,F25,1,14212.573098187266
BKA,F25,2,9940.898931562715
BKA,F25,3,13356.052960320803
BKA,F25,4,25937.663024905985
BKA,F25,5,13156.368275648807
BKA,F25,6,13553.826902282533
BKA,F25,7,13230.729220225481
BKA,F25,8,13052.556172661747
BKA,F25,9,11699.008269746755
BKA,F25,10,14134.917519227522
BKA,F25,11,10947.898996273774
BKA,F25,12,13179.795970756155
BKA,F25,13,15681.222803620376
BKA,F25,14,12827.231192605153
BKA,F25,15,11560.970767191371
BKA,F25,16,13528.024543111249
BKA,F25,17,11289.252420487319
BKA,F25,18,10139.1358215902
BKA,F25,19,8609.414481810201
BKA,F25,20,11649.713495988677
BKA,F25,21,12073.386769998964
BKA,F25,22,11576.989041577817
BKA,F25,23,10486.7912267194
BKA,F25,24,24198.82806536653
BKA,F25,25,15269.16992450966
BKA,F25,26,13819.181402210184
BKA,F25,27,10339.839845526329
BKA,F25,28,13677.848340861869
BKA,F25,29,11670.455149986194
BKA,F25,30,10764.851101502409
BKA,F26,1,33371.584666117924
BKA,F26,2,37118.00271850424
BKA,F26,3,32784.74204725225
BKA,F26,4,47853.77873219838
BKA,F26,5,36653.51150574416
BKA,F26,6,36735.2369367071
BKA,F26,7,34664.772684169184
BKA,F26,8,32661.232911447503
BKA,F26,9,32291.64195648374
BKA,F26,10,35508.77300279955
BKA,F26,11,39201.11133742676
BKA,F26,12,33031.49762109154
BKA,F26,13,35584.78750763916
BKA,F26,14,35984.70615807513
BKA,F26,15,33030.179292154266
BKA,F26,16,32558.248045411612
BKA,F26,17,30003.071016045542
BKA,F26,18,33600.52909819297
BKA,F26,19,39560.33229227825
BKA,F26,20,35271.96760012582
BKA,F26,21,36233.170540310006
BKA,F26,22,34795.84192561321
BKA,F26,23,29075.461673085752
BKA,F26,24,59634.1638152661
BKA,F26,25,29127.528276466728
BKA,F26,26,38015.93243750003
BKA,F26,27,33264.18225122966
BKA,F26,28,34280.85488234143
BKA,F26,29,36388.348611000634
BKA,F26,30,31737.578913352212
BKA,F27,1,6709.361887400601
BKA,F27,2,5254.013930397916
BKA,F27,3,7166.596474944753
BKA,F27,4,7948.500488449101
BKA,F27,5,5255.437806642249
BKA,F27,6,6148.965312248942
BKA,F27,7,5330.07086237482
BKA,F27,8,5014.469735851728
BKA,F27,9,5084.866490239801
BKA,F27,10,6378.133917014754
BKA,F27,11,5563.98121697261
BKA,F27,12,6742.80839599301
BKA,F27,13,4778.635500316272
BKA,F27,14,6024.47930590589
BKA,F27,15,6059.549019925802
BKA,F27,16,5314.495751173497
BKA,F27,17,5087.219668231042
BKA,F27,18,5641.649548025782
BKA,F27,19,5816.374296625225
BKA,F27,20,5507.547026660692
BKA,F27,21,5399.066450095727
BKA,F27,22,7870.848319409011
BKA,F27,23,5349.560638207504
BKA,F27,24,9705.03534869997
BKA,F27,25,6795.077297361462
BKA,F27,26,5811.026534293527
BKA,F27,27,6889.160903646699
BKA,F27,28,4928.238259462842
BKA,F27,29,5987.9966931343715
BKA,F27,30,6783.0724911192565
BKA,F28,1,16274.496138197715
BKA,F28,2,18656.606696410345
BKA,F28,3,16526.31922865578
BKA,F28,4,31912.110786621666
BKA,F28,5,13643.279610973448
BKA,F28,6,14953.832266214107
BKA,F28,7,14928.285915633158
BKA,F28,8,13655.433277035601
BKA,F28,9,18098.59727818957
BKA,F28,10,18778.54549016324
BKA,F28,11,21454.183153566213
BKA,F28,12,15599.55148675331
BKA,F28,13,15581.4151773059
BKA,F28,14,13166.48491743338
BKA,F28,15,16682.008241553878
BKA,F28,16,14925.768179332832
BKA,F28,17,15742.911609444756
BKA,F28,18,14022.16600308095
BKA,F28,19,23489.7490372675
BKA,F28,20,18556.96716863
BKA,F28,21,14597.381663736489
BKA,F28,22,19198.349831360352
BKA,F28,23,15261.1234298039
BKA,F28,24,32601.900329694032
BKA,F28,25,21631.143607454196
BKA,F28,26,22736.92046206527
BKA,F28,27,16949.62952080588
BKA,F28,28,19902.844130194382
BKA,F28,29,16988.20408213457
BKA,F28,30,14418.66567139586
BKA,F29,1,12503.83799576468
BKA,F29,2,14815.410740001495
BKA,F29,3,15219.629903077433
BKA,F29,4,126044.99403431377
BKA,F29,5,20003.13976468133
BKA,F29,6,14952.634078985822
BKA,F29,7,14530.232747184462
BKA,F29,8,11682.51796301257
BKA,F29,9,10871.181319805868
BKA,F29,10,14523.741952372278
BKA,F29,11,13285.92047989455
BKA,F29,12,12382.732896574542
BKA,F29,13,12842.98982133463
BKA,F29,14,14563.532262376884
BKA,F29,15,14447.330079233763
BKA,F29,16,12986.548564895143
BKA,F29,17,12120.122792667797
BKA,F29,18,11628.960230690833
BKA,F29,19,10350.95881978746
BKA,F29,20,14722.30212389735
BKA,F29,21,13068.287945845466
BKA,F29,22,14347.5654364144
BKA,F29,23,12449.297295508642
BKA,F29,24,166101.36164707306
BKA,F29,25,12251.018934850013
BKA,F29,26,12256.828107595245
BKA,F29,27,18695.182329411153
BKA,F29,28,14920.174991735974
BKA,F29,29,15459.871522851296
BKA,F29,30,31709.817038656394
BKA,F30,1,3542729412.2171383
BKA,F30,2,1269676976.9668517
BKA,F30,3,1376849609.8115668
BKA,F30,4,22338222741.434334
BKA,F30,5,5764528234.609297
BKA,F30,6,2776223112.687991
BKA,F30,7,4950620740.304215
BKA,F30,8,1333245234.391069
BKA,F30,9,3186273077.1484675
BKA,F30,10,4059838498.85443
BKA,F30,11,2325972781.413767
BKA,F30,12,8370759544.238428
BKA,F30,13,4987591595.083688
BKA,F30,14,1678473155.9638271
BKA,F30,15,6603376829.523676
BKA,F30,16,860331108.943294
BKA,F30,17,1890579051.296626
BKA,F30,18,379441468.2137836
BKA,F30,19,1972003058.067314
BKA,F30,20,247906072.15749806
BKA,F30,21,9956163210.007408
BKA,F30,22,1020944350.549001
BKA,F30,23,829474275.1460154
BKA,F30,24,31721040298.697746
BKA,F30,25,11718952914.696781
BKA,F30,26,878340302.6224341
BKA,F30,27,2110421307.1532643
BKA,F30,28,2464405931.611582
BKA,F30,29,1720069005.7264996
BKA,F30,30,115090997.32914524
HROA,F1,1,194522427905.79785
HROA,F1,2,200848015086.8592
HROA,F1,3,221506221105.1327
HROA,F1,4,188685496121.958
HROA,F1,5,178939186428.44016
HROA,F1,6,216394711167.73282
HROA,F1,7,181165528552.89737
HROA,F1,8,180404773892.4889
HROA,F1,9,219520265452.99228
HROA,F1,10,193889388435.87708
HROA,F1,11,179519909223.2202
HROA,F1,12,223549105024.25867
HROA,F1,13,186572342972.69745
HROA,F1,14,186051008496.50528
HROA,F1,15,174068166654.07208
HROA,F1,16,199067046228.22693
HROA,F1,17,169641539025.33572
HROA,F1,18,211971454565.9136
HROA,F1,19,224625090990.54745
HROA,F1,20,171086719334.60638
HROA,F1,21,178179731053.20255
HROA,F1,22,220917534335.4974
HROA,F1,23,183016731385.11136
HROA,F1,24,184851976378.5861
HROA,F1,25,197793110402.0712
HROA,F1,26,182619098413.57196
HROA,F1,27,179995221416.3661
HROA,F1,28,165278828553.69827
HROA,F1,29,198598139460.95163
HROA,F1,30,178564052338.84808
HROA,F3,1,547380.3794954851
HROA,F3,2,492937.95362146274
HROA,F3,3,519884.93963640503
HROA,F3,4,533831.2700141212
HROA,F3,5,610374.2664391623
HROA,F3,6,631791.563718665
HROA,F3,7,533681.6791243863
HROA,F3,8,503456.3202511764
HROA,F3,9,513836.99007498886
HROA,F3,10,557678.5258746952
HROA,F3,11,545401.4002201378
HROA,F3,12,508822.50157389365
HROA,F3,13,587643.0023778199
HROA,F3,14,501000.68145482923
HROA,F3,15,460178.5437275586
HROA,F3,16,586780.9854981838
HROA,F3,17,651647.0218254059
HROA,F3,18,594065.1836707415
HROA,F3,19,504433.95901176654
HROA,F3,20,482970.4688156089
HROA,F3,21,556443.2969375082
HROA,F3,22,596898.796610876
HROA,F3,23,606687.1033038347
HROA,F3,24,509557.3162737692
HROA,F3,25,431143.0679269552
HROA,F3,26,638455.7925490984
HROA,F3,27,476586.3514641304
HROA,F3,28,471880.96079338086
HROA,F3,29,517594.8587477206
HROA,F3,30,662089.7416221711
HROA,F4,1,33267.50754840477
HROA,F4,2,46575.8809688848
HROA,F4,3,37631.20977076906
HROA,F4,4,50069.55553564403
HROA,F4,5,47073.470258089445
HROA,F4,6,49315.11665444298
HROA,F4,7,51445.51576949278
HROA,F4,8,45444.59249623038
HROA,F4,9,42483.4072045031
HROA,F4,10,42172.75200476559
HROA,F4,11,49566.001159948
HROA,F4,12,57869.46668967529
HROA,F4,13,51816.80439638179
HROA,F4,14,51603.46277546086
HROA,F4,15,46323.6386325015
HROA,F4,16,45421.4202538083
HROA,F4,17,56879.73313522904
HROA,F4,18,47580.01826696477
HROA,F4,19,41867.12504665882
HROA,F4,20,44999.60894465556
HROA,F4,21,51454.72032458455
HROA,F4,22,43841.544623696704
HROA,F4,23,34187.47403140284
HROA,F4,24,47970.67573853618
HROA,F4,25,45526.46185259084
HROA,F4,26,55376.791427879645
HROA,F4,27,50641.373559468375
HROA,F4,28,29440.799501131918
HROA,F4,29,49082.794586141674
HROA,F4,30,46016.325840161204
HROA,F5,1,1879.735717748513
HROA,F5,2,1927.5817212625504
HROA,F5,3,1981.9577834368795
HROA,F5,4,1931.3962786872924
HROA,F5,5,1955.9735279131216
HROA,F5,6,2054.489695440214
HROA,F5,7,1832.2605713770722
HROA,F5,8,1886.6173233929258
HROA,F5,9,1975.989999584228
HROA,F5,10,1961.2736968652182
HROA,F5,11,2018.0777325964232
HROA,F5,12,1961.0031907657606
HROA,F5,13,2013.3253594181958
HROA,F5,14,1978.336204467761
HROA,F5,15,1898.912517837312
HROA,F5,16,2039.8873083224976
HROA,F5,17,1979.3140199191084
HROA,F5,18,1951.2675058341881
HROA,F5,19,1993.1113245854708
HROA,F5,20,1919.3884835648396
HROA,F5,21,1967.7711707090348
HROA,F5,22,2012.411459198825
HROA,F5,23,1919.005235294114
HROA,F5,24,1934.6814092250077
HROA,F5,25,1984.396602533676
HROA,F5,26,1897.4414596482818
HROA,F5,27,1924.2104885991555
HROA,F5,28,1916.7947511912205
HROA,F5,29,1953.0463582795026
HROA,F5,30,1947.5373092131958
HROA,F6,1,705.809176969234
HROA,F6,2,696.4275482871157
HROA,F6,3,705.7578687561686
HROA,F6,4,703.341132788908
HROA,F6,5,699.0558643421521
HROA,F6,6,700.1089176935943
HROA,F6,7,709.7378933294874
HROA,F6,8,698.32893142769
HROA,F6,9,698.0261411792017
HROA,F6,10,705.1378161763429
HROA,F6,11,704.6044210508037
HROA,F6,12,698.4017641652705
HROA,F6,13,703.6640629271623
HROA,F6,14,696.360889714843
HROA,F6,15,713.5604557441629
HROA,F6,16,701.4335067915448
HROA,F6,17,702.3514408204271
HROA,F6,18,708.786671252263
HROA,F6,19,704.8847519859099
HROA,F6,20,699.3721905962204
HROA,F6,21,703.3854857001608
HROA,F6,22,695.7672264886455
HROA,F6,23,707.2103651015682
HROA,F6,24,696.872840715852
HROA,F6,25,702.4064689038917
HROA,F6,26,700.5886254881123
HROA,F6,27,709.8721190610884
HROA,F6,28,707.9741065739269
HROA,F6,29,706.1542279831776
HROA,F6,30,702.7962672874916
HROA,F7,1,3823.5719210088614
HROA,F7,2,3587.362289937849
HROA,F7,3,3726.8794100178493
HROA,F7,4,4018.3051858711997
HROA,F7,5,3956.373876425058
HROA,F7,6,3819.4647559351174
HROA,F7,7,3997.854097817738
HROA,F7,8,4079.6148098818094
HROA,F7,9,4105.823262878981
HROA,F7,10,3833.0964904522425
HROA,F7,11,4008.2045186472815
HROA,F7,12,3870.662484094712
HROA,F7,13,3555.117273795541
HROA,F7,14,3831.5161932285228
HROA,F7,15,3794.2344234502666
HROA,F7,16,3862.9377972438624
HROA,F7,17,3722.3074232983313
HROA,F7,18,4042.744877724809
HROA,F7,19,3923.2511479384725
HROA,F7,20,4103.068665929509
HROA,F7,21,3686.812776982426
HROA,F7,22,4000.8947410099454
HROA,F7,23,4048.264451853617
HROA,F7,24,3380.9879080808737
HROA,F7,25,4359.847909361279
HROA,F7,26,3522.5759949732255
HROA,F7,27,3752.2417332166715
HROA,F7,28,3967.6066034333307
HROA,F7,29,3584.1735557696948
HROA,F7,30,3690.1668919233716
HROA,F8,1,2259.3023581239086
HROA,F8,2,2404.6195964701424
HROA,F8,3,2413.5323184185854
HROA,F8,4,2297.0407525032506
HROA,F8,5,2348.4107723482844
HROA,F8,6,2394.5429853288815
HROA,F8,7,2261.1067525401772
HROA,F8,8,2149.1737113937625
HROA,F8,9,2275.864895475106
HROA,F8,10,2286.7760635675927
HROA,F8,11,2289.3646526565617
HROA,F8,12,2391.301348248892
HROA,F8,13,2348.239600199082
HROA,F8,14,2459.861783354866
HROA,F8,15,2296.891663389377
HROA,F8,16,2317.892878010719
HROA,F8,17,2351.373535209432
HROA,F8,18,2248.528683621343
HROA,F8,19,2230.265372200168
HROA,F8,20,2291.16085430314
HROA,F8,21,2389.4847554126427
HROA,F8,22,2423.0179496431324
HROA,F8,23,2359.661485722545
HROA,F8,24,2326.5088995679953
HROA,F8,25,2290.4565105681845
HROA,F8,26,2345.155001002888
HROA,F8,27,2360.1356312848957
HROA,F8,28,2390.4246953365073
HROA,F8,29,2336.805573162177
HROA,F8,30,2477.160200072778
HROA,F9,1,76678.87122482315
HROA,F9,2,76946.44318502366
HROA,F9,3,77844.50088706343
HROA,F9,4,73869.34113835939
HROA,F9,5,78527.3501434853
HROA,F9,6,67093.36028119663
HROA,F9,7,71613.15224095901
HROA,F9,8,91218.04630266805
HROA,F9,9,86546.19650830647
HROA,F9,10,70606.34736984743
HROA,F9,11,85824.9498987413
HROA,F9,12,78158.6896077684
HROA,F9,13,75543.69030393087
HROA,F9,14,74430.23006217644
HROA,F9,15,73827.09119823542
HROA,F9,16,71743.98770387974
HROA,F9,17,83405.20745806985
HROA,F9,18,75758.51207733226
HROA,F9,19,79856.67803921549
HROA,F9,20,80045.84637002493
HROA,F9,21,67952.83814508717
HROA,F9,22,60915.8949069787
HROA,F9,23,89869.9934119813
HROA,F9,24,75825.08188768817
HROA,F9,25,67307.61734705989
HROA,F9,26,68134.1189616051
HROA,F9,27,83500.75745211107
HROA,F9,28,88336.18854604277
HROA,F9,29,83731.17539960747
HROA,F9,30,70423.84726212722
HROA,F10,1,27520.922704166594
HROA,F10,2,28173.63205791577
HROA,F10,3,27991.522769843086
HROA,F10,4,27566.997016279798
HROA,F10,5,27055.65164949269
HROA,F10,6,28149.720859593952
HROA,F10,7,26798.735493857042
HROA,F10,8,27354.039532610794
HROA,F10,9,27063.1988003641
HROA,F10,10,28429.861661076753
HROA,F10,11,27916.761148372083
HROA,F10,12,27573.665527322162
HROA,F10,13,27249.5684817688
HROA,F10,14,27404.998056590433
HROA,F10,15,27324.706612284244
HROA,F10,16,28140.88870363372
HROA,F10,17,27378.6913560944
HROA,F10,18,27419.531539106763
HROA,F10,19,27156.656926195494
HROA,F10,20,27122.84999585232
HROA,F10,21,27017.03652231901
HROA,F10,22,26885.038334897763
HROA,F10,23,27393.205686230292
HROA,F10,24,27692.9436939605
HROA,F10,25,26831.91785008299
HROA,F10,26,26697.119900937592
HROA,F10,27,27418.07563610516
HROA,F10,28,27836.973391663643
HROA,F10,29,27338.21877805826
HROA,F10,30,27736.39137414169
HROA,F11,1,170270.7701252097
HROA,F11,2,152447.40364648154
HROA,F11,3,164629.6418578876
HROA,F11,4,161592.07948118937
HROA,F11,5,158286.6861984937
HROA,F11,6,169049.9743222575
HROA,F11,7,165113.08141731462
HROA,F11,8,143029.30997419317
HROA,F11,9,154943.58309901255
HROA,F11,10,168160.09638320658
HROA,F11,11,129111.35375284324
HROA,F11,12,125482.89967571305
HROA,F11,13,140655.61998779775
HROA,F11,14,151969.81872011666
HROA,F11,15,113093.29765767265
HROA,F11,16,109104.95151355363
HROA,F11,17,104271.76834847397
HROA,F11,18,125505.41391539077
HROA,F11,19,175932.32035366548
HROA,F11,20,128204.17639846461
HROA,F11,21,158158.51927618135
HROA,F11,22,167704.4324758307
HROA,F11,23,151788.42699108084
HROA,F11,24,174467.84346085906
HROA,F11,25,110832.72493719387
HROA,F11,26,150796.85514842824
HROA,F11,27,161268.6422685547
HROA,F11,28,175611.9669182834
HROA,F11,29,167224.4431406905
HROA,F11,30,86367.25990962001
HROA,F12,1,88744431496.15022
HROA,F12,2,91771868089.09978
HROA,F12,3,79526585469.689
HROA,F12,4,63641711718.75839
HROA,F12,5,115586750388.74953
HROA,F12,6,79168607674.72723
HROA,F12,7,74720488156.96783
HROA,F12,8,77159733024.60632
HROA,F12,9,65295181300.29165
HROA,F12,10,75825869122.46692
HROA,F12,11,74555237944.28833
HROA,F12,12,110370254570.31181
HROA,F12,13,81294261627.1557
HROA,F12,14,86743966430.54459
HROA,F12,15,78789272107.83865
HROA,F12,16,102847853610.29779
HROA,F12,17,92287237918.6802
HROA,F12,18,58729453711.35753
HROA,F12,19,103910237403.32875
HROA,F12,20,85077245285.84604
HROA,F12,21,62790443342.99702
HROA,F12,22,84882869431.6083
HROA,F12,23,71040712785.76523
HROA,F12,24,91525017697.7002
HROA,F12,25,69244575247.80043
HROA,F12,26,81444438302.00656
HROA,F12,27,76767126053.24663
HROA,F12,28,80759940950.1967
HROA,F12,29,97007650591.6738
HROA,F12,30,115931127630.38728
HROA,F13,1,13053539642.452925
HROA,F13,2,11618050573.997387
HROA,F13,3,10844758690.054342
HROA,F13,4,12089639358.76785
HROA,F13,5,12001153676.745916
HROA,F13,6,17033823493.958357
HROA,F13,7,15673921178.930172
HROA,F13,8,18282457623.864998
HROA,F13,9,15731150144.972971
HROA,F13,10,8424762169.104898
HROA,F13,11,8040964108.554938
HROA,F13,12,12167379211.565876
HROA,F13,13,11853676167.756435
HROA,F13,14,13611994601.316729
HROA,F13,15,10543779082.952868
HROA,F13,16,11610247173.152466
HROA,F13,17,12916822528.983496
HROA,F13,18,12703943302.110073
HROA,F13,19,13579430096.395226
HROA,F13,20,6056926747.694748
HROA,F13,21,16070690371.09106
HROA,F13,22,14474923117.939827
HROA,F13,23,10441683438.280634
HROA,F13,24,12415598095.077366
HROA,F13,25,14607629195.780228
HROA,F13,26,17916994292.855587
HROA,F13,27,15317535345.516106
HROA,F13,28,12247264982.351086
HROA,F13,29,15258934761.930145
HROA,F13,30,12458275064.79765
HROA,F14,1,16167347.812719049
HROA,F14,2,21711536.728200097
HROA,F14,3,47196460.79586843
HROA,F14,4,28262480.408227272
HROA,F14,5,33980587.789397866
HROA,F14,6,26547343.461693335
HROA,F14,7,27935759.957715336
HROA,F14,8,21212853.833530262
HROA,F14,9,29086324.95911921
HROA,F14,10,17417336.504231207
HROA,F14,11,41556178.21663913
HROA,F14,12,19330676.881680325
HROA,F14,13,25956585.887842838
HROA,F14,14,30633872.326018948
HROA,F14,15,35468502.37419363
HROA,F14,16,32570704.282980382
HROA,F14,17,29009869.560674023
HROA,F14,18,35616087.598167285
HROA,F14,19,20067887.281007204
HROA,F14,20,36337618.040219076
HROA,F14,21,34723243.4608569
HROA,F14,22,27170832.524428576
HROA,F14,23,27854376.82826613
HROA,F14,24,26203081.354497414
HROA,F14,25,38595452.88790196
HROA,F14,26,23127158.692937035
HROA,F14,27,28610525.406578224
HROA,F14,28,24259078.624314547
HROA,F14,29,34519893.562673025
HROA,F14,30,61424239.04357157
HROA,F15,1,3972661511.550726
HROA,F15,2,3906364201.829262
HROA,F15,3,3043007828.749593
HROA,F15,4,3834484960.4254704
HROA,F15,5,3241592733.0381837
HROA,F15,6,2166223090.9251647
HROA,F15,7,1326533269.4549966
HROA,F15,8,3205256941.588535
HROA,F15,9,2499649821.7585464
HROA,F15,10,3209881011.048366
HROA,F15,11,4205184644.815587
HROA,F15,12,3307425235.7144065
HROA,F15,13,2811160990.9550896
HROA,F15,14,3861607122.080696
HROA,F15,15,3380328340.076035
HROA,F15,16,2868853442.6201773
HROA,F15,17,5104765683.840501
HROA,F15,18,4550109386.031948
HROA,F15,19,4400397875.806084
HROA,F15,20,3388277826.5829225
HROA,F15,21,3549895117.817222
HROA,F15,22,3437068196.9477477
HROA,F15,23,3940363833.1100054
HROA,F15,24,2581316029.4044137
HROA,F15,25,2346810920.0752363
HROA,F15,26,3763370838.4583397
HROA,F15,27,3046999810.12187
HROA,F15,28,5010958133.513343
HROA,F15,29,3384359699.5983243
HROA,F15,30,3975773835.9939394
HROA,F16,1,13802.100982761931
HROA,F16,2,14190.77678624471
HROA,F16,3,13348.542928639532
HROA,F16,4,12541.023068868008
HROA,F16,5,13476.849734984253
HROA,F16,6,13501.208145445466
HROA,F16,7,13548.950763061051
HROA,F16,8,13646.59813624241
HROA,F16,9,13000.462263746722
HROA,F16,10,13263.908853439747
HROA,F16,11,13738.497507212818
HROA,F16,12,13845.692326424192
HROA,F16,13,12199.19271165341
HROA,F16,14,12607.983365686403
HROA,F16,15,13089.046675829126
HROA,F16,16,12924.562203363223
HROA,F16,17,13465.141962358586
HROA,F16,18,15150.167193676927
HROA,F16,19,12088.600483372627
HROA,F16,20,13899.437806326805
HROA,F16,21,14267.512108358947
HROA,F16,22,13111.001336807492
HROA,F16,23,12530.067822458472
HROA,F16,24,12819.17122386522
HROA,F16,25,13510.028180759797
HROA,F16,26,12694.513146012601
HROA,F16,27,12889.414807824138
HROA,F16,28,12895.702116224827
HROA,F16,29,14204.21831955713
HROA,F16,30,13896.024354104165
HROA,F17,1,10772.28638717967
HROA,F17,2,11281.504134493558
HROA,F17,3,21057.389436734462
HROA,F17,4,13152.956823045324
HROA,F17,5,16056.228388804217
HROA,F17,6,25084.81197130696
HROA,F17,7,14813.039581437453
HROA,F17,8,12018.667155953559
HROA,F17,9,16643.16753746252
HROA,F17,10,47655.340879325064
HROA,F17,11,21656.269180114305
HROA,F17,12,15489.857399260718
HROA,F17,13,14936.558700412772
HROA,F17,14,28430.031915760574
HROA,F17,15,20435.584545682388
HROA,F17,16,44542.35386615907
HROA,F17,17,15141.519499960172
HROA,F17,18,20467.43867522794
HROA,F17,19,13863.25706293757
HROA,F17,20,14701.606290004851
HROA,F17,21,24981.622944697046
HROA,F17,22,36082.54452853658
HROA,F17,23,15511.384207604522
HROA,F17,24,18537.497296308833
HROA,F17,25,26590.47486126591
HROA,F17,26,15949.929245925534
HROA,F17,27,15408.814512337181
HROA,F17,28,15019.27026166914
HROA,F17,29,10908.728024542848
HROA,F17,30,11988.12334367736
HROA,F18,1,12480938.731130384
HROA,F18,2,12110859.216061378
HROA,F18,3,32614575.81564324
HROA,F18,4,19010948.070842896
HROA,F18,5,39680253.53695165
HROA,F18,6,36383346.50180005
HROA,F18,7,37226808.79959994
HROA,F18,8,30887957.521726165
HROA,F18,9,27170386.3821043
HROA,F18,10,34439363.121866375
HROA,F18,11,30697956.062367752
HROA,F18,12,24928102.033391833
HROA,F18,13,27721741.686284337
HROA,F18,14,22441919.29577062
HROA,F18,15,28888834.58811038
HROA,F18,16,42136632.37539598
HROA,F18,17,21497973.387805637
HROA,F18,18,13295813.205601748
HROA,F18,19,30887134.198009267
HROA,F18,20,25350498.57724381
HROA,F18,21,18178147.82147167
HROA,F18,22,42454250.350903966
HROA,F18,23,39822065.390612066
HROA,F18,24,17582826.337693766
HROA,F18,25,18760856.292291045
HROA,F18,26,42630185.17198854
HROA,F18,27,32670185.542162918
HROA,F18,28,33333782.041410796
HROA,F18,29,16383459.126616888
HROA,F18,30,31887566.50502811
HROA,F19,1,2465698633.1323256
HROA,F19,2,3051174411.3477435
HROA,F19,3,3921885640.1833067
HROA,F19,4,6548677962.280835
HROA,F19,5,3355424230.633469
HROA,F19,6,4192450956.460261
HROA,F19,7,3936205540.0799994
HROA,F19,8,4288523035.697264
HROA,F19,9,4359988177.539883
HROA,F19,10,5940516095.227607
HROA,F19,11,4682440481.273695
HROA,F19,12,4257157742.353632
HROA,F19,13,2788293704.3306346
HROA,F19,14,2829676493.736427
HROA,F19,15,2778892215.7238593
HROA,F19,16,3748851710.927851
HROA,F19,17,3929782657.653297
HROA,F19,18,3627980880.365839
HROA,F19,19,4140470632.1887894
HROA,F19,20,3924733540.6017056
HROA,F19,21,3242100692.1048408
HROA,F19,22,4472399217.401685
HROA,F19,23,2493978917.868714
HROA,F19,24,5076168288.930731
HROA,F19,25,3331169315.4746056
HROA,F19,26,2480931603.047558
HROA,F19,27,5658239787.185576
HROA,F19,28,1553859400.939081
HROA,F19,29,2732394416.7901435
HROA,F19,30,2514079114.50824
HROA,F20,1,7838.02034504482
HROA,F20,2,7745.677031783314
HROA,F20,3,7983.015085142594
HROA,F20,4,8077.953957879344
HROA,F20,5,7426.729320925715
HROA,F20,6,7391.398068005827
HROA,F20,7,7620.229028698124
HROA,F20,8,7851.6036762503045
HROA,F20,9,8001.505254535531
HROA,F20,10,7806.386022662423
HROA,F20,11,7952.045411896279
HROA,F20,12,8010.186064409091
HROA,F20,13,7368.0856264893955
HROA,F20,14,7639.985459960289
HROA,F20,15,7729.149839313329
HROA,F20,16,8108.679695840732
HROA,F20,17,7877.525640583252
HROA,F20,18,7576.165408217606
HROA,F20,19,7489.426344541388
HROA,F20,20,7201.616594904085
HROA,F20,21,7262.636888037277
HROA,F20,22,7943.970993167795
HROA,F20,23,7922.220751752369
HROA,F20,24,7664.402558110502
HROA,F20,25,7627.845166091322
HROA,F20,26,7758.92479370056
HROA,F20,27,7944.70660958574
HROA,F20,28,8183.518673156952
HROA,F20,29,8100.420868856176
HROA,F20,30,7924.368424980028
HROA,F21,1,4129.24826000351
HROA,F21,2,4195.831815031403
HROA,F21,3,4139.8630689448555
HROA,F21,4,4099.343019021358
HROA,F21,5,4014.8703371223437
HROA,F21,6,4065.2933641325258
HROA,F21,7,3985.9555602321752
HROA,F21,8,4099.622365887839
HROA,F21,9,4084.6865111701413
HROA,F21,10,4115.752383891212
HROA,F21,11,4099.6674184727835
HROA,F21,12,4175.784959105533
HROA,F21,13,3954.6827755545623
HROA,F21,14,4142.2003350683135
HROA,F21,15,4152.585985359362
HROA,F21,16,4124.107049309482
HROA,F21,17,4052.2007138861445
HROA,F21,18,3990.2683335528636
HROA,F21,19,4214.884658761275
HROA,F21,20,4132.389324863491
HROA,F21,21,4165.581617799403
HROA,F21,22,4094.6607119402415
HROA,F21,23,4074.9191195916837
HROA,F21,24,4142.827796651956
HROA,F21,25,4125.214532424213
HROA,F21,26,4107.303402673431
HROA,F21,27,4079.1718310110246
HROA,F21,28,4095.8936954199767
HROA,F21,29,4276.142687953868
HROA,F21,30,4219.763512085207
HROA,F22,1,29585.11129761712
HROA,F22,2,29124.03413334694
HROA,F22,3,30531.99630012911
HROA,F22,4,30053.488890677458
HROA,F22,5,30284.57490815964
HROA,F22,6,30029.74176560886
HROA,F22,7,31612.345792355296
HROA,F22,8,28956.3573606199
HROA,F22,9,30382.82491442003
HROA,F22,10,29976.68637208766
HROA,F22,11,30291.190203021775
HROA,F22,12,30268.485960542264
HROA,F22,13,29262.97966760644
HROA,F22,14,29581.679731957174
HROA,F22,15,30108.6829797331
HROA,F22,16,30180.67750139653
HROA,F22,17,30145.85417029281
HROA,F22,18,30112.298971291908
HROA,F22,19,29621.355310316107
HROA,F22,20,31169.488182077097
HROA,F22,21,29565.846264047268
HROA,F22,22,29936.29371984629
HROA,F22,23,29801.792254147127
HROA,F22,24,29982.758154163854
HROA,F22,25,29621.32193351198
HROA,F22,26,29691.267922592004
HROA,F22,27,29890.905950370998
HROA,F22,28,30153.95489494144
HROA,F22,29,29078.017790307666
HROA,F22,30,30018.94017874466
HROA,F23,1,5540.148714495934
HROA,F23,2,5229.616174268904
HROA,F23,3,5645.562226416228
HROA,F23,4,5477.789051939132
HROA,F23,5,5640.015146153164
HROA,F23,6,5287.951304285684
HROA,F23,7,5358.52466564908
HROA,F23,8,5477.018927373965
HROA,F23,9,5213.344664267015
HROA,F23,10,5101.00186632789
HROA,F23,11,5400.439733135194
HROA,F23,12,5306.349683638626
HROA,F23,13,5476.361987003331
HROA,F23,14,5364.9213924910055
HROA,F23,15,5570.181587952793
HROA,F23,16,5401.534157207511
HROA,F23,17,5505.104297303665
HROA,F23,18,5121.349399386769
HROA,F23,19,5305.63757007344
HROA,F23,20,5371.148252906734
HROA,F23,21,5480.262897969831
HROA,F23,22,5419.300304128773
HROA,F23,23,5654.307071595332
HROA,F23,24,5281.533245702865
HROA,F23,25,5211.4154777868025
HROA,F23,26,5547.942464061312
HROA,F23,27,5606.778607750624
HROA,F23,28,5231.037713699283
HROA,F23,29,5459.208825072958
HROA,F23,30,5374.99826073291
HROA,F24,1,7438.268033532468
HROA,F24,2,7992.517156804263
HROA,F24,3,8370.684710323678
HROA,F24,4,7416.030517295889
HROA,F24,5,7535.1733766313955
HROA,F24,6,7396.605633946545
HROA,F24,7,7058.976298728219
HROA,F24,8,8544.261738904435
HROA,F24,9,7817.971750450091
HROA,F24,10,8793.121885247901
HROA,F24,11,8053.191754195525
HROA,F24,12,7847.875947452529
HROA,F24,13,7108.393827516043
HROA,F24,14,8788.197142111412
HROA,F24,15,7727.217665381539
HROA,F24,16,7835.296240156786
HROA,F24,17,7138.319827519881
HROA,F24,18,8338.656010638224
HROA,F24,19,8338.92335964561
HROA,F24,20,8027.625480961886
HROA,F24,21,8960.164597123972
HROA,F24,22,7900.083413718175
HROA,F24,23,8003.432028447196
HROA,F24,24,7283.033919668407
HROA,F24,25,8250.19778744558
HROA,F24,26,8587.481177811294
HROA,F24,27,8330.08218177747
HROA,F24,28,7311.743141275612
HROA,F24,29,7662.256266468411
HROA,F24,30,8898.751087942197
HROA,F25,1,21107.208631035577
HROA,F25,2,19070.60282508891
HROA,F25,3,19948.768644712367
HROA,F25,4,20473.570954803483
HROA,F25,5,23294.475138193546
HROA,F25,6,21595.276118340997
HROA,F25,7,20157.58544460732
HROA,F25,8,24211.695816078172
HROA,F25,9,17817.54481666477
HROA,F25,10,21183.411703674145
HROA,F25,11,20115.36204298303
HROA,F25,12,17873.741657312414
HROA,F25,13,21023.196348250243
HROA,F25,14,22576.553876225174
HROA,F25,15,16329.1544390384
HROA,F25,16,21706.055398580593
HROA,F25,17,19656.318168435064
HROA,F25,18,21460.49526946291
HROA,F25,19,23422.1331284604
HROA,F25,20,17361.9159363402
HROA,F25,21,15770.934427008735
HROA,F25,22,21972.139397711857
HROA,F25,23,16018.196000008456
HROA,F25,24,21162.416675954442
HROA,F25,25,19035.682010463723
HROA,F25,26,19962.241499661086
HROA,F25,27,17777.484864324437
HROA,F25,28,19628.332812269924
HROA,F25,29,18953.98433753058
HROA,F25,30,19066.503647094967
HROA,F26,1,40788.584563998236
HROA,F26,2,45834.531991245836
HROA,F26,3,38315.435776017235
HROA,F26,4,42716.383676017074
HROA,F26,5,45886.607328113445
HROA,F26,6,45062.51159441125
HROA,F26,7,39489.837430860556
HROA,F26,8,41996.08665603761
HROA,F26,9,44993.007718084904
HROA,F26,10,40388.50819543442
HROA,F26,11,41744.08909405642
HROA,F26,12,45810.47186076913
HROA,F26,13,38685.11975775668
HROA,F26,14,43244.00459842586
HROA,F26,15,40803.51770313033
HROA,F26,16,43615.45240318656
HROA,F26,17,42047.63640530966
HROA,F26,18,41490.84660134155
HROA,F26,19,44294.50530928252
HROA,F26,20,42628.06731008694
HROA,F26,21,41095.788021503075
HROA,F26,22,43723.34302070142
HROA,F26,23,39316.77202778144
HROA,F26,24,40534.85546878871
HROA,F26,25,46878.90970371425
HROA,F26,26,46705.78815445931
HROA,F26,27,44173.647370569
HROA,F26,28,37186.45090845156
HROA,F26,29,45633.55489877694
HROA,F26,30,45637.21444627498
HROA,F27,1,7893.612208834615
HROA,F27,2,8000.979560813515
HROA,F27,3,7690.0783520918485
HROA,F27,4,9062.781951952016
HROA,F27,5,7876.475878278196
HROA,F27,6,8450.62845725047
HROA,F27,7,8630.170059436654
HROA,F27,8,8177.32714009464
HROA,F27,9,7155.866072786707
HROA,F27,10,8072.079668792612
HROA,F27,11,8394.768898479131
HROA,F27,12,8310.936406118284
HROA,F27,13,8595.558005588842
HROA,F27,14,8436.64399006579
HROA,F27,15,6749.558307413454
HROA,F27,16,7614.023941180145
HROA,F27,17,8495.796398357392
HROA,F27,18,7628.12199461143
HROA,F27,19,8337.998744359758
HROA,F27,20,7737.04864636508
HROA,F27,21,8902.186992918632
HROA,F27,22,8911.894508690959
HROA,F27,23,8531.655053648807
HROA,F27,24,8971.029646682427
HROA,F27,25,7884.4542429074145
HROA,F27,26,7451.038587360987
HROA,F27,27,7972.726963541182
HROA,F27,28,8354.665655985613
HROA,F27,29,8232.168054084366
HROA,F27,30,8713.669112293257
HROA,F28,1,26277.01750790932
HROA,F28,2,25619.171334707527
HROA,F28,3,24827.406026845456
HROA,F28,4,27982.421633008995
HROA,F28,5,23551.044678605303
HROA,F28,6,21599.470879661872
HROA,F28,7,24908.856632347502
HROA,F28,8,24318.319356781292
HROA,F28,9,25411.506785445243
HROA,F28,10,25735.37405191209
HROA,F28,11,23906.546273762367
HROA,F28,12,25888.812768011456
HROA,F28,13,24333.593712903345
HROA,F28,14,24368.878202118387
HROA,F28,15,26437.961439536946
HROA,F28,16,25529.248967811236
HROA,F28,17,23822.05453500283
HROA,F28,18,23940.256969596674
HROA,F28,19,27258.551606933535
HROA,F28,20,28230.78337324565
HROA,F28,21,26310.07290738256
HROA,F28,22,25010.406596434863
HROA,F28,23,27330.3582881409
HROA,F28,24,24312.64172776312
HROA,F28,25,24095.434164042163
HROA,F28,26,28395.22049756203
HROA,F28,27,24398.553015402165
HROA,F28,28,23962.58220185956
HROA,F28,29,21507.26714185657
HROA,F28,30,24593.39143044103
HROA,F29,1,21202.02376792721
HROA,F29,2,21087.020795613113
HROA,F29,3,33142.352935763556
HROA,F29,4,28662.143328783917
HROA,F29,5,21022.93584045484
HROA,F29,6,19288.758363153298
HROA,F29,7,27098.99105989098
HROA,F29,8,19397.637608501056
HROA,F29,9,24918.109238466706
HROA,F29,10,23231.85701500281
HROA,F29,11,28656.781928163367
HROA,F29,12,27753.966067991438
HROA,F29,13,16961.025426655946
HROA,F29,14,24367.46622296857
HROA,F29,15,21997.17028756812
HROA,F29,16,17970.904814632686
HROA,F29,17,22707.373171525796
HROA,F29,18,19687.372384223814
HROA,F29,19,29438.040149932192
HROA,F29,20,27832.420074530277
HROA,F29,21,28451.19409674753
HROA,F29,22,27318.806158745054
HROA,F29,23,20152.19151150426
HROA,F29,24,19811.68337665333
HROA,F29,25,17806.12260179502
HROA,F29,26,14670.689810148044
HROA,F29,27,31533.075865299925
HROA,F29,28,15866.885209200174
HROA,F29,29,33526.88124806482
HROA,F29,30,20002.25106458476
HROA,F30,1,9741262740.102013
HROA,F30,2,8542830656.492586
HROA,F30,3,8992468103.85169
HROA,F30,4,10659214283.038887
HROA,F30,5,12249404657.686537
HROA,F30,6,6709493643.531568
HROA,F30,7,10478953115.379108
HROA,F30,8,9408062296.78438
HROA,F30,9,13777639044.929756
HROA,F30,10,7595781425.199898
HROA,F30,11,8710312671.015476
HROA,F30,12,9006575029.703163
HROA,F30,13,7155692442.929012
HROA,F30,14,9406823423.69968
HROA,F30,15,7416312560.774641
HROA,F30,16,8778778198.522264
HROA,F30,17,8291212068.722119
HROA,F30,18,8606093534.161283
HROA,F30,19,12022215772.665775
HROA,F30,20,7970433412.930647
HROA,F30,21,7936544080.7010975
HROA,F30,22,9584823961.570295
HROA,F30,23,9082737871.66823
HROA,F30,24,8132185966.341742
HROA,F30,25,11987726202.204132
HROA,F30,26,10030180148.237888
HROA,F30,27,8205165670.692666
HROA,F30,28,10575465165.66631
HROA,F30,29,10295856320.89902
HROA,F30,30,6428019141.80415
DBA,F1,1,144405857767.05017
DBA,F1,2,145806875681.89124
DBA,F1,3,149217926450.12268
DBA,F1,4,142381568223.04913
DBA,F1,5,140268894671.5693
DBA,F1,6,138567880185.40054
DBA,F1,7,149822681040.77722
DBA,F1,8,139918071244.18176
DBA,F1,9,139207593783.06787
DBA,F1,10,130949446628.14153
DBA,F1,11,135390792721.93286
DBA,F1,12,138193922680.73242
DBA,F1,13,130369643000.57483
DBA,F1,14,140765799183.16232
DBA,F1,15,147567214121.46518
DBA,F1,16,131954937404.85725
DBA,F1,17,143418130414.91287
DBA,F1,18,144838387158.68936
DBA,F1,19,151027957427.63184
DBA,F1,20,133568893893.2691
DBA,F1,21,145301378353.49365
DBA,F1,22,140041971554.9679
DBA,F1,23,147125742350.79135
DBA,F1,24,150132649085.4165
DBA,F1,25,144300446035.38547
DBA,F1,26,130488437652.2008
DBA,F1,27,153621704143.57504
DBA,F1,28,147924469264.22836
DBA,F1,29,141298318815.42224
DBA,F1,30,129624567200.20467
DBA,F3,1,360233.36041665403
DBA,F3,2,356816.19271552924
DBA,F3,3,348115.9467844495
DBA,F3,4,351182.94213450025
DBA,F3,5,360934.4872798497
DBA,F3,6,371929.96225304797
DBA,F3,7,360518.5149354377
DBA,F3,8,349274.3887999406
DBA,F3,9,345166.60076108755
DBA,F3,10,350913.79779723816
DBA,F3,11,350133.9923459112
DBA,F3,12,358004.68793276727
DBA,F3,13,333752.8320695039
DBA,F3,14,340450.60933119984
DBA,F3,15,332542.2690675079
DBA,F3,16,350206.5894026473
DBA,F3,17,353738.28495648474
DBA,F3,18,346321.0362325477
DBA,F3,19,344265.90603473835
DBA,F3,20,350366.3465114683
DBA,F3,21,345425.2006035742
DBA,F3,22,358055.86893565813
DBA,F3,23,343708.5030265865
DBA,F3,24,356252.3821477334
DBA,F3,25,353965.07105334144
DBA,F3,26,342003.5305545582
DBA,F3,27,355732.5747280979
DBA,F3,28,338345.1348473029
DBA,F3,29,357806.31919571426
DBA,F3,30,362354.60357926344
DBA,F4,1,31401.378358926708
DBA,F4,2,37363.663801595394
DBA,F4,3,27561.95880873183
DBA,F4,4,25501.43304890077
DBA,F4,5,33526.86273991472
DBA,F4,6,31424.352975093632
DBA,F4,7,33728.29521812848
DBA,F4,8,30285.53585580564
DBA,F4,9,29951.636806767798
DBA,F4,10,31194.692017887577
DBA,F4,11,31523.114356303322
DBA,F4,12,24962.776127377398
DBA,F4,13,27911.989345865655
DBA,F4,14,36629.55775643336
DBA,F4,15,30539.410559968965
DBA,F4,16,29860.247191919643
DBA,F4,17,30959.44518356407
DBA,F4,18,27984.05898015977
DBA,F4,19,36697.612596589315
DBA,F4,20,32710.70458952424
DBA,F4,21,32123.671974404897
DBA,F4,22,33804.79685843157
DBA,F4,23,34211.614240203395
DBA,F4,24,31819.241505299877
DBA,F4,25,31316.218741959376
DBA,F4,26,33859.13971604466
DBA,F4,27,35339.83069565608
DBA,F4,28,39650.029220385586
DBA,F4,29,32596.331316473177
DBA,F4,30,37146.75290011258
DBA,F5,1,1490.75236020401
DBA,F5,2,1501.1111518139796
DBA,F5,3,1500.1882205345014
DBA,F5,4,1551.4729607012707
DBA,F5,5,1524.190023115809
DBA,F5,6,1489.4536687116956
DBA,F5,7,1468.894392825308
DBA,F5,8,1475.4392013099537
DBA,F5,9,1568.537678952991
DBA,F5,10,1503.6091863723927
DBA,F5,11,1534.7493391414373
DBA,F5,12,1514.653965406866
DBA,F5,13,1494.1154646061673
DBA,F5,14,1500.592360110753
DBA,F5,15,1524.9214346709325
DBA,F5,16,1520.6255660013155
DBA,F5,17,1509.7140111675137
DBA,F5,18,1531.7394711344418
DBA,F5,19,1496.0961078536582
DBA,F5,20,1500.5996295296877
DBA,F5,21,1517.7158624503836
DBA,F5,22,1484.709000725661
DBA,F5,23,1490.6258240169134
DBA,F5,24,1498.731788538942
DBA,F5,25,1472.3312069438812
DBA,F5,26,1517.456037357515
DBA,F5,27,1513.221989648103
DBA,F5,28,1508.6166390023395
DBA,F5,29,1420.4138534775266
DBA,F5,30,1535.401119125789
DBA,F6,1,683.2822573667008
DBA,F6,2,681.3045821941089
DBA,F6,3,676.0632008280911
DBA,F6,4,680.0063438569523
DBA,F6,5,679.9717499161737
DBA,F6,6,678.1457418310988
DBA,F6,7,684.4027489694279
DBA,F6,8,676.8783145505998
DBA,F6,9,681.6218958657541
DBA,F6,10,682.2065320807744
DBA,F6,11,682.8644147838626
DBA,F6,12,679.0585102762644
DBA,F6,13,679.3452557466327
DBA,F6,14,679.1354102332182
DBA,F6,15,683.5454989297062
DBA,F6,16,682.1204891249345
DBA,F6,17,682.1992650490433
DBA,F6,18,679.8573032942173
DBA,F6,19,680.067611623167
DBA,F6,20,685.5937651427
DBA,F6,21,688.6356368742296
DBA,F6,22,686.3720926544452
DBA,F6,23,685.8196732910566
DBA,F6,24,681.1139944612032
DBA,F6,25,683.6130142867767
DBA,F6,26,680.6212743338127
DBA,F6,27,679.8819040130388
DBA,F6,28,683.2559677160004
DBA,F6,29,682.2010071783254
DBA,F6,30,681.0643075131219
DBA,F7,1,3766.4495401180848
DBA,F7,2,3864.521385244518
DBA,F7,3,3779.703694220159
DBA,F7,4,3774.7412263731376
DBA,F7,5,3716.5306372914583
DBA,F7,6,3772.2192165381744
DBA,F7,7,3699.373021271293
DBA,F7,8,3756.794081410419
DBA,F7,9,3808.7748560272908
DBA,F7,10,3770.3186455134437
DBA,F7,11,3670.721693064025
DBA,F7,12,3778.184515338839
DBA,F7,13,3724.6437198309
DBA,F7,14,3701.2238158424684
DBA,F7,15,3701.1437496965286
DBA,F7,16,3740.326751904973
DBA,F7,17,3737.824242074453
DBA,F7,18,3710.5669319641993
DBA,F7,19,3668.0254333924686
DBA,F7,20,3868.090173300696
DBA,F7,21,3685.330093338053
DBA,F7,22,3730.0549958169972
DBA,F7,23,3737.0649630432667
DBA,F7,24,3668.6406545205905
DBA,F7,25,3791.4324267147585
DBA,F7,26,3689.787040262815
DBA,F7,27,3723.0424497054755
DBA,F7,28,3719.5603718720117
DBA,F7,29,3829.3388891277937
DBA,F7,30,3712.986694711591
DBA,F8,1,2053.5227624130694
DBA,F8,2,1925.5327189949828
DBA,F8,3,1982.2014912105358
DBA,F8,4,1975.059636573586
DBA,F8,5,1994.6082062842768
DBA,F8,6,2037.7412212198374
DBA,F8,7,1845.8381229270494
DBA,F8,8,2014.9024347485094
DBA,F8,9,2004.3718016132043
DBA,F8,10,1962.311825991567
DBA,F8,11,2019.6687086987
DBA,F8,12,2032.1644184750585
DBA,F8,13,2023.1666547330333
DBA,F8,14,2044.268454354316
DBA,F8,15,1960.6171151012727
DBA,F8,16,1969.5563091198198
DBA,F8,17,2035.5230056708874
DBA,F8,18,2035.639398304479
DBA,F8,19,1899.9388079681828
DBA,F8,20,1987.9030134504883
DBA,F8,21,1989.8779338747406
DBA,F8,22,2000.8673624232708
DBA,F8,23,2028.857810958032
DBA,F8,24,1939.7421907865328
DBA,F8,25,2006.2900858845946
DBA,F8,26,2033.0688922157856
DBA,F8,27,2026.3034339326412
DBA,F8,28,1938.5614294532422
DBA,F8,29,2021.9397997413412
DBA,F8,30,1975.0574486625485
DBA,F9,1,61543.71950352884
DBA,F9,2,63694.25918047756
DBA,F9,3,60963.73673243348
DBA,F9,4,61308.015661756865
DBA,F9,5,64820.600265613466
DBA,F9,6,62329.706106928454
DBA,F9,7,62729.484735979575
DBA,F9,8,61908.190446477995
DBA,F9,9,58402.973046426894
DBA,F9,10,62666.25892241002
DBA,F9,11,63124.105021688665
DBA,F9,12,63900.75093795557
DBA,F9,13,63261.90422042113
DBA,F9,14,63138.14213554387
DBA,F9,15,61967.99253490062
DBA,F9,16,61350.28172496965
DBA,F9,17,65927.49275460342
DBA,F9,18,62255.87820575334
DBA,F9,19,64977.06243272165
DBA,F9,20,57453.17030983674
DBA,F9,21,61152.840341828036
DBA,F9,22,61661.36771212651
DBA,F9,23,70241.20284154272
DBA,F9,24,66082.31388774913
DBA,F9,25,57565.78948325764
DBA,F9,26,62558.49873185737
DBA,F9,27,59738.75348530929
DBA,F9,28,62749.99989584271
DBA,F9,29,67160.50503087179
DBA,F9,30,58961.80232501577
DBA,F10,1,20386.64875422908
DBA,F10,2,19487.353612113213
DBA,F10,3,21979.319294868783
DBA,F10,4,20267.62601220528
DBA,F10,5,19464.53632405375
DBA,F10,6,21491.984795008026
DBA,F10,7,19277.34863218839
DBA,F10,8,19262.292346946437
DBA,F10,9,20325.942996736667
DBA,F10,10,21113.03275467243
DBA,F10,11,17406.605180171817
DBA,F10,12,21121.30940989267
DBA,F10,13,18961.733627824928
DBA,F10,14,20084.779372005338
DBA,F10,15,19961.74431858252
DBA,F10,16,19430.252364671822
DBA,F10,17,20303.459120224234
DBA,F10,18,20246.866670746425
DBA,F10,19,19152.206864334923
DBA,F10,20,18964.282123976867
DBA,F10,21,18540.38345629762
DBA,F10,22,19293.86654869615
DBA,F10,23,19161.153475856216
DBA,F10,24,18923.68264260011
DBA,F10,25,19862.35459072309
DBA,F10,26,19272.9640721132
DBA,F10,27,18063.09323468521
DBA,F10,28,20450.83562051941
DBA,F10,29,17895.09398601212
DBA,F10,30,18260.534016267095
DBA,F11,1,274737.2667963132
DBA,F11,2,336968.3663742708
DBA,F11,3,227518.72899406127
DBA,F11,4,233864.70959249308
DBA,F11,5,166688.66449449363
DBA,F11,6,200598.8007011224
DBA,F11,7,194259.60974750508
DBA,F11,8,346539.87168402254
DBA,F11,9,206935.7678668962
DBA,F11,10,167928.91473328287
DBA,F11,11,241318.68331900125
DBA,F11,12,247837.65410053614
DBA,F11,13,249251.28094238378
DBA,F11,14,192350.67119605947
DBA,F11,15,232583.2904701604
DBA,F11,16,213693.8205270354
DBA,F11,17,309215.6046581829
DBA,F11,18,312749.1931722503
DBA,F11,19,152004.4239549141
DBA,F11,20,288178.9957317639
DBA,F11,21,218318.05305070485
DBA,F11,22,188956.2209240024
DBA,F11,23,330292.8798529936
DBA,F11,24,200241.36362392496
DBA,F11,25,148917.93299770125
DBA,F11,26,486727.83921307384
DBA,F11,27,295710.55274497694
DBA,F11,28,223907.29772629074
DBA,F11,29,220177.91901495706
DBA,F11,30,176543.43000698797
DBA,F12,1,95580957194.53723
DBA,F12,2,93769771989.28276
DBA,F12,3,67393982218.753876
DBA,F12,4,59373951809.62793
DBA,F12,5,72427557113.65408
DBA,F12,6,57911214838.54566
DBA,F12,7,74940372009.40968
DBA,F12,8,87191573621.03052
DBA,F12,9,59691732432.73396
DBA,F12,10,70960834403.1677
DBA,F12,11,74407336605.6848
DBA,F12,12,86487830438.43217
DBA,F12,13,83179620450.01558
DBA,F12,14,90812115526.84277
DBA,F12,15,84299281514.95796
DBA,F12,16,83803569260.19485
DBA,F12,17,77161395333.69255
DBA,F12,18,71886464326.91681
DBA,F12,19,67887410796.00859
DBA,F12,20,76586174107.01208
DBA,F12,21,62126573094.18584
DBA,F12,22,56074373457.24458
DBA,F12,23,79064345131.81439
DBA,F12,24,68233768224.33585
DBA,F12,25,73632596640.7852
DBA,F12,26,78463983000.98018
DBA,F12,27,64222408296.25694
DBA,F12,28,80925696439.41248
DBA,F12,29,81518728740.75304
DBA,F12,30,80260930322.17041
DBA,F13,1,10049979517.388092
DBA,F13,2,17054179151.273561
DBA,F13,3,8945679655.073092
DBA,F13,4,13107888740.31943
DBA,F13,5,6152595513.884348
DBA,F13,6,13849064157.703547
DBA,F13,7,16793178354.251156
DBA,F13,8,12928575993.554943
DBA,F13,9,9140102555.822231
DBA,F13,10,13114211423.90146
DBA,F13,11,11766291205.503984
DBA,F13,12,9180275018.170464
DBA,F13,13,11316449346.984514
DBA,F13,14,15023108966.016235
DBA,F13,15,17321489142.664986
DBA,F13,16,8774556195.483688
DBA,F13,17,15481047656.713852
DBA,F13,18,5870469762.723976
DBA,F13,19,16438734208.141584
DBA,F13,20,14032029243.164377
DBA,F13,21,11096008722.783068
DBA,F13,22,13704094072.413216
DBA,F13,23,12651926613.868853
DBA,F13,24,13087142560.896177
DBA,F13,25,12671927347.256311
DBA,F13,26,11692909613.308384
DBA,F13,27,17152938626.096045
DBA,F13,28,14649325771.60297
DBA,F13,29,11996394560.759241
DBA,F13,30,2737643663.5432367
DBA,F14,1,10181084.875925018
DBA,F14,2,10135047.552715886
DBA,F14,3,8755195.78908574
DBA,F14,4,8371055.726078122
DBA,F14,5,16382674.14736349
DBA,F14,6,15798827.822022837
DBA,F14,7,12613222.872047268
DBA,F14,8,5265411.016560917
DBA,F14,9,12837255.71207061
DBA,F14,10,9841159.273065612
DBA,F14,11,8749390.839580633
DBA,F14,12,10021640.831888841
DBA,F14,13,7973548.769842697
DBA,F14,14,13598693.539980663
DBA,F14,15,11246897.000936331
DBA,F14,16,10239766.226512672
DBA,F14,17,14540641.484674873
DBA,F14,18,17516623.480872367
DBA,F14,19,13148919.7651369
DBA,F14,20,7182043.536122726
DBA,F14,21,12482402.496128874
DBA,F14,22,10223057.362642895
DBA,F14,23,8332529.420291805
DBA,F14,24,5734909.649538159
DBA,F14,25,14973384.033483993
DBA,F14,26,8434312.3124856
DBA,F14,27,10955341.666646948
DBA,F14,28,7085070.85777687
DBA,F14,29,17091613.386349086
DBA,F14,30,11087022.252952153
DBA,F15,1,3693966404.766368
DBA,F15,2,3266165524.613309
DBA,F15,3,1435681624.9712002
DBA,F15,4,3589769435.5141535
DBA,F15,5,1668826036.7144268
DBA,F15,6,3480013856.9020367
DBA,F15,7,5313276198.22868
DBA,F15,8,3696184059.3286204
DBA,F15,9,3759284239.2353067
DBA,F15,10,2582184986.343065
DBA,F15,11,5546908768.228893
DBA,F15,12,4084300030.358807
DBA,F15,13,1819045615.5310247
DBA,F15,14,3371570608.9798446
DBA,F15,15,1794693062.493184
DBA,F15,16,3073728499.332912
DBA,F15,17,2688355430.1020613
DBA,F15,18,4539539594.966534
DBA,F15,19,3802686965.0422144
DBA,F15,20,3166122113.9912596
DBA,F15,21,5344360292.22722
DBA,F15,22,4105381194.0461364
DBA,F15,23,2288260382.705951
DBA,F15,24,1101407051.5700228
DBA,F15,25,2623413137.1859655
DBA,F15,26,739452990.9324852
DBA,F15,27,1568533934.1980934
DBA,F15,28,3177787394.2998867
DBA,F15,29,321737832.85789007
DBA,F15,30,3149891439.8327565
DBA,F16,1,14628.81913487583
DBA,F16,2,14172.978110325026
DBA,F16,3,14269.196841779194
DBA,F16,4,11242.222028317297
DBA,F16,5,13930.240258713666
DBA,F16,6,12305.168684748061
DBA,F16,7,11981.440535495036
DBA,F16,8,14211.459555847014
DBA,F16,9,12981.974503614278
DBA,F16,10,9271.215191561101
DBA,F16,11,11064.513409386493
DBA,F16,12,13678.772606872886
DBA,F16,13,11389.745895769622
DBA,F16,14,12786.60746156861
DBA,F16,15,14086.030073740221
DBA,F16,16,9240.884598465153
DBA,F16,17,14656.154951283881
DBA,F16,18,11569.851678343231
DBA,F16,19,12939.4205366049
DBA,F16,20,13004.821982326686
DBA,F16,21,13637.710072241052
DBA,F16,22,13031.847695899392
DBA,F16,23,9684.466664555106
DBA,F16,24,13098.26620233696
DBA,F16,25,12077.324908601495
DBA,F16,26,12442.783134170551
DBA,F16,27,11792.723159774538
DBA,F16,28,12889.280858452861
DBA,F16,29,12903.300764384376
DBA,F16,30,13413.416936666452
DBA,F17,1,7771.530196752472
DBA,F17,2,17273.742941968318
DBA,F17,3,30016.179362759092
DBA,F17,4,29824.856045981935
DBA,F17,5,34482.043818223465
DBA,F17,6,18599.884034120485
DBA,F17,7,28138.72560434615
DBA,F17,8,14665.823215434637
DBA,F17,9,44780.785701928326
DBA,F17,10,16009.034535468585
DBA,F17,11,57719.81415043336
DBA,F17,12,14974.350536250071
DBA,F17,13,9882.192251889446
DBA,F17,14,10058.027554514083
DBA,F17,15,49777.00952865593
DBA,F17,16,75859.45763282865
DBA,F17,17,11532.070130093794
DBA,F17,18,20324.62029958563
DBA,F17,19,20584.324576773237
DBA,F17,20,7518.923794475244
DBA,F17,21,24518.491307690085
DBA,F17,22,22042.63831717922
DBA,F17,23,16195.57344932292
DBA,F17,24,9272.478319234026
DBA,F17,25,28377.6444116491
DBA,F17,26,43042.673328532335
DBA,F17,27,8865.758306978441
DBA,F17,28,77332.00631932264
DBA,F17,29,49161.724074786165
DBA,F17,30,21913.315370709523
DBA,F18,1,5840171.831819332
DBA,F18,2,10274314.744275484
DBA,F18,3,18409165.38439285
DBA,F18,4,6410015.417694536
DBA,F18,5,4575011.847344302
DBA,F18,6,5256909.504216572
DBA,F18,7,13420176.684110692
DBA,F18,8,12635429.864371365
DBA,F18,9,9794363.105232911
DBA,F18,10,6259001.493637133
DBA,F18,11,4695256.379334085
DBA,F18,12,7810068.670730238
DBA,F18,13,10018378.558508558
DBA,F18,14,14769904.156918164
DBA,F18,15,6656623.61004714
DBA,F18,16,13733950.699490901
DBA,F18,17,4052427.350057392
DBA,F18,18,6332439.550210972
DBA,F18,19,7128564.659707224
DBA,F18,20,3630796.6949227327
DBA,F18,21,6293163.479596945
DBA,F18,22,13725761.121524094
DBA,F18,23,8227778.079453678
DBA,F18,24,5073411.405067458
DBA,F18,25,3830741.6713453997
DBA,F18,26,4326957.85785905
DBA,F18,27,9436495.078485224
DBA,F18,28,7621626.630522185
DBA,F18,29,8528175.631184991
DBA,F18,30,5661481.362443898
DBA,F19,1,3936908368.096099
DBA,F19,2,3834046098.9163938
DBA,F19,3,3037349494.902977
DBA,F19,4,2350718001.679593
DBA,F19,5,1360329917.2938673
DBA,F19,6,5951338730.44778
DBA,F19,7,2288186382.900193
DBA,F19,8,3458686677.5746183
DBA,F19,9,2976411746.6529903
DBA,F19,10,1690594858.3779666
DBA,F19,11,1972227302.5322669
DBA,F19,12,1635117957.7020342
DBA,F19,13,617597378.6521835
DBA,F19,14,6304988633.758802
DBA,F19,15,4441113352.06717
DBA,F19,16,2409765910.8226433
DBA,F19,17,3463435713.2865543
DBA,F19,18,1097160521.4195237
DBA,F19,19,1906322672.684966
DBA,F19,20,1881879353.8585436
DBA,F19,21,426734951.94726956
DBA,F19,22,4322118806.477199
DBA,F19,23,1479091692.0828435
DBA,F19,24,1554416677.7953727
DBA,F19,25,2830345233.3052287
DBA,F19,26,1724598458.7903602
DBA,F19,27,5885992086.1027355
DBA,F19,28,3063600009.707924
DBA,F19,29,4379810653.542951
DBA,F19,30,2765755973.27997
DBA,F20,1,5172.452245190153
DBA,F20,2,5153.589482872649
DBA,F20,3,5330.804728767476
DBA,F20,4,6094.049245345933
DBA,F20,5,5179.498964827819
DBA,F20,6,5683.028843514465
DBA,F20,7,5418.86066758822
DBA,F20,8,6428.751997691852
DBA,F20,9,4977.25838264764
DBA,F20,10,5752.738089513269
DBA,F20,11,5429.61718447354
DBA,F20,12,6078.101948974696
DBA,F20,13,6326.946604943688
DBA,F20,14,5197.102730151482
DBA,F20,15,5832.056367175324
DBA,F20,16,4649.3183379636685
DBA,F20,17,6387.560712747737
DBA,F20,18,6149.286227789173
DBA,F20,19,5819.000901401472
DBA,F20,20,6575.175377668473
DBA,F20,21,6089.587358129553
DBA,F20,22,5377.282542062146
DBA,F20,23,6296.736735736554
DBA,F20,24,6036.386319944667
DBA,F20,25,5228.550660723874
DBA,F20,26,6525.273604632801
DBA,F20,27,5776.045561394638
DBA,F20,28,6316.765546865227
DBA,F20,29,5761.817396519828
DBA,F20,30,6279.222689111941
DBA,F21,1,4287.483206326752
DBA,F21,2,4204.174214320128
DBA,F21,3,4632.233780281309
DBA,F21,4,4151.415098326788
DBA,F21,5,4213.503409699573
DBA,F21,6,4163.284255931133
DBA,F21,7,4194.457400072559
DBA,F21,8,4475.526386735554
DBA,F21,9,4315.5960016379495
DBA,F21,10,4260.076379187239
DBA,F21,11,4438.7219028118925
DBA,F21,12,4770.936724161923
DBA,F21,13,3973.793187735776
DBA,F21,14,4442.29499692554
DBA,F21,15,4726.991078417618
DBA,F21,16,4119.3450247664405
DBA,F21,17,4329.522750009019
DBA,F21,18,3890.753432681979
DBA,F21,19,4182.188234400829
DBA,F21,20,4409.891722192824
DBA,F21,21,4110.952007727604
DBA,F21,22,4278.008120898337
DBA,F21,23,4303.3136434224425
DBA,F21,24,4014.5855939465246
DBA,F21,25,4067.016426320692
DBA,F21,26,4421.384708943955
DBA,F21,27,4025.9822767378755
DBA,F21,28,4443.554767396077
DBA,F21,29,4492.538496489155
DBA,F21,30,3961.910870724387
DBA,F22,1,24225.14337876144
DBA,F22,2,23708.48414982936
DBA,F22,3,25359.672748471403
DBA,F22,4,24057.872718794246
DBA,F22,5,24313.86464492418
DBA,F22,6,25395.691140809133
DBA,F22,7,24415.387869348266
DBA,F22,8,25149.8968102439
DBA,F22,9,23867.987302694484
DBA,F22,10,24488.115312545797
DBA,F22,11,24013.569803544604
DBA,F22,12,24704.6631890962
DBA,F22,13,23891.40663829377
DBA,F22,14,23885.0067855299
DBA,F22,15,23725.89207113376
DBA,F22,16,23444.36862070544
DBA,F22,17,24814.674410595497
DBA,F22,18,24649.140595245553
DBA,F22,19,24233.453553356405
DBA,F22,20,23258.20024015652
DBA,F22,21,23302.173650921162
DBA,F22,22,24234.075177897725
DBA,F22,23,25465.861535193875
DBA,F22,24,24496.10216348897
DBA,F22,25,23797.423769844016
DBA,F22,26,25242.378749361276
DBA,F22,27,23018.265594776505
DBA,F22,28,23689.45587586
DBA,F22,29,22479.229518306496
DBA,F22,30,25234.06112418377
DBA,F23,1,6077.265404535845
DBA,F23,2,6465.072589759448
DBA,F23,3,6293.329882834708
DBA,F23,4,6333.191320871769
DBA,F23,5,6610.733782534331
DBA,F23,6,6710.713925714823
DBA,F23,7,6585.693393956308
DBA,F23,8,6643.275634085867
DBA,F23,9,6172.704070378309
DBA,F23,10,6121.037964863105
DBA,F23,11,6381.952345284855
DBA,F23,12,6542.459137101563
DBA,F23,13,6150.133044610257
DBA,F23,14,6701.145382891005
DBA,F23,15,6421.546315657186
DBA,F23,16,6748.995102647557
DBA,F23,17,7465.345554875612
DBA,F23,18,5721.925685824013
DBA,F23,19,6526.102258798265
DBA,F23,20,6109.670209527623
DBA,F23,21,6601.150818988871
DBA,F23,22,7532.652560515196
DBA,F23,23,6237.225061427931
DBA,F23,24,6578.468537875227
DBA,F23,25,5933.608830937493
DBA,F23,26,5992.600107369368
DBA,F23,27,6744.92703145556
DBA,F23,28,6686.872951647622
DBA,F23,29,6587.88922995622
DBA,F23,30,6522.280517787409
DBA,F24,1,9036.642201031147
DBA,F24,2,9855.794877674869
DBA,F24,3,9412.001583910152
DBA,F24,4,10007.828001609512
DBA,F24,5,10741.825472807168
DBA,F24,6,8822.810960353361
DBA,F24,7,9860.670992185205
DBA,F24,8,9966.673821544573
DBA,F24,9,9195.948255791613
DBA,F24,10,10462.763235779601
DBA,F24,11,10215.122510287654
DBA,F24,12,10508.694448220624
DBA,F24,13,9394.904893632493
DBA,F24,14,9971.291744134898
DBA,F24,15,10174.857876080865
DBA,F24,16,9911.806848772892
DBA,F24,17,10561.5358616265
DBA,F24,18,10466.21542737968
DBA,F24,19,9405.916551611088
DBA,F24,20,9673.80409886147
DBA,F24,21,9844.736266940397
DBA,F24,22,9847.155456148757
DBA,F24,23,8797.332215796803
DBA,F24,24,9032.433924715664
DBA,F24,25,9654.736161836756
DBA,F24,26,8784.290712702597
DBA,F24,27,9024.219773951583
DBA,F24,28,9114.91222051133
DBA,F24,29,8913.0023575214
DBA,F24,30,9281.525799339952
DBA,F25,1,13464.12051958892
DBA,F25,2,13698.05779458983
DBA,F25,3,12617.309308233078
DBA,F25,4,12212.453492016672
DBA,F25,5,11601.508789823978
DBA,F25,6,12501.276055133365
DBA,F25,7,13710.112731436948
DBA,F25,8,13000.521715934003
DBA,F25,9,12993.15515388149
DBA,F25,10,11681.330427714747
DBA,F25,11,13039.034369200506
DBA,F25,12,12548.222045243048
DBA,F25,13,12768.7260084417
DBA,F25,14,12892.507359213008
DBA,F25,15,12492.449912246844
DBA,F25,16,12690.671213193844
DBA,F25,17,14031.055290496564
DBA,F25,18,13142.339828661856
DBA,F25,19,12799.4413262442
DBA,F25,20,11325.353102532707
DBA,F25,21,13051.112012645757
DBA,F25,22,12553.785616211344
DBA,F25,23,12892.801179505657
DBA,F25,24,13174.760490312561
DBA,F25,25,13326.90037009937
DBA,F25,26,13380.528539441906
DBA,F25,27,12860.491479808095
DBA,F25,28,11880.511059854016
DBA,F25,29,13564.530602909834
DBA,F25,30,11209.4645147873
DBA,F26,1,40280.55320803037
DBA,F26,2,37032.86175825458
DBA,F26,3,38192.37536691438
DBA,F26,4,35012.63008638186
DBA,F26,5,34556.92008296759
DBA,F26,6,37267.54870931135
DBA,F26,7,36971.512035925145
DBA,F26,8,36882.54242555687
DBA,F26,9,39627.492177470995
DBA,F26,10,37043.245578700364
DBA,F26,11,37379.45620608794
DBA,F26,12,36882.72746519974
DBA,F26,13,31668.428266429735
DBA,F26,14,37909.09524325933
DBA,F26,15,36401.42924336225
DBA,F26,16,37243.504962619714
DBA,F26,17,35032.75162467456
DBA,F26,18,38718.81060104363
DBA,F26,19,38167.209718614526
DBA,F26,20,34839.67692197452
DBA,F26,21,37097.27311418365
DBA,F26,22,37233.74394731844
DBA,F26,23,35389.557002657326
DBA,F26,24,36416.703259211885
DBA,F26,25,35481.20222677126
DBA,F26,26,36592.0857454707
DBA,F26,27,35830.54279312378
DBA,F26,28,36297.18508573954
DBA,F26,29,35505.2329039876
DBA,F26,30,36631.74882257033
DBA,F27,1,11022.652283266641
DBA,F27,2,9222.100264426077
DBA,F27,3,12276.310793437176
DBA,F27,4,8581.688822485154
DBA,F27,5,11013.736197946575
DBA,F27,6,12736.276420283153
DBA,F27,7,12800.596696882792
DBA,F27,8,12567.362412145358
DBA,F27,9,9745.747451290585
DBA,F27,10,12331.824075648137
DBA,F27,11,12405.086974797183
DBA,F27,12,11837.286080902328
DBA,F27,13,11982.160508989475
DBA,F27,14,9084.21096253864
DBA,F27,15,9787.022502299717
DBA,F27,16,10431.444510123994
DBA,F27,17,12579.197701907771
DBA,F27,18,11230.646067401434
DBA,F27,19,12811.18984123773
DBA,F27,20,10259.461854823301
DBA,F27,21,11662.4276849674
DBA,F27,22,11556.879221429457
DBA,F27,23,12239.23020142102
DBA,F27,24,10443.265513280436
DBA,F27,25,10898.219207579054
DBA,F27,26,10332.632650720276
DBA,F27,27,12841.728242413386
DBA,F27,28,12242.048262205519
DBA,F27,29,11549.608748192468
DBA,F27,30,11841.84821436647
DBA,F28,1,20090.88080612019
DBA,F28,2,19875.57969617262
DBA,F28,3,20452.759970408675
DBA,F28,4,18698.387657226263
DBA,F28,5,19428.60237007821
DBA,F28,6,17830.04598086411
DBA,F28,7,18405.461265350925
DBA,F28,8,19513.074091560055
DBA,F28,9,18429.720023894282
DBA,F28,10,18979.843526320514
DBA,F28,11,18339.22034356692
DBA,F28,12,21107.477597793382
DBA,F28,13,19042.240356016217
DBA,F28,14,18704.79642017225
DBA,F28,15,21284.910621664712
DBA,F28,16,19664.199768786046
DBA,F28,17,21354.811157013184
DBA,F28,18,21560.08251466684
DBA,F28,19,20464.670859754213
DBA,F28,20,20388.406335300864
DBA,F28,21,19542.984144976108
DBA,F28,22,19330.279722537587
DBA,F28,23,19640.634049343604
DBA,F28,24,19222.832646573148
DBA,F28,25,19846.99193219796
DBA,F28,26,19901.602824171776
DBA,F28,27,19411.850392702287
DBA,F28,28,20487.10086979693
DBA,F28,29,19298.29692032802
DBA,F28,30,17568.551251616875
DBA,F29,1,29823.599072076806
DBA,F29,2,17314.2517089495
DBA,F29,3,19230.08220449802
DBA,F29,4,21569.336486615925
DBA,F29,5,17454.75672884877
DBA,F29,6,21312.677799991394
DBA,F29,7,15796.116261469411
DBA,F29,8,23233.440709400264
DBA,F29,9,17075.213651639606
DBA,F29,10,18133.72832365714
DBA,F29,11,24497.27350199812
DBA,F29,12,21254.88429591852
DBA,F29,13,20400.899818720183
DBA,F29,14,25670.06209633763
DBA,F29,15,23213.612531241735
DBA,F29,16,19737.892598713766
DBA,F29,17,33772.50982960651
DBA,F29,18,27183.391248141514
DBA,F29,19,17764.615887762164
DBA,F29,20,19105.222935428767
DBA,F29,21,20033.103235753995
DBA,F29,22,18171.324430856024
DBA,F29,23,21495.557610548476
DBA,F29,24,23395.843894456066
DBA,F29,25,16954.377491250634
DBA,F29,26,12371.28299750582
DBA,F29,27,25802.854205017786
DBA,F29,28,22689.326436663567
DBA,F29,29,50744.9389063076
DBA,F29,30,15803.029305822074
DBA,F30,1,18511065124.20262
DBA,F30,2,12280422104.196478
DBA,F30,3,10455058796.009008
DBA,F30,4,13484302867.591938
DBA,F30,5,13803148044.983135
DBA,F30,6,7951175632.236488
DBA,F30,7,12962703671.86414
DBA,F30,8,11896476661.545427
DBA,F30,9,14713896410.323557
DBA,F30,10,8915386810.747736
DBA,F30,11,11560609133.555977
DBA,F30,12,13828374099.81726
DBA,F30,13,13312751283.675678
DBA,F30,14,16786912947.453827
DBA,F30,15,12318816816.486582
DBA,F30,16,18112124719.855694
DBA,F30,17,14947420140.024261
DBA,F30,18,12751248401.66953
DBA,F30,19,14330654776.36541
DBA,F30,20,8415679661.342991
DBA,F30,21,11575678572.594103
DBA,F30,22,12302015344.330261
DBA,F30,23,6913373230.154869
DBA,F30,24,12726896825.496851
DBA,F30,25,13698756935.990595
DBA,F30,26,9536168599.60625
DBA,F30,27,15825645686.623688
DBA,F30,28,13141326553.656982
DBA,F30,29,14608698255.702337
DBA,F30,30,7904378264.406118
POA,F1,1,467581638985.55457
POA,F1,2,422986462994.4145
POA,F1,3,325648075784.93
POA,F1,4,343893644317.31366
POA,F1,5,351237664345.28644
POA,F1,6,355204017967.2092
POA,F1,7,360713222652.80664
POA,F1,8,352014497369.0322
POA,F1,9,350280653139.69086
POA,F1,10,332745042987.9489
POA,F1,11,339530138676.7228
POA,F1,12,399853645278.6279
POA,F1,13,336234883352.48663
POA,F1,14,373868321864.30334
POA,F1,15,377495612807.43164
POA,F1,16,418963729529.58936
POA,F1,17,385914727602.41504
POA,F1,18,358405714100.65393
POA,F1,19,425376640672.4727
POA,F1,20,337508629052.96
POA,F1,21,386585948392.3615
POA,F1,22,428681375210.643
POA,F1,23,352503952442.1128
POA,F1,24,428693666810.38824
POA,F1,25,381866345520.88104
POA,F1,26,330778958287.0072
POA,F1,27,450985262306.0988
POA,F1,28,374711263540.09357
POA,F1,29,357196675657.7489
POA,F1,30,408800951799.41986
POA,F3,1,1041282.0816225116
POA,F3,2,1214976.0591760762
POA,F3,3,1326141.4781960624
POA,F3,4,1246770.0938296388
POA,F3,5,1180781.7676573887
POA,F3,6,1314930.8350161728
POA,F3,7,1209233.9356777633
POA,F3,8,1194392.059778442
POA,F3,9,1318740.066601175
POA,F3,10,1234022.527741709
POA,F3,11,1349672.8765671402
POA,F3,12,878771.012450336
POA,F3,13,1409844.281983631
POA,F3,14,1081960.92229198
POA,F3,15,1002630.5531625786
POA,F3,16,1162850.0410263247
POA,F3,17,1175502.0778155774
POA,F3,18,1226413.6569471208
POA,F3,19,1084479.1446889315
POA,F3,20,1322963.5383631159
POA,F3,21,1252507.3341498813
POA,F3,22,1145905.1509455787
POA,F3,23,858636.205163281
POA,F3,24,671665.5032875896
POA,F3,25,1334994.5503867415
POA,F3,26,734800.1370826401
POA,F3,27,1269905.9263334253
POA,F3,28,1050355.157672194
POA,F3,29,1413414.5718389268
POA,F3,30,1147289.5490488694
POA,F4,1,78687.9515611628
POA,F4,2,43635.64093980355
POA,F4,3,69673.49994808926
POA,F4,4,66604.98705701112
POA,F4,5,69696.79567021172
POA,F4,6,59033.07974609445
POA,F4,7,93609.60204379284
POA,F4,8,80256.05390622714
POA,F4,9,75584.95537542697
POA,F4,10,91556.22392627306
POA,F4,11,91524.72087759785
POA,F4,12,77054.39298150937
POA,F4,13,64336.976350933415
POA,F4,14,48513.75570135939
POA,F4,15,73810.19487123404
POA,F4,16,95231.12431329329
POA,F4,17,88798.36284347647
POA,F4,18,65183.90239401157
POA,F4,19,78673.99067377867
POA,F4,20,66168.4368590546
POA,F4,21,42986.58309253997
POA,F4,22,68102.92456609322
POA,F4,23,66980.48394826087
POA,F4,24,68861.9429456553
POA,F4,25,94034.2915944563
POA,F4,26,61721.807435763156
POA,F4,27,60898.33728436018
POA,F4,28,47310.888703077595
POA,F4,29,85479.75912811825
POA,F4,30,67862.49146867721
POA,F5,1,2352.5857554225445
POA,F5,2,2243.203156433833
POA,F5,3,2388.1908529816874
POA,F5,4,2387.686433436491
POA,F5,5,2570.978786051149
POA,F5,6,2362.77710458854
POA,F5,7,2455.0546902905508
POA,F5,8,2437.3254839646725
POA,F5,9,2356.8886142535066
POA,F5,10,2443.101764651696
POA,F5,11,2404.1753460722566
POA,F5,12,2695.366947591632
POA,F5,13,2421.0002573912807
POA,F5,14,2509.9244577834547
POA,F5,15,2382.7683850182952
POA,F5,16,2527.703000982541
POA,F5,17,2484.0640169529565
POA,F5,18,2325.0145415661436
POA,F5,19,2363.4852217819907
POA,F5,20,2404.654365438996
POA,F5,21,2334.724081628432
POA,F5,22,2375.2441645469307
POA,F5,23,2576.065665497565
POA,F5,24,2378.6453995075926
POA,F5,25,2396.8307640776843
POA,F5,26,2465.907827557529
POA,F5,27,2456.2617992585792
POA,F5,28,2630.565642367705
POA,F5,29,2458.904739200574
POA,F5,30,2447.4231614737905
POA,F6,1,724.587466701228
POA,F6,2,735.2027466412289
POA,F6,3,728.0897969588326
POA,F6,4,729.2015920617919
POA,F6,5,727.3857785130504
POA,F6,6,729.975002780676
POA,F6,7,725.6387378513313
POA,F6,8,728.8391626747473
POA,F6,9,730.6908346717563
POA,F6,10,722.401697337668
POA,F6,11,735.9778963335355
POA,F6,12,717.1880408773185
POA,F6,13,727.1600862731716
POA,F6,14,721.5269330429471
POA,F6,15,723.1347752860747
POA,F6,16,745.4693020023842
POA,F6,17,725.7539554448249
POA,F6,18,726.4337932591791
POA,F6,19,721.3195502999987
POA,F6,20,722.7741735190979
POA,F6,21,725.9649572738227
POA,F6,22,724.1988614468763
POA,F6,23,737.2216415539053
POA,F6,24,730.1595650232421
POA,F6,25,721.6937799805602
POA,F6,26,720.5565085433095
POA,F6,27,710.5856284662686
POA,F6,28,743.4301602173689
POA,F6,29,717.6816262392184
POA,F6,30,735.6893689028369
POA,F7,1,10750.00731767226
POA,F7,2,10551.513437039926
POA,F7,3,11640.635748029103
POA,F7,4,11799.360918525248
POA,F7,5,10429.88884775099
POA,F7,6,12024.608137268524
POA,F7,7,10955.689449010679
POA,F7,8,10787.735336843158
POA,F7,9,10997.80680517365
POA,F7,10,11515.008204442065
POA,F7,11,10823.508009394962
POA,F7,12,11157.085307739093
POA,F7,13,10387.69528248318
POA,F7,14,10263.236151376886
POA,F7,15,10532.172717035059
POA,F7,16,10953.269560501078
POA,F7,17,10716.896875862863
POA,F7,18,11010.656645435793
POA,F7,19,10012.575578153755
POA,F7,20,10607.829502483311
POA,F7,21,10431.48254406663
POA,F7,22,11345.328618385895
POA,F7,23,10497.314589150814
POA,F7,24,10182.822265867773
POA,F7,25,10066.115026725882
POA,F7,26,12833.150166695019
POA,F7,27,10601.427853813922
POA,F7,28,11450.037910995956
POA,F7,29,10357.704389482298
POA,F7,30,10439.930679587053
POA,F8,1,2744.853933046369
POA,F8,2,2685.980080263149
POA,F8,3,2597.3854064916277
POA,F8,4,2688.2072436853377
POA,F8,5,2760.8351059011616
POA,F8,6,2748.598718909834
POA,F8,7,2741.025532626746
POA,F8,8,2765.4121746505425
POA,F8,9,2836.151889113442
POA,F8,10,2703.785981947486
POA,F8,11,2805.0636214748138
POA,F8,12,2800.9057970271106
POA,F8,13,2696.19677912702
POA,F8,14,2828.509178694339
POA,F8,15,2742.824358781698
POA,F8,16,2813.4427227426318
POA,F8,17,2667.5768499337346
POA,F8,18,2656.239278148624
POA,F8,19,2722.8118861797598
POA,F8,20,2755.3611208686048
POA,F8,21,2739.3551960012273
POA,F8,22,2762.9983372679008
POA,F8,23,2741.718948761094
POA,F8,24,2723.6514400482433
POA,F8,25,2735.94119612265
POA,F8,26,2757.4945287303585
POA,F8,27,2658.0149409239875
POA,F8,28,2728.1862900111446
POA,F8,29,2755.352280530812
POA,F8,30,2731.734487210425
POA,F9,1,174955.06237818935
POA,F9,2,180766.71245681378
POA,F9,3,171516.50446373288
POA,F9,4,175933.53043285568
POA,F9,5,158814.54130874085
POA,F9,6,167871.14264318754
POA,F9,7,135782.60494732746
POA,F9,8,177881.16404858755
POA,F9,9,140182.99553799126
POA,F9,10,162202.64214119417
POA,F9,11,177923.7504525701
POA,F9,12,168054.89575942498
POA,F9,13,179837.35239371916
POA,F9,14,183839.80638834494
POA,F9,15,133765.46512883832
POA,F9,16,132162.30963302127
POA,F9,17,161494.21408635145
POA,F9,18,179959.8033323522
POA,F9,19,158818.62264523996
POA,F9,20,180858.94243020532
POA,F9,21,149908.66871585778
POA,F9,22,146624.5138452063
POA,F9,23,164888.65265635934
POA,F9,24,132504.7378813178
POA,F9,25,180390.02383346576
POA,F9,26,142321.00012353688
POA,F9,27,167087.08400031153
POA,F9,28,171904.9964200655
POA,F9,29,144762.42083196767
POA,F9,30,187507.1712509667
POA,F10,1,33084.18198575244
POA,F10,2,32605.40280122807
POA,F10,3,32861.776823062006
POA,F10,4,33072.302129023876
POA,F10,5,32562.86125824985
POA,F10,6,31452.3485246266
POA,F10,7,32812.21371223897
POA,F10,8,33311.41312716616
POA,F10,9,32655.823859710556
POA,F10,10,32664.339712828594
POA,F10,11,34065.152541996016
POA,F10,12,32632.08589417403
POA,F10,13,32788.519478258626
POA,F10,14,33063.11732043617
POA,F10,15,32530.448096582186
POA,F10,16,32181.137062763824
POA,F10,17,32729.655616962853
POA,F10,18,32398.577827032896
POA,F10,19,32679.3094216596
POA,F10,20,32089.805623991902
POA,F10,21,32137.34985846802
POA,F10,22,31546.68059993491
POA,F10,23,32415.19415998311
POA,F10,24,32248.293659913517
POA,F10,25,32640.95252882105
POA,F10,26,31795.73063496717
POA,F10,27,32369.47284363066
POA,F10,28,33367.305248638775
POA,F10,29,32299.020745044974
POA,F10,30,33003.00660450192
POA,F11,1,354307.11282213853
POA,F11,2,393254.67864566564
POA,F11,3,318277.2357107597
POA,F11,4,492267.3571474266
POA,F11,5,489842.9592697226
POA,F11,6,266514.1318132254
POA,F11,7,378657.70985856873
POA,F11,8,468704.94295159966
POA,F11,9,398983.312947072
POA,F11,10,452846.49863370566
POA,F11,11,352253.7865578754
POA,F11,12,368673.85495559755
POA,F11,13,373941.8009175569
POA,F11,14,397205.1049807412
POA,F11,15,528314.3130728558
POA,F11,16,395389.9508530498
POA,F11,17,565012.4385147621
POA,F11,18,444219.8372784719
POA,F11,19,443149.16271051345
POA,F11,20,419828.26717876724
POA,F11,21,360361.08499770367
POA,F11,22,381639.9162386596
POA,F11,23,551044.3130286657
POA,F11,24,511605.6800118357
POA,F11,25,293593.7878714985
POA,F11,26,418718.91566527175
POA,F11,27,378977.4623435669
POA,F11,28,410590.3618505217
POA,F11,29,350211.7028977462
POA,F11,30,427510.4279916136
POA,F12,1,97989896239.13982
POA,F12,2,112816585347.50809
POA,F12,3,108714128710.18948
POA,F12,4,97154735381.73563
POA,F12,5,105047153907.18341
POA,F12,6,112332744196.36896
POA,F12,7,98496289577.71346
POA,F12,8,107473860150.20187
POA,F12,9,94888620123.78764
POA,F12,10,102776842580.2792
POA,F12,11,99747539058.23814
POA,F12,12,114797279980.64365
POA,F12,13,99955422029.46524
POA,F12,14,111109206825.55759
POA,F12,15,98929322174.6749
POA,F12,16,115103926214.6931
POA,F12,17,103686904379.60431
POA,F12,18,90490313938.70692
POA,F12,19,118858591402.28035
POA,F12,20,107890356633.54913
POA,F12,21,96770608779.89835
POA,F12,22,119230417461.26967
POA,F12,23,88055755024.79576
POA,F12,24,89901648426.90276
POA,F12,25,87954420840.25829
POA,F12,26,104047013530.7909
POA,F12,27,89536440147.15057
POA,F12,28,105547962921.64883
POA,F12,29,100532274371.59111
POA,F12,30,90753435353.4161
POA,F13,1,9457946763.057583
POA,F13,2,13930998685.817654
POA,F13,3,16451654373.837103
POA,F13,4,9798353868.240164
POA,F13,5,18548748706.5979
POA,F13,6,12805441206.136871
POA,F13,7,17591943830.756012
POA,F13,8,16944659431.672096
POA,F13,9,14248326208.07773
POA,F13,10,15295250840.199203
POA,F13,11,12633313516.726782
POA,F13,12,13472022542.091825
POA,F13,13,16349074993.1113
POA,F13,14,12429715615.849878
POA,F13,15,13158533477.286722
POA,F13,16,10921013845.703655
POA,F13,17,10098717920.494661
POA,F13,18,13309760380.570545
POA,F13,19,11788174233.592314
POA,F13,20,13251798798.062792
POA,F13,21,11866265747.77921
POA,F13,22,10353895449.27416
POA,F13,23,17868694985.913242
POA,F13,24,12139411021.97341
POA,F13,25,12615151191.031446
POA,F13,26,15314948861.788784
POA,F13,27,14242325281.1189
POA,F13,28,16064985652.47045
POA,F13,29,12222974021.56972
POA,F13,30,16398486998.794998
POA,F14,1,59917505.56014475
POA,F14,2,20426944.611576837
POA,F14,3,86373258.80624203
POA,F14,4,29392753.964826703
POA,F14,5,67980487.8560681
POA,F14,6,43636414.03681281
POA,F14,7,39660208.37622869
POA,F14,8,77603274.43011409
POA,F14,9,87722348.44205515
POA,F14,10,36377063.224454075
POA,F14,11,48706435.61407805
POA,F14,12,51673928.65387589
POA,F14,13,84323297.33652504
POA,F14,14,45379665.92770623
POA,F14,15,26072426.671907414
POA,F14,16,26729856.176336035
POA,F14,17,159664496.4313344
POA,F14,18,35387489.083504975
POA,F14,19,39919584.62660678
POA,F14,20,53222714.73414743
POA,F14,21,58491827.651888214
POA,F14,22,38228768.261986226
POA,F14,23,52794496.39940222
POA,F14,24,95345263.98807934
POA,F14,25,30837322.822475567
POA,F14,26,69156784.3531268
POA,F14,27,75988411.0740281
POA,F14,28,78669158.04503392
POA,F14,29,45316405.93509814
POA,F14,30,121065736.18670052
POA,F15,1,5903212694.178677
POA,F15,2,6830447468.653138
POA,F15,3,3189547122.6504235
POA,F15,4,3418566383.487147
POA,F15,5,6022312444.617039
POA,F15,6,6844506709.441061
POA,F15,7,3476456526.799239
POA,F15,8,3465934373.5416527
POA,F15,9,4480482576.373805
POA,F15,10,5655680874.872369
POA,F15,11,4200315771.989049
POA,F15,12,4207574145.769632
POA,F15,13,6924429656.454116
POA,F15,14,3620638666.75823
POA,F15,15,6461458094.361419
POA,F15,16,5216793356.988042
POA,F15,17,3929302579.481558
POA,F15,18,7302955205.941874
POA,F15,19,4414056970.119705
POA,F15,20,4716966676.896732
POA,F15,21,4288863967.9749155
POA,F15,22,6321600916.990292
POA,F15,23,4270333544.688104
POA,F15,24,4256124087.098352
POA,F15,25,6615534191.38434
POA,F15,26,6830048742.296787
POA,F15,27,5408313101.806574
POA,F15,28,3345718455.7161875
POA,F15,29,4263735959.1513414
POA,F15,30,5706210779.01368
POA,F16,1,14494.455030320061
POA,F16,2,14059.31444614984
POA,F16,3,14936.489659454737
POA,F16,4,15104.013646461142
POA,F16,5,14278.016925685939
POA,F16,6,14286.58761916741
POA,F16,7,14362.88200533662
POA,F16,8,14208.046995113324
POA,F16,9,13832.663861181303
POA,F16,10,14800.601985423542
POA,F16,11,13808.527121532088
POA,F16,12,14176.285784080352
POA,F16,13,13876.586634308505
POA,F16,14,13832.756790164758
POA,F16,15,14430.040719991292
POA,F16,16,14091.583437586321
POA,F16,17,15192.403301268112
POA,F16,18,14315.712071032074
POA,F16,19,14241.288060631796
POA,F16,20,14399.611053197046
POA,F16,21,13586.295258699936
POA,F16,22,13790.507724471001
POA,F16,23,14682.980054424097
POA,F16,24,14228.841230753858
POA,F16,25,15009.725859676611
POA,F16,26,13588.104344740632
POA,F16,27,13894.19707174979
POA,F16,28,13725.263628993544
POA,F16,29,14437.21047873815
POA,F16,30,12980.706265258617
POA,F17,1,21447.55860290825
POA,F17,2,20817.34090904696
POA,F17,3,35078.65126517465
POA,F17,4,28003.041301944817
POA,F17,5,52772.38708907936
POA,F17,6,52717.41209227995
POA,F17,7,39171.961516530886
POA,F17,8,22696.51850350305
POA,F17,9,98170.1695328442
POA,F17,10,33009.09125426735
POA,F17,11,45490.32088058493
POA,F17,12,31312.541854402596
POA,F17,13,22061.766683884896
POA,F17,14,87995.47674774136
POA,F17,15,23150.75408726596
POA,F17,16,19286.732755812478
POA,F17,17,48543.76965322244
POA,F17,18,45160.655723104996
POA,F17,19,15834.675140238316
POA,F17,20,29424.96669236995
POA,F17,21,40915.671432538606
POA,F17,22,63996.08541453815
POA,F17,23,33743.73645392714
POA,F17,24,16403.94831843759
POA,F17,25,24152.884603067683
POA,F17,26,34798.99256516031
POA,F17,27,20837.329664210713
POA,F17,28,18484.88828735267
POA,F17,29,26108.93667911189
POA,F17,30,26348.76883099119
POA,F18,1,80001051.96651419
POA,F18,2,146052464.6163486
POA,F18,3,38383995.895536706
POA,F18,4,127889828.14259404
POA,F18,5,93145675.49471678
POA,F18,6,213533972.5255423
POA,F18,7,88006306.21043073
POA,F18,8,58609637.33704034
POA,F18,9,128854274.90068199
POA,F18,10,87233478.92437725
POA,F18,11,128652400.94195686
POA,F18,12,117856147.31404072
POA,F18,13,133258472.19979946
POA,F18,14,101709776.51147048
POA,F18,15,130795449.08469242
POA,F18,16,50387797.55294309
POA,F18,17,160649812.38965416
POA,F18,18,124536237.22749081
POA,F18,19,57002723.91462276
POA,F18,20,77610335.8938325
POA,F18,21,148163811.47559917
POA,F18,22,88902302.6546327
POA,F18,23,73921450.45318714
POA,F18,24,88085321.68008243
POA,F18,25,183541263.6335357
POA,F18,26,132601825.92196918
POA,F18,27,136931431.5349843
POA,F18,28,112607185.1657294
POA,F18,29,100301714.88287291
POA,F18,30,146752682.30964324
POA,F19,1,4246822879.035142
POA,F19,2,3379601233.8287992
POA,F19,3,3337998666.84522
POA,F19,4,3479020363.866568
POA,F19,5,3889142271.1678257
POA,F19,6,5281033975.377012
POA,F19,7,3720370790.8573294
POA,F19,8,4455060219.707003
POA,F19,9,4271344852.574449
POA,F19,10,2625960988.3854036
POA,F19,11,5806924169.258895
POA,F19,12,3037973906.7657723
POA,F19,13,4943502783.055398
POA,F19,14,4596364225.661587
POA,F19,15,3122324199.15282
POA,F19,16,5063185715.065591
POA,F19,17,4536678414.539115
POA,F19,18,3138109125.815821
POA,F19,19,4091576607.7278748
POA,F19,20,3433907434.5602937
POA,F19,21,4048397831.5837145
POA,F19,22,3770833343.3813624
POA,F19,23,3764438393.6879597
POA,F19,24,3808379427.0028133
POA,F19,25,4378929845.74782
POA,F19,26,4458551304.329752
POA,F19,27,7015149290.596017
POA,F19,28,4393985559.780133
POA,F19,29,5180466990.263541
POA,F19,30,4712527421.287522
POA,F20,1,8482.156571179967
POA,F20,2,8220.171393586927
POA,F20,3,7596.1816172233375
POA,F20,4,8084.236107524251
POA,F20,5,8659.962340800566
POA,F20,6,7667.279663942227
POA,F20,7,8246.41502480546
POA,F20,8,8335.988408388592
POA,F20,9,8462.998916164923
POA,F20,10,8407.426122453211
POA,F20,11,7596.651238297987
POA,F20,12,7560.423056908125
POA,F20,13,8222.67918514254
POA,F20,14,8060.830799857516
POA,F20,15,7995.7099882052635
POA,F20,16,8548.014050959922
POA,F20,17,8445.851251157972
POA,F20,18,8315.29779360312
POA,F20,19,7476.791732991257
POA,F20,20,8166.475749634381
POA,F20,21,8561.139592443766
POA,F20,22,7766.137685311754
POA,F20,23,7704.036294425004
POA,F20,24,8106.816584279576
POA,F20,25,8423.757608152991
POA,F20,26,8378.275425297252
POA,F20,27,7747.095970062665
POA,F20,28,7574.244026897757
POA,F20,29,8131.085537654917
POA,F20,30,8696.568082657981
POA,F21,1,4301.013172775004
POA,F21,2,4309.996212722612
POA,F21,3,4286.582652491576
POA,F21,4,4303.094665228465
POA,F21,5,4217.518270574715
POA,F21,6,4210.527154611122
POA,F21,7,4406.930857820884
POA,F21,8,4200.010370929538
POA,F21,9,4365.255742404612
POA,F21,10,4162.342331611155
POA,F21,11,4275.418081438105
POA,F21,12,4360.975374606178
POA,F21,13,4301.610692136554
POA,F21,14,4187.071799271569
POA,F21,15,4149.029205847213
POA,F21,16,4240.084483280786
POA,F21,17,4351.907939664567
POA,F21,18,4219.012932132906
POA,F21,19,4308.583774800476
POA,F21,20,4284.128428890928
POA,F21,21,4262.727181696859
POA,F21,22,4351.8187361514765
POA,F21,23,4259.2576146152405
POA,F21,24,4243.733956144593
POA,F21,25,4290.037678457952
POA,F21,26,4307.429893777769
POA,F21,27,4280.759749050607
POA,F21,28,4252.636649407802
POA,F21,29,4201.445888065102
POA,F21,30,4326.982053275794
POA,F22,1,34530.69549823833
POA,F22,2,34294.019383120045
POA,F22,3,34846.51589339982
POA,F22,4,34162.60244946462
POA,F22,5,35056.297559669176
POA,F22,6,32878.981916357174
POA,F22,7,33137.90150548825
POA,F22,8,34938.834769991445
POA,F22,9,33514.249216947224
POA,F22,10,33391.843458534095
POA,F22,11,35179.874804516985
POA,F22,12,35336.91074921344
POA,F22,13,34535.68332843064
POA,F22,14,34213.281531812914
POA,F22,15,34696.85974141046
POA,F22,16,33703.35904645847
POA,F22,17,34581.99843360092
POA,F22,18,34494.89641413989
POA,F22,19,35020.411254821054
POA,F22,20,34393.60130923588
POA,F22,21,34135.661276169834
POA,F22,22,34293.40815941902
POA,F22,23,34264.34548615054
POA,F22,24,34869.53357709712
POA,F22,25,35181.453771157474
POA,F22,26,34786.567659445966
POA,F22,27,34599.64868206679
POA,F22,28,34858.08946921769
POA,F22,29,32808.18659649398
POA,F22,30,34910.75388490748
POA,F23,1,4422.886417470307
POA,F23,2,4291.736897754821
POA,F23,3,4344.17020556701
POA,F23,4,4263.403576837374
POA,F23,5,4287.808201144136
POA,F23,6,4221.2383016028725
POA,F23,7,4313.436500489797
POA,F23,8,4285.7731613310225
POA,F23,9,4285.927485445473
POA,F23,10,4315.79705529626
POA,F23,11,4220.419701605574
POA,F23,12,4344.950262934426
POA,F23,13,4271.751726830818
POA,F23,14,4319.460899829578
POA,F23,15,4251.037734042149
POA,F23,16,4234.971798009436
POA,F23,17,4264.545087086461
POA,F23,18,4339.502905255847
POA,F23,19,4332.62348772525
POA,F23,20,4308.8036840938175
POA,F23,21,4257.333641957445
POA,F23,22,4313.725702120628
POA,F23,23,4307.494774409045
POA,F23,24,4211.922891198099
POA,F23,25,4339.000373899033
POA,F23,26,4271.398688782655
POA,F23,27,4324.09009452252
POA,F23,28,4303.351084927564
POA,F23,29,4364.600135751057
POA,F23,30,4288.105984377399
POA,F24,1,4834.39147409782
POA,F24,2,4899.216284654542
POA,F24,3,4947.960943918331
POA,F24,4,4842.781065452507
POA,F24,5,4924.226640140535
POA,F24,6,4951.040044348002
POA,F24,7,4982.820501836338
POA,F24,8,4883.707747656192
POA,F24,9,4887.076084712919
POA,F24,10,4962.758207341865
POA,F24,11,4893.839221670343
POA,F24,12,4879.3039415616895
POA,F24,13,4914.056835651514
POA,F24,14,4877.067568127343
POA,F24,15,4838.54259531617
POA,F24,16,4882.0958362201545
POA,F24,17,4936.571931382039
POA,F24,18,4922.124076536652
POA,F24,19,4986.476343514858
POA,F24,20,4895.547099608651
POA,F24,21,4828.160439637466
POA,F24,22,4889.919587478615
POA,F24,23,4834.240197042673
POA,F24,24,4919.6556565030005
POA,F24,25,4813.752582439999
POA,F24,26,4841.000768407612
POA,F24,27,4965.073315688987
POA,F24,28,4909.812606424308
POA,F24,29,4899.432540303993
POA,F24,30,4967.517205266733
POA,F25,1,85235.06026117141
POA,F25,2,95455.50925748733
POA,F25,3,109444.5952213269
POA,F25,4,93792.79259089204
POA,F25,5,98614.2766918183
POA,F25,6,89415.30645490951
POA,F25,7,95246.57364634759
POA,F25,8,110932.72435052093
POA,F25,9,84294.70881735212
POA,F25,10,86004.89586223273
POA,F25,11,75870.87153512579
POA,F25,12,74060.22269741747
POA,F25,13,75418.25842563587
POA,F25,14,77035.89773069591
POA,F25,15,97596.86755534243
POA,F25,16,92176.65126086927
POA,F25,17,95981.55620514911
POA,F25,18,81318.4164863727
POA,F25,19,77685.28216928344
POA,F25,20,92762.8981654819
POA,F25,21,102378.30363709817
POA,F25,22,78289.83930645474
POA,F25,23,93596.05595927997
POA,F25,24,75039.14959386445
POA,F25,25,70700.00707909925
POA,F25,26,78154.41510563751
POA,F25,27,98638.20974440602
POA,F25,28,94440.21366778799
POA,F25,29,83393.60309686126
POA,F25,30,98888.50295604175
POA,F26,1,23493.69379468452
POA,F26,2,23222.80269420392
POA,F26,3,23562.748041240022
POA,F26,4,24549.093866118517
POA,F26,5,23389.300073284856
POA,F26,6,24203.74969267987
POA,F26,7,24501.02213371093
POA,F26,8,23056.508122000396
POA,F26,9,22970.576610618467
POA,F26,10,24136.205022047638
POA,F26,11,23803.065775890405
POA,F26,12,24363.203839763974
POA,F26,13,23676.055253977007
POA,F26,14,23934.914100794966
POA,F26,15,23734.612685076347
POA,F26,16,23856.73633749731
POA,F26,17,24084.407941337107
POA,F26,18,22924.835318376547
POA,F26,19,24002.567920167945
POA,F26,20,22629.110009074324
POA,F26,21,24332.970605770905
POA,F26,22,22459.426889528786
POA,F26,23,23573.25462979927
POA,F26,24,24506.43345991287
POA,F26,25,23942.663652342006
POA,F26,26,24434.804155910664
POA,F26,27,24533.023430610872
POA,F26,28,23693.857938260517
POA,F26,29,23315.56929997917
POA,F26,30,23704.38830156955
POA,F27,1,4589.559829204276
POA,F27,2,4243.957297249842
POA,F27,3,4473.227104089292
POA,F27,4,4324.129328068422
POA,F27,5,4805.093312250399
POA,F27,6,4196.36323902818
POA,F27,7,4284.514614951284
POA,F27,8,4406.43373803003
POA,F27,9,4625.671438768866
POA,F27,10,4246.8151750042625
POA,F27,11,4318.650312516642
POA,F27,12,4352.803527767581
POA,F27,13,4270.976772958627
POA,F27,14,4519.081148113339
POA,F27,15,4559.173182052101
POA,F27,16,4398.186725636183
POA,F27,17,4317.489649026116
POA,F27,18,4231.022632271305
POA,F27,19,4285.44601440653
POA,F27,20,4484.783252271247
POA,F27,21,3933.051152156168
POA,F27,22,4289.822714281725
POA,F27,23,4471.187437811226
POA,F27,24,4558.495635771895
POA,F27,25,4236.645958011336
POA,F27,26,4218.613524999124
POA,F27,27,4426.523376581993
POA,F27,28,4093.337881593932
POA,F27,29,4747.696129948656
POA,F27,30,4706.089881839055
POA,F28,1,18623.03377475335
POA,F28,2,23025.16918220428
POA,F28,3,19801.894062912375
POA,F28,4,20516.771337785416
POA,F28,5,18723.70063267873
POA,F28,6,19012.786156995695
POA,F28,7,18878.909503115312
POA,F28,8,18593.61748017343
POA,F28,9,20118.04241563441
POA,F28,10,19490.20751110371
POA,F28,11,18255.83324961749
POA,F28,12,18510.434718225733
POA,F28,13,18871.606970755096
POA,F28,14,19486.11984153611
POA,F28,15,18455.449023139663
POA,F28,16,18663.598956733265
POA,F28,17,19040.961941117166
POA,F28,18,19580.280146839836
POA,F28,19,19857.42916973658
POA,F28,20,19557.341684313127
POA,F28,21,19225.683128778775
POA,F28,22,19175.929020466483
POA,F28,23,19416.874165698307
POA,F28,24,18822.93403124379
POA,F28,25,19189.06322855071
POA,F28,26,18667.63472753397
POA,F28,27,19056.66304002342
POA,F28,28,19383.43591813559
POA,F28,29,19098.987347146765
POA,F28,30,20045.675142219312
POA,F29,1,38473.77392470879
POA,F29,2,30609.79845072059
POA,F29,3,46583.352781601076
POA,F29,4,40994.88330710361
POA,F29,5,79053.33150775447
POA,F29,6,29279.95937991794
POA,F29,7,50268.16979122606
POA,F29,8,89158.55504262974
POA,F29,9,41819.39729322853
POA,F29,10,41337.54576438238
POA,F29,11,31025.92210037042
POA,F29,12,47604.21400065147
POA,F29,13,40002.94967561179
POA,F29,14,42337.16003429913
POA,F29,15,28303.392800096037
POA,F29,16,19747.869672004286
POA,F29,17,32424.07918186856
POA,F29,18,30080.661258811924
POA,F29,19,30152.277901028934
POA,F29,20,48845.2048151333
POA,F29,21,32275.18440623818
POA,F29,22,31620.96678955267
POA,F29,23,52315.381298187014
POA,F29,24,46191.97355884548
POA,F29,25,34922.640149362815
POA,F29,26,48796.31537144628
POA,F29,27,39769.167409022026
POA,F29,28,42517.759556649864
POA,F29,29,25306.44489876031
POA,F29,30,40672.26621318511
POA,F30,1,7467520563.156179
POA,F30,2,6996884649.449533
POA,F30,3,8722974397.723312
POA,F30,4,7974764028.80253
POA,F30,5,6458949690.980512
POA,F30,6,7688552837.949658
POA,F30,7,7321421398.943314
POA,F30,8,9247152290.773176
POA,F30,9,8814109436.845737
POA,F30,10,7490104086.827167
POA,F30,11,6040387190.510175
POA,F30,12,9693790723.694363
POA,F30,13,7142323015.999948
POA,F30,14,7809244294.463079
POA,F30,15,6220018070.041999
POA,F30,16,5118597216.298589
POA,F30,17,6955292023.839657
POA,F30,18,7400098843.089912
POA,F30,19,6366400091.358035
POA,F30,20,5172990987.39802
POA,F30,21,7335365074.158041
POA,F30,22,5672878564.600361
POA,F30,23,6587718806.569419
POA,F30,24,6857426262.18103
POA,F30,25,8081126443.377924
POA,F30,26,7587475263.673565
POA,F30,27,6958083691.036843
POA,F30,28,8290665634.012846
POA,F30,29,7180008675.191934
POA,F30,30,6925512874.001631
LFO,F1,1,164807471105.7866
LFO,F1,2,140803135499.01685
LFO,F1,3,176786529762.88696
LFO,F1,4,142454100963.68088
LFO,F1,5,146582720795.95865
LFO,F1,6,157588961028.887
LFO,F1,7,160106559384.06094
LFO,F1,8,163703523867.9181
LFO,F1,9,164373000505.29
LFO,F1,10,125451046609.31636
LFO,F1,11,145441346827.20273
LFO,F1,12,169249720453.3924
LFO,F1,13,171605201213.4391
LFO,F1,14,135513656070.8665
LFO,F1,15,155414515504.5798
LFO,F1,16,122921566332.69734
LFO,F1,17,142265972555.69736
LFO,F1,18,147733530266.96863
LFO,F1,19,159647746198.76917
LFO,F1,20,124539420745.90526
LFO,F1,21,148065670526.38492
LFO,F1,22,155792892581.06992
LFO,F1,23,159477087046.5286
LFO,F1,24,166806902313.21265
LFO,F1,25,168145845646.17056
LFO,F1,26,137558706649.8546
LFO,F1,27,146281701286.4004
LFO,F1,28,165418562172.32968
LFO,F1,29,148857800798.9748
LFO,F1,30,153556009003.0837
LFO,F3,1,371878.0790595111
LFO,F3,2,362102.1245698538
LFO,F3,3,339940.7769915067
LFO,F3,4,367470.5684918966
LFO,F3,5,368799.83657602075
LFO,F3,6,356839.77060421614
LFO,F3,7,332125.7295531312
LFO,F3,8,432231.2333017001
LFO,F3,9,390587.95136268955
LFO,F3,10,366379.5125245975
LFO,F3,11,378349.6583336755
LFO,F3,12,406521.9796182575
LFO,F3,13,407361.26201294333
LFO,F3,14,361359.42352788284
LFO,F3,15,364006.495265897
LFO,F3,16,403487.906844522
LFO,F3,17,353151.28161041177
LFO,F3,18,354679.47306839103
LFO,F3,19,345901.2709169025
LFO,F3,20,363824.1927035907
LFO,F3,21,368220.7340387601
LFO,F3,22,339769.6304476449
LFO,F3,23,359655.3019571769
LFO,F3,24,402505.4303989863
LFO,F3,25,347463.9467525484
LFO,F3,26,324090.42196400627
LFO,F3,27,373741.9482482406
LFO,F3,28,365481.0387285896
LFO,F3,29,352633.8959371265
LFO,F3,30,326188.6028952345
LFO,F4,1,36459.73186912098
LFO,F4,2,24778.80889416763
LFO,F4,3,38651.02604835027
LFO,F4,4,34413.58295929609
LFO,F4,5,33282.17557339726
LFO,F4,6,36441.480691403325
LFO,F4,7,32102.1679884047
LFO,F4,8,43858.75052698142
LFO,F4,9,27452.184810482937
LFO,F4,10,34095.867340595105
LFO,F4,11,37620.12278002181
LFO,F4,12,43572.21772101107
LFO,F4,13,44547.57588126437
LFO,F4,14,39792.90715725397
LFO,F4,15,37912.03539073086
LFO,F4,16,34926.83750949212
LFO,F4,17,37211.03011952177
LFO,F4,18,29720.471085621182
LFO,F4,19,30986.05032573082
LFO,F4,20,35726.055758912014
LFO,F4,21,33200.490241863045
LFO,F4,22,30097.418372422442
LFO,F4,23,41752.88190279805
LFO,F4,24,36498.171903155475
LFO,F4,25,22684.028169131572
LFO,F4,26,32593.994489861103
LFO,F4,27,38236.667946324276
LFO,F4,28,48899.49579758758
LFO,F4,29,50190.260524497346
LFO,F4,30,38378.750889307914
LFO,F5,1,1931.6864351496217
LFO,F5,2,1853.333275238934
LFO,F5,3,1919.147810625572
LFO,F5,4,1963.4791544908176
LFO,F5,5,1948.6141235612267
LFO,F5,6,1937.8409302194332
LFO,F5,7,1921.9243473887336
LFO,F5,8,2025.0654471740654
LFO,F5,9,1973.4443342897255
LFO,F5,10,2032.7367040924235
LFO,F5,11,2144.3695686109727
LFO,F5,12,1967.5380069781588
LFO,F5,13,1926.3451099007589
LFO,F5,14,1982.0267967252066
LFO,F5,15,1985.5456624530514
LFO,F5,16,2065.3807083205265
LFO,F5,17,2043.7757725832757
LFO,F5,18,1957.4270620370946
LFO,F5,19,1973.6230222773102
LFO,F5,20,2021.8411829552535
LFO,F5,21,2015.9596830482594
LFO,F5,22,1947.1512662179753
LFO,F5,23,1929.1192087225384
LFO,F5,24,1921.5083099423384
LFO,F5,25,2036.0658624160567
LFO,F5,26,1885.0289037000111
LFO,F5,27,1898.9077683016735
LFO,F5,28,1944.1920748846264
LFO,F5,29,1994.3900010303175
LFO,F5,30,2042.855800036304
LFO,F6,1,705.598347370717
LFO,F6,2,713.6796868900403
LFO,F6,3,707.8579251355513
LFO,F6,4,713.6724948743836
LFO,F6,5,708.2684306006371
LFO,F6,6,700.0892276802231
LFO,F6,7,704.8318212043147
LFO,F6,8,707.5944835242256
LFO,F6,9,710.0201532449607
LFO,F6,10,700.1695282002679
LFO,F6,11,699.3230583334723
LFO,F6,12,706.5341150080084
LFO,F6,13,697.7747505192671
LFO,F6,14,707.7788608548979
LFO,F6,15,711.1684701123663
LFO,F6,16,709.6039694271557
LFO,F6,17,708.4092587935006
LFO,F6,18,694.3199785457463
LFO,F6,19,707.0363281819778
LFO,F6,20,703.9192023838875
LFO,F6,21,703.6032729565039
LFO,F6,22,712.9681536804887
LFO,F6,23,708.6028020300298
LFO,F6,24,705.7665232684767
LFO,F6,25,709.7057754108386
LFO,F6,26,713.2387287609866
LFO,F6,27,706.1003909277108
LFO,F6,28,707.3291441581597
LFO,F6,29,706.8030341162024
LFO,F6,30,706.2321827619921
LFO,F7,1,3838.2679744328143
LFO,F7,2,3826.262047594748
LFO,F7,3,3914.2162633126436
LFO,F7,4,3778.099138516281
LFO,F7,5,3739.7365863318937
LFO,F7,6,3854.4024010564253
LFO,F7,7,3735.64588169377
LFO,F7,8,3808.759651412964
LFO,F7,9,3875.4805191914074
LFO,F7,10,3959.8518673224653
LFO,F7,11,3772.410722314183
LFO,F7,12,3970.8374356396084
LFO,F7,13,3882.2319077654042
LFO,F7,14,3959.3262358861257
LFO,F7,15,3803.5066457808634
LFO,F7,16,3646.3568850918346
LFO,F7,17,3977.8406085523884
LFO,F7,18,3873.527668808954
LFO,F7,19,3718.878724626158
LFO,F7,20,3836.1692776466107
LFO,F7,21,3930.5121334838254
LFO,F7,22,3947.2826366003583
LFO,F7,23,3978.1429299643078
LFO,F7,24,3704.4571821754134
LFO,F7,25,3922.2014759939675
LFO,F7,26,3623.7200870730776
LFO,F7,27,3915.5883193391996
LFO,F7,28,3812.7837593246823
LFO,F7,29,3859.3618230395914
LFO,F7,30,3885.167415314824
LFO,F8,1,2530.3103329699225
LFO,F8,2,2436.2288579392516
LFO,F8,3,2460.364448626927
LFO,F8,4,2445.14670661294
LFO,F8,5,2587.007555785387
LFO,F8,6,2452.341799760768
LFO,F8,7,2354.886711261035
LFO,F8,8,2567.245976515329
LFO,F8,9,2408.391138205045
LFO,F8,10,2447.877066055631
LFO,F8,11,2408.218886711123
LFO,F8,12,2407.5573298290165
LFO,F8,13,2395.6598245147534
LFO,F8,14,2525.2390742228595
LFO,F8,15,2523.8676359039046
LFO,F8,16,2441.2663053853157
LFO,F8,17,2494.488046062491
LFO,F8,18,2478.6886141511213
LFO,F8,19,2447.7218507602556
LFO,F8,20,2317.6809281513038
LFO,F8,21,2342.5015397415827
LFO,F8,22,2379.7280204272593
LFO,F8,23,2554.0604204413858
LFO,F8,24,2472.5601304465213
LFO,F8,25,2503.5479074087298
LFO,F8,26,2530.6449809661763
LFO,F8,27,2472.469968217836
LFO,F8,28,2410.3364502199656
LFO,F8,29,2384.486582118092
LFO,F8,30,2351.025346913358
LFO,F9,1,79741.87579819675
LFO,F9,2,83763.70176298768
LFO,F9,3,73214.98570543337
LFO,F9,4,75528.27208538904
LFO,F9,5,82117.29732228747
LFO,F9,6,82771.95656368499
LFO,F9,7,77643.9339581022
LFO,F9,8,76275.14495928555
LFO,F9,9,70797.96909862451
LFO,F9,10,79622.26406952023
LFO,F9,11,83292.11834356235
LFO,F9,12,78761.24804206632
LFO,F9,13,78774.28640414779
LFO,F9,14,68995.40942605227
LFO,F9,15,73005.26121908765
LFO,F9,16,86089.03199306884
LFO,F9,17,77914.1289664516
LFO,F9,18,82878.6529479335
LFO,F9,19,75795.35305331746
LFO,F9,20,84377.87114086405
LFO,F9,21,68453.41855464513
LFO,F9,22,77823.99715489775
LFO,F9,23,73771.92761727891
LFO,F9,24,76587.50930048648
LFO,F9,25,72175.6190978637
LFO,F9,26,78535.35667696748
LFO,F9,27,80549.68717806759
LFO,F9,28,79128.58820964453
LFO,F9,29,67447.87807558825
LFO,F9,30,75402.93714472644
LFO,F10,1,31400.475222609915
LFO,F10,2,31677.60017576921
LFO,F10,3,30532.77725430439
LFO,F10,4,28498.53973093739
LFO,F10,5,29121.415119923055
LFO,F10,6,31696.19328276103
LFO,F10,7,31562.670945888134
LFO,F10,8,29260.84191106618
LFO,F10,9,30179.17624512084
LFO,F10,10,28879.025384807024
LFO,F10,11,31208.623262942718
LFO,F10,12,29595.90190444759
LFO,F10,13,33590.492726107674
LFO,F10,14,29351.652363436027
LFO,F10,15,30984.311974359407
LFO,F10,16,31628.6145084362
LFO,F10,17,32548.133960967538
LFO,F10,18,29987.498657496435
LFO,F10,19,28864.694319268856
LFO,F10,20,29496.324413333008
LFO,F10,21,29977.932743356127
LFO,F10,22,30492.12622675297
LFO,F10,23,31887.67594899854
LFO,F10,24,30986.4006444028
LFO,F10,25,30643.561563222614
LFO,F10,26,31586.78008319351
LFO,F10,27,30244.772068199174
LFO,F10,28,30194.010386977803
LFO,F10,29,31955.835103945916
LFO,F10,30,31328.587183798736
LFO,F11,1,292720.6439713544
LFO,F11,2,211440.21464580737
LFO,F11,3,198335.48525179143
LFO,F11,4,216025.94579253573
LFO,F11,5,237032.4998179565
LFO,F11,6,183018.069734698
LFO,F11,7,286180.73159576603
LFO,F11,8,235165.43503993907
LFO,F11,9,276556.10768906237
LFO,F11,10,426738.8739524458
LFO,F11,11,321033.52170781366
LFO,F11,12,311508.5550955709
LFO,F11,13,235148.86738437758
LFO,F11,14,276876.19543622277
LFO,F11,15,224383.6686103058
LFO,F11,16,279497.55087893683
LFO,F11,17,286297.211219991
LFO,F11,18,342222.9530162363
LFO,F11,19,185395.31876206736
LFO,F11,20,472409.33660409803
LFO,F11,21,293760.47871186025
LFO,F11,22,337856.926996919
LFO,F11,23,214186.92629903645
LFO,F11,24,299653.1436209057
LFO,F11,25,184589.87839887475
LFO,F11,26,294608.04944368434
LFO,F11,27,241412.07808494824
LFO,F11,28,222811.3265916543
LFO,F11,29,448966.52941459947
LFO,F11,30,184459.9061423432
LFO,F12,1,49597569704.58884
LFO,F12,2,47609927206.19101
LFO,F12,3,54647950959.09359
LFO,F12,4,64298481670.71483
LFO,F12,5,66074011968.43584
LFO,F12,6,73656133939.95181
LFO,F12,7,49364484821.04373
LFO,F12,8,99517467362.1881
LFO,F12,9,49942316271.334274
LFO,F12,10,48714643638.24921
LFO,F12,11,75064795475.9079
LFO,F12,12,87795509841.41032
LFO,F12,13,53675113116.176735
LFO,F12,14,52844834674.450806
LFO,F12,15,76453893950.87904
LFO,F12,16,70907555728.57867
LFO,F12,17,62408244788.62816
LFO,F12,18,56644116767.66043
LFO,F12,19,66355603845.67174
LFO,F12,20,77148188680.8702
LFO,F12,21,71377970494.32578
LFO,F12,22,61679946977.0128
LFO,F12,23,59664171758.82362
LFO,F12,24,71335312804.71295
LFO,F12,25,87225880377.68298
LFO,F12,26,50402056303.66327
LFO,F12,27,67479930951.99084
LFO,F12,28,95670814660.84673
LFO,F12,29,55820970072.35463
LFO,F12,30,48677739885.93222
LFO,F13,1,9066935410.61338
LFO,F13,2,8039762619.645938
LFO,F13,3,8402081287.655748
LFO,F13,4,4545560005.255054
LFO,F13,5,5519534248.193658
LFO,F13,6,10216761021.203768
LFO,F13,7,12689816456.530602
LFO,F13,8,5292831316.980282
LFO,F13,9,8727866740.44135
LFO,F13,10,5526005722.948462
LFO,F13,11,12485313953.438005
LFO,F13,12,9892037846.78433
LFO,F13,13,7411656598.228923
LFO,F13,14,7331761693.105077
LFO,F13,15,5520221390.895327
LFO,F13,16,12845593590.68782
LFO,F13,17,6837399517.3681965
LFO,F13,18,7524393051.43071
LFO,F13,19,7917644763.739326
LFO,F13,20,8296637491.314227
LFO,F13,21,8830945299.25939
LFO,F13,22,12806725143.236437
LFO,F13,23,7630213677.968889
LFO,F13,24,7843858331.844299
LFO,F13,25,8507569048.439303
LFO,F13,26,10670903183.901222
LFO,F13,27,9954553229.912796
LFO,F13,28,22790660034.577198
LFO,F13,29,12070291623.72898
LFO,F13,30,8349984570.371683
LFO,F14,1,64305407.69650675
LFO,F14,2,47970944.28917298
LFO,F14,3,22107449.36846498
LFO,F14,4,40326847.17451569
LFO,F14,5,38846844.81385441
LFO,F14,6,62376128.03528534
LFO,F14,7,21892137.716688026
LFO,F14,8,28437294.209967062
LFO,F14,9,35148066.28573681
LFO,F14,10,35587836.42234243
LFO,F14,11,79641894.39904961
LFO,F14,12,33149767.633251928
LFO,F14,13,10494411.648511315
LFO,F14,14,16386504.366112666
LFO,F14,15,40480425.423256665
LFO,F14,16,22256677.039790437
LFO,F14,17,89790421.67840888
LFO,F14,18,42179690.40665126
LFO,F14,19,39010800.12798688
LFO,F14,20,16757336.161988158
LFO,F14,21,52765080.661280535
LFO,F14,22,20412030.512109075
LFO,F14,23,27290745.041579656
LFO,F14,24,71212146.67737488
LFO,F14,25,48050169.21105926
LFO,F14,26,33186120.508425254
LFO,F14,27,34409476.06269308
LFO,F14,28,30059356.885333434
LFO,F14,29,47298710.2453789
LFO,F14,30,38381746.487778686
LFO,F15,1,1456509784.4376848
LFO,F15,2,1766554587.4326193
LFO,F15,3,3047919150.7757387
LFO,F15,4,1162750463.9324963
LFO,F15,5,3428912261.0925994
LFO,F15,6,2745420434.3865514
LFO,F15,7,1738817997.1980572
LFO,F15,8,2722089154.431145
LFO,F15,9,2395688725.0184317
LFO,F15,10,2215895383.3280663
LFO,F15,11,3408580315.580942
LFO,F15,12,1868124843.2676005
LFO,F15,13,1827539857.5882397
LFO,F15,14,2508153743.1165323
LFO,F15,15,2063912187.4239259
LFO,F15,16,2083883333.6013434
LFO,F15,17,1607796758.4012022
LFO,F15,18,1487037988.102516
LFO,F15,19,996431558.2523198
LFO,F15,20,1174712477.1945965
LFO,F15,21,2292849312.152718
LFO,F15,22,2451925181.649733
LFO,F15,23,2223128046.597376
LFO,F15,24,4733452761.415875
LFO,F15,25,1054032934.63341
LFO,F15,26,1930463162.449028
LFO,F15,27,3360222476.1218176
LFO,F15,28,3861271760.041435
LFO,F15,29,1979300102.2464616
LFO,F15,30,1267839441.8287606
LFO,F16,1,16855.257836191027
LFO,F16,2,19073.06586984118
LFO,F16,3,19454.402943879133
LFO,F16,4,14874.797061358144
LFO,F16,5,18140.81162982681
LFO,F16,6,16182.671819306343
LFO,F16,7,14978.153178548564
LFO,F16,8,18798.853283972057
LFO,F16,9,20603.415491004722
LFO,F16,10,17777.626875485264
LFO,F16,11,15668.592441811674
LFO,F16,12,15522.663303471694
LFO,F16,13,11590.659835559585
LFO,F16,14,16625.41673964819
LFO,F16,15,17225.98836795336
LFO,F16,16,16668.632201342913
LFO,F16,17,22475.914042585144
LFO,F16,18,13468.328020945422
LFO,F16,19,17695.189347901443
LFO,F16,20,13947.188849901702
LFO,F16,21,15837.1029637305
LFO,F16,22,19078.429233489966
LFO,F16,23,17095.756389888873
LFO,F16,24,13421.969995055199
LFO,F16,25,18167.691872741256
LFO,F16,26,14587.201993268263
LFO,F16,27,19035.850094201145
LFO,F16,28,16636.28150458347
LFO,F16,29,18628.61809398827
LFO,F16,30,16810.211483265768
LFO,F17,1,40152.21281372983
LFO,F17,2,39002.28274093514
LFO,F17,3,23530.83447914929
LFO,F17,4,40041.95385788688
LFO,F17,5,75661.26493804886
LFO,F17,6,42831.13153599862
LFO,F17,7,18557.935109368093
LFO,F17,8,333721.1607355882
LFO,F17,9,15219.16771717454
LFO,F17,10,10628.370657995269
LFO,F17,11,32470.803003660047
LFO,F17,12,12732.058128167719
LFO,F17,13,72769.66471011787
LFO,F17,14,168742.43692810507
LFO,F17,15,75958.33683629349
LFO,F17,16,43895.50994862651
LFO,F17,17,87540.42289008306
LFO,F17,18,29625.40957304084
LFO,F17,19,59191.17673921791
LFO,F17,20,77817.55213503909
LFO,F17,21,222699.3250949935
LFO,F17,22,83244.02013560862
LFO,F17,23,178224.61196150855
LFO,F17,24,36808.236451346216
LFO,F17,25,33956.16400729904
LFO,F17,26,256494.44404772244
LFO,F17,27,142339.69362797914
LFO,F17,28,22898.970673096115
LFO,F17,29,11950.214159388597
LFO,F17,30,19120.118901306767
LFO,F18,1,35903937.73276442
LFO,F18,2,32484998.248294335
LFO,F18,3,37725528.21365178
LFO,F18,4,49453057.41631262
LFO,F18,5,60887701.89191728
LFO,F18,6,54152714.17583345
LFO,F18,7,81509473.26766948
LFO,F18,8,58583429.70154107
LFO,F18,9,48171047.38914961
LFO,F18,10,36622045.28733431
LFO,F18,11,41301184.02632828
LFO,F18,12,27344772.181635175
LFO,F18,13,56704640.108012736
LFO,F18,14,54350291.01106759
LFO,F18,15,98187525.43685132
LFO,F18,16,75846484.06364955
LFO,F18,17,34700060.28880064
LFO,F18,18,24367636.083275795
LFO,F18,19,49995405.054255545
LFO,F18,20,42175859.59977949
LFO,F18,21,70393233.48278698
LFO,F18,22,82862627.9841909
LFO,F18,23,68522616.57948977
LFO,F18,24,37232897.74371564
LFO,F18,25,28390669.83074051
LFO,F18,26,29348986.213966604
LFO,F18,27,71291514.70976134
LFO,F18,28,64697153.40093632
LFO,F18,29,44083658.125825085
LFO,F18,30,55764896.6721524
LFO,F19,1,3014970623.1992946
LFO,F19,2,2069922887.3743596
LFO,F19,3,2988385085.879293
LFO,F19,4,1381500840.1302621
LFO,F19,5,952214502.9582305
LFO,F19,6,1402413644.70276
LFO,F19,7,3773358623.563103
LFO,F19,8,3764384563.431971
LFO,F19,9,1716871319.6467721
LFO,F19,10,1953497818.4949484
LFO,F19,11,2510000078.6140127
LFO,F19,12,4471909839.734407
LFO,F19,13,990044259.9839501
LFO,F19,14,2443546942.6759105
LFO,F19,15,2073550837.9053743
LFO,F19,16,1967036289.2327247
LFO,F19,17,4830663184.928534
LFO,F19,18,2068638225.1197674
LFO,F19,19,2950528348.1903644
LFO,F19,20,6267323025.468641
LFO,F19,21,580129083.4865518
LFO,F19,22,1404786085.5350854
LFO,F19,23,1907991872.7628078
LFO,F19,24,3298921439.837322
LFO,F19,25,2396826015.975318
LFO,F19,26,1747774479.5462396
LFO,F19,27,2477788881.164421
LFO,F19,28,1673033843.2908244
LFO,F19,29,2755422623.3394327
LFO,F19,30,1730165254.5113075
LFO,F20,1,7513.2886586623135
LFO,F20,2,7409.390888018306
LFO,F20,3,6724.528986810687
LFO,F20,4,7401.440899045323
LFO,F20,5,7126.5443149435505
LFO,F20,6,6981.71524136135
LFO,F20,7,6489.841598419007
LFO,F20,8,6769.880137648451
LFO,F20,9,7589.534555915452
LFO,F20,10,6759.13019256076
LFO,F20,11,6067.257605505807
LFO,F20,12,6883.9805317835235
LFO,F20,13,7056.232346944065
LFO,F20,14,7171.216204111312
LFO,F20,15,7314.846860745174
LFO,F20,16,7025.659762920473
LFO,F20,17,6848.328672068536
LFO,F20,18,7461.3787976883505
LFO,F20,19,7345.4967261831625
LFO,F20,20,7917.195335913951
LFO,F20,21,7532.943938071163
LFO,F20,22,7346.905560405528
LFO,F20,23,7417.251520184576
LFO,F20,24,8128.317948293736
LFO,F20,25,7433.184305577732
LFO,F20,26,6229.908632559692
LFO,F20,27,7284.624393828816
LFO,F20,28,7383.8589681562735
LFO,F20,29,7238.404605441557
LFO,F20,30,6654.536040092354
LFO,F21,1,4876.104853077882
LFO,F21,2,4632.19825358768
LFO,F21,3,4502.796453762792
LFO,F21,4,4661.75668218688
LFO,F21,5,4344.464544168366
LFO,F21,6,4565.892092779906
LFO,F21,7,4365.98087714684
LFO,F21,8,4760.868452497109
LFO,F21,9,4949.658855098466
LFO,F21,10,4464.808852162552
LFO,F21,11,4408.807380907185
LFO,F21,12,4143.470102441531
LFO,F21,13,4596.904668157404
LFO,F21,14,4024.4761994349756
LFO,F21,15,4743.362092567972
LFO,F21,16,4636.291099593534
LFO,F21,17,4497.018887222901
LFO,F21,18,4338.630872294501
LFO,F21,19,4493.578494624093
LFO,F21,20,4501.430029105219
LFO,F21,21,4360.20558254774
LFO,F21,22,4585.450427808589
LFO,F21,23,4896.423776672637
LFO,F21,24,4997.574226645316
LFO,F21,25,4355.682866706295
LFO,F21,26,4511.329906713162
LFO,F21,27,4537.230480022245
LFO,F21,28,4465.525246424669
LFO,F21,29,4377.988593105161
LFO,F21,30,4960.98915657746
LFO,F22,1,34493.19042635463
LFO,F22,2,33879.61869919456
LFO,F22,3,35467.72149057282
LFO,F22,4,33211.18956187839
LFO,F22,5,34415.02806796122
LFO,F22,6,33584.20892042582
LFO,F22,7,31731.62017119772
LFO,F22,8,33016.06665176329
LFO,F22,9,34879.16903786204
LFO,F22,10,34071.75495737932
LFO,F22,11,32033.93546733693
LFO,F22,12,33422.143554326074
LFO,F22,13,33093.11002050931
LFO,F22,14,35525.95721810478
LFO,F22,15,35097.54094878166
LFO,F22,16,32998.57408986748
LFO,F22,17,34187.524481007604
LFO,F22,18,34611.80766354523
LFO,F22,19,34741.76497977105
LFO,F22,20,32714.738657889204
LFO,F22,21,33159.75281421372
LFO,F22,22,35266.01482232942
LFO,F22,23,33212.14239905109
LFO,F22,24,34109.696772845215
LFO,F22,25,32683.73886192027
LFO,F22,26,34306.81221180357
LFO,F22,27,33017.59507583195
LFO,F22,28,34211.77325846868
LFO,F22,29,33165.36236530056
LFO,F22,30,34387.854098572905
LFO,F23,1,5497.726450598784
LFO,F23,2,5691.721295426256
LFO,F23,3,5500.653248728682
LFO,F23,4,5822.0262270603425
LFO,F23,5,5869.112961980656
LFO,F23,6,5605.883584819654
LFO,F23,7,5591.097256687432
LFO,F23,8,5285.199371319186
LFO,F23,9,5507.382075919509
LFO,F23,10,5678.148368194971
LFO,F23,11,5262.6286726305525
LFO,F23,12,5438.422337536862
LFO,F23,13,5357.586437470574
LFO,F23,14,5204.027820180092
LFO,F23,15,5460.288349974782
LFO,F23,16,5801.596519062114
LFO,F23,17,4925.622531904553
LFO,F23,18,5500.466525269418
LFO,F23,19,5087.133651693221
LFO,F23,20,5897.21907813882
LFO,F23,21,5409.439415420384
LFO,F23,22,5375.440862835264
LFO,F23,23,5214.436221431245
LFO,F23,24,5264.290129381008
LFO,F23,25,5541.466515251777
LFO,F23,26,5064.660178367184
LFO,F23,27,5906.6935885394105
LFO,F23,28,5344.515420416808
LFO,F23,29,5424.522847498043
LFO,F23,30,5116.092422799378
LFO,F24,1,6658.256065471229
LFO,F24,2,7202.144140707061
LFO,F24,3,8585.260676254262
LFO,F24,4,7304.774233166146
LFO,F24,5,6865.35846270347
LFO,F24,6,8666.146512419276
LFO,F24,7,7047.1100255071315
LFO,F24,8,7736.765400937204
LFO,F24,9,8661.34621448172
LFO,F24,10,7412.712547998715
LFO,F24,11,6679.318962092585
LFO,F24,12,7965.839546914213
LFO,F24,13,6962.988973601457
LFO,F24,14,6512.804215213807
LFO,F24,15,5916.535560320061
LFO,F24,16,6430.624004872346
LFO,F24,17,8923.379165140015
LFO,F24,18,6615.386712885551
LFO,F24,19,7542.395151250848
LFO,F24,20,7761.133258209603
LFO,F24,21,7394.197720094069
LFO,F24,22,6404.0255374725475
LFO,F24,23,8186.8336703478835
LFO,F24,24,7014.412871109647
LFO,F24,25,7679.474290273411
LFO,F24,26,6745.914643674368
LFO,F24,27,6628.13709757285
LFO,F24,28,6474.474072170107
LFO,F24,29,6990.12336056713
LFO,F24,30,7225.1166790038205
LFO,F25,1,16654.63131928434
LFO,F25,2,14148.03373236557
LFO,F25,3,15731.562198641883
LFO,F25,4,13708.205168563913
LFO,F25,5,14548.190339057504
LFO,F25,6,13997.291798913742
LFO,F25,7,17438.63338694031
LFO,F25,8,13476.624965178995
LFO,F25,9,15898.17323441678
LFO,F25,10,15778.80147251825
LFO,F25,11,17075.568238105778
LFO,F25,12,17036.539692936363
LFO,F25,13,15744.238065574005
LFO,F25,14,14681.758013996676
LFO,F25,15,15672.580074322577
LFO,F25,16,19262.079406955203
LFO,F25,17,14199.863793400782
LFO,F25,18,17231.11048371158
LFO,F25,19,14654.641097136458
LFO,F25,20,15850.247342503284
LFO,F25,21,17173.66727763646
LFO,F25,22,15649.221916423416
LFO,F25,23,14150.880661809713
LFO,F25,24,18352.564510361764
LFO,F25,25,16447.36748356225
LFO,F25,26,16837.269544128514
LFO,F25,27,16672.682940694172
LFO,F25,28,18303.984220612805
LFO,F25,29,19056.646627652666
LFO,F25,30,16272.252969297506
LFO,F26,1,35725.44716316668
LFO,F26,2,42863.10249800857
LFO,F26,3,45511.466927112975
LFO,F26,4,39402.452184020265
LFO,F26,5,39516.59749181561
LFO,F26,6,43633.33335872823
LFO,F26,7,43163.667722808925
LFO,F26,8,45039.97269522741
LFO,F26,9,43936.613169340766
LFO,F26,10,40350.150234362955
LFO,F26,11,43832.80037054864
LFO,F26,12,40474.98156058869
LFO,F26,13,39530.21370958858
LFO,F26,14,39237.7121966242
LFO,F26,15,43105.02359759376
LFO,F26,16,37855.2456110458
LFO,F26,17,40006.38031240765
LFO,F26,18,41216.5103277232
LFO,F26,19,43634.34601968665
LFO,F26,20,40753.45219354874
LFO,F26,21,40372.14713107312
LFO,F26,22,40951.63610708591
LFO,F26,23,39552.976066470634
LFO,F26,24,38475.56171756481
LFO,F26,25,38651.414123093266
LFO,F26,26,41169.45124442606
LFO,F26,27,41024.40543910689
LFO,F26,28,38069.1526275129
LFO,F26,29,37735.38427009943
LFO,F26,30,34032.94841793484
LFO,F27,1,6858.70183569845
LFO,F27,2,5516.934607188325
LFO,F27,3,11863.18608331489
LFO,F27,4,6248.12734616852
LFO,F27,5,6375.474281089511
LFO,F27,6,6735.870512349433
LFO,F27,7,6519.6839816973
LFO,F27,8,8224.147837399316
LFO,F27,9,8484.206270851055
LFO,F27,10,6389.633829109656
LFO,F27,11,7916.972057900734
LFO,F27,12,8335.280128717035
LFO,F27,13,5957.303304697785
LFO,F27,14,7066.217477252326
LFO,F27,15,5297.31187974101
LFO,F27,16,5453.5299324483
LFO,F27,17,7784.67365760017
LFO,F27,18,7483.986637401285
LFO,F27,19,6390.319213559388
LFO,F27,20,7082.967005440136
LFO,F27,21,8282.67242828373
LFO,F27,22,5791.272155513154
LFO,F27,23,5578.552569480134
LFO,F27,24,7826.810044643839
LFO,F27,25,7302.853454869711
LFO,F27,26,8623.764172838115
LFO,F27,27,6035.1899240020475
LFO,F27,28,6058.334262940635
LFO,F27,29,6896.035275177759
LFO,F27,30,5626.882559268738
LFO,F28,1,19454.918701474726
LFO,F28,2,19000.23180020748
LFO,F28,3,23448.054125104307
LFO,F28,4,20536.657186279008
LFO,F28,5,21595.84985775944
LFO,F28,6,23365.335348288954
LFO,F28,7,26461.78870471009
LFO,F28,8,26493.71707254075
LFO,F28,9,21375.997217542692
LFO,F28,10,23678.79084060364
LFO,F28,11,21399.193034135023
LFO,F28,12,24874.16138538529
LFO,F28,13,20628.372339481088
LFO,F28,14,20371.434571684422
LFO,F28,15,22197.311470869256
LFO,F28,16,23773.47321838427
LFO,F28,17,21928.631338030325
LFO,F28,18,24551.582112078926
LFO,F28,19,20289.128125411386
LFO,F28,20,20402.94274888843
LFO,F28,21,19301.407658469878
LFO,F28,22,20287.440262391807
LFO,F28,23,20899.1667376243
LFO,F28,24,21009.034543965547
LFO,F28,25,22472.76125612612
LFO,F28,26,20120.48769729467
LFO,F28,27,20456.805757677677
LFO,F28,28,20512.108141686138
LFO,F28,29,22702.84738352062
LFO,F28,30,20093.454957286533
LFO,F29,1,21122.502568843847
LFO,F29,2,26318.651606102947
LFO,F29,3,36763.43196318438
LFO,F29,4,30114.75703943558
LFO,F29,5,36636.4819584114
LFO,F29,6,21583.18454645821
LFO,F29,7,46555.50557447709
LFO,F29,8,29727.3556608113
LFO,F29,9,26121.377783013588
LFO,F29,10,36373.248661589176
LFO,F29,11,31928.46949190974
LFO,F29,12,31932.012067274853
LFO,F29,13,16405.58570368647
LFO,F29,14,21417.3183244592
LFO,F29,15,46750.78908122468
LFO,F29,16,31912.64904047218
LFO,F29,17,26021.30048135355
LFO,F29,18,25468.552172116808
LFO,F29,19,25744.222990592767
LFO,F29,20,19859.87144702747
LFO,F29,21,54472.40902864914
LFO,F29,22,38437.21309653949
LFO,F29,23,33206.47002677943
LFO,F29,24,18190.98665922235
LFO,F29,25,26455.092290813933
LFO,F29,26,36101.47577758327
LFO,F29,27,27118.629659171234
LFO,F29,28,23756.25746617297
LFO,F29,29,16222.477839969379
LFO,F29,30,23801.765202367074
LFO,F30,1,4687850190.43785
LFO,F30,2,5119158791.878676
LFO,F30,3,6170760103.815699
LFO,F30,4,7279973639.797261
LFO,F30,5,4925313673.280831
LFO,F30,6,5395654838.026066
LFO,F30,7,5370365494.408515
LFO,F30,8,4986061978.726169
LFO,F30,9,6571706533.17774
LFO,F30,10,4185155342.441122
LFO,F30,11,5973510372.356484
LFO,F30,12,6524892637.982727
LFO,F30,13,1007393713.3131931
LFO,F30,14,6843755311.039743
LFO,F30,15,4449850417.065147
LFO,F30,16,6946041666.292296
LFO,F30,17,2997754245.732827
LFO,F30,18,9521842158.490091
LFO,F30,19,3455738309.4887705
LFO,F30,20,3418373386.915185
LFO,F30,21,6173922807.370001
LFO,F30,22,6891608627.890989
LFO,F30,23,6187092032.1486225
LFO,F30,24,4117627361.3990088
LFO,F30,25,10577637496.986021
LFO,F30,26,5651631952.813801
LFO,F30,27,14681495132.397238
LFO,F30,28,5841943692.127386
LFO,F30,29,4092675970.4118624
LFO,F30,30,4204525196.2029953
AO,F1,1,234144324970.7628
AO,F1,2,241814093168.7965
AO,F1,3,218666623369.4886
AO,F1,4,240597112639.69214
AO,F1,5,222155941364.08527
AO,F1,6,245529767446.15125
AO,F1,7,227583139025.56415
AO,F1,8,233523612237.76044
AO,F1,9,257298781277.7762
AO,F1,10,238285696670.4428
AO,F1,11,224655906776.4732
AO,F1,12,239457036683.92654
AO,F1,13,230246597179.436
AO,F1,14,218974044602.49374
AO,F1,15,240631224675.94257
AO,F1,16,241042331764.55646
AO,F1,17,210617030081.1878
AO,F1,18,244953788268.80817
AO,F1,19,238664776798.61896
AO,F1,20,215431723819.51544
AO,F1,21,230761999220.22055
AO,F1,22,226284987318.33975
AO,F1,23,228476015501.9022
AO,F1,24,245453952941.72168
AO,F1,25,236815621205.59784
AO,F1,26,211051712998.358
AO,F1,27,242696909819.13638
AO,F1,28,227432203194.01358
AO,F1,29,242946764889.20294
AO,F1,30,239453416458.80475
AO,F3,1,381179.3072036338
AO,F3,2,553072.7804536859
AO,F3,3,441852.71022664
AO,F3,4,368670.1777418646
AO,F3,5,417023.8865784013
AO,F3,6,414990.20213502005
AO,F3,7,467940.60848869366
AO,F3,8,2470648.935496385
AO,F3,9,345557.2674906164
AO,F3,10,517841.38171530305
AO,F3,11,1004700.7745847846
AO,F3,12,1152091.4754784948
AO,F3,13,380818.4744364163
AO,F3,14,361636.064527845
AO,F3,15,705824.3480251465
AO,F3,16,439918.7299833529
AO,F3,17,363253.5595938691
AO,F3,18,358041.1188809237
AO,F3,19,428435.45697710663
AO,F3,20,1101848.9765087764
AO,F3,21,1081100.7719383151
AO,F3,22,539924.7567402136
AO,F3,23,358011.47398000845
AO,F3,24,400856.0133089077
AO,F3,25,704557.173906608
AO,F3,26,474995.35263484356
AO,F3,27,339809.56050240615
AO,F3,28,1112373.0485475152
AO,F3,29,366643.65341705957
AO,F3,30,368896.1352723743
AO,F4,1,54770.1351650849
AO,F4,2,63931.69757386365
AO,F4,3,74630.88213353262
AO,F4,4,87237.31633884154
AO,F4,5,65603.51886468315
AO,F4,6,75040.50146066415
AO,F4,7,73450.5509019641
AO,F4,8,73979.99014944279
AO,F4,9,87963.01616823363
AO,F4,10,65414.71757020759
AO,F4,11,86105.93131062308
AO,F4,12,68816.10986415853
AO,F4,13,89711.09430367076
AO,F4,14,71561.51455622377
AO,F4,15,86954.26281447045
AO,F4,16,86508.32443795216
AO,F4,17,77151.99020000942
AO,F4,18,55455.86428951388
AO,F4,19,78755.42638572011
AO,F4,20,75032.56607294604
AO,F4,21,52890.46330335024
AO,F4,22,56613.075047357604
AO,F4,23,80847.73107720856
AO,F4,24,87316.00957316079
AO,F4,25,75469.62608010285
AO,F4,26,82246.67226399055
AO,F4,27,78238.37351593995
AO,F4,28,65340.48485321957
AO,F4,29,73237.09183360655
AO,F4,30,81268.73785803362
AO,F5,1,2114.265747281718
AO,F5,2,2110.979099240312
AO,F5,3,2059.8530807966317
AO,F5,4,2140.221254730769
AO,F5,5,2137.405546924828
AO,F5,6,2158.1272592769487
AO,F5,7,2213.6447114181956
AO,F5,8,2063.6444806902828
AO,F5,9,2044.5182727022213
AO,F5,10,2160.9780591834724
AO,F5,11,2074.5118362224034
AO,F5,12,2120.0127853225003
AO,F5,13,2160.7722792070017
AO,F5,14,2126.644105989669
AO,F5,15,2058.3147710745634
AO,F5,16,2069.791030457327
AO,F5,17,2137.2051236793523
AO,F5,18,2222.420761139623
AO,F5,19,2211.511214002703
AO,F5,20,2198.883804948407
AO,F5,21,2112.348399508114
AO,F5,22,2047.287842282524
AO,F5,23,2068.263851202785
AO,F5,24,2133.1667328274743
AO,F5,25,2209.632044924847
AO,F5,26,2023.3817556814695
AO,F5,27,2188.883604734102
AO,F5,28,2167.2652665330515
AO,F5,29,2045.080845882478
AO,F5,30,2107.886941937636
AO,F6,1,714.2962790482391
AO,F6,2,710.8584853536385
AO,F6,3,715.5675965466014
AO,F6,4,705.040057423548
AO,F6,5,716.1174338477994
AO,F6,6,714.8889231815438
AO,F6,7,716.5856590950006
AO,F6,8,712.9783971557773
AO,F6,9,713.4084398927176
AO,F6,10,718.1130006633559
AO,F6,11,718.4525243877176
AO,F6,12,709.5233974052773
AO,F6,13,716.2626858131666
AO,F6,14,715.8915477971108
AO,F6,15,721.5046301948944
AO,F6,16,714.5548942669446
AO,F6,17,711.7584876045307
AO,F6,18,717.0275538507146
AO,F6,19,722.6762973139582
AO,F6,20,713.5904215993286
AO,F6,21,707.3837008705511
AO,F6,22,713.1904280205895
AO,F6,23,712.4211385866203
AO,F6,24,716.175060559215
AO,F6,25,711.47371814989
AO,F6,26,719.8700518574321
AO,F6,27,713.2305171948406
AO,F6,28,719.8943608138067
AO,F6,29,716.4266419015653
AO,F6,30,707.9385446509747
AO,F7,1,3861.48492215993
AO,F7,2,4030.6693401175735
AO,F7,3,3934.1016992459126
AO,F7,4,3848.04162416241
AO,F7,5,3965.6617023635063
AO,F7,6,4032.122234409314
AO,F7,7,3886.9762623562833
AO,F7,8,3870.292725367465
AO,F7,9,4023.283691781412
AO,F7,10,4028.936559644094
AO,F7,11,3836.0294595446203
AO,F7,12,3953.9510394110994
AO,F7,13,3708.9548269486077
AO,F7,14,3818.7331285137493
AO,F7,15,3944.278163796182
AO,F7,16,3854.222783210448
AO,F7,17,3875.666895769925
AO,F7,18,4022.285136828058
AO,F7,19,3922.437146955575
AO,F7,20,3906.7101462646147
AO,F7,21,3740.577007727379
AO,F7,22,3912.7671862327356
AO,F7,23,3790.507510938242
AO,F7,24,3814.997175433272
AO,F7,25,4020.672185715078
AO,F7,26,3994.251974099201
AO,F7,27,3835.4456162579527
AO,F7,28,4111.672655149572
AO,F7,29,4032.835986519526
AO,F7,30,4090.4817618941324
AO,F8,1,2472.096779602066
AO,F8,2,2546.1660876150527
AO,F8,3,2604.325189016883
AO,F8,4,2737.1020771140506
AO,F8,5,2660.2555991373306
AO,F8,6,2684.454397607625
AO,F8,7,2533.788521848175
AO,F8,8,2575.1479527393317
AO,F8,9,2615.578028942312
AO,F8,10,2548.1053096245078
AO,F8,11,2651.2869671251165
AO,F8,12,2641.4175793454533
AO,F8,13,2477.623481111869
AO,F8,14,2732.866635021494
AO,F8,15,2525.3575282518414
AO,F8,16,2614.8110546984954
AO,F8,17,2579.639863905287
AO,F8,18,2620.509710557744
AO,F8,19,2573.7241289918034
AO,F8,20,2573.1864052787505
AO,F8,21,2559.4292953416834
AO,F8,22,2502.3591517896684
AO,F8,23,2582.094603420409
AO,F8,24,2668.3700973906534
AO,F8,25,2517.907638407918
AO,F8,26,2626.240480684529
AO,F8,27,2572.4702129559782
AO,F8,28,2606.586280370952
AO,F8,29,2636.6781576468884
AO,F8,30,2590.768174708196
AO,F9,1,77865.78037966043
AO,F9,2,76229.94995793498
AO,F9,3,82820.03547264558
AO,F9,4,81446.03832376633
AO,F9,5,76200.03011161178
AO,F9,6,84827.4093531671
AO,F9,7,85760.3810578057
AO,F9,8,82581.05737774062
AO,F9,9,86257.12402675941
AO,F9,10,91620.04355389612
AO,F9,11,89852.75288385937
AO,F9,12,91245.20240714657
AO,F9,13,80947.88545786607
AO,F9,14,88966.01095364658
AO,F9,15,85208.74108363882
AO,F9,16,84186.16335962946
AO,F9,17,88380.26654977998
AO,F9,18,86428.05567354597
AO,F9,19,89426.16941919705
AO,F9,20,90598.1332928128
AO,F9,21,81182.49085392845
AO,F9,22,79751.17145991926
AO,F9,23,87402.56591190644
AO,F9,24,86057.26030628663
AO,F9,25,87948.07783778622
AO,F9,26,85158.45770248985
AO,F9,27,86235.28346219962
AO,F9,28,85357.920629019
AO,F9,29,79214.96536878901
AO,F9,30,85549.12985778932
AO,F10,1,33150.8502943167
AO,F10,2,33074.52572403766
AO,F10,3,34173.16382730389
AO,F10,4,32572.121766489057
AO,F10,5,34081.6949608142
AO,F10,6,32892.81459767536
AO,F10,7,33915.35863046689
AO,F10,8,33695.099184301245
AO,F10,9,32512.635931484867
AO,F10,10,34616.59407197655
AO,F10,11,32891.62154462661
AO,F10,12,33458.393000873315
AO,F10,13,33190.64906767123
AO,F10,14,32512.99553458985
AO,F10,15,32612.44057971856
AO,F10,16,33981.77029414773
AO,F10,17,33783.19027166476
AO,F10,18,33062.64920510656
AO,F10,19,32552.961043147756
AO,F10,20,34072.80129537462
AO,F10,21,33674.85371124626
AO,F10,22,33692.172457640496
AO,F10,23,32345.27691276151
AO,F10,24,33685.99664891647
AO,F10,25,32817.62463818218
AO,F10,26,33220.41587053932
AO,F10,27,32880.13364205853
AO,F10,28,33404.15572179757
AO,F10,29,32818.228392017656
AO,F10,30,33748.53406759129
AO,F11,1,764343.2301139135
AO,F11,2,918188.358914491
AO,F11,3,752267.1939075469
AO,F11,4,539486.9876889758
AO,F11,5,651330.2687177726
AO,F11,6,840358.6119680088
AO,F11,7,876667.8117776135
AO,F11,8,669114.6450013004
AO,F11,9,887019.0516996566
AO,F11,10,484837.8087524612
AO,F11,11,401909.506384467
AO,F11,12,536878.587564569
AO,F11,13,538817.3977969508
AO,F11,14,625733.9197510905
AO,F11,15,466551.34625636437
AO,F11,16,713947.4698039946
AO,F11,17,791254.6377391776
AO,F11,18,822850.0613715186
AO,F11,19,669266.4696522538
AO,F11,20,714733.8413105359
AO,F11,21,689426.904640553
AO,F11,22,787177.4151924715
AO,F11,23,490117.0728949537
AO,F11,24,604698.4224876661
AO,F11,25,332656.94518404495
AO,F11,26,685439.2011372859
AO,F11,27,599994.6427995207
AO,F11,28,416462.36780629004
AO,F11,29,503522.87177827046
AO,F11,30,716712.7628378426
AO,F12,1,128443921216.13965
AO,F12,2,108334515903.2535
AO,F12,3,148109732925.91348
AO,F12,4,130773824474.73071
AO,F12,5,158119634493.95648
AO,F12,6,132452578832.20557
AO,F12,7,105765679073.748
AO,F12,8,125168262981.98625
AO,F12,9,146215807303.5412
AO,F12,10,132152905864.00589
AO,F12,11,149323036789.41876
AO,F12,12,146097438282.12506
AO,F12,13,148650992539.54718
AO,F12,14,146156119174.0735
AO,F12,15,139249469276.59955
AO,F12,16,134004640044.06844
AO,F12,17,150466016519.11053
AO,F12,18,143600391920.96222
AO,F12,19,154347447338.34222
AO,F12,20,149614895610.60803
AO,F12,21,118352408431.18329
AO,F12,22,152307320223.17328
AO,F12,23,141942006018.58688
AO,F12,24,132659417329.34268
AO,F12,25,122973994920.9808
AO,F12,26,117522484995.93532
AO,F12,27,137295203907.42491
AO,F12,28,163726043475.6325
AO,F12,29,130216495637.17891
AO,F12,30,167682825248.7514
AO,F13,1,27539011139.82027
AO,F13,2,25391079775.75548
AO,F13,3,32528209846.11245
AO,F13,4,28955205698.458176
AO,F13,5,28611439317.648273
AO,F13,6,34977028794.90962
AO,F13,7,29538952069.40397
AO,F13,8,30321260835.30048
AO,F13,9,30345555340.530468
AO,F13,10,25560815042.294598
AO,F13,11,29681626634.159225
AO,F13,12,23443498486.313473
AO,F13,13,26248719988.066067
AO,F13,14,22875947863.418392
AO,F13,15,30825652331.565834
AO,F13,16,32316053076.201263
AO,F13,17,25961015710.15319
AO,F13,18,31700688694.474155
AO,F13,19,30752872075.150284
AO,F13,20,25415148642.543167
AO,F13,21,25811323269.026802
AO,F13,22,29276619419.112164
AO,F13,23,25019939681.544147
AO,F13,24,23718142097.151115
AO,F13,25,25603370829.225754
AO,F13,26,35288589333.559784
AO,F13,27,27587884311.352535
AO,F13,28,37389641898.399345
AO,F13,29,25717157844.00489
AO,F13,30,27046831279.371914
AO,F14,1,81064705.57977708
AO,F14,2,66117388.58799795
AO,F14,3,56313510.86481961
AO,F14,4,32321857.49291334
AO,F14,5,95845382.33819714
AO,F14,6,57135737.41988958
AO,F14,7,70151506.53377792
AO,F14,8,117845491.66792081
AO,F14,9,36533188.623392425
AO,F14,10,206210005.8862866
AO,F14,11,46913035.86669097
AO,F14,12,52204322.67288198
AO,F14,13,52011083.97444459
AO,F14,14,65456391.40740159
AO,F14,15,68454822.50388232
AO,F14,16,66628276.528738536
AO,F14,17,40756438.516032375
AO,F14,18,42366881.02824061
AO,F14,19,75187879.7184907
AO,F14,20,90081552.10840134
AO,F14,21,71605127.76211351
AO,F14,22,77302507.39235154
AO,F14,23,53364760.19836862
AO,F14,24,42792497.27021141
AO,F14,25,67896121.41086158
AO,F14,26,66858053.09400368
AO,F14,27,82484361.80815336
AO,F14,28,76440625.09860408
AO,F14,29,79490810.11469662
AO,F14,30,43228603.002048805
AO,F15,1,9108341432.676445
AO,F15,2,12922075063.68765
AO,F15,3,7848930222.919103
AO,F15,4,8034141398.403587
AO,F15,5,14209446678.538828
AO,F15,6,5520435560.827192
AO,F15,7,10702330167.648119
AO,F15,8,12367569275.077223
AO,F15,9,11350100551.309978
AO,F15,10,11414243586.835781
AO,F15,11,14854317592.835762
AO,F15,12,10581934283.674662
AO,F15,13,15071107702.993296
AO,F15,14,11841947275.27893
AO,F15,15,15101625705.200096
AO,F15,16,7321575215.874523
AO,F15,17,13769838791.804016
AO,F15,18,14243532434.824123
AO,F15,19,9857611097.210522
AO,F15,20,10000783066.32543
AO,F15,21,12972986671.609116
AO,F15,22,12781999312.127068
AO,F15,23,15669936706.238525
AO,F15,24,5861432139.528931
AO,F15,25,13859385308.32573
AO,F15,26,7820033167.124014
AO,F15,27,11316114802.267729
AO,F15,28,9472073572.745724
AO,F15,29,13977904940.469444
AO,F15,30,10900616867.925533
AO,F16,1,18472.586835745937
AO,F16,2,15868.668959775361
AO,F16,3,16095.136231618417
AO,F16,4,17437.220342096654
AO,F16,5,15172.05418494389
AO,F16,6,16997.00164797411
AO,F16,7,18148.549441974326
AO,F16,8,16206.521297291038
AO,F16,9,16153.278300395112
AO,F16,10,14683.308636714439
AO,F16,11,17193.45206123126
AO,F16,12,16424.776617621115
AO,F16,13,23333.135088845476
AO,F16,14,16096.640182653678
AO,F16,15,17942.873495437183
AO,F16,16,15920.48813248672
AO,F16,17,16405.91320940054
AO,F16,18,15982.415834293613
AO,F16,19,17389.904738250727
AO,F16,20,15853.309558454608
AO,F16,21,18273.582454764917
AO,F16,22,16833.350558534465
AO,F16,23,14999.176653754052
AO,F16,24,16803.06619721805
AO,F16,25,16391.74137035866
AO,F16,26,18014.73594665912
AO,F16,27,14745.1837585205
AO,F16,28,16944.993884982683
AO,F16,29,16938.671862508967
AO,F16,30,16357.646339151885
AO,F17,1,679040.3656606493
AO,F17,2,2219962.3867442394
AO,F17,3,1093652.1053536937
AO,F17,4,826446.7639671289
AO,F17,5,598675.5728673767
AO,F17,6,2409291.984176303
AO,F17,7,1577692.3251134588
AO,F17,8,3603339.358736932
AO,F17,9,1159071.0474658443
AO,F17,10,368819.90211456077
AO,F17,11,766782.5391431035
AO,F17,12,1993002.5606842174
AO,F17,13,462045.8457369794
AO,F17,14,1259138.2050952795
AO,F17,15,2406753.369375873
AO,F17,16,1130152.308134876
AO,F17,17,721101.0030706922
AO,F17,18,4304045.708956835
AO,F17,19,576921.7350040736
AO,F17,20,1783062.0824716077
AO,F17,21,625953.3790216009
AO,F17,22,1045131.1766105411
AO,F17,23,967041.8426848595
AO,F17,24,965362.0427692657
AO,F17,25,4276317.748137672
AO,F17,26,938159.9518347412
AO,F17,27,1252026.2432132245
AO,F17,28,1094744.08718723
AO,F17,29,3992386.4442141405
AO,F17,30,3476425.5635015974
AO,F18,1,179473449.19293994
AO,F18,2,68374909.6411766
AO,F18,3,278225717.5202533
AO,F18,4,106003066.44021876
AO,F18,5,248162159.5114629
AO,F18,6,98963849.63912474
AO,F18,7,106524894.0096035
AO,F18,8,184978634.81405064
AO,F18,9,109328214.37408513
AO,F18,10,207999776.91347656
AO,F18,11,187567975.37649018
AO,F18,12,212933638.89811876
AO,F18,13,194349655.43260366
AO,F18,14,94281901.8750342
AO,F18,15,103931269.49003075
AO,F18,16,252441071.29134697
AO,F18,17,189574040.83539394
AO,F18,18,123826637.1937162
AO,F18,19,52604445.39262
AO,F18,20,110185588.36719882
AO,F18,21,197879548.3431046
AO,F18,22,87960585.20239978
AO,F18,23,83424779.32189193
AO,F18,24,150836229.09486854
AO,F18,25,158851860.50198615
AO,F18,26,214356372.83947095
AO,F18,27,158868662.04582167
AO,F18,28,62291245.14135547
AO,F18,29,120165696.53497262
AO,F18,30,151410731.57013732
AO,F19,1,14614418044.390919
AO,F19,2,13296421895.930614
AO,F19,3,13888229916.2073
AO,F19,4,11817015960.540377
AO,F19,5,11071354308.846811
AO,F19,6,17308987604.04797
AO,F19,7,13885904361.725372
AO,F19,8,15434514167.048883
AO,F19,9,17103041710.685297
AO,F19,10,9022001854.54093
AO,F19,11,11155512995.915506
AO,F19,12,7065970462.660905
AO,F19,13,12691798851.43824
AO,F19,14,10847094991.601782
AO,F19,15,9502593817.842192
AO,F19,16,12500081801.853037
AO,F19,17,14517132010.478073
AO,F19,18,16186744604.703852
AO,F19,19,9112419951.869469
AO,F19,20,11117164567.15806
AO,F19,21,16540898634.605558
AO,F19,22,11663349792.476881
AO,F19,23,12133534056.83723
AO,F19,24,10368591445.738832
AO,F19,25,9725721319.071663
AO,F19,26,12783857556.969372
AO,F19,27,14282995699.912083
AO,F19,28,12245496014.575455
AO,F19,29,11142990389.99565
AO,F19,30,12943543619.888954
AO,F20,1,8042.036486962247
AO,F20,2,8637.198878276577
AO,F20,3,9606.151033197008
AO,F20,4,7592.844319114215
AO,F20,5,8117.938503566707
AO,F20,6,8512.571737074053
AO,F20,7,7764.607413736813
AO,F20,8,8168.802823923148
AO,F20,9,8264.106518825123
AO,F20,10,8144.8375062067835
AO,F20,11,8294.753138036067
AO,F20,12,7859.686999263988
AO,F20,13,7565.771927994424
AO,F20,14,8327.799960680153
AO,F20,15,8386.494392968696
AO,F20,16,8990.667420439153
AO,F20,17,7686.350996419171
AO,F20,18,8075.912127474747
AO,F20,19,8710.89690807656
AO,F20,20,7557.70091111529
AO,F20,21,7984.343151165174
AO,F20,22,7754.058775979117
AO,F20,23,7663.609214239331
AO,F20,24,8856.84286936042
AO,F20,25,8015.034405035094
AO,F20,26,8045.742883700226
AO,F20,27,8038.635886537994
AO,F20,28,7976.904095361365
AO,F20,29,8547.127459866759
AO,F20,30,8425.768884400142
AO,F21,1,4771.968597191182
AO,F21,2,4976.617818487901
AO,F21,3,4825.093667417464
AO,F21,4,5045.904285427594
AO,F21,5,5131.337760277349
AO,F21,6,4955.941990497211
AO,F21,7,5419.176979518628
AO,F21,8,4521.394855007984
AO,F21,9,4727.592349708937
AO,F21,10,4466.308059162784
AO,F21,11,4652.832263891176
AO,F21,12,5506.095939620393
AO,F21,13,5114.541016743835
AO,F21,14,4802.4116190585055
AO,F21,15,4723.9411978320495
AO,F21,16,4918.0830945646185
AO,F21,17,4521.259120655807
AO,F21,18,4367.94273996186
AO,F21,19,4780.942789783876
AO,F21,20,5627.581224882942
AO,F21,21,4690.194487915596
AO,F21,22,4802.50926793805
AO,F21,23,4540.003688433905
AO,F21,24,4680.750572423004
AO,F21,25,4520.865933615915
AO,F21,26,4496.684590246756
AO,F21,27,4568.491692472473
AO,F21,28,5130.894147150781
AO,F21,29,4827.846489619036
AO,F21,30,5132.9227290078725
AO,F22,1,34472.08670425881
AO,F22,2,33807.65954212649
AO,F22,3,36459.08984550654
AO,F22,4,35651.4719163325
AO,F22,5,34120.09746122352
AO,F22,6,35100.73370651397
AO,F22,7,34904.043189558564
AO,F22,8,35358.533722132976
AO,F22,9,34655.145372825944
AO,F22,10,36379.22964632301
AO,F22,11,36055.71325523393
AO,F22,12,35367.524763790636
AO,F22,13,33613.54683415753
AO,F22,14,35295.379710212015
AO,F22,15,35255.2701145854
AO,F22,16,36330.369627431886
AO,F22,17,35471.25912479794
AO,F22,18,36279.073372227955
AO,F22,19,34550.41447388797
AO,F22,20,35694.32251062473
AO,F22,21,35020.775566081546
AO,F22,22,35523.974433356874
AO,F22,23,36759.25744183122
AO,F22,24,34859.74541491369
AO,F22,25,34738.95884869163
AO,F22,26,35549.97908028258
AO,F22,27,36349.04405983042
AO,F22,28,34994.85715645373
AO,F22,29,35497.90099952065
AO,F22,30,34160.48382837084
AO,F23,1,5623.332734870855
AO,F23,2,5898.835181623514
AO,F23,3,5516.631809714892
AO,F23,4,5790.794193455426
AO,F23,5,6067.959071055559
AO,F23,6,5297.47449301747
AO,F23,7,6225.12855910955
AO,F23,8,5775.324075629133
AO,F23,9,5421.609874926579
AO,F23,10,5466.11390867023
AO,F23,11,5596.313127936484
AO,F23,12,5650.840095414024
AO,F23,13,5685.060828879172
AO,F23,14,5466.222438716016
AO,F23,15,5963.336179421714
AO,F23,16,5622.15920790613
AO,F23,17,5828.353114386044
AO,F23,18,5624.1354964789425
AO,F23,19,5405.2945404175425
AO,F23,20,5726.3741841845485
AO,F23,21,5603.393763743417
AO,F23,22,6068.874713878638
AO,F23,23,6381.13863036536
AO,F23,24,5217.15313207786
AO,F23,25,6265.251463301434
AO,F23,26,5372.9314386115075
AO,F23,27,6020.05705671505
AO,F23,28,5451.231624583806
AO,F23,29,5691.4379955494
AO,F23,30,5706.6220220804225
AO,F24,1,7300.4309828387295
AO,F24,2,7292.330080734307
AO,F24,3,7171.186253339054
AO,F24,4,7670.081627047098
AO,F24,5,7612.62698115316
AO,F24,6,7375.804453390128
AO,F24,7,7558.354042212467
AO,F24,8,7644.300549557247
AO,F24,9,6933.206697615036
AO,F24,10,6990.859747165723
AO,F24,11,7814.317177281743
AO,F24,12,7776.564667843016
AO,F24,13,7287.7087220899
AO,F24,14,7155.890463444419
AO,F24,15,7034.9379042135
AO,F24,16,7719.212176030974
AO,F24,17,7561.323830612231
AO,F24,18,7164.059716492428
AO,F24,19,7273.244667056558
AO,F24,20,7417.623749512476
AO,F24,21,7235.783273859553
AO,F24,22,7152.81184116279
AO,F24,23,7140.700894643411
AO,F24,24,6844.259565727696
AO,F24,25,6767.078006657181
AO,F24,26,6544.562621818791
AO,F24,27,6765.143376266849
AO,F24,28,7699.509249101007
AO,F24,29,7198.82847968845
AO,F24,30,7538.926525750907
AO,F25,1,25390.610809544112
AO,F25,2,22418.58933823563
AO,F25,3,25308.429965602732
AO,F25,4,27910.95412393559
AO,F25,5,21675.730064852072
AO,F25,6,23036.959402782693
AO,F25,7,24981.64289636677
AO,F25,8,20692.468580823752
AO,F25,9,22891.263789720077
AO,F25,10,25100.054571103065
AO,F25,11,22873.869027336765
AO,F25,12,25431.235988594814
AO,F25,13,25124.441979149928
AO,F25,14,21381.191081939378
AO,F25,15,20986.547747513603
AO,F25,16,24075.843021033656
AO,F25,17,22257.900626825012
AO,F25,18,19266.190105540212
AO,F25,19,20764.054612386422
AO,F25,20,22269.834969200037
AO,F25,21,23925.349345497576
AO,F25,22,20046.29831984635
AO,F25,23,24903.589683116556
AO,F25,24,21615.411824825926
AO,F25,25,25915.226044195817
AO,F25,26,24737.957654296282
AO,F25,27,22584.05365699504
AO,F25,28,21586.467026618313
AO,F25,29,23012.177924307434
AO,F25,30,24098.061071979904
AO,F26,1,47898.33584915316
AO,F26,2,47374.93502094766
AO,F26,3,47282.089627334564
AO,F26,4,46504.72036208574
AO,F26,5,46486.42505628916
AO,F26,6,46507.18218333813
AO,F26,7,47974.07763060104
AO,F26,8,48269.255463632566
AO,F26,9,48226.9358098075
AO,F26,10,49305.42747127328
AO,F26,11,49674.62268191575
AO,F26,12,42088.15092538523
AO,F26,13,49718.97902210704
AO,F26,14,44105.197345630375
AO,F26,15,48398.56578768093
AO,F26,16,48436.73226716234
AO,F26,17,51734.27410146054
AO,F26,18,46854.41157317122
AO,F26,19,47201.902460198406
AO,F26,20,49253.57950923944
AO,F26,21,51909.30428515028
AO,F26,22,49466.49449466628
AO,F26,23,40991.556435622486
AO,F26,24,45526.59854259756
AO,F26,25,50178.429510224116
AO,F26,26,44543.95309866875
AO,F26,27,53371.01854909562
AO,F26,28,47939.59925181934
AO,F26,29,47167.391353352235
AO,F26,30,45566.68322552089
AO,F27,1,3200.024451495509
AO,F27,2,3200.0243243989485
AO,F27,3,3200.0243611088645
AO,F27,4,3200.0243482835504
AO,F27,5,3200.0245132780947
AO,F27,6,3200.024599647772
AO,F27,7,3200.0244755334047
AO,F27,8,3200.0244644249397
AO,F27,9,3200.024386111811
AO,F27,10,3200.024435252456
AO,F27,11,3200.0243293966514
AO,F27,12,3200.024335110154
AO,F27,13,3200.024460428307
AO,F27,14,3200.0244868075833
AO,F27,15,3200.0242518719624
AO,F27,16,3200.024365059045
AO,F27,17,3200.024349005722
AO,F27,18,3200.0245129671866
AO,F27,19,3200.024479266463
AO,F27,20,3200.02455064389
AO,F27,21,3200.024237651973
AO,F27,22,3200.0244330298156
AO,F27,23,3200.0244069376067
AO,F27,24,3200.024572825774
AO,F27,25,3200.0244180645514
AO,F27,26,3200.0245461732043
AO,F27,27,3200.024465662358
AO,F27,28,3200.0245810378865
AO,F27,29,3200.024582582079
AO,F27,30,3200.024484811527
AO,F28,1,3300.024301443257
AO,F28,2,3300.0242640080137
AO,F28,3,3300.0239950593846
AO,F28,4,3300.0243033281504
AO,F28,5,3300.024157544435
AO,F28,6,3300.0242134366745
AO,F28,7,3300.02449359999
AO,F28,8,3300.024041897332
AO,F28,9,3300.024519845324
AO,F28,10,3300.024486154955
AO,F28,11,3300.0243299209037
AO,F28,12,3300.0241277553405
AO,F28,13,3300.0243180540906
AO,F28,14,3300.0243478738516
AO,F28,15,3300.0241458543987
AO,F28,16,3300.024426551155
AO,F28,17,3300.024354743631
AO,F28,18,3300.0245159528486
AO,F28,19,3300.0239546797056
AO,F28,20,3300.024217778444
AO,F28,21,3300.0242372358975
AO,F28,22,3300.024102105507
AO,F28,23,3300.024394154767
AO,F28,24,3300.0240913379853
AO,F28,25,3300.02430854873
AO,F28,26,3300.024514457769
AO,F28,27,3300.0243922433438
AO,F28,28,3300.0244068506454
AO,F28,29,3300.0241991529
AO,F28,30,3300.024056718731
AO,F29,1,107181.30182955302
AO,F29,2,146396.16954492484
AO,F29,3,87108.67816361632
AO,F29,4,69299.03617644725
AO,F29,5,35678.25826175726
AO,F29,6,124008.3942651684
AO,F29,7,142517.89550643868
AO,F29,8,115379.91942779586
AO,F29,9,173522.923954998
AO,F29,10,33625.246662163365
AO,F29,11,68585.71300490454
AO,F29,12,92123.90431224773
AO,F29,13,105956.9650249701
AO,F29,14,110253.23860301753
AO,F29,15,50580.95444788698
AO,F29,16,103835.59687012507
AO,F29,17,66719.59412843134
AO,F29,18,82040.63003157213
AO,F29,19,58051.43933451402
AO,F29,20,186695.14441691907
AO,F29,21,349787.5906547563
AO,F29,22,100126.07510863486
AO,F29,23,30823.85003686687
AO,F29,24,62824.72942847523
AO,F29,25,135765.29635485008
AO,F29,26,198045.30306926588
AO,F29,27,180117.77573222763
AO,F29,28,158273.68555933473
AO,F29,29,101292.45522915736
AO,F29,30,144191.47920378094
AO,F30,1,24414237274.806717
AO,F30,2,20700737046.029705
AO,F30,3,25880213693.525536
AO,F30,4,23382207099.593872
AO,F30,5,23819957694.176144
AO,F30,6,24512838027.528893
AO,F30,7,36968062495.9211
AO,F30,8,30574261881.847584
AO,F30,9,26660329269.76772
AO,F30,10,30251249024.207493
AO,F30,11,23432283707.60032
AO,F30,12,28145822913.533817
AO,F30,13,20285365558.07609
AO,F30,14,25730615199.059086
AO,F30,15,27682182303.582726
AO,F30,16,24857645616.46884
AO,F30,17,25302346337.694767
AO,F30,18,31519409748.096848
AO,F30,19,26980595389.0604
AO,F30,20,25972599563.554256
AO,F30,21,23268337652.900787
AO,F30,22,32682276323.507324
AO,F30,23,20672243539.498634
AO,F30,24,37319785562.40056
AO,F30,25,21912991474.111847
AO,F30,26,27726285430.040367
AO,F30,27,28069497691.14154
AO,F30,28,22008692840.203396
AO,F30,29,25427529221.793034
AO,F30,30,20175406321.265507
FTO,F1,1,331287553182.6755
FTO,F1,2,264701052547.0064
FTO,F1,3,296098343698.0252
FTO,F1,4,326872825476.7035
FTO,F1,5,270403186848.15274
FTO,F1,6,321329143692.18536
FTO,F1,7,260800215101.71283
FTO,F1,8,291880571898.68335
FTO,F1,9,253731547582.0731
FTO,F1,10,318818173325.67084
FTO,F1,11,272305925602.39767
FTO,F1,12,344499549938.6284
FTO,F1,13,272609126340.4009
FTO,F1,14,249961971149.41846
FTO,F1,15,359624695553.55237
FTO,F1,16,281078999531.6272
FTO,F1,17,288877332500.33057
FTO,F1,18,253404998518.53403
FTO,F1,19,302292528100.2178
FTO,F1,20,256449898071.18155
FTO,F1,21,321904827611.8118
FTO,F1,22,313074959434.5517
FTO,F1,23,248245778421.7896
FTO,F1,24,321157762684.1364
FTO,F1,25,309048555062.9609
FTO,F1,26,365147070279.20526
FTO,F1,27,304777713478.57605
FTO,F1,28,350026990247.89233
FTO,F1,29,332155730171.377
FTO,F1,30,255280637604.0604
FTO,F3,1,1128080.4336962271
FTO,F3,2,1268216.573788514
FTO,F3,3,1303115.9354344695
FTO,F3,4,1305257.8716241
FTO,F3,5,1464152.0915095615
FTO,F3,6,700329.2498667779
FTO,F3,7,1380281.629384643
FTO,F3,8,1524354.8179198238
FTO,F3,9,1445447.0633198689
FTO,F3,10,1669897.484002462
FTO,F3,11,1205525.7848015018
FTO,F3,12,1442877.4154474495
FTO,F3,13,1048991.7898234907
FTO,F3,14,1658660.4044696386
FTO,F3,15,1327204.8504359676
FTO,F3,16,1338381.511070686
FTO,F3,17,1255169.7404382613
FTO,F3,18,1035337.3958940576
FTO,F3,19,1321159.4180227728
FTO,F3,20,1105604.748904454
FTO,F3,21,1394192.4809886215
FTO,F3,22,1179298.8119692076
FTO,F3,23,1572564.9867147335
FTO,F3,24,1279548.3831932256
FTO,F3,25,1562511.7796759563
FTO,F3,26,1418964.0192799554
FTO,F3,27,1344753.6910897468
FTO,F3,28,1119217.7841036431
FTO,F3,29,1219703.6368170108
FTO,F3,30,1262801.7252724995
FTO,F4,1,93251.63330129583
FTO,F4,2,65479.848377474
FTO,F4,3,109510.89952447974
FTO,F4,4,132545.7673014681
FTO,F4,5,126546.77810310182
FTO,F4,6,97798.0549804488
FTO,F4,7,101374.9339559291
FTO,F4,8,139274.0019993578
FTO,F4,9,82162.64378584933
FTO,F4,10,110254.4990175872
FTO,F4,11,113510.58750868251
FTO,F4,12,94101.76827715749
FTO,F4,13,107934.57413819118
FTO,F4,14,111671.71577356622
FTO,F4,15,150124.38927148312
FTO,F4,16,116111.7983101947
FTO,F4,17,95400.34221515828
FTO,F4,18,126016.16893138785
FTO,F4,19,77144.54193219246
FTO,F4,20,117173.51995958314
FTO,F4,21,127109.7945978676
FTO,F4,22,67536.67800020418
FTO,F4,23,122054.40215939176
FTO,F4,24,145177.36056692235
FTO,F4,25,155632.60150567902
FTO,F4,26,85831.95168329227
FTO,F4,27,129860.01280291255
FTO,F4,28,102578.63096415465
FTO,F4,29,75809.36265237015
FTO,F4,30,139051.04632553126
FTO,F5,1,2250.7251650022736
FTO,F5,2,2262.726120527828
FTO,F5,3,2055.676959307485
FTO,F5,4,2330.1568384924867
FTO,F5,5,2467.090165633305
FTO,F5,6,2423.2347683880525
FTO,F5,7,2242.222112286916
FTO,F5,8,2192.0064424126085
FTO,F5,9,2256.7532340193925
FTO,F5,10,2291.294817398618
FTO,F5,11,2288.199687754411
FTO,F5,12,2132.8083130674113
FTO,F5,13,2239.3153101751604
FTO,F5,14,2250.060216642647
FTO,F5,15,2182.2190007382524
FTO,F5,16,2252.1523523787964
FTO,F5,17,2262.3547145118405
FTO,F5,18,2216.2673101042656
FTO,F5,19,2118.178491596295
FTO,F5,20,2277.645482742862
FTO,F5,21,2171.694795275991
FTO,F5,22,2339.0709605780044
FTO,F5,23,2481.1968274396013
FTO,F5,24,2245.001421812235
FTO,F5,25,2215.4769222030845
FTO,F5,26,2164.9847237924228
FTO,F5,27,2409.3186728299625
FTO,F5,28,2120.9555799371374
FTO,F5,29,2305.4385295058537
FTO,F5,30,2193.8736008166175
FTO,F6,1,710.8216458736798
FTO,F6,2,714.0022776220729
FTO,F6,3,711.0295262604162
FTO,F6,4,704.5840378969697
FTO,F6,5,714.644736020928
FTO,F6,6,702.7501829370872
FTO,F6,7,717.6418406439752
FTO,F6,8,720.2023112202023
FTO,F6,9,704.6791741540486
FTO,F6,10,711.6977647030891
FTO,F6,11,709.8779537047625
FTO,F6,12,697.1406963045805
FTO,F6,13,713.6682835414636
FTO,F6,14,712.8580142839502
FTO,F6,15,714.1218985879518
FTO,F6,16,706.0734402235793
FTO,F6,17,716.1881879271057
FTO,F6,18,700.2723788141097
FTO,F6,19,701.1115727732728
FTO,F6,20,703.0234624333284
FTO,F6,21,710.6217369098589
FTO,F6,22,703.880571773287
FTO,F6,23,702.0606230901727
FTO,F6,24,705.9130010038048
FTO,F6,25,712.5786387274543
FTO,F6,26,707.1291461492273
FTO,F6,27,720.0940982109328
FTO,F6,28,712.1467777992012
FTO,F6,29,710.5945371904597
FTO,F6,30,705.1595781878298
FTO,F7,1,7245.205651602904
FTO,F7,2,6753.4424553808785
FTO,F7,3,6567.750588515761
FTO,F7,4,6563.2378397201155
FTO,F7,5,6781.237600492557
FTO,F7,6,5855.139638446319
FTO,F7,7,5752.170349896099
FTO,F7,8,6646.253637183807
FTO,F7,9,6650.593725457202
FTO,F7,10,6893.169423087955
FTO,F7,11,6368.68981493926
FTO,F7,12,6507.557775595572
FTO,F7,13,6696.7307449163945
FTO,F7,14,7084.100268723096
FTO,F7,15,6842.819136158838
FTO,F7,16,5032.354595811677
FTO,F7,17,6096.1033757371015
FTO,F7,18,6406.861490271046
FTO,F7,19,5866.322616914965
FTO,F7,20,5899.515869725674
FTO,F7,21,6745.582396802796
FTO,F7,22,5632.424288053015
FTO,F7,23,5871.561304886965
FTO,F7,24,6670.662638442187
FTO,F7,25,7196.54868323145
FTO,F7,26,6886.632072840478
FTO,F7,27,6518.455085558418
FTO,F7,28,6746.657301227114
FTO,F7,29,7710.5398122003135
FTO,F7,30,7361.257345790826
FTO,F8,1,2913.339391663098
FTO,F8,2,2640.4971497070146
FTO,F8,3,2660.928652458083
FTO,F8,4,2724.986745518887
FTO,F8,5,2714.3209132653574
FTO,F8,6,2700.0366595878054
FTO,F8,7,2606.374673613532
FTO,F8,8,2367.8078687479283
FTO,F8,9,2713.1454720884662
FTO,F8,10,2618.1599487292906
FTO,F8,11,2757.79784785218
FTO,F8,12,2805.503854339112
FTO,F8,13,2770.4503746114397
FTO,F8,14,2687.7053954044222
FTO,F8,15,2747.0994200538316
FTO,F8,16,2772.6008811099773
FTO,F8,17,2740.1075077043297
FTO,F8,18,2619.1232824412914
FTO,F8,19,2743.2978270243975
FTO,F8,20,2630.454282930759
FTO,F8,21,2601.995887796304
FTO,F8,22,2628.203598136917
FTO,F8,23,2706.9554682409116
FTO,F8,24,2637.471530887576
FTO,F8,25,2656.1139762454773
FTO,F8,26,2720.8626081434536
FTO,F8,27,2615.6619770287007
FTO,F8,28,2645.133722790067
FTO,F8,29,2589.494125934008
FTO,F8,30,2695.634975084602
FTO,F9,1,164576.59589600604
FTO,F9,2,106863.96848628874
FTO,F9,3,126404.04128299069
FTO,F9,4,144903.53862505592
FTO,F9,5,135853.5969291425
FTO,F9,6,128854.37201143973
FTO,F9,7,116928.38595929492
FTO,F9,8,132587.39777990684
FTO,F9,9,165309.3252871419
FTO,F9,10,148237.22327459385
FTO,F9,11,162201.68149663333
FTO,F9,12,140191.86880736894
FTO,F9,13,160152.7046298392
FTO,F9,14,153859.16257715633
FTO,F9,15,139308.154337788
FTO,F9,16,149832.60627363657
FTO,F9,17,150434.7654175782
FTO,F9,18,155763.5206170655
FTO,F9,19,121307.61904515944
FTO,F9,20,114536.04378316947
FTO,F9,21,145468.65487390885
FTO,F9,22,120982.55612772508
FTO,F9,23,112274.11985249248
FTO,F9,24,145889.47571178921
FTO,F9,25,109804.57990654925
FTO,F9,26,149930.12833227072
FTO,F9,27,118273.68383890534
FTO,F9,28,153101.68478765187
FTO,F9,29,133828.75656497283
FTO,F9,30,136666.50961660285
FTO,F10,1,33852.62241476055
FTO,F10,2,31782.766587629245
FTO,F10,3,33616.43622251369
FTO,F10,4,33903.609123661576
FTO,F10,5,34203.18233546495
FTO,F10,6,32480.906548336505
FTO,F10,7,34331.0701445945
FTO,F10,8,34113.763937119526
FTO,F10,9,33989.250045184344
FTO,F10,10,34075.565573934895
FTO,F10,11,33852.921598764406
FTO,F10,12,32681.617505570044
FTO,F10,13,33062.58553723218
FTO,F10,14,33598.48413380326
FTO,F10,15,32390.998612219086
FTO,F10,16,33018.548317823544
FTO,F10,17,34360.673298619964
FTO,F10,18,33513.90723945909
FTO,F10,19,33272.86250359483
FTO,F10,20,33631.753088919584
FTO,F10,21,33750.67466375656
FTO,F10,22,33614.09873349784
FTO,F10,23,33915.68767905281
FTO,F10,24,32536.01811764852
FTO,F10,25,33482.28634720413
FTO,F10,26,33068.15387190383
FTO,F10,27,33038.57441849387
FTO,F10,28,33818.344941465635
FTO,F10,29,32727.31899645787
FTO,F10,30,32280.9704741377
FTO,F11,1,567784.1405066809
FTO,F11,2,675582.4113114184
FTO,F11,3,634805.3137875248
FTO,F11,4,899928.7774595165
FTO,F11,5,728323.234181038
FTO,F11,6,877871.7865712582
FTO,F11,7,886898.3660746694
FTO,F11,8,810974.2896701668
FTO,F11,9,635727.6127236286
FTO,F11,10,378189.5240232387
FTO,F11,11,572136.4328032822
FTO,F11,12,655397.3920135902
FTO,F11,13,840128.345653773
FTO,F11,14,577044.1258022309
FTO,F11,15,822334.7116931543
FTO,F11,16,584670.5258820174
FTO,F11,17,865055.5617457427
FTO,F11,18,660233.7918471902
FTO,F11,19,768361.7124920755
FTO,F11,20,705148.2378236669
FTO,F11,21,454844.59678965044
FTO,F11,22,707764.3193090346
FTO,F11,23,572438.1191295955
FTO,F11,24,802540.1441655172
FTO,F11,25,546162.4992032899
FTO,F11,26,726171.0835296921
FTO,F11,27,602461.6987778441
FTO,F11,28,789500.362512393
FTO,F11,29,546030.4728119589
FTO,F11,30,666489.3003288915
FTO,F12,1,161364042484.67786
FTO,F12,2,157936220996.0276
FTO,F12,3,161967929736.27014
FTO,F12,4,120835210246.02191
FTO,F12,5,167511250538.32654
FTO,F12,6,182889431804.69067
FTO,F12,7,132916177759.33939
FTO,F12,8,159587422479.96906
FTO,F12,9,144421315802.25253
FTO,F12,10,159520168200.277
FTO,F12,11,164911617591.73715
FTO,F12,12,203209923037.31503
FTO,F12,13,168614025276.88492
FTO,F12,14,157347794540.0679
FTO,F12,15,127309570362.32841
FTO,F12,16,163237881549.92596
FTO,F12,17,197381173248.39798
FTO,F12,18,147774751331.71088
FTO,F12,19,155032050010.4101
FTO,F12,20,138895498501.75098
FTO,F12,21,152112689805.0599
FTO,F12,22,166892804099.72998
FTO,F12,23,137458698077.9856
FTO,F12,24,157358435316.5718
FTO,F12,25,218150092023.79678
FTO,F12,26,199260475211.641
FTO,F12,27,181898311123.20886
FTO,F12,28,144578811454.3782
FTO,F12,29,142154903349.1871
FTO,F12,30,174099323915.63116
FTO,F13,1,46103937261.87159
FTO,F13,2,32075897861.859867
FTO,F13,3,31914727758.265392
FTO,F13,4,40260637021.43902
FTO,F13,5,30120308250.736706
FTO,F13,6,46559660557.11265
FTO,F13,7,28364720219.273346
FTO,F13,8,28822737955.912704
FTO,F13,9,38359959519.61349
FTO,F13,10,32843451469.36836
FTO,F13,11,35079080510.298965
FTO,F13,12,28570812120.130054
FTO,F13,13,27640316057.579506
FTO,F13,14,41631277380.55505
FTO,F13,15,42010705740.23914
FTO,F13,16,37901090166.712555
FTO,F13,17,35753266505.1088
FTO,F13,18,36367309781.56739
FTO,F13,19,30419450677.76356
FTO,F13,20,29813099674.428234
FTO,F13,21,50510924332.60994
FTO,F13,22,24688818564.605476
FTO,F13,23,37035404928.74149
FTO,F13,24,34516084424.54379
FTO,F13,25,41092338956.18928
FTO,F13,26,39508867740.747894
FTO,F13,27,41387885075.58464
FTO,F13,28,48281615126.186295
FTO,F13,29,33948679732.998
FTO,F13,30,38184761168.487885
FTO,F14,1,206247424.0980367
FTO,F14,2,233793190.66345382
FTO,F14,3,235227662.02579743
FTO,F14,4,330656224.4938845
FTO,F14,5,233969971.302256
FTO,F14,6,293555105.2101149
FTO,F14,7,223680904.57825536
FTO,F14,8,234984646.81356817
FTO,F14,9,181105298.87881368
FTO,F14,10,207031444.56444806
FTO,F14,11,266607116.24411547
FTO,F14,12,181740542.29463512
FTO,F14,13,231586873.9473432
FTO,F14,14,201130846.850388
FTO,F14,15,302721504.96314275
FTO,F14,16,163080694.80203387
FTO,F14,17,322932304.53312945
FTO,F14,18,233247672.13403663
FTO,F14,19,223759485.7660461
FTO,F14,20,271807943.66931224
FTO,F14,21,186690160.35623264
FTO,F14,22,273295668.3269584
FTO,F14,23,128706127.40060477
FTO,F14,24,169635072.6229343
FTO,F14,25,220141672.4749393
FTO,F14,26,185956612.7145537
FTO,F14,27,202903631.82281235
FTO,F14,28,211737007.60241282
FTO,F14,29,164171503.74756956
FTO,F14,30,158526245.54353806
FTO,F15,1,28104048760.08225
FTO,F15,2,33130346634.59894
FTO,F15,3,18694361495.188786
FTO,F15,4,21726203895.23289
FTO,F15,5,23543308072.61509
FTO,F15,6,19354280704.761856
FTO,F15,7,32291395094.431995
FTO,F15,8,24911551618.51931
FTO,F15,9,21736305865.534008
FTO,F15,10,29381406569.642784
FTO,F15,11,21744554408.424072
FTO,F15,12,23278465298.526962
FTO,F15,13,23710757008.22388
FTO,F15,14,24117072445.442593
FTO,F15,15,30002241503.30067
FTO,F15,16,29076315217.667496
FTO,F15,17,20381443475.006565
FTO,F15,18,30283066991.80861
FTO,F15,19,28939265715.68062
FTO,F15,20,24124049776.764896
FTO,F15,21,30372119249.801178
FTO,F15,22,25606227368.932625
FTO,F15,23,22127797004.34182
FTO,F15,24,26788937112.09444
FTO,F15,25,26079848288.476086
FTO,F15,26,28661203601.214607
FTO,F15,27,21271047675.92939
FTO,F15,28,23299276587.669613
FTO,F15,29,23315225254.07323
FTO,F15,30,18908137431.67371
FTO,F16,1,23593.38357116261
FTO,F16,2,21134.248830991964
FTO,F16,3,19018.883745809264
FTO,F16,4,18015.5885833216
FTO,F16,5,23466.169822970813
FTO,F16,6,18824.552709478197
FTO,F16,7,20604.606138481668
FTO,F16,8,22670.860804085645
FTO,F16,9,22364.909640070924
FTO,F16,10,24576.89652549631
FTO,F16,11,19600.446455356025
FTO,F16,12,20625.04307207223
FTO,F16,13,22054.838172961412
FTO,F16,14,23605.080820108065
FTO,F16,15,22421.60826840583
FTO,F16,16,18030.589095687224
FTO,F16,17,19950.55361864287
FTO,F16,18,24894.648807487232
FTO,F16,19,19418.160301354816
FTO,F16,20,17696.413425672246
FTO,F16,21,22472.16614836803
FTO,F16,22,21104.420307169377
FTO,F16,23,19424.072102770875
FTO,F16,24,20000.119006892717
FTO,F16,25,23117.328141253565
FTO,F16,26,25461.778263141212
FTO,F16,27,20424.66578896521
FTO,F16,28,20100.350280993254
FTO,F16,29,24913.79350072878
FTO,F16,30,20918.31760585458
FTO,F17,1,39543347.79725243
FTO,F17,2,10975629.141810631
FTO,F17,3,4311605.600042915
FTO,F17,4,11169265.840979299
FTO,F17,5,18060194.419557683
FTO,F17,6,2125887.4846516657
FTO,F17,7,18650987.98313702
FTO,F17,8,9013546.993038148
FTO,F17,9,30941249.60744682
FTO,F17,10,10540131.32270754
FTO,F17,11,11046579.746260889
FTO,F17,12,57543310.73015291
FTO,F17,13,9472876.61007721
FTO,F17,14,8514284.315696144
FTO,F17,15,4792996.706910827
FTO,F17,16,7340886.02743002
FTO,F17,17,20339005.268119663
FTO,F17,18,29207721.05999036
FTO,F17,19,1272602.270965912
FTO,F17,20,954316.6341786606
FTO,F17,21,25926004.502535935
FTO,F17,22,31737061.699142586
FTO,F17,23,681732.3855880114
FTO,F17,24,12531651.681544019
FTO,F17,25,5479251.8229535725
FTO,F17,26,10016446.399804235
FTO,F17,27,2415330.243186103
FTO,F17,28,23910987.48648014
FTO,F17,29,44063247.289423004
FTO,F17,30,7870227.942786274
FTO,F18,1,426205546.30520105
FTO,F18,2,406480063.9207696
FTO,F18,3,235283153.3884526
FTO,F18,4,474175757.8780533
FTO,F18,5,405102130.939513
FTO,F18,6,334192058.4736634
FTO,F18,7,627447479.4454288
FTO,F18,8,246397862.44118452
FTO,F18,9,250293805.5745104
FTO,F18,10,618202798.7674706
FTO,F18,11,387011518.645602
FTO,F18,12,263160841.53193873
FTO,F18,13,305383883.03452605
FTO,F18,14,429213622.3897804
FTO,F18,15,579657046.3677694
FTO,F18,16,451009943.1976927
FTO,F18,17,458568555.5714607
FTO,F18,18,465571010.09520215
FTO,F18,19,468134793.2154441
FTO,F18,20,293718030.900565
FTO,F18,21,432871299.13074875
FTO,F18,22,522732676.44353145
FTO,F18,23,311937256.9835038
FTO,F18,24,363047420.58337486
FTO,F18,25,481752812.24735564
FTO,F18,26,502767974.9415983
FTO,F18,27,383950397.5440037
FTO,F18,28,316283159.87046665
FTO,F18,29,646357260.42346
FTO,F18,30,586504970.1046894
FTO,F19,1,25752529573.42712
FTO,F19,2,19147727216.466442
FTO,F19,3,21466316354.074005
FTO,F19,4,29643997815.892925
FTO,F19,5,21390488616.16247
FTO,F19,6,18428337058.4722
FTO,F19,7,20351674570.739758
FTO,F19,8,23942181722.008324
FTO,F19,9,22384430705.532104
FTO,F19,10,18473422748.059395
FTO,F19,11,17591285807.006603
FTO,F19,12,13843813372.304249
FTO,F19,13,11766275724.369373
FTO,F19,14,10817919359.886206
FTO,F19,15,20577975977.166588
FTO,F19,16,18240117038.406673
FTO,F19,17,17731612786.30882
FTO,F19,18,23094795012.897255
FTO,F19,19,22210591689.555424
FTO,F19,20,25962098799.433563
FTO,F19,21,22817462063.66129
FTO,F19,22,19865337064.145767
FTO,F19,23,20189729408.73449
FTO,F19,24,24855484503.602425
FTO,F19,25,15228627588.48247
FTO,F19,26,24434939155.01388
FTO,F19,27,22971021993.773098
FTO,F19,28,14367278879.565216
FTO,F19,29,26073217725.080086
FTO,F19,30,15947341078.023445
FTO,F20,1,8531.913808727451
FTO,F20,2,8252.892371212996
FTO,F20,3,8988.512385373542
FTO,F20,4,8661.412957494715
FTO,F20,5,8720.864019127577
FTO,F20,6,9040.937158877074
FTO,F20,7,9055.92373950033
FTO,F20,8,8885.033550768872
FTO,F20,9,8341.81031600961
FTO,F20,10,9150.76536320445
FTO,F20,11,8286.291717594326
FTO,F20,12,9189.510045810895
FTO,F20,13,8591.688014325126
FTO,F20,14,8549.42060873764
FTO,F20,15,8640.324572903895
FTO,F20,16,8858.150231186817
FTO,F20,17,9386.526599730518
FTO,F20,18,8838.344494300076
FTO,F20,19,8441.453053454077
FTO,F20,20,8879.835111408729
FTO,F20,21,8994.003030739132
FTO,F20,22,9228.29321461655
FTO,F20,23,9231.981709285446
FTO,F20,24,8792.817148281163
FTO,F20,25,8236.745306226137
FTO,F20,26,8370.897129577428
FTO,F20,27,8504.362747798668
FTO,F20,28,8898.282581369647
FTO,F20,29,9305.806173810752
FTO,F20,30,8604.122462208856
FTO,F21,1,4158.633436868711
FTO,F21,2,4162.869677687993
FTO,F21,3,4036.981887669899
FTO,F21,4,4164.66320604309
FTO,F21,5,4166.231586319664
FTO,F21,6,4106.808745220249
FTO,F21,7,3999.148387029247
FTO,F21,8,4188.789067381376
FTO,F21,9,4057.9474115004323
FTO,F21,10,4159.928490637938
FTO,F21,11,4092.900727005319
FTO,F21,12,4186.145488999613
FTO,F21,13,4091.662061424514
FTO,F21,14,4276.566163945102
FTO,F21,15,4353.787033470429
FTO,F21,16,4296.87531143782
FTO,F21,17,4004.014606752471
FTO,F21,18,4026.9115772415125
FTO,F21,19,4238.2047082151075
FTO,F21,20,4153.313094164709
FTO,F21,21,4205.359623398706
FTO,F21,22,4425.522154616885
FTO,F21,23,4237.8362828563095
FTO,F21,24,4409.142988635123
FTO,F21,25,4032.462812222947
FTO,F21,26,3985.198600327112
FTO,F21,27,4090.8413303259076
FTO,F21,28,4044.061444767201
FTO,F21,29,4208.278476400785
FTO,F21,30,4292.530851329395
FTO,F22,1,35812.331541163185
FTO,F22,2,34203.979244651775
FTO,F22,3,34154.56634057469
FTO,F22,4,33169.930732571614
FTO,F22,5,35038.96849227889
FTO,F22,6,34281.70685333133
FTO,F22,7,34448.96758843376
FTO,F22,8,35653.504171115965
FTO,F22,9,34791.11075926884
FTO,F22,10,35971.350187733464
FTO,F22,11,35175.22398347621
FTO,F22,12,35641.287476491394
FTO,F22,13,34532.77194938208
FTO,F22,14,33582.07378583346
FTO,F22,15,35689.23361727153
FTO,F22,16,35558.16827520612
FTO,F22,17,34755.200665425786
FTO,F22,18,34466.00610013797
FTO,F22,19,35031.38061026136
FTO,F22,20,34502.573598843344
FTO,F22,21,34968.052152966135
FTO,F22,22,35240.553023631146
FTO,F22,23,34434.63850618477
FTO,F22,24,35742.79657461896
FTO,F22,25,35723.820570382784
FTO,F22,26,35687.70983742778
FTO,F22,27,35851.177285149926
FTO,F22,28,34252.9737512189
FTO,F22,29,34219.58215505512
FTO,F22,30,32499.218561633385
FTO,F23,1,5261.50263328393
FTO,F23,2,5243.259999300288
FTO,F23,3,5077.294935890983
FTO,F23,4,5416.366177441752
FTO,F23,5,4899.664624859162
FTO,F23,6,5392.315501439871
FTO,F23,7,5307.637969801022
FTO,F23,8,5131.4550427235645
FTO,F23,9,5257.691395567528
FTO,F23,10,5032.065469591675
FTO,F23,11,5285.718912679757
FTO,F23,12,5233.591558984295
FTO,F23,13,5213.70817809758
FTO,F23,14,5225.3177887154925
FTO,F23,15,5276.348304893557
FTO,F23,16,5185.203487662207
FTO,F23,17,5228.631089457482
FTO,F23,18,5084.2518362177925
FTO,F23,19,5379.156176201266
FTO,F23,20,5185.244773531409
FTO,F23,21,5406.8675662284695
FTO,F23,22,5318.842966599477
FTO,F23,23,5396.486154051474
FTO,F23,24,5319.285077878349
FTO,F23,25,4942.309027321237
FTO,F23,26,5248.542834349259
FTO,F23,27,5266.974419863841
FTO,F23,28,5232.14929138644
FTO,F23,29,5005.298510554148
FTO,F23,30,5292.484830087941
FTO,F24,1,6867.544474917498
FTO,F24,2,7009.468438242366
FTO,F24,3,6755.888214325506
FTO,F24,4,7014.899476896901
FTO,F24,5,6989.805062795537
FTO,F24,6,7097.418057017922
FTO,F24,7,6660.764114097986
FTO,F24,8,6871.839467188002
FTO,F24,9,6390.322149969834
FTO,F24,10,7327.820350873402
FTO,F24,11,6962.011761269106
FTO,F24,12,7205.168701956382
FTO,F24,13,6578.153962680006
FTO,F24,14,6783.333415792847
FTO,F24,15,7184.5271752853905
FTO,F24,16,6856.643066511256
FTO,F24,17,7097.5618030255055
FTO,F24,18,6716.339566306328
FTO,F24,19,7267.396448725672
FTO,F24,20,6581.47260796739
FTO,F24,21,6730.571117728936
FTO,F24,22,6830.483172340093
FTO,F24,23,7004.763652671703
FTO,F24,24,6984.207904645834
FTO,F24,25,6767.697515527931
FTO,F24,26,6963.170552503968
FTO,F24,27,6503.484215795743
FTO,F24,28,6849.693147417266
FTO,F24,29,6792.251023407553
FTO,F24,30,7021.255909420017
FTO,F25,1,54017.47970405937
FTO,F25,2,43165.87138977654
FTO,F25,3,65329.47523344162
FTO,F25,4,58065.37738157767
FTO,F25,5,44043.70723028483
FTO,F25,6,52111.284831977726
FTO,F25,7,46678.26103395189
FTO,F25,8,48127.23854498701
FTO,F25,9,42663.69256535843
FTO,F25,10,42100.38523415702
FTO,F25,11,52450.265469825164
FTO,F25,12,63854.56103743207
FTO,F25,13,42966.44209568245
FTO,F25,14,66771.5491534328
FTO,F25,15,41667.63851091041
FTO,F25,16,43453.74683270293
FTO,F25,17,47432.87907477241
FTO,F25,18,48400.828993665826
FTO,F25,19,51800.858042706226
FTO,F25,20,43471.401117811365
FTO,F25,21,39205.52353234057
FTO,F25,22,42000.52967293043
FTO,F25,23,57450.5587381544
FTO,F25,24,47367.85063948092
FTO,F25,25,57451.92203721572
FTO,F25,26,60548.34289750257
FTO,F25,27,56369.49313032718
FTO,F25,28,51540.81126323571
FTO,F25,29,41804.07243789023
FTO,F25,30,52727.71802106025
FTO,F26,1,50532.64743298323
FTO,F26,2,51453.78466120418
FTO,F26,3,49141.7132939326
FTO,F26,4,48988.940699363295
FTO,F26,5,48203.78107738205
FTO,F26,6,48743.36717460385
FTO,F26,7,48649.02250747097
FTO,F26,8,52045.81549561657
FTO,F26,9,50826.55387759127
FTO,F26,10,48515.36545676081
FTO,F26,11,48197.870158133504
FTO,F26,12,46924.88764314711
FTO,F26,13,53660.77416473068
FTO,F26,14,50117.84450137272
FTO,F26,15,46259.67242404176
FTO,F26,16,50897.709008109094
FTO,F26,17,50557.841589066025
FTO,F26,18,48907.60342811141
FTO,F26,19,51894.35932975251
FTO,F26,20,48054.343123182916
FTO,F26,21,49440.9643378935
FTO,F26,22,41113.36793053326
FTO,F26,23,47566.73302075402
FTO,F26,24,44724.05235953806
FTO,F26,25,49997.94480487862
FTO,F26,26,47006.86652221574
FTO,F26,27,53750.96315694466
FTO,F26,28,50201.50251343473
FTO,F26,29,48315.02440096806
FTO,F26,30,48353.3785028092
FTO,F27,1,7272.838368886389
FTO,F27,2,8104.426886583099
FTO,F27,3,3200.0249101453824
FTO,F27,4,6021.772515157565
FTO,F27,5,8095.031150649192
FTO,F27,6,5836.273795249056
FTO,F27,7,3230.736351148327
FTO,F27,8,4586.266628636662
FTO,F27,9,7562.407486479492
FTO,F27,10,4766.814816273799
FTO,F27,11,3200.1030483219693
FTO,F27,12,7153.873521848036
FTO,F27,13,7689.060905700296
FTO,F27,14,3200.024887045413
FTO,F27,15,7206.866239951574
FTO,F27,16,3678.819036278695
FTO,F27,17,6834.604689929678
FTO,F27,18,7059.954092810041
FTO,F27,19,3383.504766508231
FTO,F27,20,3200.025000036637
FTO,F27,21,3200.0250011295116
FTO,F27,22,3200.071182785905
FTO,F27,23,4329.709367206713
FTO,F27,24,7960.23816718513
FTO,F27,25,7817.138248395632
FTO,F27,26,4881.680557213927
FTO,F27,27,7279.069866294682
FTO,F27,28,3516.046900785959
FTO,F27,29,3306.5741234021716
FTO,F27,30,7136.914318424717
FTO,F28,1,3322.5245984353764
FTO,F28,2,19938.052763252683
FTO,F28,3,3300.0290386698885
FTO,F28,4,3329.0422051322635
FTO,F28,5,30977.850030154757
FTO,F28,6,5817.800076729469
FTO,F28,7,3301.8508836629962
FTO,F28,8,3976.4200344873498
FTO,F28,9,6440.379572353259
FTO,F28,10,3300.026342493299
FTO,F28,11,9584.138381666035
FTO,F28,12,7207.360004764818
FTO,F28,13,21669.790423120532
FTO,F28,14,3300.024869918345
FTO,F28,15,3300.184541839695
FTO,F28,16,7665.604989892805
FTO,F28,17,11569.908520808649
FTO,F28,18,13737.04989640887
FTO,F28,19,3682.288544679319
FTO,F28,20,3300.0248624340343
FTO,F28,21,21163.331285118053
FTO,F28,22,3300.0249872764366
FTO,F28,23,3325.6010866274028
FTO,F28,24,22837.527925704944
FTO,F28,25,16815.029882882198
FTO,F28,26,3300.682398827865
FTO,F28,27,3301.1523851103966
FTO,F28,28,3300.0248231261585
FTO,F28,29,3300.095868849507
FTO,F28,30,23610.666368369042
FTO,F29,1,2350045.1052769837
FTO,F29,2,1499529.2241015078
FTO,F29,3,10126296.784380555
FTO,F29,4,810034.0202179003
FTO,F29,5,3913720.014343303
FTO,F29,6,273522.26368409325
FTO,F29,7,1479255.5936229643
FTO,F29,8,2485432.1626406847
FTO,F29,9,2666409.8127982346
FTO,F29,10,1030291.8622309305
FTO,F29,11,5396975.889656547
FTO,F29,12,5129316.673861965
FTO,F29,13,1845971.530417649
FTO,F29,14,1035286.6553577518
FTO,F29,15,3323990.1199614443
FTO,F29,16,452122.55812197534
FTO,F29,17,1562879.138132731
FTO,F29,18,216171.97423618782
FTO,F29,19,477300.7212163087
FTO,F29,20,544697.6399256042
FTO,F29,21,3443744.71481893
FTO,F29,22,3032459.3294104612
FTO,F29,23,681832.8819958314
FTO,F29,24,1570237.7041413488
FTO,F29,25,340074.0150292006
FTO,F29,26,442994.3446435772
FTO,F29,27,1522821.4354672432
FTO,F29,28,7182528.695003279
FTO,F29,29,3964465.3461363614
FTO,F29,30,4196908.533882417
FTO,F30,1,17768278715.06444
FTO,F30,2,33746917437.663246
FTO,F30,3,25482750299.54618
FTO,F30,4,30494433380.898266
FTO,F30,5,27337393431.503838
FTO,F30,6,38518270193.421265
FTO,F30,7,20156271966.949528
FTO,F30,8,28455560408.55294
FTO,F30,9,36605283384.29613
FTO,F30,10,33468133133.99711
FTO,F30,11,30110308982.04758
FTO,F30,12,43892627067.6233
FTO,F30,13,28862673341.89921
FTO,F30,14,30575935964.10892
FTO,F30,15,35480215430.92392
FTO,F30,16,20875274221.096367
FTO,F30,17,35557176635.008224
FTO,F30,18,29105360756.663902
FTO,F30,19,23148038546.812943
FTO,F30,20,29396417026.84678
FTO,F30,21,37770054206.68461
FTO,F30,22,30200492404.88455
FTO,F30,23,17428476525.593372
FTO,F30,24,24821008891.805878
FTO,F30,25,30269832474.065735
FTO,F30,26,24157187867.82511
FTO,F30,27,22395842639.406242
FTO,F30,28,26302537907.60676
FTO,F30,29,31338677588.163067
FTO,F30,30,17103627342.264883
