algorithm,function,run,final_error
LCFO,F1,1,103.6847392707475
LCFO,F1,2,1645.8219210514642
LCFO,F1,3,155.66102433461572
LCFO,F1,4,169.4174945038307
LCFO,F1,5,1857.6234218200352
LCFO,F1,6,11154.621942290692
LCFO,F1,7,3566.507320847206
LCFO,F1,8,2505.391167660396
LCFO,F1,9,403.87516826620373
LCFO,F1,10,2753.184570116957
LCFO,F1,11,7425.4200861223735
LCFO,F1,12,980.5170021129319
LCFO,F1,13,2546.3172933797937
LCFO,F1,14,778.6020186761318
LCFO,F1,15,4680.976860898407
LCFO,F1,16,882.1849291061798
LCFO,F1,17,5130.715423471513
LCFO,F1,18,125.80059647621943
LCFO,F1,19,122.53558940364319
LCFO,F1,20,1580.1938515897489
LCFO,F1,21,6968.266649028568
LCFO,F1,22,8853.355446816293
LCFO,F1,23,689.159724956429
LCFO,F1,24,548.8433862560605
LCFO,F1,25,929.1802881511163
LCFO,F1,26,3257.3233998349688
LCFO,F1,27,155.67927115413855
LCFO,F1,28,1759.4105690294293
LCFO,F1,29,678.2514665283737
LCFO,F1,30,122.57855257675811
LCFO,F3,1,27512.170620603287
LCFO,F3,2,47145.46202470962
LCFO,F3,3,22772.851431150015
LCFO,F3,4,14166.032576465192
LCFO,F3,5,18238.924231011166
LCFO,F3,6,9870.772010154069
LCFO,F3,7,19575.350775551495
LCFO,F3,8,19425.62688819435
LCFO,F3,9,20351.48092656628
LCFO,F3,10,18180.798994270357
LCFO,F3,11,10767.331580528062
LCFO,F3,12,9689.891552963009
LCFO,F3,13,15456.822081788932
LCFO,F3,14,17410.34990817806
LCFO,F3,15,16636.83723557002
LCFO,F3,16,18485.849027209784
LCFO,F3,17,24454.614143215415
LCFO,F3,18,12485.308377441439
LCFO,F3,19,9086.228541611921
LCFO,F3,20,16453.48529326162
LCFO,F3,21,20893.698722295117
LCFO,F3,22,28433.63367510751
LCFO,F3,23,19847.159068018937
LCFO,F3,24,14697.221128845398
LCFO,F3,25,33731.91648020725
LCFO,F3,26,16229.13928607623
LCFO,F3,27,33494.72757565376
LCFO,F3,28,26942.264464004886
LCFO,F3,29,23120.02496473465
LCFO,F3,30,14473.840591144102
LCFO,F4,1,499.4555123093928
LCFO,F4,2,582.2814075756061
LCFO,F4,3,551.1108326180372
LCFO,F4,4,613.4260374599796
LCFO,F4,5,619.5288896767704
LCFO,F4,6,572.808720434667
LCFO,F4,7,585.7995761461523
LCFO,F4,8,543.5500074395843
LCFO,F4,9,497.0590116597411
LCFO,F4,10,496.35414396693534
LCFO,F4,11,496.3856722088472
LCFO,F4,12,428.5416765300782
LCFO,F4,13,550.3555455760043
LCFO,F4,14,500.2672309791865
LCFO,F4,15,501.2446211039956
LCFO,F4,16,580.4599194797095
LCFO,F4,17,552.1484594912539
LCFO,F4,18,518.1490658839575
LCFO,F4,19,588.0641092983208
LCFO,F4,20,505.4513792590909
LCFO,F4,21,550.1845029366965
LCFO,F4,22,545.2144946231401
LCFO,F4,23,578.6136249607448
LCFO,F4,24,528.9070035075454
LCFO,F4,25,625.1208466754628
LCFO,F4,26,429.963513772543
LCFO,F4,27,440.62704769288956
LCFO,F4,28,546.2389843445494
LCFO,F4,29,546.070039040368
LCFO,F4,30,545.5919678972602
LCFO,F5,1,611.6583222205883
LCFO,F5,2,599.6878201855529
LCFO,F5,3,586.6857028695691
LCFO,F5,4,585.278978968298
LCFO,F5,5,572.1536009685287
LCFO,F5,6,594.3881050799848
LCFO,F5,7,589.5418674602099
LCFO,F5,8,585.3708850167867
LCFO,F5,9,593.1307428289474
LCFO,F5,10,565.0129758720057
LCFO,F5,11,591.1150287152522
LCFO,F5,12,587.0140531927498
LCFO,F5,13,592.2415399316014
LCFO,F5,14,582.6201755908896
LCFO,F5,15,577.2614815726484
LCFO,F5,16,586.657892107645
LCFO,F5,17,589.3862837442308
LCFO,F5,18,603.809556166927
LCFO,F5,19,578.5074745315756
LCFO,F5,20,608.0581617491134
LCFO,F5,21,589.7576362511186
LCFO,F5,22,582.0201805610045
LCFO,F5,23,585.3868881731923
LCFO,F5,24,577.5825061162786
LCFO,F5,25,583.4548797553732
LCFO,F5,26,580.9477098182277
LCFO,F5,27,588.3721266065015
LCFO,F5,28,563.7893060403101
LCFO,F5,29,587.5521131894471
LCFO,F5,30,554.5267960554675
LCFO,F6,1,600.3049541056657
LCFO,F6,2,600.0761337292859
LCFO,F6,3,600.0862154870475
LCFO,F6,4,600.435378292355
LCFO,F6,5,600.2011294687892
LCFO,F6,6,600.3284813268165
LCFO,F6,7,600.3301585463062
LCFO,F6,8,600.3330281345943
LCFO,F6,9,600.1359271514746
LCFO,F6,10,600.0865410878769
LCFO,F6,11,600.0688433494877
LCFO,F6,12,600.1725498213633
LCFO,F6,13,600.4486786014543
LCFO,F6,14,600.3364739023366
LCFO,F6,15,600.0924707503765
LCFO,F6,16,600.0935653063902
LCFO,F6,17,600.3927930708268
LCFO,F6,18,600.3260640766653
LCFO,F6,19,600.2881896280315
LCFO,F6,20,600.0775247226652
LCFO,F6,21,600.2807649870944
LCFO,F6,22,600.4599021109091
LCFO,F6,23,600.4924212253172
LCFO,F6,24,600.198605075181
LCFO,F6,25,600.2892528105217
LCFO,F6,26,600.5517322799418
LCFO,F6,27,600.2160593788126
LCFO,F6,28,600.4805570831339
LCFO,F6,29,600.5206521854011
LCFO,F6,30,600.2179652479164
LCFO,F7,1,847.6187991040084
LCFO,F7,2,833.9412582144009
LCFO,F7,3,853.5280757225215
LCFO,F7,4,861.6232294192083
LCFO,F7,5,853.1934692846617
LCFO,F7,6,843.1283258265095
LCFO,F7,7,842.9548352414467
LCFO,F7,8,816.3674455687963
LCFO,F7,9,835.8702777058483
LCFO,F7,10,847.0771062153701
LCFO,F7,11,844.8142221178132
LCFO,F7,12,865.3188867750023
LCFO,F7,13,827.6637047617551
LCFO,F7,14,866.1366825964155
LCFO,F7,15,841.0119989573943
LCFO,F7,16,839.4497897523191
LCFO,F7,17,823.6456930668857
LCFO,F7,18,846.0041226244224
LCFO,F7,19,846.0740522502228
LCFO,F7,20,848.7172594733535
LCFO,F7,21,842.2206865484965
LCFO,F7,22,857.7795131652454
LCFO,F7,23,851.8526753500764
LCFO,F7,24,839.0057282670786
LCFO,F7,25,840.132595301527
LCFO,F7,26,850.9628305618337
LCFO,F7,27,838.553920129171
LCFO,F7,28,827.8670374483905
LCFO,F7,29,864.665712114698
LCFO,F7,30,846.6936682774983
LCFO,F8,1,868.0231123187143
LCFO,F8,2,879.7591900362063
LCFO,F8,3,888.1528423314122
LCFO,F8,4,880.2496452865762
LCFO,F8,5,879.2251327791226
LCFO,F8,6,881.9839635816456
LCFO,F8,7,877.9952758648801
LCFO,F8,8,878.5397026619371
LCFO,F8,9,875.7835315379654
LCFO,F8,10,879.2093581821438
LCFO,F8,11,889.4516091507818
LCFO,F8,12,871.4921107775789
LCFO,F8,13,867.8918070127394
LCFO,F8,14,922.6467324363823
LCFO,F8,15,893.9343076866137
LCFO,F8,16,883.510835407912
LCFO,F8,17,883.6528979880679
LCFO,F8,18,881.8613793124152
LCFO,F8,19,878.2914757244844
LCFO,F8,20,866.6121275888793
LCFO,F8,21,882.5022566170859
LCFO,F8,22,883.9448075934085
LCFO,F8,23,875.050148956608
LCFO,F8,24,885.3874884122704
LCFO,F8,25,881.8207117018592
LCFO,F8,26,884.2764634255418
LCFO,F8,27,898.7812730944107
LCFO,F8,28,875.8712455208542
LCFO,F8,29,896.2234140940956
LCFO,F8,30,879.6544298234384
LCFO,F9,1,909.2469111726508
LCFO,F9,2,930.1298750444649
LCFO,F9,3,935.8778750258305
LCFO,F9,4,923.8846652447489
LCFO,F9,5,924.4500347584283
LCFO,F9,6,933.4977110912545
LCFO,F9,7,911.9035720748474
LCFO,F9,8,914.7160115798121
LCFO,F9,9,947.9814852165806
LCFO,F9,10,955.0101205966591
LCFO,F9,11,913.7855022381323
LCFO,F9,12,945.7611661478202
LCFO,F9,13,912.7038933761987
LCFO,F9,14,926.4039608790156
LCFO,F9,15,926.6469882277715
LCFO,F9,16,911.204857027315
LCFO,F9,17,953.7978414757321
LCFO,F9,18,936.7410551915204
LCFO,F9,19,937.9490718094216
LCFO,F9,20,906.7210680432175
LCFO,F9,21,914.3498323661488
LCFO,F9,22,923.6722689044435
LCFO,F9,23,940.840969691776
LCFO,F9,24,926.2961614394856
LCFO,F9,25,920.2833525912303
LCFO,F9,26,935.1898822764218
LCFO,F9,27,1039.1853106958479
LCFO,F9,28,939.19097712016
LCFO,F9,29,915.0869634451489
LCFO,F9,30,920.0841264808809
LCFO,F10,1,7434.716069171647
LCFO,F10,2,8209.995890492024
LCFO,F10,3,7066.821821713751
LCFO,F10,4,7923.69259906522
LCFO,F10,5,8107.412840653005
LCFO,F10,6,7778.750525837411
LCFO,F10,7,7677.836156086141
LCFO,F10,8,7529.385217201261
LCFO,F10,9,6833.099468437866
LCFO,F10,10,8554.499629310576
LCFO,F10,11,7893.379250205542
LCFO,F10,12,7678.45456047056
LCFO,F10,13,8157.203244529144
LCFO,F10,14,8070.978774001298
LCFO,F10,15,8054.932581331601
LCFO,F10,16,7713.012037981229
LCFO,F10,17,8223.919472664764
LCFO,F10,18,7652.359201019362
LCFO,F10,19,8273.12608418648
LCFO,F10,20,7793.551806242869
LCFO,F10,21,7935.268171525382
LCFO,F10,22,7963.288741809602
LCFO,F10,23,7075.902525501835
LCFO,F10,24,7962.857563394511
LCFO,F10,25,8096.395512163865
LCFO,F10,26,7440.178037412328
LCFO,F10,27,7742.433432728649
LCFO,F10,28,7488.091514985463
LCFO,F10,29,7765.515087403253
LCFO,F10,30,7120.941906822773
LCFO,F11,1,1287.699504284448
LCFO,F11,2,1254.0924899510558
LCFO,F11,3,1272.5405266395892
LCFO,F11,4,1313.2328892357475
LCFO,F11,5,1247.618209030651
LCFO,F11,6,1306.615684202622
LCFO,F11,7,1224.815545409844
LCFO,F11,8,1387.1667001602432
LCFO,F11,9,1161.0844218615473
LCFO,F11,10,1389.733407237747
LCFO,F11,11,1344.795876675291
LCFO,F11,12,1307.826418446591
LCFO,F11,13,1253.0926061741927
LCFO,F11,14,1272.6833590867996
LCFO,F11,15,1372.8610014202495
LCFO,F11,16,1187.8940025957527
LCFO,F11,17,1255.5207786645992
LCFO,F11,18,1253.2977440466684
LCFO,F11,19,1248.865684564352
LCFO,F11,20,1244.3537116021641
LCFO,F11,21,1379.8918336730026
LCFO,F11,22,1247.5741302229776
LCFO,F11,23,1216.3115299601538
LCFO,F11,24,1415.8187495295574
LCFO,F11,25,1311.9065772411
LCFO,F11,26,1342.3259817479468
LCFO,F11,27,1340.5560643571198
LCFO,F11,28,1415.8683658751074
LCFO,F11,29,1362.1923076019712
LCFO,F11,30,1269.8714718254184
LCFO,F12,1,188552.27238042728
LCFO,F12,2,1567790.6511662877
LCFO,F12,3,683907.1614655749
LCFO,F12,4,285419.31903634075
LCFO,F12,5,257101.99230891874
LCFO,F12,6,130715.3608264746
LCFO,F12,7,67955.02740408665
LCFO,F12,8,1553113.4140200885
LCFO,F12,9,877014.9060593686
LCFO,F12,10,286986.59291694575
LCFO,F12,11,186023.24708211794
LCFO,F12,12,339711.99421787966
LCFO,F12,13,136674.62353506524
LCFO,F12,14,169151.12243155655
LCFO,F12,15,719744.6596250503
LCFO,F12,16,391741.1893067052
LCFO,F12,17,495181.88203803066
LCFO,F12,18,113279.73236331077
LCFO,F12,19,504709.73371069605
LCFO,F12,20,810071.1659193907
LCFO,F12,21,685066.3969372859
LCFO,F12,22,585399.3161530154
LCFO,F12,23,451007.57524437376
LCFO,F12,24,693270.2744901136
LCFO,F12,25,173547.80957120043
LCFO,F12,26,110321.85346876827
LCFO,F12,27,87047.8008732763
LCFO,F12,28,211378.98955730812
LCFO,F12,29,238038.03935049044
LCFO,F12,30,448902.45031200687
LCFO,F13,1,3271.219496730595
LCFO,F13,2,5829.322873563975
LCFO,F13,3,3359.6693730956895
LCFO,F13,4,3622.7004249073816
LCFO,F13,5,3295.2129931409254
LCFO,F13,6,4471.758658555963
LCFO,F13,7,4471.688165537931
LCFO,F13,8,5373.719048354283
LCFO,F13,9,5917.0884523052155
LCFO,F13,10,2321.7829155321906
LCFO,F13,11,6177.0841429299735
LCFO,F13,12,6193.190812535171
LCFO,F13,13,5752.493952176947
LCFO,F13,14,6813.885483518969
LCFO,F13,15,3250.354286973148
LCFO,F13,16,4086.1865250362175
LCFO,F13,17,3892.8054932551495
LCFO,F13,18,6865.239840975652
LCFO,F13,19,8203.340336508283
LCFO,F13,20,5013.878171733899
LCFO,F13,21,6488.258685400072
LCFO,F13,22,4922.869777896387
LCFO,F13,23,2609.2490871955497
LCFO,F13,24,8658.45755106138
LCFO,F13,25,4492.556522342415
LCFO,F13,26,11544.935356563448
LCFO,F13,27,4191.083502841086
LCFO,F13,28,4176.46290862195
LCFO,F13,29,8470.059839953587
LCFO,F13,30,3317.0810862384724
LCFO,F14,1,1603.9536455331393
LCFO,F14,2,1536.9440092184668
LCFO,F14,3,1557.775696267
LCFO,F14,4,1511.8647226207497
LCFO,F14,5,1552.9844809308051
LCFO,F14,6,1694.561170768437
LCFO,F14,7,1609.7965662519487
LCFO,F14,8,1787.023199852018
LCFO,F14,9,1533.9554045672467
LCFO,F14,10,1557.0137377702952
LCFO,F14,11,1606.548335415472
LCFO,F14,12,1584.4310240259638
LCFO,F14,13,1613.634450831846
LCFO,F14,14,1656.6352745458382
LCFO,F14,15,1748.937389698037
LCFO,F14,16,1625.8536065350759
LCFO,F14,17,1653.998297181255
LCFO,F14,18,1708.4677969640009
LCFO,F14,19,1607.1332590833013
LCFO,F14,20,1525.2468209358906
LCFO,F14,21,1638.9834093811974
LCFO,F14,22,1720.4024247209447
LCFO,F14,23,1708.6117468039329
LCFO,F14,24,1866.1292577014674
LCFO,F14,25,1562.2168011214687
LCFO,F14,26,1647.0248831408358
LCFO,F14,27,1556.2582231119677
LCFO,F14,28,1694.0712478081575
LCFO,F14,29,1654.8367226453656
LCFO,F14,30,1568.6260278900345
LCFO,F15,1,2370.297266888941
LCFO,F15,2,2110.421614775207
LCFO,F15,3,1862.8469653855796
LCFO,F15,4,2105.093637806475
LCFO,F15,5,2266.7479627237885
LCFO,F15,6,1803.663480994037
LCFO,F15,7,2459.8149686705
LCFO,F15,8,1866.5876472486393
LCFO,F15,9,2175.9207535538167
LCFO,F15,10,2203.118955655659
LCFO,F15,11,2104.819115231194
LCFO,F15,12,2315.3822724292554
LCFO,F15,13,2441.5352474147003
LCFO,F15,14,2162.748700934789
LCFO,F15,15,1998.2858520567393
LCFO,F15,16,2058.3647189133
LCFO,F15,17,2009.1178271726849
LCFO,F15,18,2131.040130574178
LCFO,F15,19,1877.2873333290004
LCFO,F15,20,1968.243719116786
LCFO,F15,21,2018.3839408542774
LCFO,F15,22,1947.7126109039973
LCFO,F15,23,1928.3381877788488
LCFO,F15,24,2135.4886994084395
LCFO,F15,25,2289.711157164322
LCFO,F15,26,2316.1320860242113
LCFO,F15,27,2572.9275956025313
LCFO,F15,28,1896.0201688776497
LCFO,F15,29,2247.6667713645447
LCFO,F15,30,2290.712166192383
LCFO,F16,1,2633.8873383142163
LCFO,F16,2,3203.9106280116644
LCFO,F16,3,3112.239092357054
LCFO,F16,4,2864.93314189393
LCFO,F16,5,2969.0695858199915
LCFO,F16,6,3033.0723730082755
LCFO,F16,7,2856.357150937568
LCFO,F16,8,2741.4113059358087
LCFO,F16,9,2967.2572761123656
LCFO,F16,10,2714.867538270886
LCFO,F16,11,2520.9648680369983
LCFO,F16,12,3017.1228655357054
LCFO,F16,13,2687.9997112537153
LCFO,F16,14,3043.3762147847474
LCFO,F16,15,3012.959218519952
LCFO,F16,16,2865.395574701903
LCFO,F16,17,3175.180557069354
LCFO,F16,18,2680.1083650501578
LCFO,F16,19,2691.7149160048994
LCFO,F16,20,2959.7223670405792
LCFO,F16,21,2624.314272873112
LCFO,F16,22,2708.0051027060204
LCFO,F16,23,2225.3201557463353
LCFO,F16,24,2575.7622276768743
LCFO,F16,25,3206.8632340773665
LCFO,F16,26,2777.5881237177555
LCFO,F16,27,2945.9925607552495
LCFO,F16,28,3073.056458111263
LCFO,F16,29,2557.344257586142
LCFO,F16,30,2823.7932913414797
LCFO,F17,1,2217.4693724493154
LCFO,F17,2,2690.0416780322425
LCFO,F17,3,2771.779440808154
LCFO,F17,4,2604.221094127825
LCFO,F17,5,2666.983231696482
LCFO,F17,6,2525.883597979349
LCFO,F17,7,2578.2760873049237
LCFO,F17,8,2610.7228862488737
LCFO,F17,9,2926.3381740006917
LCFO,F17,10,2503.380668076871
LCFO,F17,11,2547.8107113220112
LCFO,F17,12,2778.3852434732044
LCFO,F17,13,2695.316043937176
LCFO,F17,14,2492.776725571218
LCFO,F17,15,2526.454807737451
LCFO,F17,16,2391.697511465122
LCFO,F17,17,2234.009807100124
LCFO,F17,18,2475.1878542050936
LCFO,F17,19,2817.652966794176
LCFO,F17,20,2751.230071526834
LCFO,F17,21,2522.18923734282
LCFO,F17,22,2507.5519636827094
LCFO,F17,23,2501.459213770926
LCFO,F17,24,2520.7902000971826
LCFO,F17,25,2609.922242898908
LCFO,F17,26,2263.2497532298253
LCFO,F17,27,2656.3624071918666
LCFO,F17,28,2927.5318715223966
LCFO,F17,29,2469.6454087246307
LCFO,F17,30,2490.316300998844
LCFO,F18,1,5228.6062704173255
LCFO,F18,2,33527.645228204405
LCFO,F18,3,8763.449975828325
LCFO,F18,4,3434.534188599759
LCFO,F18,5,4301.288401720715
LCFO,F18,6,61658.80679356394
LCFO,F18,7,18612.907644072515
LCFO,F18,8,7608.334182994709
LCFO,F18,9,3559.935882477379
LCFO,F18,10,4488.348216651446
LCFO,F18,11,5961.497606463402
LCFO,F18,12,25933.232805300904
LCFO,F18,13,13441.707598467883
LCFO,F18,14,4409.222755553329
LCFO,F18,15,7563.894618471755
LCFO,F18,16,2980.013446949182
LCFO,F18,17,26860.948147508716
LCFO,F18,18,13097.928168219543
LCFO,F18,19,3325.2739709333805
LCFO,F18,20,12176.501872070334
LCFO,F18,21,20324.990388275364
LCFO,F18,22,8621.620679123214
LCFO,F18,23,15224.657141197422
LCFO,F18,24,7684.043091644938
LCFO,F18,25,11151.660762721009
LCFO,F18,26,20012.103804033515
LCFO,F18,27,6822.988690817538
LCFO,F18,28,9180.022683632396
LCFO,F18,29,11144.967447603873
LCFO,F18,30,52820.02894552501
LCFO,F19,1,2004.5111387854326
LCFO,F19,2,2097.378065826967
LCFO,F19,3,2104.9741759424383
LCFO,F19,4,2057.49846503734
LCFO,F19,5,2045.1643625896968
LCFO,F19,6,2042.1179464432641
LCFO,F19,7,2021.5743612736246
LCFO,F19,8,2044.917528166875
LCFO,F19,9,2048.719150343423
LCFO,F19,10,2132.6466702996368
LCFO,F19,11,2050.2615485710385
LCFO,F19,12,2058.5645190566925
LCFO,F19,13,2038.376041363102
LCFO,F19,14,2020.4847066822254
LCFO,F19,15,2029.2931251222917
LCFO,F19,16,2085.5286112752965
LCFO,F19,17,2076.164505193532
LCFO,F19,18,2041.7363643148765
LCFO,F19,19,2150.126770991919
LCFO,F19,20,2088.9564331975625
LCFO,F19,21,2154.8921939225006
LCFO,F19,22,2131.0869121830538
LCFO,F19,23,2025.2306223644216
LCFO,F19,24,1984.9380670387015
LCFO,F19,25,2061.791975441935
LCFO,F19,26,1999.4415039404041
LCFO,F19,27,2073.662901971539
LCFO,F19,28,2065.120108934313
LCFO,F19,29,2056.2462535205455
LCFO,F19,30,2082.6600382424385
LCFO,F20,1,2751.508942550765
LCFO,F20,2,2625.832624863605
LCFO,F20,3,2827.428747323869
LCFO,F20,4,2683.320761332118
LCFO,F20,5,2569.795960717073
LCFO,F20,6,2884.2538604435545
LCFO,F20,7,2940.0648797514523
LCFO,F20,8,2598.985040906799
LCFO,F20,9,3026.4963587342745
LCFO,F20,10,2658.806265791033
LCFO,F20,11,2802.0181650727554
LCFO,F20,12,2695.1638597615424
LCFO,F20,13,2902.34611441801
LCFO,F20,14,2760.486093720227
LCFO,F20,15,2944.6859482877885
LCFO,F20,16,2896.739453769797
LCFO,F20,17,2669.4001773091677
LCFO,F20,18,2920.3671954223364
LCFO,F20,19,2622.1159644114678
LCFO,F20,20,2869.9025786130583
LCFO,F20,21,3066.9905414561745
LCFO,F20,22,3025.5416441672646
LCFO,F20,23,2716.875977501054
LCFO,F20,24,2685.459723196438
LCFO,F20,25,2658.3323762278033
LCFO,F20,26,2862.946892094663
LCFO,F20,27,2990.289987439324
LCFO,F20,28,2906.6494417778927
LCFO,F20,29,2956.5007067426736
LCFO,F20,30,2669.327160584453
LCFO,F21,1,2401.0603320842506
LCFO,F21,2,2375.1922373162915
LCFO,F21,3,2398.766077471848
LCFO,F21,4,2368.3150363378722
LCFO,F21,5,2386.531079245803
LCFO,F21,6,2359.7537807056115
LCFO,F21,7,2382.735148464418
LCFO,F21,8,2386.0139901746716
LCFO,F21,9,2394.1883791514906
LCFO,F21,10,2366.9978705070307
LCFO,F21,11,2390.4899194575
LCFO,F21,12,2363.865831851532
LCFO,F21,13,2386.7061276913546
LCFO,F21,14,2383.7426956762433
LCFO,F21,15,2385.169280941631
LCFO,F21,16,2378.013983116587
LCFO,F21,17,2391.511598012606
LCFO,F21,18,2355.09489264364
LCFO,F21,19,2385.9895269545127
LCFO,F21,20,2384.08146164417
LCFO,F21,21,2391.579630308315
LCFO,F21,22,2390.858745862639
LCFO,F21,23,2366.9462753525054
LCFO,F21,24,2392.1245754826505
LCFO,F21,25,2391.559934729269
LCFO,F21,26,2387.860156080429
LCFO,F21,27,2393.6889875605225
LCFO,F21,28,2388.398841506921
LCFO,F21,29,2393.4485906214927
LCFO,F21,30,2394.435537364198
LCFO,F22,1,9271.264586232308
LCFO,F22,2,9672.222211738532
LCFO,F22,3,9306.25158380937
LCFO,F22,4,9830.12972623525
LCFO,F22,5,9488.660521259655
LCFO,F22,6,9710.246045489426
LCFO,F22,7,9834.739614190423
LCFO,F22,8,8939.796000916003
LCFO,F22,9,8713.279566159796
LCFO,F22,10,9340.121487845328
LCFO,F22,11,9259.175833857116
LCFO,F22,12,9880.391904394688
LCFO,F22,13,9410.375289805863
LCFO,F22,14,8829.765252367164
LCFO,F22,15,9006.023454784241
LCFO,F22,16,8858.302164868095
LCFO,F22,17,9668.489994006835
LCFO,F22,18,4644.090794565416
LCFO,F22,19,9653.884925300625
LCFO,F22,20,9454.95321774782
LCFO,F22,21,9314.363369318133
LCFO,F22,22,8638.679141157569
LCFO,F22,23,10337.763720652343
LCFO,F22,24,9834.591580481818
LCFO,F22,25,9358.53543421027
LCFO,F22,26,9784.935635159396
LCFO,F22,27,8864.326557363764
LCFO,F22,28,9178.056101104732
LCFO,F22,29,9880.750236071752
LCFO,F22,30,9361.560618561558
LCFO,F23,1,2801.9586008668975
LCFO,F23,2,2776.392893511163
LCFO,F23,3,2821.279179862894
LCFO,F23,4,2822.5940008710086
LCFO,F23,5,2810.2778283420294
LCFO,F23,6,2823.0962533623915
LCFO,F23,7,2845.1232628439407
LCFO,F23,8,2814.990831826181
LCFO,F23,9,2813.765335607403
LCFO,F23,10,2799.4610507297953
LCFO,F23,11,2820.644940221937
LCFO,F23,12,2822.628934026419
LCFO,F23,13,2815.49993180621
LCFO,F23,14,2805.2610296943285
LCFO,F23,15,2837.346213709929
LCFO,F23,16,2812.6161583529356
LCFO,F23,17,2777.281046250243
LCFO,F23,18,2815.0475261287565
LCFO,F23,19,2813.939900704121
LCFO,F23,20,2819.191082148667
LCFO,F23,21,2807.7204914869476
LCFO,F23,22,2814.5517498537574
LCFO,F23,23,2824.944939660458
LCFO,F23,24,2809.2450742198835
LCFO,F23,25,2831.0716681633994
LCFO,F23,26,2784.480212114068
LCFO,F23,27,2816.522976506427
LCFO,F23,28,2803.2233737051793
LCFO,F23,29,2836.0560852395006
LCFO,F23,30,2794.873404542049
LCFO,F24,1,2972.5279312158273
LCFO,F24,2,2980.409345918425
LCFO,F24,3,2971.8424653799066
LCFO,F24,4,2997.753123929251
LCFO,F24,5,2987.7464893134893
LCFO,F24,6,3002.6712485610615
LCFO,F24,7,2920.2280613892904
LCFO,F24,8,2975.211258282484
LCFO,F24,9,2972.6825185062044
LCFO,F24,10,2968.4466937022044
LCFO,F24,11,2980.4259034982065
LCFO,F24,12,2971.0620878087225
LCFO,F24,13,2995.5620719093167
LCFO,F24,14,2979.329771198083
LCFO,F24,15,2970.9915214218345
LCFO,F24,16,2996.9332137528863
LCFO,F24,17,2974.8135702865748
LCFO,F24,18,2978.4500253680417
LCFO,F24,19,3020.3363293796588
LCFO,F24,20,2975.2776297610894
LCFO,F24,21,2994.152693666902
LCFO,F24,22,2962.924727717552
LCFO,F24,23,2979.707119206433
LCFO,F24,24,2970.664207079555
LCFO,F24,25,2980.0307980852417
LCFO,F24,26,3004.452951035323
LCFO,F24,27,2994.4192928275647
LCFO,F24,28,2973.96272911689
LCFO,F24,29,2987.525479180113
LCFO,F24,30,2999.9459158360532
LCFO,F25,1,3022.4534505332363
LCFO,F25,2,3028.780341534882
LCFO,F25,3,3063.006314032982
LCFO,F25,4,3029.1010305416667
LCFO,F25,5,3030.6418307958897
LCFO,F25,6,3027.5319210117477
LCFO,F25,7,3033.0359854118337
LCFO,F25,8,3028.8716931459667
LCFO,F25,9,3027.960671516563
LCFO,F25,10,3085.209891726471
LCFO,F25,11,3027.876976044982
LCFO,F25,12,3028.6185236003107
LCFO,F25,13,2992.354875396286
LCFO,F25,14,3030.595661264236
LCFO,F25,15,3068.3578997237173
LCFO,F25,16,3015.7171521387068
LCFO,F25,17,3017.188219411738
LCFO,F25,18,2994.036135580915
LCFO,F25,19,3028.8580471197283
LCFO,F25,20,2961.0541400048937
LCFO,F25,21,3069.4694792858536
LCFO,F25,22,3072.463944027365
LCFO,F25,23,3011.0642776545164
LCFO,F25,24,3024.697677521618
LCFO,F25,25,3063.112177611273
LCFO,F25,26,3029.3740876370452
LCFO,F25,27,3036.080432002232
LCFO,F25,28,3006.8002756646692
LCFO,F25,29,3022.747265509749
LCFO,F25,30,3093.971552326211
LCFO,F26,1,4408.508458554051
LCFO,F26,2,4513.464227886756
LCFO,F26,3,4398.98389292164
LCFO,F26,4,4429.984524883343
LCFO,F26,5,4386.133587453633
LCFO,F26,6,4577.843473377998
LCFO,F26,7,4464.392044250918
LCFO,F26,8,4485.82624080691
LCFO,F26,9,4704.738774009619
LCFO,F26,10,4405.394858541317
LCFO,F26,11,4448.207694009376
LCFO,F26,12,4421.156136596848
LCFO,F26,13,4448.549079565328
LCFO,F26,14,4511.14751582005
LCFO,F26,15,4433.92603013386
LCFO,F26,16,4096.231512252266
LCFO,F26,17,4216.351250995248
LCFO,F26,18,4688.93890214278
LCFO,F26,19,4831.784146583068
LCFO,F26,20,4425.849751011397
LCFO,F26,21,4373.300099964139
LCFO,F26,22,4177.224050901021
LCFO,F26,23,4738.4152474936545
LCFO,F26,24,4573.783730281012
LCFO,F26,25,4815.760271806759
LCFO,F26,26,4541.453055705257
LCFO,F26,27,4401.732497708079
LCFO,F26,28,4750.4534726864895
LCFO,F26,29,4523.066779327869
LCFO,F26,30,4668.210940460568
LCFO,F27,1,3375.351026961047
LCFO,F27,2,3337.2346971209504
LCFO,F27,3,3407.9630356091375
LCFO,F27,4,3296.14153926081
LCFO,F27,5,3386.674104875371
LCFO,F27,6,3263.9590469544173
LCFO,F27,7,3390.8664658087973
LCFO,F27,8,3322.8526170773457
LCFO,F27,9,3284.4445637154768
LCFO,F27,10,3311.576313154719
LCFO,F27,11,3302.5895928176706
LCFO,F27,12,3314.5735588787006
LCFO,F27,13,3333.7881984824453
LCFO,F27,14,3347.1767406366353
LCFO,F27,15,3291.1403751324838
LCFO,F27,16,3337.4029247381054
LCFO,F27,17,3269.166960690286
LCFO,F27,18,3389.8418901043297
LCFO,F27,19,3274.0151632247603
LCFO,F27,20,3371.6666859651455
LCFO,F27,21,3272.746828026754
LCFO,F27,22,3290.906028124977
LCFO,F27,23,3253.3275659802316
LCFO,F27,24,3263.978187877562
LCFO,F27,25,3309.014432235133
LCFO,F27,26,3330.507795608898
LCFO,F27,27,3359.164749588075
LCFO,F27,28,3342.268773350009
LCFO,F27,29,3384.7720173839834
LCFO,F27,30,3335.3908601894154
LCFO,F28,1,3259.0087868969204
LCFO,F28,2,3308.431061704099
LCFO,F28,3,3313.7139070860717
LCFO,F28,4,3301.7419014557986
LCFO,F28,5,3324.734814805607
LCFO,F28,6,3318.3996998049543
LCFO,F28,7,3307.793111975433
LCFO,F28,8,3309.5759996422657
LCFO,F28,9,3259.180572426886
LCFO,F28,10,3283.9916167187857
LCFO,F28,11,3310.0946294676723
LCFO,F28,12,3307.769742224403
LCFO,F28,13,3304.403847924451
LCFO,F28,14,3316.510961211253
LCFO,F28,15,3307.748537912385
LCFO,F28,16,3310.02751014233
LCFO,F28,17,3289.485274559721
LCFO,F28,18,3307.7996400616926
LCFO,F28,19,3309.3713482513426
LCFO,F28,20,3313.6059750311724
LCFO,F28,21,3308.080859572445
LCFO,F28,22,3280.3191833852907
LCFO,F28,23,3308.2140232342467
LCFO,F28,24,3307.804057661774
LCFO,F28,25,3262.720944642835
LCFO,F28,26,3311.377885663295
LCFO,F28,27,3308.340079881879
LCFO,F28,28,3307.772510543003
LCFO,F28,29,3261.9026695618586
LCFO,F28,30,3307.8023910058478
LCFO,F29,1,3798.5734825097643
LCFO,F29,2,3793.376167498983
LCFO,F29,3,4024.061591783802
LCFO,F29,4,3936.6697757695165
LCFO,F29,5,3558.703882829468
LCFO,F29,6,3520.91129300794
LCFO,F29,7,3578.0629431611333
LCFO,F29,8,3431.9378900454076
LCFO,F29,9,3605.794836810453
LCFO,F29,10,3591.9895806772765
LCFO,F29,11,3813.1077283353357
LCFO,F29,12,3397.521414801947
LCFO,F29,13,3491.3813301705186
LCFO,F29,14,3445.727565856698
LCFO,F29,15,3433.1792646874833
LCFO,F29,16,3459.774494636126
LCFO,F29,17,3591.4877315192007
LCFO,F29,18,3518.9724797157796
LCFO,F29,19,3408.3524615841925
LCFO,F29,20,3796.1725486155765
LCFO,F29,21,3764.3618068457126
LCFO,F29,22,3653.991686464453
LCFO,F29,23,3508.1380988937644
LCFO,F29,24,3520.4077027625317
LCFO,F29,25,3613.1245328570594
LCFO,F29,26,3473.3993344834826
LCFO,F29,27,3883.7056516502666
LCFO,F29,28,3843.9856435049874
LCFO,F29,29,3470.463395627966
LCFO,F29,30,3636.7442498994083
LCFO,F30,1,702473.7999669759
LCFO,F30,2,1083753.34982783
LCFO,F30,3,694848.8164102031
LCFO,F30,4,771029.6372954007
LCFO,F30,5,777193.0856312463
LCFO,F30,6,870785.655815209
LCFO,F30,7,1138958.7695874556
LCFO,F30,8,1392785.3745615436
LCFO,F30,9,878634.844348622
LCFO,F30,10,907008.6127086245
LCFO,F30,11,618462.2596652879
LCFO,F30,12,1004739.4029229077
LCFO,F30,13,813123.2874244354
LCFO,F30,14,890174.150109854
LCFO,F30,15,1045133.8006437474
LCFO,F30,16,875187.1433352605
LCFO,F30,17,681930.8069604367
LCFO,F30,18,1047374.1086558412
LCFO,F30,19,829495.7593865793
LCFO,F30,20,696204.0144321832
LCFO,F30,21,752366.0747588472
LCFO,F30,22,1261143.1753556551
LCFO,F30,23,867395.274294425
LCFO,F30,24,996792.4921038763
LCFO,F30,25,938869.6242597391
LCFO,F30,26,1019463.2855810742
LCFO,F30,27,838991.6140273114
LCFO,F30,28,1059691.4844686121
LCFO,F30,29,778532.0251175422
LCFO,F30,30,773113.2526981159
CFO,F1,1,1845508908.741944
CFO,F1,2,8015372232.637741
CFO,F1,3,2254299021.8980255
CFO,F1,4,539425244.6978269
CFO,F1,5,3418864000.9586635
CFO,F1,6,142363203.99015582
CFO,F1,7,1862462247.3452291
CFO,F1,8,3511510859.777989
CFO,F1,9,7429133823.244013
CFO,F1,10,6592757815.830962
CFO,F1,11,566352649.4363207
CFO,F1,12,1712991576.6256425
CFO,F1,13,285728428.9966219
CFO,F1,14,3876564182.2149277
CFO,F1,15,7344865037.46474
CFO,F1,16,2500705314.392865
CFO,F1,17,5036962117.888604
CFO,F1,18,1071880635.0671151
CFO,F1,19,1856959702.0076568
CFO,F1,20,3020177927.6239862
CFO,F1,21,540110730.8501153
CFO,F1,22,4050676250.088679
CFO,F1,23,5919540652.470336
CFO,F1,24,7113115977.519072
CFO,F1,25,5180763857.303467
CFO,F1,26,3971355196.107892
CFO,F1,27,2763703753.6423573
CFO,F1,28,5334276004.10095
CFO,F1,29,4131339204.41443
CFO,F1,30,6506628267.786365
CFO,F3,1,72313.08278173137
CFO,F3,2,58359.15456619761
CFO,F3,3,62780.87300283099
CFO,F3,4,89529.4855322777
CFO,F3,5,54902.04204535579
CFO,F3,6,77669.02434332998
CFO,F3,7,71293.969363792
CFO,F3,8,86618.37763519297
CFO,F3,9,79875.2257735776
CFO,F3,10,73934.73303633442
CFO,F3,11,80508.59158769554
CFO,F3,12,90896.13229865843
CFO,F3,13,68959.82660338184
CFO,F3,14,67493.47450109126
CFO,F3,15,101335.59029454205
CFO,F3,16,75616.48325056021
CFO,F3,17,56819.70501881267
CFO,F3,18,86149.79319009774
CFO,F3,19,86680.50582319494
CFO,F3,20,67412.91068685251
CFO,F3,21,76860.1421581093
CFO,F3,22,99670.65785946377
CFO,F3,23,67772.09586728558
CFO,F3,24,102686.50613021736
CFO,F3,25,67039.08191529033
CFO,F3,26,81114.38215514302
CFO,F3,27,61503.996302524894
CFO,F3,28,83901.01498925682
CFO,F3,29,77998.88646136141
CFO,F3,30,73613.09954930881
CFO,F4,1,697.2344756343406
CFO,F4,2,1259.4058279534038
CFO,F4,3,813.6677154222489
CFO,F4,4,638.1337609825046
CFO,F4,5,862.5536305114323
CFO,F4,6,1026.605943224429
CFO,F4,7,936.7011793606506
CFO,F4,8,702.0638102711739
CFO,F4,9,908.8874555236105
CFO,F4,10,825.7787398612352
CFO,F4,11,805.160657387469
CFO,F4,12,752.9978798333998
CFO,F4,13,796.9683508322091
CFO,F4,14,916.5389517964961
CFO,F4,15,755.1201825240328
CFO,F4,16,715.6161980270144
CFO,F4,17,797.9232198121324
CFO,F4,18,813.6102699840567
CFO,F4,19,1258.2072695286543
CFO,F4,20,764.1821291186347
CFO,F4,21,955.1779316348001
CFO,F4,22,789.3216892492826
CFO,F4,23,1399.6094093460201
CFO,F4,24,710.8263150357473
CFO,F4,25,774.1596116700008
CFO,F4,26,882.3152160014015
CFO,F4,27,797.6767214093923
CFO,F4,28,821.7571122430678
CFO,F4,29,721.323893520522
CFO,F4,30,828.4036703915548
CFO,F5,1,837.708126930029
CFO,F5,2,899.2521478678677
CFO,F5,3,810.6523902757683
CFO,F5,4,862.8979595496988
CFO,F5,5,878.1254510151805
CFO,F5,6,868.2598330348651
CFO,F5,7,845.5346771817112
CFO,F5,8,798.5629980692959
CFO,F5,9,895.1757318914533
CFO,F5,10,894.1479503497832
CFO,F5,11,909.9929314752102
CFO,F5,12,884.2798529359075
CFO,F5,13,877.1396642744814
CFO,F5,14,936.7231280912773
CFO,F5,15,849.3297948845695
CFO,F5,16,882.343255957704
CFO,F5,17,849.3281832764233
CFO,F5,18,971.2065366288774
CFO,F5,19,948.6030303125528
CFO,F5,20,906.4663116624204
CFO,F5,21,869.2263476835903
CFO,F5,22,840.4277669923537
CFO,F5,23,848.3063471939199
CFO,F5,24,919.9569250513118
CFO,F5,25,806.9871890977242
CFO,F5,26,822.5907421914449
CFO,F5,27,939.7799357522301
CFO,F5,28,852.3033813911923
CFO,F5,29,876.5826186220977
CFO,F5,30,824.1693819311218
CFO,F6,1,663.8314014436603
CFO,F6,2,658.5665176892205
CFO,F6,3,672.8619031125145
CFO,F6,4,663.8998435330132
CFO,F6,5,666.37092556069
CFO,F6,6,662.4863164478879
CFO,F6,7,672.7953147040492
CFO,F6,8,655.2451815295645
CFO,F6,9,668.2040665036959
CFO,F6,10,657.7827164390585
CFO,F6,11,666.2378679805686
CFO,F6,12,658.751561786604
CFO,F6,13,668.6105199697159
CFO,F6,14,671.4567801761489
CFO,F6,15,660.8984150206215
CFO,F6,16,661.4289910616893
CFO,F6,17,670.8598914294436
CFO,F6,18,662.3450380434679
CFO,F6,19,653.1649971041123
CFO,F6,20,662.657756602854
CFO,F6,21,677.2389030916648
CFO,F6,22,680.1270914352368
CFO,F6,23,667.873253512228
CFO,F6,24,658.615279728163
CFO,F6,25,660.9670677313532
CFO,F6,26,668.5259813243224
CFO,F6,27,658.9151896586832
CFO,F6,28,668.8004488011044
CFO,F6,29,666.290289627141
CFO,F6,30,665.6518181172031
CFO,F7,1,1424.1182113137252
CFO,F7,2,1574.8136749645064
CFO,F7,3,1795.5718210792236
CFO,F7,4,1674.3977176595545
CFO,F7,5,1627.7886161391216
CFO,F7,6,1732.167702219828
CFO,F7,7,1479.7046673498442
CFO,F7,8,1691.0816205677274
CFO,F7,9,1843.8667268406555
CFO,F7,10,1651.6154631135132
CFO,F7,11,1604.3929481873688
CFO,F7,12,1454.772680510629
CFO,F7,13,1757.1919872628046
CFO,F7,14,1680.7026543694226
CFO,F7,15,1482.3224870502308
CFO,F7,16,1677.2341413051927
CFO,F7,17,1844.383262608811
CFO,F7,18,1687.4212166770283
CFO,F7,19,1732.6776636036873
CFO,F7,20,1606.26239894825
CFO,F7,21,1587.3881811992514
CFO,F7,22,1776.3607483955593
CFO,F7,23,1595.331660299701
CFO,F7,24,1608.8465213688612
CFO,F7,25,1787.490536885748
CFO,F7,26,1670.146349880334
CFO,F7,27,1557.1771647329567
CFO,F7,28,1447.3565574829174
CFO,F7,29,1761.2470312610099
CFO,F7,30,1573.6972717893482
CFO,F8,1,1090.5609193965674
CFO,F8,2,1239.831971746657
CFO,F8,3,1278.659318713891
CFO,F8,4,1243.8275006917656
CFO,F8,5,1260.8321510496226
CFO,F8,6,1192.4146724055713
CFO,F8,7,1144.6479135192426
CFO,F8,8,1307.6820007475621
CFO,F8,9,1208.6607759258038
CFO,F8,10,1250.9274392225168
CFO,F8,11,1222.9979056508678
CFO,F8,12,1187.3380136975888
CFO,F8,13,1162.3563384914396
CFO,F8,14,1198.2259331140879
CFO,F8,15,1134.9905559486617
CFO,F8,16,1202.1624329856854
CFO,F8,17,1146.3234133482256
CFO,F8,18,1242.1333801389005
CFO,F8,19,1148.7243771295134
CFO,F8,20,1121.8605787692054
CFO,F8,21,1195.1230732569486
CFO,F8,22,1178.8494762358969
CFO,F8,23,1253.7690593328057
CFO,F8,24,1224.2588684794305
CFO,F8,25,1135.3297648397695
CFO,F8,26,1162.3946957187509
CFO,F8,27,1075.9806019373473
CFO,F8,28,1126.475616729529
CFO,F8,29,1190.049525142846
CFO,F8,30,1260.495760832053
CFO,F9,1,14141.444619441929
CFO,F9,2,14805.039253134968
CFO,F9,3,14578.946607517928
CFO,F9,4,12524.981133421405
CFO,F9,5,12872.120600791874
CFO,F9,6,11264.973444801146
CFO,F9,7,14500.353904215257
CFO,F9,8,13094.05816072598
CFO,F9,9,14561.971019413992
CFO,F9,10,14779.35153557786
CFO,F9,11,12439.51966641943
CFO,F9,12,13209.60212140627
CFO,F9,13,13469.267054377846
CFO,F9,14,13409.117521995067
CFO,F9,15,12921.527692600197
CFO,F9,16,12620.518526082742
CFO,F9,17,10845.898820133336
CFO,F9,18,16131.788368103415
CFO,F9,19,13519.758107629694
CFO,F9,20,29506.4639675306
CFO,F9,21,13947.397371925716
CFO,F9,22,10240.523378496244
CFO,F9,23,11678.70505762176
CFO,F9,24,12517.450185201818
CFO,F9,25,13284.566988087552
CFO,F9,26,24411.17387660326
CFO,F9,27,8784.030838354782
CFO,F9,28,14933.58581948117
CFO,F9,29,10509.95753279665
CFO,F9,30,12620.43078133128
CFO,F10,1,8775.199204177987
CFO,F10,2,7906.098523182496
CFO,F10,3,8305.323521152946
CFO,F10,4,7870.675606747054
CFO,F10,5,10953.012312507784
CFO,F10,6,9720.364603506941
CFO,F10,7,9111.908237237427
CFO,F10,8,8953.048815643973
CFO,F10,9,6444.66614088698
CFO,F10,10,7211.619268667038
CFO,F10,11,9670.019872478708
CFO,F10,12,9717.873967768757
CFO,F10,13,10406.043758048741
CFO,F10,14,8728.816077620064
CFO,F10,15,9127.060586819232
CFO,F10,16,9801.75701253598
CFO,F10,17,8284.611345225061
CFO,F10,18,9608.077632827775
CFO,F10,19,9804.264142604914
CFO,F10,20,9496.788918909155
CFO,F10,21,9666.356210760789
CFO,F10,22,8296.226997768239
CFO,F10,23,9235.649301637506
CFO,F10,24,10305.61709877175
CFO,F10,25,9828.62794417432
CFO,F10,26,7540.865767668814
CFO,F10,27,10062.882149142162
CFO,F10,28,8723.090794645224
CFO,F10,29,10260.329924388321
CFO,F10,30,7487.127932602867
CFO,F11,1,2007.554728108152
CFO,F11,2,1555.5658103413084
CFO,F11,3,1479.678389997286
CFO,F11,4,1437.879046243025
CFO,F11,5,1610.0156734065822
CFO,F11,6,1777.523720614809
CFO,F11,7,1618.3158538937892
CFO,F11,8,1796.4766969394027
CFO,F11,9,1725.8200070292799
CFO,F11,10,1501.741789894641
CFO,F11,11,1512.8401097898145
CFO,F11,12,1484.2173480434146
CFO,F11,13,1593.6231424991531
CFO,F11,14,1755.5996672788565
CFO,F11,15,1493.2367830293713
CFO,F11,16,1579.0605756590012
CFO,F11,17,4093.8620053017653
CFO,F11,18,1526.8673210072268
CFO,F11,19,1779.5931281355927
CFO,F11,20,3805.251042796414
CFO,F11,21,1510.331724829753
CFO,F11,22,1572.0668686805275
CFO,F11,23,1782.156733403543
CFO,F11,24,1613.14722174939
CFO,F11,25,2078.022704838386
CFO,F11,26,1876.9049920919726
CFO,F11,27,3114.337380812926
CFO,F11,28,1574.776858229551
CFO,F11,29,1586.8485521113053
CFO,F11,30,1661.058515779017
CFO,F12,1,20500274.822218373
CFO,F12,2,30876926.402937174
CFO,F12,3,19246463.854902796
CFO,F12,4,7924379.069412578
CFO,F12,5,17594160.11147127
CFO,F12,6,30949023.799951565
CFO,F12,7,10584886.998542707
CFO,F12,8,18432461.212552894
CFO,F12,9,3485557.4157420313
CFO,F12,10,12107294.232475938
CFO,F12,11,7918322.830415248
CFO,F12,12,44795219.954206124
CFO,F12,13,13598964.122409694
CFO,F12,14,4207086.610588057
CFO,F12,15,15708502.755557602
CFO,F12,16,26274232.45049262
CFO,F12,17,30570735.75141856
CFO,F12,18,29144008.57799893
CFO,F12,19,13733156.008696266
CFO,F12,20,9713215.783728732
CFO,F12,21,11079650.579839148
CFO,F12,22,9235652.034636723
CFO,F12,23,4979593.889136284
CFO,F12,24,19652036.695253488
CFO,F12,25,6073531.687079389
CFO,F12,26,14066656.657963617
CFO,F12,27,19118368.43220632
CFO,F12,28,18293595.11853934
CFO,F12,29,16021998.109152384
CFO,F12,30,3235346.027894584
CFO,F13,1,27612.309739190805
CFO,F13,2,4169.597849775566
CFO,F13,3,37200.822000895445
CFO,F13,4,23350.155908316316
CFO,F13,5,71750.75048211396
CFO,F13,6,48287.15310989747
CFO,F13,7,43515.9297941453
CFO,F13,8,44655.5801522125
CFO,F13,9,26727.67484380775
CFO,F13,10,27551.78433450371
CFO,F13,11,39021.73004502796
CFO,F13,12,18561.341154579786
CFO,F13,13,8129.609240986688
CFO,F13,14,6850.943822185613
CFO,F13,15,12636.540719970666
CFO,F13,16,20826.374335668388
CFO,F13,17,27613.01001039467
CFO,F13,18,7139.466752199753
CFO,F13,19,7601.477782945838
CFO,F13,20,17707.447104542003
CFO,F13,21,41095.074034028294
CFO,F13,22,4222.819938875803
CFO,F13,23,4420.518598550528
CFO,F13,24,26322.00387361091
CFO,F13,25,9227.919827839829
CFO,F13,26,26505.747553400837
CFO,F13,27,15826.067160777537
CFO,F13,28,5761.455336714619
CFO,F13,29,9196.186930859845
CFO,F13,30,18198.008237662656
CFO,F14,1,106462.98356017252
CFO,F14,2,31038.7858064199
CFO,F14,3,8000.803253609095
CFO,F14,4,299578.7898798668
CFO,F14,5,46189.882625668906
CFO,F14,6,138336.5863822526
CFO,F14,7,116878.69130484754
CFO,F14,8,32333.330564552834
CFO,F14,9,49072.00363217764
CFO,F14,10,46430.76615921498
CFO,F14,11,8153.404096817962
CFO,F14,12,8926.53416918975
CFO,F14,13,34996.2988060906
CFO,F14,14,11297.543510549749
CFO,F14,15,15805.911787272375
CFO,F14,16,8001.5240260655
CFO,F14,17,52189.4365806877
CFO,F14,18,65378.29938964005
CFO,F14,19,16002.885719497413
CFO,F14,20,9751.599868649571
CFO,F14,21,8095.309359071264
CFO,F14,22,130719.79831346236
CFO,F14,23,78174.89748765243
CFO,F14,24,47352.49384462517
CFO,F14,25,84217.77145405457
CFO,F14,26,20518.23979571297
CFO,F14,27,53413.524391920415
CFO,F14,28,82331.85626622208
CFO,F14,29,74538.31803220703
CFO,F14,30,77129.17500368335
CFO,F15,1,11978.143962618085
CFO,F15,2,14321.941470058497
CFO,F15,3,22706.971229026127
CFO,F15,4,35984.65167239337
CFO,F15,5,3365.9824921923905
CFO,F15,6,15858.008621234683
CFO,F15,7,10456.242411251493
CFO,F15,8,29420.6199702445
CFO,F15,9,4006.2607414755057
CFO,F15,10,21413.822530748108
CFO,F15,11,2863.087370604536
CFO,F15,12,2536.7743997165
CFO,F15,13,14761.26143742321
CFO,F15,14,3779.9343379656084
CFO,F15,15,21654.00984336464
CFO,F15,16,18890.68003210292
CFO,F15,17,11057.3846490264
CFO,F15,18,2978.5071019137254
CFO,F15,19,11752.329598263213
CFO,F15,20,16661.644453808523
CFO,F15,21,22549.695221374277
CFO,F15,22,18978.080378585768
CFO,F15,23,20004.174985892983
CFO,F15,24,7551.689644522822
CFO,F15,25,22144.98845356426
CFO,F15,26,10168.836780325468
CFO,F15,27,6881.319185100845
CFO,F15,28,8722.787566828392
CFO,F15,29,12391.010772504786
CFO,F15,30,3226.52094229026
CFO,F16,1,4475.035908536494
CFO,F16,2,4120.7821803717925
CFO,F16,3,3816.734609589113
CFO,F16,4,3764.1403132230166
CFO,F16,5,3974.359189807883
CFO,F16,6,4279.360503950431
CFO,F16,7,4496.425304575958
CFO,F16,8,3678.9976398465137
CFO,F16,9,4169.70243956601
CFO,F16,10,3035.478400305009
CFO,F16,11,3365.8041643649863
CFO,F16,12,4397.3520664621465
CFO,F16,13,4070.2023519283275
CFO,F16,14,3600.2282088492134
CFO,F16,15,4560.156216490321
CFO,F16,16,4564.681503729247
CFO,F16,17,3960.930806300099
CFO,F16,18,3561.8664655955067
CFO,F16,19,3474.121995145807
CFO,F16,20,3862.296664353584
CFO,F16,21,4366.39437972264
CFO,F16,22,4013.033290278181
CFO,F16,23,4216.598760157528
CFO,F16,24,3514.0543389947516
CFO,F16,25,3670.6281699933797
CFO,F16,26,3357.850808103217
CFO,F16,27,4162.50016671268
CFO,F16,28,3946.819174763741
CFO,F16,29,3738.9443426228027
CFO,F16,30,3641.2725657217006
CFO,F17,1,4134.620462298652
CFO,F17,2,3497.4847748405577
CFO,F17,3,2978.4962470649452
CFO,F17,4,3517.6158277717277
CFO,F17,5,3298.5335389215993
CFO,F17,6,3679.9338543218073
CFO,F17,7,3779.1854708761985
CFO,F17,8,4010.811648585739
CFO,F17,9,3941.963687754876
CFO,F17,10,3161.980168214848
CFO,F17,11,3695.7249680122195
CFO,F17,12,3569.9846093662495
CFO,F17,13,3613.8947612912007
CFO,F17,14,4058.4303501207382
CFO,F17,15,3907.291956316955
CFO,F17,16,3464.886242097251
CFO,F17,17,2872.2546168655986
CFO,F17,18,3895.7312414855755
CFO,F17,19,3760.8598198927607
CFO,F17,20,3572.876653317019
CFO,F17,21,3377.010690085563
CFO,F17,22,3670.917991645717
CFO,F17,23,3875.8271853271585
CFO,F17,24,3700.0693176722284
CFO,F17,25,3882.262659974114
CFO,F17,26,3064.3076737591773
CFO,F17,27,2664.877905695853
CFO,F17,28,3655.5999766221225
CFO,F17,29,3215.6812738875014
CFO,F17,30,3183.353336299185
CFO,F18,1,741975.0494156766
CFO,F18,2,132529.4785712032
CFO,F18,3,385836.8362432942
CFO,F18,4,148221.9865907858
CFO,F18,5,158014.3279332953
CFO,F18,6,1123067.3405133407
CFO,F18,7,72918.78999361237
CFO,F18,8,715445.935358738
CFO,F18,9,350182.936925621
CFO,F18,10,298733.9236272507
CFO,F18,11,791153.912128813
CFO,F18,12,231075.84885554636
CFO,F18,13,102791.24602350939
CFO,F18,14,168096.03978499313
CFO,F18,15,207804.59789959752
CFO,F18,16,442474.4050561716
CFO,F18,17,345127.4948284429
CFO,F18,18,178845.30438437575
CFO,F18,19,438717.32318226283
CFO,F18,20,118017.65585494485
CFO,F18,21,576831.8840186162
CFO,F18,22,1360953.112507397
CFO,F18,23,60446.60635539665
CFO,F18,24,1057857.9228904967
CFO,F18,25,130721.7142156258
CFO,F18,26,354154.5416914127
CFO,F18,27,400630.90498569456
CFO,F18,28,1134840.6157606088
CFO,F18,29,436279.6705777939
CFO,F18,30,149262.96327355737
CFO,F19,1,44649.98723856375
CFO,F19,2,31852.349748765417
CFO,F19,3,38581.36062820522
CFO,F19,4,44776.45620643986
CFO,F19,5,38238.681095046326
CFO,F19,6,34960.17984968559
CFO,F19,7,15618.003424859737
CFO,F19,8,20970.609473375793
CFO,F19,9,7061.229708401178
CFO,F19,10,38188.829886001964
CFO,F19,11,2236.523190692826
CFO,F19,12,11752.681576878704
CFO,F19,13,4005.109142656566
CFO,F19,14,34352.79544317044
CFO,F19,15,2274.7789613925347
CFO,F19,16,26368.75676334889
CFO,F19,17,12485.35754355347
CFO,F19,18,38578.776942786884
CFO,F19,19,26314.578526147237
CFO,F19,20,23875.47334252739
CFO,F19,21,2702.7491894254663
CFO,F19,22,2468.3090988840336
CFO,F19,23,16850.07711279534
CFO,F19,24,35924.73911979618
CFO,F19,25,26503.383890969362
CFO,F19,26,44699.93784558324
CFO,F19,27,2178.871151737314
CFO,F19,28,32247.604909413476
CFO,F19,29,44351.21370285268
CFO,F19,30,36134.32551091042
CFO,F20,1,3577.265942662916
CFO,F20,2,3923.666007585324
CFO,F20,3,3423.479852623125
CFO,F20,4,4053.3158318916417
CFO,F20,5,4022.901822319452
CFO,F20,6,3409.644801643447
CFO,F20,7,3748.9697284911827
CFO,F20,8,3360.0941229853593
CFO,F20,9,3604.027337086909
CFO,F20,10,2898.5503317189455
CFO,F20,11,3126.0593657664826
CFO,F20,12,4271.90234320049
CFO,F20,13,3358.927821823482
CFO,F20,14,3589.0220099949065
CFO,F20,15,3031.155862317144
CFO,F20,16,3277.861664954055
CFO,F20,17,3684.367307189485
CFO,F20,18,3649.5685402185286
CFO,F20,19,4049.909456784174
CFO,F20,20,3642.7212965891276
CFO,F20,21,3823.4132857886775
CFO,F20,22,3397.051239419443
CFO,F20,23,3407.7924450320697
CFO,F20,24,3228.150512148674
CFO,F20,25,4370.445590300089
CFO,F20,26,3612.866250762938
CFO,F20,27,3613.5618475612446
CFO,F20,28,4049.647665086424
CFO,F20,29,3376.4388597880607
CFO,F20,30,3592.23025929344
CFO,F21,1,2653.434265838399
CFO,F21,2,2637.8971860902316
CFO,F21,3,2566.3376011881483
CFO,F21,4,2660.4393128770207
CFO,F21,5,2793.3652146170343
CFO,F21,6,2722.8670553164657
CFO,F21,7,2701.96977874425
CFO,F21,8,2737.7981776911797
CFO,F21,9,2702.2129276083874
CFO,F21,10,2752.7975700097795
CFO,F21,11,2646.0241208109364
CFO,F21,12,2773.6662424662654
CFO,F21,13,2874.6547017577295
CFO,F21,14,2912.8581142867793
CFO,F21,15,2825.3597401399065
CFO,F21,16,2847.382171269843
CFO,F21,17,2841.642351913253
CFO,F21,18,2642.5668164299786
CFO,F21,19,2994.5175402292316
CFO,F21,20,2789.614853172338
CFO,F21,21,2560.957369502862
CFO,F21,22,2829.902989552271
CFO,F21,23,2821.501181499838
CFO,F21,24,2857.5110814886775
CFO,F21,25,2636.564752347796
CFO,F21,26,2691.213487622476
CFO,F21,27,2819.363179039243
CFO,F21,28,2759.5893552071484
CFO,F21,29,2750.244734696118
CFO,F21,30,2665.5716564400927
CFO,F22,1,10975.814546647334
CFO,F22,2,10483.282065973626
CFO,F22,3,12074.278228454496
CFO,F22,4,11652.811945335492
CFO,F22,5,10721.484909812394
CFO,F22,6,11075.756386785522
CFO,F22,7,10423.788224521797
CFO,F22,8,10323.024100235534
CFO,F22,9,9992.069159104367
CFO,F22,10,10401.585508180113
CFO,F22,11,10321.648470719763
CFO,F22,12,11406.616846984087
CFO,F22,13,10354.400446352112
CFO,F22,14,12112.992955443046
CFO,F22,15,8506.557171037195
CFO,F22,16,11025.542248904852
CFO,F22,17,9235.487202354252
CFO,F22,18,10510.759061372417
CFO,F22,19,9346.113045829476
CFO,F22,20,9711.40508317901
CFO,F22,21,10725.97892863207
CFO,F22,22,10136.890221562415
CFO,F22,23,8603.761932504078
CFO,F22,24,11264.525037708658
CFO,F22,25,10557.22248186113
CFO,F22,26,10443.496370710589
CFO,F22,27,12604.949654971138
CFO,F22,28,9313.014085240759
CFO,F22,29,10205.736570312492
CFO,F22,30,11636.132685896848
CFO,F23,1,3206.5640899619593
CFO,F23,2,3475.3658014026905
CFO,F23,3,3594.370390585933
CFO,F23,4,3671.2076378760516
CFO,F23,5,3573.3841849260516
CFO,F23,6,3130.9749871994436
CFO,F23,7,3147.2004512368035
CFO,F23,8,3290.7912455481182
CFO,F23,9,3253.5500288175044
CFO,F23,10,3496.7050208476767
CFO,F23,11,3288.704121790492
CFO,F23,12,3322.0560748472576
CFO,F23,13,3246.0471399070693
CFO,F23,14,3349.799388666246
CFO,F23,15,3242.112317197153
CFO,F23,16,3436.955172153121
CFO,F23,17,3554.3730870964773
CFO,F23,18,3471.3009026168384
CFO,F23,19,3341.9644389972354
CFO,F23,20,3354.999392263975
CFO,F23,21,3198.1614918175883
CFO,F23,22,3338.078965090932
CFO,F23,23,3470.620645462518
CFO,F23,24,3403.0236896561437
CFO,F23,25,3325.8440714166027
CFO,F23,26,3451.7838385589043
CFO,F23,27,3505.8759906284326
CFO,F23,28,3470.664067943026
CFO,F23,29,3455.863808590474
CFO,F23,30,3360.334074158286
CFO,F24,1,3462.8385738165566
CFO,F24,2,3689.135833754658
CFO,F24,3,3621.24377973402
CFO,F24,4,3404.9708789737106
CFO,F24,5,3408.8377193470023
CFO,F24,6,3380.465608766629
CFO,F24,7,3501.490867069536
CFO,F24,8,3588.380151781808
CFO,F24,9,3395.4530729176145
CFO,F24,10,3431.0823093841013
CFO,F24,11,3649.8866308451807
CFO,F24,12,3560.605643445601
CFO,F24,13,3634.305893712121
CFO,F24,14,3630.209006087136
CFO,F24,15,3421.884647999107
CFO,F24,16,3398.120176286462
CFO,F24,17,3709.4268765163956
CFO,F24,18,3663.8654741140062
CFO,F24,19,3609.982718022652
CFO,F24,20,3424.1920549266047
CFO,F24,21,3671.6672515065093
CFO,F24,22,3452.9724248471884
CFO,F24,23,3457.8373563663845
CFO,F24,24,3461.6232160249792
CFO,F24,25,3514.223640226456
CFO,F24,26,3636.54358456611
CFO,F24,27,3705.1420972952333
CFO,F24,28,3487.047380568808
CFO,F24,29,3439.0623322327438
CFO,F24,30,3820.654509291492
CFO,F25,1,3307.0071406064117
CFO,F25,2,3146.3954895595393
CFO,F25,3,3738.823655739614
CFO,F25,4,3309.981418733651
CFO,F25,5,3327.4553029375984
CFO,F25,6,3188.2356273829623
CFO,F25,7,3340.724975027729
CFO,F25,8,3220.49268082656
CFO,F25,9,3158.4709185980264
CFO,F25,10,3254.2934416157073
CFO,F25,11,3357.240018576633
CFO,F25,12,3417.437256490591
CFO,F25,13,3278.002780416628
CFO,F25,14,3317.8430245448953
CFO,F25,15,3369.266550947631
CFO,F25,16,3583.8215440289187
CFO,F25,17,3271.512369546659
CFO,F25,18,3282.25030920454
CFO,F25,19,3181.0827589627497
CFO,F25,20,3710.0775248713107
CFO,F25,21,3234.929341310006
CFO,F25,22,3339.182000591558
CFO,F25,23,3348.377858608884
CFO,F25,24,3174.275822693817
CFO,F25,25,3344.109435028995
CFO,F25,26,3341.3111717165734
CFO,F25,27,3229.7095777820537
CFO,F25,28,3092.4343226670007
CFO,F25,29,3135.4220515099255
CFO,F25,30,3237.0688631171133
CFO,F26,1,8837.348827605332
CFO,F26,2,13247.188868237736
CFO,F26,3,11413.162448107701
CFO,F26,4,11375.154720198421
CFO,F26,5,10737.67117388
CFO,F26,6,8490.697225212756
CFO,F26,7,10294.08559547518
CFO,F26,8,12451.975343581678
CFO,F26,9,13344.507994785694
CFO,F26,10,11743.964839197917
CFO,F26,11,11830.58333500336
CFO,F26,12,13424.028826290483
CFO,F26,13,10577.60328918038
CFO,F26,14,10734.939301097382
CFO,F26,15,8757.7435340601
CFO,F26,16,11747.61682822351
CFO,F26,17,4992.062671720309
CFO,F26,18,13358.837306930494
CFO,F26,19,9832.870016937199
CFO,F26,20,8970.504602651377
CFO,F26,21,9842.687397965807
CFO,F26,22,10278.79257260972
CFO,F26,23,12598.974274890777
CFO,F26,24,11002.137908356006
CFO,F26,25,11107.618713109929
CFO,F26,26,11648.490712406958
CFO,F26,27,11244.42327968233
CFO,F26,28,11926.312480221522
CFO,F26,29,10689.717298469552
CFO,F26,30,9576.138413125791
CFO,F27,1,4031.726639115091
CFO,F27,2,3783.4920378698494
CFO,F27,3,3678.1623478666497
CFO,F27,4,3822.694632963514
CFO,F27,5,3837.4512149504694
CFO,F27,6,3818.279836696167
CFO,F27,7,4431.2270155555825
CFO,F27,8,3605.5995358323107
CFO,F27,9,3799.4359440240987
CFO,F27,10,3877.2725127100275
CFO,F27,11,4041.3659502448945
CFO,F27,12,3743.74472481093
CFO,F27,13,4150.478912801679
CFO,F27,14,3754.2081403409784
CFO,F27,15,3725.481112281851
CFO,F27,16,3943.6144341725167
CFO,F27,17,3542.6524323818667
CFO,F27,18,3432.5823059685217
CFO,F27,19,3715.719623445474
CFO,F27,20,3656.4855820471594
CFO,F27,21,4208.693678159658
CFO,F27,22,3479.5292801234864
CFO,F27,23,3997.7076398902504
CFO,F27,24,3720.3829530559083
CFO,F27,25,3415.984131949319
CFO,F27,26,3635.708855818391
CFO,F27,27,3828.3458221131923
CFO,F27,28,3664.621840504423
CFO,F27,29,3820.1673256023632
CFO,F27,30,4024.276883038615
CFO,F28,1,3670.198192781814
CFO,F28,2,3489.4312860512277
CFO,F28,3,3520.9216097594735
CFO,F28,4,4480.838338904795
CFO,F28,5,3691.1485694511534
CFO,F28,6,3604.9608497917366
CFO,F28,7,3568.3309065722633
CFO,F28,8,3531.1989515197333
CFO,F28,9,3735.7466828536667
CFO,F28,10,3458.9018108892374
CFO,F28,11,3571.8859361475334
CFO,F28,12,3800.483718400419
CFO,F28,13,4436.781645462292
CFO,F28,14,3850.3583994188484
CFO,F28,15,3973.026975274968
CFO,F28,16,3718.9958292430456
CFO,F28,17,3507.766653634051
CFO,F28,18,3501.791308767813
CFO,F28,19,3801.8836859047196
CFO,F28,20,3686.1087241985424
CFO,F28,21,3679.49804445073
CFO,F28,22,3660.3349636314188
CFO,F28,23,3650.086248544869
CFO,F28,24,3931.9279049473553
CFO,F28,25,4203.843280292753
CFO,F28,26,3722.285008692689
CFO,F28,27,3862.769686209728
CFO,F28,28,3584.774539608825
CFO,F28,29,3616.851122465665
CFO,F28,30,3619.3499394463183
CFO,F29,1,5344.798373688209
CFO,F29,2,5262.184085634799
CFO,F29,3,4697.688168011022
CFO,F29,4,6048.260774488714
CFO,F29,5,5558.981700076978
CFO,F29,6,5531.910300626816
CFO,F29,7,6021.9257498613715
CFO,F29,8,6233.822238027975
CFO,F29,9,4928.016697162186
CFO,F29,10,4952.723701928848
CFO,F29,11,5711.628023743237
CFO,F29,12,5197.307249255233
CFO,F29,13,6736.181223153017
CFO,F29,14,5285.837442757074
CFO,F29,15,5616.950889705003
CFO,F29,16,5379.803998439728
CFO,F29,17,4413.104901868637
CFO,F29,18,4881.260110612619
CFO,F29,19,5402.786592967872
CFO,F29,20,6040.146338618639
CFO,F29,21,5109.848883111959
CFO,F29,22,4584.589194257829
CFO,F29,23,5471.883767747094
CFO,F29,24,4937.2667679206
CFO,F29,25,4856.522707531396
CFO,F29,26,5516.751724393334
CFO,F29,27,5233.831774009776
CFO,F29,28,4942.037821061753
CFO,F29,29,5446.466566133318
CFO,F29,30,6046.889537117229
CFO,F30,1,1621683.4441822374
CFO,F30,2,1415752.8212981152
CFO,F30,3,3644930.9597955937
CFO,F30,4,3056101.9875762183
CFO,F30,5,991650.7080550431
CFO,F30,6,3903083.5202487702
CFO,F30,7,1059914.0978932437
CFO,F30,8,1369429.7219214654
CFO,F30,9,1201661.8822478212
CFO,F30,10,962003.6019313004
CFO,F30,11,2114197.818415612
CFO,F30,12,1314996.7943645308
CFO,F30,13,921507.1782462336
CFO,F30,14,990093.4503580512
CFO,F30,15,709207.5966093886
CFO,F30,16,1409708.7447656193
CFO,F30,17,1282559.4360772914
CFO,F30,18,1770882.0896255611
CFO,F30,19,2116261.579199646
CFO,F30,20,1264700.0817907131
CFO,F30,21,3220162.876871385
CFO,F30,22,1024806.7648684076
CFO,F30,23,2567281.38200404
CFO,F30,24,5301456.129832983
CFO,F30,25,1637474.4573938446
CFO,F30,26,3694509.389772508
CFO,F30,27,3609459.906142339
CFO,F30,28,2674230.5794182373
CFO,F30,29,2210199.2614946663
CFO,F30,30,1499764.0801029997
JADE,F1,1,8642.235963739544
JADE,F1,2,2697.0690212315917
JADE,F1,3,6667.846785383329
JADE,F1,4,749.8441163141326
JADE,F1,5,1155.1835456949755
JADE,F1,6,2955.7526043461585
JADE,F1,7,3976.839254246853
JADE,F1,8,5550.814710876905
JADE,F1,9,5141.043501306914
JADE,F1,10,337.2892219067846
JADE,F1,11,11968.562179193437
JADE,F1,12,732.868032970866
JADE,F1,13,1155.8270285922765
JADE,F1,14,4575.812564429991
JADE,F1,15,3542.199715990493
JADE,F1,16,1985.2764441502593
JADE,F1,17,102.15925012244455
JADE,F1,18,3834.0067611282666
JADE,F1,19,3552.448901330255
JADE,F1,20,3403.660704863964
JADE,F1,21,13688.313554524942
JADE,F1,22,4516.887237282991
JADE,F1,23,280.0795636740371
JADE,F1,24,179.312490482488
JADE,F1,25,5062.35844339659
JADE,F1,26,419.6032832701738
JADE,F1,27,12806.913321345364
JADE,F1,28,12425.288261729442
JADE,F1,29,8759.809868459426
JADE,F1,30,3228.5802069730844
JADE,F3,1,23095.204996853707
JADE,F3,2,227975.6062846272
JADE,F3,3,17526.67815970987
JADE,F3,4,24114.403594447882
JADE,F3,5,94231.6035575783
JADE,F3,6,45531.332107506074
JADE,F3,7,32966.91740077952
JADE,F3,8,29371.39503313584
JADE,F3,9,20098.823386711105
JADE,F3,10,142806.97424947587
JADE,F3,11,55805.95674018266
JADE,F3,12,27421.4406847296
JADE,F3,13,50041.855143826724
JADE,F3,14,23798.28400356024
JADE,F3,15,233616.75586975485
JADE,F3,16,17423.590870448337
JADE,F3,17,51886.710769030666
JADE,F3,18,38682.65554340915
JADE,F3,19,14512.670432091369
JADE,F3,20,44487.917369606104
JADE,F3,21,51050.87022759276
JADE,F3,22,233140.1525040992
JADE,F3,23,55522.52095644532
JADE,F3,24,53564.11739805131
JADE,F3,25,20080.24138021033
JADE,F3,26,20185.950538544752
JADE,F3,27,18508.789134813083
JADE,F3,28,23584.234422511116
JADE,F3,29,29504.03713761774
JADE,F3,30,34394.0189883922
JADE,F4,1,586.2371380159989
JADE,F4,2,473.0222742549725
JADE,F4,3,544.2649204782895
JADE,F4,4,538.8742339732237
JADE,F4,5,544.9510793475112
JADE,F4,6,464.31652730738483
JADE,F4,7,548.3388501943765
JADE,F4,8,504.1630053425687
JADE,F4,9,475.29646239089607
JADE,F4,10,548.9861660244569
JADE,F4,11,547.9770607586346
JADE,F4,12,561.6181550344753
JADE,F4,13,504.7419469113217
JADE,F4,14,475.55270648051305
JADE,F4,15,540.7913710815054
JADE,F4,16,522.4036479677765
JADE,F4,17,429.7379651069336
JADE,F4,18,549.2295239069737
JADE,F4,19,570.7066546230283
JADE,F4,20,511.7926301515066
JADE,F4,21,494.37712599517795
JADE,F4,22,558.2238159425956
JADE,F4,23,432.9230206148932
JADE,F4,24,533.9825491101359
JADE,F4,25,584.5631776503818
JADE,F4,26,581.8607792729171
JADE,F4,27,535.9678154927542
JADE,F4,28,536.1121374509665
JADE,F4,29,499.8837870976155
JADE,F4,30,529.4431011542597
JADE,F5,1,648.8641957649291
JADE,F5,2,645.596616107041
JADE,F5,3,666.740640266198
JADE,F5,4,675.6890977667482
JADE,F5,5,630.8820521501239
JADE,F5,6,654.0157671635759
JADE,F5,7,667.498329943689
JADE,F5,8,663.4462233334397
JADE,F5,9,653.4496347453481
JADE,F5,10,681.7309210987933
JADE,F5,11,639.0936591652901
JADE,F5,12,659.4653315602211
JADE,F5,13,655.9781767900329
JADE,F5,14,660.660210855754
JADE,F5,15,684.9199454186515
JADE,F5,16,667.6029649193654
JADE,F5,17,628.116464624939
JADE,F5,18,696.172140888232
JADE,F5,19,677.265960785222
JADE,F5,20,651.31500694941
JADE,F5,21,662.0516799364351
JADE,F5,22,674.8127085918265
JADE,F5,23,656.829304539165
JADE,F5,24,679.6850098862744
JADE,F5,25,650.0923093405647
JADE,F5,26,642.662180587519
JADE,F5,27,686.7596830117993
JADE,F5,28,664.9842161393586
JADE,F5,29,675.8511097146493
JADE,F5,30,656.7814723092808
JADE,F6,1,601.7693318021941
JADE,F6,2,601.1900499649505
JADE,F6,3,600.0062635487702
JADE,F6,4,600.1777593676732
JADE,F6,5,600.5927656180672
JADE,F6,6,601.1027612071791
JADE,F6,7,600.3779485086332
JADE,F6,8,602.5345396995168
JADE,F6,9,600.8009793511487
JADE,F6,10,601.1346129758928
JADE,F6,11,600.4078414232661
JADE,F6,12,600.4990549992007
JADE,F6,13,600.5374964508428
JADE,F6,14,602.3725738990148
JADE,F6,15,600.4186759788854
JADE,F6,16,602.0449397498916
JADE,F6,17,600.844791276057
JADE,F6,18,603.2478657871295
JADE,F6,19,600.6280914946235
JADE,F6,20,602.443133550551
JADE,F6,21,600.8263516026097
JADE,F6,22,601.3459914720985
JADE,F6,23,600.4581322284162
JADE,F6,24,600.2418686142199
JADE,F6,25,602.5341263974013
JADE,F6,26,603.3160145204503
JADE,F6,27,600.3692291796283
JADE,F6,28,601.7891309747017
JADE,F6,29,600.5739456994235
JADE,F6,30,601.2797560227242
JADE,F7,1,989.9006159522833
JADE,F7,2,937.8058162543202
JADE,F7,3,952.2857859011635
JADE,F7,4,974.9077215835462
JADE,F7,5,984.669904578951
JADE,F7,6,983.0579137138723
JADE,F7,7,980.1547341803621
JADE,F7,8,953.6771418139485
JADE,F7,9,968.7427707597153
JADE,F7,10,1068.7576027319656
JADE,F7,11,1085.4829166265206
JADE,F7,12,957.5947871252448
JADE,F7,13,1016.2802695574702
JADE,F7,14,929.409425644959
JADE,F7,15,978.6055840718504
JADE,F7,16,950.8855936033958
JADE,F7,17,982.6736394836723
JADE,F7,18,958.7815041644288
JADE,F7,19,1025.268261240394
JADE,F7,20,943.5663399925314
JADE,F7,21,978.9193032622753
JADE,F7,22,1016.9200223324729
JADE,F7,23,973.529082927283
JADE,F7,24,991.227212027992
JADE,F7,25,965.587083915902
JADE,F7,26,951.1857487759883
JADE,F7,27,1036.3303419349236
JADE,F7,28,1018.7603801234026
JADE,F7,29,1051.4760743040072
JADE,F7,30,962.2906118326194
JADE,F8,1,974.5478545241025
JADE,F8,2,969.5178559469468
JADE,F8,3,978.8392052959222
JADE,F8,4,946.3886868433717
JADE,F8,5,988.9514819184373
JADE,F8,6,1005.033518179385
JADE,F8,7,948.6145353208958
JADE,F8,8,961.8464692376789
JADE,F8,9,963.6689076619101
JADE,F8,10,1012.3460251714396
JADE,F8,11,966.5858106439464
JADE,F8,12,1009.1099530772251
JADE,F8,13,956.0381273840296
JADE,F8,14,1017.5852220488684
JADE,F8,15,947.131611536724
JADE,F8,16,951.1363551387566
JADE,F8,17,946.1699953988197
JADE,F8,18,929.1848042632721
JADE,F8,19,957.4678388414889
JADE,F8,20,937.9633861733108
JADE,F8,21,961.3921887372112
JADE,F8,22,943.0817245006485
JADE,F8,23,949.7826136589397
JADE,F8,24,975.0857627494236
JADE,F8,25,936.1223484640132
JADE,F8,26,986.9166052332782
JADE,F8,27,974.0372377776546
JADE,F8,28,897.4257218957775
JADE,F8,29,1004.6331469509738
JADE,F8,30,944.2365259857497
JADE,F9,1,3056.9694311966628
JADE,F9,2,1009.484400219518
JADE,F9,3,1494.089922836768
JADE,F9,4,4340.529469488229
JADE,F9,5,1196.118155656349
JADE,F9,6,1112.399290959153
JADE,F9,7,1345.3845715606076
JADE,F9,8,1115.6428190559197
JADE,F9,9,1176.0276450705771
JADE,F9,10,1172.5334227141075
JADE,F9,11,1601.3521320806162
JADE,F9,12,3201.8075163922313
JADE,F9,13,1298.8495064172114
JADE,F9,14,1666.9159825478823
JADE,F9,15,1196.7159259553662
JADE,F9,16,3588.21045376298
JADE,F9,17,4165.244812649125
JADE,F9,18,2089.0469810408604
JADE,F9,19,1332.848642888815
JADE,F9,20,1317.840656695838
JADE,F9,21,1345.8353247403684
JADE,F9,22,1743.6902589789956
JADE,F9,23,2596.45419304569
JADE,F9,24,1799.1248312033845
JADE,F9,25,1766.1076571745295
JADE,F9,26,4170.5302553442625
JADE,F9,27,1151.3772567464414
JADE,F9,28,2343.618152492111
JADE,F9,29,2609.93801001845
JADE,F9,30,2443.498850246526
JADE,F10,1,7395.887287203341
JADE,F10,2,9259.83738294652
JADE,F10,3,8039.775572924951
JADE,F10,4,9633.441910735008
JADE,F10,5,8637.283000792271
JADE,F10,6,8366.540232300096
JADE,F10,7,8383.478274075018
JADE,F10,8,8394.9546902797
JADE,F10,9,7579.517764764958
JADE,F10,10,8506.477362298334
JADE,F10,11,9939.205935091351
JADE,F10,12,9464.207658082096
JADE,F10,13,8455.777428281426
JADE,F10,14,8844.463152604008
JADE,F10,15,7697.7628425329385
JADE,F10,16,8626.65352045329
JADE,F10,17,8849.57054560632
JADE,F10,18,8072.018946325641
JADE,F10,19,7561.745965815244
JADE,F10,20,9534.495182705576
JADE,F10,21,8653.954297231927
JADE,F10,22,10424.266105762159
JADE,F10,23,7580.315777987489
JADE,F10,24,8653.079451468047
JADE,F10,25,8990.130222361888
JADE,F10,26,8031.683811708504
JADE,F10,27,9112.28865414599
JADE,F10,28,8386.28991641712
JADE,F10,29,8541.15832615771
JADE,F10,30,9043.876599166284
JADE,F11,1,1321.4625980045253
JADE,F11,2,1359.6068619101852
JADE,F11,3,1275.483489040212
JADE,F11,4,1309.2420402296343
JADE,F11,5,1310.4906497092754
JADE,F11,6,1391.8572488586676
JADE,F11,7,1334.2479068071816
JADE,F11,8,1226.8378297463598
JADE,F11,9,1279.3912107642416
JADE,F11,10,1329.146808341689
JADE,F11,11,1383.9412622205882
JADE,F11,12,1411.0196767192226
JADE,F11,13,1400.065027647044
JADE,F11,14,1356.89688428025
JADE,F11,15,1214.445191034646
JADE,F11,16,1301.8508824712283
JADE,F11,17,1292.5902113832426
JADE,F11,18,1430.49179963205
JADE,F11,19,1343.23545902331
JADE,F11,20,1279.3918781559137
JADE,F11,21,1335.922245814536
JADE,F11,22,1305.2768324363608
JADE,F11,23,1373.1165070397487
JADE,F11,24,1218.9450053539003
JADE,F11,25,1421.98030480844
JADE,F11,26,1321.8343785675875
JADE,F11,27,1277.4001927570569
JADE,F11,28,1296.366370232162
JADE,F11,29,1340.0798261724763
JADE,F11,30,1275.4153157637438
JADE,F12,1,131577.09791761637
JADE,F12,2,2417842.6770348153
JADE,F12,3,397198.2129765326
JADE,F12,4,230336.98128249994
JADE,F12,5,331887.99272563553
JADE,F12,6,149543.1029291748
JADE,F12,7,299691.7656552395
JADE,F12,8,270831.8867104287
JADE,F12,9,3680123.6399411713
JADE,F12,10,180261.38786691532
JADE,F12,11,276416.2131149157
JADE,F12,12,352847.66684168985
JADE,F12,13,224018.63561087224
JADE,F12,14,358352.52288339625
JADE,F12,15,245559.9333140292
JADE,F12,16,242918.5011324124
JADE,F12,17,44641.161870432625
JADE,F12,18,491363.5917511081
JADE,F12,19,111244.72181005521
JADE,F12,20,632791.5308475452
JADE,F12,21,1070345.7242544435
JADE,F12,22,415456.93514819135
JADE,F12,23,74610.3643557322
JADE,F12,24,626973.908144015
JADE,F12,25,309499.70942933054
JADE,F12,26,187458.76943843154
JADE,F12,27,190861.26158650665
JADE,F12,28,221117.14254398877
JADE,F12,29,168459.37318672988
JADE,F12,30,576943.975007891
JADE,F13,1,13609.329048128398
JADE,F13,2,3035.090415966815
JADE,F13,3,2521.87189649648
JADE,F13,4,6252.080930593201
JADE,F13,5,3858.636285253483
JADE,F13,6,10846.453825161254
JADE,F13,7,8774.07918090978
JADE,F13,8,3515.8247740078305
JADE,F13,9,1977.421605674724
JADE,F13,10,22892.926123764217
JADE,F13,11,3844.456923202273
JADE,F13,12,11236.79726047276
JADE,F13,13,5362.163754716838
JADE,F13,14,11664.565991165739
JADE,F13,15,18753.011809379797
JADE,F13,16,2466.1723978823215
JADE,F13,17,2978.6242634062896
JADE,F13,18,2768.6971850020873
JADE,F13,19,14723.764281258904
JADE,F13,20,2628.138562944171
JADE,F13,21,4164.5744507412055
JADE,F13,22,20530.841439145082
JADE,F13,23,8321.967227923267
JADE,F13,24,19605.553485936747
JADE,F13,25,8310.281410566553
JADE,F13,26,8841.244411550426
JADE,F13,27,15526.896541963244
JADE,F13,28,33723.94242801629
JADE,F13,29,17912.964018304956
JADE,F13,30,5470.230497154868
JADE,F14,1,2152.053160230076
JADE,F14,2,8455.87399155544
JADE,F14,3,4492.848151953562
JADE,F14,4,2961.4939906836826
JADE,F14,5,2432.8082169892705
JADE,F14,6,2742.636879623068
JADE,F14,7,1817.3996755374822
JADE,F14,8,2023.5553729183468
JADE,F14,9,1908.932554979014
JADE,F14,10,3888.948183240157
JADE,F14,11,4622.7929385112275
JADE,F14,12,3508.060194602681
JADE,F14,13,4260.268385344151
JADE,F14,14,1710.0059331648138
JADE,F14,15,3094.6063007703005
JADE,F14,16,2397.617114529673
JADE,F14,17,2576.395193871471
JADE,F14,18,2327.943366952514
JADE,F14,19,3329.6135428374237
JADE,F14,20,5895.155281304065
JADE,F14,21,1888.7489468887154
JADE,F14,22,4621.853653956071
JADE,F14,23,2143.9007259398772
JADE,F14,24,7150.1648626792885
JADE,F14,25,5542.9884813083645
JADE,F14,26,3823.36674365442
JADE,F14,27,4255.626644638218
JADE,F14,28,4335.363957691164
JADE,F14,29,8282.835739860493
JADE,F14,30,1835.1505912304665
JADE,F15,1,3220.8643901822825
JADE,F15,2,4352.585307662823
JADE,F15,3,7653.591416492653
JADE,F15,4,2582.8878290135003
JADE,F15,5,2958.816543302916
JADE,F15,6,2610.7884063669744
JADE,F15,7,15508.194962055935
JADE,F15,8,1966.952257507448
JADE,F15,9,10267.232748784236
JADE,F15,10,8337.327447621565
JADE,F15,11,2738.314618463276
JADE,F15,12,3093.5445075119437
JADE,F15,13,9171.116519802217
JADE,F15,14,2231.993337963493
JADE,F15,15,4200.306024364022
JADE,F15,16,8656.128612878241
JADE,F15,17,2202.181988796744
JADE,F15,18,2117.250264190016
JADE,F15,19,2000.0214088131895
JADE,F15,20,2086.667033336647
JADE,F15,21,3903.9570202293407
JADE,F15,22,3583.7659848042977
JADE,F15,23,1747.5638745742199
JADE,F15,24,3030.5172137188883
JADE,F15,25,2416.0758825766943
JADE,F15,26,2324.9304114446813
JADE,F15,27,2204.4073991711957
JADE,F15,28,5283.66774941072
JADE,F15,29,11751.258049333634
JADE,F15,30,2077.0184097110887
JADE,F16,1,3147.095625103962
JADE,F16,2,3461.2951311732863
JADE,F16,3,2233.9221595285985
JADE,F16,4,3262.7798177124496
JADE,F16,5,3368.7623387334984
JADE,F16,6,3060.6974030836445
JADE,F16,7,2922.5700802716146
JADE,F16,8,2884.9848968389915
JADE,F16,9,2931.537947172719
JADE,F16,10,2814.3823178511584
JADE,F16,11,3289.7445934399684
JADE,F16,12,3134.6639327420025
JADE,F16,13,3342.186181693337
JADE,F16,14,2886.222869565318
JADE,F16,15,2978.305013481264
JADE,F16,16,3303.9123799659346
JADE,F16,17,3308.382032505695
JADE,F16,18,3218.4060306541787
JADE,F16,19,2782.908771600098
JADE,F16,20,3281.5711107636807
JADE,F16,21,3058.917925188631
JADE,F16,22,3474.885382538733
JADE,F16,23,3183.288384648022
JADE,F16,24,2722.6630358558573
JADE,F16,25,2256.5581529716064
JADE,F16,26,3375.909482793388
JADE,F16,27,3437.8729555307077
JADE,F16,28,2609.0381208598455
JADE,F16,29,3244.725970015161
JADE,F16,30,3004.084252350534
JADE,F17,1,2830.549037941984
JADE,F17,2,2814.243872280661
JADE,F17,3,3033.8586908451466
JADE,F17,4,2873.0724791079456
JADE,F17,5,2846.474335805017
JADE,F17,6,2727.326112856779
JADE,F17,7,2749.13300149073
JADE,F17,8,2842.8375586061557
JADE,F17,9,2554.7259049609206
JADE,F17,10,3286.975573437525
JADE,F17,11,2898.6151594605335
JADE,F17,12,2869.9863326109867
JADE,F17,13,2796.685531306573
JADE,F17,14,2723.8459831217524
JADE,F17,15,2658.1985277999624
JADE,F17,16,2784.3966504465543
JADE,F17,17,2774.961001860914
JADE,F17,18,3015.26382392464
JADE,F17,19,2751.2060151894116
JADE,F17,20,2703.3810591015035
JADE,F17,21,2677.8709747083312
JADE,F17,22,3003.8633680188404
JADE,F17,23,2992.344143282193
JADE,F17,24,2893.7597531675156
JADE,F17,25,3080.4517713457844
JADE,F17,26,2693.6968000326274
JADE,F17,27,2860.1002922395664
JADE,F17,28,3028.4394733166027
JADE,F17,29,2932.910885175078
JADE,F17,30,2782.7894209818014
JADE,F18,1,97741.21960443897
JADE,F18,2,80712.04440394141
JADE,F18,3,81252.44626841103
JADE,F18,4,32499.843756064845
JADE,F18,5,90865.63591241327
JADE,F18,6,70211.82007549441
JADE,F18,7,122844.69714244391
JADE,F18,8,109311.14445269504
JADE,F18,9,65001.708399749376
JADE,F18,10,51243.973119914015
JADE,F18,11,99490.44047340401
JADE,F18,12,34118.8881092552
JADE,F18,13,51602.462696740826
JADE,F18,14,21751.76456199522
JADE,F18,15,33049.21644681785
JADE,F18,16,56184.99534754223
JADE,F18,17,60479.30208229156
JADE,F18,18,17658.167438828663
JADE,F18,19,84556.06512083998
JADE,F18,20,851668.3341357976
JADE,F18,21,32259.405567796588
JADE,F18,22,57556.50043607231
JADE,F18,23,84059.04107795934
JADE,F18,24,82880.38662995922
JADE,F18,25,52067.5255173953
JADE,F18,26,47695.401140228976
JADE,F18,27,39590.20591374434
JADE,F18,28,55234.55011099735
JADE,F18,29,26556.233098244797
JADE,F18,30,20239.893844191753
JADE,F19,1,23678.972779320586
JADE,F19,2,2260.651704715856
JADE,F19,3,2096.87177694385
JADE,F19,4,2129.947840719313
JADE,F19,5,2056.7280626586107
JADE,F19,6,2132.1005196770084
JADE,F19,7,10699.441256122673
JADE,F19,8,2141.681655738213
JADE,F19,9,2096.4519218765836
JADE,F19,10,2075.5966317409143
JADE,F19,11,2124.698286970621
JADE,F19,12,2063.650062692609
JADE,F19,13,2363.862646119024
JADE,F19,14,2313.001814507295
JADE,F19,15,2823.433861624876
JADE,F19,16,2025.840216017014
JADE,F19,17,2139.156796718498
JADE,F19,18,2100.6594985391494
JADE,F19,19,2160.643126589229
JADE,F19,20,2144.543052833936
JADE,F19,21,4672.071345713475
JADE,F19,22,5756.1482516247925
JADE,F19,23,2192.448154524149
JADE,F19,24,2068.117713498778
JADE,F19,25,13841.519530556903
JADE,F19,26,2102.4032040382754
JADE,F19,27,2188.308767219165
JADE,F19,28,2183.7183786052415
JADE,F19,29,2171.2103794778964
JADE,F19,30,2092.2662108244303
JADE,F20,1,3019.0929843115828
JADE,F20,2,3103.7706524338514
JADE,F20,3,3109.6155548808138
JADE,F20,4,3120.2816495200505
JADE,F20,5,3315.076937938861
JADE,F20,6,3332.3378120837015
JADE,F20,7,3040.4736931755433
JADE,F20,8,2867.3119283146566
JADE,F20,9,2965.251705290901
JADE,F20,10,2887.3637774308213
JADE,F20,11,3053.055117362149
JADE,F20,12,3091.849787845972
JADE,F20,13,2782.0605533844778
JADE,F20,14,3169.039639782917
JADE,F20,15,3031.3187061094027
JADE,F20,16,2843.4064629308987
JADE,F20,17,3079.3661285529147
JADE,F20,18,2963.7692120376873
JADE,F20,19,2997.8733571953926
JADE,F20,20,3236.5274386360597
JADE,F20,21,3243.5287991729138
JADE,F20,22,2952.2593001239215
JADE,F20,23,3339.0368229657806
JADE,F20,24,3076.8604536621633
JADE,F20,25,3158.0660381949847
JADE,F20,26,2729.332138155316
JADE,F20,27,3183.230697930308
JADE,F20,28,3134.343034349241
JADE,F20,29,3018.4448463263957
JADE,F20,30,3192.480297981507
JADE,F21,1,2443.198688539048
JADE,F21,2,2508.2169723938578
JADE,F21,3,2476.6170365611165
JADE,F21,4,2439.7701118542254
JADE,F21,5,2484.4059518653007
JADE,F21,6,2472.5176232371373
JADE,F21,7,2455.8498588834764
JADE,F21,8,2451.468678693471
JADE,F21,9,2460.25685820439
JADE,F21,10,2445.6641538296626
JADE,F21,11,2434.735568025475
JADE,F21,12,2448.888569260193
JADE,F21,13,2451.764311492797
JADE,F21,14,2477.790893983355
JADE,F21,15,2489.5458591872157
JADE,F21,16,2421.988423685858
JADE,F21,17,2462.7928029102404
JADE,F21,18,2475.2873755386336
JADE,F21,19,2473.9444721161794
JADE,F21,20,2431.8826425201405
JADE,F21,21,2430.773360875763
JADE,F21,22,2419.694786084787
JADE,F21,23,2464.7933407598175
JADE,F21,24,2444.3604286351974
JADE,F21,25,2435.17012167233
JADE,F21,26,2426.3652689243686
JADE,F21,27,2409.8786174345946
JADE,F21,28,2455.6017739875815
JADE,F21,29,2438.8044456073517
JADE,F21,30,2423.004903528078
JADE,F22,1,11383.393125772598
JADE,F22,2,11218.19511226785
JADE,F22,3,10802.364884029423
JADE,F22,4,10656.45255132511
JADE,F22,5,10526.4777821117
JADE,F22,6,10012.02643410541
JADE,F22,7,10201.973634435184
JADE,F22,8,10095.249152857772
JADE,F22,9,10489.051059776319
JADE,F22,10,10290.824560783842
JADE,F22,11,11480.39804100848
JADE,F22,12,10297.07601066011
JADE,F22,13,11113.010112021222
JADE,F22,14,10680.037707353642
JADE,F22,15,10180.481381315072
JADE,F22,16,10245.839557787749
JADE,F22,17,11016.982997233834
JADE,F22,18,10223.431250676858
JADE,F22,19,10145.52021464123
JADE,F22,20,10189.063641164812
JADE,F22,21,9825.53207781219
JADE,F22,22,10325.556085644243
JADE,F22,23,10220.728248173084
JADE,F22,24,10829.278793276306
JADE,F22,25,10787.292818597358
JADE,F22,26,10486.713265790826
JADE,F22,27,9455.479011125211
JADE,F22,28,10695.535189201328
JADE,F22,29,11519.111453425818
JADE,F22,30,10445.377417910953
JADE,F23,1,2860.170383075746
JADE,F23,2,2854.6862153606316
JADE,F23,3,2894.6444394714663
JADE,F23,4,2948.2639051727874
JADE,F23,5,2891.2098130768923
JADE,F23,6,2931.47208618779
JADE,F23,7,2885.005212706382
JADE,F23,8,2939.401128681022
JADE,F23,9,2871.349255807081
JADE,F23,10,2873.596590531082
JADE,F23,11,2877.517149106843
JADE,F23,12,2864.1383902320044
JADE,F23,13,2949.4767443034984
JADE,F23,14,2930.6355197153916
JADE,F23,15,2885.424552374435
JADE,F23,16,2975.2775317834644
JADE,F23,17,2887.9152365252967
JADE,F23,18,2890.0931201943868
JADE,F23,19,2900.627297669322
JADE,F23,20,2896.6952097961366
JADE,F23,21,2884.6664070798683
JADE,F23,22,2931.100101229039
JADE,F23,23,2885.063085326685
JADE,F23,24,2912.4233660718864
JADE,F23,25,2882.266741929246
JADE,F23,26,2847.1083642925796
JADE,F23,27,2873.191336545084
JADE,F23,28,2877.9939560112684
JADE,F23,29,2917.9008555623177
JADE,F23,30,2870.7818391567916
JADE,F24,1,3094.4192299624297
JADE,F24,2,3068.998649708453
JADE,F24,3,3039.534693492888
JADE,F24,4,3042.9611826198316
JADE,F24,5,3061.631664605953
JADE,F24,6,3035.8136204587977
JADE,F24,7,3075.152125274332
JADE,F24,8,3045.07763150762
JADE,F24,9,3040.302938621279
JADE,F24,10,3091.31098109906
JADE,F24,11,3087.62073383749
JADE,F24,12,3051.9110690147945
JADE,F24,13,3044.2896951743546
JADE,F24,14,3057.0681564286706
JADE,F24,15,3067.593054519482
JADE,F24,16,3030.2270815092265
JADE,F24,17,3104.53380655327
JADE,F24,18,3062.6385083443893
JADE,F24,19,3074.054365708961
JADE,F24,20,3128.326650582456
JADE,F24,21,3017.1104289656523
JADE,F24,22,3008.805067519675
JADE,F24,23,3058.4897217921084
JADE,F24,24,3049.117916670033
JADE,F24,25,3077.849473103183
JADE,F24,26,3032.5001794703685
JADE,F24,27,3104.424649907244
JADE,F24,28,3125.4112633675313
JADE,F24,29,3115.4046427821404
JADE,F24,30,3070.974823770101
JADE,F25,1,3082.069778587352
JADE,F25,2,3050.2579861622385
JADE,F25,3,3059.4322173097526
JADE,F25,4,3025.7154369252926
JADE,F25,5,3048.7624987751187
JADE,F25,6,3065.000785903555
JADE,F25,7,3073.392525707463
JADE,F25,8,3031.509461308499
JADE,F25,9,3021.8314944600397
JADE,F25,10,3034.2398431080874
JADE,F25,11,2931.2061720083393
JADE,F25,12,3067.7027396090393
JADE,F25,13,3019.793469620642
JADE,F25,14,3029.8589670479632
JADE,F25,15,3066.235847078226
JADE,F25,16,3084.512596446113
JADE,F25,17,3028.049607695254
JADE,F25,18,3063.102850549538
JADE,F25,19,3025.4693954667127
JADE,F25,20,3088.4922328650905
JADE,F25,21,3083.965998829134
JADE,F25,22,3030.671403550424
JADE,F25,23,3067.3440085863917
JADE,F25,24,3023.5589777533187
JADE,F25,25,3030.439260774628
JADE,F25,26,3020.980055565426
JADE,F25,27,3004.8481760404243
JADE,F25,28,3064.3847499836766
JADE,F25,29,3099.909258701962
JADE,F25,30,3017.440537995632
JADE,F26,1,5446.196484458946
JADE,F26,2,5254.169346583742
JADE,F26,3,5767.288459169704
JADE,F26,4,5680.394247352307
JADE,F26,5,5576.810444187545
JADE,F26,6,4832.5919296201255
JADE,F26,7,5476.863390476421
JADE,F26,8,5392.7670340563345
JADE,F26,9,6336.450806297103
JADE,F26,10,5850.772864572535
JADE,F26,11,5061.4306327781605
JADE,F26,12,5564.451205489226
JADE,F26,13,5637.045891709144
JADE,F26,14,5796.752921290463
JADE,F26,15,5440.904161406705
JADE,F26,16,5390.062446632594
JADE,F26,17,5637.041230552014
JADE,F26,18,5171.819916864654
JADE,F26,19,5402.590733226354
JADE,F26,20,5789.19579314261
JADE,F26,21,4879.326062673795
JADE,F26,22,5128.046257298897
JADE,F26,23,5519.679675158332
JADE,F26,24,5398.790944306758
JADE,F26,25,5561.892674308216
JADE,F26,26,5487.0517630979975
JADE,F26,27,5417.129048849905
JADE,F26,28,5492.204018831213
JADE,F26,29,5515.064810599517
JADE,F26,30,5276.065897522864
JADE,F27,1,3362.6675793324316
JADE,F27,2,3445.2940996069365
JADE,F27,3,3302.028253753934
JADE,F27,4,3330.507610687067
JADE,F27,5,3313.7173155588434
JADE,F27,6,3278.3558932897777
JADE,F27,7,3332.0891639097345
JADE,F27,8,3356.6280734164116
JADE,F27,9,3341.2934877920356
JADE,F27,10,3313.145985608284
JADE,F27,11,3389.9742297442676
JADE,F27,12,3329.069956435522
JADE,F27,13,3426.1590902561957
JADE,F27,14,3300.42040272967
JADE,F27,15,3361.730419533909
JADE,F27,16,3390.649834312152
JADE,F27,17,3556.521502718083
JADE,F27,18,3431.7425063365445
JADE,F27,19,3329.463420163017
JADE,F27,20,3346.4038406824757
JADE,F27,21,3421.0162703488013
JADE,F27,22,3391.220368022856
JADE,F27,23,3567.7985862853175
JADE,F27,24,3349.4422480917447
JADE,F27,25,3518.019625696833
JADE,F27,26,3697.585932952424
JADE,F27,27,3409.2668949000754
JADE,F27,28,3420.9871739758455
JADE,F27,29,3367.358009783551
JADE,F27,30,3433.7582718779454
JADE,F28,1,3301.2236569003067
JADE,F28,2,3314.8167215788962
JADE,F28,3,3279.6548476340417
JADE,F28,4,3324.867371902455
JADE,F28,5,3278.4691952309868
JADE,F28,6,3301.458514336728
JADE,F28,7,3312.7923945820253
JADE,F28,8,3281.9758556053193
JADE,F28,9,3286.4983340220597
JADE,F28,10,3317.4962504456653
JADE,F28,11,3308.1320631939802
JADE,F28,12,3319.2474878039156
JADE,F28,13,3279.319259434226
JADE,F28,14,3293.764950730715
JADE,F28,15,3313.556946382182
JADE,F28,16,3308.2914957566986
JADE,F28,17,3311.654266614234
JADE,F28,18,3319.792668644024
JADE,F28,19,3259.835915078279
JADE,F28,20,3308.9329330552314
JADE,F28,21,3299.885137957544
JADE,F28,22,3302.6648481351876
JADE,F28,23,3385.6125778247724
JADE,F28,24,3297.1715782373317
JADE,F28,25,3311.7831703659003
JADE,F28,26,3299.5355410849306
JADE,F28,27,3296.7499804609456
JADE,F28,28,3264.7654564358527
JADE,F28,29,3289.2597418943856
JADE,F28,30,3265.3041883056803
JADE,F29,1,4201.077534631068
JADE,F29,2,4441.559431314396
JADE,F29,3,3945.825462896285
JADE,F29,4,3716.2969832909184
JADE,F29,5,4237.6427888369935
JADE,F29,6,3666.9973880498655
JADE,F29,7,3867.2355035311734
JADE,F29,8,3961.6160022075665
JADE,F29,9,4195.625450157671
JADE,F29,10,3908.0912442656336
JADE,F29,11,3995.2802162332655
JADE,F29,12,4283.071966940521
JADE,F29,13,4384.285963849628
JADE,F29,14,3976.5803091217485
JADE,F29,15,4277.2450423591845
JADE,F29,16,4321.7917248637405
JADE,F29,17,4057.407931511564
JADE,F29,18,4108.830830290572
JADE,F29,19,3980.2930041271875
JADE,F29,20,4058.267750185029
JADE,F29,21,3912.1169056904146
JADE,F29,22,3979.028142052369
JADE,F29,23,4332.490462576857
JADE,F29,24,3887.4884048487834
JADE,F29,25,3815.7042842145916
JADE,F29,26,4158.185320747063
JADE,F29,27,4094.4472348644595
JADE,F29,28,4064.44635848565
JADE,F29,29,4216.911123883563
JADE,F29,30,3986.5617852170662
JADE,F30,1,844840.4177631049
JADE,F30,2,623344.1467660062
JADE,F30,3,901560.881542473
JADE,F30,4,697402.6790500007
JADE,F30,5,952779.8028154703
JADE,F30,6,1417907.183629825
JADE,F30,7,849276.2241601826
JADE,F30,8,898307.2740255491
JADE,F30,9,892236.3880441643
JADE,F30,10,1037303.0047036503
JADE,F30,11,1244228.9068484462
JADE,F30,12,727752.653047418
JADE,F30,13,1462280.413469058
JADE,F30,14,835957.9307205647
JADE,F30,15,769957.189593249
JADE,F30,16,837936.252217262
JADE,F30,17,772356.6179977822
JADE,F30,18,794675.016863216
JADE,F30,19,798403.7922578454
JADE,F30,20,772926.956756872
JADE,F30,21,875443.8917101669
JADE,F30,22,694188.8545907267
JADE,F30,23,640067.3950087435
JADE,F30,24,1516392.446154157
JADE,F30,25,638350.6470215585
JADE,F30,26,1339892.36633435
JADE,F30,27,761171.9707048702
JADE,F30,28,708952.0322851805
JADE,F30,29,1238872.9573660078
JADE,F30,30,850736.5045229426
SHADE,F1,1,1091.1942260145256
SHADE,F1,2,370.50945744017815
SHADE,F1,3,6213.538678055792
SHADE,F1,4,6904.524835454202
SHADE,F1,5,3529.211909999603
SHADE,F1,6,2191.5018647829957
SHADE,F1,7,539.6468502610544
SHADE,F1,8,1333.9922656907747
SHADE,F1,9,4262.482993969641
SHADE,F1,10,16264.165163357573
SHADE,F1,11,10673.216067442136
SHADE,F1,12,307.05267746519263
SHADE,F1,13,6478.333795477286
SHADE,F1,14,20490.81885387427
SHADE,F1,15,5923.694712156227
SHADE,F1,16,1057.1019070186444
SHADE,F1,17,2499.5375493074293
SHADE,F1,18,1754.5697856341283
SHADE,F1,19,14255.333648072856
SHADE,F1,20,2386.8282065808426
SHADE,F1,21,15088.214021549713
SHADE,F1,22,1492.8446378887193
SHADE,F1,23,7852.156007155363
SHADE,F1,24,2238.7994228527896
SHADE,F1,25,600.5629660434636
SHADE,F1,26,9617.962993343013
SHADE,F1,27,807.0082180513086
SHADE,F1,28,829.4362292342221
SHADE,F1,29,1607.5776675488178
SHADE,F1,30,1082.496019004493
SHADE,F3,1,17395.520381106155
SHADE,F3,2,33183.60444329355
SHADE,F3,3,30223.127334044486
SHADE,F3,4,42424.29179056563
SHADE,F3,5,24172.797506149323
SHADE,F3,6,25093.063343768168
SHADE,F3,7,35716.54702238466
SHADE,F3,8,14802.942994540816
SHADE,F3,9,55283.29751783337
SHADE,F3,10,19206.999251236222
SHADE,F3,11,33028.06606523618
SHADE,F3,12,31788.796669747324
SHADE,F3,13,18081.129454548336
SHADE,F3,14,31659.948553405673
SHADE,F3,15,30314.257510439904
SHADE,F3,16,30077.264395707483
SHADE,F3,17,18653.737185962545
SHADE,F3,18,28667.073261929323
SHADE,F3,19,23943.25153153946
SHADE,F3,20,35501.493240468604
SHADE,F3,21,31578.306914019664
SHADE,F3,22,32511.21644676805
SHADE,F3,23,36815.35329502138
SHADE,F3,24,13237.4187016653
SHADE,F3,25,27037.532254490387
SHADE,F3,26,19813.4596402338
SHADE,F3,27,31305.678869602296
SHADE,F3,28,25541.9909861267
SHADE,F3,29,30850.625161461903
SHADE,F3,30,19871.971940248037
SHADE,F4,1,553.1368375554991
SHADE,F4,2,551.9559442805285
SHADE,F4,3,584.141475560521
SHADE,F4,4,607.3403106104856
SHADE,F4,5,559.7516802361406
SHADE,F4,6,610.6265431402567
SHADE,F4,7,472.71596792535445
SHADE,F4,8,548.3697941463457
SHADE,F4,9,476.40851610649884
SHADE,F4,10,481.3794259636616
SHADE,F4,11,477.1048112177276
SHADE,F4,12,578.7218909796263
SHADE,F4,13,578.7943163720945
SHADE,F4,14,598.1922708171762
SHADE,F4,15,538.2928000534903
SHADE,F4,16,501.39003426933124
SHADE,F4,17,539.620259257511
SHADE,F4,18,502.4075859371846
SHADE,F4,19,469.13021039624897
SHADE,F4,20,446.4770264631161
SHADE,F4,21,476.28364106767725
SHADE,F4,22,432.9241729048434
SHADE,F4,23,499.22402933988457
SHADE,F4,24,485.1971024126668
SHADE,F4,25,549.0981810246251
SHADE,F4,26,477.8552365179282
SHADE,F4,27,437.70493445040336
SHADE,F4,28,580.7150493842834
SHADE,F4,29,474.19271172979387
SHADE,F4,30,488.30438922372997
SHADE,F5,1,678.4936775952317
SHADE,F5,2,695.5927350517918
SHADE,F5,3,643.8550569151075
SHADE,F5,4,658.7359756197332
SHADE,F5,5,675.3534387898028
SHADE,F5,6,629.261282863429
SHADE,F5,7,674.9413613479817
SHADE,F5,8,688.4928437529248
SHADE,F5,9,710.133205098637
SHADE,F5,10,702.3729977396407
SHADE,F5,11,652.4540534025714
SHADE,F5,12,655.5518625160141
SHADE,F5,13,698.0268223704257
SHADE,F5,14,685.0554199021226
SHADE,F5,15,640.1808252903387
SHADE,F5,16,676.5195297732755
SHADE,F5,17,663.7426706769013
SHADE,F5,18,667.092469172175
SHADE,F5,19,716.0680194029992
SHADE,F5,20,680.9808849938199
SHADE,F5,21,660.3656906470139
SHADE,F5,22,676.5538223955888
SHADE,F5,23,644.7711958007852
SHADE,F5,24,666.1497518838034
SHADE,F5,25,659.4379186367826
SHADE,F5,26,647.5981040608305
SHADE,F5,27,677.8874202660754
SHADE,F5,28,643.6437332690273
SHADE,F5,29,665.6846363485037
SHADE,F5,30,677.7877940060755
SHADE,F6,1,600.0111655696694
SHADE,F6,2,600.1033029795409
SHADE,F6,3,601.4434341388251
SHADE,F6,4,600.5386889041212
SHADE,F6,5,600.0169798199378
SHADE,F6,6,600.0313071726364
SHADE,F6,7,600.1518500533957
SHADE,F6,8,600.4913784673018
SHADE,F6,9,600.083799443017
SHADE,F6,10,600.3598288172587
SHADE,F6,11,600.1090526356775
SHADE,F6,12,600.0427676929501
SHADE,F6,13,600.2062819086151
SHADE,F6,14,600.0536141650426
SHADE,F6,15,600.0724980407861
SHADE,F6,16,600.4791613109635
SHADE,F6,17,600.7632953836586
SHADE,F6,18,600.2051432100642
SHADE,F6,19,600.1611465564839
SHADE,F6,20,600.1474738414597
SHADE,F6,21,600.0979266475991
SHADE,F6,22,600.2483632871973
SHADE,F6,23,600.7637815477572
SHADE,F6,24,600.0637192145339
SHADE,F6,25,600.1888710682462
SHADE,F6,26,600.2263598014137
SHADE,F6,27,600.1001464545919
SHADE,F6,28,600.1907376658164
SHADE,F6,29,600.0793983361367
SHADE,F6,30,600.632367062418
SHADE,F7,1,958.5396283451114
SHADE,F7,2,965.3750100950342
SHADE,F7,3,947.1601957644398
SHADE,F7,4,969.4530485856918
SHADE,F7,5,948.1860576411353
SHADE,F7,6,926.0103944199752
SHADE,F7,7,987.9924618332038
SHADE,F7,8,957.3984237514484
SHADE,F7,9,947.2418512881916
SHADE,F7,10,911.5408774159414
SHADE,F7,11,974.9587692835797
SHADE,F7,12,939.6936403236066
SHADE,F7,13,945.523326603866
SHADE,F7,14,976.8450291507826
SHADE,F7,15,955.222588894497
SHADE,F7,16,959.7132700394726
SHADE,F7,17,995.162627875427
SHADE,F7,18,956.9095408272755
SHADE,F7,19,960.9542857093389
SHADE,F7,20,953.6559193397177
SHADE,F7,21,960.9210045405457
SHADE,F7,22,943.0484908835259
SHADE,F7,23,943.8305209862506
SHADE,F7,24,934.5942252867274
SHADE,F7,25,956.9188823904507
SHADE,F7,26,960.1600168469234
SHADE,F7,27,921.5944699947313
SHADE,F7,28,976.3240286418082
SHADE,F7,29,984.4770710817018
SHADE,F7,30,953.2739915558062
SHADE,F8,1,963.9751664354116
SHADE,F8,2,951.65584246312
SHADE,F8,3,1002.9679559547365
SHADE,F8,4,988.5980594058215
SHADE,F8,5,961.737640348688
SHADE,F8,6,957.4553878881968
SHADE,F8,7,970.6525694290262
SHADE,F8,8,982.642720063917
SHADE,F8,9,997.9007462911776
SHADE,F8,10,916.4099588530487
SHADE,F8,11,958.470330475206
SHADE,F8,12,972.1203556327611
SHADE,F8,13,985.486564605506
SHADE,F8,14,983.0524819836246
SHADE,F8,15,966.1438343152126
SHADE,F8,16,966.0764810755213
SHADE,F8,17,967.9816306422869
SHADE,F8,18,1003.8870424348864
SHADE,F8,19,978.5298890804708
SHADE,F8,20,1012.7870826522412
SHADE,F8,21,991.9029442812998
SHADE,F8,22,964.4769425529327
SHADE,F8,23,970.213963945117
SHADE,F8,24,972.7204887343513
SHADE,F8,25,984.0991278701749
SHADE,F8,26,981.0777215692739
SHADE,F8,27,966.8320843209212
SHADE,F8,28,993.5830452730636
SHADE,F8,29,957.5507328500167
SHADE,F8,30,946.6405017252481
SHADE,F9,1,1706.5636811920954
SHADE,F9,2,1071.0964646912769
SHADE,F9,3,2749.5981870036094
SHADE,F9,4,994.5505032471209
SHADE,F9,5,1213.4522583843907
SHADE,F9,6,1325.722690677445
SHADE,F9,7,1008.9309609600515
SHADE,F9,8,1887.4912285802843
SHADE,F9,9,950.6631037875304
SHADE,F9,10,1316.5557158994243
SHADE,F9,11,1885.6847429448687
SHADE,F9,12,990.0004783310237
SHADE,F9,13,1810.225469595287
SHADE,F9,14,1721.6460376666978
SHADE,F9,15,1545.4527473810344
SHADE,F9,16,1176.1631958252112
SHADE,F9,17,2173.382447747239
SHADE,F9,18,1681.5817722760753
SHADE,F9,19,1510.5307205249355
SHADE,F9,20,1032.355321268737
SHADE,F9,21,2443.852506441813
SHADE,F9,22,2314.649251953357
SHADE,F9,23,1243.0970798942965
SHADE,F9,24,1427.8271000318389
SHADE,F9,25,1721.1771813768921
SHADE,F9,26,1058.7210521172121
SHADE,F9,27,1009.979358125497
SHADE,F9,28,1579.32736701126
SHADE,F9,29,1106.1961115871654
SHADE,F9,30,1903.5416328021363
SHADE,F10,1,8295.023398546618
SHADE,F10,2,7747.913420045246
SHADE,F10,3,7769.328603046055
SHADE,F10,4,8459.04501448796
SHADE,F10,5,8042.037315083555
SHADE,F10,6,8488.065147990244
SHADE,F10,7,8527.758362718385
SHADE,F10,8,7974.427734838149
SHADE,F10,9,8766.225923408714
SHADE,F10,10,8912.949837602506
SHADE,F10,11,8254.436697271542
SHADE,F10,12,8702.784868307803
SHADE,F10,13,8697.111040935935
SHADE,F10,14,8367.86670787936
SHADE,F10,15,8740.546434199803
SHADE,F10,16,8693.378693898585
SHADE,F10,17,8518.07191654594
SHADE,F10,18,7191.025843063922
SHADE,F10,19,8266.477073513857
SHADE,F10,20,8504.07234638576
SHADE,F10,21,9010.604921229786
SHADE,F10,22,8948.285454075613
SHADE,F10,23,8077.155545325304
SHADE,F10,24,8452.663212270378
SHADE,F10,25,8471.57202377195
SHADE,F10,26,7911.42720227296
SHADE,F10,27,8596.774472326639
SHADE,F10,28,8780.071309979248
SHADE,F10,29,7687.462437271639
SHADE,F10,30,7241.557376744038
SHADE,F11,1,1305.3203158120798
SHADE,F11,2,1282.6083350517488
SHADE,F11,3,1299.3015608293088
SHADE,F11,4,1445.630806296203
SHADE,F11,5,1362.0040665126594
SHADE,F11,6,1272.429087685708
SHADE,F11,7,1255.5146847229562
SHADE,F11,8,1383.1788859940425
SHADE,F11,9,1313.429366788612
SHADE,F11,10,1277.4079425005298
SHADE,F11,11,1365.5562925983122
SHADE,F11,12,1396.7004320093254
SHADE,F11,13,1338.6497404868649
SHADE,F11,14,1408.7321737962966
SHADE,F11,15,1298.2990647879617
SHADE,F11,16,1261.7371872492213
SHADE,F11,17,1308.039696722401
SHADE,F11,18,1355.006238548085
SHADE,F11,19,1201.598412476832
SHADE,F11,20,1275.8534591651357
SHADE,F11,21,1322.172834732111
SHADE,F11,22,1316.2784445942575
SHADE,F11,23,1318.903240658486
SHADE,F11,24,1262.8275812359436
SHADE,F11,25,1343.8896955304117
SHADE,F11,26,1268.4487155347208
SHADE,F11,27,1319.3248028287762
SHADE,F11,28,1268.5211929399047
SHADE,F11,29,1377.380826407466
SHADE,F11,30,1344.9390212215262
SHADE,F12,1,670876.7976768772
SHADE,F12,2,1076802.3932412835
SHADE,F12,3,233255.53209221858
SHADE,F12,4,328435.6000882932
SHADE,F12,5,871528.7719662868
SHADE,F12,6,223795.82662966775
SHADE,F12,7,774258.4516086456
SHADE,F12,8,121118.65094481954
SHADE,F12,9,884022.8676736852
SHADE,F12,10,77129.93986389968
SHADE,F12,11,305435.9160061907
SHADE,F12,12,1048549.874066335
SHADE,F12,13,327569.9365101126
SHADE,F12,14,103811.00166753808
SHADE,F12,15,43683.88979995884
SHADE,F12,16,223078.1395564905
SHADE,F12,17,550255.2902046525
SHADE,F12,18,83752.45545930247
SHADE,F12,19,119460.49413627789
SHADE,F12,20,127856.58790231352
SHADE,F12,21,298420.8820768998
SHADE,F12,22,1009976.8443191291
SHADE,F12,23,201608.7824860678
SHADE,F12,24,520889.60812223813
SHADE,F12,25,160219.5317998507
SHADE,F12,26,220117.64068651194
SHADE,F12,27,510028.01686368434
SHADE,F12,28,177138.7622058587
SHADE,F12,29,172019.16791354975
SHADE,F12,30,257877.7028655772
SHADE,F13,1,11817.89939564912
SHADE,F13,2,10768.576902984227
SHADE,F13,3,8429.672523147661
SHADE,F13,4,2393.151535906398
SHADE,F13,5,3714.6774326328537
SHADE,F13,6,3311.3244720984553
SHADE,F13,7,7152.53683178955
SHADE,F13,8,9052.767702279725
SHADE,F13,9,6195.243728095914
SHADE,F13,10,8910.608501060635
SHADE,F13,11,12227.36331083142
SHADE,F13,12,4497.6607624836215
SHADE,F13,13,8260.007750842078
SHADE,F13,14,4039.660832822776
SHADE,F13,15,8770.394338426802
SHADE,F13,16,1488.153546092044
SHADE,F13,17,3154.9018303239386
SHADE,F13,18,28567.88186845304
SHADE,F13,19,2379.929099758945
SHADE,F13,20,6964.360965909268
SHADE,F13,21,14288.09940783614
SHADE,F13,22,18021.609644593827
SHADE,F13,23,9284.949910510404
SHADE,F13,24,2852.5635665619493
SHADE,F13,25,3613.2628124041703
SHADE,F13,26,4144.944709508787
SHADE,F13,27,8037.375523636218
SHADE,F13,28,3108.5338084151267
SHADE,F13,29,1660.6470053728622
SHADE,F13,30,11793.822971173015
SHADE,F14,1,9470.313222009398
SHADE,F14,2,1849.4058057726568
SHADE,F14,3,2868.1013128976715
SHADE,F14,4,3295.9784383663955
SHADE,F14,5,2991.5919660969303
SHADE,F14,6,4898.370448703703
SHADE,F14,7,2223.9489953335615
SHADE,F14,8,8498.280627586886
SHADE,F14,9,3507.971970983285
SHADE,F14,10,2523.493921063823
SHADE,F14,11,5461.107663352996
SHADE,F14,12,2354.7413411509397
SHADE,F14,13,2150.854544312934
SHADE,F14,14,1773.618458887985
SHADE,F14,15,2865.2433165583907
SHADE,F14,16,1931.8751775387634
SHADE,F14,17,2126.6708396490126
SHADE,F14,18,1851.2796060005958
SHADE,F14,19,2531.8232089445546
SHADE,F14,20,3437.9902658196406
SHADE,F14,21,2559.8740494356816
SHADE,F14,22,2251.2361011382272
SHADE,F14,23,3402.1126356033506
SHADE,F14,24,7218.652565159972
SHADE,F14,25,5466.707235075511
SHADE,F14,26,4569.085721802118
SHADE,F14,27,4894.561716261682
SHADE,F14,28,2255.6126441805736
SHADE,F14,29,1889.8310067486525
SHADE,F14,30,2469.495121438005
SHADE,F15,1,1930.2970619832613
SHADE,F15,2,1907.9269161487887
SHADE,F15,3,19412.44180806472
SHADE,F15,4,2073.0697312316797
SHADE,F15,5,4405.839919094762
SHADE,F15,6,3241.293290341823
SHADE,F15,7,2378.762041367005
SHADE,F15,8,5473.588042201503
SHADE,F15,9,3413.2908383662007
SHADE,F15,10,2012.0047008229685
SHADE,F15,11,4693.90900827012
SHADE,F15,12,2282.530332030669
SHADE,F15,13,3277.059847055616
SHADE,F15,14,7988.15441226032
SHADE,F15,15,2552.329364358334
SHADE,F15,16,2494.0874342481497
SHADE,F15,17,2595.236607525523
SHADE,F15,18,3041.6920266299994
SHADE,F15,19,9609.86488611643
SHADE,F15,20,2855.4027665166122
SHADE,F15,21,3578.6695778003523
SHADE,F15,22,2596.6746486717375
SHADE,F15,23,7495.539361787256
SHADE,F15,24,3258.7257197482086
SHADE,F15,25,2460.3552584368217
SHADE,F15,26,2386.3997340561414
SHADE,F15,27,2741.607429643246
SHADE,F15,28,25706.52430569087
SHADE,F15,29,12787.990175712186
SHADE,F15,30,2207.5203666984908
SHADE,F16,1,3283.9039713753373
SHADE,F16,2,3429.5439214698854
SHADE,F16,3,2867.270308042886
SHADE,F16,4,3244.322439022478
SHADE,F16,5,3125.0985155608923
SHADE,F16,6,2907.76893874063
SHADE,F16,7,3303.178578444833
SHADE,F16,8,3220.3247730967814
SHADE,F16,9,2913.658537127234
SHADE,F16,10,3059.08852004216
SHADE,F16,11,2879.0959068868287
SHADE,F16,12,2825.310159679776
SHADE,F16,13,3260.8526192872823
SHADE,F16,14,2931.156460756866
SHADE,F16,15,3430.5555147931764
SHADE,F16,16,3332.5015538944212
SHADE,F16,17,2752.642862851051
SHADE,F16,18,3330.3943657524997
SHADE,F16,19,2556.3603210823176
SHADE,F16,20,3302.296487558411
SHADE,F16,21,3192.000695242047
SHADE,F16,22,3345.247770585918
SHADE,F16,23,3033.7325970766306
SHADE,F16,24,2925.869422672863
SHADE,F16,25,3381.456439069224
SHADE,F16,26,3085.5835803205646
SHADE,F16,27,3088.022767604062
SHADE,F16,28,2950.4871892477004
SHADE,F16,29,3109.7626211331844
SHADE,F16,30,3046.0566889642396
SHADE,F17,1,2611.7380676893636
SHADE,F17,2,2664.7334343312523
SHADE,F17,3,2969.707532143164
SHADE,F17,4,2571.3269621227955
SHADE,F17,5,2625.850806125569
SHADE,F17,6,2733.9444867664056
SHADE,F17,7,2462.57422831566
SHADE,F17,8,2655.9223491988046
SHADE,F17,9,2925.956839774599
SHADE,F17,10,3009.390553510216
SHADE,F17,11,2839.5250882846503
SHADE,F17,12,2737.7614152767514
SHADE,F17,13,2995.6723586341964
SHADE,F17,14,2984.84316948796
SHADE,F17,15,2540.677764742299
SHADE,F17,16,2287.5107888763864
SHADE,F17,17,2475.1689761028033
SHADE,F17,18,2889.330030570244
SHADE,F17,19,2686.8815302492767
SHADE,F17,20,3020.8608465986367
SHADE,F17,21,2831.3991429208763
SHADE,F17,22,2947.930354876821
SHADE,F17,23,2678.650708947587
SHADE,F17,24,2661.413382901744
SHADE,F17,25,2788.709946242805
SHADE,F17,26,2742.987767727718
SHADE,F17,27,2707.49222586446
SHADE,F17,28,2988.20792302809
SHADE,F17,29,2865.5577905024866
SHADE,F17,30,2417.4329103532064
SHADE,F18,1,24921.34100372032
SHADE,F18,2,53412.37306301881
SHADE,F18,3,107633.76771871827
SHADE,F18,4,91603.56841677855
SHADE,F18,5,34514.72327120119
SHADE,F18,6,67470.9445169371
SHADE,F18,7,51674.46634807788
SHADE,F18,8,58948.82782579938
SHADE,F18,9,62894.028602941304
SHADE,F18,10,47936.142623633285
SHADE,F18,11,31946.475930097407
SHADE,F18,12,46487.520544803556
SHADE,F18,13,189744.5788852385
SHADE,F18,14,93690.03739703858
SHADE,F18,15,161454.64218099578
SHADE,F18,16,132530.47136701943
SHADE,F18,17,46688.77680106595
SHADE,F18,18,76078.7734147799
SHADE,F18,19,29124.226204268634
SHADE,F18,20,125806.67806873482
SHADE,F18,21,18838.6301167802
SHADE,F18,22,27838.548751111182
SHADE,F18,23,32491.704394301134
SHADE,F18,24,107055.2473409398
SHADE,F18,25,21478.278212429348
SHADE,F18,26,38891.241644845715
SHADE,F18,27,46309.44089788957
SHADE,F18,28,61149.6116534037
SHADE,F18,29,96063.70250808334
SHADE,F18,30,123817.34342096794
SHADE,F19,1,2204.3473999318812
SHADE,F19,2,38281.23820275008
SHADE,F19,3,2169.444836654199
SHADE,F19,4,2253.146142406161
SHADE,F19,5,2300.596118995947
SHADE,F19,6,2257.0498836100974
SHADE,F19,7,12118.994996363526
SHADE,F19,8,2150.962194131883
SHADE,F19,9,2233.03749630904
SHADE,F19,10,11143.837500911737
SHADE,F19,11,2203.9232101341468
SHADE,F19,12,2101.403598136288
SHADE,F19,13,2170.458581680207
SHADE,F19,14,2099.2638019953665
SHADE,F19,15,1999.6881078210604
SHADE,F19,16,2237.6149510147293
SHADE,F19,17,2024.7599018303551
SHADE,F19,18,2253.2685911782683
SHADE,F19,19,2086.928157371752
SHADE,F19,20,2045.774182659084
SHADE,F19,21,9484.157191286762
SHADE,F19,22,2157.6744397152434
SHADE,F19,23,2008.2722756669016
SHADE,F19,24,2135.5603495995088
SHADE,F19,25,8195.564080188775
SHADE,F19,26,2051.622511914902
SHADE,F19,27,2182.34818424037
SHADE,F19,28,2083.2127862936377
SHADE,F19,29,1991.2619325802893
SHADE,F19,30,2239.811619014638
SHADE,F20,1,3231.067751462155
SHADE,F20,2,2989.628664009355
SHADE,F20,3,2499.051228244144
SHADE,F20,4,2702.5423790797204
SHADE,F20,5,3174.283061492972
SHADE,F20,6,2622.695580561286
SHADE,F20,7,2894.5802149709775
SHADE,F20,8,3013.354020619732
SHADE,F20,9,3011.2497322777663
SHADE,F20,10,2887.95987942945
SHADE,F20,11,2879.358712202111
SHADE,F20,12,2877.780110389629
SHADE,F20,13,2860.2883720691834
SHADE,F20,14,2614.215519114763
SHADE,F20,15,2639.8082621286685
SHADE,F20,16,3109.0872952969485
SHADE,F20,17,2949.1603757876364
SHADE,F20,18,3065.922374907049
SHADE,F20,19,2898.0752127060478
SHADE,F20,20,2547.5302626335283
SHADE,F20,21,2714.323208570824
SHADE,F20,22,3056.810191953956
SHADE,F20,23,3043.805402281678
SHADE,F20,24,2628.2449383525895
SHADE,F20,25,2696.5969609086287
SHADE,F20,26,2965.759852336268
SHADE,F20,27,3098.438772060708
SHADE,F20,28,3048.978991847058
SHADE,F20,29,2538.926671479495
SHADE,F20,30,2980.207054599453
SHADE,F21,1,2434.471948712882
SHADE,F21,2,2481.282331461729
SHADE,F21,3,2508.67547326138
SHADE,F21,4,2457.6983101179303
SHADE,F21,5,2445.200942878628
SHADE,F21,6,2486.8026634565936
SHADE,F21,7,2493.9498104112076
SHADE,F21,8,2455.892904618534
SHADE,F21,9,2469.072712438776
SHADE,F21,10,2461.8962079399193
SHADE,F21,11,2426.357459333499
SHADE,F21,12,2479.282343106973
SHADE,F21,13,2435.044503644164
SHADE,F21,14,2425.7198824510533
SHADE,F21,15,2456.6690085258583
SHADE,F21,16,2490.0330798343025
SHADE,F21,17,2449.507462088834
SHADE,F21,18,2486.6946605855424
SHADE,F21,19,2434.292175149868
SHADE,F21,20,2474.889555391141
SHADE,F21,21,2449.058116020202
SHADE,F21,22,2524.997196454745
SHADE,F21,23,2476.9056369774535
SHADE,F21,24,2456.860845694697
SHADE,F21,25,2444.8235229289917
SHADE,F21,26,2394.8228251548053
SHADE,F21,27,2485.1321062111574
SHADE,F21,28,2425.2817305857834
SHADE,F21,29,2493.168045431606
SHADE,F21,30,2482.7822160196147
SHADE,F22,1,2300.0071587074276
SHADE,F22,2,10297.98039252673
SHADE,F22,3,10012.777597203029
SHADE,F22,4,10752.366157584618
SHADE,F22,5,9637.074118417308
SHADE,F22,6,10034.208849725517
SHADE,F22,7,10099.957822367272
SHADE,F22,8,8435.495385890777
SHADE,F22,9,9261.939312259738
SHADE,F22,10,9160.759291931283
SHADE,F22,11,9742.032596702997
SHADE,F22,12,9954.921849607414
SHADE,F22,13,10004.842022480456
SHADE,F22,14,10139.122242120571
SHADE,F22,15,10074.150522114278
SHADE,F22,16,10405.511130652603
SHADE,F22,17,9534.549573821121
SHADE,F22,18,9787.848948858018
SHADE,F22,19,9939.751841207155
SHADE,F22,20,10244.30743637387
SHADE,F22,21,9882.039362578193
SHADE,F22,22,9884.519444629088
SHADE,F22,23,9653.858714085225
SHADE,F22,24,10356.057922845419
SHADE,F22,25,9756.797405275593
SHADE,F22,26,9952.199548697245
SHADE,F22,27,10549.851455541982
SHADE,F22,28,10120.168063738234
SHADE,F22,29,10769.213132460765
SHADE,F22,30,9500.748279058998
SHADE,F23,1,2881.5756255905244
SHADE,F23,2,2938.802887764167
SHADE,F23,3,2977.74791106726
SHADE,F23,4,2936.3431701545205
SHADE,F23,5,2992.3732025205027
SHADE,F23,6,2957.7480267887704
SHADE,F23,7,2994.805921070669
SHADE,F23,8,2990.1099863489762
SHADE,F23,9,2916.038803623669
SHADE,F23,10,2878.397984862945
SHADE,F23,11,2925.402543556818
SHADE,F23,12,2916.7537841297635
SHADE,F23,13,2877.134764504868
SHADE,F23,14,2989.926537512392
SHADE,F23,15,2948.152966782259
SHADE,F23,16,2950.6862842565824
SHADE,F23,17,2883.7552831183866
SHADE,F23,18,2943.7040970594776
SHADE,F23,19,2915.0364659215884
SHADE,F23,20,2996.6004721909844
SHADE,F23,21,2952.6867727961844
SHADE,F23,22,2967.987600327387
SHADE,F23,23,2940.739859567007
SHADE,F23,24,2927.890039055828
SHADE,F23,25,2931.213117630318
SHADE,F23,26,2996.472664783744
SHADE,F23,27,2998.902591996673
SHADE,F23,28,2899.2800786427442
SHADE,F23,29,2917.5419939640215
SHADE,F23,30,2937.1916872198535
SHADE,F24,1,3066.438259797702
SHADE,F24,2,3062.375602658477
SHADE,F24,3,3062.905937201767
SHADE,F24,4,3056.7779580401257
SHADE,F24,5,3051.149697485909
SHADE,F24,6,3038.9072076746834
SHADE,F24,7,3052.0763173916694
SHADE,F24,8,3139.290007903484
SHADE,F24,9,3069.9620493768743
SHADE,F24,10,3110.726924378989
SHADE,F24,11,3116.0268491914403
SHADE,F24,12,3040.9830655597843
SHADE,F24,13,3098.8022178536658
SHADE,F24,14,3067.346638766806
SHADE,F24,15,3104.2046229969314
SHADE,F24,16,3037.2593890077655
SHADE,F24,17,3134.509944471779
SHADE,F24,18,3089.390744401715
SHADE,F24,19,3100.6571648198174
SHADE,F24,20,3048.0190444383416
SHADE,F24,21,3112.4024760283983
SHADE,F24,22,3088.1535958644063
SHADE,F24,23,3093.25234310744
SHADE,F24,24,3073.065284483787
SHADE,F24,25,3029.771116720618
SHADE,F24,26,3120.86095367218
SHADE,F24,27,3083.041475317312
SHADE,F24,28,3071.9519093091158
SHADE,F24,29,3089.420243866861
SHADE,F24,30,3099.410602539302
SHADE,F25,1,3020.5022463449413
SHADE,F25,2,2962.649153176599
SHADE,F25,3,3068.4246256138954
SHADE,F25,4,3065.8847633332516
SHADE,F25,5,3027.874431958307
SHADE,F25,6,3031.4048276183694
SHADE,F25,7,3097.5589631369826
SHADE,F25,8,3102.3984205486418
SHADE,F25,9,3063.7391472655268
SHADE,F25,10,2983.8947249247835
SHADE,F25,11,3029.1888145171806
SHADE,F25,12,3060.3041772180095
SHADE,F25,13,3018.614370679111
SHADE,F25,14,3018.080867077923
SHADE,F25,15,3068.3998393430193
SHADE,F25,16,3068.3607054689405
SHADE,F25,17,3029.5430495919522
SHADE,F25,18,3027.499471360342
SHADE,F25,19,3083.0857227718716
SHADE,F25,20,3063.7729168300284
SHADE,F25,21,3082.5244202613267
SHADE,F25,22,3027.95703686497
SHADE,F25,23,3069.5428233727794
SHADE,F25,24,3025.099612613339
SHADE,F25,25,3096.3600991068693
SHADE,F25,26,3073.9168251669926
SHADE,F25,27,3028.9440412991303
SHADE,F25,28,2981.866546466615
SHADE,F25,29,3078.1034700512973
SHADE,F25,30,3030.257586726005
SHADE,F26,1,6121.031209840821
SHADE,F26,2,5389.657094095719
SHADE,F26,3,6259.503100458316
SHADE,F26,4,5330.374463785247
SHADE,F26,5,6447.934239714279
SHADE,F26,6,5881.962648284057
SHADE,F26,7,5342.329400053758
SHADE,F26,8,5527.174931072914
SHADE,F26,9,6453.028266478192
SHADE,F26,10,5317.124076555187
SHADE,F26,11,5687.959489651978
SHADE,F26,12,5626.895540070939
SHADE,F26,13,5949.674653286878
SHADE,F26,14,5779.096015238779
SHADE,F26,15,5773.29547998708
SHADE,F26,16,5506.538681777798
SHADE,F26,17,5532.160702129478
SHADE,F26,18,6020.183798541044
SHADE,F26,19,5921.209466778703
SHADE,F26,20,5523.884342367266
SHADE,F26,21,5830.107965137434
SHADE,F26,22,5349.205834196431
SHADE,F26,23,5342.7242399629
SHADE,F26,24,5319.108529293065
SHADE,F26,25,5401.195946117885
SHADE,F26,26,5806.179039556991
SHADE,F26,27,5759.87298929094
SHADE,F26,28,6326.391664851574
SHADE,F26,29,6245.080538466413
SHADE,F26,30,5519.372326740924
SHADE,F27,1,3432.307343452666
SHADE,F27,2,3337.4137744224918
SHADE,F27,3,3390.2337845900915
SHADE,F27,4,3306.6166517635647
SHADE,F27,5,3490.1961867438426
SHADE,F27,6,3303.1792735699473
SHADE,F27,7,3308.2606338528954
SHADE,F27,8,3360.7635920335924
SHADE,F27,9,3278.53312141872
SHADE,F27,10,3299.7331714089914
SHADE,F27,11,3368.2336551373896
SHADE,F27,12,3280.528270913187
SHADE,F27,13,3423.457815937708
SHADE,F27,14,3350.2634072377414
SHADE,F27,15,3271.8345600563143
SHADE,F27,16,3392.6481770374194
SHADE,F27,17,3338.055764368012
SHADE,F27,18,3292.1582309552223
SHADE,F27,19,3352.375140867205
SHADE,F27,20,3385.6930966697937
SHADE,F27,21,3405.615817678167
SHADE,F27,22,3317.41758004577
SHADE,F27,23,3295.1049124453107
SHADE,F27,24,3404.2576158069737
SHADE,F27,25,3263.315089668461
SHADE,F27,26,3311.947275337382
SHADE,F27,27,3382.4446094131736
SHADE,F27,28,3397.3356471390907
SHADE,F27,29,3301.804876941386
SHADE,F27,30,3452.3228517615626
SHADE,F28,1,3280.617105682067
SHADE,F28,2,3294.31604136464
SHADE,F28,3,3299.5057790227575
SHADE,F28,4,3315.639319085665
SHADE,F28,5,3299.4292249941304
SHADE,F28,6,3316.497143330825
SHADE,F28,7,3311.5115121974195
SHADE,F28,8,3300.1309880757562
SHADE,F28,9,3313.7954166490017
SHADE,F28,10,3297.6917355124087
SHADE,F28,11,3308.1052272641805
SHADE,F28,12,3293.8903620871665
SHADE,F28,13,3322.671202131263
SHADE,F28,14,3328.4616225532463
SHADE,F28,15,3330.581166400769
SHADE,F28,16,3308.0092144741498
SHADE,F28,17,3314.408021289075
SHADE,F28,18,3303.7885098571337
SHADE,F28,19,3286.170589670708
SHADE,F28,20,3316.4411593441137
SHADE,F28,21,3309.9130036008723
SHADE,F28,22,3309.852080729318
SHADE,F28,23,3308.2160431331954
SHADE,F28,24,3307.9744769143863
SHADE,F28,25,3307.9807680182494
SHADE,F28,26,3308.1954297919756
SHADE,F28,27,3296.555089902017
SHADE,F28,28,3301.2190060547005
SHADE,F28,29,3306.3209313285183
SHADE,F28,30,3320.7100621246527
SHADE,F29,1,4200.1973300860045
SHADE,F29,2,3647.055643971084
SHADE,F29,3,3790.592915527258
SHADE,F29,4,3779.2258885385268
SHADE,F29,5,3915.7989343309546
SHADE,F29,6,4070.0676787402735
SHADE,F29,7,3958.3226299278763
SHADE,F29,8,3966.1813694106154
SHADE,F29,9,4012.267312410054
SHADE,F29,10,4015.342858825996
SHADE,F29,11,3888.631376669771
SHADE,F29,12,3804.644654003232
SHADE,F29,13,4287.634017661176
SHADE,F29,14,3938.5358474460004
SHADE,F29,15,4124.088017070932
SHADE,F29,16,4278.8824827321405
SHADE,F29,17,3892.959530325422
SHADE,F29,18,3696.9967451422917
SHADE,F29,19,3872.3986125206325
SHADE,F29,20,3749.849789884791
SHADE,F29,21,4321.6961872596075
SHADE,F29,22,3853.6837842632985
SHADE,F29,23,3893.3924355210834
SHADE,F29,24,3527.089210196749
SHADE,F29,25,4144.107319380284
SHADE,F29,26,3916.3008296986613
SHADE,F29,27,4291.638879131486
SHADE,F29,28,4025.238716079793
SHADE,F29,29,4059.7102961251494
SHADE,F29,30,3941.610115067214
SHADE,F30,1,633335.4789879622
SHADE,F30,2,895555.0812149001
SHADE,F30,3,593229.2128153368
SHADE,F30,4,814206.3919488392
SHADE,F30,5,625148.1001650171
SHADE,F30,6,1129881.8891804665
SHADE,F30,7,771863.3216452764
SHADE,F30,8,940650.054566479
SHADE,F30,9,878946.0002945081
SHADE,F30,10,768709.9422468334
SHADE,F30,11,698152.0348654491
SHADE,F30,12,678395.2770799157
SHADE,F30,13,712636.9920231195
SHADE,F30,14,1087026.206640135
SHADE,F30,15,693067.2693608159
SHADE,F30,16,991215.1998781145
SHADE,F30,17,885554.7085378619
SHADE,F30,18,802611.1707024187
SHADE,F30,19,944470.6483753095
SHADE,F30,20,865795.4201004481
SHADE,F30,21,649725.6033012562
SHADE,F30,22,1026634.6050062412
SHADE,F30,23,764181.3021108838
SHADE,F30,24,950724.9726714501
SHADE,F30,25,762065.7048011841
SHADE,F30,26,814637.0149426738
SHADE,F30,27,1063312.328230359
SHADE,F30,28,1609414.081101624
SHADE,F30,29,1065227.3033162435
SHADE,F30,30,1136622.2714505573
LSHADE,F1,1,56661485451.451584
LSHADE,F1,2,56812696154.8399
LSHADE,F1,3,55460329168.34853
LSHADE,F1,4,41442408802.37632
LSHADE,F1,5,52902243010.216866
LSHADE,F1,6,34397548817.87503
LSHADE,F1,7,57693512095.66645
LSHADE,F1,8,52434990897.64011
LSHADE,F1,9,52241200125.6622
LSHADE,F1,10,47034960065.96636
LSHADE,F1,11,51661616415.695175
LSHADE,F1,12,63537839146.671394
LSHADE,F1,13,57353555813.46323
LSHADE,F1,14,56153950549.028076
LSHADE,F1,15,50743506209.55248
LSHADE,F1,16,51442389882.28235
LSHADE,F1,17,57850791915.693016
LSHADE,F1,18,59973497241.07086
LSHADE,F1,19,56881330762.99926
LSHADE,F1,20,45102345594.4086
LSHADE,F1,21,45273948252.603004
LSHADE,F1,22,46669297626.28682
LSHADE,F1,23,55295003416.19229
LSHADE,F1,24,47018354164.73592
LSHADE,F1,25,59488821542.4962
LSHADE,F1,26,47765881408.08354
LSHADE,F1,27,40046153593.96742
LSHADE,F1,28,56655502748.91954
LSHADE,F1,29,50964476071.235405
LSHADE,F1,30,51949374705.78021
LSHADE,F3,1,256177.74665541368
LSHADE,F3,2,196470.38872535757
LSHADE,F3,3,200162.02534552876
LSHADE,F3,4,139979.6460353117
LSHADE,F3,5,198262.42817672508
LSHADE,F3,6,204215.7944142746
LSHADE,F3,7,185133.03511245426
LSHADE,F3,8,221231.48127294818
LSHADE,F3,9,201956.81934298447
LSHADE,F3,10,206072.61475993387
LSHADE,F3,11,159499.3910649949
LSHADE,F3,12,201402.13743200153
LSHADE,F3,13,163704.74700803705
LSHADE,F3,14,199283.35899443936
LSHADE,F3,15,264861.31466448493
LSHADE,F3,16,183965.54284330213
LSHADE,F3,17,218237.27654440422
LSHADE,F3,18,157903.66865273268
LSHADE,F3,19,229026.89684172036
LSHADE,F3,20,164248.1879155234
LSHADE,F3,21,184543.99732647266
LSHADE,F3,22,184895.6334068435
LSHADE,F3,23,159536.25666047598
LSHADE,F3,24,193617.0733518426
LSHADE,F3,25,172452.70807904648
LSHADE,F3,26,214757.46211723305
LSHADE,F3,27,213749.2774771358
LSHADE,F3,28,180302.0021431343
LSHADE,F3,29,226900.87952833108
LSHADE,F3,30,167969.7411261789
LSHADE,F4,1,13803.180542421009
LSHADE,F4,2,12973.835153626294
LSHADE,F4,3,15931.18035237932
LSHADE,F4,4,10944.67897700856
LSHADE,F4,5,11736.731602614509
LSHADE,F4,6,15285.85192699224
LSHADE,F4,7,14229.48182767403
LSHADE,F4,8,10938.816602232164
LSHADE,F4,9,9055.603154425427
LSHADE,F4,10,8493.209601072234
LSHADE,F4,11,14359.62864032504
LSHADE,F4,12,14219.91873882863
LSHADE,F4,13,9795.17471104648
LSHADE,F4,14,11464.931691973365
LSHADE,F4,15,10647.501402269903
LSHADE,F4,16,12292.326654296068
LSHADE,F4,17,8438.847407745398
LSHADE,F4,18,12815.839650074788
LSHADE,F4,19,12361.657127812396
LSHADE,F4,20,14001.395662100429
LSHADE,F4,21,13488.798189635034
LSHADE,F4,22,12203.027473180264
LSHADE,F4,23,17049.300282490392
LSHADE,F4,24,12356.733205337863
LSHADE,F4,25,11695.35991819407
LSHADE,F4,26,7739.8727383575315
LSHADE,F4,27,10009.23267014154
LSHADE,F4,28,11225.993456398564
LSHADE,F4,29,14828.916398034553
LSHADE,F4,30,11580.32170794038
LSHADE,F5,1,1087.734877883213
LSHADE,F5,2,1112.2761273256622
LSHADE,F5,3,1092.4230831513128
LSHADE,F5,4,1076.5491986097063
LSHADE,F5,5,1031.3130371339444
LSHADE,F5,6,1082.7594642905606
LSHADE,F5,7,1072.4997878105323
LSHADE,F5,8,1055.7827514420524
LSHADE,F5,9,991.3600746234558
LSHADE,F5,10,1155.516119968848
LSHADE,F5,11,1023.745861624188
LSHADE,F5,12,1059.9007327091072
LSHADE,F5,13,1009.6980472987505
LSHADE,F5,14,1101.55711643696
LSHADE,F5,15,1083.621588631143
LSHADE,F5,16,1106.5594883911995
LSHADE,F5,17,1049.3493474087875
LSHADE,F5,18,1107.3044329644508
LSHADE,F5,19,1105.683130354596
LSHADE,F5,20,1082.8042285910453
LSHADE,F5,21,1102.1965195874009
LSHADE,F5,22,1111.5185565512304
LSHADE,F5,23,1065.4356476251353
LSHADE,F5,24,1109.5629210325128
LSHADE,F5,25,1096.737891045487
LSHADE,F5,26,1075.8119489506867
LSHADE,F5,27,1042.3880862394549
LSHADE,F5,28,997.7200308158042
LSHADE,F5,29,1058.8416051212
LSHADE,F5,30,1080.9478406920925
LSHADE,F6,1,671.8463454051549
LSHADE,F6,2,682.0314254594913
LSHADE,F6,3,673.2635709450951
LSHADE,F6,4,676.0736477847748
LSHADE,F6,5,679.6913012342198
LSHADE,F6,6,685.8403088974236
LSHADE,F6,7,676.3264507299809
LSHADE,F6,8,666.664091114417
LSHADE,F6,9,686.0772156835856
LSHADE,F6,10,681.2712400485996
LSHADE,F6,11,677.1269104587643
LSHADE,F6,12,679.4446226088323
LSHADE,F6,13,677.8768378175828
LSHADE,F6,14,678.7967228864984
LSHADE,F6,15,673.4163770235007
LSHADE,F6,16,680.2359151660737
LSHADE,F6,17,670.4835564400837
LSHADE,F6,18,674.7643867018428
LSHADE,F6,19,685.1037437460506
LSHADE,F6,20,671.2997875577291
LSHADE,F6,21,683.7929805639526
LSHADE,F6,22,672.2278231157368
LSHADE,F6,23,686.2928860540279
LSHADE,F6,24,678.7807752099403
LSHADE,F6,25,667.849271577769
LSHADE,F6,26,677.8891534544133
LSHADE,F6,27,682.7572013812402
LSHADE,F6,28,673.7833780444159
LSHADE,F6,29,683.139510543964
LSHADE,F6,30,683.4690867182911
LSHADE,F7,1,1719.721669236856
LSHADE,F7,2,1803.599784489797
LSHADE,F7,3,1821.1944351965235
LSHADE,F7,4,1857.33685846039
LSHADE,F7,5,1882.9669750084201
LSHADE,F7,6,1850.4093753919685
LSHADE,F7,7,1747.040006316733
LSHADE,F7,8,2024.2741620390411
LSHADE,F7,9,1873.1110862071894
LSHADE,F7,10,2037.7005543798043
LSHADE,F7,11,1830.6259911795146
LSHADE,F7,12,1985.4532738798316
LSHADE,F7,13,1871.7825351222862
LSHADE,F7,14,1691.7413928122817
LSHADE,F7,15,2016.050191965433
LSHADE,F7,16,1892.3769216105325
LSHADE,F7,17,1886.3800514438813
LSHADE,F7,18,1811.8035528638206
LSHADE,F7,19,1878.304157066159
LSHADE,F7,20,1859.5680209298864
LSHADE,F7,21,1958.462581369343
LSHADE,F7,22,1675.9208161399415
LSHADE,F7,23,1845.7709876998847
LSHADE,F7,24,1761.0983839879655
LSHADE,F7,25,1874.9791907778435
LSHADE,F7,26,1814.3302876232005
LSHADE,F7,27,1950.4045778458942
LSHADE,F7,28,1886.823048055665
LSHADE,F7,29,1958.4615881385198
LSHADE,F7,30,1871.2803568292566
LSHADE,F8,1,1352.5459215991195
LSHADE,F8,2,1417.1232694404598
LSHADE,F8,3,1408.8221138333292
LSHADE,F8,4,1404.1577564377612
LSHADE,F8,5,1323.5048254453716
LSHADE,F8,6,1342.91223100031
LSHADE,F8,7,1402.7052971891749
LSHADE,F8,8,1343.9024080492545
LSHADE,F8,9,1393.7981116993774
LSHADE,F8,10,1354.123673268346
LSHADE,F8,11,1374.7627461496604
LSHADE,F8,12,1403.3134576727366
LSHADE,F8,13,1278.113749613934
LSHADE,F8,14,1352.9317215737774
LSHADE,F8,15,1413.8921560135625
LSHADE,F8,16,1414.7080367638482
LSHADE,F8,17,1400.878573785114
LSHADE,F8,18,1397.7436707393103
LSHADE,F8,19,1360.5130802392518
LSHADE,F8,20,1384.227903918108
LSHADE,F8,21,1388.1147515354114
LSHADE,F8,22,1384.6535852097145
LSHADE,F8,23,1420.597309925098
LSHADE,F8,24,1399.29538846592
LSHADE,F8,25,1376.0579508050776
LSHADE,F8,26,1383.3896227642563
LSHADE,F8,27,1382.547779216416
LSHADE,F8,28,1374.6191676540534
LSHADE,F8,29,1309.2524965431296
LSHADE,F8,30,1345.2965518676142
LSHADE,F9,1,27874.71791790327
LSHADE,F9,2,31791.444635100852
LSHADE,F9,3,32237.178805869156
LSHADE,F9,4,26963.696783121166
LSHADE,F9,5,32388.153452414328
LSHADE,F9,6,32034.800950386434
LSHADE,F9,7,27177.5222947263
LSHADE,F9,8,30526.390674513954
LSHADE,F9,9,29715.449007405474
LSHADE,F9,10,30940.888556412865
LSHADE,F9,11,26604.937026023617
LSHADE,F9,12,29954.131788885028
LSHADE,F9,13,19969.92888013988
LSHADE,F9,14,31539.324338274153
LSHADE,F9,15,37670.255630712396
LSHADE,F9,16,24189.99320267669
LSHADE,F9,17,21263.10226617085
LSHADE,F9,18,25062.341005618957
LSHADE,F9,19,27841.97992107218
LSHADE,F9,20,29264.7994149243
LSHADE,F9,21,28105.403378234845
LSHADE,F9,22,29567.423143784963
LSHADE,F9,23,24359.167125598946
LSHADE,F9,24,25146.610124668838
LSHADE,F9,25,31404.497944780036
LSHADE,F9,26,30231.75195173413
LSHADE,F9,27,30111.18274134688
LSHADE,F9,28,26631.580106636295
LSHADE,F9,29,27027.568013876215
LSHADE,F9,30,27547.96753109708
LSHADE,F10,1,14741.896400067242
LSHADE,F10,2,15267.320828978885
LSHADE,F10,3,15251.036842601065
LSHADE,F10,4,13998.994742471306
LSHADE,F10,5,15431.911252588035
LSHADE,F10,6,13366.154080161543
LSHADE,F10,7,12570.815862411406
LSHADE,F10,8,14234.608169739702
LSHADE,F10,9,13268.98673243041
LSHADE,F10,10,15605.179265500366
LSHADE,F10,11,15123.674759880249
LSHADE,F10,12,14713.8127492071
LSHADE,F10,13,13892.01345278817
LSHADE,F10,14,13779.031950405486
LSHADE,F10,15,15141.84663257012
LSHADE,F10,16,14350.000759987759
LSHADE,F10,17,13909.039158744587
LSHADE,F10,18,14848.757669541628
LSHADE,F10,19,15574.82945595662
LSHADE,F10,20,14229.556124995876
LSHADE,F10,21,12863.81420057125
LSHADE,F10,22,13682.018961811404
LSHADE,F10,23,14687.19513715387
LSHADE,F10,24,15562.788466719516
LSHADE,F10,25,12926.479183690766
LSHADE,F10,26,14656.610529488877
LSHADE,F10,27,12687.13487859625
LSHADE,F10,28,12882.809016883071
LSHADE,F10,29,14502.498581062719
LSHADE,F10,30,14012.238753378751
LSHADE,F11,1,15133.775193435546
LSHADE,F11,2,18326.375578486786
LSHADE,F11,3,16527.193196136002
LSHADE,F11,4,11642.080032864606
LSHADE,F11,5,19567.27076402169
LSHADE,F11,6,16959.497826004575
LSHADE,F11,7,16643.523035298203
LSHADE,F11,8,14863.540100084421
LSHADE,F11,9,14013.619911441738
LSHADE,F11,10,11808.99584361546
LSHADE,F11,11,19546.489501073993
LSHADE,F11,12,22842.63453510846
LSHADE,F11,13,15471.912794169844
LSHADE,F11,14,18306.195629389596
LSHADE,F11,15,14589.481137483865
LSHADE,F11,16,13035.222207637204
LSHADE,F11,17,17117.458118903905
LSHADE,F11,18,16878.851305553755
LSHADE,F11,19,17269.678004498004
LSHADE,F11,20,17917.931995204835
LSHADE,F11,21,25757.035804746683
LSHADE,F11,22,19311.308747703533
LSHADE,F11,23,18243.65409707015
LSHADE,F11,24,22649.69331410925
LSHADE,F11,25,11470.016748968495
LSHADE,F11,26,16883.1169739671
LSHADE,F11,27,15016.215085404943
LSHADE,F11,28,12494.900943400451
LSHADE,F11,29,16279.381758787824
LSHADE,F11,30,18580.24019449318
LSHADE,F12,1,16459057478.273228
LSHADE,F12,2,14562565866.32712
LSHADE,F12,3,18321947518.34348
LSHADE,F12,4,17697225685.95434
LSHADE,F12,5,16977520925.657883
LSHADE,F12,6,5796810414.215029
LSHADE,F12,7,16189139447.930107
LSHADE,F12,8,18139238852.571083
LSHADE,F12,9,15961265163.105999
LSHADE,F12,10,14009448675.058838
LSHADE,F12,11,16923855868.806635
LSHADE,F12,12,14433379522.030056
LSHADE,F12,13,12872764760.271812
LSHADE,F12,14,12595708296.077263
LSHADE,F12,15,10135279219.123463
LSHADE,F12,16,17607167902.943592
LSHADE,F12,17,14144053544.173916
LSHADE,F12,18,10040406162.851122
LSHADE,F12,19,15759866996.06313
LSHADE,F12,20,19354980736.763775
LSHADE,F12,21,10136515932.117146
LSHADE,F12,22,19944745404.036247
LSHADE,F12,23,15833600248.947815
LSHADE,F12,24,19111389590.457497
LSHADE,F12,25,18071252980.788322
LSHADE,F12,26,23472829491.50522
LSHADE,F12,27,8986373621.57136
LSHADE,F12,28,14679621850.662548
LSHADE,F12,29,11576048883.961782
LSHADE,F12,30,18799777818.175354
LSHADE,F13,1,2559130145.35755
LSHADE,F13,2,2455592602.7631984
LSHADE,F13,3,3639961637.198275
LSHADE,F13,4,4578828284.04935
LSHADE,F13,5,3891512181.7191277
LSHADE,F13,6,1932421574.0159366
LSHADE,F13,7,5846846927.276489
LSHADE,F13,8,3786101215.900826
LSHADE,F13,9,3943854653.99067
LSHADE,F13,10,2424542058.612345
LSHADE,F13,11,5998285107.29045
LSHADE,F13,12,6112948430.510851
LSHADE,F13,13,2191737162.1424313
LSHADE,F13,14,3695104514.0404654
LSHADE,F13,15,1384163910.783516
LSHADE,F13,16,4465115389.628815
LSHADE,F13,17,4474326500.126525
LSHADE,F13,18,4175593512.064271
LSHADE,F13,19,6448037959.713366
LSHADE,F13,20,3733797700.8879733
LSHADE,F13,21,5480121650.170616
LSHADE,F13,22,5670773454.858112
LSHADE,F13,23,1396837900.462954
LSHADE,F13,24,1029769897.6763512
LSHADE,F13,25,2917820920.639831
LSHADE,F13,26,4673751108.612686
LSHADE,F13,27,3189274564.3193665
LSHADE,F13,28,5181934345.415336
LSHADE,F13,29,2725741041.8212333
LSHADE,F13,30,4012431526.9986453
LSHADE,F14,1,2918060.6127965976
LSHADE,F14,2,4250177.495762028
LSHADE,F14,3,6147201.367481319
LSHADE,F14,4,3058168.424179488
LSHADE,F14,5,4430235.117528521
LSHADE,F14,6,7305496.05138129
LSHADE,F14,7,7386461.2202612795
LSHADE,F14,8,9905133.345081838
LSHADE,F14,9,10726978.930826616
LSHADE,F14,10,6831385.875806044
LSHADE,F14,11,1451800.1337806787
LSHADE,F14,12,2887019.7623070404
LSHADE,F14,13,4615464.301938217
LSHADE,F14,14,4595122.156773872
LSHADE,F14,15,4156911.9890229385
LSHADE,F14,16,2932782.996462975
LSHADE,F14,17,5917689.804646709
LSHADE,F14,18,1954673.482583042
LSHADE,F14,19,5868148.941864448
LSHADE,F14,20,4595113.795588657
LSHADE,F14,21,3670583.2116205026
LSHADE,F14,22,3513587.351312807
LSHADE,F14,23,7613200.325614885
LSHADE,F14,24,5094999.752537514
LSHADE,F14,25,3266929.7293591336
LSHADE,F14,26,4021009.9310291717
LSHADE,F14,27,2924920.247590478
LSHADE,F14,28,2242513.690872523
LSHADE,F14,29,5516950.057747181
LSHADE,F14,30,2342814.054728473
LSHADE,F15,1,581788161.3992414
LSHADE,F15,2,1092410170.9693074
LSHADE,F15,3,566052201.629885
LSHADE,F15,4,679275825.085397
LSHADE,F15,5,705998206.623849
LSHADE,F15,6,449894525.8701375
LSHADE,F15,7,631315920.7033825
LSHADE,F15,8,191962581.78071186
LSHADE,F15,9,893964211.0112184
LSHADE,F15,10,440880678.7860493
LSHADE,F15,11,137819970.6982653
LSHADE,F15,12,563599514.0436854
LSHADE,F15,13,731909655.2059257
LSHADE,F15,14,407695918.02885646
LSHADE,F15,15,317482960.9994943
LSHADE,F15,16,671317832.5797733
LSHADE,F15,17,615638286.5452776
LSHADE,F15,18,983266409.8247392
LSHADE,F15,19,486441490.2800591
LSHADE,F15,20,991259147.506411
LSHADE,F15,21,756950562.863172
LSHADE,F15,22,273121191.8392458
LSHADE,F15,23,616360939.9639554
LSHADE,F15,24,895467359.3664943
LSHADE,F15,25,680309174.3621374
LSHADE,F15,26,1271779051.617629
LSHADE,F15,27,1693269967.1228447
LSHADE,F15,28,456787445.2089374
LSHADE,F15,29,649205053.1381587
LSHADE,F15,30,1057034974.0046042
LSHADE,F16,1,5943.402079354695
LSHADE,F16,2,6121.917866961214
LSHADE,F16,3,5857.032968303746
LSHADE,F16,4,5627.000659090657
LSHADE,F16,5,6077.352354047063
LSHADE,F16,6,6105.3392373245115
LSHADE,F16,7,5902.525323205153
LSHADE,F16,8,5520.760042366626
LSHADE,F16,9,5824.132476709829
LSHADE,F16,10,5561.849782240661
LSHADE,F16,11,6179.826850664729
LSHADE,F16,12,5806.789662415465
LSHADE,F16,13,6133.260606115502
LSHADE,F16,14,6028.207763469481
LSHADE,F16,15,6152.956825055453
LSHADE,F16,16,6188.096710087966
LSHADE,F16,17,5966.863909827874
LSHADE,F16,18,5804.716819569754
LSHADE,F16,19,5651.026205283449
LSHADE,F16,20,5578.884688057718
LSHADE,F16,21,5752.902234064744
LSHADE,F16,22,5755.474419804759
LSHADE,F16,23,5968.274372967279
LSHADE,F16,24,5716.957157841154
LSHADE,F16,25,4406.70960234906
LSHADE,F16,26,5646.861985451723
LSHADE,F16,27,6423.114313841029
LSHADE,F16,28,5854.766181224377
LSHADE,F16,29,5939.651657342611
LSHADE,F16,30,5298.176110277168
LSHADE,F17,1,4922.654581995879
LSHADE,F17,2,4798.744211021982
LSHADE,F17,3,4866.672398726284
LSHADE,F17,4,5151.649327662699
LSHADE,F17,5,4393.516281865483
LSHADE,F17,6,4661.992242813508
LSHADE,F17,7,4401.848887112063
LSHADE,F17,8,4770.224650859092
LSHADE,F17,9,5126.807480743239
LSHADE,F17,10,5041.298134362238
LSHADE,F17,11,4578.89714665331
LSHADE,F17,12,4677.976242505525
LSHADE,F17,13,4840.654294739747
LSHADE,F17,14,4758.288871469704
LSHADE,F17,15,4787.217014035958
LSHADE,F17,16,5061.444236871329
LSHADE,F17,17,4863.079665327263
LSHADE,F17,18,4632.676645677768
LSHADE,F17,19,5069.468786349442
LSHADE,F17,20,4885.069672243314
LSHADE,F17,21,4374.0769533984485
LSHADE,F17,22,4250.994922324102
LSHADE,F17,23,4435.856136856078
LSHADE,F17,24,5244.125456863376
LSHADE,F17,25,4507.904687745042
LSHADE,F17,26,5031.761023059782
LSHADE,F17,27,4978.980150761488
LSHADE,F17,28,4203.401608995682
LSHADE,F17,29,5327.43945173292
LSHADE,F17,30,4662.663638235659
LSHADE,F18,1,20724391.522728816
LSHADE,F18,2,30632887.126618043
LSHADE,F18,3,27811547.274912518
LSHADE,F18,4,13763108.14664343
LSHADE,F18,5,36291793.320792735
LSHADE,F18,6,36101985.3463544
LSHADE,F18,7,3385912.7748294836
LSHADE,F18,8,21538665.65230584
LSHADE,F18,9,23020987.769796763
LSHADE,F18,10,20515975.687886477
LSHADE,F18,11,12133230.08875035
LSHADE,F18,12,19004262.274299216
LSHADE,F18,13,7195161.394503259
LSHADE,F18,14,27559618.09749911
LSHADE,F18,15,29537570.307550363
LSHADE,F18,16,31863270.37632963
LSHADE,F18,17,27695362.16594255
LSHADE,F18,18,9464808.95219482
LSHADE,F18,19,17015305.07133329
LSHADE,F18,20,1551284.8575490303
LSHADE,F18,21,14515737.269739643
LSHADE,F18,22,26459381.813611876
LSHADE,F18,23,25121571.489464004
LSHADE,F18,24,33656939.713347666
LSHADE,F18,25,27085455.51756765
LSHADE,F18,26,11175991.526841983
LSHADE,F18,27,8957159.004479684
LSHADE,F18,28,15856048.584112514
LSHADE,F18,29,31097679.38194986
LSHADE,F18,30,25556286.71607241
LSHADE,F19,1,286689948.5897922
LSHADE,F19,2,113629356.25278632
LSHADE,F19,3,193789886.37225798
LSHADE,F19,4,277052850.0500721
LSHADE,F19,5,71479102.37552972
LSHADE,F19,6,153125828.1721977
LSHADE,F19,7,360638726.75615084
LSHADE,F19,8,251143184.92082003
LSHADE,F19,9,83189958.61547834
LSHADE,F19,10,218453460.14604995
LSHADE,F19,11,20614640.260205764
LSHADE,F19,12,228358186.02417088
LSHADE,F19,13,109477839.61112705
LSHADE,F19,14,57927347.91586359
LSHADE,F19,15,138921010.48780084
LSHADE,F19,16,124197126.41032371
LSHADE,F19,17,217062315.5982676
LSHADE,F19,18,130464825.57628107
LSHADE,F19,19,311762006.94087565
LSHADE,F19,20,130054330.0843052
LSHADE,F19,21,371799485.0427834
LSHADE,F19,22,250956264.82867843
LSHADE,F19,23,234308297.14463198
LSHADE,F19,24,159895237.44307733
LSHADE,F19,25,170762171.7738517
LSHADE,F19,26,193863971.15635616
LSHADE,F19,27,180158650.52262148
LSHADE,F19,28,160643037.12081054
LSHADE,F19,29,357650730.50603855
LSHADE,F19,30,41288961.03136109
LSHADE,F20,1,3894.3059699833275
LSHADE,F20,2,4267.887920600136
LSHADE,F20,3,3510.494223813581
LSHADE,F20,4,4213.171349177272
LSHADE,F20,5,4327.061044758313
LSHADE,F20,6,4136.063478330661
LSHADE,F20,7,4077.93805780487
LSHADE,F20,8,4200.782027122671
LSHADE,F20,9,3914.4493939257545
LSHADE,F20,10,3731.0863706851414
LSHADE,F20,11,4021.505129975772
LSHADE,F20,12,4134.617519405387
LSHADE,F20,13,4248.82213057455
LSHADE,F20,14,3997.391500758406
LSHADE,F20,15,3845.2720200384547
LSHADE,F20,16,4190.632727335374
LSHADE,F20,17,4191.105332511401
LSHADE,F20,18,4228.408677412056
LSHADE,F20,19,3815.1463427376348
LSHADE,F20,20,4122.585627955243
LSHADE,F20,21,4123.666031165405
LSHADE,F20,22,3792.618166667503
LSHADE,F20,23,4386.098781170445
LSHADE,F20,24,4119.551591890202
LSHADE,F20,25,3878.2963267452224
LSHADE,F20,26,4418.668651793712
LSHADE,F20,27,4082.990693532164
LSHADE,F20,28,4095.5403893725124
LSHADE,F20,29,3948.3820714554668
LSHADE,F20,30,4049.4305638760793
LSHADE,F21,1,2879.7140161050525
LSHADE,F21,2,2866.065091004789
LSHADE,F21,3,2830.471600548545
LSHADE,F21,4,2857.614307609959
LSHADE,F21,5,2873.5625992261675
LSHADE,F21,6,2883.8957804187567
LSHADE,F21,7,2855.2177480613623
LSHADE,F21,8,2961.2082433499295
LSHADE,F21,9,2902.8187965845714
LSHADE,F21,10,2959.5994515650746
LSHADE,F21,11,2884.7399415032487
LSHADE,F21,12,2853.9607982349585
LSHADE,F21,13,2915.2379206369524
LSHADE,F21,14,2828.3542633753605
LSHADE,F21,15,2911.483327948249
LSHADE,F21,16,2907.636206946327
LSHADE,F21,17,2885.6273889974937
LSHADE,F21,18,2925.6649071213087
LSHADE,F21,19,2915.4397081825646
LSHADE,F21,20,2911.1624200881815
LSHADE,F21,21,2899.548284700293
LSHADE,F21,22,2924.2392907853996
LSHADE,F21,23,2859.99062278747
LSHADE,F21,24,2870.1710564977902
LSHADE,F21,25,2876.2693977229023
LSHADE,F21,26,2974.490805803294
LSHADE,F21,27,2849.476273049623
LSHADE,F21,28,2907.433182167997
LSHADE,F21,29,2897.5436253770076
LSHADE,F21,30,2926.284635214387
LSHADE,F22,1,14682.859269827828
LSHADE,F22,2,15397.722995774813
LSHADE,F22,3,15475.496280496129
LSHADE,F22,4,15407.649814588978
LSHADE,F22,5,15077.009996589046
LSHADE,F22,6,16898.719459267704
LSHADE,F22,7,16814.248543824084
LSHADE,F22,8,16546.628292943577
LSHADE,F22,9,15812.9825167686
LSHADE,F22,10,16254.482934531368
LSHADE,F22,11,15582.527064598624
LSHADE,F22,12,16520.727807229596
LSHADE,F22,13,16515.902191993606
LSHADE,F22,14,15934.23133010555
LSHADE,F22,15,16266.73755992521
LSHADE,F22,16,16443.94852383872
LSHADE,F22,17,16829.032025922592
LSHADE,F22,18,15558.85380690306
LSHADE,F22,19,15707.295181740803
LSHADE,F22,20,15559.423759229605
LSHADE,F22,21,16525.349845073775
LSHADE,F22,22,15965.698693990555
LSHADE,F22,23,16147.962328001853
LSHADE,F22,24,16362.493274722498
LSHADE,F22,25,14459.518480990284
LSHADE,F22,26,16156.36384183996
LSHADE,F22,27,16693.810245353234
LSHADE,F22,28,16321.397250540334
LSHADE,F22,29,16258.562968982586
LSHADE,F22,30,16357.575391736125
LSHADE,F23,1,3561.8840557380404
LSHADE,F23,2,3536.5407769840194
LSHADE,F23,3,3533.233937294517
LSHADE,F23,4,3608.93256002403
LSHADE,F23,5,3610.0522975256076
LSHADE,F23,6,3604.593638587562
LSHADE,F23,7,3646.5927477429705
LSHADE,F23,8,3620.878166382616
LSHADE,F23,9,3584.7777521035614
LSHADE,F23,10,3578.7534854355736
LSHADE,F23,11,3571.260035541637
LSHADE,F23,12,3631.7593813128374
LSHADE,F23,13,3594.218230553929
LSHADE,F23,14,3591.563320019942
LSHADE,F23,15,3736.0450583474085
LSHADE,F23,16,3579.5236102269364
LSHADE,F23,17,3597.8204497414667
LSHADE,F23,18,3543.1777469760573
LSHADE,F23,19,3588.737882602164
LSHADE,F23,20,3678.4439218350317
LSHADE,F23,21,3630.1384561345403
LSHADE,F23,22,3352.8639752082017
LSHADE,F23,23,3625.0195259075654
LSHADE,F23,24,3599.9768095835216
LSHADE,F23,25,3518.4785021942816
LSHADE,F23,26,3397.6139776854975
LSHADE,F23,27,3576.6839089389964
LSHADE,F23,28,3628.1365210593613
LSHADE,F23,29,3647.313608144955
LSHADE,F23,30,3580.4801653506715
LSHADE,F24,1,3682.0629432204364
LSHADE,F24,2,3730.770275756108
LSHADE,F24,3,3742.180270295575
LSHADE,F24,4,3766.283345514201
LSHADE,F24,5,3786.764697523042
LSHADE,F24,6,3718.9415206180215
LSHADE,F24,7,3825.19331761863
LSHADE,F24,8,3741.208810951416
LSHADE,F24,9,3732.070368349422
LSHADE,F24,10,3592.6547951622515
LSHADE,F24,11,3602.2882994493657
LSHADE,F24,12,3698.9873955340677
LSHADE,F24,13,3686.156002312555
LSHADE,F24,14,3727.488576959305
LSHADE,F24,15,3756.672884333062
LSHADE,F24,16,3817.20530264328
LSHADE,F24,17,3754.2098372460914
LSHADE,F24,18,3806.462654327309
LSHADE,F24,19,3750.627500777754
LSHADE,F24,20,3809.5528777544023
LSHADE,F24,21,3762.1257501505365
LSHADE,F24,22,3715.3632215310295
LSHADE,F24,23,3784.5930068973485
LSHADE,F24,24,3824.5490134951397
LSHADE,F24,25,3783.7298163003866
LSHADE,F24,26,3675.727705762323
LSHADE,F24,27,3729.805405066678
LSHADE,F24,28,3691.4516841140185
LSHADE,F24,29,3706.4586022959056
LSHADE,F24,30,3697.107764024675
LSHADE,F25,1,9846.1801040112
LSHADE,F25,2,8319.894381117818
LSHADE,F25,3,9595.754335047019
LSHADE,F25,4,10006.916316824976
LSHADE,F25,5,8708.964184924187
LSHADE,F25,6,8912.689693178005
LSHADE,F25,7,9485.067444946235
LSHADE,F25,8,10357.72977274343
LSHADE,F25,9,6924.607155093575
LSHADE,F25,10,8484.641317294212
LSHADE,F25,11,9243.867899270754
LSHADE,F25,12,8392.335586994666
LSHADE,F25,13,8675.93228063662
LSHADE,F25,14,8846.729392041556
LSHADE,F25,15,9223.795766953193
LSHADE,F25,16,8768.370834579131
LSHADE,F25,17,8452.306147848121
LSHADE,F25,18,10133.532990001822
LSHADE,F25,19,11122.395923079934
LSHADE,F25,20,9459.143693078173
LSHADE,F25,21,9470.639235613115
LSHADE,F25,22,10765.332452672366
LSHADE,F25,23,9170.19699863263
LSHADE,F25,24,6760.14952661603
LSHADE,F25,25,9661.27384880075
LSHADE,F25,26,8899.2653007972
LSHADE,F25,27,10435.552984676015
LSHADE,F25,28,9784.111729201746
LSHADE,F25,29,7311.053127332245
LSHADE,F25,30,8848.699770493584
LSHADE,F26,1,12667.548718427483
LSHADE,F26,2,12532.911411778901
LSHADE,F26,3,13378.834678269248
LSHADE,F26,4,13232.23483983844
LSHADE,F26,5,12509.976747110712
LSHADE,F26,6,11954.188622297828
LSHADE,F26,7,14368.898954223081
LSHADE,F26,8,11664.296181544605
LSHADE,F26,9,13748.958958178016
LSHADE,F26,10,13400.934284763456
LSHADE,F26,11,11613.794648293599
LSHADE,F26,12,12549.771558847387
LSHADE,F26,13,12668.640306623549
LSHADE,F26,14,12770.982234996132
LSHADE,F26,15,13282.541761569959
LSHADE,F26,16,11326.781166265468
LSHADE,F26,17,12246.89808194833
LSHADE,F26,18,12117.087621991679
LSHADE,F26,19,13376.192050299469
LSHADE,F26,20,14232.379761983699
LSHADE,F26,21,11964.206396539059
LSHADE,F26,22,12979.093047984243
LSHADE,F26,23,13113.041864801817
LSHADE,F26,24,11152.632881651694
LSHADE,F26,25,13276.341070010356
LSHADE,F26,26,13412.119388084591
LSHADE,F26,27,13547.302290221984
LSHADE,F26,28,10481.449906709679
LSHADE,F26,29,10014.310478247879
LSHADE,F26,30,13140.238190992546
LSHADE,F27,1,4727.638218247823
LSHADE,F27,2,4678.168326994344
LSHADE,F27,3,4886.516058830805
LSHADE,F27,4,4604.03159764068
LSHADE,F27,5,4932.868653284766
LSHADE,F27,6,4672.896115456746
LSHADE,F27,7,4857.362051839345
LSHADE,F27,8,4619.182430863956
LSHADE,F27,9,4826.678476651595
LSHADE,F27,10,4808.260081797984
LSHADE,F27,11,4768.891513737224
LSHADE,F27,12,4499.950458272882
LSHADE,F27,13,4352.876695173841
LSHADE,F27,14,4935.778656524625
LSHADE,F27,15,4801.441349676453
LSHADE,F27,16,4504.178696281317
LSHADE,F27,17,4947.668530756149
LSHADE,F27,18,4711.815398313653
LSHADE,F27,19,4119.797328894866
LSHADE,F27,20,4837.708719128902
LSHADE,F27,21,4406.073782894609
LSHADE,F27,22,4584.419774387395
LSHADE,F27,23,5157.839102888989
LSHADE,F27,24,4835.942956857778
LSHADE,F27,25,4675.6233851858515
LSHADE,F27,26,4489.489924709379
LSHADE,F27,27,4733.5405392911225
LSHADE,F27,28,4617.592757243585
LSHADE,F27,29,4602.991187470377
LSHADE,F27,30,4912.673434310262
LSHADE,F28,1,7448.7712160804185
LSHADE,F28,2,8886.318122597619
LSHADE,F28,3,8274.86858889258
LSHADE,F28,4,7152.532399402855
LSHADE,F28,5,8353.84507822762
LSHADE,F28,6,8176.902743527454
LSHADE,F28,7,8770.172227573785
LSHADE,F28,8,7768.2648664526605
LSHADE,F28,9,8009.309669125247
LSHADE,F28,10,9477.227789884186
LSHADE,F28,11,8247.221187250141
LSHADE,F28,12,9195.969217816877
LSHADE,F28,13,9261.722702488709
LSHADE,F28,14,8183.688921683436
LSHADE,F28,15,8865.021601805722
LSHADE,F28,16,8248.994608463006
LSHADE,F28,17,8502.973362627665
LSHADE,F28,18,9142.506321973095
LSHADE,F28,19,8425.85787168062
LSHADE,F28,20,8622.430251246884
LSHADE,F28,21,9743.272069837443
LSHADE,F28,22,8321.06663079943
LSHADE,F28,23,8548.29624725585
LSHADE,F28,24,8440.847180570065
LSHADE,F28,25,9317.17757131903
LSHADE,F28,26,9143.564847928232
LSHADE,F28,27,8141.717583086818
LSHADE,F28,28,8850.248650914336
LSHADE,F28,29,8192.22867493454
LSHADE,F28,30,7968.117401335024
LSHADE,F29,1,8367.62355796314
LSHADE,F29,2,8626.206996883273
LSHADE,F29,3,8691.162734598362
LSHADE,F29,4,7859.862608842435
LSHADE,F29,5,8626.897222378973
LSHADE,F29,6,8918.995305556862
LSHADE,F29,7,8514.40642239165
LSHADE,F29,8,8089.994385812664
LSHADE,F29,9,8181.103748535511
LSHADE,F29,10,9710.46246257855
LSHADE,F29,11,10039.62505732159
LSHADE,F29,12,7952.732076951395
LSHADE,F29,13,8783.063132302374
LSHADE,F29,14,7947.261897957198
LSHADE,F29,15,9238.601895679942
LSHADE,F29,16,8422.53979247643
LSHADE,F29,17,8283.841414086513
LSHADE,F29,18,8825.489607462629
LSHADE,F29,19,8878.673991813339
LSHADE,F29,20,7180.309509409304
LSHADE,F29,21,8641.712348152936
LSHADE,F29,22,9171.427224753385
LSHADE,F29,23,9281.369769047978
LSHADE,F29,24,8939.574654475407
LSHADE,F29,25,8457.142191778818
LSHADE,F29,26,8631.291169797212
LSHADE,F29,27,7881.316162863797
LSHADE,F29,28,7858.946168067419
LSHADE,F29,29,8305.500520611815
LSHADE,F29,30,9442.79132393935
LSHADE,F30,1,624995202.6469831
LSHADE,F30,2,890241198.7606329
LSHADE,F30,3,629730867.4885612
LSHADE,F30,4,995308773.2404854
LSHADE,F30,5,719198478.233807
LSHADE,F30,6,180954730.84626657
LSHADE,F30,7,766854949.7470816
LSHADE,F30,8,820443686.9477979
LSHADE,F30,9,866684047.177592
LSHADE,F30,10,349415391.3572823
LSHADE,F30,11,672671266.768831
LSHADE,F30,12,743389670.463392
LSHADE,F30,13,1121594139.5828545
LSHADE,F30,14,897800684.0896398
LSHADE,F30,15,933048628.0774913
LSHADE,F30,16,717505846.2050543
LSHADE,F30,17,349791725.3870714
LSHADE,F30,18,995190596.4898508
LSHADE,F30,19,603149735.0999408
LSHADE,F30,20,762795253.1587648
LSHADE,F30,21,744223792.434273
LSHADE,F30,22,409387669.1200564
LSHADE,F30,23,744134818.7152351
LSHADE,F30,24,559584797.110894
LSHADE,F30,25,1018307942.7244086
LSHADE,F30,26,585949287.1907411
LSHADE,F30,27,904899863.752078
LSHADE,F30,28,554649775.4025393
LSHADE,F30,29,803094632.0091238
LSHADE,F30,30,334599612.10159767
jSO,F1,1,9458191888.205473
jSO,F1,2,5971577003.334168
jSO,F1,3,1847959142.5029635
jSO,F1,4,5538222591.731036
jSO,F1,5,5979146539.307266
jSO,F1,6,7474582121.8270235
jSO,F1,7,2515397139.8088565
jSO,F1,8,7484209678.510717
jSO,F1,9,7716066720.420091
jSO,F1,10,1978522562.6111546
jSO,F1,11,5890618099.551179
jSO,F1,12,7675899713.0829115
jSO,F1,13,8483729939.299088
jSO,F1,14,8842638694.235846
jSO,F1,15,11944880236.05918
jSO,F1,16,4577384198.217915
jSO,F1,17,5137500114.474503
jSO,F1,18,1700855851.0150328
jSO,F1,19,6810767913.758935
jSO,F1,20,8328606557.894021
jSO,F1,21,19195820120.729183
jSO,F1,22,5853668459.0180025
jSO,F1,23,4731960149.709683
jSO,F1,24,7040254164.29651
jSO,F1,25,8049579506.209777
jSO,F1,26,5422219040.649094
jSO,F1,27,3700796805.3610826
jSO,F1,28,5226946623.5445795
jSO,F1,29,6140560225.70665
jSO,F1,30,2124828407.5472248
jSO,F3,1,238149.68987473557
jSO,F3,2,116458.77933104291
jSO,F3,3,102738.50546879695
jSO,F3,4,134507.57848749644
jSO,F3,5,221432.6498632956
jSO,F3,6,108193.1694765355
jSO,F3,7,95739.42062228985
jSO,F3,8,121173.47278355823
jSO,F3,9,108287.68029735035
jSO,F3,10,94221.09299158184
jSO,F3,11,219426.41255738382
jSO,F3,12,228366.44141239865
jSO,F3,13,129708.57431980691
jSO,F3,14,132620.09734267945
jSO,F3,15,130350.64300147246
jSO,F3,16,253739.82639683524
jSO,F3,17,113327.78670322444
jSO,F3,18,200736.01309401044
jSO,F3,19,98109.1638035983
jSO,F3,20,105741.69704578619
jSO,F3,21,105853.9983613455
jSO,F3,22,102628.54442505813
jSO,F3,23,133760.89741625392
jSO,F3,24,128850.43104385678
jSO,F3,25,260688.28549205585
jSO,F3,26,120662.4029768841
jSO,F3,27,120585.53662223952
jSO,F3,28,114285.14228836313
jSO,F3,29,208503.8199179018
jSO,F3,30,262117.38493691626
jSO,F4,1,955.8938925784992
jSO,F4,2,1508.5435435707586
jSO,F4,3,1148.4012374754966
jSO,F4,4,1049.2207269363696
jSO,F4,5,990.7083053458114
jSO,F4,6,810.0819242063349
jSO,F4,7,1779.5131407471195
jSO,F4,8,1773.482145674903
jSO,F4,9,1525.4276041215348
jSO,F4,10,1167.609130386575
jSO,F4,11,1302.1914991765454
jSO,F4,12,1509.6652746512214
jSO,F4,13,989.1118303797917
jSO,F4,14,1139.5555408100847
jSO,F4,15,1048.5083411453156
jSO,F4,16,955.3428941433655
jSO,F4,17,1189.2941795601375
jSO,F4,18,944.7994491579874
jSO,F4,19,1089.0303182433054
jSO,F4,20,830.1655784910965
jSO,F4,21,1047.6152493093023
jSO,F4,22,1229.3971507560354
jSO,F4,23,862.7141923717692
jSO,F4,24,1065.6212612299423
jSO,F4,25,1011.8164525179276
jSO,F4,26,1167.3263356496846
jSO,F4,27,2018.7734052464975
jSO,F4,28,1076.4767837770241
jSO,F4,29,1220.0882021291504
jSO,F4,30,1080.1651657246007
jSO,F5,1,927.040843831049
jSO,F5,2,954.4772501936775
jSO,F5,3,946.6676257738437
jSO,F5,4,910.9698205219523
jSO,F5,5,871.1210927203463
jSO,F5,6,868.4352741064863
jSO,F5,7,932.3334488691135
jSO,F5,8,868.0340620259515
jSO,F5,9,895.0122206311503
jSO,F5,10,921.1601023490293
jSO,F5,11,893.3071024031877
jSO,F5,12,888.5627867014534
jSO,F5,13,856.6067149701059
jSO,F5,14,884.4317841811547
jSO,F5,15,867.1396079279962
jSO,F5,16,848.9152136796952
jSO,F5,17,994.5099091214125
jSO,F5,18,884.912127028303
jSO,F5,19,863.594640508451
jSO,F5,20,906.878617664307
jSO,F5,21,919.3884450330706
jSO,F5,22,922.3106186110531
jSO,F5,23,973.1860079108866
jSO,F5,24,897.52334822324
jSO,F5,25,942.5844873414491
jSO,F5,26,957.8674755449151
jSO,F5,27,880.0828026447927
jSO,F5,28,991.9253287006416
jSO,F5,29,875.9843296824332
jSO,F5,30,934.0888652901513
jSO,F6,1,638.1538492822499
jSO,F6,2,632.9749551115825
jSO,F6,3,619.6430306113242
jSO,F6,4,631.9321911844388
jSO,F6,5,631.704037408538
jSO,F6,6,622.567411218942
jSO,F6,7,633.6402859781931
jSO,F6,8,631.9431524623564
jSO,F6,9,631.1518629181406
jSO,F6,10,631.7651805879339
jSO,F6,11,631.0064694093883
jSO,F6,12,617.5790146979201
jSO,F6,13,627.0803594092041
jSO,F6,14,627.0978230354065
jSO,F6,15,633.4763936366916
jSO,F6,16,626.967404651682
jSO,F6,17,629.7447245987755
jSO,F6,18,626.283941976676
jSO,F6,19,635.4519746643267
jSO,F6,20,624.0217703718531
jSO,F6,21,630.9661692854933
jSO,F6,22,636.2745057413501
jSO,F6,23,630.9715287063435
jSO,F6,24,631.4561001311398
jSO,F6,25,629.7764190527836
jSO,F6,26,633.5035665501317
jSO,F6,27,642.7023965637128
jSO,F6,28,622.7921135628599
jSO,F6,29,632.3765364847499
jSO,F6,30,648.0744802637179
jSO,F7,1,1553.5485812588336
jSO,F7,2,1374.1321573339255
jSO,F7,3,1433.9910368949863
jSO,F7,4,1362.8125517140004
jSO,F7,5,1314.2502581838053
jSO,F7,6,1571.2339674567647
jSO,F7,7,1438.6421436532646
jSO,F7,8,1558.1284790998823
jSO,F7,9,1313.56252069027
jSO,F7,10,1369.1094725897387
jSO,F7,11,1380.6577199691915
jSO,F7,12,1316.792028541774
jSO,F7,13,1241.0599748625723
jSO,F7,14,1415.9731306078972
jSO,F7,15,1300.5685533245785
jSO,F7,16,1356.641773556466
jSO,F7,17,1274.0217531717683
jSO,F7,18,1292.262605293809
jSO,F7,19,1417.634209817036
jSO,F7,20,1421.354515103602
jSO,F7,21,1469.0262166992063
jSO,F7,22,1234.4860661875362
jSO,F7,23,1512.5070638902687
jSO,F7,24,1434.9916825768637
jSO,F7,25,1393.9201264683052
jSO,F7,26,1392.299937410445
jSO,F7,27,1321.08963697736
jSO,F7,28,1376.2876611208083
jSO,F7,29,1331.8861356300747
jSO,F7,30,1660.522059388899
jSO,F8,1,1288.2719677365978
jSO,F8,2,1212.4752905030896
jSO,F8,3,1176.6575023542737
jSO,F8,4,1183.1348107264257
jSO,F8,5,1213.853222003279
jSO,F8,6,1197.8802520515867
jSO,F8,7,1261.1815854501294
jSO,F8,8,1163.6783294603435
jSO,F8,9,1211.3936281305157
jSO,F8,10,1157.7661120873142
jSO,F8,11,1134.4827557142344
jSO,F8,12,1228.9707577647869
jSO,F8,13,1116.0684863987235
jSO,F8,14,1232.2186377166593
jSO,F8,15,1183.7286260810886
jSO,F8,16,1230.5502287288157
jSO,F8,17,1155.0361924255883
jSO,F8,18,1159.6870733851824
jSO,F8,19,1227.041590814838
jSO,F8,20,1345.6021438331427
jSO,F8,21,1257.9679129119038
jSO,F8,22,1156.0732462984595
jSO,F8,23,1196.3780224343984
jSO,F8,24,1270.6043429396332
jSO,F8,25,1145.8749922366578
jSO,F8,26,1165.3118609598996
jSO,F8,27,1172.6836972495387
jSO,F8,28,1265.4611541880984
jSO,F8,29,1224.442865699968
jSO,F8,30,1230.4618554539077
jSO,F9,1,21617.987860958074
jSO,F9,2,11760.094511372696
jSO,F9,3,10584.85396913518
jSO,F9,4,14245.099943249248
jSO,F9,5,15664.554715288405
jSO,F9,6,9892.902066849681
jSO,F9,7,22290.78654526719
jSO,F9,8,11714.770709443299
jSO,F9,9,9384.963190328857
jSO,F9,10,12170.241400022815
jSO,F9,11,15950.447975178497
jSO,F9,12,10926.588137871902
jSO,F9,13,11898.758564294349
jSO,F9,14,10170.746883311867
jSO,F9,15,19179.45671455159
jSO,F9,16,17924.405443946463
jSO,F9,17,22174.08741241113
jSO,F9,18,12743.730050766368
jSO,F9,19,18219.09829571078
jSO,F9,20,17536.33524418004
jSO,F9,21,12276.758414092705
jSO,F9,22,18872.358704875416
jSO,F9,23,17189.522648013306
jSO,F9,24,16882.890500092064
jSO,F9,25,19008.568121456137
jSO,F9,26,29106.596931407956
jSO,F9,27,18396.22076477353
jSO,F9,28,12838.54562409914
jSO,F9,29,11423.964409389082
jSO,F9,30,21707.326951093786
jSO,F10,1,10653.65985479445
jSO,F10,2,10536.380514656128
jSO,F10,3,11523.747878232378
jSO,F10,4,11131.443240230152
jSO,F10,5,10787.94403733635
jSO,F10,6,10966.21383343184
jSO,F10,7,11895.016947197728
jSO,F10,8,10952.638979665628
jSO,F10,9,10472.378401973327
jSO,F10,10,9477.028118317283
jSO,F10,11,10996.159012084261
jSO,F10,12,10202.733782892326
jSO,F10,13,9796.67425525565
jSO,F10,14,11689.333370080409
jSO,F10,15,11094.065800505745
jSO,F10,16,10085.115580210659
jSO,F10,17,11328.454569862872
jSO,F10,18,10708.254040454363
jSO,F10,19,10941.4838768517
jSO,F10,20,10810.865350470982
jSO,F10,21,11047.797857189214
jSO,F10,22,10434.735173155379
jSO,F10,23,10990.611858197333
jSO,F10,24,10622.437008615607
jSO,F10,25,10895.798053398288
jSO,F10,26,9762.465653332794
jSO,F10,27,10733.789038350254
jSO,F10,28,10809.529311769302
jSO,F10,29,10759.306024884556
jSO,F10,30,10586.498932745872
jSO,F11,1,1883.3861195287247
jSO,F11,2,2376.981335002244
jSO,F11,3,2306.2516191554355
jSO,F11,4,9695.261250116031
jSO,F11,5,5506.407652153767
jSO,F11,6,2741.342473103744
jSO,F11,7,10494.310176495646
jSO,F11,8,4629.52761185821
jSO,F11,9,3719.2907648938312
jSO,F11,10,2546.363591198833
jSO,F11,11,7216.468027863273
jSO,F11,12,6484.817452782944
jSO,F11,13,11762.739200619795
jSO,F11,14,2311.7656562514617
jSO,F11,15,4022.004424458992
jSO,F11,16,2108.686946638023
jSO,F11,17,2311.778810046407
jSO,F11,18,4159.97477267306
jSO,F11,19,4956.28450711296
jSO,F11,20,5051.804805422787
jSO,F11,21,2138.4862592420377
jSO,F11,22,5432.234532856286
jSO,F11,23,9531.025184295419
jSO,F11,24,10411.607711839413
jSO,F11,25,2706.0867302599368
jSO,F11,26,2634.6517783333643
jSO,F11,27,9656.789903597892
jSO,F11,28,6990.4533292225815
jSO,F11,29,7011.235089636955
jSO,F11,30,7191.002953789575
jSO,F12,1,359620524.03465843
jSO,F12,2,109311995.03058898
jSO,F12,3,170948758.395806
jSO,F12,4,401666352.4711592
jSO,F12,5,140208781.25281116
jSO,F12,6,80435227.00815222
jSO,F12,7,321118112.30684716
jSO,F12,8,478771083.72313523
jSO,F12,9,94165148.34241137
jSO,F12,10,519230042.60115397
jSO,F12,11,205920752.8815776
jSO,F12,12,105540623.05693993
jSO,F12,13,381167182.67000294
jSO,F12,14,278369829.9703228
jSO,F12,15,490391137.15150326
jSO,F12,16,84054387.2046038
jSO,F12,17,228554873.13448066
jSO,F12,18,163139697.8627336
jSO,F12,19,235356655.73008484
jSO,F12,20,184381758.82321903
jSO,F12,21,138725541.95456636
jSO,F12,22,324734395.89025635
jSO,F12,23,297626081.0003941
jSO,F12,24,223920643.6703903
jSO,F12,25,289249986.9941918
jSO,F12,26,169955824.33676168
jSO,F12,27,95816382.38988754
jSO,F12,28,455147298.94805026
jSO,F12,29,105282742.72215492
jSO,F12,30,125200153.97879638
jSO,F13,1,12009819.29069989
jSO,F13,2,8696530.858967105
jSO,F13,3,6894247.035239352
jSO,F13,4,569727.0797101259
jSO,F13,5,5476581.415307511
jSO,F13,6,62369184.453156844
jSO,F13,7,1163349.5449962511
jSO,F13,8,684910.1519208925
jSO,F13,9,8346796.630942445
jSO,F13,10,19009300.75876164
jSO,F13,11,810614.1977364095
jSO,F13,12,61436714.88463235
jSO,F13,13,5347417.403583333
jSO,F13,14,54239119.33757896
jSO,F13,15,94932460.81666373
jSO,F13,16,138359037.60249913
jSO,F13,17,1338481.9733458073
jSO,F13,18,8616578.123445135
jSO,F13,19,14812267.474750156
jSO,F13,20,1811450.8241003852
jSO,F13,21,36492049.214844994
jSO,F13,22,1739590.4375811974
jSO,F13,23,6196843.174922977
jSO,F13,24,2452263.404578265
jSO,F13,25,5678987.608603109
jSO,F13,26,39236526.01077642
jSO,F13,27,14300334.60912484
jSO,F13,28,3620193.7127526426
jSO,F13,29,73650869.47849984
jSO,F13,30,112757816.87705825
jSO,F14,1,2235205.039125108
jSO,F14,2,72355.9390167077
jSO,F14,3,1050350.7605586925
jSO,F14,4,1406417.72115572
jSO,F14,5,891636.4380817307
jSO,F14,6,2642859.121900326
jSO,F14,7,2727232.3839442683
jSO,F14,8,989930.768630234
jSO,F14,9,149878.29185300387
jSO,F14,10,3759479.894135716
jSO,F14,11,2349301.721009211
jSO,F14,12,1978353.3912406743
jSO,F14,13,2913622.9153191466
jSO,F14,14,2183748.797967031
jSO,F14,15,1213975.3963446768
jSO,F14,16,958541.7301271386
jSO,F14,17,553069.5363164599
jSO,F14,18,1737948.1784047345
jSO,F14,19,941150.5572150137
jSO,F14,20,322183.1327625821
jSO,F14,21,7026.682319293263
jSO,F14,22,3407758.813494781
jSO,F14,23,34098.842672233906
jSO,F14,24,311584.00265072583
jSO,F14,25,3442506.907978951
jSO,F14,26,267078.4388312581
jSO,F14,27,1221432.0906136222
jSO,F14,28,1617953.7938516818
jSO,F14,29,154967.8793617659
jSO,F14,30,3071728.154285865
jSO,F15,1,6969157.035210546
jSO,F15,2,9214676.198758118
jSO,F15,3,43278817.11645244
jSO,F15,4,171925.61581552034
jSO,F15,5,466297.6745167132
jSO,F15,6,3035549.1986550745
jSO,F15,7,4197670.312122556
jSO,F15,8,2924994.124443733
jSO,F15,9,184153.86835637875
jSO,F15,10,29224.273664136243
jSO,F15,11,10160.388645220693
jSO,F15,12,561121.2517269722
jSO,F15,13,121351.17342647043
jSO,F15,14,2057436.3757750029
jSO,F15,15,8542014.170424053
jSO,F15,16,34711.086423198016
jSO,F15,17,31117131.27435823
jSO,F15,18,20443.698356142093
jSO,F15,19,583340.8273200538
jSO,F15,20,53967721.73779356
jSO,F15,21,44885.687805266214
jSO,F15,22,1068818.5270930852
jSO,F15,23,260724.2323667809
jSO,F15,24,129476.08961814211
jSO,F15,25,971867.5653090231
jSO,F15,26,119825.73212657409
jSO,F15,27,2026794.4832055932
jSO,F15,28,367084.45144562615
jSO,F15,29,20017791.471686624
jSO,F15,30,14140570.939333064
jSO,F16,1,3935.7111559889254
jSO,F16,2,4187.403030666632
jSO,F16,3,4378.300892820831
jSO,F16,4,4742.867852224351
jSO,F16,5,4164.042368370081
jSO,F16,6,4119.871859974302
jSO,F16,7,4322.810728371023
jSO,F16,8,4877.752272904076
jSO,F16,9,4590.43038696031
jSO,F16,10,3579.3507118370617
jSO,F16,11,4439.267953639694
jSO,F16,12,4940.6780376699635
jSO,F16,13,3765.5855695088007
jSO,F16,14,4497.768492124668
jSO,F16,15,4437.404873329216
jSO,F16,16,5029.274021254381
jSO,F16,17,4070.372196008643
jSO,F16,18,4225.072247650541
jSO,F16,19,3583.140363356576
jSO,F16,20,4120.22637124959
jSO,F16,21,4430.41526543946
jSO,F16,22,4276.5226595774075
jSO,F16,23,3897.2983991710175
jSO,F16,24,5045.395271959637
jSO,F16,25,4597.261977410064
jSO,F16,26,4266.921745251565
jSO,F16,27,4140.323808538733
jSO,F16,28,4306.721977666693
jSO,F16,29,4210.526902826391
jSO,F16,30,4351.580528638326
jSO,F17,1,3405.3139662065105
jSO,F17,2,3280.439828588559
jSO,F17,3,4074.6061280258245
jSO,F17,4,3913.84857266336
jSO,F17,5,3581.7355637278793
jSO,F17,6,3733.468897340859
jSO,F17,7,3684.2174523824524
jSO,F17,8,3702.5888133801022
jSO,F17,9,3829.8178743322574
jSO,F17,10,3231.2007658681514
jSO,F17,11,3695.859546711344
jSO,F17,12,4250.559852346548
jSO,F17,13,3876.3685060555126
jSO,F17,14,3734.9322420605467
jSO,F17,15,3509.6478525232224
jSO,F17,16,3947.486539839025
jSO,F17,17,3658.651793936232
jSO,F17,18,3718.8054450643785
jSO,F17,19,3727.0948188392713
jSO,F17,20,4037.1977765808256
jSO,F17,21,3641.256580737695
jSO,F17,22,3513.126646829484
jSO,F17,23,3672.171940514645
jSO,F17,24,3918.4564926141206
jSO,F17,25,3902.044285831416
jSO,F17,26,3690.5467675759637
jSO,F17,27,3930.8354127398284
jSO,F17,28,3565.760398602481
jSO,F17,29,3666.700222617274
jSO,F17,30,3401.211635813531
jSO,F18,1,9420800.723223507
jSO,F18,2,4159416.5691367877
jSO,F18,3,632153.5301936758
jSO,F18,4,611797.3567147317
jSO,F18,5,6445741.548399208
jSO,F18,6,1392967.060912759
jSO,F18,7,2745567.6881446573
jSO,F18,8,1604624.5134902503
jSO,F18,9,7656001.652676509
jSO,F18,10,2848580.0749776084
jSO,F18,11,11867582.331043601
jSO,F18,12,770513.3817274647
jSO,F18,13,3065740.3014960596
jSO,F18,14,9206059.289586047
jSO,F18,15,1897893.2255508807
jSO,F18,16,1349534.5552972497
jSO,F18,17,4378123.701427503
jSO,F18,18,870093.2527915252
jSO,F18,19,1543429.145879712
jSO,F18,20,1730449.6723832912
jSO,F18,21,9966208.563388085
jSO,F18,22,866489.7597982018
jSO,F18,23,5985187.109008461
jSO,F18,24,4794545.308568621
jSO,F18,25,19430105.292963285
jSO,F18,26,13926505.824170396
jSO,F18,27,11429403.125534236
jSO,F18,28,687077.3411057629
jSO,F18,29,4327264.709123367
jSO,F18,30,3028193.766012481
jSO,F19,1,3554838.9892109674
jSO,F19,2,866431.8342079675
jSO,F19,3,3284450.7736162497
jSO,F19,4,102999.95595358385
jSO,F19,5,1621387.7797738097
jSO,F19,6,1820312.662137346
jSO,F19,7,122499.49404103361
jSO,F19,8,816305.6858745661
jSO,F19,9,97790.82898811692
jSO,F19,10,9685536.234851008
jSO,F19,11,497527.24257645337
jSO,F19,12,788254.3137478795
jSO,F19,13,449509.98314443836
jSO,F19,14,698468.5094320193
jSO,F19,15,564044.2460923321
jSO,F19,16,79949.56055228607
jSO,F19,17,2639387.876779147
jSO,F19,18,1201265.5736204458
jSO,F19,19,175431.52824134278
jSO,F19,20,2823221.619238354
jSO,F19,21,89654.20269866282
jSO,F19,22,117723.27334451872
jSO,F19,23,1074264.7933453585
jSO,F19,24,5094213.165817462
jSO,F19,25,408723.4180634816
jSO,F19,26,120009.45068749439
jSO,F19,27,74631.70091260888
jSO,F19,28,159128.85900830387
jSO,F19,29,4111668.9268990387
jSO,F19,30,76819.06584590761
jSO,F20,1,3773.530960760657
jSO,F20,2,3357.8912025967957
jSO,F20,3,3484.249448105322
jSO,F20,4,3332.340969872136
jSO,F20,5,3618.99704263461
jSO,F20,6,3581.871608238579
jSO,F20,7,3717.6965255868336
jSO,F20,8,3718.694493788803
jSO,F20,9,3359.7236916818765
jSO,F20,10,3806.921604468615
jSO,F20,11,3942.671717811445
jSO,F20,12,3483.4745009690214
jSO,F20,13,3448.03530846616
jSO,F20,14,3273.118397639423
jSO,F20,15,3359.8770860051936
jSO,F20,16,3545.9015594292205
jSO,F20,17,3251.444559903728
jSO,F20,18,3818.000530296069
jSO,F20,19,3789.867269070552
jSO,F20,20,3975.587989220209
jSO,F20,21,3417.4610742720865
jSO,F20,22,3540.9651208487885
jSO,F20,23,3971.189288553838
jSO,F20,24,3156.442994716389
jSO,F20,25,3787.5508000390137
jSO,F20,26,3558.208564017908
jSO,F20,27,3086.3313589359473
jSO,F20,28,3696.3179630369914
jSO,F20,29,3726.797113065414
jSO,F20,30,3484.904460980658
jSO,F21,1,2664.9260481444685
jSO,F21,2,2773.963753649181
jSO,F21,3,2631.999850533119
jSO,F21,4,2670.4677534889506
jSO,F21,5,2655.7566952524307
jSO,F21,6,2625.5321220543574
jSO,F21,7,2687.0729623981088
jSO,F21,8,2690.300260950179
jSO,F21,9,2766.5744425958374
jSO,F21,10,2709.8684415410407
jSO,F21,11,2716.9183706572308
jSO,F21,12,2660.356438932652
jSO,F21,13,2624.642243023898
jSO,F21,14,2667.5222757220845
jSO,F21,15,2699.6612955677138
jSO,F21,16,2653.5058044901516
jSO,F21,17,2710.307525059082
jSO,F21,18,2731.116801510509
jSO,F21,19,2692.954015940561
jSO,F21,20,2639.303628355224
jSO,F21,21,2648.1625221268614
jSO,F21,22,2706.135127303142
jSO,F21,23,2650.0758675870156
jSO,F21,24,2659.474979656464
jSO,F21,25,2635.53529007979
jSO,F21,26,2642.7800979431922
jSO,F21,27,2737.6935203953244
jSO,F21,28,2780.036349595889
jSO,F21,29,2804.34023809102
jSO,F21,30,2717.4306606698337
jSO,F22,1,13298.56929694509
jSO,F22,2,15574.839109414954
jSO,F22,3,11929.186206362998
jSO,F22,4,12489.205702341986
jSO,F22,5,11301.908588044684
jSO,F22,6,12654.690671972201
jSO,F22,7,11842.190418989501
jSO,F22,8,12005.438137584337
jSO,F22,9,12608.857532749545
jSO,F22,10,12592.96366228176
jSO,F22,11,12187.540157342019
jSO,F22,12,11863.878697286851
jSO,F22,13,12154.452486105372
jSO,F22,14,13062.576209918107
jSO,F22,15,15374.582144422142
jSO,F22,16,12781.150053166311
jSO,F22,17,11825.367613664605
jSO,F22,18,11825.789266605605
jSO,F22,19,10943.364307550519
jSO,F22,20,12382.177749044919
jSO,F22,21,11771.763686891438
jSO,F22,22,11437.833846990323
jSO,F22,23,11923.05422215976
jSO,F22,24,12085.401151797283
jSO,F22,25,12400.68406295801
jSO,F22,26,12034.73753649501
jSO,F22,27,13284.655993794486
jSO,F22,28,12908.220597967906
jSO,F22,29,12103.637889223757
jSO,F22,30,10064.049454488171
jSO,F23,1,3186.750072120232
jSO,F23,2,3189.692500290741
jSO,F23,3,3135.5877872980486
jSO,F23,4,3209.2811027372436
jSO,F23,5,3129.872531196822
jSO,F23,6,3198.4278916791695
jSO,F23,7,3195.9353915134025
jSO,F23,8,3210.2084023215725
jSO,F23,9,3297.9217244336537
jSO,F23,10,3146.564468742302
jSO,F23,11,3271.0240657833106
jSO,F23,12,3209.937635152125
jSO,F23,13,3197.6733887334403
jSO,F23,14,3148.547190015802
jSO,F23,15,3173.5776296639765
jSO,F23,16,3203.9976158975824
jSO,F23,17,3183.193254647143
jSO,F23,18,3238.293408918734
jSO,F23,19,3208.361365236449
jSO,F23,20,3182.6525918218526
jSO,F23,21,3172.22622284863
jSO,F23,22,3095.2201418180357
jSO,F23,23,3223.2049303543276
jSO,F23,24,3084.315617043947
jSO,F23,25,3169.2231902014155
jSO,F23,26,3112.4763427591256
jSO,F23,27,3150.4722780351135
jSO,F23,28,3164.3207566333203
jSO,F23,29,3157.457808589751
jSO,F23,30,3239.0625584044537
jSO,F24,1,3509.1988818907053
jSO,F24,2,3466.2714149778476
jSO,F24,3,3448.1706881388104
jSO,F24,4,3340.1949336368216
jSO,F24,5,3332.110079735003
jSO,F24,6,3627.558421200278
jSO,F24,7,3428.409519561116
jSO,F24,8,3235.4175715195224
jSO,F24,9,3397.220727584059
jSO,F24,10,3399.220103744169
jSO,F24,11,3291.0032343689945
jSO,F24,12,3450.1737960044493
jSO,F24,13,3445.3225481811496
jSO,F24,14,3389.1192668078224
jSO,F24,15,3330.0685624281095
jSO,F24,16,3440.9292445267142
jSO,F24,17,3492.4394990487044
jSO,F24,18,3518.4123621088465
jSO,F24,19,3469.403727943794
jSO,F24,20,3402.08778744716
jSO,F24,21,3477.161341719481
jSO,F24,22,3346.6180582394836
jSO,F24,23,3457.9638643241924
jSO,F24,24,3307.498415921351
jSO,F24,25,3388.8608550840427
jSO,F24,26,3445.8071654769756
jSO,F24,27,3390.2239673133827
jSO,F24,28,3368.0325770991285
jSO,F24,29,3274.821770892927
jSO,F24,30,3372.1951643926072
jSO,F25,1,3650.6418280985263
jSO,F25,2,3643.6474247085007
jSO,F25,3,3309.9509856160976
jSO,F25,4,4085.0213507264616
jSO,F25,5,3500.95213198153
jSO,F25,6,3409.6078463576277
jSO,F25,7,3565.441241336161
jSO,F25,8,3739.288354642299
jSO,F25,9,3414.9752376156143
jSO,F25,10,3637.8874603802874
jSO,F25,11,3730.005013920221
jSO,F25,12,3673.0777038811393
jSO,F25,13,3916.0202321801667
jSO,F25,14,3777.3196106014275
jSO,F25,15,3261.201033447176
jSO,F25,16,3944.817323505182
jSO,F25,17,3570.873066465435
jSO,F25,18,3511.985648789013
jSO,F25,19,3781.7880629693136
jSO,F25,20,4245.815260701954
jSO,F25,21,3695.350572789095
jSO,F25,22,3478.186056212117
jSO,F25,23,3279.293603537035
jSO,F25,24,3398.0477208474613
jSO,F25,25,3967.8130872954152
jSO,F25,26,3549.534022497892
jSO,F25,27,3751.590514655087
jSO,F25,28,3496.8054916086367
jSO,F25,29,3427.5265576548954
jSO,F25,30,3883.038852132381
jSO,F26,1,8759.799881315052
jSO,F26,2,9780.91613750736
jSO,F26,3,10612.181014506079
jSO,F26,4,8118.38955181034
jSO,F26,5,8283.249418803069
jSO,F26,6,9320.111109822361
jSO,F26,7,7492.364839389933
jSO,F26,8,8589.815115329042
jSO,F26,9,10305.943153057717
jSO,F26,10,8003.8443601941435
jSO,F26,11,8398.76919930205
jSO,F26,12,8322.944439143168
jSO,F26,13,9346.500626652945
jSO,F26,14,7574.82838168074
jSO,F26,15,6543.05819766499
jSO,F26,16,12770.968407630837
jSO,F26,17,8071.161249792554
jSO,F26,18,9554.17774740489
jSO,F26,19,8182.496908280692
jSO,F26,20,11215.199618321212
jSO,F26,21,8600.316956014325
jSO,F26,22,8681.855960327954
jSO,F26,23,8763.756021176454
jSO,F26,24,9144.056022671519
jSO,F26,25,8554.43157287155
jSO,F26,26,8113.357034823325
jSO,F26,27,9112.103946128664
jSO,F26,28,11766.496351448604
jSO,F26,29,7985.431409325097
jSO,F26,30,8855.598827596406
jSO,F27,1,3660.3012200880703
jSO,F27,2,3925.6734780038346
jSO,F27,3,3582.1447259888155
jSO,F27,4,3595.9363556532003
jSO,F27,5,3532.5962262482517
jSO,F27,6,3539.3956108447524
jSO,F27,7,3445.895125074427
jSO,F27,8,3611.577545620572
jSO,F27,9,3661.8737904999725
jSO,F27,10,3551.9255579392357
jSO,F27,11,3705.597143397819
jSO,F27,12,3782.3434358279756
jSO,F27,13,4419.3449053719405
jSO,F27,14,3948.5620165388436
jSO,F27,15,3753.993425524165
jSO,F27,16,3849.1117667335993
jSO,F27,17,3755.808312806856
jSO,F27,18,3838.349695633678
jSO,F27,19,3405.1451618282244
jSO,F27,20,3770.2698466357842
jSO,F27,21,3516.7305605993533
jSO,F27,22,3605.866590830422
jSO,F27,23,3622.26306768862
jSO,F27,24,3616.5557903956474
jSO,F27,25,3646.794183306762
jSO,F27,26,3829.015554112979
jSO,F27,27,3502.5564952743343
jSO,F27,28,3518.6171433580994
jSO,F27,29,3793.576332012712
jSO,F27,30,3702.4943518979876
jSO,F28,1,4024.3541384595937
jSO,F28,2,4151.196252052605
jSO,F28,3,4502.0482732015535
jSO,F28,4,4563.528711629508
jSO,F28,5,4025.0612271903883
jSO,F28,6,4224.995475137093
jSO,F28,7,4452.088676497287
jSO,F28,8,4393.8725456438815
jSO,F28,9,4445.40762240698
jSO,F28,10,3959.215455143946
jSO,F28,11,4766.695006069936
jSO,F28,12,3952.9494868293013
jSO,F28,13,4422.041901486626
jSO,F28,14,4609.00365612595
jSO,F28,15,4486.408613717305
jSO,F28,16,4014.4658657934515
jSO,F28,17,4128.815760114726
jSO,F28,18,5493.483310145966
jSO,F28,19,5302.94249228499
jSO,F28,20,4916.159142084291
jSO,F28,21,4471.614034369934
jSO,F28,22,4539.242923044583
jSO,F28,23,4118.286915202076
jSO,F28,24,4430.632062051754
jSO,F28,25,4795.740341057357
jSO,F28,26,6067.910004647968
jSO,F28,27,4157.873582121635
jSO,F28,28,4398.991252366599
jSO,F28,29,5129.226679565073
jSO,F28,30,4785.825829224627
jSO,F29,1,5850.750295909562
jSO,F29,2,5305.348167341419
jSO,F29,3,7817.140165494282
jSO,F29,4,5107.47473707249
jSO,F29,5,4635.31914594939
jSO,F29,6,5648.1638384989
jSO,F29,7,5185.419904495837
jSO,F29,8,5573.330270374741
jSO,F29,9,5091.233699722097
jSO,F29,10,7410.628148920223
jSO,F29,11,6217.046669603502
jSO,F29,12,5263.874907420748
jSO,F29,13,6494.906114879038
jSO,F29,14,5184.0614259451395
jSO,F29,15,4876.179943376259
jSO,F29,16,5106.1841166783315
jSO,F29,17,6067.105410871516
jSO,F29,18,5159.621640489741
jSO,F29,19,5599.54170870024
jSO,F29,20,5289.646038076695
jSO,F29,21,5084.61655025244
jSO,F29,22,5887.185527495416
jSO,F29,23,4916.202467114179
jSO,F29,24,5434.437005939285
jSO,F29,25,5433.317008144411
jSO,F29,26,5037.170108086736
jSO,F29,27,5129.204555344899
jSO,F29,28,4765.900711705428
jSO,F29,29,5034.079597614766
jSO,F29,30,5751.149040368654
jSO,F30,1,46461005.01598785
jSO,F30,2,46378978.540083654
jSO,F30,3,58538904.056747526
jSO,F30,4,37353780.143819526
jSO,F30,5,94719146.51176853
jSO,F30,6,29522385.07962119
jSO,F30,7,31001869.39058824
jSO,F30,8,19663868.074478216
jSO,F30,9,48497631.09446342
jSO,F30,10,21481743.045872275
jSO,F30,11,88141726.06871203
jSO,F30,12,57529886.88588631
jSO,F30,13,14916462.25510386
jSO,F30,14,26453301.909272227
jSO,F30,15,126755865.90274903
jSO,F30,16,22291336.241932526
jSO,F30,17,46496131.47127895
jSO,F30,18,55077787.34038857
jSO,F30,19,53474106.868850105
jSO,F30,20,73596616.63064146
jSO,F30,21,19980269.712101612
jSO,F30,22,48188572.278608195
jSO,F30,23,33048247.34954533
jSO,F30,24,32329794.9465945
jSO,F30,25,87714472.75315143
jSO,F30,26,34218170.4925093
jSO,F30,27,44952728.78973669
jSO,F30,28,40684353.07662074
jSO,F30,29,55135143.42708122
jSO,F30,30,112269458.36751734
PSO,F1,1,146319474.0053257
PSO,F1,2,10799061962.069967
PSO,F1,3,861981965.5194622
PSO,F1,4,4256566589.9454036
PSO,F1,5,3240633094.718665
PSO,F1,6,13224624174.014292
PSO,F1,7,12810936102.516155
PSO,F1,8,4049686205.0609436
PSO,F1,9,6091959691.886033
PSO,F1,10,2151661486.381276
PSO,F1,11,5760624565.192954
PSO,F1,12,3505687098.0025764
PSO,F1,13,5660208835.488264
PSO,F1,14,4491835841.51901
PSO,F1,15,1071129348.4684035
PSO,F1,16,11936900517.835194
PSO,F1,17,6787952184.112147
PSO,F1,18,6329023344.562044
PSO,F1,19,1014952324.4052904
PSO,F1,20,2005611597.2105987
PSO,F1,21,1376560081.7917006
PSO,F1,22,5176357592.86689
PSO,F1,23,1072234542.8379743
PSO,F1,24,6664774063.10894
PSO,F1,25,1733374975.8842819
PSO,F1,26,2336406246.0821285
PSO,F1,27,2973277174.0169816
PSO,F1,28,3973146022.6365232
PSO,F1,29,3475040395.1452165
PSO,F1,30,3371791554.4740686
PSO,F3,1,178317.75607906297
PSO,F3,2,142449.78563904238
PSO,F3,3,198966.35689580368
PSO,F3,4,241551.89647267098
PSO,F3,5,152147.31741554217
PSO,F3,6,196765.26226274046
PSO,F3,7,130076.83248584927
PSO,F3,8,114935.75593863995
PSO,F3,9,179578.64851222123
PSO,F3,10,120451.36287498933
PSO,F3,11,258558.9008084869
PSO,F3,12,219157.62889319292
PSO,F3,13,108877.15285067972
PSO,F3,14,158477.78489144493
PSO,F3,15,194570.87107211724
PSO,F3,16,84508.0174610589
PSO,F3,17,121052.90118339885
PSO,F3,18,195778.94034371662
PSO,F3,19,184908.55982263113
PSO,F3,20,123266.56777758758
PSO,F3,21,146277.19649951422
PSO,F3,22,168403.8171278401
PSO,F3,23,158846.04607533364
PSO,F3,24,131858.93189388435
PSO,F3,25,92563.04365286631
PSO,F3,26,146522.3393903816
PSO,F3,27,138244.27475286197
PSO,F3,28,237644.32906269675
PSO,F3,29,117779.29490121125
PSO,F3,30,166629.5350405344
PSO,F4,1,1496.359786769152
PSO,F4,2,842.8180244942494
PSO,F4,3,1889.7541994242201
PSO,F4,4,868.1493828826437
PSO,F4,5,1426.4409739550088
PSO,F4,6,724.6795414686651
PSO,F4,7,1365.5138377651324
PSO,F4,8,627.893889367164
PSO,F4,9,1091.128325783261
PSO,F4,10,906.8402110980009
PSO,F4,11,938.93368402009
PSO,F4,12,1015.5342168338966
PSO,F4,13,616.1178604313783
PSO,F4,14,874.759785410463
PSO,F4,15,843.1332611127698
PSO,F4,16,728.6753679140057
PSO,F4,17,1130.4686157965405
PSO,F4,18,827.9581705659562
PSO,F4,19,736.1227486200754
PSO,F4,20,802.8376139906102
PSO,F4,21,627.6906577708671
PSO,F4,22,660.0729944257573
PSO,F4,23,725.641951468018
PSO,F4,24,1546.0688923332789
PSO,F4,25,2031.0859780552762
PSO,F4,26,706.218609962139
PSO,F4,27,760.7814583290842
PSO,F4,28,765.5424253182437
PSO,F4,29,822.1840048129727
PSO,F4,30,671.0941860527719
PSO,F5,1,649.1512654840154
PSO,F5,2,615.1836566267684
PSO,F5,3,688.1181136881169
PSO,F5,4,694.8547301047358
PSO,F5,5,684.2867548261863
PSO,F5,6,751.155874332366
PSO,F5,7,744.8727148391581
PSO,F5,8,674.5110962801376
PSO,F5,9,646.2552342280078
PSO,F5,10,677.0617954845002
PSO,F5,11,650.1697949232183
PSO,F5,12,673.2679449441704
PSO,F5,13,711.5174888334091
PSO,F5,14,665.7698440396284
PSO,F5,15,644.897982925074
PSO,F5,16,635.2403328606819
PSO,F5,17,629.437390468855
PSO,F5,18,748.7427599541152
PSO,F5,19,661.1739926799983
PSO,F5,20,687.1723102353467
PSO,F5,21,704.4389289149888
PSO,F5,22,668.0902129151216
PSO,F5,23,663.1399704909668
PSO,F5,24,687.3286594573301
PSO,F5,25,650.9023845423576
PSO,F5,26,675.9519346206616
PSO,F5,27,719.3033048435982
PSO,F5,28,661.3490220666804
PSO,F5,29,684.9268048314459
PSO,F5,30,622.2311773067908
PSO,F6,1,613.0334067265779
PSO,F6,2,614.2195452873755
PSO,F6,3,618.031310376712
PSO,F6,4,608.3720921513567
PSO,F6,5,605.1655695668094
PSO,F6,6,606.1313765711999
PSO,F6,7,621.3719646875506
PSO,F6,8,619.2521834924086
PSO,F6,9,608.9511819552167
PSO,F6,10,609.2481911859719
PSO,F6,11,612.3836317490213
PSO,F6,12,618.4533280580155
PSO,F6,13,611.9418705490607
PSO,F6,14,614.865713162759
PSO,F6,15,616.895903323581
PSO,F6,16,611.6063083721563
PSO,F6,17,607.9633647604169
PSO,F6,18,614.9402471044233
PSO,F6,19,618.6467878058461
PSO,F6,20,615.7175825320738
PSO,F6,21,611.8008486269176
PSO,F6,22,612.6239682066108
PSO,F6,23,619.0080610359705
PSO,F6,24,623.528111627946
PSO,F6,25,618.7294735068515
PSO,F6,26,614.9576505660559
PSO,F6,27,616.0151618220698
PSO,F6,28,610.5379249726357
PSO,F6,29,608.9240666359002
PSO,F6,30,608.988877150352
PSO,F7,1,1178.1526384643298
PSO,F7,2,963.8981636226197
PSO,F7,3,947.0475144613088
PSO,F7,4,1049.0738332799137
PSO,F7,5,1117.1446871711225
PSO,F7,6,963.460307045474
PSO,F7,7,956.7782138754997
PSO,F7,8,1152.2650680686718
PSO,F7,9,1088.7710659367317
PSO,F7,10,974.6979749197233
PSO,F7,11,974.8856280984957
PSO,F7,12,1226.4777185940334
PSO,F7,13,973.5314656413134
PSO,F7,14,1050.925153072028
PSO,F7,15,1130.2229936092715
PSO,F7,16,963.7402498784164
PSO,F7,17,1054.8729803813992
PSO,F7,18,1020.015052448863
PSO,F7,19,959.0694696381138
PSO,F7,20,986.7008926600708
PSO,F7,21,1061.5431768851586
PSO,F7,22,980.2298440311313
PSO,F7,23,1164.9877133076584
PSO,F7,24,948.797111682264
PSO,F7,25,1073.20243285669
PSO,F7,26,1062.7100657650474
PSO,F7,27,1221.4931550897857
PSO,F7,28,967.7516337881667
PSO,F7,29,1184.428335826993
PSO,F7,30,963.2567955645052
PSO,F8,1,915.6400160039294
PSO,F8,2,1047.64831577521
PSO,F8,3,899.3154776872026
PSO,F8,4,1067.5740964451443
PSO,F8,5,992.0705964290564
PSO,F8,6,961.8917139834591
PSO,F8,7,955.1693818176324
PSO,F8,8,941.7499690322275
PSO,F8,9,964.8841638385821
PSO,F8,10,1029.946828910888
PSO,F8,11,1001.7081574301704
PSO,F8,12,979.9962551222337
PSO,F8,13,956.4645087740005
PSO,F8,14,975.5337450541188
PSO,F8,15,965.3188274572823
PSO,F8,16,943.5608052127377
PSO,F8,17,1024.455907148847
PSO,F8,18,896.3969938025396
PSO,F8,19,1073.4877374871535
PSO,F8,20,970.6897926652437
PSO,F8,21,1084.2237958313729
PSO,F8,22,946.5085959165585
PSO,F8,23,997.5161845820993
PSO,F8,24,919.4947254891938
PSO,F8,25,946.321114107275
PSO,F8,26,984.5852763142807
PSO,F8,27,970.082087022064
PSO,F8,28,1041.0437302715054
PSO,F8,29,945.6169575866979
PSO,F8,30,940.7111222290747
PSO,F9,1,3814.7951345686893
PSO,F9,2,4442.629516253924
PSO,F9,3,5791.178713744014
PSO,F9,4,5551.719084782643
PSO,F9,5,4246.430309414569
PSO,F9,6,18294.260952615863
PSO,F9,7,8552.42098050765
PSO,F9,8,5212.892191601891
PSO,F9,9,4884.316516657167
PSO,F9,10,9353.676854753276
PSO,F9,11,34426.57573066402
PSO,F9,12,15505.17287486072
PSO,F9,13,2668.5215629303084
PSO,F9,14,8845.074903048539
PSO,F9,15,2572.7467470454585
PSO,F9,16,6317.061058130187
PSO,F9,17,2538.038862680011
PSO,F9,18,3887.76595814017
PSO,F9,19,13889.639358105744
PSO,F9,20,24725.46204067543
PSO,F9,21,4124.716098291319
PSO,F9,22,4683.439097362963
PSO,F9,23,7529.514252924028
PSO,F9,24,3546.894908161411
PSO,F9,25,15464.575995993186
PSO,F9,26,5352.2585837238685
PSO,F9,27,11469.977679649503
PSO,F9,28,17473.57678155512
PSO,F9,29,1536.4446792862163
PSO,F9,30,6845.790241537919
PSO,F10,1,8935.610638446597
PSO,F10,2,5819.7129689175
PSO,F10,3,7603.540860666264
PSO,F10,4,7253.971233243998
PSO,F10,5,6458.474633290705
PSO,F10,6,11361.567941099443
PSO,F10,7,9178.288274939772
PSO,F10,8,8369.286560038958
PSO,F10,9,6349.191726968711
PSO,F10,10,7852.961096956475
PSO,F10,11,6788.547556606716
PSO,F10,12,7278.427183127118
PSO,F10,13,7840.487585862809
PSO,F10,14,6806.488525513698
PSO,F10,15,6674.643127839254
PSO,F10,16,6029.36110730025
PSO,F10,17,5709.194544964697
PSO,F10,18,6488.101955311187
PSO,F10,19,6847.769084222184
PSO,F10,20,7413.763718051228
PSO,F10,21,7590.088225792271
PSO,F10,22,7611.461447555759
PSO,F10,23,6976.172803910367
PSO,F10,24,7568.690161278697
PSO,F10,25,10554.060881987602
PSO,F10,26,9303.684028893058
PSO,F10,27,9701.703075374682
PSO,F10,28,7155.587458052714
PSO,F10,29,5840.4530212873415
PSO,F10,30,7541.480147821339
PSO,F11,1,1486.8550866964292
PSO,F11,2,1472.2344814564835
PSO,F11,3,1515.9060946216619
PSO,F11,4,1580.311548833135
PSO,F11,5,1705.524332882477
PSO,F11,6,1363.1144513332615
PSO,F11,7,1509.072189781618
PSO,F11,8,1662.8296563455456
PSO,F11,9,1489.2534161613867
PSO,F11,10,3053.0406594761716
PSO,F11,11,3424.630313176431
PSO,F11,12,1569.7128173981175
PSO,F11,13,1467.348154838392
PSO,F11,14,1406.4179307900718
PSO,F11,15,1322.2740364155795
PSO,F11,16,1326.443850155959
PSO,F11,17,1522.7931958956997
PSO,F11,18,1321.4261234631074
PSO,F11,19,1558.0529320325268
PSO,F11,20,1434.6514728196678
PSO,F11,21,1428.9284910148754
PSO,F11,22,1519.322084188142
PSO,F11,23,1449.642688198119
PSO,F11,24,1540.647190959463
PSO,F11,25,1503.0844037981624
PSO,F11,26,1486.9388406201901
PSO,F11,27,1353.6840934934394
PSO,F11,28,3245.327738030973
PSO,F11,29,1584.7515888302723
PSO,F11,30,1673.0042299725446
PSO,F12,1,2013194197.1762772
PSO,F12,2,8874638260.603588
PSO,F12,3,2371880551.646269
PSO,F12,4,790744672.6308979
PSO,F12,5,2971893357.4267054
PSO,F12,6,4118428471.472319
PSO,F12,7,3636939300.487922
PSO,F12,8,2273908580.6016345
PSO,F12,9,3238073802.2177587
PSO,F12,10,1322437733.6272025
PSO,F12,11,953624979.9423282
PSO,F12,12,171367999.04160148
PSO,F12,13,2327282307.4698462
PSO,F12,14,1361966541.4849951
PSO,F12,15,1165737427.5497942
PSO,F12,16,136495261.0517779
PSO,F12,17,1994112401.9135988
PSO,F12,18,1772509372.782165
PSO,F12,19,5880012214.395348
PSO,F12,20,3055742913.217015
PSO,F12,21,932973368.4033458
PSO,F12,22,5600293450.272743
PSO,F12,23,1461932277.7102149
PSO,F12,24,143435205.48203593
PSO,F12,25,1024216338.1419585
PSO,F12,26,1463563277.7344775
PSO,F12,27,4878716850.687526
PSO,F12,28,1287009597.273318
PSO,F12,29,6829167255.357254
PSO,F12,30,4040179434.2368484
PSO,F13,1,2575015417.6027904
PSO,F13,2,6907.51366137464
PSO,F13,3,2548988042.3307962
PSO,F13,4,9348510.263753945
PSO,F13,5,635941050.6111736
PSO,F13,6,246105730.6551383
PSO,F13,7,47576.5489803574
PSO,F13,8,2926925694.7061787
PSO,F13,9,2448590273.587413
PSO,F13,10,83644.63212130086
PSO,F13,11,635924129.3105984
PSO,F13,12,8708440435.90033
PSO,F13,13,5559957702.410422
PSO,F13,14,29833423.745286528
PSO,F13,15,29790150.749099113
PSO,F13,16,589610400.9016646
PSO,F13,17,9517892.123627257
PSO,F13,18,635877959.5719533
PSO,F13,19,635951436.4225185
PSO,F13,20,749196141.9861026
PSO,F13,21,29811149.421539105
PSO,F13,22,27775.754802008945
PSO,F13,23,635992500.4286191
PSO,F13,24,749129510.6318822
PSO,F13,25,749079215.0619397
PSO,F13,26,29949374.723320227
PSO,F13,27,635846665.6002128
PSO,F13,28,9525939.059992261
PSO,F13,29,589837714.0527246
PSO,F13,30,246140222.9394897
PSO,F14,1,359670.6375179768
PSO,F14,2,288256.64364640793
PSO,F14,3,5986083.398372681
PSO,F14,4,208570.91907348644
PSO,F14,5,391448.3680978742
PSO,F14,6,1957168.9082506658
PSO,F14,7,527945.272376908
PSO,F14,8,323817.83389972406
PSO,F14,9,632456.8634658187
PSO,F14,10,577082.4753199064
PSO,F14,11,285796.1806338026
PSO,F14,12,624510.9097468341
PSO,F14,13,192400.1890604555
PSO,F14,14,448259.41979016754
PSO,F14,15,992015.583107516
PSO,F14,16,241648.2991111833
PSO,F14,17,129836.44812170262
PSO,F14,18,890302.6893765717
PSO,F14,19,552077.1127303042
PSO,F14,20,26741.774747739448
PSO,F14,21,187721.60385175858
PSO,F14,22,438451.7796905708
PSO,F14,23,1540783.6951497658
PSO,F14,24,570642.6684196718
PSO,F14,25,187727.3626321653
PSO,F14,26,127876.52780992855
PSO,F14,27,418504.2286692856
PSO,F14,28,287495.5775806754
PSO,F14,29,370617.8835072661
PSO,F14,30,4130304.4279224277
PSO,F15,1,6004.41728319988
PSO,F15,2,17721.83183373472
PSO,F15,3,33421.89056833806
PSO,F15,4,110983.1833841768
PSO,F15,5,8666.696890726065
PSO,F15,6,13634.293893842289
PSO,F15,7,10266.389314352706
PSO,F15,8,19845.203255469558
PSO,F15,9,25957.158087291617
PSO,F15,10,26212.012663334564
PSO,F15,11,32378.365683159922
PSO,F15,12,62525.642812323975
PSO,F15,13,46970.815804743484
PSO,F15,14,53646.49417967215
PSO,F15,15,24123.599863947387
PSO,F15,16,78431.87909951727
PSO,F15,17,11793.182812955927
PSO,F15,18,17671.34036920581
PSO,F15,19,83861.69219846293
PSO,F15,20,71256140.96102503
PSO,F15,21,41626.88609903943
PSO,F15,22,35331.36704701422
PSO,F15,23,14072.974321527145
PSO,F15,24,37633.67447332801
PSO,F15,25,25591.34952665072
PSO,F15,26,35306.61035956943
PSO,F15,27,20690.269946151027
PSO,F15,28,71248643.15644038
PSO,F15,29,5593.901433426321
PSO,F15,30,39059.08206691433
PSO,F16,1,3628.075962256213
PSO,F16,2,3671.129180598621
PSO,F16,3,3269.982732321442
PSO,F16,4,3279.352450381264
PSO,F16,5,3557.475612577682
PSO,F16,6,2801.5516817682756
PSO,F16,7,3446.3706544461816
PSO,F16,8,4231.413291442057
PSO,F16,9,3104.030148182782
PSO,F16,10,3387.2636491110234
PSO,F16,11,3772.4499640059357
PSO,F16,12,2819.389085727278
PSO,F16,13,3863.751082908733
PSO,F16,14,4035.0959807022796
PSO,F16,15,3559.785618487018
PSO,F16,16,3296.3702179975376
PSO,F16,17,3549.661668549308
PSO,F16,18,3489.772679957391
PSO,F16,19,2928.090925920449
PSO,F16,20,3800.4279595037124
PSO,F16,21,3764.681856604338
PSO,F16,22,3474.6390491186385
PSO,F16,23,3058.2514134717912
PSO,F16,24,3057.3146137375325
PSO,F16,25,2898.1923536794975
PSO,F16,26,5779.057987631538
PSO,F16,27,3261.2148766180926
PSO,F16,28,3195.9355838101346
PSO,F16,29,3040.479167729006
PSO,F16,30,3494.64421361308
PSO,F17,1,3196.294891401173
PSO,F17,2,2822.8122766301676
PSO,F17,3,3428.109076255814
PSO,F17,4,3115.6952944128425
PSO,F17,5,3079.203517519798
PSO,F17,6,3305.7144011752007
PSO,F17,7,2627.388954133492
PSO,F17,8,3390.7809981954456
PSO,F17,9,3440.1747142693257
PSO,F17,10,2604.424356815246
PSO,F17,11,3095.3468344913776
PSO,F17,12,3020.589261731958
PSO,F17,13,2994.2611351294627
PSO,F17,14,3172.3565567636515
PSO,F17,15,3232.6001628469935
PSO,F17,16,3116.8784483252102
PSO,F17,17,2998.704524718257
PSO,F17,18,2709.774949559008
PSO,F17,19,3607.84645722399
PSO,F17,20,3855.742303266899
PSO,F17,21,3315.1470197391664
PSO,F17,22,3165.4796169724887
PSO,F17,23,2714.8552129526233
PSO,F17,24,3110.849367607783
PSO,F17,25,3003.8772882985577
PSO,F17,26,3333.5020304069244
PSO,F17,27,2480.8555143339495
PSO,F17,28,2632.3441483856864
PSO,F17,29,3251.7426581417253
PSO,F17,30,3155.2246977195737
PSO,F18,1,1098397.0169830627
PSO,F18,2,3664564.9958253433
PSO,F18,3,5653342.276413259
PSO,F18,4,2605499.857636485
PSO,F18,5,1091285.5100945148
PSO,F18,6,6730448.123235038
PSO,F18,7,3905120.7806643196
PSO,F18,8,2330772.610679936
PSO,F18,9,3057337.4607814965
PSO,F18,10,6893723.703290548
PSO,F18,11,5852785.094792402
PSO,F18,12,4637568.65861895
PSO,F18,13,1851910.1375745256
PSO,F18,14,10799259.285241442
PSO,F18,15,2818228.6875802227
PSO,F18,16,1957954.8043125654
PSO,F18,17,2493779.5587221747
PSO,F18,18,19006424.888878647
PSO,F18,19,3561562.0254833177
PSO,F18,20,2461264.422533626
PSO,F18,21,6336395.259575767
PSO,F18,22,5158310.249107697
PSO,F18,23,4575470.408857776
PSO,F18,24,5051486.553931576
PSO,F18,25,231201.05395346924
PSO,F18,26,780797.4562105252
PSO,F18,27,534382.319364085
PSO,F18,28,4738987.317862629
PSO,F18,29,668155.7080531499
PSO,F18,30,142110.21391883126
PSO,F19,1,35331.95821021307
PSO,F19,2,98899.23422032446
PSO,F19,3,27450.63565559261
PSO,F19,4,28065.099418137026
PSO,F19,5,22280.64992061992
PSO,F19,6,306957.0330604328
PSO,F19,7,1692214.0794938246
PSO,F19,8,834162.7090409073
PSO,F19,9,32698.07579455957
PSO,F19,10,88963.76859741512
PSO,F19,11,75071.67769405752
PSO,F19,12,68988.39066506576
PSO,F19,13,25583.026142346036
PSO,F19,14,18245.54670181179
PSO,F19,15,77902.2698086947
PSO,F19,16,582904.0794007978
PSO,F19,17,97068.78526846465
PSO,F19,18,297393.3889706852
PSO,F19,19,3407.283660682626
PSO,F19,20,1916715.98059813
PSO,F19,21,6541508.107691466
PSO,F19,22,1157523.8032847294
PSO,F19,23,375663.26436594577
PSO,F19,24,90985.09524851709
PSO,F19,25,348109.68587388715
PSO,F19,26,90260.73149789429
PSO,F19,27,46010.71858402374
PSO,F19,28,44705.66314598379
PSO,F19,29,5715614.8862756295
PSO,F19,30,104355.26067152488
PSO,F20,1,3277.510649816909
PSO,F20,2,3402.3606091460024
PSO,F20,3,2666.454699931961
PSO,F20,4,3103.9733301468104
PSO,F20,5,3577.7716892669937
PSO,F20,6,3486.093515753734
PSO,F20,7,2513.1179158717023
PSO,F20,8,2751.6696457370685
PSO,F20,9,2806.84815541421
PSO,F20,10,2475.560137494137
PSO,F20,11,3287.394149462253
PSO,F20,12,2850.080630859516
PSO,F20,13,3466.851570878027
PSO,F20,14,2405.975263125355
PSO,F20,15,3042.714343779504
PSO,F20,16,3277.7804035010954
PSO,F20,17,2676.3590215817967
PSO,F20,18,3330.772557690524
PSO,F20,19,2718.359189830787
PSO,F20,20,3288.0183918525436
PSO,F20,21,4196.760901132803
PSO,F20,22,2948.18010013933
PSO,F20,23,2793.528799996863
PSO,F20,24,2775.1118476114957
PSO,F20,25,3088.258859062528
PSO,F20,26,2926.75283447286
PSO,F20,27,3155.234846132314
PSO,F20,28,3010.92497646928
PSO,F20,29,3682.6344719391
PSO,F20,30,3384.960166644727
PSO,F21,1,2450.3733548007763
PSO,F21,2,2664.3095863765125
PSO,F21,3,2564.9795279060017
PSO,F21,4,2439.880491212569
PSO,F21,5,2543.2143684075318
PSO,F21,6,2470.1809014443547
PSO,F21,7,2575.7925251102383
PSO,F21,8,2481.788644740802
PSO,F21,9,2586.590880567227
PSO,F21,10,2478.630454885769
PSO,F21,11,2541.2575990429227
PSO,F21,12,2486.830128676062
PSO,F21,13,2481.2359523935784
PSO,F21,14,2529.961029959679
PSO,F21,15,2453.9347922586103
PSO,F21,16,2521.464487883349
PSO,F21,17,2500.609586289901
PSO,F21,18,2415.315258435895
PSO,F21,19,2553.3247923974664
PSO,F21,20,2532.0272125313027
PSO,F21,21,2598.344073964882
PSO,F21,22,2635.2163189995263
PSO,F21,23,2463.53523916108
PSO,F21,24,2513.492497795715
PSO,F21,25,2472.013648964504
PSO,F21,26,2511.796985676608
PSO,F21,27,2483.1043710942627
PSO,F21,28,2578.4220915587216
PSO,F21,29,2478.0118746256594
PSO,F21,30,2577.6737246964276
PSO,F22,1,11927.079757906367
PSO,F22,2,11630.643216981356
PSO,F22,3,10266.122022508967
PSO,F22,4,9164.140177615094
PSO,F22,5,8457.58215456719
PSO,F22,6,9610.71023669334
PSO,F22,7,10120.400651045129
PSO,F22,8,7422.406208846137
PSO,F22,9,10027.91506262188
PSO,F22,10,11705.615727677681
PSO,F22,11,9323.095451788085
PSO,F22,12,8612.248756208475
PSO,F22,13,10356.965890067255
PSO,F22,14,8804.354154926532
PSO,F22,15,8937.068737938385
PSO,F22,16,11123.691584138445
PSO,F22,17,8319.575723694532
PSO,F22,18,9878.081612327696
PSO,F22,19,10265.633613161965
PSO,F22,20,9569.588316620213
PSO,F22,21,7475.364077573743
PSO,F22,22,9548.620046368682
PSO,F22,23,12220.290490069436
PSO,F22,24,9113.620508465097
PSO,F22,25,11083.203066762995
PSO,F22,26,11514.090350013163
PSO,F22,27,7558.223860012367
PSO,F22,28,10209.10793884877
PSO,F22,29,10265.750176955802
PSO,F22,30,9716.8256886912
PSO,F23,1,3217.283256465984
PSO,F23,2,3162.386991367238
PSO,F23,3,3319.5350135563776
PSO,F23,4,3291.570661670392
PSO,F23,5,3203.955603367708
PSO,F23,6,3125.2280954057424
PSO,F23,7,3159.3787867177566
PSO,F23,8,3373.4594026124864
PSO,F23,9,3414.304645145692
PSO,F23,10,3229.4370729888033
PSO,F23,11,3088.503785317312
PSO,F23,12,3144.8010404204874
PSO,F23,13,3171.6281029225643
PSO,F23,14,3514.688815474584
PSO,F23,15,3354.9994379618197
PSO,F23,16,3305.813630678228
PSO,F23,17,3179.348155297106
PSO,F23,18,3297.4940971425876
PSO,F23,19,3329.948738077651
PSO,F23,20,3445.1362652140588
PSO,F23,21,3225.3125871715856
PSO,F23,22,3252.4511014347863
PSO,F23,23,3612.6778659023494
PSO,F23,24,3343.9588005126616
PSO,F23,25,3412.9584208692395
PSO,F23,26,3302.4533536981526
PSO,F23,27,3254.566028392749
PSO,F23,28,3206.0849250578754
PSO,F23,29,3410.070072695553
PSO,F23,30,3211.086276582969
PSO,F24,1,3579.054476521528
PSO,F24,2,3810.846958594053
PSO,F24,3,3815.8606169588784
PSO,F24,4,3356.617631032927
PSO,F24,5,3428.0160883877793
PSO,F24,6,3187.271056927306
PSO,F24,7,3781.801154245598
PSO,F24,8,3529.249601578866
PSO,F24,9,3297.7094173052155
PSO,F24,10,3394.288324747001
PSO,F24,11,3638.934542459572
PSO,F24,12,3427.3738151735843
PSO,F24,13,3685.9107120846793
PSO,F24,14,3725.0452302234794
PSO,F24,15,3430.3219937436816
PSO,F24,16,3470.2700890104943
PSO,F24,17,3726.5194833121977
PSO,F24,18,3524.3278267761652
PSO,F24,19,3844.9806903167173
PSO,F24,20,3372.5109368555222
PSO,F24,21,3438.340740958625
PSO,F24,22,3461.3943112678908
PSO,F24,23,3188.865532727822
PSO,F24,24,3456.5918049613365
PSO,F24,25,3504.353009773751
PSO,F24,26,3349.765344203043
PSO,F24,27,3683.155558427049
PSO,F24,28,3705.460231611407
PSO,F24,29,3522.0868213853632
PSO,F24,30,3624.688145528129
PSO,F25,1,3122.8247225050736
PSO,F25,2,3956.0873135421753
PSO,F25,3,3148.188614366599
PSO,F25,4,3146.8575079527286
PSO,F25,5,3173.083651437048
PSO,F25,6,3185.818700413186
PSO,F25,7,3244.4251059267835
PSO,F25,8,3154.754251456482
PSO,F25,9,3117.2689718796014
PSO,F25,10,3127.3741995586206
PSO,F25,11,3100.3986954960355
PSO,F25,12,3058.8822695610847
PSO,F25,13,3120.0738290196787
PSO,F25,14,3160.897235380892
PSO,F25,15,3586.1230946430587
PSO,F25,16,3104.786933855653
PSO,F25,17,3090.3824540718583
PSO,F25,18,3044.9332387670274
PSO,F25,19,3303.1227688656218
PSO,F25,20,3075.766130054994
PSO,F25,21,3129.955938266338
PSO,F25,22,3102.62692742038
PSO,F25,23,3106.5767491654947
PSO,F25,24,3111.734009718016
PSO,F25,25,3196.3999252027374
PSO,F25,26,3536.3899758077096
PSO,F25,27,3151.044629561946
PSO,F25,28,3021.2406397064246
PSO,F25,29,3181.1649497933477
PSO,F25,30,3042.038030410654
PSO,F26,1,4071.766456223633
PSO,F26,2,4499.631996141083
PSO,F26,3,7285.0393460463
PSO,F26,4,3711.8921153710694
PSO,F26,5,7893.013520766062
PSO,F26,6,6366.89192023018
PSO,F26,7,5910.804909853316
PSO,F26,8,6007.641389673131
PSO,F26,9,7383.172297448984
PSO,F26,10,7687.594119006188
PSO,F26,11,7029.176230754913
PSO,F26,12,10242.214767132198
PSO,F26,13,6302.944747634757
PSO,F26,14,7301.511057707423
PSO,F26,15,7323.254179917461
PSO,F26,16,7773.148955839272
PSO,F26,17,4007.4122431967685
PSO,F26,18,6472.560981849484
PSO,F26,19,6271.6034627162935
PSO,F26,20,4031.4740385219447
PSO,F26,21,3709.6559297360664
PSO,F26,22,7313.333242194555
PSO,F26,23,6949.64401969941
PSO,F26,24,7670.55333480152
PSO,F26,25,6118.90066804026
PSO,F26,26,5840.5184987228695
PSO,F26,27,5921.184321615596
PSO,F26,28,3891.9094318581933
PSO,F26,29,8328.60058534371
PSO,F26,30,4172.682009624704
PSO,F27,1,3512.216433235022
PSO,F27,2,3656.288082608511
PSO,F27,3,3713.8663928674096
PSO,F27,4,4188.9340173226565
PSO,F27,5,3360.1794090022413
PSO,F27,6,3849.2862802422346
PSO,F27,7,4030.3681490760728
PSO,F27,8,3500.5088480540826
PSO,F27,9,3870.6923469452495
PSO,F27,10,3912.8113749016
PSO,F27,11,3790.66607761097
PSO,F27,12,3569.491710093254
PSO,F27,13,3770.3515692037545
PSO,F27,14,3827.154099566908
PSO,F27,15,3682.680378237687
PSO,F27,16,3917.847491301618
PSO,F27,17,3883.4321344718255
PSO,F27,18,3872.6530616565533
PSO,F27,19,3945.631436625235
PSO,F27,20,4102.761637823725
PSO,F27,21,3814.1265983466424
PSO,F27,22,4651.421996942136
PSO,F27,23,3524.7529541678828
PSO,F27,24,4129.692830313899
PSO,F27,25,3762.7833784341688
PSO,F27,26,4036.3490238514
PSO,F27,27,4238.133708762793
PSO,F27,28,3772.4420763386343
PSO,F27,29,3612.2186358360814
PSO,F27,30,4386.264083899727
PSO,F28,1,3692.103736156103
PSO,F28,2,3998.2593398651916
PSO,F28,3,4965.746984272012
PSO,F28,4,3867.4277118065547
PSO,F28,5,5400.979833103321
PSO,F28,6,3595.2436911452305
PSO,F28,7,3504.3255999366975
PSO,F28,8,6419.039257820522
PSO,F28,9,3373.4536358239707
PSO,F28,10,3514.073733390892
PSO,F28,11,3457.3669815094077
PSO,F28,12,3627.173682256563
PSO,F28,13,4984.616020203852
PSO,F28,14,4668.535608554129
PSO,F28,15,3403.410980200911
PSO,F28,16,4028.0677593373493
PSO,F28,17,3459.4091800792376
PSO,F28,18,3378.498144971985
PSO,F28,19,3522.5300847715907
PSO,F28,20,3550.9988111088005
PSO,F28,21,3565.727343949935
PSO,F28,22,3570.8521439667347
PSO,F28,23,3489.413368934449
PSO,F28,24,3479.7264141558667
PSO,F28,25,3808.385163134207
PSO,F28,26,3341.4352160255526
PSO,F28,27,3627.526715799676
PSO,F28,28,3500.9672323430123
PSO,F28,29,3679.5053983365674
PSO,F28,30,3555.246812758548
PSO,F29,1,5049.4190321471915
PSO,F29,2,4494.299031304732
PSO,F29,3,3700.0074257515726
PSO,F29,4,5299.4044639706035
PSO,F29,5,4529.873462934282
PSO,F29,6,4491.095235384157
PSO,F29,7,4695.725382470814
PSO,F29,8,3976.1758463981905
PSO,F29,9,3878.2270663585414
PSO,F29,10,4515.9996297191055
PSO,F29,11,5051.472467425306
PSO,F29,12,4618.13684171266
PSO,F29,13,4103.696958136322
PSO,F29,14,4136.131740210797
PSO,F29,15,4042.4720956343335
PSO,F29,16,4029.272908762043
PSO,F29,17,4711.497799860592
PSO,F29,18,4494.286823115261
PSO,F29,19,3959.629765460777
PSO,F29,20,3946.825664557987
PSO,F29,21,3888.2090735391885
PSO,F29,22,4718.37682015804
PSO,F29,23,4686.882182110553
PSO,F29,24,4518.206687584028
PSO,F29,25,4926.612788946071
PSO,F29,26,4277.905994464261
PSO,F29,27,4390.868191565202
PSO,F29,28,4281.3782707672535
PSO,F29,29,4121.555045687886
PSO,F29,30,4913.827587857026
PSO,F30,1,53741040.27659419
PSO,F30,2,4769696.291081029
PSO,F30,3,3815204.9615455563
PSO,F30,4,34531960.12019804
PSO,F30,5,21154088.907098435
PSO,F30,6,11462738.346627437
PSO,F30,7,118194252.82862295
PSO,F30,8,2704432.7126652524
PSO,F30,9,2372133.7776369215
PSO,F30,10,5006073.406484863
PSO,F30,11,3626396.4790567523
PSO,F30,12,7517577.859775898
PSO,F30,13,12336564.396034665
PSO,F30,14,4002864.562493857
PSO,F30,15,2342989.3771279813
PSO,F30,16,11468275.016836002
PSO,F30,17,5729804.836767867
PSO,F30,18,7580103.031783707
PSO,F30,19,9700571.61080061
PSO,F30,20,4089842.301729866
PSO,F30,21,2666485.442883604
PSO,F30,22,17412571.11641287
PSO,F30,23,6321616.298407148
PSO,F30,24,19767645.23329673
PSO,F30,25,8250818.019792652
PSO,F30,26,3051887.6657648887
PSO,F30,27,10700422.288867388
PSO,F30,28,97583129.60832602
PSO,F30,29,4694805.062645449
PSO,F30,30,2544395.6934576468
DE,F1,1,14925128.730649551
DE,F1,2,1296482446.8286881
DE,F1,3,271904113.0875606
DE,F1,4,210167840.0057228
DE,F1,5,6456030.701465633
DE,F1,6,1667185104.3723686
DE,F1,7,1282075.5079581481
DE,F1,8,31893826.815500412
DE,F1,9,5351522.743840357
DE,F1,10,869316425.041569
DE,F1,11,542942991.9927473
DE,F1,12,164903286.95560417
DE,F1,13,12750315.4589025
DE,F1,14,5280444.703132037
DE,F1,15,318064057.0370642
DE,F1,16,378103919.3572126
DE,F1,17,246625993.86891705
DE,F1,18,178348487.5080941
DE,F1,19,1433365.6334826788
DE,F1,20,9844800.220634231
DE,F1,21,254080843.77787057
DE,F1,22,4334558.091573713
DE,F1,23,5580369.989370172
DE,F1,24,671720408.8124368
DE,F1,25,128818777.42160213
DE,F1,26,340661475.4363465
DE,F1,27,1254448552.2978654
DE,F1,28,19533633657.853127
DE,F1,29,98133345.1667426
DE,F1,30,101838909.64790215
DE,F3,1,174436.8645511587
DE,F3,2,260037.1621107359
DE,F3,3,258783.80954309352
DE,F3,4,269309.6038651182
DE,F3,5,176125.81377040697
DE,F3,6,288673.38339055865
DE,F3,7,265003.5941275294
DE,F3,8,206458.71948736752
DE,F3,9,216074.93693854279
DE,F3,10,270187.0664342387
DE,F3,11,251638.54578690504
DE,F3,12,186885.64968465088
DE,F3,13,225507.8721367677
DE,F3,14,342035.3736701758
DE,F3,15,195917.0535681099
DE,F3,16,166752.3687735723
DE,F3,17,245679.41798131834
DE,F3,18,211678.09111652191
DE,F3,19,274962.6723268595
DE,F3,20,283674.54040882504
DE,F3,21,242515.06393990328
DE,F3,22,322353.11183994904
DE,F3,23,227473.750763137
DE,F3,24,230958.22668247615
DE,F3,25,205447.21788173678
DE,F3,26,236744.62836641216
DE,F3,27,207521.79820791722
DE,F3,28,220402.81236924764
DE,F3,29,249180.4745968562
DE,F3,30,233776.0312791385
DE,F4,1,582.5279285684413
DE,F4,2,674.8311826416798
DE,F4,3,566.598432995482
DE,F4,4,635.7119764615745
DE,F4,5,537.1378589827767
DE,F4,6,618.7456845562834
DE,F4,7,579.160981949916
DE,F4,8,591.3665476532362
DE,F4,9,642.489751931421
DE,F4,10,578.397419300393
DE,F4,11,668.1207876384626
DE,F4,12,666.7094189249749
DE,F4,13,636.3440049985529
DE,F4,14,883.6488356188611
DE,F4,15,679.1963911078531
DE,F4,16,606.2653613425978
DE,F4,17,609.5982446308168
DE,F4,18,672.6513418445543
DE,F4,19,559.2132692375748
DE,F4,20,544.0984745469893
DE,F4,21,634.6400133505394
DE,F4,22,672.3735425293273
DE,F4,23,564.4697833212231
DE,F4,24,624.3727199193936
DE,F4,25,526.772979663688
DE,F4,26,689.0115223831431
DE,F4,27,682.6906118663858
DE,F4,28,564.7972146382872
DE,F4,29,637.6845834569212
DE,F4,30,588.9680106066075
DE,F5,1,893.7427837874113
DE,F5,2,647.3564917270073
DE,F5,3,937.6549496084328
DE,F5,4,867.1999410602702
DE,F5,5,895.2118742117881
DE,F5,6,871.8679417683425
DE,F5,7,941.7872723115904
DE,F5,8,763.9141072476068
DE,F5,9,614.727857012263
DE,F5,10,858.1312572893132
DE,F5,11,899.2693079353916
DE,F5,12,864.3543640199731
DE,F5,13,891.3723764919948
DE,F5,14,906.1965267098726
DE,F5,15,882.9594679564682
DE,F5,16,854.7337212385221
DE,F5,17,588.1553400904584
DE,F5,18,880.8177540117184
DE,F5,19,923.946783875032
DE,F5,20,881.4811388240794
DE,F5,21,847.3588226736035
DE,F5,22,928.8228161604626
DE,F5,23,675.0135328854692
DE,F5,24,907.6764777069604
DE,F5,25,876.7978185720723
DE,F5,26,917.8752058860251
DE,F5,27,881.0096991085803
DE,F5,28,846.948760928992
DE,F5,29,841.5380264281719
DE,F5,30,920.7474026196021
DE,F6,1,601.2090679865797
DE,F6,2,600.9100834710512
DE,F6,3,602.5748441283603
DE,F6,4,601.4516849489607
DE,F6,5,601.2557357902398
DE,F6,6,601.7328409458441
DE,F6,7,601.6206233280346
DE,F6,8,602.1061482888796
DE,F6,9,601.9298964208451
DE,F6,10,602.2383252946195
DE,F6,11,601.6582989964692
DE,F6,12,602.9699140451695
DE,F6,13,601.533959074207
DE,F6,14,602.6078787709642
DE,F6,15,601.4496982060393
DE,F6,16,602.9098348956476
DE,F6,17,604.6856054903878
DE,F6,18,600.9012452256942
DE,F6,19,603.3832281196749
DE,F6,20,601.4684988580225
DE,F6,21,600.7083868059035
DE,F6,22,601.85010916164
DE,F6,23,601.8452408814086
DE,F6,24,601.19126927673
DE,F6,25,600.7251838510715
DE,F6,26,603.0869161256072
DE,F6,27,602.7155895723515
DE,F6,28,600.4079465289541
DE,F6,29,602.181178935449
DE,F6,30,603.8804015456708
DE,F7,1,1173.8394446008497
DE,F7,2,1199.3264492694527
DE,F7,3,1179.8130586070279
DE,F7,4,1226.6516535712399
DE,F7,5,1180.248551832343
DE,F7,6,1204.1302844083905
DE,F7,7,1247.3515127689698
DE,F7,8,1252.8465981781337
DE,F7,9,1194.728377177901
DE,F7,10,1259.8782503035654
DE,F7,11,1171.6055055131426
DE,F7,12,1273.7537381240056
DE,F7,13,1198.590461526545
DE,F7,14,1250.540275317303
DE,F7,15,1258.231220598218
DE,F7,16,1219.3037521754786
DE,F7,17,1225.44196467656
DE,F7,18,1193.959513010963
DE,F7,19,1272.997299694639
DE,F7,20,1237.355042339809
DE,F7,21,1181.9414903815555
DE,F7,22,1317.1015877828604
DE,F7,23,1280.832951973659
DE,F7,24,1205.1025753347087
DE,F7,25,1204.6461981405655
DE,F7,26,1195.0437294620556
DE,F7,27,1134.314006272682
DE,F7,28,1209.0061366817777
DE,F7,29,1176.2232146258755
DE,F7,30,1228.5876545199533
DE,F8,1,1217.013721606542
DE,F8,2,1170.166372765035
DE,F8,3,1112.1470892273815
DE,F8,4,1043.6754150357717
DE,F8,5,875.794682331564
DE,F8,6,1205.7669904672684
DE,F8,7,1204.686960633225
DE,F8,8,1222.825141949424
DE,F8,9,1196.6647794297749
DE,F8,10,1083.5921515689329
DE,F8,11,1217.5796323545408
DE,F8,12,1221.7953185932831
DE,F8,13,1119.6784711806972
DE,F8,14,1226.280371031228
DE,F8,15,1190.66249062424
DE,F8,16,1157.785813341181
DE,F8,17,1210.252576367752
DE,F8,18,1228.7946574186676
DE,F8,19,909.4394992819769
DE,F8,20,1247.0313864701172
DE,F8,21,1140.2277843683905
DE,F8,22,977.627829335768
DE,F8,23,1197.2555474194978
DE,F8,24,1146.4614904210318
DE,F8,25,1192.0221235941362
DE,F8,26,1230.6905411798446
DE,F8,27,1204.473993496304
DE,F8,28,1220.4817340558761
DE,F8,29,959.9097175164451
DE,F8,30,1187.4643165461575
DE,F9,1,1409.3502564094026
DE,F9,2,3720.966937972577
DE,F9,3,2306.9921651950253
DE,F9,4,2542.3458543970146
DE,F9,5,2785.799787317876
DE,F9,6,1710.5013938561046
DE,F9,7,3324.744940321965
DE,F9,8,1509.744409005464
DE,F9,9,5426.804871939879
DE,F9,10,1089.0611980279202
DE,F9,11,1183.1241981857106
DE,F9,12,2411.5764603942725
DE,F9,13,2965.8758883600326
DE,F9,14,1259.5640095911122
DE,F9,15,1048.2555055363794
DE,F9,16,984.9048484297541
DE,F9,17,1809.1733175450872
DE,F9,18,3082.720239644482
DE,F9,19,1782.5932444453815
DE,F9,20,4297.962607495536
DE,F9,21,3339.3474817364036
DE,F9,22,1518.8064693083097
DE,F9,23,1129.8467623518393
DE,F9,24,1535.8180187525604
DE,F9,25,1762.3679650624115
DE,F9,26,1813.2375676817742
DE,F9,27,1850.8159408628444
DE,F9,28,1002.6661110974003
DE,F9,29,2164.479818144978
DE,F9,30,1539.3622578947002
DE,F10,1,15360.19784263849
DE,F10,2,14760.785906651878
DE,F10,3,14530.523381609954
DE,F10,4,14843.721817117574
DE,F10,5,14231.080884718873
DE,F10,6,15235.832378324247
DE,F10,7,15492.656894422857
DE,F10,8,15452.0736687174
DE,F10,9,15381.395159869466
DE,F10,10,15331.516243208102
DE,F10,11,14816.222608669752
DE,F10,12,15462.329175568382
DE,F10,13,14568.917123756655
DE,F10,14,15316.112756826275
DE,F10,15,15013.075006632458
DE,F10,16,14799.190350825309
DE,F10,17,15154.07578489881
DE,F10,18,15193.007493911136
DE,F10,19,15025.388992779754
DE,F10,20,15459.940465256754
DE,F10,21,15163.82328660411
DE,F10,22,15044.55195692454
DE,F10,23,14495.176179322698
DE,F10,24,15100.775684179793
DE,F10,25,15376.644594714246
DE,F10,26,15323.49244376192
DE,F10,27,14463.515739895292
DE,F10,28,15191.926224254588
DE,F10,29,14528.54836052017
DE,F10,30,14706.38108765054
DE,F11,1,1234.1365034859575
DE,F11,2,1965.7209771456044
DE,F11,3,1321.0264653993847
DE,F11,4,1204.7877839431278
DE,F11,5,1377.2532996749994
DE,F11,6,1318.0553055036667
DE,F11,7,1451.0365731224495
DE,F11,8,1545.4899143900923
DE,F11,9,1471.337391365297
DE,F11,10,1447.5166651056302
DE,F11,11,1919.4856198748168
DE,F11,12,1267.3097518348022
DE,F11,13,1428.202946105348
DE,F11,14,1684.8234122113042
DE,F11,15,1319.6337738011184
DE,F11,16,1203.6820747546378
DE,F11,17,1312.9129609703336
DE,F11,18,1737.7455847882077
DE,F11,19,1771.13307616508
DE,F11,20,1261.4853509532586
DE,F11,21,1233.531048867004
DE,F11,22,1300.3657295191142
DE,F11,23,1285.3107628857767
DE,F11,24,1460.4762104960364
DE,F11,25,1313.3931736657896
DE,F11,26,1282.3370801041688
DE,F11,27,1287.182634797349
DE,F11,28,1368.0439811482725
DE,F11,29,1524.9386201578884
DE,F11,30,1240.9741584293893
DE,F12,1,3145677.5974114696
DE,F12,2,10883508.82448785
DE,F12,3,2241312.277486208
DE,F12,4,735542.1142671509
DE,F12,5,3151815.8802385996
DE,F12,6,4094294.2863218095
DE,F12,7,3200798.0383788575
DE,F12,8,3819523.8500937354
DE,F12,9,1872159.1797215324
DE,F12,10,6041729.024770966
DE,F12,11,22458195.690004148
DE,F12,12,11584983.39584495
DE,F12,13,11051150.543189494
DE,F12,14,1882176.0750241294
DE,F12,15,1597284.7983519335
DE,F12,16,12459624.608341744
DE,F12,17,8981775.16543873
DE,F12,18,1718180.886226063
DE,F12,19,3031990.5964396447
DE,F12,20,11473690.03884602
DE,F12,21,2230342.0015761754
DE,F12,22,11237903.562947875
DE,F12,23,10098657.704332909
DE,F12,24,9976984.229597008
DE,F12,25,5664336.673955159
DE,F12,26,4371627.380632459
DE,F12,27,7765021.860222885
DE,F12,28,2324516.050607303
DE,F12,29,4779028.5240277285
DE,F12,30,11275177.659702308
DE,F13,1,4761.9287720280945
DE,F13,2,12154.840410967427
DE,F13,3,15732.23222627142
DE,F13,4,8988.754665112647
DE,F13,5,2093.5783134375342
DE,F13,6,28685.53609051836
DE,F13,7,9954.402058911537
DE,F13,8,3486.435410879925
DE,F13,9,2221.039316847729
DE,F13,10,3340.714673618888
DE,F13,11,7025.816323695326
DE,F13,12,18680.399368248276
DE,F13,13,21771.786619843795
DE,F13,14,14774.570404451675
DE,F13,15,5081.831989607832
DE,F13,16,7509.858901457431
DE,F13,17,3693.669872906458
DE,F13,18,34395.441808142205
DE,F13,19,3011.971708965643
DE,F13,20,7205.93251000284
DE,F13,21,32772.00854693384
DE,F13,22,9623.057830549198
DE,F13,23,3566.5561835464446
DE,F13,24,9966.523266764489
DE,F13,25,4306.398492408223
DE,F13,26,5593.234756634058
DE,F13,27,2955.0575379880374
DE,F13,28,30364.09610714302
DE,F13,29,16676.337692365647
DE,F13,30,15741.744303517336
DE,F14,1,79556.19008075971
DE,F14,2,264543.5726922866
DE,F14,3,204150.41727624022
DE,F14,4,34967.231080547186
DE,F14,5,61938.92374383838
DE,F14,6,110356.1437844182
DE,F14,7,32362.13737437053
DE,F14,8,60274.82073466004
DE,F14,9,19345.410056545374
DE,F14,10,77050.83537047946
DE,F14,11,29726.7386683675
DE,F14,12,36940.06351266904
DE,F14,13,208124.53213414573
DE,F14,14,83333.45551512747
DE,F14,15,29717.57358227964
DE,F14,16,21607.03049087113
DE,F14,17,42006.97524336809
DE,F14,18,70149.34383503266
DE,F14,19,280784.72689481504
DE,F14,20,107187.09569423234
DE,F14,21,51120.391189481576
DE,F14,22,24911.172900522575
DE,F14,23,24391.21549139946
DE,F14,24,8398.276349280766
DE,F14,25,21480.215738966264
DE,F14,26,9453.40704755074
DE,F14,27,7887.9541064264
DE,F14,28,152217.98472666406
DE,F14,29,83373.36227375586
DE,F14,30,207489.28328605395
DE,F15,1,6663.671932651041
DE,F15,2,3003.0353456481794
DE,F15,3,1748.3722212091768
DE,F15,4,1943.854830424337
DE,F15,5,4200.559996455351
DE,F15,6,19755.54634515727
DE,F15,7,16900.75561573007
DE,F15,8,7119.562389246954
DE,F15,9,14231.567827603878
DE,F15,10,22880.643901077707
DE,F15,11,6962.726867505429
DE,F15,12,13071.629919246554
DE,F15,13,2147.09834973521
DE,F15,14,2232.0334249580933
DE,F15,15,1733.6783241843991
DE,F15,16,1977.6079792475382
DE,F15,17,9323.630327296869
DE,F15,18,33375.49040708835
DE,F15,19,2901.5339663363493
DE,F15,20,2407.915850555857
DE,F15,21,12251.167972513853
DE,F15,22,5132.114434313675
DE,F15,23,2162.465181927946
DE,F15,24,4189.291081218029
DE,F15,25,27578.807100728816
DE,F15,26,17169.662096746542
DE,F15,27,2454.705689915361
DE,F15,28,18512.25108950366
DE,F15,29,2968.6926373179626
DE,F15,30,6056.91751094236
DE,F16,1,3242.528295384456
DE,F16,2,5039.433243497442
DE,F16,3,4684.255880464241
DE,F16,4,3057.7933050499705
DE,F16,5,3060.524986051499
DE,F16,6,4717.5157146929305
DE,F16,7,5248.593123941413
DE,F16,8,2521.331073649566
DE,F16,9,3679.79412809139
DE,F16,10,2728.4511540181297
DE,F16,11,2446.807492461068
DE,F16,12,4340.403232841348
DE,F16,13,4297.913967309667
DE,F16,14,4124.8690471387545
DE,F16,15,5003.06944537064
DE,F16,16,5189.077363200044
DE,F16,17,2949.470462079832
DE,F16,18,3235.5579071778743
DE,F16,19,5029.06138815212
DE,F16,20,4780.1224001148585
DE,F16,21,4533.7587752943655
DE,F16,22,5243.707668464172
DE,F16,23,3982.93603401912
DE,F16,24,4841.698883442731
DE,F16,25,4762.505632167838
DE,F16,26,4774.471183836203
DE,F16,27,4606.456087005451
DE,F16,28,2050.983380980303
DE,F16,29,4332.240140472673
DE,F16,30,4885.666634407705
DE,F17,1,3205.601120664653
DE,F17,2,2933.654877000906
DE,F17,3,3080.146164106507
DE,F17,4,3090.97112046249
DE,F17,5,3136.3423165609497
DE,F17,6,4067.867444831299
DE,F17,7,4027.9018913642244
DE,F17,8,4086.3013719469886
DE,F17,9,3126.4278832556847
DE,F17,10,3596.3875869803287
DE,F17,11,2355.400908719258
DE,F17,12,3752.628559417557
DE,F17,13,4094.6510421150415
DE,F17,14,2889.7834404183964
DE,F17,15,2898.483275538616
DE,F17,16,3718.6438165852323
DE,F17,17,4068.340259320731
DE,F17,18,2788.299804893313
DE,F17,19,3773.8990483028015
DE,F17,20,2216.481875949753
DE,F17,21,2126.359103829961
DE,F17,22,3852.590720409496
DE,F17,23,4069.455247313367
DE,F17,24,2407.5336092796897
DE,F17,25,2579.190460677598
DE,F17,26,2419.763391935344
DE,F17,27,4246.0794115993285
DE,F17,28,4146.526006445349
DE,F17,29,3908.8083221170855
DE,F17,30,2883.018191851792
DE,F18,1,591732.3902506017
DE,F18,2,21886.41671840915
DE,F18,3,1855961.3564782331
DE,F18,4,461623.02682378027
DE,F18,5,214817.60333438637
DE,F18,6,364387.1948584111
DE,F18,7,76391.48752719976
DE,F18,8,74580.9219222696
DE,F18,9,417749.68173995183
DE,F18,10,1894860.448162275
DE,F18,11,367984.9792668633
DE,F18,12,1338357.254607832
DE,F18,13,183761.4642353286
DE,F18,14,66102.56809719978
DE,F18,15,107595.1197679613
DE,F18,16,891848.6446666284
DE,F18,17,844382.433846985
DE,F18,18,118198.23893537726
DE,F18,19,145848.7085676368
DE,F18,20,222281.9929588579
DE,F18,21,406343.25543715886
DE,F18,22,89692.25745881684
DE,F18,23,117124.47413093245
DE,F18,24,1022426.4782472716
DE,F18,25,321826.70624198264
DE,F18,26,1081393.5103731558
DE,F18,27,293272.31120144203
DE,F18,28,657530.5408538881
DE,F18,29,1802004.6015643226
DE,F18,30,140523.13237360638
DE,F19,1,5562.311517723914
DE,F19,2,6406.423521386348
DE,F19,3,3366.8473910905423
DE,F19,4,13380.846383781485
DE,F19,5,30415.22205870098
DE,F19,6,22647.107450311854
DE,F19,7,14695.35627441549
DE,F19,8,7919.722883503295
DE,F19,9,3940.803165976289
DE,F19,10,4381.81413926268
DE,F19,11,3059.1326834700576
DE,F19,12,4451.917963956745
DE,F19,13,18197.286177129594
DE,F19,14,42497.403479176355
DE,F19,15,2570.5853117657407
DE,F19,16,2096.825286863975
DE,F19,17,9234.115978635884
DE,F19,18,40657.97988306407
DE,F19,19,3072.9542259405107
DE,F19,20,12288.046303625613
DE,F19,21,2047.4328186898424
DE,F19,22,6277.13756172621
DE,F19,23,22339.000880900217
DE,F19,24,29385.847025015984
DE,F19,25,10458.405075642628
DE,F19,26,27465.940332201557
DE,F19,27,3330.6021709109036
DE,F19,28,2278.4715428411573
DE,F19,29,6770.1079611783925
DE,F19,30,30496.45815905892
DE,F20,1,3039.8285604486937
DE,F20,2,3043.9698593145768
DE,F20,3,3358.958138280814
DE,F20,4,3190.9527720678725
DE,F20,5,3668.4181125692267
DE,F20,6,3543.7685944064688
DE,F20,7,3317.1462976871912
DE,F20,8,3258.658739985525
DE,F20,9,3931.8191692302253
DE,F20,10,2513.474362127506
DE,F20,11,4234.898768022676
DE,F20,12,3030.9462208938803
DE,F20,13,3887.819958486118
DE,F20,14,3574.479478500531
DE,F20,15,4231.548921403248
DE,F20,16,4172.749571297093
DE,F20,17,3713.9467073289397
DE,F20,18,3514.734608367932
DE,F20,19,2522.9865611925707
DE,F20,20,3435.656367871983
DE,F20,21,3199.564446110873
DE,F20,22,3993.6678809018604
DE,F20,23,4122.030565579464
DE,F20,24,3671.7016446485063
DE,F20,25,3372.5579617179255
DE,F20,26,2502.2279325411173
DE,F20,27,3161.921729763449
DE,F20,28,3782.6922461329095
DE,F20,29,3265.608358841355
DE,F20,30,3485.552965287473
DE,F21,1,2697.3004847802376
DE,F21,2,2694.121535609174
DE,F21,3,2687.405302877854
DE,F21,4,2671.834020039918
DE,F21,5,2718.181269988454
DE,F21,6,2711.324894113323
DE,F21,7,2698.4973660148835
DE,F21,8,2723.9973161650464
DE,F21,9,2659.445421505456
DE,F21,10,2657.2900187823902
DE,F21,11,2724.4464131575237
DE,F21,12,2675.772924705929
DE,F21,13,2726.6920818967997
DE,F21,14,2697.730743932846
DE,F21,15,2713.8208807038554
DE,F21,16,2411.5674357232892
DE,F21,17,2693.593763792202
DE,F21,18,2688.308534740978
DE,F21,19,2450.5917769330167
DE,F21,20,2715.7865304967922
DE,F21,21,2732.3016843332352
DE,F21,22,2653.1914599488164
DE,F21,23,2683.5057750725555
DE,F21,24,2691.6967405275063
DE,F21,25,2657.859897552271
DE,F21,26,2690.9139090937956
DE,F21,27,2729.697555515953
DE,F21,28,2705.4014000976285
DE,F21,29,2692.513963289901
DE,F21,30,2725.9638576418447
DE,F22,1,16969.1249524732
DE,F22,2,16075.97646131158
DE,F22,3,15736.595063098688
DE,F22,4,16775.88575758104
DE,F22,5,16122.156526957966
DE,F22,6,16734.904084513873
DE,F22,7,16563.257710113845
DE,F22,8,16401.461070999598
DE,F22,9,17187.60248467009
DE,F22,10,16584.716882254186
DE,F22,11,17052.202187325754
DE,F22,12,16393.306755946578
DE,F22,13,16463.099167001143
DE,F22,14,16439.59564407421
DE,F22,15,17133.594424662413
DE,F22,16,16197.483281442965
DE,F22,17,16853.3077330261
DE,F22,18,15822.341261065027
DE,F22,19,16484.32612853565
DE,F22,20,16482.06177937833
DE,F22,21,16520.78597102975
DE,F22,22,16558.755750816585
DE,F22,23,16289.637945655404
DE,F22,24,16933.87254480196
DE,F22,25,16985.95012204987
DE,F22,26,16441.47169235572
DE,F22,27,14584.94912034627
DE,F22,28,16831.313237641385
DE,F22,29,16764.397436077714
DE,F22,30,17010.765504519844
DE,F23,1,3130.135358359875
DE,F23,2,2980.8416071345623
DE,F23,3,3166.894221856086
DE,F23,4,3115.520478197307
DE,F23,5,3138.1375673209263
DE,F23,6,2834.344990411484
DE,F23,7,3135.6049369289904
DE,F23,8,2840.4633065299936
DE,F23,9,3194.8397009934356
DE,F23,10,2898.307280839526
DE,F23,11,3050.4526855716076
DE,F23,12,3168.322629355178
DE,F23,13,3154.7916698919385
DE,F23,14,3164.1778361162205
DE,F23,15,3109.9556554359788
DE,F23,16,3156.3259858085385
DE,F23,17,2817.3264551185284
DE,F23,18,3119.2503372962615
DE,F23,19,3115.890556475038
DE,F23,20,3134.3227932737036
DE,F23,21,2884.249295117913
DE,F23,22,2843.444157782288
DE,F23,23,3110.6030888696528
DE,F23,24,2881.0365347404304
DE,F23,25,3137.0988329737243
DE,F23,26,3164.122587504839
DE,F23,27,3126.0584628871447
DE,F23,28,2838.3218216368573
DE,F23,29,3100.2900594122707
DE,F23,30,3084.8769093400656
DE,F24,1,3397.2024007779983
DE,F24,2,3243.046923354361
DE,F24,3,3391.421957930237
DE,F24,4,3303.4528140116277
DE,F24,5,3322.8744215380693
DE,F24,6,3445.743950589233
DE,F24,7,3052.5962970379896
DE,F24,8,3313.664650596469
DE,F24,9,3328.935764703004
DE,F24,10,3258.95440605628
DE,F24,11,3397.8114757027993
DE,F24,12,3322.880935601654
DE,F24,13,3348.95927339525
DE,F24,14,3351.8627699814933
DE,F24,15,3311.488572759912
DE,F24,16,3248.4780720201147
DE,F24,17,3382.3586009066694
DE,F24,18,3341.145207432428
DE,F24,19,3372.5623898361664
DE,F24,20,3306.9071911099218
DE,F24,21,3322.556482557161
DE,F24,22,3399.762379557089
DE,F24,23,3310.17650746222
DE,F24,24,3346.7178563785455
DE,F24,25,3385.2962815327332
DE,F24,26,3309.1827700012077
DE,F24,27,3300.8310886928903
DE,F24,28,3158.9750024822233
DE,F24,29,3439.310974177057
DE,F24,30,3295.4743346768214
DE,F25,1,3076.141618568109
DE,F25,2,3181.475842720172
DE,F25,3,3135.2721764969074
DE,F25,4,3295.7606194893096
DE,F25,5,3134.2335165800982
DE,F25,6,3092.2608499772377
DE,F25,7,3112.759049821387
DE,F25,8,3075.25331519307
DE,F25,9,3131.7464599092136
DE,F25,10,3105.675039502805
DE,F25,11,3146.784211922763
DE,F25,12,3084.708137967425
DE,F25,13,3103.3987836419515
DE,F25,14,3093.8115279123176
DE,F25,15,3104.737455769049
DE,F25,16,3159.867656746844
DE,F25,17,3096.420212868261
DE,F25,18,3133.3174648369068
DE,F25,19,3123.6619275372527
DE,F25,20,3447.674248608964
DE,F25,21,3073.0321464059834
DE,F25,22,3090.9378272123995
DE,F25,23,3087.8147960767396
DE,F25,24,3220.211584459878
DE,F25,25,3107.0511041452874
DE,F25,26,3123.3140275272067
DE,F25,27,3080.1276541702637
DE,F25,28,3055.699874991256
DE,F25,29,3084.599549390464
DE,F25,30,3128.961708620768
DE,F26,1,7909.036894459341
DE,F26,2,4954.014778126594
DE,F26,3,4903.978163954362
DE,F26,4,5678.457030704679
DE,F26,5,5875.465518332038
DE,F26,6,7922.210032396249
DE,F26,7,5403.951932427246
DE,F26,8,8482.611317379013
DE,F26,9,8384.76860302723
DE,F26,10,5274.539146094263
DE,F26,11,4851.571311287374
DE,F26,12,5708.927054671284
DE,F26,13,4832.572075846627
DE,F26,14,4900.614881703362
DE,F26,15,5495.7068895954135
DE,F26,16,4740.796669238465
DE,F26,17,4882.895904198229
DE,F26,18,5905.0079906452065
DE,F26,19,4986.9822600181715
DE,F26,20,4798.106438148434
DE,F26,21,4715.171845948589
DE,F26,22,5883.906790148038
DE,F26,23,5652.971926899776
DE,F26,24,4370.784874986284
DE,F26,25,5060.255734750331
DE,F26,26,5353.1585926059715
DE,F26,27,5933.2331268328435
DE,F26,28,6910.718532002724
DE,F26,29,7775.238732397109
DE,F26,30,4672.945994622218
DE,F27,1,3527.5334964484828
DE,F27,2,3618.674383274432
DE,F27,3,3478.47053034733
DE,F27,4,3538.417154039221
DE,F27,5,3410.0114330698193
DE,F27,6,3364.8100454517066
DE,F27,7,3418.9224229926995
DE,F27,8,3425.8226174899664
DE,F27,9,3431.657447622014
DE,F27,10,3271.935171540422
DE,F27,11,3290.2924924462986
DE,F27,12,3415.3194801084674
DE,F27,13,3355.0404223209534
DE,F27,14,3606.7690943369244
DE,F27,15,3363.482944039941
DE,F27,16,3439.0119059902017
DE,F27,17,3315.1966800836653
DE,F27,18,3313.4802488128094
DE,F27,19,3407.3411101032398
DE,F27,20,3289.13969263648
DE,F27,21,3355.5483077155614
DE,F27,22,3367.0637464492984
DE,F27,23,3305.990347487399
DE,F27,24,3384.9299827738882
DE,F27,25,3578.9243317767005
DE,F27,26,3458.590192826565
DE,F27,27,3589.6344860894596
DE,F27,28,3440.2075427309837
DE,F27,29,3328.19185709868
DE,F27,30,3337.4076334935708
DE,F28,1,3500.0243743644382
DE,F28,2,3426.4535601247703
DE,F28,3,3429.07167917355
DE,F28,4,3374.796716542261
DE,F28,5,3466.799459967692
DE,F28,6,3307.8831230260826
DE,F28,7,3428.7887794455087
DE,F28,8,3399.8961133292078
DE,F28,9,3462.028108012702
DE,F28,10,3482.7172331783954
DE,F28,11,3714.878887272209
DE,F28,12,3469.0399263897575
DE,F28,13,3433.72370953542
DE,F28,14,3412.3557738273275
DE,F28,15,3516.8977440785593
DE,F28,16,3463.0194985628823
DE,F28,17,3383.9071662079277
DE,F28,18,3423.8448216044853
DE,F28,19,3359.9799442012454
DE,F28,20,3477.8071638589763
DE,F28,21,3405.7228383157867
DE,F28,22,3345.53266858791
DE,F28,23,3385.6040484805453
DE,F28,24,3538.6058701626666
DE,F28,25,3379.4330147553674
DE,F28,26,3387.2303872859256
DE,F28,27,3396.0891760450204
DE,F28,28,3455.3338198535193
DE,F28,29,3504.50571395258
DE,F28,30,3453.792828628357
DE,F29,1,3584.67476259833
DE,F29,2,4202.295993302463
DE,F29,3,3829.859944501255
DE,F29,4,3823.6181456998424
DE,F29,5,4277.96125387861
DE,F29,6,3893.630492126625
DE,F29,7,3657.0532940364146
DE,F29,8,3527.461540370929
DE,F29,9,3785.5433636217103
DE,F29,10,3667.115562643036
DE,F29,11,4605.749575816877
DE,F29,12,3943.9929464734214
DE,F29,13,3751.2971915310127
DE,F29,14,3606.337838065927
DE,F29,15,5063.258462678471
DE,F29,16,3387.238494636191
DE,F29,17,4063.113844835614
DE,F29,18,3555.3441360274173
DE,F29,19,3703.337353815753
DE,F29,20,3524.734096803516
DE,F29,21,3777.4244933739183
DE,F29,22,3991.4756241691034
DE,F29,23,3860.131049595363
DE,F29,24,3377.977631547855
DE,F29,25,4240.331325576176
DE,F29,26,3684.7299187996923
DE,F29,27,3928.068879831387
DE,F29,28,3700.82809070252
DE,F29,29,4116.232801192411
DE,F29,30,4228.957268115103
DE,F30,1,1456660.379052726
DE,F30,2,671023.4307084391
DE,F30,3,1660769.3189741296
DE,F30,4,1331466.517689761
DE,F30,5,1130277.3915477116
DE,F30,6,1874330.6191955106
DE,F30,7,897032.6756955449
DE,F30,8,1413323.1406944
DE,F30,9,1122276.9852427193
DE,F30,10,831466.0253654778
DE,F30,11,693648.747528833
DE,F30,12,1131725.823360372
DE,F30,13,1544839.4903685153
DE,F30,14,809681.1225965807
DE,F30,15,706060.6684748942
DE,F30,16,926335.876348373
DE,F30,17,1264534.9829207042
DE,F30,18,904582.5411624894
DE,F30,19,1602804.4817803039
DE,F30,20,1011243.7844211604
DE,F30,21,829269.8282472615
DE,F30,22,1179693.4812833387
DE,F30,23,874732.8613832666
DE,F30,24,1349720.2606396638
DE,F30,25,1031777.6233647078
DE,F30,26,883972.3343672205
DE,F30,27,898063.0064894159
DE,F30,28,707966.5743771743
DE,F30,29,809044.4285035632
DE,F30,30,1095061.9517968232
ABC,F1,1,4386986631.210993
ABC,F1,2,4701766252.886966
ABC,F1,3,4291186010.849743
ABC,F1,4,2868649893.9974084
ABC,F1,5,3304605245.51622
ABC,F1,6,4447971803.857458
ABC,F1,7,5272256544.555834
ABC,F1,8,4196337181.318956
ABC,F1,9,3884884964.886446
ABC,F1,10,5294323162.185916
ABC,F1,11,3864874026.8713737
ABC,F1,12,3365643871.461199
ABC,F1,13,5268288315.287747
ABC,F1,14,4457365845.291306
ABC,F1,15,4540805475.208707
ABC,F1,16,3143166566.2913995
ABC,F1,17,4015891121.4319143
ABC,F1,18,3386068306.510833
ABC,F1,19,5635595485.151839
ABC,F1,20,3640511734.435064
ABC,F1,21,3657852483.834085
ABC,F1,22,2927451234.3150134
ABC,F1,23,5436150624.121658
ABC,F1,24,3421342596.6349363
ABC,F1,25,4413570676.073247
ABC,F1,26,2446098746.681394
ABC,F1,27,4636175306.780409
ABC,F1,28,3829783946.0468636
ABC,F1,29,5669871504.807857
ABC,F1,30,3866821729.00549
ABC,F3,1,284775.54113628337
ABC,F3,2,286897.52942197485
ABC,F3,3,353342.3610175544
ABC,F3,4,248064.00239668132
ABC,F3,5,227320.92267395055
ABC,F3,6,344738.72995389614
ABC,F3,7,313429.0238802976
ABC,F3,8,300648.34862776304
ABC,F3,9,369675.4146205023
ABC,F3,10,352785.99224987265
ABC,F3,11,345320.3331638442
ABC,F3,12,292449.4256646865
ABC,F3,13,326411.6362436446
ABC,F3,14,287821.9224857479
ABC,F3,15,435361.2458183694
ABC,F3,16,366277.80797540426
ABC,F3,17,383360.1340191509
ABC,F3,18,391425.83446018834
ABC,F3,19,338981.37968579977
ABC,F3,20,284950.312745981
ABC,F3,21,351144.9470259893
ABC,F3,22,342918.42584965273
ABC,F3,23,338578.3864214626
ABC,F3,24,350876.37574166583
ABC,F3,25,287258.3023778161
ABC,F3,26,320718.73217617866
ABC,F3,27,320704.8606078913
ABC,F3,28,420806.769490289
ABC,F3,29,324028.63506036205
ABC,F3,30,245584.4042378343
ABC,F4,1,1135.2776945276132
ABC,F4,2,1275.5920676837036
ABC,F4,3,1345.5594633201235
ABC,F4,4,1159.363185625828
ABC,F4,5,1169.0807161194618
ABC,F4,6,1029.9828833945307
ABC,F4,7,1403.8061513629395
ABC,F4,8,1240.8020260831938
ABC,F4,9,1237.0759650090345
ABC,F4,10,1049.1059941645758
ABC,F4,11,1154.4915212374212
ABC,F4,12,1197.697457149467
ABC,F4,13,1040.4266419931444
ABC,F4,14,1170.549020941626
ABC,F4,15,1336.0638106423944
ABC,F4,16,1291.7871306078562
ABC,F4,17,1154.1638881967274
ABC,F4,18,1190.977808424448
ABC,F4,19,1187.0682354062972
ABC,F4,20,1246.945831231941
ABC,F4,21,1300.3848148429915
ABC,F4,22,1348.6799816245434
ABC,F4,23,1492.6206750188874
ABC,F4,24,1565.0031089878753
ABC,F4,25,1162.951310101367
ABC,F4,26,1301.5936330267446
ABC,F4,27,1486.9250307732507
ABC,F4,28,1064.3216562405348
ABC,F4,29,1476.706308364896
ABC,F4,30,1574.4113114454274
ABC,F5,1,1019.5184280826311
ABC,F5,2,963.2173746624525
ABC,F5,3,975.192027964816
ABC,F5,4,1005.4906890550267
ABC,F5,5,1014.3305318832831
ABC,F5,6,1017.9510447221911
ABC,F5,7,1019.8047541996157
ABC,F5,8,996.6754623438007
ABC,F5,9,1012.9574540279882
ABC,F5,10,1008.6609161250142
ABC,F5,11,991.0774299888633
ABC,F5,12,1006.2674730736314
ABC,F5,13,1003.2700204329523
ABC,F5,14,1043.2589994437135
ABC,F5,15,967.9626317378204
ABC,F5,16,1018.4296938693301
ABC,F5,17,1022.3874082349942
ABC,F5,18,1035.598667251932
ABC,F5,19,1009.3881263795839
ABC,F5,20,994.8167716663452
ABC,F5,21,993.6960663290688
ABC,F5,22,980.9205800236793
ABC,F5,23,997.51642310936
ABC,F5,24,1005.3186279569161
ABC,F5,25,975.5120644522237
ABC,F5,26,1017.4312562821034
ABC,F5,27,1012.239019981507
ABC,F5,28,1020.1981657990532
ABC,F5,29,1028.5335875578157
ABC,F5,30,1008.5843066061185
ABC,F6,1,624.1092744444969
ABC,F6,2,624.8080174284022
ABC,F6,3,625.5697297857674
ABC,F6,4,622.9848678538133
ABC,F6,5,618.582183180624
ABC,F6,6,633.5198744093121
ABC,F6,7,621.3113930800317
ABC,F6,8,630.3765692062617
ABC,F6,9,622.5015971599354
ABC,F6,10,625.3101376617411
ABC,F6,11,624.2256600785825
ABC,F6,12,623.8488757205504
ABC,F6,13,624.2256346491483
ABC,F6,14,624.3905195067167
ABC,F6,15,622.2527604476886
ABC,F6,16,620.3138137959497
ABC,F6,17,625.4576217559137
ABC,F6,18,623.3045826697862
ABC,F6,19,626.5571781685675
ABC,F6,20,620.4390774826823
ABC,F6,21,626.5608432113955
ABC,F6,22,624.0277085351072
ABC,F6,23,621.6565750375116
ABC,F6,24,621.217165477664
ABC,F6,25,632.6406090188983
ABC,F6,26,625.3320688743445
ABC,F6,27,627.0932999208193
ABC,F6,28,628.3115572505876
ABC,F6,29,625.9455352583578
ABC,F6,30,626.0206212137128
ABC,F7,1,1442.7019729130775
ABC,F7,2,1379.9666630563447
ABC,F7,3,1433.0616691965206
ABC,F7,4,1354.8983661140605
ABC,F7,5,1455.1183361116177
ABC,F7,6,1432.4385164280338
ABC,F7,7,1423.8171100963564
ABC,F7,8,1350.5213190629802
ABC,F7,9,1373.724268894906
ABC,F7,10,1367.5408577214455
ABC,F7,11,1410.500721318935
ABC,F7,12,1355.4281442933045
ABC,F7,13,1340.2196371204477
ABC,F7,14,1470.1745488795198
ABC,F7,15,1461.1320699394373
ABC,F7,16,1380.8758407444257
ABC,F7,17,1442.0997260728554
ABC,F7,18,1399.4691530209564
ABC,F7,19,1402.127795882965
ABC,F7,20,1456.4118783352037
ABC,F7,21,1404.0546126866993
ABC,F7,22,1458.66120208569
ABC,F7,23,1381.6323543301348
ABC,F7,24,1428.2294711280008
ABC,F7,25,1351.6856474076706
ABC,F7,26,1317.0423139700745
ABC,F7,27,1420.5286553444118
ABC,F7,28,1483.691614935286
ABC,F7,29,1381.855545496945
ABC,F7,30,1346.4500366930893
ABC,F8,1,1277.8387996970146
ABC,F8,2,1322.321571801122
ABC,F8,3,1318.1346813693317
ABC,F8,4,1317.0104547630592
ABC,F8,5,1317.0172692374567
ABC,F8,6,1321.034211805622
ABC,F8,7,1291.6413223740674
ABC,F8,8,1340.6909393989426
ABC,F8,9,1320.4105935408552
ABC,F8,10,1307.5546849215314
ABC,F8,11,1297.9940270055663
ABC,F8,12,1298.182790133239
ABC,F8,13,1301.0234865960488
ABC,F8,14,1318.089461952773
ABC,F8,15,1291.947268759428
ABC,F8,16,1310.0813116566078
ABC,F8,17,1310.9331980638567
ABC,F8,18,1317.976952510428
ABC,F8,19,1309.345730596832
ABC,F8,20,1285.8963543795874
ABC,F8,21,1342.9840735636235
ABC,F8,22,1322.4998222184258
ABC,F8,23,1292.2686860275496
ABC,F8,24,1310.6164303818102
ABC,F8,25,1327.8572830019716
ABC,F8,26,1321.9563782711762
ABC,F8,27,1317.6055256400864
ABC,F8,28,1277.4273312630003
ABC,F8,29,1307.4654789648814
ABC,F8,30,1327.9319643187023
ABC,F9,1,13878.373488852785
ABC,F9,2,13188.5029619671
ABC,F9,3,12772.662879812595
ABC,F9,4,14792.651572752415
ABC,F9,5,13696.319561852291
ABC,F9,6,13242.39115992936
ABC,F9,7,10335.85528590093
ABC,F9,8,9611.504987471717
ABC,F9,9,11492.53682724227
ABC,F9,10,19015.428475324403
ABC,F9,11,8507.123821709323
ABC,F9,12,7483.157075098266
ABC,F9,13,12602.137131340914
ABC,F9,14,10599.522275891863
ABC,F9,15,12810.047488982087
ABC,F9,16,9778.63911596628
ABC,F9,17,10426.006080463187
ABC,F9,18,12241.753516994182
ABC,F9,19,11113.397150447276
ABC,F9,20,14220.204703264213
ABC,F9,21,14817.33522921232
ABC,F9,22,12087.534030198523
ABC,F9,23,9897.991229727977
ABC,F9,24,11327.871808808128
ABC,F9,25,17461.149492089193
ABC,F9,26,9849.540947921685
ABC,F9,27,11156.705634035812
ABC,F9,28,8150.030741991854
ABC,F9,29,19694.875961970567
ABC,F9,30,11168.790372141655
ABC,F10,1,15240.292090847008
ABC,F10,2,14879.332033240138
ABC,F10,3,15324.955345577488
ABC,F10,4,15371.285038084321
ABC,F10,5,15228.694955923576
ABC,F10,6,15361.255502068809
ABC,F10,7,15593.962013402923
ABC,F10,8,15477.943536284341
ABC,F10,9,15504.052462286283
ABC,F10,10,15491.895014598083
ABC,F10,11,14787.46291047317
ABC,F10,12,15570.262756699341
ABC,F10,13,15319.207467560806
ABC,F10,14,14951.658160910923
ABC,F10,15,15138.433831963728
ABC,F10,16,15190.852179760743
ABC,F10,17,15830.308108901885
ABC,F10,18,15597.897509821949
ABC,F10,19,15155.933131380041
ABC,F10,20,15025.47537416021
ABC,F10,21,15411.404443731575
ABC,F10,22,15809.635995756036
ABC,F10,23,15718.234584683072
ABC,F10,24,15449.09469495679
ABC,F10,25,15280.465742492503
ABC,F10,26,15476.649142403252
ABC,F10,27,15367.952775040154
ABC,F10,28,15696.561960106825
ABC,F10,29,15418.748973083895
ABC,F10,30,15363.276208194922
ABC,F11,1,6333.096248101225
ABC,F11,2,8090.512172700535
ABC,F11,3,11605.374070802494
ABC,F11,4,12857.452891520523
ABC,F11,5,9563.604297358728
ABC,F11,6,13253.977840747888
ABC,F11,7,7587.154600581095
ABC,F11,8,9762.982902804319
ABC,F11,9,10065.849506751052
ABC,F11,10,10794.860316125601
ABC,F11,11,6619.076752923415
ABC,F11,12,6618.827953576994
ABC,F11,13,5604.1714450270865
ABC,F11,14,12007.86959796638
ABC,F11,15,9494.643222830167
ABC,F11,16,8870.930652194722
ABC,F11,17,6983.749632560669
ABC,F11,18,8736.653825777681
ABC,F11,19,9063.569482350405
ABC,F11,20,5446.7005820215045
ABC,F11,21,8145.110136147165
ABC,F11,22,7110.6269728464285
ABC,F11,23,5734.142732581195
ABC,F11,24,8521.972714608637
ABC,F11,25,6554.18679941934
ABC,F11,26,6950.869965560513
ABC,F11,27,6100.538017640343
ABC,F11,28,8093.79888994025
ABC,F11,29,5217.4735130297695
ABC,F11,30,4865.76348668339
ABC,F12,1,779441809.1659371
ABC,F12,2,625469166.3664662
ABC,F12,3,738904482.6157583
ABC,F12,4,905645402.6238306
ABC,F12,5,595554926.0356792
ABC,F12,6,758870417.6088786
ABC,F12,7,816202223.3639741
ABC,F12,8,775114529.4725032
ABC,F12,9,407107999.1151458
ABC,F12,10,431905625.9541848
ABC,F12,11,543998535.0247154
ABC,F12,12,734805067.8935962
ABC,F12,13,598111220.1060143
ABC,F12,14,512566929.89096296
ABC,F12,15,613689988.3514968
ABC,F12,16,983748647.4626658
ABC,F12,17,668864267.3217522
ABC,F12,18,603891308.189247
ABC,F12,19,636057592.3195068
ABC,F12,20,462153009.6395391
ABC,F12,21,315873517.43962026
ABC,F12,22,403119257.31863064
ABC,F12,23,591622276.3553529
ABC,F12,24,353935492.27650034
ABC,F12,25,390738289.66524553
ABC,F12,26,825490128.6159723
ABC,F12,27,512196196.5671674
ABC,F12,28,471249077.4467248
ABC,F12,29,800013471.7249624
ABC,F12,30,428839062.47544575
ABC,F13,1,22451.43414069665
ABC,F13,2,32731.9981777494
ABC,F13,3,5865.493649800099
ABC,F13,4,11218.840882420172
ABC,F13,5,24782.528746444208
ABC,F13,6,7185.030849252614
ABC,F13,7,10298.507387234986
ABC,F13,8,39353.05362307018
ABC,F13,9,7485.2586996247555
ABC,F13,10,31346.605285803707
ABC,F13,11,51172.849658282896
ABC,F13,12,15839.556470604588
ABC,F13,13,11045.243423050599
ABC,F13,14,15849.372416362201
ABC,F13,15,13290.18797090941
ABC,F13,16,227424.24188021754
ABC,F13,17,8907.444200465696
ABC,F13,18,8875.913955212507
ABC,F13,19,8828.591970261503
ABC,F13,20,14255.242411204428
ABC,F13,21,60950.28938372325
ABC,F13,22,9905.633886045238
ABC,F13,23,21369.84628580558
ABC,F13,24,12292.110773785998
ABC,F13,25,27143.68673718924
ABC,F13,26,7542.922600014918
ABC,F13,27,24024.34522711702
ABC,F13,28,6841.417841871598
ABC,F13,29,11219.99302334703
ABC,F13,30,25202.65850154125
ABC,F14,1,1072917.9773855645
ABC,F14,2,1054447.5610498537
ABC,F14,3,3961304.4571352135
ABC,F14,4,3328128.2314947285
ABC,F14,5,2647399.0206015203
ABC,F14,6,2170200.9466025094
ABC,F14,7,3391457.527462246
ABC,F14,8,2508025.9936544565
ABC,F14,9,1184138.7991046887
ABC,F14,10,1935209.4598056376
ABC,F14,11,3745783.4639736963
ABC,F14,12,1942630.2391621897
ABC,F14,13,2130981.1615703586
ABC,F14,14,4622700.366128138
ABC,F14,15,1279009.3696923913
ABC,F14,16,1876700.2078999176
ABC,F14,17,1174147.783222267
ABC,F14,18,962080.9126408169
ABC,F14,19,3322351.051792387
ABC,F14,20,3693135.820623685
ABC,F14,21,2276843.2328722808
ABC,F14,22,497695.38599963416
ABC,F14,23,740053.8568484625
ABC,F14,24,3830884.109211315
ABC,F14,25,2218423.554712715
ABC,F14,26,3055103.5195361497
ABC,F14,27,2172055.265063639
ABC,F14,28,3807716.365447096
ABC,F14,29,2353234.303600407
ABC,F14,30,1292179.0998774534
ABC,F15,1,4286.826078827846
ABC,F15,2,6320.982788484198
ABC,F15,3,12555.908287591972
ABC,F15,4,15098.431672027671
ABC,F15,5,15490.893382305805
ABC,F15,6,13235.942275826803
ABC,F15,7,3369.8570794984917
ABC,F15,8,19011.910865394337
ABC,F15,9,17761.193204440435
ABC,F15,10,13664.58938945633
ABC,F15,11,18235.47114362482
ABC,F15,12,2576.558350981909
ABC,F15,13,3994.597640137018
ABC,F15,14,5332.440973938849
ABC,F15,15,16137.836639963953
ABC,F15,16,13833.791459475147
ABC,F15,17,19806.147744859554
ABC,F15,18,12444.706552998208
ABC,F15,19,5300.688637356808
ABC,F15,20,3773.4394764132226
ABC,F15,21,18550.91790725213
ABC,F15,22,14637.147168361063
ABC,F15,23,7013.837582572396
ABC,F15,24,8548.036797853987
ABC,F15,25,5575.659190631271
ABC,F15,26,7408.828535211372
ABC,F15,27,12757.583911814918
ABC,F15,28,5321.472595968348
ABC,F15,29,6232.850007458151
ABC,F15,30,2578.773327231672
ABC,F16,1,5279.601184634831
ABC,F16,2,5331.926901677449
ABC,F16,3,5652.427614501616
ABC,F16,4,5466.856796323511
ABC,F16,5,5156.587655176225
ABC,F16,6,5227.617215146456
ABC,F16,7,5084.315754734026
ABC,F16,8,5481.647754402295
ABC,F16,9,5785.624435970214
ABC,F16,10,5333.869298409373
ABC,F16,11,5304.901928362984
ABC,F16,12,5603.053860652757
ABC,F16,13,5336.240014349696
ABC,F16,14,5648.178126384541
ABC,F16,15,5498.373845171995
ABC,F16,16,5263.202850943786
ABC,F16,17,5099.206835634193
ABC,F16,18,5170.8487559099185
ABC,F16,19,5705.097644306573
ABC,F16,20,5473.073413219395
ABC,F16,21,5164.186222060509
ABC,F16,22,5488.119879443424
ABC,F16,23,5297.951925763524
ABC,F16,24,5433.447454893693
ABC,F16,25,5485.531662294406
ABC,F16,26,5430.523682908892
ABC,F16,27,5322.463782207391
ABC,F16,28,4970.035006535067
ABC,F16,29,5395.102693617063
ABC,F16,30,5255.405784946211
ABC,F17,1,4065.3450819082304
ABC,F17,2,4338.863880290498
ABC,F17,3,4174.476216168778
ABC,F17,4,3957.409282860288
ABC,F17,5,3916.2834540497424
ABC,F17,6,4077.259921483922
ABC,F17,7,4339.786288532747
ABC,F17,8,3904.8568124034505
ABC,F17,9,4260.789311412234
ABC,F17,10,4011.1828017515977
ABC,F17,11,4287.259594517115
ABC,F17,12,4316.874004696167
ABC,F17,13,4378.478100668559
ABC,F17,14,4255.056397607471
ABC,F17,15,4320.532259925539
ABC,F17,16,4170.17092983263
ABC,F17,17,3964.8400137329486
ABC,F17,18,4136.2274052264875
ABC,F17,19,4352.20949118722
ABC,F17,20,4196.712941716287
ABC,F17,21,4156.007029870054
ABC,F17,22,4300.31076110982
ABC,F17,23,3867.5019765461175
ABC,F17,24,4199.947886840041
ABC,F17,25,4253.129160869588
ABC,F17,26,4203.229819027558
ABC,F17,27,4226.787697745924
ABC,F17,28,4058.4042628635493
ABC,F17,29,4251.6040036896175
ABC,F17,30,4213.294025044475
ABC,F18,1,48774745.04757365
ABC,F18,2,39552911.09976481
ABC,F18,3,24844361.606176283
ABC,F18,4,37890591.22533049
ABC,F18,5,24298999.83695906
ABC,F18,6,26748949.183731608
ABC,F18,7,35631875.26254892
ABC,F18,8,16600634.463556329
ABC,F18,9,19821808.769727718
ABC,F18,10,31668409.06338105
ABC,F18,11,17845524.09917021
ABC,F18,12,32058824.142313216
ABC,F18,13,12590850.909240298
ABC,F18,14,12469567.547099918
ABC,F18,15,24990989.373939347
ABC,F18,16,11443703.52812521
ABC,F18,17,22638019.469024032
ABC,F18,18,20167037.272513025
ABC,F18,19,13061224.296725065
ABC,F18,20,41337497.722568855
ABC,F18,21,32843160.193502493
ABC,F18,22,24890833.19359076
ABC,F18,23,27702468.934140444
ABC,F18,24,41074257.78115044
ABC,F18,25,36987489.11776656
ABC,F18,26,13959906.182975907
ABC,F18,27,16229528.769365385
ABC,F18,28,26561971.17396344
ABC,F18,29,20047182.307171293
ABC,F18,30,32258041.53232532
ABC,F19,1,9613.468648944447
ABC,F19,2,18208.474796512164
ABC,F19,3,18265.49601841704
ABC,F19,4,12816.075251279795
ABC,F19,5,19562.813340222056
ABC,F19,6,28279.44516547704
ABC,F19,7,13787.36385919283
ABC,F19,8,13393.364918899802
ABC,F19,9,23839.24550526403
ABC,F19,10,17783.148695528416
ABC,F19,11,26422.887009516726
ABC,F19,12,15880.9491045215
ABC,F19,13,15060.915877006337
ABC,F19,14,28507.271975142925
ABC,F19,15,37916.30419253832
ABC,F19,16,21336.009074897847
ABC,F19,17,14740.42597994891
ABC,F19,18,14777.057823218865
ABC,F19,19,25530.129720567325
ABC,F19,20,93276.53310474697
ABC,F19,21,16957.977985169997
ABC,F19,22,18805.43220521057
ABC,F19,23,41287.02997922935
ABC,F19,24,2856.052717620918
ABC,F19,25,13362.720392052366
ABC,F19,26,14423.366471602627
ABC,F19,27,17786.12992590865
ABC,F19,28,22188.87479664384
ABC,F19,29,6755.764531734708
ABC,F19,30,27526.96231451932
ABC,F20,1,4264.577132177448
ABC,F20,2,4290.098340054814
ABC,F20,3,4277.090816083426
ABC,F20,4,4465.999035461493
ABC,F20,5,4074.209222477155
ABC,F20,6,4163.410139751049
ABC,F20,7,4041.9940582050212
ABC,F20,8,4133.578359184499
ABC,F20,9,4453.008039892302
ABC,F20,10,3973.955498258071
ABC,F20,11,4182.175424254485
ABC,F20,12,4256.699216776407
ABC,F20,13,4529.985139282337
ABC,F20,14,4131.145364658111
ABC,F20,15,4417.521272092558
ABC,F20,16,4306.473037472191
ABC,F20,17,4245.295099370889
ABC,F20,18,4281.590947801891
ABC,F20,19,4293.166190800937
ABC,F20,20,4109.428676519443
ABC,F20,21,4327.231293900524
ABC,F20,22,4586.2418284671585
ABC,F20,23,4012.5138283177776
ABC,F20,24,4433.550536281951
ABC,F20,25,4177.390231627269
ABC,F20,26,4283.344198584229
ABC,F20,27,3960.5584926408014
ABC,F20,28,3959.4511189538352
ABC,F20,29,4275.517416853041
ABC,F20,30,4077.1864413367034
ABC,F21,1,2795.782479026471
ABC,F21,2,2803.7555611782914
ABC,F21,3,2813.129797508469
ABC,F21,4,2801.2907769387157
ABC,F21,5,2795.072795384546
ABC,F21,6,2780.5940285222177
ABC,F21,7,2787.2424099661184
ABC,F21,8,2820.7510319791936
ABC,F21,9,2800.710221728529
ABC,F21,10,2806.813532469561
ABC,F21,11,2782.170880924624
ABC,F21,12,2786.862940313758
ABC,F21,13,2805.925774630724
ABC,F21,14,2772.2692492026918
ABC,F21,15,2812.2726105623915
ABC,F21,16,2803.711960915878
ABC,F21,17,2819.306314707833
ABC,F21,18,2803.7185742729016
ABC,F21,19,2797.92134299295
ABC,F21,20,2827.0470933522392
ABC,F21,21,2806.8197874974207
ABC,F21,22,2778.7822751696167
ABC,F21,23,2805.182916720902
ABC,F21,24,2816.080206743361
ABC,F21,25,2794.3532306514935
ABC,F21,26,2829.055299739276
ABC,F21,27,2799.6945637796284
ABC,F21,28,2769.0193820020613
ABC,F21,29,2745.3736780761938
ABC,F21,30,2805.345798883856
ABC,F22,1,16923.05190658455
ABC,F22,2,17283.324995970623
ABC,F22,3,15931.445264659153
ABC,F22,4,17074.282557479455
ABC,F22,5,16879.81264861912
ABC,F22,6,16198.748269018299
ABC,F22,7,16741.162386007883
ABC,F22,8,16783.85117207985
ABC,F22,9,16704.713409220327
ABC,F22,10,16224.838399637923
ABC,F22,11,16155.342126642285
ABC,F22,12,16060.988817240663
ABC,F22,13,17339.155848575843
ABC,F22,14,15916.772976697148
ABC,F22,15,16219.276747115138
ABC,F22,16,14061.250139399306
ABC,F22,17,16394.398696357344
ABC,F22,18,17209.855818961125
ABC,F22,19,16508.412971646598
ABC,F22,20,17015.0659159878
ABC,F22,21,16794.46137053705
ABC,F22,22,16898.58022634757
ABC,F22,23,15753.331232907916
ABC,F22,24,16523.097490090797
ABC,F22,25,17163.913389437606
ABC,F22,26,16633.522306341954
ABC,F22,27,16528.460447535006
ABC,F22,28,17153.037670355072
ABC,F22,29,15969.321755935971
ABC,F22,30,16479.369458853016
ABC,F23,1,3252.5109467410957
ABC,F23,2,3242.1227414670843
ABC,F23,3,3224.737625213764
ABC,F23,4,3180.447265117893
ABC,F23,5,3257.0286419433824
ABC,F23,6,3192.4589660778897
ABC,F23,7,3208.278177096564
ABC,F23,8,3238.8511802478306
ABC,F23,9,3254.9057477531983
ABC,F23,10,3219.68981753402
ABC,F23,11,3226.4687324971965
ABC,F23,12,3178.4478167423918
ABC,F23,13,3232.80950251828
ABC,F23,14,3201.8789944020227
ABC,F23,15,3257.4889340276245
ABC,F23,16,3205.65107434578
ABC,F23,17,3209.8608064858417
ABC,F23,18,3221.345794228571
ABC,F23,19,3221.161447133445
ABC,F23,20,3252.6301300457285
ABC,F23,21,3210.395042431938
ABC,F23,22,3188.412121370225
ABC,F23,23,3240.8619331006635
ABC,F23,24,3226.8742588267314
ABC,F23,25,3198.246612661143
ABC,F23,26,3192.694276876809
ABC,F23,27,3230.7034604563423
ABC,F23,28,3193.4884487283252
ABC,F23,29,3169.769775847361
ABC,F23,30,3228.2519456114187
ABC,F24,1,3380.8763563867938
ABC,F24,2,3348.655642846675
ABC,F24,3,3373.4028660723147
ABC,F24,4,3367.1373688498434
ABC,F24,5,3363.64542536688
ABC,F24,6,3334.0180349177053
ABC,F24,7,3349.8170085856655
ABC,F24,8,3381.321144696563
ABC,F24,9,3328.4739264372292
ABC,F24,10,3357.8331923633596
ABC,F24,11,3325.7048698199724
ABC,F24,12,3354.707484885629
ABC,F24,13,3348.108021653795
ABC,F24,14,3349.121946346253
ABC,F24,15,3353.000466618465
ABC,F24,16,3383.1479500867936
ABC,F24,17,3381.5708726465577
ABC,F24,18,3350.3472826461366
ABC,F24,19,3373.541826024892
ABC,F24,20,3369.2996535484885
ABC,F24,21,3309.2843934455905
ABC,F24,22,3384.577713655831
ABC,F24,23,3346.8424390719565
ABC,F24,24,3360.9443438059034
ABC,F24,25,3332.7785012910663
ABC,F24,26,3373.662401902256
ABC,F24,27,3374.118620988096
ABC,F24,28,3370.2539015319812
ABC,F24,29,3343.832846093616
ABC,F24,30,3326.587267286973
ABC,F25,1,3804.0268675950615
ABC,F25,2,3882.113887803934
ABC,F25,3,3934.5470210494345
ABC,F25,4,3738.3683692100717
ABC,F25,5,3863.684434375172
ABC,F25,6,3730.9704913989963
ABC,F25,7,3770.539893990168
ABC,F25,8,4132.708409223377
ABC,F25,9,3828.4924413672725
ABC,F25,10,3846.4345381533685
ABC,F25,11,3854.3775059780746
ABC,F25,12,4161.353696099904
ABC,F25,13,3762.0088704259124
ABC,F25,14,3489.465109271553
ABC,F25,15,4102.553794451582
ABC,F25,16,3998.0996558335146
ABC,F25,17,3618.7676690998733
ABC,F25,18,3800.5772263026847
ABC,F25,19,4201.420641429685
ABC,F25,20,3934.70691354005
ABC,F25,21,3718.633302820712
ABC,F25,22,3705.631959644972
ABC,F25,23,3685.5996757710586
ABC,F25,24,3784.9344049267306
ABC,F25,25,3982.604499495791
ABC,F25,26,3607.2574715725623
ABC,F25,27,3527.7383177674933
ABC,F25,28,3643.8259811910884
ABC,F25,29,3686.2451201540953
ABC,F25,30,3599.3882543481704
ABC,F26,1,9094.404318410929
ABC,F26,2,8396.952428453287
ABC,F26,3,8605.752087569996
ABC,F26,4,8233.160413518535
ABC,F26,5,8448.730734390196
ABC,F26,6,9018.295286671284
ABC,F26,7,8853.751724036365
ABC,F26,8,8929.108955209567
ABC,F26,9,8665.659119270616
ABC,F26,10,8742.037509132768
ABC,F26,11,8726.408366351345
ABC,F26,12,8717.803979149623
ABC,F26,13,8623.892572275603
ABC,F26,14,8952.423844173962
ABC,F26,15,8570.5032153625
ABC,F26,16,8881.22589364144
ABC,F26,17,8955.904963377316
ABC,F26,18,8699.83588708286
ABC,F26,19,8501.08149532351
ABC,F26,20,8492.049854186527
ABC,F26,21,8375.350198093485
ABC,F26,22,8616.464566842093
ABC,F26,23,8527.583038969991
ABC,F26,24,8368.312044185961
ABC,F26,25,8610.124441541147
ABC,F26,26,8456.926328305235
ABC,F26,27,8302.94085920357
ABC,F26,28,8821.220617698884
ABC,F26,29,8299.858392770466
ABC,F26,30,8792.888816832226
ABC,F27,1,3671.287817703523
ABC,F27,2,3726.3696840039847
ABC,F27,3,3618.1991348973634
ABC,F27,4,3665.3561800237353
ABC,F27,5,3600.9163308981842
ABC,F27,6,3604.727200062018
ABC,F27,7,3732.310142446986
ABC,F27,8,3576.0523687175346
ABC,F27,9,3670.21812395302
ABC,F27,10,3687.404943064047
ABC,F27,11,3715.038766335303
ABC,F27,12,3671.7468146620163
ABC,F27,13,3593.3529505629554
ABC,F27,14,3699.2023169676418
ABC,F27,15,3710.2462480860468
ABC,F27,16,3691.6569416997654
ABC,F27,17,3692.895967894313
ABC,F27,18,3717.9545334440027
ABC,F27,19,3625.0297855273566
ABC,F27,20,3561.1322448168958
ABC,F27,21,3630.8539971292444
ABC,F27,22,3702.2582546876274
ABC,F27,23,3659.059343538111
ABC,F27,24,3671.995093613593
ABC,F27,25,3636.414803904955
ABC,F27,26,3571.1574887619904
ABC,F27,27,3632.908857230185
ABC,F27,28,3669.7830172564936
ABC,F27,29,3535.279137074369
ABC,F27,30,3737.5971025057916
ABC,F28,1,4430.667633029462
ABC,F28,2,5441.384929587211
ABC,F28,3,5502.41900466938
ABC,F28,4,4807.688594132147
ABC,F28,5,4531.434068899357
ABC,F28,6,4471.317537201374
ABC,F28,7,4422.906195920706
ABC,F28,8,4786.928257051777
ABC,F28,9,5205.469149786338
ABC,F28,10,5166.860305334735
ABC,F28,11,5949.465445498716
ABC,F28,12,4855.4529670924185
ABC,F28,13,4769.4779386329865
ABC,F28,14,4803.762288258989
ABC,F28,15,5462.922468196114
ABC,F28,16,4931.338058168378
ABC,F28,17,5321.6141868373015
ABC,F28,18,4643.853852841882
ABC,F28,19,4861.4023230399325
ABC,F28,20,4954.474075373773
ABC,F28,21,5214.753220508643
ABC,F28,22,5748.286361144722
ABC,F28,23,4243.39145880523
ABC,F28,24,4434.0445905669585
ABC,F28,25,4217.665485622109
ABC,F28,26,5107.770656970205
ABC,F28,27,4466.592043295072
ABC,F28,28,4318.807777024058
ABC,F28,29,4891.725468977323
ABC,F28,30,4327.636703534029
ABC,F29,1,6109.6180755119
ABC,F29,2,6192.77557457846
ABC,F29,3,6327.480561089407
ABC,F29,4,6125.753624869349
ABC,F29,5,6029.25339380418
ABC,F29,6,5370.0287668821775
ABC,F29,7,6135.31724547607
ABC,F29,8,6096.814633553061
ABC,F29,9,5888.302207053942
ABC,F29,10,6116.623774779855
ABC,F29,11,5854.723483164631
ABC,F29,12,6300.920020735623
ABC,F29,13,5937.393503546937
ABC,F29,14,5464.990446143043
ABC,F29,15,5350.604996811771
ABC,F29,16,5908.167069885313
ABC,F29,17,6037.828731674964
ABC,F29,18,5590.263845059912
ABC,F29,19,5491.709579491031
ABC,F29,20,6152.218552541119
ABC,F29,21,5824.512634925693
ABC,F29,22,6446.586227271858
ABC,F29,23,6173.698796763079
ABC,F29,24,6116.766732697981
ABC,F29,25,5834.545982725736
ABC,F29,26,6016.258305154361
ABC,F29,27,6095.502314854646
ABC,F29,28,5898.518186360639
ABC,F29,29,6378.946364289111
ABC,F29,30,5343.672384200908
ABC,F30,1,18999838.052462112
ABC,F30,2,27319482.735312432
ABC,F30,3,41968739.25700854
ABC,F30,4,26029355.305278644
ABC,F30,5,27807615.661179475
ABC,F30,6,57976206.52429226
ABC,F30,7,34667638.669511825
ABC,F30,8,79660747.91850477
ABC,F30,9,30497522.430417728
ABC,F30,10,50967721.0065401
ABC,F30,11,28291785.02769546
ABC,F30,12,6732196.299324036
ABC,F30,13,72008465.77029002
ABC,F30,14,12219487.409841938
ABC,F30,15,16109149.074995942
ABC,F30,16,49793022.674155995
ABC,F30,17,47555055.02634726
ABC,F30,18,47699389.565322556
ABC,F30,19,59564599.030406296
ABC,F30,20,85326765.77814974
ABC,F30,21,39903541.43646208
ABC,F30,22,19058621.856928032
ABC,F30,23,43227045.47238418
ABC,F30,24,61217312.557284415
ABC,F30,25,32623178.614263758
ABC,F30,26,49936128.75267836
ABC,F30,27,77045696.46905611
ABC,F30,28,57727679.552609906
ABC,F30,29,35595797.7612979
ABC,F30,30,100125901.56586745
ACO,F1,1,31861.593179009004
ACO,F1,2,9864.02381689255
ACO,F1,3,3063.7676240389565
ACO,F1,4,5712.637390695413
ACO,F1,5,6170.180476129377
ACO,F1,6,32056.697330805684
ACO,F1,7,1068196888.935695
ACO,F1,8,11714.86010172534
ACO,F1,9,32047.700785854693
ACO,F1,10,8069.000549981048
ACO,F1,11,3216.4942151936975
ACO,F1,12,1312.5786247500175
ACO,F1,13,802.8132512525268
ACO,F1,14,2706.5701064100276
ACO,F1,15,100.0100145022465
ACO,F1,16,9931.257890643094
ACO,F1,17,31510.48724865886
ACO,F1,18,510.31509108702653
ACO,F1,19,1184047988.1903677
ACO,F1,20,9931.257738879276
ACO,F1,21,9929.287387291848
ACO,F1,22,10220.90285686644
ACO,F1,23,9930.96054880089
ACO,F1,24,31863.69148078241
ACO,F1,25,21182.91659976967
ACO,F1,26,9380.569625017755
ACO,F1,27,9931.260328255104
ACO,F1,28,3591791100.072076
ACO,F1,29,31863.68991729669
ACO,F1,30,935.3818252774851
ACO,F3,1,242020.164389976
ACO,F3,2,262661.22623982077
ACO,F3,3,174719.17043820635
ACO,F3,4,158148.20097910892
ACO,F3,5,214347.34641640136
ACO,F3,6,178586.05994739124
ACO,F3,7,239456.23272764916
ACO,F3,8,215627.8671318153
ACO,F3,9,213047.45182237914
ACO,F3,10,339785.01451109943
ACO,F3,11,227217.6520281401
ACO,F3,12,270611.76310990023
ACO,F3,13,276039.2563155364
ACO,F3,14,157558.71891170356
ACO,F3,15,237880.10979394577
ACO,F3,16,454678.3878123864
ACO,F3,17,204744.1478615051
ACO,F3,18,178870.1602941496
ACO,F3,19,170813.03202424996
ACO,F3,20,306548.48812318535
ACO,F3,21,262078.148377471
ACO,F3,22,264047.17571401905
ACO,F3,23,135096.9064064934
ACO,F3,24,276092.81278640137
ACO,F3,25,292555.7727403626
ACO,F3,26,192713.09839300122
ACO,F3,27,297682.8580869483
ACO,F3,28,233010.33714742263
ACO,F3,29,192037.9957543831
ACO,F3,30,276199.20607831
ACO,F4,1,546.8429252472492
ACO,F4,2,828.1945062904367
ACO,F4,3,626.5887087582819
ACO,F4,4,758.4849905947266
ACO,F4,5,589.5893978360327
ACO,F4,6,556.7512309762526
ACO,F4,7,634.8440153230702
ACO,F4,8,578.175559200423
ACO,F4,9,586.9725081505054
ACO,F4,10,502.37827914994466
ACO,F4,11,531.9664236204144
ACO,F4,12,597.1097900751836
ACO,F4,13,776.0470235605751
ACO,F4,14,732.1304201518961
ACO,F4,15,609.1789414543447
ACO,F4,16,866.4662357408325
ACO,F4,17,577.2584169440335
ACO,F4,18,545.2609949852637
ACO,F4,19,564.1133480724529
ACO,F4,20,876.0459634620047
ACO,F4,21,806.7846877403592
ACO,F4,22,580.9862088333437
ACO,F4,23,905.9917000650507
ACO,F4,24,621.6255507275555
ACO,F4,25,719.6813017516475
ACO,F4,26,625.4379416872355
ACO,F4,27,509.3008269838187
ACO,F4,28,602.0608071866227
ACO,F4,29,510.2821167470039
ACO,F4,30,628.2941104876991
ACO,F5,1,817.4173611607243
ACO,F5,2,933.3577247541702
ACO,F5,3,823.3596053221639
ACO,F5,4,936.7467044980382
ACO,F5,5,866.1420271695326
ACO,F5,6,982.362936830574
ACO,F5,7,898.5755506447606
ACO,F5,8,808.1909960980756
ACO,F5,9,868.7811206167994
ACO,F5,10,942.8016753124
ACO,F5,11,880.0710839399611
ACO,F5,12,813.177585669202
ACO,F5,13,923.2564499308633
ACO,F5,14,937.3096876674067
ACO,F5,15,935.4419941384795
ACO,F5,16,835.2976589210373
ACO,F5,17,818.3853460930175
ACO,F5,18,909.7704512852657
ACO,F5,19,793.5695376217661
ACO,F5,20,818.3849276302506
ACO,F5,21,1032.2977885379319
ACO,F5,22,793.5113009860252
ACO,F5,23,967.9861763754769
ACO,F5,24,851.851715524268
ACO,F5,25,880.5951043018125
ACO,F5,26,849.7477946737272
ACO,F5,27,868.3883470351482
ACO,F5,28,890.0217087571666
ACO,F5,29,851.6527465019687
ACO,F5,30,890.9157288794977
ACO,F6,1,655.0723522537298
ACO,F6,2,661.7556857365826
ACO,F6,3,652.9232318887812
ACO,F6,4,646.7528459793514
ACO,F6,5,649.6512762330121
ACO,F6,6,657.5699310141541
ACO,F6,7,651.0377805639605
ACO,F6,8,654.2973380059672
ACO,F6,9,642.4239285464038
ACO,F6,10,668.8976854265925
ACO,F6,11,661.2058731307965
ACO,F6,12,659.3879014919178
ACO,F6,13,650.6323148860295
ACO,F6,14,640.841838594125
ACO,F6,15,650.9274219319184
ACO,F6,16,660.3825230783115
ACO,F6,17,654.1578527260589
ACO,F6,18,657.1304970839421
ACO,F6,19,645.6423544579197
ACO,F6,20,648.2773555125565
ACO,F6,21,651.8715665370275
ACO,F6,22,672.8209304859633
ACO,F6,23,659.9466797366468
ACO,F6,24,654.7749458896211
ACO,F6,25,638.8530041995309
ACO,F6,26,658.6726643489986
ACO,F6,27,658.0297798146188
ACO,F6,28,658.5249909372864
ACO,F6,29,668.3670349308168
ACO,F6,30,664.1445451020523
ACO,F7,1,1655.434193451887
ACO,F7,2,2237.5943597707137
ACO,F7,3,1766.2039001507726
ACO,F7,4,1252.8884518610544
ACO,F7,5,2135.7935344927064
ACO,F7,6,1997.0501366475482
ACO,F7,7,1655.1499017000929
ACO,F7,8,1839.3304535020593
ACO,F7,9,1980.0651865278487
ACO,F7,10,1609.6790137832731
ACO,F7,11,1881.8282333705145
ACO,F7,12,1683.6415654416126
ACO,F7,13,1395.8096902018933
ACO,F7,14,1836.1002271862296
ACO,F7,15,1664.2172166719376
ACO,F7,16,2007.9853875992967
ACO,F7,17,2011.9609491066901
ACO,F7,18,1721.3250886868532
ACO,F7,19,1714.6186473577081
ACO,F7,20,2223.231175408765
ACO,F7,21,1894.1506751818893
ACO,F7,22,1273.753086266962
ACO,F7,23,2088.4688405277266
ACO,F7,24,1407.3566661022496
ACO,F7,25,1896.4240044793376
ACO,F7,26,1423.8716950710316
ACO,F7,27,2521.88271537263
ACO,F7,28,2036.7545247997382
ACO,F7,29,2080.2353188808993
ACO,F7,30,1957.314868989279
ACO,F8,1,1230.8122466040363
ACO,F8,2,1090.525370166842
ACO,F8,3,1179.490024130458
ACO,F8,4,1178.081272212642
ACO,F8,5,1236.7819337966264
ACO,F8,6,1245.2523136503019
ACO,F8,7,1140.2736260355207
ACO,F8,8,1218.8722638466415
ACO,F8,9,1107.5756655720506
ACO,F8,10,1186.2859822133037
ACO,F8,11,1152.7828910872795
ACO,F8,12,1248.1118563423515
ACO,F8,13,1166.2652527974728
ACO,F8,14,1161.288638873357
ACO,F8,15,1234.792994011277
ACO,F8,16,1215.4556665264117
ACO,F8,17,1140.7970364828452
ACO,F8,18,1080.5890152996985
ACO,F8,19,1193.5966890325385
ACO,F8,20,1097.7191965770135
ACO,F8,21,1223.8202698224231
ACO,F8,22,1207.85343515698
ACO,F8,23,1248.1526464398353
ACO,F8,24,1290.5062815896415
ACO,F8,25,1196.0344156500164
ACO,F8,26,1264.5745442463278
ACO,F8,27,1247.7904080049123
ACO,F8,28,1223.3281971002257
ACO,F8,29,1191.4325062825183
ACO,F8,30,1191.5906680457797
ACO,F9,1,46500.19713982835
ACO,F9,2,46892.788727079955
ACO,F9,3,30562.33309017602
ACO,F9,4,53228.98939943604
ACO,F9,5,31655.04952261518
ACO,F9,6,60262.02385652029
ACO,F9,7,52892.32437721502
ACO,F9,8,36181.08905748288
ACO,F9,9,45816.04597804726
ACO,F9,10,59177.063688342685
ACO,F9,11,60214.29588906881
ACO,F9,12,49746.194610987324
ACO,F9,13,78847.85522244997
ACO,F9,14,38590.93783160782
ACO,F9,15,31813.552007404323
ACO,F9,16,31855.959518091506
ACO,F9,17,38239.28195572428
ACO,F9,18,45377.782535892984
ACO,F9,19,35123.8536784232
ACO,F9,20,54564.47115646068
ACO,F9,21,21150.692877253055
ACO,F9,22,32202.682436601346
ACO,F9,23,57251.599226698825
ACO,F9,24,9183.716014650254
ACO,F9,25,44653.35876575093
ACO,F9,26,31041.647499241513
ACO,F9,27,42537.284712232045
ACO,F9,28,55742.47304688482
ACO,F9,29,42471.48028057276
ACO,F9,30,50642.303320863546
ACO,F10,1,8249.48943278946
ACO,F10,2,8078.373693213409
ACO,F10,3,6802.707260149466
ACO,F10,4,8537.159745779072
ACO,F10,5,6055.15158525631
ACO,F10,6,6880.096365130154
ACO,F10,7,7161.7207874800115
ACO,F10,8,6369.615912921672
ACO,F10,9,12105.010195052317
ACO,F10,10,6546.766577800421
ACO,F10,11,6955.775797803286
ACO,F10,12,6614.152086880351
ACO,F10,13,7004.425697634446
ACO,F10,14,7412.442588854217
ACO,F10,15,8128.226882957433
ACO,F10,16,7214.186430978181
ACO,F10,17,6261.098071467324
ACO,F10,18,8662.351954003596
ACO,F10,19,8448.501624979875
ACO,F10,20,7518.341996303736
ACO,F10,21,5906.815807720317
ACO,F10,22,5697.023597455667
ACO,F10,23,6214.4146337720285
ACO,F10,24,7381.023118567129
ACO,F10,25,6659.879944649434
ACO,F10,26,7117.661308253717
ACO,F10,27,6238.298337008506
ACO,F10,28,7084.835797165775
ACO,F10,29,13341.206581710541
ACO,F10,30,7941.482712502349
ACO,F11,1,1347.0534060061482
ACO,F11,2,1633.3148039249027
ACO,F11,3,1495.0847518500295
ACO,F11,4,1436.503035102266
ACO,F11,5,1447.6583881565275
ACO,F11,6,1497.685702973179
ACO,F11,7,1748.353184793844
ACO,F11,8,1529.6352669184837
ACO,F11,9,1531.2755566299431
ACO,F11,10,1569.9683880349705
ACO,F11,11,1709.5461371233419
ACO,F11,12,1639.5529974639526
ACO,F11,13,1546.0539259539928
ACO,F11,14,1504.6497793812332
ACO,F11,15,1561.4307577682805
ACO,F11,16,1405.4678877848487
ACO,F11,17,2022.071710545414
ACO,F11,18,1518.443089024632
ACO,F11,19,1531.452414837891
ACO,F11,20,1428.434265573274
ACO,F11,21,1494.8291499768848
ACO,F11,22,1428.797453332796
ACO,F11,23,1449.554954953076
ACO,F11,24,1407.9052537383777
ACO,F11,25,1470.9762577982601
ACO,F11,26,1525.6462841651157
ACO,F11,27,1539.291655629783
ACO,F11,28,1677.0080771684868
ACO,F11,29,1528.0953318769139
ACO,F11,30,1556.3732048617123
ACO,F12,1,20231352.31068066
ACO,F12,2,3038030.4422471207
ACO,F12,3,3035130.991120657
ACO,F12,4,2363112.9144269256
ACO,F12,5,3733685.763171757
ACO,F12,6,32363976.94455593
ACO,F12,7,2393100.949955567
ACO,F12,8,4493868.281464133
ACO,F12,9,2105952.9981496106
ACO,F12,10,14761716.617857559
ACO,F12,11,3058231906.7201667
ACO,F12,12,27282953.121770807
ACO,F12,13,1470452.1562428991
ACO,F12,14,29360242.96383994
ACO,F12,15,5197299.838406571
ACO,F12,16,866415.7042174378
ACO,F12,17,139433726.0111023
ACO,F12,18,717021.1462816934
ACO,F12,19,3759025.693408598
ACO,F12,20,3169450.5631585214
ACO,F12,21,2932173.768020916
ACO,F12,22,2195917.6605496136
ACO,F12,23,6854893.083731617
ACO,F12,24,4846478.968299168
ACO,F12,25,10256312.864451298
ACO,F12,26,9936151.849263573
ACO,F12,27,2274326.444117384
ACO,F12,28,13875973.610472795
ACO,F12,29,3655498.48161307
ACO,F12,30,2227748.309861297
ACO,F13,1,36108.16291533434
ACO,F13,2,18687.606178449616
ACO,F13,3,32908.12592354925
ACO,F13,4,6414.758279540109
ACO,F13,5,29306.138663347287
ACO,F13,6,48421.43887295636
ACO,F13,7,7337.051360846583
ACO,F13,8,21449.957260671275
ACO,F13,9,14309.569729436747
ACO,F13,10,30886.594191342097
ACO,F13,11,20030.373451660096
ACO,F13,12,41540.27293338895
ACO,F13,13,23701.077191156946
ACO,F13,14,6837.80238697847
ACO,F13,15,8687.24274569484
ACO,F13,16,34476.10689666703
ACO,F13,17,32819.55929353505
ACO,F13,18,29412.614886064883
ACO,F13,19,40695.37834738105
ACO,F13,20,27736.25606100215
ACO,F13,21,8229.51018343193
ACO,F13,22,18709.882363099514
ACO,F13,23,10017.078815834611
ACO,F13,24,53002.732652440056
ACO,F13,25,22393.26403186683
ACO,F13,26,11256.998948483475
ACO,F13,27,7617.524526830138
ACO,F13,28,28984.216221810988
ACO,F13,29,36788.17408666929
ACO,F13,30,12905.122747872898
ACO,F14,1,9970.121922026387
ACO,F14,2,135414.6430754349
ACO,F14,3,192627.9127267697
ACO,F14,4,205351.54114736745
ACO,F14,5,77652.68493207174
ACO,F14,6,16242.018500054786
ACO,F14,7,45945.029536516035
ACO,F14,8,235735.65584292865
ACO,F14,9,67188.22730118973
ACO,F14,10,71117.3920627033
ACO,F14,11,217331.70052276365
ACO,F14,12,155713.8146893697
ACO,F14,13,167337.9702872972
ACO,F14,14,176874.40481861273
ACO,F14,15,49380.0474452412
ACO,F14,16,165597.86017800632
ACO,F14,17,46880.318108135434
ACO,F14,18,124697.82934372181
ACO,F14,19,138205.00565717678
ACO,F14,20,33319.653927958
ACO,F14,21,106331.9504879235
ACO,F14,22,226559.19245556195
ACO,F14,23,85316.23198993845
ACO,F14,24,274495.22923661006
ACO,F14,25,247516.67589965285
ACO,F14,26,347527.9534907963
ACO,F14,27,202392.86334358077
ACO,F14,28,21828.789373730164
ACO,F14,29,351737.54657941655
ACO,F14,30,16929.826954924007
ACO,F15,1,8152.400168192018
ACO,F15,2,19288.014633421004
ACO,F15,3,4491.488806693585
ACO,F15,4,20244.74479343571
ACO,F15,5,2426.761693996939
ACO,F15,6,8282.673356634336
ACO,F15,7,20299.178060392227
ACO,F15,8,4789.706519750318
ACO,F15,9,5510.909271300507
ACO,F15,10,11665.303633643483
ACO,F15,11,17850.178537923508
ACO,F15,12,20167.589071695784
ACO,F15,13,28775.00948831753
ACO,F15,14,17403.484684222007
ACO,F15,15,4152.182838731837
ACO,F15,16,22130.82696599165
ACO,F15,17,34809.5077331886
ACO,F15,18,9719.36468611773
ACO,F15,19,16565.576849065066
ACO,F15,20,34598.54719914367
ACO,F15,21,2686.715296876172
ACO,F15,22,11408.830745485646
ACO,F15,23,19656.64612575453
ACO,F15,24,32334.659682511883
ACO,F15,25,5647.400015321281
ACO,F15,26,34313.37706791681
ACO,F15,27,34139.002324912784
ACO,F15,28,29415.696934918054
ACO,F15,29,34595.286539297456
ACO,F15,30,18002.671077999836
ACO,F16,1,3503.3105957211396
ACO,F16,2,3842.8334334579185
ACO,F16,3,4343.425769732775
ACO,F16,4,3598.450340850314
ACO,F16,5,4130.51975914168
ACO,F16,6,3962.231802970008
ACO,F16,7,3647.0045065733398
ACO,F16,8,5000.100742381255
ACO,F16,9,3692.847218985754
ACO,F16,10,3843.438991787103
ACO,F16,11,3966.406383763511
ACO,F16,12,3417.916504972448
ACO,F16,13,3755.467091787694
ACO,F16,14,3455.640937599451
ACO,F16,15,2776.7615693328626
ACO,F16,16,3804.288530434631
ACO,F16,17,3761.1723295850543
ACO,F16,18,3077.7842069455633
ACO,F16,19,3760.816895981897
ACO,F16,20,3346.9971045344564
ACO,F16,21,2857.975686224337
ACO,F16,22,3852.821099317968
ACO,F16,23,3365.645814070468
ACO,F16,24,3593.532424912779
ACO,F16,25,3163.5479437878557
ACO,F16,26,3940.3462971237777
ACO,F16,27,3894.870758185727
ACO,F16,28,2928.903079013734
ACO,F16,29,4039.9609788219195
ACO,F16,30,3655.534989256843
ACO,F17,1,2716.154918610135
ACO,F17,2,3541.112370684693
ACO,F17,3,3537.179198579969
ACO,F17,4,4108.169343842595
ACO,F17,5,3754.3083319232687
ACO,F17,6,4169.694508899609
ACO,F17,7,4222.71073026218
ACO,F17,8,4046.0609955433847
ACO,F17,9,4094.2086482140185
ACO,F17,10,3705.5640890269233
ACO,F17,11,3331.6206510789916
ACO,F17,12,3639.01498325961
ACO,F17,13,3355.922471607917
ACO,F17,14,4274.543625055483
ACO,F17,15,3566.0060075173315
ACO,F17,16,3690.5616527899874
ACO,F17,17,3365.8923858187927
ACO,F17,18,3306.3633975215203
ACO,F17,19,3524.5184204746893
ACO,F17,20,4249.966944534686
ACO,F17,21,4216.023772984026
ACO,F17,22,3769.3235493974175
ACO,F17,23,3757.593108147862
ACO,F17,24,3860.7240691464444
ACO,F17,25,3855.413890480439
ACO,F17,26,2473.868500030884
ACO,F17,27,3336.6172225333776
ACO,F17,28,3920.848633899458
ACO,F17,29,3464.2715369782964
ACO,F17,30,3661.4248150361486
ACO,F18,1,204236.89615202407
ACO,F18,2,576567.6330676388
ACO,F18,3,187213.47432322768
ACO,F18,4,1876282.2539143807
ACO,F18,5,209539.85580718398
ACO,F18,6,594726.5491113309
ACO,F18,7,1834232.272330395
ACO,F18,8,560528.4729410366
ACO,F18,9,2174625.443607005
ACO,F18,10,1296125.0154925394
ACO,F18,11,1991184.2007104727
ACO,F18,12,1084566.711531943
ACO,F18,13,2861807.475812648
ACO,F18,14,4192089.6426767115
ACO,F18,15,2234985.5184849002
ACO,F18,16,1408235.6391486786
ACO,F18,17,1381170.8390254898
ACO,F18,18,3280899.9286267823
ACO,F18,19,453722.7110631368
ACO,F18,20,1635983.2124211749
ACO,F18,21,668453.7550278741
ACO,F18,22,1737959.1268408045
ACO,F18,23,967187.1155430987
ACO,F18,24,3136065.6037920606
ACO,F18,25,1029627.3972330798
ACO,F18,26,3352892.280803474
ACO,F18,27,250486.4150227993
ACO,F18,28,1434795.336278912
ACO,F18,29,467024.542900975
ACO,F18,30,6002206.931404652
ACO,F19,1,26845.706419000442
ACO,F19,2,8647.94706689224
ACO,F19,3,7836.915430425101
ACO,F19,4,10564.249505393525
ACO,F19,5,2468.2172651625037
ACO,F19,6,20350.87675750062
ACO,F19,7,18403.24600209476
ACO,F19,8,3074.538084151027
ACO,F19,9,29455.075649423172
ACO,F19,10,38804.263204226474
ACO,F19,11,3492.5408916518313
ACO,F19,12,5505.062493892705
ACO,F19,13,16403.006623318783
ACO,F19,14,14340.032212241766
ACO,F19,15,4600.77602254582
ACO,F19,16,9523.88229806181
ACO,F19,17,10477.294778033856
ACO,F19,18,9415.706636333733
ACO,F19,19,43672.02684923428
ACO,F19,20,185579.18846410085
ACO,F19,21,3161.377844498231
ACO,F19,22,20001.01411451104
ACO,F19,23,44652.375010236254
ACO,F19,24,42683.254409304514
ACO,F19,25,43690.1576350128
ACO,F19,26,7627.505944546441
ACO,F19,27,26315.915767795443
ACO,F19,28,86653.26300648821
ACO,F19,29,25549.47417868121
ACO,F19,30,10553.117538458418
ACO,F20,1,3008.6502864598638
ACO,F20,2,3227.2490065476222
ACO,F20,3,3200.8026467155105
ACO,F20,4,2614.7237025842264
ACO,F20,5,3305.2715886298524
ACO,F20,6,3273.267171028723
ACO,F20,7,3384.5183969189984
ACO,F20,8,3450.794950087182
ACO,F20,9,2889.698921046026
ACO,F20,10,3604.3126699389386
ACO,F20,11,3915.2705543659927
ACO,F20,12,3216.2207611038257
ACO,F20,13,2483.299451734295
ACO,F20,14,2726.547797205806
ACO,F20,15,3145.0346857928407
ACO,F20,16,3220.9196573470936
ACO,F20,17,3344.7819221300456
ACO,F20,18,3629.4199854923727
ACO,F20,19,4586.706452480184
ACO,F20,20,2909.208645776025
ACO,F20,21,3280.5103404446436
ACO,F20,22,3685.5031457065797
ACO,F20,23,3699.2857879584863
ACO,F20,24,3047.189415411328
ACO,F20,25,2840.159877509648
ACO,F20,26,3189.72168615602
ACO,F20,27,3034.448565758801
ACO,F20,28,2895.8967273414746
ACO,F20,29,3494.468849963181
ACO,F20,30,3510.5182358099464
ACO,F21,1,2637.5663031025947
ACO,F21,2,2841.7551819592145
ACO,F21,3,2729.3402859024723
ACO,F21,4,2602.468630697866
ACO,F21,5,2681.2064987704434
ACO,F21,6,2911.1063878584014
ACO,F21,7,2740.0644600880523
ACO,F21,8,2518.9410919340826
ACO,F21,9,2850.5854223825445
ACO,F21,10,2660.905183867383
ACO,F21,11,2762.5373090356743
ACO,F21,12,2705.5522060763774
ACO,F21,13,2646.891587195149
ACO,F21,14,2791.0406741764978
ACO,F21,15,2637.280385864764
ACO,F21,16,2640.0169148842124
ACO,F21,17,2779.6962234558478
ACO,F21,18,2769.8242941219605
ACO,F21,19,2815.959566126138
ACO,F21,20,2733.6944744429165
ACO,F21,21,2738.827970680186
ACO,F21,22,2740.4630925649153
ACO,F21,23,2815.848660969493
ACO,F21,24,2766.459907011342
ACO,F21,25,2768.8249674111808
ACO,F21,26,2644.573977717163
ACO,F21,27,2651.440686626489
ACO,F21,28,2703.0051659758656
ACO,F21,29,2628.3788247881066
ACO,F21,30,2683.0483606306752
ACO,F22,1,10058.6552539865
ACO,F22,2,13154.072029226638
ACO,F22,3,7928.695944800222
ACO,F22,4,8341.452479978148
ACO,F22,5,8170.392375367183
ACO,F22,6,8032.650704576392
ACO,F22,7,9185.724685624049
ACO,F22,8,8687.672552577214
ACO,F22,9,8891.543170133977
ACO,F22,10,9138.500576083716
ACO,F22,11,7934.402855901124
ACO,F22,12,10040.386353232827
ACO,F22,13,9148.032904143787
ACO,F22,14,10707.09930957492
ACO,F22,15,10557.019048023145
ACO,F22,16,8440.297811858361
ACO,F22,17,2300.024809010073
ACO,F22,18,8676.833307896126
ACO,F22,19,7946.675816899693
ACO,F22,20,6930.344480407616
ACO,F22,21,8446.71442400453
ACO,F22,22,8792.115986205576
ACO,F22,23,7417.395853758383
ACO,F22,24,8530.023204414254
ACO,F22,25,7968.7803032723905
ACO,F22,26,17121.470584512204
ACO,F22,27,9114.011469942949
ACO,F22,28,8679.021890915454
ACO,F22,29,17072.52956424774
ACO,F22,30,9507.314859683815
ACO,F23,1,3355.843766163557
ACO,F23,2,3301.3150222099475
ACO,F23,3,3487.03399221466
ACO,F23,4,3079.474801178836
ACO,F23,5,3007.300807114365
ACO,F23,6,3075.3742934195243
ACO,F23,7,3167.525643333722
ACO,F23,8,3473.3013728819215
ACO,F23,9,3027.485615540306
ACO,F23,10,3326.2845032969863
ACO,F23,11,3303.885021224265
ACO,F23,12,3009.5221620242974
ACO,F23,13,2992.9418137667617
ACO,F23,14,3005.891166809719
ACO,F23,15,3175.230619953729
ACO,F23,16,3329.4885307167992
ACO,F23,17,3251.464842362732
ACO,F23,18,3190.02178815147
ACO,F23,19,3297.3325103873626
ACO,F23,20,3125.503025612504
ACO,F23,21,3115.2914899328252
ACO,F23,22,3376.537670822585
ACO,F23,23,3163.7148854420802
ACO,F23,24,3269.7880676691457
ACO,F23,25,3139.0653606151955
ACO,F23,26,3020.5658075473184
ACO,F23,27,3025.801255061259
ACO,F23,28,3266.0453756936213
ACO,F23,29,3352.5835334866465
ACO,F23,30,3122.884821144533
ACO,F24,1,3423.2353213485967
ACO,F24,2,3331.567147305468
ACO,F24,3,3321.299159060828
ACO,F24,4,3453.22168087152
ACO,F24,5,3274.5714067626604
ACO,F24,6,3270.026164100763
ACO,F24,7,3275.1853027143798
ACO,F24,8,3264.549625289478
ACO,F24,9,3526.302570644423
ACO,F24,10,3252.064412674844
ACO,F24,11,3315.108523865005
ACO,F24,12,3303.4064561144232
ACO,F24,13,3301.692751441433
ACO,F24,14,3228.7646071202144
ACO,F24,15,3386.298415530041
ACO,F24,16,3275.703520150009
ACO,F24,17,3348.9428411147933
ACO,F24,18,3298.0131923933577
ACO,F24,19,3447.255766786903
ACO,F24,20,3252.04103027606
ACO,F24,21,3231.01455464413
ACO,F24,22,3302.2500817704126
ACO,F24,23,3233.74685464679
ACO,F24,24,3328.229614294265
ACO,F24,25,3301.8849555773786
ACO,F24,26,3410.084228280651
ACO,F24,27,3317.070611561565
ACO,F24,28,3295.36085086799
ACO,F24,29,3634.6381613453605
ACO,F24,30,3403.948876321661
ACO,F25,1,3036.718560077129
ACO,F25,2,3238.8437544957474
ACO,F25,3,3163.599122800142
ACO,F25,4,3027.9262340665196
ACO,F25,5,3068.708207964826
ACO,F25,6,4412.315673633753
ACO,F25,7,3032.082078581936
ACO,F25,8,3041.155195967098
ACO,F25,9,3060.7009560059814
ACO,F25,10,3335.5650565174
ACO,F25,11,3312.322277123049
ACO,F25,12,3096.8231516133123
ACO,F25,13,3069.6645740049976
ACO,F25,14,3077.0656519719837
ACO,F25,15,3072.9498096231146
ACO,F25,16,3349.7758346887754
ACO,F25,17,3077.787470724912
ACO,F25,18,3031.55905928566
ACO,F25,19,3032.139269869507
ACO,F25,20,3068.5399045302916
ACO,F25,21,2992.211533872226
ACO,F25,22,3063.093844641668
ACO,F25,23,3081.6168636929915
ACO,F25,24,3018.3760590019137
ACO,F25,25,2985.434963371946
ACO,F25,26,3142.2829284771838
ACO,F25,27,3628.7623653333485
ACO,F25,28,3202.564869552008
ACO,F25,29,3023.5587612857266
ACO,F25,30,3030.0773061916025
ACO,F26,1,8541.859871839308
ACO,F26,2,8479.046784651091
ACO,F26,3,10354.075696957989
ACO,F26,4,7861.497129908917
ACO,F26,5,7852.892923169709
ACO,F26,6,10309.360762349199
ACO,F26,7,12974.112428611405
ACO,F26,8,8300.73674977428
ACO,F26,9,10065.16498120431
ACO,F26,10,8336.875305173067
ACO,F26,11,9045.748953816987
ACO,F26,12,8279.27633682152
ACO,F26,13,8207.090741336451
ACO,F26,14,9952.164415652085
ACO,F26,15,6712.789652218586
ACO,F26,16,9029.49348358169
ACO,F26,17,7334.75995344707
ACO,F26,18,9919.43422066345
ACO,F26,19,8906.069954779541
ACO,F26,20,8341.05422874319
ACO,F26,21,7882.259638314207
ACO,F26,22,9197.5810270465
ACO,F26,23,7330.668612747084
ACO,F26,24,9618.702083339424
ACO,F26,25,8156.8506850875065
ACO,F26,26,8719.054649902122
ACO,F26,27,9856.227117527524
ACO,F26,28,7999.081505042823
ACO,F26,29,9532.354745920817
ACO,F26,30,8524.191594243783
ACO,F27,1,3715.070440479706
ACO,F27,2,3789.1727996367076
ACO,F27,3,3579.8037771963072
ACO,F27,4,3500.1106964831397
ACO,F27,5,3507.156841593568
ACO,F27,6,3844.8391590207057
ACO,F27,7,3523.135589268554
ACO,F27,8,3545.511865788618
ACO,F27,9,3737.691919246464
ACO,F27,10,3876.6188153581807
ACO,F27,11,3644.366645094065
ACO,F27,12,3651.963082861693
ACO,F27,13,3739.951012271611
ACO,F27,14,3575.352208527869
ACO,F27,15,3905.981680253315
ACO,F27,16,3956.853379112148
ACO,F27,17,3525.619443804251
ACO,F27,18,3603.778521377875
ACO,F27,19,3574.9585640902824
ACO,F27,20,3623.9131750670117
ACO,F27,21,3474.969740733024
ACO,F27,22,3378.205206433597
ACO,F27,23,3562.8428584806607
ACO,F27,24,3515.350648159986
ACO,F27,25,3549.955888996674
ACO,F27,26,3450.9457759846537
ACO,F27,27,3531.8500236788364
ACO,F27,28,3574.681099508627
ACO,F27,29,3566.2201729950875
ACO,F27,30,3616.278524114444
ACO,F28,1,4877.918815717738
ACO,F28,2,6084.087462590785
ACO,F28,3,3490.788064410757
ACO,F28,4,5245.132875865638
ACO,F28,5,3335.456447286047
ACO,F28,6,3399.5138201117575
ACO,F28,7,3644.6212462187864
ACO,F28,8,3394.6168244038818
ACO,F28,9,3321.938268330621
ACO,F28,10,3428.8096003626906
ACO,F28,11,3396.1261593604613
ACO,F28,12,3720.9990698863967
ACO,F28,13,3333.4384322830947
ACO,F28,14,3340.841896544899
ACO,F28,15,5052.137269798975
ACO,F28,16,3349.3817769497496
ACO,F28,17,4191.503630654686
ACO,F28,18,5458.644995816954
ACO,F28,19,4812.60530910386
ACO,F28,20,6060.700325263349
ACO,F28,21,3976.0558562933847
ACO,F28,22,5274.195787683566
ACO,F28,23,3948.244311605891
ACO,F28,24,3420.9751748423405
ACO,F28,25,3699.9108001861773
ACO,F28,26,4263.075591504462
ACO,F28,27,3973.377376589928
ACO,F28,28,4710.092277582491
ACO,F28,29,3356.2458353006714
ACO,F28,30,3906.0458724513765
ACO,F29,1,4858.084333311778
ACO,F29,2,4474.5586768881785
ACO,F29,3,5090.377063966009
ACO,F29,4,5331.638341981187
ACO,F29,5,5444.48258056944
ACO,F29,6,5046.678022021955
ACO,F29,7,5367.416557494214
ACO,F29,8,4638.0082430059665
ACO,F29,9,5256.453436607044
ACO,F29,10,5942.61038396695
ACO,F29,11,4830.8336520610865
ACO,F29,12,5014.773122441727
ACO,F29,13,5688.435312937585
ACO,F29,14,5415.595451477599
ACO,F29,15,6231.935370079536
ACO,F29,16,5322.272092202393
ACO,F29,17,5349.450195101178
ACO,F29,18,5287.336479719451
ACO,F29,19,5171.20049345517
ACO,F29,20,4410.269585296326
ACO,F29,21,5611.282079454257
ACO,F29,22,5010.40185705996
ACO,F29,23,6126.800923273781
ACO,F29,24,5246.544846830581
ACO,F29,25,4990.233573382922
ACO,F29,26,4872.907039192667
ACO,F29,27,5080.1060582772325
ACO,F29,28,4628.66953723054
ACO,F29,29,5772.993412356489
ACO,F29,30,5086.013118842466
ACO,F30,1,735810.0633452579
ACO,F30,2,2017510.8307284003
ACO,F30,3,3382095.489973514
ACO,F30,4,1632427.5322925197
ACO,F30,5,1843772.5864991366
ACO,F30,6,6684650.259095677
ACO,F30,7,4298739.193353219
ACO,F30,8,1805690.5739439486
ACO,F30,9,3074301.4225947084
ACO,F30,10,2224921.9860463915
ACO,F30,11,2210720.4953947887
ACO,F30,12,926011.6953615453
ACO,F30,13,4515888.862444024
ACO,F30,14,1173444.1656584176
ACO,F30,15,2668705.537452363
ACO,F30,16,1730926.2859857208
ACO,F30,17,3298303.0454900446
ACO,F30,18,2418922.9371161596
ACO,F30,19,3085578.2039080495
ACO,F30,20,2032190.0818664809
ACO,F30,21,2982804.139519084
ACO,F30,22,1160442.1030823062
ACO,F30,23,6471034.166992366
ACO,F30,24,2625511.0336157167
ACO,F30,25,2654966.4567649546
ACO,F30,26,886901.8856367298
ACO,F30,27,2431960.993409718
ACO,F30,28,5844530.823599198
ACO,F30,29,2503348.4173007943
ACO,F30,30,1731950.673513921
BBO,F1,1,116254230252.69568
BBO,F1,2,110152342356.30145
BBO,F1,3,116716282807.8197
BBO,F1,4,114727242058.42729
BBO,F1,5,108203914869.8055
BBO,F1,6,119911498444.52438
BBO,F1,7,121100546773.53322
BBO,F1,8,124253813213.58357
BBO,F1,9,116330875077.07016
BBO,F1,10,117901797817.19818
BBO,F1,11,119919937976.2579
BBO,F1,12,115505135350.01454
BBO,F1,13,114439087351.03114
BBO,F1,14,115457752079.54381
BBO,F1,15,121668483113.47649
BBO,F1,16,109498393404.67274
BBO,F1,17,118580862181.98035
BBO,F1,18,117253291511.74223
BBO,F1,19,123323590520.20132
BBO,F1,20,115733018951.51639
BBO,F1,21,112195851909.69682
BBO,F1,22,116223163053.16028
BBO,F1,23,105738012853.70522
BBO,F1,24,115453042805.37405
BBO,F1,25,122858279572.01236
BBO,F1,26,107360565704.30264
BBO,F1,27,122275288701.0547
BBO,F1,28,116802268422.38051
BBO,F1,29,111962910375.4385
BBO,F1,30,118830553868.03448
BBO,F3,1,284376.70608115016
BBO,F3,2,202121.36958781493
BBO,F3,3,227111.72335439466
BBO,F3,4,298280.47511416493
BBO,F3,5,343051.7231188074
BBO,F3,6,208821.99000250894
BBO,F3,7,191744.45513447575
BBO,F3,8,261937.6681033065
BBO,F3,9,313187.9418889358
BBO,F3,10,239451.10991209035
BBO,F3,11,170371.68938684018
BBO,F3,12,452909.96997823985
BBO,F3,13,308213.49706208403
BBO,F3,14,231632.50009843498
BBO,F3,15,539290.090547216
BBO,F3,16,198336.64509661184
BBO,F3,17,351633.5326706854
BBO,F3,18,241587.07131135
BBO,F3,19,1044644.0091766632
BBO,F3,20,313051.17229088536
BBO,F3,21,192063.02780866052
BBO,F3,22,191876.49549351074
BBO,F3,23,967981.4828545236
BBO,F3,24,214507.49419628017
BBO,F3,25,167322.88067225003
BBO,F3,26,260186.71733136708
BBO,F3,27,248844.8393743754
BBO,F3,28,194095.75427646167
BBO,F3,29,171595.11773704021
BBO,F3,30,371614.87331578473
BBO,F4,1,38003.371666587074
BBO,F4,2,45013.32577918386
BBO,F4,3,39820.706845363646
BBO,F4,4,37906.19687281522
BBO,F4,5,30237.394341564428
BBO,F4,6,32273.24839955293
BBO,F4,7,39060.75951499467
BBO,F4,8,35616.5152426058
BBO,F4,9,43700.82659943893
BBO,F4,10,38216.08701376766
BBO,F4,11,36100.27392534571
BBO,F4,12,31996.671733611107
BBO,F4,13,38544.56069563524
BBO,F4,14,44233.900450517096
BBO,F4,15,41613.1932864074
BBO,F4,16,42898.67572989679
BBO,F4,17,32286.12074415619
BBO,F4,18,39497.51072125877
BBO,F4,19,31310.75733614567
BBO,F4,20,37584.92245574358
BBO,F4,21,43150.957974237564
BBO,F4,22,44913.97010596423
BBO,F4,23,34378.7752795698
BBO,F4,24,36752.9073999525
BBO,F4,25,40627.91597453232
BBO,F4,26,37884.827619209944
BBO,F4,27,44998.893537722026
BBO,F4,28,43912.29904692178
BBO,F4,29,40363.16096256315
BBO,F4,30,43227.608212139894
BBO,F5,1,1226.5873360773267
BBO,F5,2,1176.1003159123115
BBO,F5,3,1228.3092973979055
BBO,F5,4,1204.7657997853332
BBO,F5,5,1230.512733698619
BBO,F5,6,1205.6913043445993
BBO,F5,7,1226.8020022359126
BBO,F5,8,1235.3817459707234
BBO,F5,9,1222.7176743702605
BBO,F5,10,1225.1834266039677
BBO,F5,11,1238.8900691282604
BBO,F5,12,1235.5253172882271
BBO,F5,13,1231.7374248040092
BBO,F5,14,1238.1689409556293
BBO,F5,15,1251.2604185640103
BBO,F5,16,1225.9491823178823
BBO,F5,17,1256.355920204787
BBO,F5,18,1253.9372785963592
BBO,F5,19,1219.2984274605433
BBO,F5,20,1197.7296757463546
BBO,F5,21,1184.6573830258255
BBO,F5,22,1222.703616636638
BBO,F5,23,1227.7719237421143
BBO,F5,24,1253.6897448021691
BBO,F5,25,1225.7297605028216
BBO,F5,26,1225.7422636762335
BBO,F5,27,1219.932279232277
BBO,F5,28,1194.4585179291905
BBO,F5,29,1248.3594666428435
BBO,F5,30,1251.219484776761
BBO,F6,1,713.4131509610493
BBO,F6,2,705.588246523768
BBO,F6,3,711.5690079634043
BBO,F6,4,707.9044268065327
BBO,F6,5,711.6054491411328
BBO,F6,6,709.0869924609611
BBO,F6,7,713.3530754211499
BBO,F6,8,701.8700239427991
BBO,F6,9,713.5609408104194
BBO,F6,10,709.733530798009
BBO,F6,11,706.2286687709328
BBO,F6,12,706.5705967811996
BBO,F6,13,710.6274432302706
BBO,F6,14,710.0587290344855
BBO,F6,15,702.1159668747121
BBO,F6,16,709.1939090246258
BBO,F6,17,711.7832115512504
BBO,F6,18,708.4021403154859
BBO,F6,19,703.1440758466482
BBO,F6,20,712.7210428619486
BBO,F6,21,714.1448798303023
BBO,F6,22,713.2805776635273
BBO,F6,23,714.9708298321897
BBO,F6,24,707.1627310492629
BBO,F6,25,710.3305840551134
BBO,F6,26,709.6108447793919
BBO,F6,27,702.9823934846984
BBO,F6,28,707.2812779009407
BBO,F6,29,709.2563174342562
BBO,F6,30,710.4670681673412
BBO,F7,1,2047.3768483422368
BBO,F7,2,2008.1946431465217
BBO,F7,3,2074.0202009823774
BBO,F7,4,2041.2810960620745
BBO,F7,5,2050.274121681195
BBO,F7,6,2060.874615631662
BBO,F7,7,2051.1776157472204
BBO,F7,8,2074.2455112089347
BBO,F7,9,2059.7274093993396
BBO,F7,10,2056.0871204126333
BBO,F7,11,2059.0543044654423
BBO,F7,12,2108.1364217444043
BBO,F7,13,2044.0549343661921
BBO,F7,14,2125.67833751024
BBO,F7,15,2125.5592524218373
BBO,F7,16,1976.8906764661085
BBO,F7,17,2120.709984689295
BBO,F7,18,2069.315136817849
BBO,F7,19,2101.2927766606517
BBO,F7,20,2056.005486386738
BBO,F7,21,2056.1124967918126
BBO,F7,22,2100.897969094368
BBO,F7,23,2125.542557764453
BBO,F7,24,2087.3432247961964
BBO,F7,25,2111.644947321278
BBO,F7,26,2068.948834444943
BBO,F7,27,2098.9433267165386
BBO,F7,28,2041.7058048606602
BBO,F7,29,2113.458861307955
BBO,F7,30,2065.911227437038
BBO,F8,1,1585.152845013116
BBO,F8,2,1562.202273483246
BBO,F8,3,1536.9867714312359
BBO,F8,4,1560.349599400433
BBO,F8,5,1544.4740326140427
BBO,F8,6,1529.853022686214
BBO,F8,7,1536.6248653939422
BBO,F8,8,1543.5787150694919
BBO,F8,9,1557.4937565493985
BBO,F8,10,1549.7073638381642
BBO,F8,11,1583.42006958795
BBO,F8,12,1553.0734679449051
BBO,F8,13,1572.3265809791546
BBO,F8,14,1576.391957559466
BBO,F8,15,1543.927234977079
BBO,F8,16,1581.6323004216354
BBO,F8,17,1583.9591542479943
BBO,F8,18,1573.6382384819249
BBO,F8,19,1570.2702654860527
BBO,F8,20,1573.6595379988792
BBO,F8,21,1540.3552291758192
BBO,F8,22,1539.7216454427728
BBO,F8,23,1560.3888009431532
BBO,F8,24,1520.5672143768886
BBO,F8,25,1538.3279118748528
BBO,F8,26,1589.4354358259495
BBO,F8,27,1574.5858306637265
BBO,F8,28,1555.9157010429628
BBO,F8,29,1552.4982808062473
BBO,F8,30,1521.4782324919597
BBO,F9,1,36482.85021358634
BBO,F9,2,42475.23805894907
BBO,F9,3,45112.21832225893
BBO,F9,4,41993.92017950897
BBO,F9,5,47377.22236596752
BBO,F9,6,45166.046419008075
BBO,F9,7,39904.84808452421
BBO,F9,8,43825.90652413245
BBO,F9,9,39618.318603241736
BBO,F9,10,43280.97531110127
BBO,F9,11,42027.72631622579
BBO,F9,12,39463.83672290535
BBO,F9,13,44722.5174249322
BBO,F9,14,41796.89205618204
BBO,F9,15,40021.325263967155
BBO,F9,16,45766.72661107111
BBO,F9,17,38938.700626533675
BBO,F9,18,42682.30007678319
BBO,F9,19,41654.31955526635
BBO,F9,20,43460.592672329636
BBO,F9,21,44341.26486388161
BBO,F9,22,39817.10368277331
BBO,F9,23,40104.362498067545
BBO,F9,24,36485.14506188428
BBO,F9,25,43360.95239883358
BBO,F9,26,44465.39425343004
BBO,F9,27,43157.38857902188
BBO,F9,28,42648.1727878377
BBO,F9,29,38403.785156472026
BBO,F9,30,39952.49310304901
BBO,F10,1,15697.962165320876
BBO,F10,2,16398.373987757324
BBO,F10,3,15711.468829880872
BBO,F10,4,16498.198137556137
BBO,F10,5,16017.08592693161
BBO,F10,6,15383.002046770847
BBO,F10,7,16017.421870364666
BBO,F10,8,15480.042672697786
BBO,F10,9,15361.870606227229
BBO,F10,10,15402.081081110813
BBO,F10,11,16544.328260456397
BBO,F10,12,15533.362408173774
BBO,F10,13,16901.780392532768
BBO,F10,14,16417.222491597116
BBO,F10,15,15602.740495434999
BBO,F10,16,15786.62786185705
BBO,F10,17,15815.24585969127
BBO,F10,18,15281.317964864207
BBO,F10,19,16305.97548304349
BBO,F10,20,14935.961049366648
BBO,F10,21,16147.370349860235
BBO,F10,22,15913.02192752243
BBO,F10,23,16211.81408558193
BBO,F10,24,16251.6525370493
BBO,F10,25,16005.316888964962
BBO,F10,26,15224.094869360102
BBO,F10,27,16521.200929185743
BBO,F10,28,14795.809242316114
BBO,F10,29,16632.891662187187
BBO,F10,30,16598.55099475917
BBO,F11,1,21543.141129690677
BBO,F11,2,19261.51167307556
BBO,F11,3,26991.043665369332
BBO,F11,4,23666.868045397132
BBO,F11,5,25766.090398702378
BBO,F11,6,25116.77514007534
BBO,F11,7,27973.77804810596
BBO,F11,8,26911.241508190946
BBO,F11,9,25976.913298731968
BBO,F11,10,24710.678129400338
BBO,F11,11,24746.50684701976
BBO,F11,12,24314.983930521983
BBO,F11,13,23934.80126896139
BBO,F11,14,23288.87087682769
BBO,F11,15,17932.272371424737
BBO,F11,16,21856.237369095383
BBO,F11,17,22743.377388154207
BBO,F11,18,27852.28367507501
BBO,F11,19,23940.16611439671
BBO,F11,20,26444.74013022664
BBO,F11,21,24514.148765559657
BBO,F11,22,25256.525800145948
BBO,F11,23,23490.807595994538
BBO,F11,24,19344.40237409358
BBO,F11,25,24092.135999393016
BBO,F11,26,23296.338610427494
BBO,F11,27,23304.382830302286
BBO,F11,28,26012.344464663656
BBO,F11,29,19905.653432067695
BBO,F11,30,25680.225274756736
BBO,F12,1,73958444621.15785
BBO,F12,2,83334342750.23712
BBO,F12,3,81261573160.84598
BBO,F12,4,104199475644.87454
BBO,F12,5,94908938918.81027
BBO,F12,6,81361701525.63562
BBO,F12,7,103210817470.66374
BBO,F12,8,78000718716.45207
BBO,F12,9,78044949350.05542
BBO,F12,10,72804898208.25246
BBO,F12,11,78266891071.15344
BBO,F12,12,90816115477.67227
BBO,F12,13,61636785759.80276
BBO,F12,14,65629159856.2176
BBO,F12,15,89093239305.654
BBO,F12,16,88159247527.43703
BBO,F12,17,76568667523.57498
BBO,F12,18,93455399186.48471
BBO,F12,19,98435278498.61398
BBO,F12,20,96747250547.9365
BBO,F12,21,79874600419.14253
BBO,F12,22,89180808198.39938
BBO,F12,23,99145368365.71703
BBO,F12,24,75566261386.60411
BBO,F12,25,72426641758.6934
BBO,F12,26,89108298203.54622
BBO,F12,27,96018163903.03192
BBO,F12,28,96248558648.11902
BBO,F12,29,91358031102.59271
BBO,F12,30,82667759459.87862
BBO,F13,1,41999664052.619896
BBO,F13,2,35712527430.97927
BBO,F13,3,58822719831.19603
BBO,F13,4,62363478505.332596
BBO,F13,5,60734539906.94997
BBO,F13,6,61327841063.09173
BBO,F13,7,38310681687.28978
BBO,F13,8,69128109505.90277
BBO,F13,9,59490777892.82384
BBO,F13,10,54707099146.193756
BBO,F13,11,56245240731.61925
BBO,F13,12,69763500261.40521
BBO,F13,13,58828263013.400246
BBO,F13,14,45316943990.20424
BBO,F13,15,45316637656.20515
BBO,F13,16,29027758646.701912
BBO,F13,17,30708632004.260036
BBO,F13,18,44228044236.76867
BBO,F13,19,56787492065.50543
BBO,F13,20,63764268548.98584
BBO,F13,21,51515026244.15675
BBO,F13,22,59786421325.68552
BBO,F13,23,62730454135.08629
BBO,F13,24,66657036527.8339
BBO,F13,25,50879837867.754135
BBO,F13,26,57818781565.21395
BBO,F13,27,39000978922.31631
BBO,F13,28,48056527074.37937
BBO,F13,29,67263537131.34929
BBO,F13,30,65061675984.593155
BBO,F14,1,116668485.19013913
BBO,F14,2,196185918.13018304
BBO,F14,3,139333448.35532343
BBO,F14,4,114312134.1372085
BBO,F14,5,291549988.98365176
BBO,F14,6,352421076.65799177
BBO,F14,7,246244971.58171412
BBO,F14,8,90718756.53543024
BBO,F14,9,252811182.8160304
BBO,F14,10,145801362.09419164
BBO,F14,11,185758422.32304633
BBO,F14,12,151896955.64741558
BBO,F14,13,247616337.0497024
BBO,F14,14,177677183.91273183
BBO,F14,15,236164858.10548875
BBO,F14,16,169207075.5785512
BBO,F14,17,374144026.64491886
BBO,F14,18,221983071.39504224
BBO,F14,19,251079437.2677277
BBO,F14,20,218643630.15263808
BBO,F14,21,203621409.49206266
BBO,F14,22,144363480.59014016
BBO,F14,23,252945856.14706466
BBO,F14,24,175204950.05095938
BBO,F14,25,173496964.38329706
BBO,F14,26,163574620.31995487
BBO,F14,27,150350794.0188323
BBO,F14,28,17718490.565093167
BBO,F14,29,156627800.8869616
BBO,F14,30,140189552.3008909
BBO,F15,1,14476522518.992264
BBO,F15,2,7386187116.637552
BBO,F15,3,12356293116.28445
BBO,F15,4,13895586495.1959
BBO,F15,5,11570062720.26819
BBO,F15,6,10768791242.134802
BBO,F15,7,7499890633.8558035
BBO,F15,8,12299594676.64079
BBO,F15,9,14163043391.099781
BBO,F15,10,10452560202.456007
BBO,F15,11,7212249318.167234
BBO,F15,12,13599414462.709816
BBO,F15,13,13638955980.98003
BBO,F15,14,13629109468.466557
BBO,F15,15,8639859302.147488
BBO,F15,16,7143399717.954541
BBO,F15,17,12945198137.886435
BBO,F15,18,9291006744.93594
BBO,F15,19,10646150231.202736
BBO,F15,20,14831834432.448414
BBO,F15,21,7217512870.047263
BBO,F15,22,10526266356.952988
BBO,F15,23,13394485601.47027
BBO,F15,24,16307580648.878843
BBO,F15,25,13605651811.993198
BBO,F15,26,14219599308.767338
BBO,F15,27,12030281566.903297
BBO,F15,28,7741391835.37121
BBO,F15,29,12053242164.199444
BBO,F15,30,14145830640.7321
BBO,F16,1,13113.601113674657
BBO,F16,2,10354.08346792304
BBO,F16,3,11990.511318205427
BBO,F16,4,13437.301789494857
BBO,F16,5,13065.191079985385
BBO,F16,6,10067.199724388414
BBO,F16,7,11098.52079898048
BBO,F16,8,15268.616334925464
BBO,F16,9,11131.634164637291
BBO,F16,10,10736.196284818114
BBO,F16,11,13452.513357205065
BBO,F16,12,14542.307966404307
BBO,F16,13,14212.86797719518
BBO,F16,14,12127.186689323129
BBO,F16,15,11978.186431402764
BBO,F16,16,11335.406884660242
BBO,F16,17,9102.99987348454
BBO,F16,18,11906.321982115755
BBO,F16,19,12113.729047188115
BBO,F16,20,11856.66752731967
BBO,F16,21,12146.856174038232
BBO,F16,22,10477.171655014663
BBO,F16,23,13105.73192254286
BBO,F16,24,8928.302625416358
BBO,F16,25,11509.125982412143
BBO,F16,26,12377.983634614771
BBO,F16,27,11867.506555902648
BBO,F16,28,12205.724170269517
BBO,F16,29,9923.12948401976
BBO,F16,30,12452.138077471825
BBO,F17,1,23015.57420420195
BBO,F17,2,14494.316404843055
BBO,F17,3,15272.543650660451
BBO,F17,4,13631.846029837921
BBO,F17,5,28947.35625680597
BBO,F17,6,21471.91672413998
BBO,F17,7,12454.269984937791
BBO,F17,8,25651.967479412735
BBO,F17,9,9109.042647973632
BBO,F17,10,13300.164100866392
BBO,F17,11,8447.348386290403
BBO,F17,12,18858.145609943185
BBO,F17,13,8517.02656026772
BBO,F17,14,9579.938201031233
BBO,F17,15,9097.258816568066
BBO,F17,16,15771.114918999085
BBO,F17,17,9425.634498323921
BBO,F17,18,12389.369351867017
BBO,F17,19,15043.205276341561
BBO,F17,20,12586.846320772986
BBO,F17,21,15712.83310200271
BBO,F17,22,10468.42364486785
BBO,F17,23,11350.102675918886
BBO,F17,24,16989.561947064125
BBO,F17,25,21444.01035245902
BBO,F17,26,7516.184593804614
BBO,F17,27,9296.11786415584
BBO,F17,28,10660.248838550862
BBO,F17,29,14456.820828509857
BBO,F17,30,20535.69400479699
BBO,F18,1,191206596.3175438
BBO,F18,2,280521894.7904297
BBO,F18,3,152350946.3789409
BBO,F18,4,195696167.44324523
BBO,F18,5,273458923.77161336
BBO,F18,6,196084998.4307411
BBO,F18,7,147100821.64015758
BBO,F18,8,228425825.84769464
BBO,F18,9,198433620.0028521
BBO,F18,10,211350237.22447613
BBO,F18,11,176350398.1212289
BBO,F18,12,257528697.02681634
BBO,F18,13,260842423.94397026
BBO,F18,14,195740123.27053583
BBO,F18,15,133385954.93783483
BBO,F18,16,119733412.87449387
BBO,F18,17,286298054.8212322
BBO,F18,18,356330714.5831774
BBO,F18,19,166870422.29623204
BBO,F18,20,401270183.185034
BBO,F18,21,337163749.43873084
BBO,F18,22,195401934.49898902
BBO,F18,23,272224885.93990755
BBO,F18,24,184934313.690238
BBO,F18,25,225441618.50233096
BBO,F18,26,208656710.74523634
BBO,F18,27,196722100.79924464
BBO,F18,28,114044832.91433796
BBO,F18,29,182700589.23910692
BBO,F18,30,254186496.9875827
BBO,F19,1,6852908341.464426
BBO,F19,2,5723369882.940498
BBO,F19,3,3582484722.2847276
BBO,F19,4,3088167306.913169
BBO,F19,5,5952279205.740671
BBO,F19,6,1763969712.8915386
BBO,F19,7,6412763081.633707
BBO,F19,8,3531066825.414233
BBO,F19,9,4275176428.543399
BBO,F19,10,5015660667.272712
BBO,F19,11,4665415776.111073
BBO,F19,12,3549904554.5676484
BBO,F19,13,4111225965.3922915
BBO,F19,14,2673491037.172344
BBO,F19,15,6029406903.159248
BBO,F19,16,4618123616.997322
BBO,F19,17,3502634522.156741
BBO,F19,18,2009961808.6603127
BBO,F19,19,4915611453.266016
BBO,F19,20,4374466667.11757
BBO,F19,21,5471440304.003958
BBO,F19,22,3768668941.2128606
BBO,F19,23,5739392348.888346
BBO,F19,24,3017033617.075731
BBO,F19,25,3245814361.085976
BBO,F19,26,5095253350.666032
BBO,F19,27,6049253829.492265
BBO,F19,28,3384856362.6295853
BBO,F19,29,2375079923.3959827
BBO,F19,30,4693419656.563876
BBO,F20,1,4303.673871859728
BBO,F20,2,4020.7026725785645
BBO,F20,3,4744.224879638931
BBO,F20,4,4411.316641748404
BBO,F20,5,4427.310953859878
BBO,F20,6,4420.404366474871
BBO,F20,7,4556.732868587479
BBO,F20,8,4442.8668671637115
BBO,F20,9,4684.547377233454
BBO,F20,10,4666.2751083611265
BBO,F20,11,4589.753270460735
BBO,F20,12,4635.123641360984
BBO,F20,13,4616.123783132172
BBO,F20,14,4410.332441428183
BBO,F20,15,4586.353310947789
BBO,F20,16,4686.923736980571
BBO,F20,17,4260.436779369502
BBO,F20,18,4316.88116027365
BBO,F20,19,4659.452428151229
BBO,F20,20,4357.660833868755
BBO,F20,21,4448.477990700465
BBO,F20,22,4492.878814587719
BBO,F20,23,4505.449527282194
BBO,F20,24,4537.750470724006
BBO,F20,25,4576.738303561493
BBO,F20,26,4247.649491779706
BBO,F20,27,4278.583552902746
BBO,F20,28,4405.6069589959725
BBO,F20,29,4378.68044145746
BBO,F20,30,4651.507124642525
BBO,F21,1,3236.5268907596956
BBO,F21,2,3261.722625948986
BBO,F21,3,3331.2009769352435
BBO,F21,4,3499.3174493006645
BBO,F21,5,3209.1407296832085
BBO,F21,6,3247.0734491100575
BBO,F21,7,3288.450113246932
BBO,F21,8,3212.9501408418437
BBO,F21,9,3378.011878194537
BBO,F21,10,3312.318575876546
BBO,F21,11,3256.0463173590974
BBO,F21,12,3199.819327576836
BBO,F21,13,3439.8432168131476
BBO,F21,14,3197.9975179897388
BBO,F21,15,3294.89357844201
BBO,F21,16,3279.943994962771
BBO,F21,17,3250.2931357409702
BBO,F21,18,3302.6405926317416
BBO,F21,19,3284.159455649187
BBO,F21,20,3124.2234399737936
BBO,F21,21,3276.040198067657
BBO,F21,22,3235.9973001115154
BBO,F21,23,3355.1757792068283
BBO,F21,24,3127.260870507176
BBO,F21,25,3314.765142462248
BBO,F21,26,3379.2742986988414
BBO,F21,27,3363.1866456227185
BBO,F21,28,3283.9480607783794
BBO,F21,29,3499.6078645461484
BBO,F21,30,3182.6421296186627
BBO,F22,1,18343.476351809048
BBO,F22,2,18128.709921615526
BBO,F22,3,17934.66319755509
BBO,F22,4,17254.857769022332
BBO,F22,5,17831.615785554357
BBO,F22,6,17128.70591623705
BBO,F22,7,17991.518095418673
BBO,F22,8,18015.95435928372
BBO,F22,9,18661.226869838272
BBO,F22,10,17444.56844825227
BBO,F22,11,17902.370685911534
BBO,F22,12,16724.728756458884
BBO,F22,13,17532.471123627893
BBO,F22,14,17742.367757020973
BBO,F22,15,18040.1226892914
BBO,F22,16,17951.930682090766
BBO,F22,17,17166.836308934475
BBO,F22,18,18068.190409051414
BBO,F22,19,18388.162203735097
BBO,F22,20,17874.16656742739
BBO,F22,21,17204.636548940674
BBO,F22,22,18050.533567319464
BBO,F22,23,18119.728548626037
BBO,F22,24,17829.493034320996
BBO,F22,25,18155.0652498833
BBO,F22,26,17553.870429864834
BBO,F22,27,18202.6790056683
BBO,F22,28,18098.046908532684
BBO,F22,29,17653.667823680997
BBO,F22,30,17271.835220641522
BBO,F23,1,4292.206086899135
BBO,F23,2,4777.844686571596
BBO,F23,3,4848.975686483822
BBO,F23,4,5273.6526493248975
BBO,F23,5,5190.707273151609
BBO,F23,6,5101.528646135785
BBO,F23,7,4911.390955806906
BBO,F23,8,5010.799651210569
BBO,F23,9,4879.246728133356
BBO,F23,10,4818.595843993692
BBO,F23,11,5049.034077430745
BBO,F23,12,5063.6715242066275
BBO,F23,13,4808.620261100747
BBO,F23,14,4661.275139739953
BBO,F23,15,4715.974728731444
BBO,F23,16,5081.51660302786
BBO,F23,17,4913.718398864134
BBO,F23,18,4684.751281532854
BBO,F23,19,5457.958618179649
BBO,F23,20,5088.040190241927
BBO,F23,21,4915.096131051898
BBO,F23,22,4699.893245226671
BBO,F23,23,5246.59292163626
BBO,F23,24,4699.589586868619
BBO,F23,25,4893.614052166291
BBO,F23,26,4792.203048489255
BBO,F23,27,4826.117212397217
BBO,F23,28,5123.654924407529
BBO,F23,29,4909.645677522103
BBO,F23,30,4937.970435242891
BBO,F24,1,4549.451980115052
BBO,F24,2,4971.67100371989
BBO,F24,3,4741.2844459593925
BBO,F24,4,4726.489906917871
BBO,F24,5,4688.124847585169
BBO,F24,6,4779.054883255463
BBO,F24,7,4936.506806394176
BBO,F24,8,4842.498613803198
BBO,F24,9,4931.23902341333
BBO,F24,10,4776.763770582117
BBO,F24,11,4771.522419392548
BBO,F24,12,5184.1541768717625
BBO,F24,13,4997.935611120278
BBO,F24,14,4664.79509266738
BBO,F24,15,4851.274644745172
BBO,F24,16,4735.391539881229
BBO,F24,17,4917.938321074558
BBO,F24,18,4811.225195466075
BBO,F24,19,4721.337026490362
BBO,F24,20,4709.642790258207
BBO,F24,21,4547.709522343865
BBO,F24,22,4663.809331649304
BBO,F24,23,4902.600991549374
BBO,F24,24,4880.794792935392
BBO,F24,25,4698.090369941037
BBO,F24,26,4923.505185665176
BBO,F24,27,4946.075110435211
BBO,F24,28,4934.555115296159
BBO,F24,29,4798.734510503335
BBO,F24,30,4584.990010120722
BBO,F25,1,15124.628959115154
BBO,F25,2,15761.37511379093
BBO,F25,3,12709.266256969167
BBO,F25,4,14281.960496978554
BBO,F25,5,15643.251109120585
BBO,F25,6,13483.550486011181
BBO,F25,7,15613.562067530645
BBO,F25,8,13808.407911144692
BBO,F25,9,14968.312307898046
BBO,F25,10,13466.460266766226
BBO,F25,11,13185.687184665909
BBO,F25,12,15521.243053178663
BBO,F25,13,14856.370118450413
BBO,F25,14,14489.385217811332
BBO,F25,15,16187.513148983071
BBO,F25,16,16331.458848355656
BBO,F25,17,16235.04026934681
BBO,F25,18,14369.715638809219
BBO,F25,19,13702.852335358728
BBO,F25,20,15092.57794210064
BBO,F25,21,15683.8653941483
BBO,F25,22,14560.621714667872
BBO,F25,23,15532.069278723375
BBO,F25,24,14724.717798213178
BBO,F25,25,16662.195168405207
BBO,F25,26,16586.276128366757
BBO,F25,27,15434.001843047836
BBO,F25,28,12539.630389179003
BBO,F25,29,13083.912551466508
BBO,F25,30,15767.354449086179
BBO,F26,1,18192.31644645059
BBO,F26,2,18768.88614065825
BBO,F26,3,19143.58784286549
BBO,F26,4,18967.14181610437
BBO,F26,5,17331.303393308634
BBO,F26,6,18787.955015258478
BBO,F26,7,17901.583708038088
BBO,F26,8,18461.72075411294
BBO,F26,9,18554.759757318654
BBO,F26,10,18237.364249177874
BBO,F26,11,18865.45493070926
BBO,F26,12,18844.144486893107
BBO,F26,13,18520.386016491924
BBO,F26,14,18395.817345985564
BBO,F26,15,18420.067581640433
BBO,F26,16,17770.580694403707
BBO,F26,17,18395.097428113157
BBO,F26,18,17976.128982710536
BBO,F26,19,19260.173167654637
BBO,F26,20,17755.694852976503
BBO,F26,21,18096.42180771861
BBO,F26,22,18639.523560764515
BBO,F26,23,18646.84780444044
BBO,F26,24,18212.925474402542
BBO,F26,25,18578.88206003463
BBO,F26,26,19033.90957242711
BBO,F26,27,19006.798455296892
BBO,F26,28,17928.66581194091
BBO,F26,29,18903.064983548324
BBO,F26,30,18133.903671898144
BBO,F27,1,8088.529716200396
BBO,F27,2,7611.126548494716
BBO,F27,3,6754.504227482352
BBO,F27,4,8259.502337213195
BBO,F27,5,7199.582453256213
BBO,F27,6,6375.716068729886
BBO,F27,7,8596.89449226727
BBO,F27,8,7851.764990935216
BBO,F27,9,7700.797532715559
BBO,F27,10,7269.455485497891
BBO,F27,11,7909.352407516954
BBO,F27,12,7149.52256722065
BBO,F27,13,7398.34352440641
BBO,F27,14,6775.43109356453
BBO,F27,15,8805.229431554228
BBO,F27,16,7300.629246493342
BBO,F27,17,7803.3162127162805
BBO,F27,18,7972.30826535621
BBO,F27,19,7208.048413455096
BBO,F27,20,7891.422607024691
BBO,F27,21,7637.117889361285
BBO,F27,22,7516.228746914127
BBO,F27,23,6840.84071844541
BBO,F27,24,7045.429685220017
BBO,F27,25,7672.1787772371135
BBO,F27,26,9005.075452301993
BBO,F27,27,7603.8568782899865
BBO,F27,28,6379.9474122263855
BBO,F27,29,6816.30480020345
BBO,F27,30,7242.851331654872
BBO,F28,1,11435.481435527663
BBO,F28,2,14595.22877981636
BBO,F28,3,13830.486567496275
BBO,F28,4,14673.933704926118
BBO,F28,5,14303.508687676
BBO,F28,6,13096.830792510651
BBO,F28,7,12220.673898850082
BBO,F28,8,13177.420137171413
BBO,F28,9,12271.585638929402
BBO,F28,10,13464.282224731583
BBO,F28,11,13093.10794711322
BBO,F28,12,15623.797226038092
BBO,F28,13,14189.825820124968
BBO,F28,14,12870.972783924655
BBO,F28,15,14056.43823378464
BBO,F28,16,14109.760391759057
BBO,F28,17,11023.713341874325
BBO,F28,18,14928.675273093117
BBO,F28,19,14599.684338975152
BBO,F28,20,15344.75930766813
BBO,F28,21,14082.437985160213
BBO,F28,22,14872.512413564064
BBO,F28,23,15009.580069665484
BBO,F28,24,14549.680853409362
BBO,F28,25,15658.184973799434
BBO,F28,26,14502.0171491764
BBO,F28,27,15678.833952869223
BBO,F28,28,14335.115994000613
BBO,F28,29,14290.004164005844
BBO,F28,30,11637.253404286575
BBO,F29,1,269583.04380930116
BBO,F29,2,70185.81981275283
BBO,F29,3,30082.348343393118
BBO,F29,4,76437.32296075518
BBO,F29,5,168911.78248508094
BBO,F29,6,78016.51452212554
BBO,F29,7,126300.64315142189
BBO,F29,8,31782.046551512016
BBO,F29,9,44958.48516798459
BBO,F29,10,42607.20704301079
BBO,F29,11,227563.15140643888
BBO,F29,12,18938.855951286474
BBO,F29,13,73446.63950671803
BBO,F29,14,65870.37504146708
BBO,F29,15,233417.83771248345
BBO,F29,16,187956.6311481366
BBO,F29,17,161927.7986399441
BBO,F29,18,60646.40638758502
BBO,F29,19,89093.89858447934
BBO,F29,20,70312.40731875409
BBO,F29,21,219267.64577408496
BBO,F29,22,19708.002463913697
BBO,F29,23,76645.10756556204
BBO,F29,24,50812.09680929643
BBO,F29,25,324634.62539487454
BBO,F29,26,244317.64135873225
BBO,F29,27,59247.287771903524
BBO,F29,28,30381.968484646397
BBO,F29,29,166048.1040048437
BBO,F29,30,27565.02606983862
BBO,F30,1,7492072766.636111
BBO,F30,2,7011255019.836167
BBO,F30,3,9011145839.76667
BBO,F30,4,6119865947.734726
BBO,F30,5,6742376252.215532
BBO,F30,6,10065514644.742046
BBO,F30,7,8703021814.307978
BBO,F30,8,9446751379.234047
BBO,F30,9,7559874530.823064
BBO,F30,10,7391255797.074532
BBO,F30,11,6742563389.319125
BBO,F30,12,6424206427.605491
BBO,F30,13,9526963095.967432
BBO,F30,14,9901531674.833982
BBO,F30,15,8438522424.886696
BBO,F30,16,9613678333.507446
BBO,F30,17,6780268807.48502
BBO,F30,18,6147980874.74563
BBO,F30,19,11073094326.465946
BBO,F30,20,6249553366.201729
BBO,F30,21,8270220466.62319
BBO,F30,22,11628093536.580357
BBO,F30,23,5534887670.740309
BBO,F30,24,7279160495.4717655
BBO,F30,25,4597794645.919685
BBO,F30,26,8410371794.938886
BBO,F30,27,5973361352.523422
BBO,F30,28,5966525216.20336
BBO,F30,29,12342028582.022104
BBO,F30,30,8559721725.300309
CS,F1,1,160595376355.1215
CS,F1,2,310591008332.115
CS,F1,3,137394457516.54323
CS,F1,4,133399714461.91716
CS,F1,5,120041718749.77104
CS,F1,6,253971654174.85788
CS,F1,7,140290858268.25046
CS,F1,8,144581457649.60294
CS,F1,9,177333093809.649
CS,F1,10,147146873665.8724
CS,F1,11,231920904510.7905
CS,F1,12,155923781085.3255
CS,F1,13,117108930186.59052
CS,F1,14,179806062410.9385
CS,F1,15,143018792043.6503
CS,F1,16,156569209156.69946
CS,F1,17,186775816986.03207
CS,F1,18,166692953832.41064
CS,F1,19,128365891264.50925
CS,F1,20,148339529339.22342
CS,F1,21,163496546658.9402
CS,F1,22,142260183850.229
CS,F1,23,143072220278.86478
CS,F1,24,209090331926.50494
CS,F1,25,155729004015.8637
CS,F1,26,149630400491.20078
CS,F1,27,293605190197.80615
CS,F1,28,223665334524.62308
CS,F1,29,151146954678.80673
CS,F1,30,133895886448.73111
CS,F3,1,271592.43933703646
CS,F3,2,302098.160973292
CS,F3,3,400504.99369935616
CS,F3,4,1980836.8159882687
CS,F3,5,438064.43274315377
CS,F3,6,427485.56948834343
CS,F3,7,383999.43411077914
CS,F3,8,410392.6784756317
CS,F3,9,334982.3205498832
CS,F3,10,573316.8685684304
CS,F3,11,389995.8347326092
CS,F3,12,434364.65324807685
CS,F3,13,568192.0588976585
CS,F3,14,343018.5555382541
CS,F3,15,1550518.12452377
CS,F3,16,19148776699.300674
CS,F3,17,526033.497813275
CS,F3,18,521027.29715174274
CS,F3,19,419137.69330909627
CS,F3,20,448709.2064909801
CS,F3,21,501785.83986476774
CS,F3,22,523427.2702975343
CS,F3,23,386278.94968839333
CS,F3,24,477198.0840441541
CS,F3,25,331288.4374736606
CS,F3,26,416005.1171494278
CS,F3,27,489166.86280138127
CS,F3,28,475876.89950946387
CS,F3,29,328309.03417084017
CS,F3,30,460178.207356189
CS,F4,1,33710.92743215763
CS,F4,2,131472.8422457515
CS,F4,3,65872.10544889886
CS,F4,4,63034.50376465907
CS,F4,5,32281.06514419295
CS,F4,6,116405.47991301923
CS,F4,7,58373.86874265758
CS,F4,8,57892.307183653145
CS,F4,9,54238.05945396893
CS,F4,10,53234.5967596317
CS,F4,11,77351.6580275719
CS,F4,12,49883.92674267112
CS,F4,13,57396.800765966174
CS,F4,14,40743.032801169255
CS,F4,15,79027.85033509308
CS,F4,16,86368.0356214722
CS,F4,17,57471.75141352084
CS,F4,18,52922.83085600508
CS,F4,19,71072.59323024796
CS,F4,20,50309.52546401908
CS,F4,21,55415.438988916125
CS,F4,22,59923.52116767352
CS,F4,23,28892.755054310444
CS,F4,24,64204.81208958676
CS,F4,25,139764.73007106845
CS,F4,26,73993.91253820325
CS,F4,27,43134.674879879836
CS,F4,28,55403.09851918363
CS,F4,29,59382.23074552626
CS,F4,30,53412.460696228925
CS,F5,1,1443.426140476557
CS,F5,2,1494.2506710999542
CS,F5,3,1331.7388874897492
CS,F5,4,1384.9638028128052
CS,F5,5,1253.4383549022764
CS,F5,6,1396.938357728875
CS,F5,7,1389.2684101411164
CS,F5,8,1362.5372897079544
CS,F5,9,1284.2390608400838
CS,F5,10,1423.514921404119
CS,F5,11,1296.4408953767688
CS,F5,12,1417.6102900041265
CS,F5,13,1045.8182264324153
CS,F5,14,1370.746468832875
CS,F5,15,1239.9382419364792
CS,F5,16,1544.893388840965
CS,F5,17,1553.0386432126038
CS,F5,18,1424.8783502918766
CS,F5,19,1387.9440220523293
CS,F5,20,1383.6248978412714
CS,F5,21,1357.4613998509863
CS,F5,22,1318.1748376159758
CS,F5,23,1320.3716815045827
CS,F5,24,1298.6015570020745
CS,F5,25,1359.8295399860924
CS,F5,26,1689.9598508138138
CS,F5,27,1503.9922203701008
CS,F5,28,1402.8771766035293
CS,F5,29,1433.7791057486213
CS,F5,30,1328.6331601348659
CS,F6,1,692.6287030731934
CS,F6,2,712.339890492042
CS,F6,3,721.7823828360143
CS,F6,4,701.4704733657246
CS,F6,5,709.9255673109133
CS,F6,6,732.9372257922853
CS,F6,7,727.5334711116046
CS,F6,8,715.6883650146781
CS,F6,9,739.7114809779372
CS,F6,10,701.3258154243567
CS,F6,11,728.5120965426464
CS,F6,12,711.1049153673149
CS,F6,13,762.4964733316664
CS,F6,14,730.0664222716509
CS,F6,15,740.6250900143746
CS,F6,16,719.6608253241703
CS,F6,17,713.4686181643094
CS,F6,18,738.4064555973871
CS,F6,19,739.5759067199699
CS,F6,20,712.4870987285465
CS,F6,21,724.6487070775877
CS,F6,22,729.3392756859122
CS,F6,23,714.8944632119803
CS,F6,24,732.6641295542191
CS,F6,25,714.525377606635
CS,F6,26,726.8089569890785
CS,F6,27,713.4923473531028
CS,F6,28,725.7850727455082
CS,F6,29,750.3840071971497
CS,F6,30,727.3324470301636
CS,F7,1,4949.4162165246435
CS,F7,2,4816.988327455424
CS,F7,3,3773.769327053423
CS,F7,4,4676.81250873321
CS,F7,5,2922.291773704546
CS,F7,6,3165.178059772833
CS,F7,7,4030.8494840838976
CS,F7,8,4135.667584242136
CS,F7,9,3248.2882501911795
CS,F7,10,4139.159142640383
CS,F7,11,5732.8394168953055
CS,F7,12,3171.2686216505786
CS,F7,13,3250.40242830822
CS,F7,14,4546.012165854304
CS,F7,15,4854.17663654176
CS,F7,16,3308.500805569295
CS,F7,17,4521.982145877821
CS,F7,18,2934.546457435663
CS,F7,19,3250.8816141791312
CS,F7,20,3388.6387446787694
CS,F7,21,3831.916454700393
CS,F7,22,3566.1188333851737
CS,F7,23,5176.23487637468
CS,F7,24,4385.542165646313
CS,F7,25,3930.516530621148
CS,F7,26,3810.3663077084857
CS,F7,27,3657.1943682904407
CS,F7,28,3171.710858236745
CS,F7,29,2826.664289559893
CS,F7,30,3265.857306810028
CS,F8,1,1622.3764233947472
CS,F8,2,1675.6773102867396
CS,F8,3,1768.427276687685
CS,F8,4,1661.575847339152
CS,F8,5,1635.910439805279
CS,F8,6,1636.4412552426902
CS,F8,7,1519.7730957817785
CS,F8,8,1727.3057501695498
CS,F8,9,1658.561348854617
CS,F8,10,1589.014510576107
CS,F8,11,1501.890656223451
CS,F8,12,1820.2172365360325
CS,F8,13,1597.3751084366816
CS,F8,14,1752.6400788582139
CS,F8,15,1732.2999265443073
CS,F8,16,1883.9056336115682
CS,F8,17,1489.0871079352287
CS,F8,18,1857.2950098919748
CS,F8,19,1749.9580624883224
CS,F8,20,1867.6378409757065
CS,F8,21,1608.9257611726525
CS,F8,22,1881.36852607754
CS,F8,23,1584.533902244752
CS,F8,24,1648.882673771051
CS,F8,25,1746.252285464037
CS,F8,26,1809.7677792277623
CS,F8,27,1561.7250950004582
CS,F8,28,1839.029204027513
CS,F8,29,1631.168173475775
CS,F8,30,1680.9765980711072
CS,F9,1,48697.39121036923
CS,F9,2,81846.53934032898
CS,F9,3,47131.8357932783
CS,F9,4,101170.9370143445
CS,F9,5,63342.16534045019
CS,F9,6,41501.31419177077
CS,F9,7,38684.366224426914
CS,F9,8,62243.93931344935
CS,F9,9,66480.96706471682
CS,F9,10,53097.67117487473
CS,F9,11,51986.13082308396
CS,F9,12,66206.07221639695
CS,F9,13,92978.69113105614
CS,F9,14,68741.48700670671
CS,F9,15,52530.16624248835
CS,F9,16,64320.552032063795
CS,F9,17,49528.29261096058
CS,F9,18,64278.62264210926
CS,F9,19,41158.88175863719
CS,F9,20,81978.60752360875
CS,F9,21,63335.64060016102
CS,F9,22,49471.66902191451
CS,F9,23,79524.57219909284
CS,F9,24,66214.51015124319
CS,F9,25,41552.05580233
CS,F9,26,72216.21178108829
CS,F9,27,32668.928999932174
CS,F9,28,67163.68049311433
CS,F9,29,52873.39659815864
CS,F9,30,34222.84576319197
CS,F10,1,17690.309101851082
CS,F10,2,15693.066031119135
CS,F10,3,16982.830030142264
CS,F10,4,16660.126638965936
CS,F10,5,17722.0684618175
CS,F10,6,16980.186266446864
CS,F10,7,15714.489874051338
CS,F10,8,15951.661531233847
CS,F10,9,15174.028018317847
CS,F10,10,17149.60075721911
CS,F10,11,16583.77960309078
CS,F10,12,15450.845984755826
CS,F10,13,17079.822397777203
CS,F10,14,16813.10690775425
CS,F10,15,15066.312874686617
CS,F10,16,17547.365003126986
CS,F10,17,15906.841949770123
CS,F10,18,17224.91433323218
CS,F10,19,15911.22319450043
CS,F10,20,15038.447411601275
CS,F10,21,16176.854745447947
CS,F10,22,17268.729516638665
CS,F10,23,15618.408203465406
CS,F10,24,16171.429370307473
CS,F10,25,17963.32023420566
CS,F10,26,17281.98429139051
CS,F10,27,16500.046382581753
CS,F10,28,17098.498597144688
CS,F10,29,17329.20106225757
CS,F10,30,15650.14774402038
CS,F11,1,115432.15643113067
CS,F11,2,87413.1745541354
CS,F11,3,82704.74837883025
CS,F11,4,74935.62217151024
CS,F11,5,63034.430410022745
CS,F11,6,61933.200132220314
CS,F11,7,85155.95983827118
CS,F11,8,62970.775254538385
CS,F11,9,89953.05624221655
CS,F11,10,64174.76823314718
CS,F11,11,80761.2084180184
CS,F11,12,106281.78342554996
CS,F11,13,95733.22710122223
CS,F11,14,24080.891920126945
CS,F11,15,57351.99999729086
CS,F11,16,76761.4659411681
CS,F11,17,70276.80937799304
CS,F11,18,49156.89363923156
CS,F11,19,86852.96338299991
CS,F11,20,63836.59592805603
CS,F11,21,107642.72355710327
CS,F11,22,33281.924414185036
CS,F11,23,62547.33532988927
CS,F11,24,81113.45570986856
CS,F11,25,79156.96741358608
CS,F11,26,80640.86663428723
CS,F11,27,84030.77811547072
CS,F11,28,84874.00351510449
CS,F11,29,37782.71730928626
CS,F11,30,46632.56184015955
CS,F12,1,82252558687.27167
CS,F12,2,96730333551.15045
CS,F12,3,80869040549.4407
CS,F12,4,87886213814.25461
CS,F12,5,97185234490.98552
CS,F12,6,105240412928.64383
CS,F12,7,61942918746.75306
CS,F12,8,97884860151.38367
CS,F12,9,104125055653.31178
CS,F12,10,88477424261.80086
CS,F12,11,108663041729.04552
CS,F12,12,68389732151.95003
CS,F12,13,102649099525.85175
CS,F12,14,104705483731.8497
CS,F12,15,74894768857.67787
CS,F12,16,128288323528.90318
CS,F12,17,143550651610.29114
CS,F12,18,141792140219.60983
CS,F12,19,88728487393.03851
CS,F12,20,66993333406.57263
CS,F12,21,79642700581.85266
CS,F12,22,100012886849.98244
CS,F12,23,117671216862.84889
CS,F12,24,140960546554.76263
CS,F12,25,60200569135.294785
CS,F12,26,94777254824.88332
CS,F12,27,75226417460.36154
CS,F12,28,72318462434.87392
CS,F12,29,87617957826.7971
CS,F12,30,58374958969.03289
CS,F13,1,35872716401.84679
CS,F13,2,105394639694.3782
CS,F13,3,35850935050.362434
CS,F13,4,98575445692.72495
CS,F13,5,63347058699.13115
CS,F13,6,34202082363.70922
CS,F13,7,46559394170.93162
CS,F13,8,84878027886.25961
CS,F13,9,57683224958.1336
CS,F13,10,104431568894.31956
CS,F13,11,66339110740.44511
CS,F13,12,84961633178.227
CS,F13,13,41368338071.192085
CS,F13,14,45326905502.18579
CS,F13,15,34583710969.642525
CS,F13,16,72876643629.84348
CS,F13,17,51241002167.83497
CS,F13,18,76800521079.24033
CS,F13,19,61032550944.409256
CS,F13,20,38446718311.06474
CS,F13,21,46161678226.64896
CS,F13,22,75012636874.71265
CS,F13,23,66913332958.65944
CS,F13,24,55441430907.569336
CS,F13,25,46548221864.96005
CS,F13,26,21525356415.4902
CS,F13,27,105298169655.02802
CS,F13,28,56861657775.5116
CS,F13,29,33883593921.547657
CS,F13,30,54590227081.879875
CS,F14,1,86059052.69002894
CS,F14,2,372737730.361571
CS,F14,3,489742934.7037164
CS,F14,4,196173431.80210423
CS,F14,5,378821291.3384021
CS,F14,6,485435067.5916393
CS,F14,7,29595935.56792336
CS,F14,8,6027278.595153422
CS,F14,9,174548071.84094697
CS,F14,10,153535525.90370962
CS,F14,11,552408734.3363215
CS,F14,12,566552795.2608483
CS,F14,13,308430958.6513957
CS,F14,14,24279567.47165812
CS,F14,15,68325872.1037217
CS,F14,16,340698330.55530596
CS,F14,17,137918054.86118296
CS,F14,18,334005398.36282384
CS,F14,19,255116794.4871639
CS,F14,20,218643630.15263808
CS,F14,21,141947045.31754366
CS,F14,22,261902065.08691496
CS,F14,23,68735145.30976659
CS,F14,24,318526483.41412824
CS,F14,25,339011026.86965436
CS,F14,26,30182484.496677298
CS,F14,27,509821070.6722716
CS,F14,28,90926412.37086059
CS,F14,29,131005466.83923262
CS,F14,30,93440106.09256151
CS,F15,1,17479834432.51116
CS,F15,2,18252652232.197487
CS,F15,3,10899801964.563938
CS,F15,4,2897507591.001647
CS,F15,5,22446844234.16736
CS,F15,6,26218355974.465977
CS,F15,7,13663875487.564507
CS,F15,8,18384064189.074966
CS,F15,9,26233868430.110332
CS,F15,10,10401218089.011204
CS,F15,11,12828301980.058596
CS,F15,12,26464728845.197117
CS,F15,13,30172357829.064095
CS,F15,14,5242524288.241962
CS,F15,15,15148422589.676344
CS,F15,16,5223024189.513034
CS,F15,17,16275281516.189037
CS,F15,18,49141445162.98621
CS,F15,19,12860402612.413727
CS,F15,20,13217316543.0523
CS,F15,21,12162720970.941751
CS,F15,22,12199090821.516163
CS,F15,23,8005918290.454528
CS,F15,24,7057826452.796435
CS,F15,25,27477061384.121845
CS,F15,26,24425886601.359188
CS,F15,27,30800344078.73511
CS,F15,28,12000350107.202332
CS,F15,29,15457622195.57687
CS,F15,30,36835802970.66264
CS,F16,1,10651.720409126805
CS,F16,2,10755.890405546555
CS,F16,3,7703.183518693528
CS,F16,4,11755.627945297769
CS,F16,5,12070.177279356707
CS,F16,6,18873.989997850927
CS,F16,7,7064.123702676001
CS,F16,8,12964.778250061432
CS,F16,9,14917.32185190769
CS,F16,10,8256.663049693645
CS,F16,11,16178.642907708829
CS,F16,12,9589.610302209221
CS,F16,13,12531.30458244716
CS,F16,14,8373.17618729032
CS,F16,15,11978.186431402764
CS,F16,16,9363.514785168194
CS,F16,17,10794.768437073562
CS,F16,18,9013.209645321864
CS,F16,19,11046.227135655608
CS,F16,20,8309.293787418526
CS,F16,21,10978.693577418417
CS,F16,22,10477.171655014663
CS,F16,23,12306.124189207907
CS,F16,24,8928.302625416358
CS,F16,25,15162.683279816134
CS,F16,26,14649.11056665537
CS,F16,27,8748.335244270183
CS,F16,28,11215.332258518174
CS,F16,29,13421.887623023322
CS,F16,30,9523.873348412137
CS,F17,1,1663607.013469553
CS,F17,2,2139476.107692951
CS,F17,3,10519.892850170301
CS,F17,4,75419.55156027517
CS,F17,5,2108243.271315367
CS,F17,6,1343831.7773622957
CS,F17,7,68055.00773320533
CS,F17,8,4523880.5759636825
CS,F17,9,744564.7646176153
CS,F17,10,1587301.6530038954
CS,F17,11,102209.59202681763
CS,F17,12,174565.5169248481
CS,F17,13,21764.756736441785
CS,F17,14,20491.994243814428
CS,F17,15,56443.64738435046
CS,F17,16,43260.162528205205
CS,F17,17,13639.867544678604
CS,F17,18,51347.104089473345
CS,F17,19,11798.694329475911
CS,F17,20,42582.49546762306
CS,F17,21,19887.730516719294
CS,F17,22,13176.549855762736
CS,F17,23,8097.459313339736
CS,F17,24,853684.0708615528
CS,F17,25,118358.9232708621
CS,F17,26,102392.61647067436
CS,F17,27,18507.790384941807
CS,F17,28,301954.88459206745
CS,F17,29,41630.9120076269
CS,F17,30,7868.993123739202
CS,F18,1,251477780.8568311
CS,F18,2,86529882.30465418
CS,F18,3,273903559.3699227
CS,F18,4,161713139.79493722
CS,F18,5,1794156281.9529576
CS,F18,6,71423466.1533323
CS,F18,7,221092093.11503148
CS,F18,8,146656900.0111986
CS,F18,9,198433620.0028521
CS,F18,10,264105920.06879053
CS,F18,11,939463082.1775867
CS,F18,12,365313432.59860677
CS,F18,13,512361363.0986953
CS,F18,14,442578140.0674287
CS,F18,15,1527175969.0139332
CS,F18,16,696365131.971043
CS,F18,17,1483931667.2663395
CS,F18,18,151100606.50344026
CS,F18,19,805963862.4977547
CS,F18,20,346727586.5682863
CS,F18,21,144791556.9833589
CS,F18,22,558464507.0012393
CS,F18,23,175410397.50485355
CS,F18,24,904211232.4801662
CS,F18,25,1083087574.016773
CS,F18,26,626344815.3209726
CS,F18,27,413837166.33000576
CS,F18,28,1006921425.321979
CS,F18,29,380760290.76364017
CS,F18,30,1515787705.001451
CS,F19,1,19723016548.88399
CS,F19,2,13603836167.36614
CS,F19,3,3466827759.7872024
CS,F19,4,4499761653.877473
CS,F19,5,8263532443.751238
CS,F19,6,2787314167.9823275
CS,F19,7,7449940215.058394
CS,F19,8,3014890322.472097
CS,F19,9,4277025749.0090084
CS,F19,10,17453694733.14176
CS,F19,11,19430715255.353783
CS,F19,12,7205269690.3626375
CS,F19,13,7617473912.638285
CS,F19,14,4579101948.7189865
CS,F19,15,1378893561.8344243
CS,F19,16,9197457180.619495
CS,F19,17,7756712752.5225725
CS,F19,18,4762642958.521831
CS,F19,19,9636010671.512852
CS,F19,20,6595773223.352171
CS,F19,21,7060712812.366618
CS,F19,22,10670050514.020329
CS,F19,23,12299557173.574736
CS,F19,24,7765454213.720976
CS,F19,25,8245096550.586894
CS,F19,26,16664881702.480322
CS,F19,27,6890207576.347823
CS,F19,28,14007379294.157803
CS,F19,29,5954367095.058962
CS,F19,30,7738681780.538811
CS,F20,1,4349.786692912734
CS,F20,2,5120.891542204114
CS,F20,3,5146.7968626943
CS,F20,4,5247.001871572267
CS,F20,5,5026.06490348821
CS,F20,6,4923.17439320376
CS,F20,7,4935.907122481602
CS,F20,8,5203.270940222988
CS,F20,9,4644.050981777057
CS,F20,10,4997.979529947712
CS,F20,11,5582.369279377
CS,F20,12,5414.090516292836
CS,F20,13,5191.804791629287
CS,F20,14,5000.439298277679
CS,F20,15,5045.491221307624
CS,F20,16,5308.960248806478
CS,F20,17,5449.6387916605
CS,F20,18,4750.59690401214
CS,F20,19,4882.882445317323
CS,F20,20,5434.699344056689
CS,F20,21,4680.500661214517
CS,F20,22,5218.810104661005
CS,F20,23,4670.1686969506
CS,F20,24,5593.197958439559
CS,F20,25,4933.963568781002
CS,F20,26,4625.961011494595
CS,F20,27,4895.98136907412
CS,F20,28,4910.957660019627
CS,F20,29,5069.692977117775
CS,F20,30,5074.908223474158
CS,F21,1,3173.332620905197
CS,F21,2,3199.1114910561687
CS,F21,3,3246.207790625631
CS,F21,4,3422.919354927888
CS,F21,5,3160.992607666102
CS,F21,6,3160.664283334819
CS,F21,7,3280.382960952882
CS,F21,8,3170.7310713224097
CS,F21,9,3200.9188194830995
CS,F21,10,3211.0379328963404
CS,F21,11,3576.9220905205325
CS,F21,12,3192.3738667587804
CS,F21,13,3707.890994052272
CS,F21,14,3573.291157747295
CS,F21,15,3299.192170598003
CS,F21,16,3606.7772006768596
CS,F21,17,3328.8567663499457
CS,F21,18,3090.5296932378897
CS,F21,19,3560.9629700261153
CS,F21,20,3543.817868415139
CS,F21,21,3068.187837346562
CS,F21,22,3388.322004260442
CS,F21,23,3148.372289974198
CS,F21,24,3587.0766055858585
CS,F21,25,3298.637383383716
CS,F21,26,3532.63102312929
CS,F21,27,3184.4423061707957
CS,F21,28,3249.5906883634166
CS,F21,29,3234.446064236394
CS,F21,30,3164.106060278027
CS,F22,1,16689.168470824516
CS,F22,2,15338.628549788526
CS,F22,3,18058.881570056274
CS,F22,4,18785.633988112495
CS,F22,5,17663.889584794135
CS,F22,6,16034.530696553227
CS,F22,7,18284.94308385058
CS,F22,8,18560.35382444487
CS,F22,9,16579.83755559259
CS,F22,10,17818.41896828495
CS,F22,11,16262.754871037956
CS,F22,12,16678.20473795687
CS,F22,13,19388.743883372623
CS,F22,14,19238.136668893112
CS,F22,15,17712.392678083037
CS,F22,16,19116.285413779813
CS,F22,17,18256.65218338378
CS,F22,18,18746.759244461544
CS,F22,19,16667.226238322233
CS,F22,20,19007.2413752973
CS,F22,21,18115.67333912998
CS,F22,22,17751.24934463713
CS,F22,23,18119.728548626037
CS,F22,24,16182.934658844883
CS,F22,25,17778.103092524703
CS,F22,26,17553.870429864834
CS,F22,27,17096.56021853241
CS,F22,28,17072.17227697817
CS,F22,29,18248.010611273854
CS,F22,30,16887.001965810952
CS,F23,1,4765.201106399174
CS,F23,2,5279.2122417665605
CS,F23,3,5145.06839906405
CS,F23,4,4908.788489652243
CS,F23,5,5405.832350106151
CS,F23,6,4957.309023184087
CS,F23,7,4697.295699680883
CS,F23,8,5093.124113759149
CS,F23,9,5077.090695638837
CS,F23,10,4436.00484704762
CS,F23,11,5197.309420772795
CS,F23,12,4360.528185429679
CS,F23,13,4994.311689827813
CS,F23,14,5602.317582454269
CS,F23,15,4840.449946325232
CS,F23,16,4692.731910313341
CS,F23,17,5136.729069535782
CS,F23,18,5039.596121629375
CS,F23,19,5471.224348007884
CS,F23,20,4657.710495266094
CS,F23,21,4915.096131051898
CS,F23,22,5498.136943025101
CS,F23,23,4688.02968648458
CS,F23,24,5308.832895727696
CS,F23,25,4893.614052166291
CS,F23,26,4871.431021194675
CS,F23,27,5015.856464309872
CS,F23,28,4780.204534176671
CS,F23,29,4747.4090174925805
CS,F23,30,4700.538127509808
CS,F24,1,5754.164613424924
CS,F24,2,5066.653991078765
CS,F24,3,5004.215544421999
CS,F24,4,5415.999329936992
CS,F24,5,5984.39961665719
CS,F24,6,4623.9869813525875
CS,F24,7,5589.974974794668
CS,F24,8,5259.849075078839
CS,F24,9,5136.397413244913
CS,F24,10,5743.9997649954
CS,F24,11,5263.7329081983435
CS,F24,12,4802.107060664815
CS,F24,13,4990.620143332176
CS,F24,14,5083.779586215644
CS,F24,15,5538.233199725281
CS,F24,16,5739.1136049280585
CS,F24,17,5373.547489953081
CS,F24,18,5283.7675935393345
CS,F24,19,4729.832184188187
CS,F24,20,5156.597149601612
CS,F24,21,4549.138433995434
CS,F24,22,4842.110831319932
CS,F24,23,5735.876666069167
CS,F24,24,5100.1069917680525
CS,F24,25,6255.585563113111
CS,F24,26,4704.803865688582
CS,F24,27,4988.8449305051845
CS,F24,28,5746.711153417
CS,F24,29,4856.1397428317405
CS,F24,30,4657.944073511007
CS,F25,1,38408.17805911466
CS,F25,2,36734.83033216305
CS,F25,3,22206.86113248177
CS,F25,4,22826.421416631565
CS,F25,5,36209.17359467577
CS,F25,6,19520.307265159063
CS,F25,7,36490.47527548739
CS,F25,8,34700.54734343833
CS,F25,9,38391.55615906989
CS,F25,10,50133.68133494665
CS,F25,11,58126.08087495858
CS,F25,12,22718.716857540334
CS,F25,13,23260.903694245204
CS,F25,14,18083.599864579548
CS,F25,15,33853.626046488054
CS,F25,16,29720.341151551576
CS,F25,17,25656.578164733153
CS,F25,18,26401.953011609592
CS,F25,19,23649.161873034034
CS,F25,20,21277.477913670955
CS,F25,21,45414.09278404999
CS,F25,22,31520.119724234733
CS,F25,23,33760.88598534351
CS,F25,24,30457.373327826375
CS,F25,25,25707.947183756343
CS,F25,26,41632.06300199204
CS,F25,27,24348.06959856669
CS,F25,28,22947.30677082427
CS,F25,29,27028.135068357264
CS,F25,30,19839.41006233211
CS,F26,1,30225.33149088911
CS,F26,2,33181.58667076261
CS,F26,3,27872.29833312147
CS,F26,4,30925.640607806225
CS,F26,5,21220.415338519142
CS,F26,6,34429.95051186504
CS,F26,7,33184.74420418095
CS,F26,8,23211.09422021467
CS,F26,9,22527.04136741208
CS,F26,10,31542.49274092901
CS,F26,11,23530.63372851931
CS,F26,12,30016.96148483653
CS,F26,13,32741.33532145887
CS,F26,14,24246.52690275239
CS,F26,15,19321.661896645222
CS,F26,16,22379.492014212745
CS,F26,17,19454.275623757138
CS,F26,18,19318.518432982164
CS,F26,19,25574.527870067563
CS,F26,20,21505.107026929465
CS,F26,21,31066.17519681484
CS,F26,22,25374.09853549878
CS,F26,23,19298.031375322094
CS,F26,24,16804.68257203408
CS,F26,25,34091.43484739157
CS,F26,26,28869.61635792609
CS,F26,27,21778.864890711695
CS,F26,28,22085.696953881514
CS,F26,29,27875.524364925288
CS,F26,30,29388.9303691884
CS,F27,1,9171.953875735475
CS,F27,2,9002.630636758644
CS,F27,3,6254.220568823361
CS,F27,4,8556.151860034015
CS,F27,5,8487.777649286232
CS,F27,6,7990.377224235356
CS,F27,7,7852.606303819525
CS,F27,8,7182.931144946836
CS,F27,9,6557.889450519537
CS,F27,10,6914.246083819398
CS,F27,11,6834.095271214355
CS,F27,12,7515.17637119571
CS,F27,13,9002.519071429826
CS,F27,14,7072.983747004202
CS,F27,15,6676.0588295307425
CS,F27,16,6189.985520777544
CS,F27,17,6244.568367911843
CS,F27,18,8246.269849047138
CS,F27,19,5864.580997080254
CS,F27,20,8256.014308054553
CS,F27,21,7967.200593785565
CS,F27,22,7932.632516909171
CS,F27,23,7179.201742865856
CS,F27,24,7447.141177345607
CS,F27,25,7673.398081500559
CS,F27,26,8484.309178726828
CS,F27,27,8583.65681747851
CS,F27,28,8526.868165573544
CS,F27,29,7791.048634947625
CS,F27,30,8525.964632895795
CS,F28,1,14938.697911398156
CS,F28,2,25222.143794179134
CS,F28,3,18745.672061759287
CS,F28,4,12164.232580045158
CS,F28,5,20094.619721239746
CS,F28,6,17775.538096247903
CS,F28,7,17834.918677665024
CS,F28,8,15862.226157864563
CS,F28,9,24612.356356872115
CS,F28,10,13642.144082455032
CS,F28,11,15623.465260180728
CS,F28,12,16421.296345292278
CS,F28,13,16955.172403203494
CS,F28,14,24980.273544769072
CS,F28,15,18981.569519321973
CS,F28,16,18903.841018217463
CS,F28,17,14570.883187088537
CS,F28,18,15983.096496033093
CS,F28,19,17310.725819407533
CS,F28,20,17410.065969008385
CS,F28,21,18043.105798439952
CS,F28,22,14667.723591551412
CS,F28,23,10924.947613534438
CS,F28,24,17178.240245459783
CS,F28,25,21458.164463110323
CS,F28,26,13892.242708471285
CS,F28,27,13754.925628596939
CS,F28,28,18836.465003857506
CS,F28,29,20062.05069305536
CS,F28,30,17011.28043255346
CS,F29,1,2995357.2657057946
CS,F29,2,62091.09565966376
CS,F29,3,48561.333386900726
CS,F29,4,1281977.7756285246
CS,F29,5,70810.10082138871
CS,F29,6,22224.919498082105
CS,F29,7,172622.67144475025
CS,F29,8,41010.83660903389
CS,F29,9,167639.7302071545
CS,F29,10,94891.23862721467
CS,F29,11,917156.9346650044
CS,F29,12,63093.813379566265
CS,F29,13,89216.55545353895
CS,F29,14,1308002.0202562471
CS,F29,15,299345.1628204237
CS,F29,16,143291.51501261292
CS,F29,17,45781.72196911341
CS,F29,18,35749.238612564885
CS,F29,19,838335.8024292489
CS,F29,20,1984003.0944401391
CS,F29,21,115388.55004916071
CS,F29,22,201040.5065530161
CS,F29,23,89288.78252806794
CS,F29,24,2492626.4064590754
CS,F29,25,420400.22707371257
CS,F29,26,2653868.8092444898
CS,F29,27,1720437.6425171415
CS,F29,28,20252.246029118847
CS,F29,29,1236713.9064960035
CS,F29,30,71343.9464262858
CS,F30,1,16520070748.061161
CS,F30,2,10104181841.488218
CS,F30,3,10315509013.423908
CS,F30,4,18123093379.944878
CS,F30,5,15629915190.326782
CS,F30,6,21213636663.25245
CS,F30,7,11270002477.322287
CS,F30,8,19052048593.634
CS,F30,9,3970938056.507131
CS,F30,10,12565615344.362337
CS,F30,11,13291867204.351284
CS,F30,12,13226696382.19965
CS,F30,13,23264532629.495613
CS,F30,14,18327244174.09657
CS,F30,15,21320423494.915062
CS,F30,16,8345183588.68371
CS,F30,17,16737283024.343021
CS,F30,18,8817930655.7457
CS,F30,19,13772241099.989243
CS,F30,20,10114272993.283812
CS,F30,21,18022927894.641155
CS,F30,22,10771772921.924992
CS,F30,23,15897021173.156559
CS,F30,24,16535460435.760084
CS,F30,25,20558934079.21334
CS,F30,26,2353267231.0347395
CS,F30,27,5379436180.918304
CS,F30,28,4647892259.044668
CS,F30,29,12058020369.39828
CS,F30,30,4090769232.2080655
FA,F1,1,1916012444.4029021
FA,F1,2,1538722120.9983256
FA,F1,3,2409921031.187283
FA,F1,4,1455349301.9828167
FA,F1,5,1846962076.6458142
FA,F1,6,1295166996.9743075
FA,F1,7,1425066523.1727567
FA,F1,8,2178561918.4527082
FA,F1,9,1454467151.3452764
FA,F1,10,1335912744.7189486
FA,F1,11,1765498809.1241295
FA,F1,12,1443453332.8124218
FA,F1,13,1789744796.2216954
FA,F1,14,2619223443.706469
FA,F1,15,2088479921.5198545
FA,F1,16,2117197365.0759103
FA,F1,17,1944308894.416375
FA,F1,18,1606925868.2405121
FA,F1,19,2671692402.7923098
FA,F1,20,1598790982.7243483
FA,F1,21,1455401209.439053
FA,F1,22,1510395722.3372934
FA,F1,23,1743376916.7004437
FA,F1,24,2177341045.0654616
FA,F1,25,2297017824.4823422
FA,F1,26,1663166557.0111318
FA,F1,27,1561404110.0275488
FA,F1,28,1845535257.2392557
FA,F1,29,1937815289.8867373
FA,F1,30,1305245401.980855
FA,F3,1,148440.00233357595
FA,F3,2,197919.37673249352
FA,F3,3,243716.03976176906
FA,F3,4,215088.7806286552
FA,F3,5,173157.81745578093
FA,F3,6,365748.7465831884
FA,F3,7,291649.45906556374
FA,F3,8,370201.1341185217
FA,F3,9,261249.9457458274
FA,F3,10,285441.1934805137
FA,F3,11,294880.2832941153
FA,F3,12,180395.453933486
FA,F3,13,325089.4601328439
FA,F3,14,234830.32661665123
FA,F3,15,659487.1269395661
FA,F3,16,299199.56248789566
FA,F3,17,312499.13248476863
FA,F3,18,406738.6793186519
FA,F3,19,182781.10870729203
FA,F3,20,194680.67970952982
FA,F3,21,222809.36558014917
FA,F3,22,241173.486967316
FA,F3,23,188504.0427197618
FA,F3,24,171926.65960915817
FA,F3,25,269617.63579059695
FA,F3,26,216984.29854766288
FA,F3,27,242167.35995642847
FA,F3,28,235947.4097573941
FA,F3,29,236757.63282298666
FA,F3,30,362819.32889394864
FA,F4,1,945.206580816127
FA,F4,2,986.5003978156617
FA,F4,3,1019.2917629015917
FA,F4,4,1004.1984882102855
FA,F4,5,961.1128231695769
FA,F4,6,1053.7968352957082
FA,F4,7,967.3462359372176
FA,F4,8,1014.4706825799665
FA,F4,9,841.9597851207768
FA,F4,10,830.6934445283594
FA,F4,11,946.8047972907773
FA,F4,12,1224.6398673031513
FA,F4,13,1068.5402616105685
FA,F4,14,997.0753602194085
FA,F4,15,1137.108555257591
FA,F4,16,994.5007240481237
FA,F4,17,891.0700328212811
FA,F4,18,989.1414040379791
FA,F4,19,1045.6829646811811
FA,F4,20,1037.3093536604779
FA,F4,21,855.5576370939407
FA,F4,22,1120.413920413804
FA,F4,23,1120.3235738634735
FA,F4,24,921.8615727620268
FA,F4,25,962.800701841406
FA,F4,26,1074.215402875923
FA,F4,27,922.2503869353801
FA,F4,28,888.0859035036463
FA,F4,29,1095.150572590816
FA,F4,30,808.1904497462795
FA,F5,1,1289.5012739168442
FA,F5,2,1336.571052211596
FA,F5,3,1480.2117097974356
FA,F5,4,1284.52431263666
FA,F5,5,1235.0444940943803
FA,F5,6,1399.0800378476629
FA,F5,7,1269.8740502903984
FA,F5,8,1314.0029438803008
FA,F5,9,1258.7428783117439
FA,F5,10,1326.6191019491625
FA,F5,11,1250.8374926457905
FA,F5,12,1200.2960754658043
FA,F5,13,1307.1744415229903
FA,F5,14,1120.646322329425
FA,F5,15,1378.7838890331104
FA,F5,16,1392.1779940110896
FA,F5,17,1340.7167897773272
FA,F5,18,1468.7891252600111
FA,F5,19,1330.2734980772411
FA,F5,20,1234.4241462593588
FA,F5,21,1196.0011313787377
FA,F5,22,1179.6469490826137
FA,F5,23,1347.8498569721462
FA,F5,24,1327.8287058522242
FA,F5,25,1276.991650650688
FA,F5,26,1292.0293631446189
FA,F5,27,1287.2094898369658
FA,F5,28,1380.0442699429466
FA,F5,29,1514.683151601595
FA,F5,30,1233.1467352130312
FA,F6,1,689.7470151581769
FA,F6,2,706.6588975674413
FA,F6,3,707.8271657110652
FA,F6,4,697.7836034311831
FA,F6,5,703.7777636205667
FA,F6,6,705.8052089251416
FA,F6,7,722.3428320900848
FA,F6,8,701.8250904519183
FA,F6,9,696.7056381211079
FA,F6,10,709.1238366664265
FA,F6,11,705.9408620747748
FA,F6,12,682.9047397004467
FA,F6,13,718.6101359352411
FA,F6,14,721.892587239439
FA,F6,15,705.0909538494315
FA,F6,16,695.0088567218761
FA,F6,17,696.8127905199402
FA,F6,18,709.3122794336639
FA,F6,19,703.3571385271944
FA,F6,20,722.672272908793
FA,F6,21,703.3192719790846
FA,F6,22,730.1333071706408
FA,F6,23,724.1375755639406
FA,F6,24,701.0798695734605
FA,F6,25,707.2427804093909
FA,F6,26,690.0103943997199
FA,F6,27,711.5761889580833
FA,F6,28,712.2965714313386
FA,F6,29,715.9507682771646
FA,F6,30,711.4904668492569
FA,F7,1,2603.677692498151
FA,F7,2,2257.7823634241586
FA,F7,3,2453.5314586833088
FA,F7,4,2554.424522899512
FA,F7,5,3395.024291763069
FA,F7,6,2400.669787820733
FA,F7,7,2394.310254239933
FA,F7,8,2981.7685808534675
FA,F7,9,2340.9767600925347
FA,F7,10,2459.876622832662
FA,F7,11,2922.2293668251336
FA,F7,12,2527.527466792243
FA,F7,13,2522.214424573695
FA,F7,14,2337.998635866595
FA,F7,15,2579.2064270455703
FA,F7,16,2511.06672771358
FA,F7,17,2611.3510289371466
FA,F7,18,2403.04743932832
FA,F7,19,2370.0213850282616
FA,F7,20,2166.0381690183585
FA,F7,21,2370.936757366742
FA,F7,22,2299.4068022745223
FA,F7,23,2860.6395104588114
FA,F7,24,2436.810975756353
FA,F7,25,2585.4930222641824
FA,F7,26,2327.288036190256
FA,F7,27,3091.293183944625
FA,F7,28,2722.6595377424537
FA,F7,29,2457.515305481351
FA,F7,30,2910.1065458822304
FA,F8,1,1529.736286317428
FA,F8,2,1549.3419291462017
FA,F8,3,1592.1988184611564
FA,F8,4,1606.9654145729999
FA,F8,5,1664.4497794779459
FA,F8,6,1724.5642720995947
FA,F8,7,1572.8487624411255
FA,F8,8,1515.6658669995754
FA,F8,9,1537.8222209117207
FA,F8,10,1534.5494866880554
FA,F8,11,1470.262355265603
FA,F8,12,1691.3742818722894
FA,F8,13,1611.9299827587715
FA,F8,14,1605.837149291337
FA,F8,15,1598.2112748960556
FA,F8,16,1423.9543174738687
FA,F8,17,1612.8655551106874
FA,F8,18,1554.841178282681
FA,F8,19,1524.4065266423554
FA,F8,20,1531.0573418580434
FA,F8,21,1590.1430621165168
FA,F8,22,1635.1781106041421
FA,F8,23,1571.9811270795753
FA,F8,24,1526.2285724301769
FA,F8,25,1623.324627559649
FA,F8,26,1588.7091884337824
FA,F8,27,1510.0348744058774
FA,F8,28,1485.078456230624
FA,F8,29,1680.3995093375502
FA,F8,30,1746.3921246666396
FA,F9,1,45578.95810297038
FA,F9,2,78425.30638547428
FA,F9,3,64302.31579888808
FA,F9,4,71683.64924679708
FA,F9,5,35631.131846770106
FA,F9,6,42947.87148279341
FA,F9,7,40855.33671337846
FA,F9,8,46010.680557017055
FA,F9,9,72813.97956585672
FA,F9,10,47726.03620178583
FA,F9,11,44904.73101305764
FA,F9,12,62571.53466866726
FA,F9,13,57089.82523785909
FA,F9,14,70562.62859790593
FA,F9,15,40081.83262587905
FA,F9,16,52187.989556003515
FA,F9,17,51662.9015309134
FA,F9,18,56313.34947210983
FA,F9,19,70536.80191687071
FA,F9,20,65341.91654243645
FA,F9,21,41803.46411629786
FA,F9,22,36810.1292978598
FA,F9,23,51594.46925250258
FA,F9,24,63910.55279445701
FA,F9,25,46326.92504469463
FA,F9,26,52997.7805236964
FA,F9,27,51949.10388710437
FA,F9,28,50841.51665111391
FA,F9,29,50410.83788660958
FA,F9,30,58406.42465282582
FA,F10,1,12947.48421123431
FA,F10,2,14645.65075966568
FA,F10,3,12319.950435862072
FA,F10,4,12167.854800610567
FA,F10,5,13924.039782193126
FA,F10,6,12315.432746182698
FA,F10,7,13729.213167703385
FA,F10,8,15028.367331728734
FA,F10,9,11791.980797788028
FA,F10,10,13242.466768774488
FA,F10,11,14563.493478035216
FA,F10,12,12970.51231089098
FA,F10,13,11551.612797249907
FA,F10,14,13226.775028253822
FA,F10,15,12840.583386769506
FA,F10,16,13635.393876716142
FA,F10,17,11459.397521296924
FA,F10,18,11836.334612857652
FA,F10,19,13352.728555901956
FA,F10,20,12596.403122291102
FA,F10,21,13136.283881697278
FA,F10,22,11316.972351160808
FA,F10,23,14525.492982243302
FA,F10,24,13854.831173869925
FA,F10,25,13385.474275438415
FA,F10,26,11111.060580135296
FA,F10,27,13929.442869291503
FA,F10,28,13034.985162031926
FA,F10,29,13690.040113359602
FA,F10,30,13371.154865874418
FA,F11,1,7525.000338485108
FA,F11,2,12368.03724424473
FA,F11,3,8336.229633403002
FA,F11,4,13028.014205403404
FA,F11,5,18819.2321086987
FA,F11,6,29090.468615322403
FA,F11,7,19014.723148800225
FA,F11,8,9985.642093957367
FA,F11,9,18010.01570483343
FA,F11,10,12513.489947545428
FA,F11,11,13118.392675841713
FA,F11,12,23771.329221632073
FA,F11,13,13911.41952653837
FA,F11,14,8919.1114719914
FA,F11,15,12439.62611413082
FA,F11,16,11141.854942701168
FA,F11,17,6293.101945640629
FA,F11,18,10332.713188041205
FA,F11,19,11253.620562347236
FA,F11,20,6198.762503738659
FA,F11,21,5927.419943620121
FA,F11,22,8731.392931483086
FA,F11,23,6360.3436185053315
FA,F11,24,14729.086546262964
FA,F11,25,13428.476536228234
FA,F11,26,9765.323496272265
FA,F11,27,7306.605798034728
FA,F11,28,12936.022147376287
FA,F11,29,5972.48953218504
FA,F11,30,14404.671516460432
FA,F12,1,1498155636.5040073
FA,F12,2,702276360.4623566
FA,F12,3,976597722.6474664
FA,F12,4,678708439.906298
FA,F12,5,1233477746.6864667
FA,F12,6,1665195868.7641633
FA,F12,7,717043423.2298826
FA,F12,8,671737046.7545487
FA,F12,9,445579815.16695744
FA,F12,10,653558736.4573689
FA,F12,11,726742142.1967915
FA,F12,12,793145103.0076108
FA,F12,13,527978341.04538983
FA,F12,14,410343080.8730303
FA,F12,15,714728051.4872056
FA,F12,16,840807229.7053916
FA,F12,17,794441827.7685263
FA,F12,18,723639016.3953507
FA,F12,19,799050623.8298366
FA,F12,20,602472291.9665769
FA,F12,21,243606022.76780975
FA,F12,22,716439652.4347055
FA,F12,23,372406570.4250657
FA,F12,24,436979360.82970387
FA,F12,25,370202426.2190695
FA,F12,26,548725006.6992913
FA,F12,27,830444206.386725
FA,F12,28,191822640.2441193
FA,F12,29,392432307.0790272
FA,F12,30,557442349.4247375
FA,F13,1,71014710.46837474
FA,F13,2,57969205.667347044
FA,F13,3,52548993.6699335
FA,F13,4,44018529.83747388
FA,F13,5,30249820.135594916
FA,F13,6,36902427.72985579
FA,F13,7,41836252.770342864
FA,F13,8,67771350.3496542
FA,F13,9,74332674.77187002
FA,F13,10,45320586.345025845
FA,F13,11,47709257.32564017
FA,F13,12,40610657.60150689
FA,F13,13,40997176.600825086
FA,F13,14,37449791.30279245
FA,F13,15,30061265.483374882
FA,F13,16,47623961.61658199
FA,F13,17,66693981.586382836
FA,F13,18,45290255.825889945
FA,F13,19,52012194.83408783
FA,F13,20,54816159.54814192
FA,F13,21,71099377.10525906
FA,F13,22,43708377.15398747
FA,F13,23,45440095.86190805
FA,F13,24,48912999.46388494
FA,F13,25,62909368.62027109
FA,F13,26,66570849.68773956
FA,F13,27,52027788.91671291
FA,F13,28,54667166.08382257
FA,F13,29,41475894.04215346
FA,F13,30,23902973.56865728
FA,F14,1,868766.4650384713
FA,F14,2,2510909.641854869
FA,F14,3,1036767.9937123059
FA,F14,4,2669305.1891208673
FA,F14,5,2836523.6875251564
FA,F14,6,1109115.2005453256
FA,F14,7,1565399.0703095181
FA,F14,8,2207592.4851625143
FA,F14,9,1153559.264534501
FA,F14,10,1344484.851377799
FA,F14,11,5797422.674738263
FA,F14,12,1012069.3972706351
FA,F14,13,785898.9472235483
FA,F14,14,880372.2450623675
FA,F14,15,5107744.389806755
FA,F14,16,884590.6434169309
FA,F14,17,1018453.8015008945
FA,F14,18,4678692.380504585
FA,F14,19,1492390.5176485942
FA,F14,20,526654.9318921498
FA,F14,21,5152948.516753401
FA,F14,22,1369519.7366993146
FA,F14,23,2014198.3804801642
FA,F14,24,2131123.2136162445
FA,F14,25,4873915.34554753
FA,F14,26,325036.20400972397
FA,F14,27,640512.9717819575
FA,F14,28,2075119.0995297774
FA,F14,29,711794.2232460167
FA,F14,30,3333364.668731511
FA,F15,1,14930030.178565878
FA,F15,2,19738539.783148345
FA,F15,3,10080667.145512206
FA,F15,4,13171534.951006295
FA,F15,5,19697306.86992804
FA,F15,6,16232765.03547477
FA,F15,7,19026126.476209883
FA,F15,8,17019251.79699859
FA,F15,9,7832669.555972106
FA,F15,10,48965680.48791994
FA,F15,11,4894607.833290479
FA,F15,12,12592624.389696242
FA,F15,13,10534295.32067768
FA,F15,14,14534167.605467716
FA,F15,15,13204373.615502259
FA,F15,16,10952555.03347777
FA,F15,17,17516541.22185135
FA,F15,18,17023556.89430297
FA,F15,19,15244182.652755843
FA,F15,20,21297088.06380397
FA,F15,21,13609242.845196074
FA,F15,22,15294452.242925541
FA,F15,23,19025030.481449414
FA,F15,24,17799385.21327459
FA,F15,25,24895568.276037388
FA,F15,26,16856158.899128255
FA,F15,27,19367955.54270616
FA,F15,28,11100700.13067145
FA,F15,29,24588061.203993406
FA,F15,30,60837165.6855697
FA,F16,1,4054.9225987339732
FA,F16,2,6174.388243968575
FA,F16,3,5278.584401705277
FA,F16,4,6355.934336960552
FA,F16,5,7160.213645592108
FA,F16,6,5383.728761187793
FA,F16,7,6720.68334598051
FA,F16,8,5821.265813159545
FA,F16,9,6373.316035499958
FA,F16,10,5559.637506609089
FA,F16,11,8055.819994798135
FA,F16,12,6420.53635732889
FA,F16,13,6963.604379321416
FA,F16,14,6568.217989611736
FA,F16,15,5429.643051816225
FA,F16,16,5849.05774530001
FA,F16,17,5680.040365073169
FA,F16,18,5113.8935650030235
FA,F16,19,7199.267505339616
FA,F16,20,5795.219375383083
FA,F16,21,7796.810538309937
FA,F16,22,6347.011318832723
FA,F16,23,7348.521145855479
FA,F16,24,5034.062724600354
FA,F16,25,6163.884627449376
FA,F16,26,6402.289600254951
FA,F16,27,6469.241851324977
FA,F16,28,6042.953733160073
FA,F16,29,5580.297244599515
FA,F16,30,6358.8028636222025
FA,F17,1,4107.957571620815
FA,F17,2,5503.0439608822235
FA,F17,3,3890.6045815037487
FA,F17,4,4774.391007120952
FA,F17,5,3696.906993796344
FA,F17,6,4304.363020953418
FA,F17,7,4789.587733366438
FA,F17,8,4376.030268289121
FA,F17,9,4887.023117865066
FA,F17,10,4645.436170683637
FA,F17,11,4816.728338022951
FA,F17,12,5136.154864945505
FA,F17,13,4126.457625577348
FA,F17,14,4618.210523135189
FA,F17,15,4317.741487732349
FA,F17,16,5367.93249441831
FA,F17,17,4313.373466662322
FA,F17,18,4075.3140325646928
FA,F17,19,5115.264117816915
FA,F17,20,4683.815501240069
FA,F17,21,5510.450496258745
FA,F17,22,4943.417052404768
FA,F17,23,4961.186097188473
FA,F17,24,4192.372726423488
FA,F17,25,3916.485032409692
FA,F17,26,4063.4395422984726
FA,F17,27,5190.66281313573
FA,F17,28,4711.229094639896
FA,F17,29,4306.547770141167
FA,F17,30,5179.386564001074
FA,F18,1,22715412.873537607
FA,F18,2,9691089.511792656
FA,F18,3,11936338.280237455
FA,F18,4,4496884.161523557
FA,F18,5,18616813.61523304
FA,F18,6,25205772.060264662
FA,F18,7,5034366.7057331065
FA,F18,8,4940259.179107676
FA,F18,9,13764173.722426252
FA,F18,10,15775528.590587197
FA,F18,11,25435213.62540297
FA,F18,12,11106168.800611524
FA,F18,13,33102405.939782146
FA,F18,14,6312699.653695838
FA,F18,15,8373549.676255587
FA,F18,16,9651846.700394869
FA,F18,17,18815630.248291932
FA,F18,18,25690002.447662663
FA,F18,19,3315109.246409482
FA,F18,20,16667540.772999853
FA,F18,21,17019856.157394376
FA,F18,22,8109358.720152138
FA,F18,23,2651891.7581213713
FA,F18,24,16379917.916322518
FA,F18,25,25014592.46168207
FA,F18,26,21487699.051126216
FA,F18,27,68491637.23789677
FA,F18,28,15301687.312732069
FA,F18,29,16078889.357147422
FA,F18,30,19951587.83279949
FA,F19,1,4709786.333928518
FA,F19,2,57251068.713305615
FA,F19,3,25809766.117973097
FA,F19,4,38251054.42666593
FA,F19,5,18728086.419952344
FA,F19,6,23693952.93384372
FA,F19,7,20230320.42238366
FA,F19,8,58616670.76376368
FA,F19,9,5453869.334017553
FA,F19,10,15353181.289210858
FA,F19,11,27054205.76105439
FA,F19,12,16115619.044945173
FA,F19,13,34100034.770652965
FA,F19,14,21922319.140107583
FA,F19,15,33166895.74597257
FA,F19,16,8132532.305611728
FA,F19,17,8837412.325409895
FA,F19,18,24009859.27164298
FA,F19,19,12552412.25181791
FA,F19,20,43926269.57907057
FA,F19,21,52909458.68032778
FA,F19,22,31142057.118080482
FA,F19,23,61604206.5107374
FA,F19,24,16413363.59060815
FA,F19,25,45265363.083431765
FA,F19,26,59948517.43483523
FA,F19,27,17133494.303893194
FA,F19,28,26442137.796724975
FA,F19,29,31662979.64977499
FA,F19,30,31315836.586102385
FA,F20,1,3815.566851933616
FA,F20,2,4482.251854285076
FA,F20,3,3800.9002075180933
FA,F20,4,4238.583156947611
FA,F20,5,4774.370586845173
FA,F20,6,3593.0847419494266
FA,F20,7,3758.549640772857
FA,F20,8,3698.4413554018483
FA,F20,9,3668.4752191754
FA,F20,10,4123.581956042757
FA,F20,11,4080.3636873320825
FA,F20,12,3669.309588530942
FA,F20,13,3720.7139486785395
FA,F20,14,3899.8514245219726
FA,F20,15,4097.979600151792
FA,F20,16,3996.7667711659096
FA,F20,17,4172.063449967875
FA,F20,18,3955.9976105640126
FA,F20,19,4014.553648101755
FA,F20,20,4289.229102428938
FA,F20,21,4344.889416499538
FA,F20,22,4327.293839984055
FA,F20,23,4445.359781524488
FA,F20,24,3743.65375579991
FA,F20,25,3551.5354965924616
FA,F20,26,4055.1257917041557
FA,F20,27,4361.053399513077
FA,F20,28,4245.622161223713
FA,F20,29,3991.9613790225762
FA,F20,30,4112.373885283588
FA,F21,1,3144.400380844767
FA,F21,2,2959.1636933466966
FA,F21,3,3071.796704607695
FA,F21,4,3161.0435970395747
FA,F21,5,2979.75807713006
FA,F21,6,3236.896971986465
FA,F21,7,3182.366012543349
FA,F21,8,3138.4186394647604
FA,F21,9,3228.3329820889185
FA,F21,10,3069.459954614701
FA,F21,11,3389.206671799997
FA,F21,12,3043.154837927962
FA,F21,13,3226.894372985497
FA,F21,14,3218.6061592944816
FA,F21,15,3300.1220460410486
FA,F21,16,3089.785286495675
FA,F21,17,3293.177774823031
FA,F21,18,3039.635894163251
FA,F21,19,3493.5035811070265
FA,F21,20,3004.1700253309127
FA,F21,21,3045.89899553334
FA,F21,22,3091.4637388268047
FA,F21,23,3089.3626913346725
FA,F21,24,3153.738045922542
FA,F21,25,3162.716021888782
FA,F21,26,3097.4209024931088
FA,F21,27,3087.067639930476
FA,F21,28,3169.741150768708
FA,F21,29,3139.185677651828
FA,F21,30,2926.389130793237
FA,F22,1,15741.40660320746
FA,F22,2,12948.6035765804
FA,F22,3,14046.050662137795
FA,F22,4,14851.462850191896
FA,F22,5,15847.635084119016
FA,F22,6,14709.86237664605
FA,F22,7,14062.02221787015
FA,F22,8,16757.71957103013
FA,F22,9,13725.760969234485
FA,F22,10,14464.416461204371
FA,F22,11,14483.171870234453
FA,F22,12,15605.060267893572
FA,F22,13,15728.819885402676
FA,F22,14,15490.00454751125
FA,F22,15,14674.072069219044
FA,F22,16,15089.669315404144
FA,F22,17,14372.364521331332
FA,F22,18,16194.429192960626
FA,F22,19,15078.330308363014
FA,F22,20,12970.921692065596
FA,F22,21,14340.44050243247
FA,F22,22,13713.496628409719
FA,F22,23,13643.559528553953
FA,F22,24,14179.909518086994
FA,F22,25,14105.526493977359
FA,F22,26,14364.872205488877
FA,F22,27,15609.492932617663
FA,F22,28,14471.114465180419
FA,F22,29,14803.608156990178
FA,F22,30,14093.687917360106
FA,F23,1,4003.526183994027
FA,F23,2,3761.183408209131
FA,F23,3,4086.405335904393
FA,F23,4,4356.809169976684
FA,F23,5,3892.929986962228
FA,F23,6,3820.3349721894856
FA,F23,7,4017.135791620709
FA,F23,8,3762.983927085395
FA,F23,9,3654.583376692311
FA,F23,10,3710.5742958331834
FA,F23,11,3850.298077801009
FA,F23,12,4151.158839434942
FA,F23,13,3961.70952192206
FA,F23,14,3964.232841505187
FA,F23,15,3679.5416465636863
FA,F23,16,4031.9237966073274
FA,F23,17,4066.2249901659497
FA,F23,18,3860.8003545587426
FA,F23,19,3698.7897229978526
FA,F23,20,3903.206827634814
FA,F23,21,3932.372621626436
FA,F23,22,3846.7454793516963
FA,F23,23,3879.9437768118055
FA,F23,24,3846.6081001736857
FA,F23,25,4051.725330281732
FA,F23,26,3993.8949193981643
FA,F23,27,3992.3947380650966
FA,F23,28,3837.277970534078
FA,F23,29,3704.6937005238697
FA,F23,30,3998.51598066178
FA,F24,1,4144.415016510254
FA,F24,2,3691.2979782766497
FA,F24,3,3900.9639572264273
FA,F24,4,3903.5246077167176
FA,F24,5,3891.5895673843916
FA,F24,6,3857.2796934987273
FA,F24,7,3965.018248731637
FA,F24,8,3851.5301471601233
FA,F24,9,3906.6463122014497
FA,F24,10,3731.779016746037
FA,F24,11,3716.9515436440997
FA,F24,12,3867.095655958395
FA,F24,13,3687.595004929518
FA,F24,14,3754.0791541273943
FA,F24,15,4013.128265043335
FA,F24,16,3627.048539065955
FA,F24,17,3892.9055488595454
FA,F24,18,3939.6765985811985
FA,F24,19,3831.5413608739645
FA,F24,20,4128.7525763414615
FA,F24,21,3689.4821111193455
FA,F24,22,3864.0919574279183
FA,F24,23,3898.8141179844333
FA,F24,24,3762.1100089435163
FA,F24,25,3684.4317300771463
FA,F24,26,3966.889521817423
FA,F24,27,3854.3938197299717
FA,F24,28,3860.6977738240084
FA,F24,29,3960.943378343819
FA,F24,30,3847.0050192336275
FA,F25,1,4140.642585417113
FA,F25,2,3494.3797560844714
FA,F25,3,3480.4755451946767
FA,F25,4,3363.041537933507
FA,F25,5,3380.7802498968986
FA,F25,6,3521.2739139427827
FA,F25,7,3342.854163834899
FA,F25,8,3339.994861200913
FA,F25,9,3435.043356829372
FA,F25,10,3562.9942509979833
FA,F25,11,3348.911121065622
FA,F25,12,3381.2189728658113
FA,F25,13,3462.6072491227906
FA,F25,14,3629.5636746093187
FA,F25,15,3736.958699182507
FA,F25,16,3247.644027245538
FA,F25,17,3549.286397901188
FA,F25,18,3402.4834660433835
FA,F25,19,3684.4065990691006
FA,F25,20,3715.3127402755435
FA,F25,21,3684.5310962545504
FA,F25,22,3377.5557340694213
FA,F25,23,3600.6380200506183
FA,F25,24,3557.159790674292
FA,F25,25,3487.752407669665
FA,F25,26,3357.121332625668
FA,F25,27,3684.690820843898
FA,F25,28,3290.495787622479
FA,F25,29,3373.736850235773
FA,F25,30,3450.769652668102
FA,F26,1,15105.107512147846
FA,F26,2,14796.521223717053
FA,F26,3,15340.108331122101
FA,F26,4,15617.6336867311
FA,F26,5,15401.983460051833
FA,F26,6,14713.603720921232
FA,F26,7,15304.487823627622
FA,F26,8,4479.487289430815
FA,F26,9,14089.55146132479
FA,F26,10,17149.344224070832
FA,F26,11,16197.6674876387
FA,F26,12,17136.72291205469
FA,F26,13,12695.176795885267
FA,F26,14,16005.675576026013
FA,F26,15,13497.773120868473
FA,F26,16,14234.598143666244
FA,F26,17,17632.9575392538
FA,F26,18,15278.129455960843
FA,F26,19,12530.97234819981
FA,F26,20,19836.244685474612
FA,F26,21,13761.762111134529
FA,F26,22,12287.42584261298
FA,F26,23,15326.60975678891
FA,F26,24,16045.500147417115
FA,F26,25,13813.183674865599
FA,F26,26,14613.7733428205
FA,F26,27,16076.559782876622
FA,F26,28,16520.96173713095
FA,F26,29,15164.67929044729
FA,F26,30,16492.983584438287
FA,F27,1,4175.349401186784
FA,F27,2,4020.5164858608655
FA,F27,3,3810.2475454400555
FA,F27,4,4022.174436180716
FA,F27,5,4262.236230723985
FA,F27,6,4867.225111418278
FA,F27,7,4043.2830954707297
FA,F27,8,4013.4762690129496
FA,F27,9,3878.686383314222
FA,F27,10,4139.578589623907
FA,F27,11,4626.924428577276
FA,F27,12,3897.2620927130547
FA,F27,13,4019.0679648150085
FA,F27,14,4235.546933486719
FA,F27,15,4013.4646103408313
FA,F27,16,3934.3754838560462
FA,F27,17,4447.579799269383
FA,F27,18,4310.608932767169
FA,F27,19,4063.9018639911355
FA,F27,20,4052.9965822364065
FA,F27,21,4350.8404984634635
FA,F27,22,3912.8591649879518
FA,F27,23,4699.376891926764
FA,F27,24,4054.3705580708365
FA,F27,25,3920.9896784226776
FA,F27,26,4013.7507237804684
FA,F27,27,4117.085372429019
FA,F27,28,4286.470243064728
FA,F27,29,4459.0360121909125
FA,F27,30,4492.366171667414
FA,F28,1,3932.541723865525
FA,F28,2,3637.779141777535
FA,F28,3,4194.118406868525
FA,F28,4,3910.8151824075285
FA,F28,5,3715.0640873702114
FA,F28,6,4711.726372087901
FA,F28,7,5027.596480585969
FA,F28,8,4338.552926809449
FA,F28,9,3875.079257479194
FA,F28,10,4198.209681939583
FA,F28,11,3976.10181292987
FA,F28,12,4979.324000123753
FA,F28,13,4434.995210002942
FA,F28,14,4671.9466998139615
FA,F28,15,4102.66237443379
FA,F28,16,4610.175304514021
FA,F28,17,4229.662149202219
FA,F28,18,3749.577661899669
FA,F28,19,4293.585976124463
FA,F28,20,3964.272399393772
FA,F28,21,4081.6493086074124
FA,F28,22,4374.391480656302
FA,F28,23,4129.023159556906
FA,F28,24,4818.790416658729
FA,F28,25,3968.086454938102
FA,F28,26,3517.637606817281
FA,F28,27,3861.8334896078004
FA,F28,28,4018.7934281028174
FA,F28,29,3678.829924849596
FA,F28,30,3710.9290975573444
FA,F29,1,7586.597157498667
FA,F29,2,9310.91840127938
FA,F29,3,8264.734189972114
FA,F29,4,8868.645911659562
FA,F29,5,10422.957597545017
FA,F29,6,7828.017836199415
FA,F29,7,9010.706566265799
FA,F29,8,6548.291573519808
FA,F29,9,8537.782759980746
FA,F29,10,9787.14451120853
FA,F29,11,9104.314234769647
FA,F29,12,6607.150785631804
FA,F29,13,9386.341384882848
FA,F29,14,10103.339004584432
FA,F29,15,8924.147255279384
FA,F29,16,7257.422336716799
FA,F29,17,7591.782438717415
FA,F29,18,6621.630538421165
FA,F29,19,10718.061477439189
FA,F29,20,7486.438617108253
FA,F29,21,7259.094495112055
FA,F29,22,6931.950607475436
FA,F29,23,6851.261554554194
FA,F29,24,10601.292671220755
FA,F29,25,7956.55763932075
FA,F29,26,10699.662166959492
FA,F29,27,7887.303651626776
FA,F29,28,10788.375296887252
FA,F29,29,8453.161444053232
FA,F29,30,10021.228070034911
FA,F30,1,249342684.61153603
FA,F30,2,262483720.29948622
FA,F30,3,272703900.7680269
FA,F30,4,158735660.7674061
FA,F30,5,139072457.82288006
FA,F30,6,144346488.48589396
FA,F30,7,175376592.42824313
FA,F30,8,168671950.43387678
FA,F30,9,140624727.72681484
FA,F30,10,126940621.5426547
FA,F30,11,313541536.14464504
FA,F30,12,205792119.1298609
FA,F30,13,141130599.6702487
FA,F30,14,427029914.52105767
FA,F30,15,148609557.44086125
FA,F30,16,404218117.9097922
FA,F30,17,132131661.25835523
FA,F30,18,312781123.8831648
FA,F30,19,187705160.1190337
FA,F30,20,122055907.41452023
FA,F30,21,266112762.61445615
FA,F30,22,390328920.35259336
FA,F30,23,260189232.7579743
FA,F30,24,398690812.70701736
FA,F30,25,148209351.4681754
FA,F30,26,152712200.5614339
FA,F30,27,224409552.84984088
FA,F30,28,240752076.1422718
FA,F30,29,148482079.1544641
FA,F30,30,128791998.83042389
GWO,F1,1,8428529936.366966
GWO,F1,2,18516747270.489597
GWO,F1,3,2240886235.9987407
GWO,F1,4,10143735271.613905
GWO,F1,5,17124916121.554897
GWO,F1,6,14256314798.035528
GWO,F1,7,13364888470.759779
GWO,F1,8,11108362407.350662
GWO,F1,9,18718056165.94113
GWO,F1,10,10368772602.142551
GWO,F1,11,9026654062.135344
GWO,F1,12,10992471379.879442
GWO,F1,13,12340788182.88527
GWO,F1,14,12807128325.757732
GWO,F1,15,16396230858.409317
GWO,F1,16,16628089585.090067
GWO,F1,17,18348980339.835793
GWO,F1,18,18369499908.308228
GWO,F1,19,18451626767.89618
GWO,F1,20,7399951339.795048
GWO,F1,21,13976597782.759214
GWO,F1,22,6661113680.161183
GWO,F1,23,2849105385.338733
GWO,F1,24,10999001533.036043
GWO,F1,25,5796595703.693039
GWO,F1,26,12816173568.28577
GWO,F1,27,14744774067.48856
GWO,F1,28,13115094576.6349
GWO,F1,29,12058082473.77786
GWO,F1,30,13852068150.111393
GWO,F3,1,120454.39542839641
GWO,F3,2,83399.49054584697
GWO,F3,3,135287.4809601608
GWO,F3,4,147676.8064519404
GWO,F3,5,95557.46151986987
GWO,F3,6,154388.36932930833
GWO,F3,7,121246.38627347072
GWO,F3,8,110078.8118143229
GWO,F3,9,102470.5295865689
GWO,F3,10,129879.44994030488
GWO,F3,11,130873.15234425284
GWO,F3,12,140001.81823701784
GWO,F3,13,125867.78263715838
GWO,F3,14,151782.8467511977
GWO,F3,15,140730.71379111134
GWO,F3,16,126354.95398924635
GWO,F3,17,68925.00017824648
GWO,F3,18,115050.05809056434
GWO,F3,19,101239.07780531686
GWO,F3,20,109780.16820599449
GWO,F3,21,156188.27817426863
GWO,F3,22,140242.60063284103
GWO,F3,23,86232.29121978511
GWO,F3,24,158386.82336976708
GWO,F3,25,96359.53348261492
GWO,F3,26,109788.60512206833
GWO,F3,27,126080.93341690901
GWO,F3,28,104940.36185481385
GWO,F3,29,98479.67543935763
GWO,F3,30,134950.19750700792
GWO,F4,1,1161.0561925455784
GWO,F4,2,962.2952021841786
GWO,F4,3,1224.7686630108833
GWO,F4,4,1029.6933835378936
GWO,F4,5,1185.2092096284985
GWO,F4,6,1019.0943318803467
GWO,F4,7,2059.7774252563504
GWO,F4,8,1624.209376677276
GWO,F4,9,1069.3774477849524
GWO,F4,10,828.186401829809
GWO,F4,11,1692.2313120422277
GWO,F4,12,1109.375270169628
GWO,F4,13,4337.6329111410305
GWO,F4,14,1564.7669202842571
GWO,F4,15,2174.0568535247585
GWO,F4,16,1095.731294792235
GWO,F4,17,2913.739120197863
GWO,F4,18,1239.889216840144
GWO,F4,19,1198.5816428440467
GWO,F4,20,2749.396282998621
GWO,F4,21,1172.9417681755322
GWO,F4,22,764.1744942251696
GWO,F4,23,2039.0411605078666
GWO,F4,24,996.2756791626507
GWO,F4,25,1995.328289362458
GWO,F4,26,1905.466971729864
GWO,F4,27,1211.0010731477228
GWO,F4,28,1264.4328596444552
GWO,F4,29,2058.1575127675474
GWO,F4,30,707.6116378139523
GWO,F5,1,778.7332436817726
GWO,F5,2,768.6580279533441
GWO,F5,3,773.2509281693217
GWO,F5,4,733.3134259489985
GWO,F5,5,704.2695254959071
GWO,F5,6,830.9633253865027
GWO,F5,7,734.0787429085894
GWO,F5,8,746.8451670051445
GWO,F5,9,733.2682089510508
GWO,F5,10,722.9494767466184
GWO,F5,11,771.3279442821803
GWO,F5,12,704.9018312984153
GWO,F5,13,752.3448464083651
GWO,F5,14,656.3376631054706
GWO,F5,15,752.4032534893445
GWO,F5,16,792.8995249235367
GWO,F5,17,726.0987458729796
GWO,F5,18,763.1049133912493
GWO,F5,19,730.9516075369526
GWO,F5,20,738.2040630555525
GWO,F5,21,700.246814237245
GWO,F5,22,714.9753096327404
GWO,F5,23,684.1514965422466
GWO,F5,24,690.6573986664637
GWO,F5,25,780.6822469819155
GWO,F5,26,967.6230174811084
GWO,F5,27,755.5484814538072
GWO,F5,28,684.7614231713919
GWO,F5,29,707.5497725290309
GWO,F5,30,698.4512444612812
GWO,F6,1,620.6918487385268
GWO,F6,2,620.9169062333705
GWO,F6,3,625.4424014134049
GWO,F6,4,631.5593219658386
GWO,F6,5,619.1883525477614
GWO,F6,6,622.7765203620667
GWO,F6,7,627.1717622789565
GWO,F6,8,619.1151490610598
GWO,F6,9,620.913670922843
GWO,F6,10,623.1246687061508
GWO,F6,11,629.6764562141141
GWO,F6,12,623.7380520156007
GWO,F6,13,625.3817994794231
GWO,F6,14,620.5264828608169
GWO,F6,15,618.7420867357387
GWO,F6,16,622.8266475569768
GWO,F6,17,628.6806440571972
GWO,F6,18,624.8690307893409
GWO,F6,19,620.6708175762394
GWO,F6,20,622.1434172889245
GWO,F6,21,620.3973151297891
GWO,F6,22,621.7541162386043
GWO,F6,23,620.8603871159848
GWO,F6,24,619.8141550506111
GWO,F6,25,625.0827089127403
GWO,F6,26,618.2152313484627
GWO,F6,27,621.0310695670013
GWO,F6,28,639.5431346427275
GWO,F6,29,619.3353261329817
GWO,F6,30,621.0835621748666
GWO,F7,1,1003.2398223320935
GWO,F7,2,1236.357771983936
GWO,F7,3,1095.7112763063071
GWO,F7,4,1115.3224529206263
GWO,F7,5,983.3819361534565
GWO,F7,6,1221.3454800885759
GWO,F7,7,1133.3718013397406
GWO,F7,8,1029.2416077762637
GWO,F7,9,1221.6854541372868
GWO,F7,10,1106.1793757326716
GWO,F7,11,1147.0571105085462
GWO,F7,12,1207.8141767235866
GWO,F7,13,1152.6747357863942
GWO,F7,14,1210.3844250637217
GWO,F7,15,1107.0702231537518
GWO,F7,16,1079.3095648484261
GWO,F7,17,1029.4175783734288
GWO,F7,18,1151.8166711637523
GWO,F7,19,1085.5201627265992
GWO,F7,20,1065.959566249035
GWO,F7,21,1156.1259758247272
GWO,F7,22,1352.7264488349851
GWO,F7,23,1222.8946271452141
GWO,F7,24,1055.1274461800192
GWO,F7,25,1091.8817859690562
GWO,F7,26,1190.7511761639662
GWO,F7,27,1189.466824336788
GWO,F7,28,1100.058837863175
GWO,F7,29,1161.9046485688089
GWO,F7,30,1183.2394775263601
GWO,F8,1,983.1674003678681
GWO,F8,2,1019.5153267016005
GWO,F8,3,1076.551235330124
GWO,F8,4,1120.4291427209355
GWO,F8,5,1026.2708243056286
GWO,F8,6,1018.0718290354505
GWO,F8,7,1104.9248665606242
GWO,F8,8,1013.4864650413815
GWO,F8,9,1098.4568656297772
GWO,F8,10,1068.8259257942802
GWO,F8,11,1052.7367807663395
GWO,F8,12,992.0029565071892
GWO,F8,13,1015.1610715931322
GWO,F8,14,1039.0875314559728
GWO,F8,15,1043.2095365368386
GWO,F8,16,1073.1622759418196
GWO,F8,17,1080.6233100054228
GWO,F8,18,1040.292989154713
GWO,F8,19,1079.3835082941373
GWO,F8,20,1056.880725145042
GWO,F8,21,1055.7728926437626
GWO,F8,22,1092.1088187758714
GWO,F8,23,1227.4712629619867
GWO,F8,24,1115.7860007492357
GWO,F8,25,1019.0835326850093
GWO,F8,26,1087.5506520784704
GWO,F8,27,1027.1682228983395
GWO,F8,28,1088.8803753580005
GWO,F8,29,1062.3095917951805
GWO,F8,30,1034.2290711757144
GWO,F9,1,13267.536049125383
GWO,F9,2,7897.066860681613
GWO,F9,3,16118.808666760364
GWO,F9,4,10761.613047781435
GWO,F9,5,8057.557965255241
GWO,F9,6,11918.617284877626
GWO,F9,7,5402.54273038276
GWO,F9,8,5705.405145567333
GWO,F9,9,8569.514902374372
GWO,F9,10,14353.346192162451
GWO,F9,11,10352.002981206384
GWO,F9,12,15500.370284533006
GWO,F9,13,5430.918424275537
GWO,F9,14,11515.146665747143
GWO,F9,15,11646.19311800387
GWO,F9,16,15132.492709626778
GWO,F9,17,13826.187351967423
GWO,F9,18,19831.13383675079
GWO,F9,19,7190.212106701547
GWO,F9,20,7168.742054801076
GWO,F9,21,9378.973026854057
GWO,F9,22,5444.2062133918225
GWO,F9,23,10174.970863811262
GWO,F9,24,8491.729545472603
GWO,F9,25,19250.84332713648
GWO,F9,26,10562.91809805985
GWO,F9,27,8945.533445915997
GWO,F9,28,16245.067392086554
GWO,F9,29,6131.039466885968
GWO,F9,30,10734.89112154204
GWO,F10,1,8686.53584699997
GWO,F10,2,7954.894344245013
GWO,F10,3,6141.52395650707
GWO,F10,4,6782.4167440652745
GWO,F10,5,6407.7521456665745
GWO,F10,6,6794.781793108237
GWO,F10,7,5025.484079923113
GWO,F10,8,7754.6506084018
GWO,F10,9,7007.3089866426435
GWO,F10,10,5953.956740633757
GWO,F10,11,6519.038274546017
GWO,F10,12,6822.799701773756
GWO,F10,13,6909.048106952445
GWO,F10,14,15406.775751994957
GWO,F10,15,6529.825653899563
GWO,F10,16,7006.73153209826
GWO,F10,17,6731.6111069359395
GWO,F10,18,7396.827643746259
GWO,F10,19,14041.747688609335
GWO,F10,20,7024.4465968076875
GWO,F10,21,14907.053492239254
GWO,F10,22,7893.141365844978
GWO,F10,23,8843.78258096835
GWO,F10,24,5773.170357881705
GWO,F10,25,8499.694839660713
GWO,F10,26,7507.632612387586
GWO,F10,27,8417.09024272265
GWO,F10,28,5699.0497488201945
GWO,F10,29,7136.851735938455
GWO,F10,30,6601.290309339085
GWO,F11,1,4914.796743160615
GWO,F11,2,5997.944180462282
GWO,F11,3,4650.453919977475
GWO,F11,4,5279.498986850889
GWO,F11,5,8003.193510343792
GWO,F11,6,4622.225539043247
GWO,F11,7,7961.005244882562
GWO,F11,8,3590.9548978388334
GWO,F11,9,4733.1639777909895
GWO,F11,10,4449.009811690845
GWO,F11,11,7995.607609930226
GWO,F11,12,3596.710024286901
GWO,F11,13,4604.758823068417
GWO,F11,14,4487.311249765173
GWO,F11,15,7547.755436408001
GWO,F11,16,2527.506236055332
GWO,F11,17,6464.018232423241
GWO,F11,18,9277.080854252821
GWO,F11,19,5656.890224269936
GWO,F11,20,5117.3224625046
GWO,F11,21,5860.738803908276
GWO,F11,22,6266.790059215584
GWO,F11,23,4857.984340786377
GWO,F11,24,4568.650083016276
GWO,F11,25,8543.221449864293
GWO,F11,26,5940.636763967251
GWO,F11,27,5307.060129864461
GWO,F11,28,4241.079559345492
GWO,F11,29,6671.155613835861
GWO,F11,30,7585.141118260651
GWO,F12,1,386437145.77892375
GWO,F12,2,722101644.8168398
GWO,F12,3,186519825.264003
GWO,F12,4,932272308.3577771
GWO,F12,5,268716562.6887287
GWO,F12,6,3955201224.993156
GWO,F12,7,1751217706.2334678
GWO,F12,8,310492655.76935875
GWO,F12,9,905691352.8646643
GWO,F12,10,5367926982.218314
GWO,F12,11,1116437029.6739054
GWO,F12,12,1823318397.3030334
GWO,F12,13,547922306.0749362
GWO,F12,14,365685932.67752445
GWO,F12,15,2493177456.967932
GWO,F12,16,4470903062.775081
GWO,F12,17,375800543.5326309
GWO,F12,18,701660377.7290605
GWO,F12,19,1257614538.1850502
GWO,F12,20,1573212419.337987
GWO,F12,21,270922194.50488925
GWO,F12,22,4251720450.5580187
GWO,F12,23,3691012671.1499805
GWO,F12,24,71939765.11787026
GWO,F12,25,48415376.409848556
GWO,F12,26,674113249.1035564
GWO,F12,27,2822427190.2593474
GWO,F12,28,821623653.3834249
GWO,F12,29,250104473.5341233
GWO,F12,30,2136226871.924953
GWO,F13,1,41080259.33219938
GWO,F13,2,6887759.599946077
GWO,F13,3,266446716.29351792
GWO,F13,4,208718159.8847977
GWO,F13,5,242591064.5058993
GWO,F13,6,237593088.89992708
GWO,F13,7,27238198.744465496
GWO,F13,8,141789129.4788904
GWO,F13,9,234480736.71264362
GWO,F13,10,3815800.1620860193
GWO,F13,11,23584122.398612946
GWO,F13,12,5175311.447564099
GWO,F13,13,90450148.73380908
GWO,F13,14,549552866.5989133
GWO,F13,15,5288986.195676158
GWO,F13,16,291119037.41203505
GWO,F13,17,242324320.9063376
GWO,F13,18,2862480835.991367
GWO,F13,19,571529324.4298201
GWO,F13,20,275738461.0709283
GWO,F13,21,293240574.7078538
GWO,F13,22,151130495.85549733
GWO,F13,23,197701972.31587616
GWO,F13,24,231573898.10395625
GWO,F13,25,228234489.6541342
GWO,F13,26,294318163.20404273
GWO,F13,27,306881961.2918408
GWO,F13,28,443734600.8273894
GWO,F13,29,106048204.96374154
GWO,F13,30,4080605.412808729
GWO,F14,1,488895.27949279017
GWO,F14,2,1717413.7153089466
GWO,F14,3,2349212.5697978153
GWO,F14,4,485274.4143216898
GWO,F14,5,1226153.8251236891
GWO,F14,6,2291015.4929967658
GWO,F14,7,276317.59231378423
GWO,F14,8,1036953.12202718
GWO,F14,9,929756.6033142188
GWO,F14,10,512636.4870303615
GWO,F14,11,996033.74441894
GWO,F14,12,2131993.516888528
GWO,F14,13,756286.823579196
GWO,F14,14,870937.941984424
GWO,F14,15,716890.128211064
GWO,F14,16,287902.81531870976
GWO,F14,17,337769.77383376757
GWO,F14,18,2227665.6206182647
GWO,F14,19,1601574.0677376434
GWO,F14,20,185100.80439768822
GWO,F14,21,4312238.063528372
GWO,F14,22,532262.483050733
GWO,F14,23,658042.9265886818
GWO,F14,24,2689707.069449654
GWO,F14,25,338539.62837088085
GWO,F14,26,508457.6967602604
GWO,F14,27,256206.65926337225
GWO,F14,28,3823582.2809873214
GWO,F14,29,338030.96888163965
GWO,F14,30,1324276.163825824
GWO,F15,1,26819520.092329346
GWO,F15,2,31493.312711904786
GWO,F15,3,75979.75378781736
GWO,F15,4,45939.26531050051
GWO,F15,5,52600311.65458516
GWO,F15,6,70994584.69866727
GWO,F15,7,113012780.93904781
GWO,F15,8,105396754.08720718
GWO,F15,9,19866.6374761399
GWO,F15,10,103972.0363855845
GWO,F15,11,33382036.713483203
GWO,F15,12,3352805.886421486
GWO,F15,13,77867.94936915438
GWO,F15,14,93299003.29649486
GWO,F15,15,452661.43045067764
GWO,F15,16,40095.567861185795
GWO,F15,17,34400.048481405516
GWO,F15,18,24545397.867645968
GWO,F15,19,39915592.97316763
GWO,F15,20,1657869.945049657
GWO,F15,21,29368.333851908697
GWO,F15,22,30429914.303435422
GWO,F15,23,1647056.7825405342
GWO,F15,24,48826.81242873724
GWO,F15,25,66834.34918619628
GWO,F15,26,62638.831978665556
GWO,F15,27,103461.2611876455
GWO,F15,28,20088036.26391299
GWO,F15,29,3209223.4256089292
GWO,F15,30,4851720.3399990825
GWO,F16,1,3479.7438654248176
GWO,F16,2,3270.0348381985327
GWO,F16,3,3414.0166577199375
GWO,F16,4,4939.518583049792
GWO,F16,5,3626.177413136488
GWO,F16,6,2703.908864632855
GWO,F16,7,3038.51099759333
GWO,F16,8,3143.5656912292866
GWO,F16,9,3325.7964689377786
GWO,F16,10,2971.182963372214
GWO,F16,11,2995.623316010353
GWO,F16,12,3117.619866936743
GWO,F16,13,3064.598962210632
GWO,F16,14,2474.5515596773785
GWO,F16,15,3018.1997705475233
GWO,F16,16,3074.5338588761506
GWO,F16,17,2441.741344161379
GWO,F16,18,3338.069913026904
GWO,F16,19,3047.6880124140944
GWO,F16,20,2908.956877458976
GWO,F16,21,2452.3707652476883
GWO,F16,22,3396.333132517105
GWO,F16,23,3554.223952316254
GWO,F16,24,4089.396553164661
GWO,F16,25,3426.551038543772
GWO,F16,26,3056.674064810886
GWO,F16,27,3454.4101281397134
GWO,F16,28,5592.7073756428
GWO,F16,29,2986.7312906008146
GWO,F16,30,4015.5667650263713
GWO,F17,1,3145.4291398031964
GWO,F17,2,2985.658913435061
GWO,F17,3,3876.9849528074396
GWO,F17,4,2850.849373394607
GWO,F17,5,3445.5056539506495
GWO,F17,6,2672.6854732319903
GWO,F17,7,2895.873703296722
GWO,F17,8,2984.941625392197
GWO,F17,9,3328.5572864787964
GWO,F17,10,2757.3492782429857
GWO,F17,11,2606.4397259801544
GWO,F17,12,3272.8914874353727
GWO,F17,13,2472.405849551418
GWO,F17,14,3085.5798638322667
GWO,F17,15,3075.764103351433
GWO,F17,16,2956.5644655327724
GWO,F17,17,3136.957954649137
GWO,F17,18,3109.4043292284896
GWO,F17,19,3094.446118865979
GWO,F17,20,3120.7189847938935
GWO,F17,21,2730.727180923267
GWO,F17,22,2737.7185355874044
GWO,F17,23,3375.479381709695
GWO,F17,24,2847.8687443839945
GWO,F17,25,2892.008720182608
GWO,F17,26,3140.7440860045344
GWO,F17,27,3154.854402909077
GWO,F17,28,2889.2317913690404
GWO,F17,29,2471.6389143311253
GWO,F17,30,3384.0609937857503
GWO,F18,1,957789.3123000485
GWO,F18,2,1560568.8299648508
GWO,F18,3,5564469.333181806
GWO,F18,4,6253867.829375632
GWO,F18,5,1699847.2141692878
GWO,F18,6,4078540.707143907
GWO,F18,7,330864.8371887616
GWO,F18,8,65553245.351594
GWO,F18,9,2676998.017717208
GWO,F18,10,1022350.3671201085
GWO,F18,11,1557150.334442351
GWO,F18,12,3498595.8751560124
GWO,F18,13,2967519.246583393
GWO,F18,14,3568241.599456944
GWO,F18,15,9637379.128250837
GWO,F18,16,393073.21973799163
GWO,F18,17,2139739.434851886
GWO,F18,18,3139350.443560219
GWO,F18,19,4453593.175216267
GWO,F18,20,1384322.6230204832
GWO,F18,21,13901467.931740914
GWO,F18,22,2616125.848948158
GWO,F18,23,6535964.455857041
GWO,F18,24,4381643.683235914
GWO,F18,25,1473290.3457099923
GWO,F18,26,28725997.434069116
GWO,F18,27,6450500.86847302
GWO,F18,28,11009849.047780897
GWO,F18,29,3586256.281532944
GWO,F18,30,28863596.43602318
GWO,F19,1,16482647.63008581
GWO,F19,2,135094510.2393324
GWO,F19,3,918816.9007939909
GWO,F19,4,6795375.0669525815
GWO,F19,5,1462648.0816712042
GWO,F19,6,31771306.052488606
GWO,F19,7,445886.9408396865
GWO,F19,8,1257675.3549901415
GWO,F19,9,4085077.328422809
GWO,F19,10,3622426.7990644216
GWO,F19,11,640588.9899147013
GWO,F19,12,2421692.5348297236
GWO,F19,13,356714.11266940954
GWO,F19,14,1760586.57378495
GWO,F19,15,7315839.27720497
GWO,F19,16,1521436.8397294206
GWO,F19,17,169163.24431159822
GWO,F19,18,13552561.529232679
GWO,F19,19,1163789.5539431162
GWO,F19,20,455836.1785003311
GWO,F19,21,957722.7542206809
GWO,F19,22,4638406.130471998
GWO,F19,23,1425210.0353822312
GWO,F19,24,378129.55715174583
GWO,F19,25,3174006.610688312
GWO,F19,26,1795857.4377755458
GWO,F19,27,1262751.4007439716
GWO,F19,28,1700594.2414872772
GWO,F19,29,2159098.6306322194
GWO,F19,30,2032075.640711596
GWO,F20,1,2853.51675884341
GWO,F20,2,2542.5133304441047
GWO,F20,3,3940.038056742399
GWO,F20,4,3119.752732454167
GWO,F20,5,3120.41516817138
GWO,F20,6,2921.068645595242
GWO,F20,7,3488.8500687693195
GWO,F20,8,2945.567847084991
GWO,F20,9,2788.743798313092
GWO,F20,10,2588.8945832169748
GWO,F20,11,2903.399610863568
GWO,F20,12,3203.029419919972
GWO,F20,13,3924.9796302579407
GWO,F20,14,2695.892948764101
GWO,F20,15,3017.2758763995703
GWO,F20,16,2614.7419862020247
GWO,F20,17,2824.3394953183442
GWO,F20,18,2883.6088739652478
GWO,F20,19,2547.601457341604
GWO,F20,20,2805.0100261071684
GWO,F20,21,3387.7603836891008
GWO,F20,22,3155.828563721511
GWO,F20,23,2808.9826548835235
GWO,F20,24,3363.3538963435067
GWO,F20,25,2921.796838088731
GWO,F20,26,3360.186721037605
GWO,F20,27,2940.320374398044
GWO,F20,28,2828.2744936343593
GWO,F20,29,3802.7197825775906
GWO,F20,30,2756.906818134831
GWO,F21,1,2537.003320836874
GWO,F21,2,2538.985812948221
GWO,F21,3,2485.053925960866
GWO,F21,4,2561.6794251196084
GWO,F21,5,2540.8267646589834
GWO,F21,6,2536.8275752097557
GWO,F21,7,2507.986074595116
GWO,F21,8,2582.1198996016296
GWO,F21,9,2579.5523926973037
GWO,F21,10,2507.0946407760107
GWO,F21,11,2531.0605746019855
GWO,F21,12,2501.5042859156483
GWO,F21,13,2524.963001460915
GWO,F21,14,2530.755457070983
GWO,F21,15,2555.520121828276
GWO,F21,16,2544.165969259684
GWO,F21,17,2533.5087813820915
GWO,F21,18,2511.0777818057804
GWO,F21,19,2523.304793018643
GWO,F21,20,2572.056890200556
GWO,F21,21,2582.4495189504346
GWO,F21,22,2497.7330426458607
GWO,F21,23,2576.982763800965
GWO,F21,24,2543.880839845618
GWO,F21,25,2746.7928176535324
GWO,F21,26,2508.0877185782906
GWO,F21,27,2508.378918651653
GWO,F21,28,2559.3385581905864
GWO,F21,29,2535.1601164452763
GWO,F21,30,2495.639486307189
GWO,F22,1,8373.099102469261
GWO,F22,2,8679.707126287154
GWO,F22,3,8670.526460172565
GWO,F22,4,9057.873067003184
GWO,F22,5,8260.759658734876
GWO,F22,6,10586.286695059742
GWO,F22,7,16907.32720066751
GWO,F22,8,8581.68488987432
GWO,F22,9,8874.869459117821
GWO,F22,10,8491.641386042069
GWO,F22,11,9682.24171540528
GWO,F22,12,10707.175268525072
GWO,F22,13,10609.348331669345
GWO,F22,14,7679.864120063821
GWO,F22,15,9632.520651329478
GWO,F22,16,8840.364789757637
GWO,F22,17,10265.673068348673
GWO,F22,18,9364.762399198282
GWO,F22,19,8485.39516663373
GWO,F22,20,8996.286720621723
GWO,F22,21,9075.327479555743
GWO,F22,22,16949.84457515888
GWO,F22,23,8212.658142465669
GWO,F22,24,8975.367180461324
GWO,F22,25,8852.779582952648
GWO,F22,26,8563.622336802466
GWO,F22,27,10137.151962974716
GWO,F22,28,9645.691640483308
GWO,F22,29,9149.065164690599
GWO,F22,30,8909.52436225423
GWO,F23,1,3060.883873378933
GWO,F23,2,2984.6130297491586
GWO,F23,3,3118.721393387098
GWO,F23,4,3049.2030489739004
GWO,F23,5,2891.264046200486
GWO,F23,6,3023.201195796538
GWO,F23,7,3081.0606459435344
GWO,F23,8,3099.4505041442935
GWO,F23,9,3038.665961146309
GWO,F23,10,2982.2242713024866
GWO,F23,11,2976.7167211693973
GWO,F23,12,3008.4082082968744
GWO,F23,13,3202.2109145007253
GWO,F23,14,3151.3857864717806
GWO,F23,15,3007.613811011779
GWO,F23,16,3029.410444729034
GWO,F23,17,2949.684562861229
GWO,F23,18,3006.9166282730716
GWO,F23,19,3000.5035979855397
GWO,F23,20,2972.4795449063754
GWO,F23,21,3117.5225170355934
GWO,F23,22,3062.6403328005254
GWO,F23,23,3062.351355726918
GWO,F23,24,3072.52973733747
GWO,F23,25,3055.870493318893
GWO,F23,26,2988.0130341234435
GWO,F23,27,3037.0179592077684
GWO,F23,28,3073.0721174144273
GWO,F23,29,3005.5635140057557
GWO,F23,30,2987.0576517279096
GWO,F24,1,3144.55920933155
GWO,F24,2,3119.2657587616955
GWO,F24,3,3203.364599441471
GWO,F24,4,3105.160095204438
GWO,F24,5,3151.942681071533
GWO,F24,6,3204.8216874560494
GWO,F24,7,3168.7135312332375
GWO,F24,8,3260.5001757340206
GWO,F24,9,3140.258854882306
GWO,F24,10,3285.7022105311808
GWO,F24,11,3210.4628730443333
GWO,F24,12,3144.7612391034736
GWO,F24,13,3148.24539669545
GWO,F24,14,3162.951446227276
GWO,F24,15,3197.8883909833216
GWO,F24,16,3127.4777543736536
GWO,F24,17,3493.5036857554283
GWO,F24,18,3164.3174344047657
GWO,F24,19,3187.2018401891346
GWO,F24,20,3227.9937474670805
GWO,F24,21,3192.5723485386475
GWO,F24,22,3187.965328119931
GWO,F24,23,3152.335793371487
GWO,F24,24,3051.663507738799
GWO,F24,25,3398.83074129867
GWO,F24,26,3101.224639694218
GWO,F24,27,3176.4547606691563
GWO,F24,28,3217.2217614049023
GWO,F24,29,3223.5695767631114
GWO,F24,30,3161.487414470987
GWO,F25,1,3684.078369991523
GWO,F25,2,3709.7689798120714
GWO,F25,3,3721.2834672666377
GWO,F25,4,3945.2796726404545
GWO,F25,5,3985.225166099305
GWO,F25,6,3522.181545429438
GWO,F25,7,3971.990903265659
GWO,F25,8,3513.9020237744994
GWO,F25,9,3653.134642636782
GWO,F25,10,4112.042372428776
GWO,F25,11,3572.725668602585
GWO,F25,12,4294.84809005841
GWO,F25,13,3443.492677889523
GWO,F25,14,4485.050608560809
GWO,F25,15,3929.64370329935
GWO,F25,16,4146.46637053305
GWO,F25,17,4720.330661628771
GWO,F25,18,4347.138102788742
GWO,F25,19,3641.987584525627
GWO,F25,20,4004.005196962455
GWO,F25,21,3500.5177686699903
GWO,F25,22,3975.63583997378
GWO,F25,23,4478.53532397703
GWO,F25,24,4039.7240416098502
GWO,F25,25,3601.3303159611532
GWO,F25,26,3528.5410919237647
GWO,F25,27,3519.569928276756
GWO,F25,28,3634.825635083797
GWO,F25,29,4064.5094267938102
GWO,F25,30,3238.07881531285
GWO,F26,1,6972.201300061325
GWO,F26,2,7832.162971390613
GWO,F26,3,6824.286410655776
GWO,F26,4,6834.122704075617
GWO,F26,5,6544.240515493771
GWO,F26,6,6474.954774898828
GWO,F26,7,5535.58475936976
GWO,F26,8,8018.4783256179635
GWO,F26,9,7974.152670895146
GWO,F26,10,8498.988136832568
GWO,F26,11,7905.298520074195
GWO,F26,12,7684.224159197922
GWO,F26,13,6496.314336147415
GWO,F26,14,6829.058841504951
GWO,F26,15,6664.870842861099
GWO,F26,16,8313.645543474438
GWO,F26,17,6499.836202748499
GWO,F26,18,6894.298208157091
GWO,F26,19,6331.531385945274
GWO,F26,20,6969.456768478751
GWO,F26,21,6559.611879322001
GWO,F26,22,5478.539258014405
GWO,F26,23,6247.418701448743
GWO,F26,24,6977.003034672301
GWO,F26,25,6981.306421060516
GWO,F26,26,7219.550948755935
GWO,F26,27,6923.886424923521
GWO,F26,28,7308.963632076581
GWO,F26,29,6883.287737287762
GWO,F26,30,7496.801018948756
GWO,F27,1,3600.0561322659373
GWO,F27,2,3761.066286514246
GWO,F27,3,3620.2571932828528
GWO,F27,4,3677.689190821119
GWO,F27,5,3787.326006444505
GWO,F27,6,3522.3933681100752
GWO,F27,7,3614.874500134404
GWO,F27,8,3969.6511475413845
GWO,F27,9,3673.234446801906
GWO,F27,10,3654.892873699344
GWO,F27,11,3621.3549311580723
GWO,F27,12,3726.2821505111365
GWO,F27,13,3645.60411168286
GWO,F27,14,3547.148512362115
GWO,F27,15,3780.78856322133
GWO,F27,16,3694.9827068532195
GWO,F27,17,3584.4188693280257
GWO,F27,18,3729.417602707542
GWO,F27,19,3634.9383736713717
GWO,F27,20,3962.319146582283
GWO,F27,21,3815.233890476099
GWO,F27,22,3587.5353506757383
GWO,F27,23,3579.7380928927505
GWO,F27,24,3631.655612972423
GWO,F27,25,3501.4947729212645
GWO,F27,26,3603.3633261283085
GWO,F27,27,3797.976205602767
GWO,F27,28,3609.7041774492104
GWO,F27,29,3648.7691144720966
GWO,F27,30,3781.450468304258
GWO,F28,1,4015.0075190353687
GWO,F28,2,4031.9108102690598
GWO,F28,3,5463.656255323796
GWO,F28,4,4537.693579421495
GWO,F28,5,4071.551966146321
GWO,F28,6,3994.558580157258
GWO,F28,7,4324.524603097671
GWO,F28,8,4303.202708151159
GWO,F28,9,4422.013509621219
GWO,F28,10,4292.30439049283
GWO,F28,11,4572.477409841544
GWO,F28,12,5286.856081275442
GWO,F28,13,5149.727205645911
GWO,F28,14,4142.700448021505
GWO,F28,15,4375.150258625165
GWO,F28,16,4607.16046361354
GWO,F28,17,4376.171758134431
GWO,F28,18,4351.688552326052
GWO,F28,19,4744.982496698578
GWO,F28,20,4600.168768394217
GWO,F28,21,4439.432664468508
GWO,F28,22,4160.016501335025
GWO,F28,23,4583.299037649894
GWO,F28,24,4299.935302459088
GWO,F28,25,4109.887429663522
GWO,F28,26,3996.17325771546
GWO,F28,27,4608.976479453663
GWO,F28,28,4611.050010004516
GWO,F28,29,4512.0020370055045
GWO,F28,30,4117.232790522994
GWO,F29,1,4123.29527557451
GWO,F29,2,4554.750622864341
GWO,F29,3,4683.731524675667
GWO,F29,4,4942.888597190822
GWO,F29,5,5599.375609710582
GWO,F29,6,4652.158791451705
GWO,F29,7,4554.22121411518
GWO,F29,8,4909.280982379318
GWO,F29,9,5887.817636578074
GWO,F29,10,4923.029149397372
GWO,F29,11,4497.969708900573
GWO,F29,12,4746.979609180664
GWO,F29,13,4665.084611202748
GWO,F29,14,5692.480795530309
GWO,F29,15,4921.018906755611
GWO,F29,16,4728.179056722835
GWO,F29,17,4777.242001883413
GWO,F29,18,4747.670305733454
GWO,F29,19,4766.923875326553
GWO,F29,20,4857.416101322236
GWO,F29,21,5040.835958952944
GWO,F29,22,4853.5584908215405
GWO,F29,23,4792.993806394028
GWO,F29,24,5042.124550508494
GWO,F29,25,5111.5764584937115
GWO,F29,26,4717.677625934349
GWO,F29,27,4651.627261002413
GWO,F29,28,4923.872422842065
GWO,F29,29,4842.998163141319
GWO,F29,30,4899.36203629292
GWO,F30,1,82005818.83547707
GWO,F30,2,112000331.35868764
GWO,F30,3,233454710.41834652
GWO,F30,4,105595729.21593024
GWO,F30,5,216522438.59580636
GWO,F30,6,146823140.28068864
GWO,F30,7,76747072.20072547
GWO,F30,8,202865936.41444927
GWO,F30,9,65771749.1334172
GWO,F30,10,272611049.84982806
GWO,F30,11,154452371.0202375
GWO,F30,12,68907569.98325533
GWO,F30,13,83258002.44990854
GWO,F30,14,116083891.6630697
GWO,F30,15,136664382.1172129
GWO,F30,16,103345238.21978396
GWO,F30,17,112114789.43493892
GWO,F30,18,150615595.48920673
GWO,F30,19,122651300.54872082
GWO,F30,20,82556556.09502336
GWO,F30,21,65057883.779838115
GWO,F30,22,140062983.03276953
GWO,F30,23,73518255.33613619
GWO,F30,24,114683173.00739501
GWO,F30,25,72067348.87143062
GWO,F30,26,172833779.82795155
GWO,F30,27,174907984.34553194
GWO,F30,28,121136782.41662218
GWO,F30,29,75045069.18445003
GWO,F30,30,130166616.53702934
MFO,F1,1,260629727499.8193
MFO,F1,2,227917923501.81396
MFO,F1,3,252612140937.3817
MFO,F1,4,117599162317.20683
MFO,F1,5,158979360634.46704
MFO,F1,6,125798443721.10811
MFO,F1,7,175049170491.47525
MFO,F1,8,253937986960.05243
MFO,F1,9,145518677806.64563
MFO,F1,10,274260812508.85767
MFO,F1,11,185287480877.70898
MFO,F1,12,207238485607.11118
MFO,F1,13,207186899419.64578
MFO,F1,14,205568848620.3901
MFO,F1,15,239589589635.98062
MFO,F1,16,239833539585.287
MFO,F1,17,97203380657.31425
MFO,F1,18,223691334731.29794
MFO,F1,19,231757873638.8549
MFO,F1,20,195742397983.62466
MFO,F1,21,150753175428.01306
MFO,F1,22,232419806845.85114
MFO,F1,23,170238346794.4081
MFO,F1,24,134134393078.50346
MFO,F1,25,233461394819.62952
MFO,F1,26,174000827166.788
MFO,F1,27,121575210804.31177
MFO,F1,28,233915129699.22308
MFO,F1,29,154864351033.91534
MFO,F1,30,181520536599.12708
MFO,F3,1,607665.4185054385
MFO,F3,2,625893.491841791
MFO,F3,3,524531.4204979778
MFO,F3,4,532273.0958082502
MFO,F3,5,438064.43274315377
MFO,F3,6,600863.0855548179
MFO,F3,7,641991.9834584382
MFO,F3,8,558245.7573268419
MFO,F3,9,594694.5606817276
MFO,F3,10,557981.6028974955
MFO,F3,11,486892.9418972885
MFO,F3,12,517712.801275075
MFO,F3,13,622438.8638117689
MFO,F3,14,521068.7231258547
MFO,F3,15,445345.23596973025
MFO,F3,16,590558.0447786782
MFO,F3,17,549851.523593755
MFO,F3,18,493181.1178847598
MFO,F3,19,438403.57730225293
MFO,F3,20,536006.5090717615
MFO,F3,21,578734.0816348427
MFO,F3,22,533840.802610881
MFO,F3,23,459186.71658167394
MFO,F3,24,633067.4652500213
MFO,F3,25,575300.6506049961
MFO,F3,26,515503.2958599827
MFO,F3,27,546746.3692489215
MFO,F3,28,558534.488609824
MFO,F3,29,538736.2823113578
MFO,F3,30,482633.7326813569
MFO,F4,1,60595.87481705983
MFO,F4,2,21137.954002998267
MFO,F4,3,33422.5278424336
MFO,F4,4,104897.79891740785
MFO,F4,5,62175.72481798224
MFO,F4,6,40578.24351679551
MFO,F4,7,109166.96230226623
MFO,F4,8,76877.88730303137
MFO,F4,9,100409.34823736397
MFO,F4,10,23489.14335483548
MFO,F4,11,20076.03820632138
MFO,F4,12,60006.32871101224
MFO,F4,13,38457.105028014565
MFO,F4,14,60501.76824703496
MFO,F4,15,59411.223096601265
MFO,F4,16,51361.7372440209
MFO,F4,17,35565.94999196185
MFO,F4,18,52305.303192931875
MFO,F4,19,27711.357316075355
MFO,F4,20,39982.89352346869
MFO,F4,21,71677.35710801979
MFO,F4,22,86927.2247820035
MFO,F4,23,65210.60928217208
MFO,F4,24,62819.14697840928
MFO,F4,25,18988.143853161513
MFO,F4,26,55781.9064165049
MFO,F4,27,20194.023260551552
MFO,F4,28,92236.1508274698
MFO,F4,29,28911.9229581515
MFO,F4,30,95157.35830398051
MFO,F5,1,1697.3288205395704
MFO,F5,2,1328.3117824828378
MFO,F5,3,1380.6927082644058
MFO,F5,4,1296.392268444657
MFO,F5,5,1547.5485986472208
MFO,F5,6,1730.1279492964131
MFO,F5,7,1618.2999302071012
MFO,F5,8,1671.7757556936663
MFO,F5,9,1658.5707813033498
MFO,F5,10,1703.100679657176
MFO,F5,11,1299.308867699742
MFO,F5,12,1370.3388322164956
MFO,F5,13,1633.4428316735043
MFO,F5,14,1587.5212891725876
MFO,F5,15,1440.771678012251
MFO,F5,16,1615.239704034014
MFO,F5,17,1553.0386432126038
MFO,F5,18,1576.0718123950962
MFO,F5,19,1273.6917158796489
MFO,F5,20,1707.9524151273572
MFO,F5,21,1699.3138188031032
MFO,F5,22,1435.1449730395618
MFO,F5,23,1364.3000451514768
MFO,F5,24,1345.3463551370644
MFO,F5,25,1584.1920395072555
MFO,F5,26,1479.9188039942842
MFO,F5,27,1698.7744017918355
MFO,F5,28,1686.9803758923342
MFO,F5,29,1470.1635449286096
MFO,F5,30,1432.3284774765802
MFO,F6,1,706.9963171034882
MFO,F6,2,731.002755497838
MFO,F6,3,714.7557933232006
MFO,F6,4,739.5614143992669
MFO,F6,5,713.6975537074005
MFO,F6,6,732.9372257922853
MFO,F6,7,730.0843284883555
MFO,F6,8,710.1199330347664
MFO,F6,9,719.6498737032441
MFO,F6,10,750.7330903562128
MFO,F6,11,738.7663215093714
MFO,F6,12,739.2694177872855
MFO,F6,13,753.5289077602434
MFO,F6,14,717.4189796453009
MFO,F6,15,744.9784630907251
MFO,F6,16,692.9972569209214
MFO,F6,17,705.8177669232131
MFO,F6,18,730.8455943341309
MFO,F6,19,732.2310421353213
MFO,F6,20,713.514072678414
MFO,F6,21,738.8042978054813
MFO,F6,22,678.0091890606894
MFO,F6,23,714.3522244363805
MFO,F6,24,736.842340945553
MFO,F6,25,702.8932976459234
MFO,F6,26,722.7954249291008
MFO,F6,27,705.2543808150081
MFO,F6,28,738.6995847118628
MFO,F6,29,747.3491525123011
MFO,F6,30,715.0152259823845
MFO,F7,1,4701.300900552727
MFO,F7,2,6515.103337233249
MFO,F7,3,6369.413603051994
MFO,F7,4,5830.258430213426
MFO,F7,5,6578.39362572473
MFO,F7,6,6577.5362027424035
MFO,F7,7,5957.379944305559
MFO,F7,8,6745.709910755327
MFO,F7,9,4640.749110204633
MFO,F7,10,5844.5773959075395
MFO,F7,11,5887.185332915045
MFO,F7,12,6358.54906066066
MFO,F7,13,4683.753542371628
MFO,F7,14,6500.1496367309965
MFO,F7,15,6082.530216403334
MFO,F7,16,5364.555142212484
MFO,F7,17,5757.903702434173
MFO,F7,18,6091.065032915159
MFO,F7,19,6194.952931707486
MFO,F7,20,4846.933421059169
MFO,F7,21,5883.922204760926
MFO,F7,22,6878.893879501507
MFO,F7,23,5176.23487637468
MFO,F7,24,5872.537603733992
MFO,F7,25,6260.142015203272
MFO,F7,26,6063.948122159282
MFO,F7,27,6630.8612582205815
MFO,F7,28,6523.023784007714
MFO,F7,29,6901.789408335529
MFO,F7,30,6161.818424714717
MFO,F8,1,1612.2653495603874
MFO,F8,2,1851.1742805107026
MFO,F8,3,1564.7466229941995
MFO,F8,4,1574.0984706378515
MFO,F8,5,1941.3304526752602
MFO,F8,6,1720.4782498369877
MFO,F8,7,1919.430622153195
MFO,F8,8,1973.2475037341003
MFO,F8,9,1895.442220110248
MFO,F8,10,1882.0716578030872
MFO,F8,11,1733.642334939457
MFO,F8,12,1599.3451053528756
MFO,F8,13,1891.9606724761265
MFO,F8,14,1953.7762627763395
MFO,F8,15,1959.1078610554896
MFO,F8,16,1715.4675914975403
MFO,F8,17,1834.0585503676189
MFO,F8,18,1945.0004808741282
MFO,F8,19,1833.1026547731667
MFO,F8,20,1489.6706319100708
MFO,F8,21,1930.1281136326752
MFO,F8,22,1706.6053885633523
MFO,F8,23,1914.9614889926154
MFO,F8,24,1702.464192305768
MFO,F8,25,1825.1634171040766
MFO,F8,26,1655.217609159627
MFO,F8,27,1595.5741350989942
MFO,F8,28,1689.9975113437015
MFO,F8,29,1637.598474049743
MFO,F8,30,1703.6912212825189
MFO,F9,1,62611.78527173918
MFO,F9,2,37220.35510516113
MFO,F9,3,86665.9868556989
MFO,F9,4,78371.33112279845
MFO,F9,5,42150.06204783548
MFO,F9,6,101963.31959812329
MFO,F9,7,68609.03076998015
MFO,F9,8,98665.09510755057
MFO,F9,9,69535.56464876894
MFO,F9,10,102431.3755022792
MFO,F9,11,95720.46684238981
MFO,F9,12,99098.12999563605
MFO,F9,13,92528.34789015126
MFO,F9,14,104593.22184651694
MFO,F9,15,52234.980930141006
MFO,F9,16,57807.28449814129
MFO,F9,17,63963.896865505776
MFO,F9,18,93223.96082543532
MFO,F9,19,57651.9580004073
MFO,F9,20,88277.98657600807
MFO,F9,21,60339.06328890254
MFO,F9,22,89329.54179469724
MFO,F9,23,101034.55194445894
MFO,F9,24,47431.19544486272
MFO,F9,25,66562.25660935491
MFO,F9,26,107624.83922686582
MFO,F9,27,56974.53460605877
MFO,F9,28,94046.78038484835
MFO,F9,29,68090.34367259381
MFO,F9,30,85009.3840063474
MFO,F10,1,14850.708543766199
MFO,F10,2,14903.497523982227
MFO,F10,3,14622.800685852631
MFO,F10,4,13468.892571240698
MFO,F10,5,16183.213720440604
MFO,F10,6,16011.211664569164
MFO,F10,7,15254.250545747456
MFO,F10,8,15815.529765907657
MFO,F10,9,14876.630692971097
MFO,F10,10,15942.668992941817
MFO,F10,11,14703.758422508075
MFO,F10,12,13073.582139081667
MFO,F10,13,16106.622791960212
MFO,F10,14,15044.031985055142
MFO,F10,15,15644.571703152295
MFO,F10,16,14219.16044373114
MFO,F10,17,15404.382688640952
MFO,F10,18,14162.325015242417
MFO,F10,19,15275.817119035399
MFO,F10,20,15909.41066405645
MFO,F10,21,15627.742839226645
MFO,F10,22,15856.755453269754
MFO,F10,23,15519.51641599591
MFO,F10,24,16080.5897638823
MFO,F10,25,16279.173241792127
MFO,F10,26,16664.50081137013
MFO,F10,27,15040.57409811791
MFO,F10,28,14221.700207151178
MFO,F10,29,15773.267923486728
MFO,F10,30,13670.813275237992
MFO,F11,1,79256.08038914436
MFO,F11,2,85937.71619268511
MFO,F11,3,80658.69018783559
MFO,F11,4,117981.84650490069
MFO,F11,5,66626.94825608475
MFO,F11,6,47640.824041411346
MFO,F11,7,89194.18409296001
MFO,F11,8,62970.775254538385
MFO,F11,9,82060.64738602148
MFO,F11,10,94735.2385029719
MFO,F11,11,80547.44370790636
MFO,F11,12,115354.9242285515
MFO,F11,13,103225.49291296462
MFO,F11,14,74238.04247834858
MFO,F11,15,105372.59388031303
MFO,F11,16,66416.95562794062
MFO,F11,17,78947.19945726873
MFO,F11,18,66750.52006123739
MFO,F11,19,98665.28461910649
MFO,F11,20,63332.780574866025
MFO,F11,21,70867.58758104643
MFO,F11,22,49669.94212213754
MFO,F11,23,101536.73134889816
MFO,F11,24,52264.239994337426
MFO,F11,25,75268.9125213362
MFO,F11,26,73925.95404702351
MFO,F11,27,90312.56729835682
MFO,F11,28,93528.54262410528
MFO,F11,29,63150.034789203935
MFO,F11,30,69309.91049902035
MFO,F12,1,57674296896.44048
MFO,F12,2,86302032875.50298
MFO,F12,3,70899655399.8338
MFO,F12,4,79828122178.74821
MFO,F12,5,20591300015.940746
MFO,F12,6,70780567584.25256
MFO,F12,7,57626133480.250336
MFO,F12,8,53008126595.11629
MFO,F12,9,23459142968.14096
MFO,F12,10,31177623532.955303
MFO,F12,11,76357073593.83893
MFO,F12,12,52727773803.89545
MFO,F12,13,90202674664.55487
MFO,F12,14,88830347574.70296
MFO,F12,15,18287785628.482773
MFO,F12,16,29833855928.68806
MFO,F12,17,34488776103.96296
MFO,F12,18,79720270373.06766
MFO,F12,19,52244205242.972885
MFO,F12,20,44273039426.65054
MFO,F12,21,56854160439.79756
MFO,F12,22,69048468506.3713
MFO,F12,23,34101993411.93289
MFO,F12,24,32597784875.88776
MFO,F12,25,60587301272.449554
MFO,F12,26,40823082633.33231
MFO,F12,27,49409623871.32286
MFO,F12,28,53437973710.38889
MFO,F12,29,54602742797.76012
MFO,F12,30,53135823787.64109
MFO,F13,1,8334502808.44095
MFO,F13,2,4124710237.842146
MFO,F13,3,38844085756.30537
MFO,F13,4,14295226803.331528
MFO,F13,5,41167216503.805084
MFO,F13,6,46516966027.80652
MFO,F13,7,7587786674.496383
MFO,F13,8,27203099532.12975
MFO,F13,9,719550971.3955902
MFO,F13,10,7581634237.46778
MFO,F13,11,33197634521.563793
MFO,F13,12,25398104787.234585
MFO,F13,13,7472010470.838633
MFO,F13,14,27099842751.614346
MFO,F13,15,22161398496.008244
MFO,F13,16,37384785849.65159
MFO,F13,17,41487339364.826744
MFO,F13,18,15144983011.996529
MFO,F13,19,22729653553.051094
MFO,F13,20,12078633422.007387
MFO,F13,21,32188236042.159626
MFO,F13,22,28975495070.57213
MFO,F13,23,6293912114.307025
MFO,F13,24,22926027946.143105
MFO,F13,25,6171617193.492108
MFO,F13,26,1825725181.7563655
MFO,F13,27,9269259296.208963
MFO,F13,28,14625058045.503645
MFO,F13,29,33266417690.95898
MFO,F13,30,12359894606.557472
MFO,F14,1,40398008.62369544
MFO,F14,2,74388447.83514962
MFO,F14,3,18636613.396127038
MFO,F14,4,1990985.8287193407
MFO,F14,5,81216170.5107535
MFO,F14,6,88685854.69209531
MFO,F14,7,52338172.62611815
MFO,F14,8,3249475.7210962237
MFO,F14,9,43540900.65004701
MFO,F14,10,12529018.950075284
MFO,F14,11,48543796.59718628
MFO,F14,12,9642478.888036955
MFO,F14,13,44643856.991620995
MFO,F14,14,98773321.41255789
MFO,F14,15,4674972.366087818
MFO,F14,16,79769205.46915698
MFO,F14,17,9005451.490250453
MFO,F14,18,8546963.192493107
MFO,F14,19,1490161.0666795743
MFO,F14,20,24402919.328047324
MFO,F14,21,52312221.28679356
MFO,F14,22,17041245.08066567
MFO,F14,23,23383472.688972935
MFO,F14,24,32006744.652010165
MFO,F14,25,59221818.61800193
MFO,F14,26,36410065.884722725
MFO,F14,27,19223271.387456443
MFO,F14,28,49084474.05817097
MFO,F14,29,24015374.024536375
MFO,F14,30,49215460.7023161
MFO,F15,1,17147537932.306091
MFO,F15,2,221418991.92736503
MFO,F15,3,4046277763.8353176
MFO,F15,4,1557544.413183444
MFO,F15,5,3545100038.1839414
MFO,F15,6,2851327956.376955
MFO,F15,7,13663875487.564507
MFO,F15,8,16286254693.50191
MFO,F15,9,3321347700.0945377
MFO,F15,10,1124067890.8820837
MFO,F15,11,12828301980.058596
MFO,F15,12,25665658807.16557
MFO,F15,13,20227541090.545567
MFO,F15,14,762795943.143767
MFO,F15,15,1513330123.5715258
MFO,F15,16,1874843.7420163003
MFO,F15,17,7140641321.279831
MFO,F15,18,8378477225.532622
MFO,F15,19,10235244701.413893
MFO,F15,20,764380333.7697017
MFO,F15,21,18225429113.052593
MFO,F15,22,7012750399.667437
MFO,F15,23,479911546.45458674
MFO,F15,24,22996717404.177452
MFO,F15,25,19434696462.261734
MFO,F15,26,22091093911.486202
MFO,F15,27,424600883.2237091
MFO,F15,28,12291891369.386087
MFO,F15,29,18155003031.31951
MFO,F15,30,3650630976.970282
MFO,F16,1,5543.124346100672
MFO,F16,2,5292.663817573607
MFO,F16,3,6139.685708175572
MFO,F16,4,9233.241401864945
MFO,F16,5,7645.946537780426
MFO,F16,6,6500.350213859299
MFO,F16,7,9680.26306649283
MFO,F16,8,9110.337516076179
MFO,F16,9,6263.818356883704
MFO,F16,10,8000.841523554624
MFO,F16,11,5120.624599875979
MFO,F16,12,6422.168091166781
MFO,F16,13,6521.995877593739
MFO,F16,14,7748.184395211095
MFO,F16,15,8809.327351748398
MFO,F16,16,8126.381020050299
MFO,F16,17,7012.888465315125
MFO,F16,18,5601.994306496019
MFO,F16,19,6606.621105542595
MFO,F16,20,7051.774383040205
MFO,F16,21,7562.1981706154875
MFO,F16,22,6959.711647693221
MFO,F16,23,7011.195953796887
MFO,F16,24,8928.302625416358
MFO,F16,25,9843.26065350775
MFO,F16,26,7220.168611712861
MFO,F16,27,7923.426496971684
MFO,F16,28,8311.23532276602
MFO,F16,29,6085.71757387813
MFO,F16,30,7255.151740561804
MFO,F17,1,7541.478260817824
MFO,F17,2,367783.0336536893
MFO,F17,3,128969.97930166782
MFO,F17,4,6030.7000865746
MFO,F17,5,5095.540686286094
MFO,F17,6,8122.783339816409
MFO,F17,7,57739.6850027005
MFO,F17,8,230143.4305428805
MFO,F17,9,25049.936606704938
MFO,F17,10,419090.0380842128
MFO,F17,11,16359.499248764001
MFO,F17,12,174565.5169248481
MFO,F17,13,487079.6921250186
MFO,F17,14,41915.73907472665
MFO,F17,15,251540.5571192684
MFO,F17,16,632040.9904271403
MFO,F17,17,124904.96548169266
MFO,F17,18,21465.936407343183
MFO,F17,19,7279.891946508104
MFO,F17,20,208261.71668885575
MFO,F17,21,7130.562153458601
MFO,F17,22,7273.728553925196
MFO,F17,23,170232.50462271212
MFO,F17,24,1209030.728541966
MFO,F17,25,127756.91089395023
MFO,F17,26,15675.210713982553
MFO,F17,27,49540.47465150942
MFO,F17,28,754380.5686669564
MFO,F17,29,6874.370623460719
MFO,F17,30,357888.83240933606
MFO,F18,1,177397334.08134347
MFO,F18,2,297108741.9762821
MFO,F18,3,403777718.3311378
MFO,F18,4,133920312.57903373
MFO,F18,5,176908241.83640227
MFO,F18,6,34229612.76732302
MFO,F18,7,64448563.86096315
MFO,F18,8,93935640.52245133
MFO,F18,9,19174049.156553417
MFO,F18,10,1713966.6474072323
MFO,F18,11,129128343.27977894
MFO,F18,12,360568766.57394195
MFO,F18,13,198168199.95746976
MFO,F18,14,110490697.9873686
MFO,F18,15,156021604.89563027
MFO,F18,16,580595622.1642073
MFO,F18,17,44586935.540565565
MFO,F18,18,115312068.06085452
MFO,F18,19,386468660.3010754
MFO,F18,20,15030972.583004637
MFO,F18,21,144031055.42385304
MFO,F18,22,164964158.2156168
MFO,F18,23,63889303.16459859
MFO,F18,24,262386888.21587032
MFO,F18,25,31218106.34316191
MFO,F18,26,247996563.37803483
MFO,F18,27,317778444.2837957
MFO,F18,28,287188608.8979412
MFO,F18,29,196946218.72818342
MFO,F18,30,83017909.67395069
MFO,F19,1,3538755135.3387003
MFO,F19,2,379055493.97851914
MFO,F19,3,179678991.60485396
MFO,F19,4,3484285251.884487
MFO,F19,5,22059777.67917062
MFO,F19,6,2787314167.9823275
MFO,F19,7,184837345.69501877
MFO,F19,8,5086503689.974561
MFO,F19,9,4811888788.963003
MFO,F19,10,5055383913.734681
MFO,F19,11,22240026.713796824
MFO,F19,12,72074133.79389407
MFO,F19,13,1429454253.6586092
MFO,F19,14,5733729073.667334
MFO,F19,15,1730858903.6374345
MFO,F19,16,2096411624.933226
MFO,F19,17,5189506899.665894
MFO,F19,18,1564646258.6262221
MFO,F19,19,4799417510.429486
MFO,F19,20,1495608703.2953095
MFO,F19,21,1654270322.4917173
MFO,F19,22,2204861902.5781403
MFO,F19,23,215544975.39805922
MFO,F19,24,988338727.5002406
MFO,F19,25,114533089.13949636
MFO,F19,26,2102777000.9332669
MFO,F19,27,4780671104.889217
MFO,F19,28,5056407302.804374
MFO,F19,29,213584929.31783497
MFO,F19,30,4709389588.503362
MFO,F20,1,4672.525000697859
MFO,F20,2,3760.699643706518
MFO,F20,3,4404.089518789008
MFO,F20,4,4617.926864314939
MFO,F20,5,4565.811820952385
MFO,F20,6,4979.031699024861
MFO,F20,7,3921.4919302836015
MFO,F20,8,4635.313642176534
MFO,F20,9,4726.655615702892
MFO,F20,10,4692.429455323527
MFO,F20,11,4451.730574176299
MFO,F20,12,4888.38967674298
MFO,F20,13,4844.0245479623645
MFO,F20,14,4673.162325230473
MFO,F20,15,4794.833167637036
MFO,F20,16,3704.1169165376295
MFO,F20,17,4702.11445415575
MFO,F20,18,4750.59690401214
MFO,F20,19,4615.586918818195
MFO,F20,20,5002.193409415126
MFO,F20,21,4342.893151424403
MFO,F20,22,4793.5421438947515
MFO,F20,23,4448.264985664647
MFO,F20,24,4182.818626848746
MFO,F20,25,4733.38438092357
MFO,F20,26,4880.668286536333
MFO,F20,27,3702.3121529685054
MFO,F20,28,4595.0177214442965
MFO,F20,29,4751.146422828655
MFO,F20,30,4483.797542620596
MFO,F21,1,3467.1830059318527
MFO,F21,2,3014.312838433343
MFO,F21,3,3328.4373014087873
MFO,F21,4,3084.77346368546
MFO,F21,5,3097.7912744124665
MFO,F21,6,3217.6707312508715
MFO,F21,7,3209.3155897518996
MFO,F21,8,3492.282350399024
MFO,F21,9,3243.2854823951166
MFO,F21,10,3151.652116448745
MFO,F21,11,3424.029315296266
MFO,F21,12,3056.933424828662
MFO,F21,13,3408.076316089193
MFO,F21,14,3277.243279305644
MFO,F21,15,3088.2638112754585
MFO,F21,16,3187.6658686508517
MFO,F21,17,3210.7653359608153
MFO,F21,18,3320.142650970155
MFO,F21,19,3184.824558854678
MFO,F21,20,3134.035331599083
MFO,F21,21,2999.6299630412846
MFO,F21,22,3297.2273960436105
MFO,F21,23,3218.2120617468327
MFO,F21,24,3316.166793353317
MFO,F21,25,3444.4877628991794
MFO,F21,26,3362.6826338676997
MFO,F21,27,3343.338285387121
MFO,F21,28,3152.9623194739424
MFO,F21,29,3444.869794894411
MFO,F21,30,3146.0265252996433
MFO,F22,1,15199.550515891704
MFO,F22,2,14863.887737415149
MFO,F22,3,16782.73140441795
MFO,F22,4,16723.345037511444
MFO,F22,5,16388.727466030832
MFO,F22,6,16966.35652436505
MFO,F22,7,16701.56172147208
MFO,F22,8,16868.153453419654
MFO,F22,9,16574.085622085913
MFO,F22,10,17362.630566121057
MFO,F22,11,15416.981875192867
MFO,F22,12,17344.31462960397
MFO,F22,13,17336.64330951444
MFO,F22,14,17329.068022962274
MFO,F22,15,16054.125105985033
MFO,F22,16,15596.667046048737
MFO,F22,17,17512.906757057972
MFO,F22,18,16947.716166125723
MFO,F22,19,14286.33766770172
MFO,F22,20,14899.73576185957
MFO,F22,21,15895.53715103304
MFO,F22,22,16094.984985490752
MFO,F22,23,17623.59428715807
MFO,F22,24,15444.97850493034
MFO,F22,25,17539.496317961042
MFO,F22,26,17001.560799167863
MFO,F22,27,17979.107083003997
MFO,F22,28,14995.617033349288
MFO,F22,29,17086.458374855112
MFO,F22,30,16772.150820580267
MFO,F23,1,3651.320494578342
MFO,F23,2,3478.5843522258574
MFO,F23,3,3818.769535581822
MFO,F23,4,3658.3920583015233
MFO,F23,5,3551.947959754718
MFO,F23,6,3732.574375147198
MFO,F23,7,3714.40748662911
MFO,F23,8,3477.433976921593
MFO,F23,9,3834.8022305412806
MFO,F23,10,4084.3804622744456
MFO,F23,11,3935.520005875279
MFO,F23,12,3766.6487750381166
MFO,F23,13,3627.5675916213677
MFO,F23,14,3651.392351383809
MFO,F23,15,3571.2209711383034
MFO,F23,16,3667.855139052872
MFO,F23,17,3614.1478208989747
MFO,F23,18,3637.0798632952483
MFO,F23,19,3818.647272659125
MFO,F23,20,3691.1967623527908
MFO,F23,21,3705.1777450868403
MFO,F23,22,3852.793364246304
MFO,F23,23,3978.396416613624
MFO,F23,24,3950.6426507345177
MFO,F23,25,3781.239080258303
MFO,F23,26,3832.695237134906
MFO,F23,27,3583.7488051050477
MFO,F23,28,3632.745023862542
MFO,F23,29,3494.445469676303
MFO,F23,30,3972.551623658305
MFO,F24,1,3627.2487868897765
MFO,F24,2,3678.990856597029
MFO,F24,3,3751.295411366226
MFO,F24,4,3476.464465552932
MFO,F24,5,3767.5373587146255
MFO,F24,6,3763.6232075446364
MFO,F24,7,3815.5854383237165
MFO,F24,8,3537.981078910276
MFO,F24,9,3618.640251929941
MFO,F24,10,3490.5474593725635
MFO,F24,11,3768.6793300941295
MFO,F24,12,3500.6730165843237
MFO,F24,13,3782.571155331979
MFO,F24,14,3780.4563223845335
MFO,F24,15,3774.1716654261704
MFO,F24,16,3567.3313551851625
MFO,F24,17,3764.877777596082
MFO,F24,18,3765.3368079180445
MFO,F24,19,3559.489164769938
MFO,F24,20,3535.7026189437993
MFO,F24,21,3547.3191488924735
MFO,F24,22,3727.513010776769
MFO,F24,23,3724.260707636713
MFO,F24,24,3890.2126930593645
MFO,F24,25,3816.032929342254
MFO,F24,26,3593.8715461442025
MFO,F24,27,3962.231137511189
MFO,F24,28,3742.3137887468074
MFO,F24,29,3814.345087254383
MFO,F24,30,3772.98260334158
MFO,F25,1,35704.58017495642
MFO,F25,2,54388.905393284425
MFO,F25,3,45043.62797423735
MFO,F25,4,46317.42690129123
MFO,F25,5,54657.32091060064
MFO,F25,6,50267.449761428215
MFO,F25,7,39455.59156686541
MFO,F25,8,31296.409096295196
MFO,F25,9,47876.72884748664
MFO,F25,10,50133.68133494665
MFO,F25,11,58126.08087495858
MFO,F25,12,50169.4386015214
MFO,F25,13,45754.27853328272
MFO,F25,14,20767.063846667268
MFO,F25,15,36712.062818609564
MFO,F25,16,32722.724925775947
MFO,F25,17,55694.19735111525
MFO,F25,18,66844.43434939702
MFO,F25,19,50189.472117894875
MFO,F25,20,43538.69291371291
MFO,F25,21,57711.48606646524
MFO,F25,22,65118.85496751875
MFO,F25,23,59829.95182817915
MFO,F25,24,38186.17207538543
MFO,F25,25,63897.20554299523
MFO,F25,26,34056.474062783804
MFO,F25,27,17048.746484959003
MFO,F25,28,43938.77923475242
MFO,F25,29,65242.87353454263
MFO,F25,30,53204.33743803403
MFO,F26,1,17343.88527858464
MFO,F26,2,16062.069150518984
MFO,F26,3,12644.627690800224
MFO,F26,4,15793.328441361158
MFO,F26,5,13139.965229093517
MFO,F26,6,13182.295376737267
MFO,F26,7,13189.348498695785
MFO,F26,8,10506.320957806676
MFO,F26,9,16197.311311473211
MFO,F26,10,16565.60460557284
MFO,F26,11,15018.974146278233
MFO,F26,12,12176.293815383055
MFO,F26,13,12898.291289566128
MFO,F26,14,12544.966402957169
MFO,F26,15,12579.786117962505
MFO,F26,16,16285.757643167315
MFO,F26,17,12701.583832195007
MFO,F26,18,13533.900129054924
MFO,F26,19,13046.339536700296
MFO,F26,20,15106.150755258801
MFO,F26,21,12131.001354773145
MFO,F26,22,15375.477873739617
MFO,F26,23,14730.411729152767
MFO,F26,24,15555.65452929798
MFO,F26,25,16192.068456858065
MFO,F26,26,13479.82816293499
MFO,F26,27,16763.705600012836
MFO,F26,28,16282.265043093726
MFO,F26,29,14284.049985473075
MFO,F26,30,13105.363710422316
MFO,F27,1,4953.647767898727
MFO,F27,2,4460.22939566224
MFO,F27,3,4822.280389911964
MFO,F27,4,4286.769359915797
MFO,F27,5,3972.5662908128816
MFO,F27,6,4747.51182564091
MFO,F27,7,3982.4713095264106
MFO,F27,8,5012.858701038992
MFO,F27,9,4499.810817341744
MFO,F27,10,4341.151828296226
MFO,F27,11,4199.797846077038
MFO,F27,12,5158.582097937678
MFO,F27,13,4616.3073558596825
MFO,F27,14,4259.2006332415785
MFO,F27,15,4025.5929983984743
MFO,F27,16,4358.848147125438
MFO,F27,17,4147.202746456669
MFO,F27,18,5372.142199039641
MFO,F27,19,5584.881437666931
MFO,F27,20,5036.344522694613
MFO,F27,21,4126.255231713457
MFO,F27,22,3980.9301464843747
MFO,F27,23,5106.312569146263
MFO,F27,24,4441.5510310699265
MFO,F27,25,4425.912861916294
MFO,F27,26,5265.955215464037
MFO,F27,27,4435.313569712718
MFO,F27,28,4857.78026622701
MFO,F27,29,4485.158497205039
MFO,F27,30,4087.715063082989
MFO,F28,1,11132.553949044219
MFO,F28,2,11523.773678556952
MFO,F28,3,16708.979992717002
MFO,F28,4,12714.34076100346
MFO,F28,5,12827.360477980257
MFO,F28,6,13992.656985096812
MFO,F28,7,14575.396212569713
MFO,F28,8,14120.8470976125
MFO,F28,9,16535.40258383615
MFO,F28,10,10673.827338496923
MFO,F28,11,11113.252300023254
MFO,F28,12,14268.435963839756
MFO,F28,13,15321.2277960026
MFO,F28,14,14412.861840294572
MFO,F28,15,11123.152812368704
MFO,F28,16,12331.91822831835
MFO,F28,17,11795.154746883356
MFO,F28,18,14452.093254160127
MFO,F28,19,13081.732273064228
MFO,F28,20,10497.240454507963
MFO,F28,21,18043.105798439952
MFO,F28,22,11720.47605496645
MFO,F28,23,12477.057753742834
MFO,F28,24,15772.127931583802
MFO,F28,25,11515.822503002088
MFO,F28,26,14609.65925810858
MFO,F28,27,13679.275110180091
MFO,F28,28,11049.079191775407
MFO,F28,29,12926.321298383102
MFO,F28,30,10059.703028261156
MFO,F29,1,7520.363849057165
MFO,F29,2,12373.65438953658
MFO,F29,3,8450.835573236127
MFO,F29,4,34022.09975215484
MFO,F29,5,18532.265023380896
MFO,F29,6,26310.96343396356
MFO,F29,7,24881.52359980168
MFO,F29,8,130489.33752070522
MFO,F29,9,21031.193672093592
MFO,F29,10,19110.658649998346
MFO,F29,11,67959.42601103065
MFO,F29,12,15439.598838504942
MFO,F29,13,7954.209424420274
MFO,F29,14,9782.140007633356
MFO,F29,15,19480.210254545273
MFO,F29,16,7416.224159405843
MFO,F29,17,9702.90495781158
MFO,F29,18,40231.97108963583
MFO,F29,19,68545.24065900207
MFO,F29,20,11918.559948296968
MFO,F29,21,58324.922911666035
MFO,F29,22,18489.858533267576
MFO,F29,23,18328.69103416943
MFO,F29,24,43465.84951265525
MFO,F29,25,11373.021919831026
MFO,F29,26,28998.956309474015
MFO,F29,27,10966.374660657499
MFO,F29,28,17705.24932578514
MFO,F29,29,13432.535861509834
MFO,F29,30,7908.939270742061
MFO,F30,1,404516088.344363
MFO,F30,2,2731372968.4303594
MFO,F30,3,6048146457.959672
MFO,F30,4,2658773696.4887667
MFO,F30,5,3650789440.6060123
MFO,F30,6,2212781578.0814843
MFO,F30,7,4850558907.773427
MFO,F30,8,8116121868.137212
MFO,F30,9,8424429797.976322
MFO,F30,10,85369522.14938855
MFO,F30,11,3644598574.3548713
MFO,F30,12,2432635136.362593
MFO,F30,13,2398576734.017348
MFO,F30,14,754505313.4047563
MFO,F30,15,1015439130.0200084
MFO,F30,16,3148647304.596482
MFO,F30,17,899407711.8418478
MFO,F30,18,546258770.9570813
MFO,F30,19,12491751131.482325
MFO,F30,20,13747916585.091326
MFO,F30,21,2614925415.050255
MFO,F30,22,3474155443.256979
MFO,F30,23,2974336120.696589
MFO,F30,24,12912022816.175297
MFO,F30,25,1924339618.39579
MFO,F30,26,2522671764.8645067
MFO,F30,27,6432023038.667006
MFO,F30,28,1237691613.595639
MFO,F30,29,6159671300.763468
MFO,F30,30,3246362705.1144934
SSA,F1,1,8254663323.336969
SSA,F1,2,23236100005.955395
SSA,F1,3,9089428647.706186
SSA,F1,4,11355164929.450018
SSA,F1,5,14780203031.222075
SSA,F1,6,11801997731.610493
SSA,F1,7,16985174939.452072
SSA,F1,8,16591251422.319523
SSA,F1,9,27166663174.815327
SSA,F1,10,25812953323.920807
SSA,F1,11,9700347107.943155
SSA,F1,12,13436380216.834023
SSA,F1,13,16700606729.400846
SSA,F1,14,11980094952.652985
SSA,F1,15,19699670797.85658
SSA,F1,16,11008622380.886848
SSA,F1,17,14294336112.084402
SSA,F1,18,14752961552.62275
SSA,F1,19,14144311688.855938
SSA,F1,20,17144708177.770683
SSA,F1,21,10945566745.633446
SSA,F1,22,22378436940.51282
SSA,F1,23,12325951114.235954
SSA,F1,24,18108251471.896275
SSA,F1,25,14825849754.380623
SSA,F1,26,14522844072.279484
SSA,F1,27,17206998116.597797
SSA,F1,28,13615838638.655985
SSA,F1,29,13582956361.63488
SSA,F1,30,11940913354.958733
SSA,F3,1,124928.9903638002
SSA,F3,2,144662.6578109865
SSA,F3,3,141770.59325301865
SSA,F3,4,163415.06783580358
SSA,F3,5,186032.22636700288
SSA,F3,6,162985.6082717034
SSA,F3,7,153701.7210185252
SSA,F3,8,118844.58813865666
SSA,F3,9,127661.79623920665
SSA,F3,10,149510.59334351268
SSA,F3,11,152852.44455070354
SSA,F3,12,128156.60923945323
SSA,F3,13,187203.27880661283
SSA,F3,14,147012.55274454103
SSA,F3,15,147171.9664532017
SSA,F3,16,158459.71951474654
SSA,F3,17,127794.59133369697
SSA,F3,18,134051.0938150909
SSA,F3,19,159177.16094994152
SSA,F3,20,112275.86759218246
SSA,F3,21,120353.61262341411
SSA,F3,22,105600.94258427627
SSA,F3,23,201829.29532507274
SSA,F3,24,157834.8863580776
SSA,F3,25,167874.69516816342
SSA,F3,26,149163.576773878
SSA,F3,27,177151.84930427253
SSA,F3,28,118546.55211450881
SSA,F3,29,109123.5336829864
SSA,F3,30,142597.4125229206
SSA,F4,1,2586.9035218803447
SSA,F4,2,5720.673689915447
SSA,F4,3,2298.565741169644
SSA,F4,4,4143.247812194057
SSA,F4,5,2422.378106690243
SSA,F4,6,1367.207757957311
SSA,F4,7,1381.3719337759462
SSA,F4,8,1459.5284064530374
SSA,F4,9,3192.8146884266957
SSA,F4,10,3262.5445111335102
SSA,F4,11,3053.3248048115806
SSA,F4,12,3872.4008514884295
SSA,F4,13,4138.438551642459
SSA,F4,14,2598.571487523729
SSA,F4,15,3632.223737583622
SSA,F4,16,1660.2697355745804
SSA,F4,17,2400.0168248725627
SSA,F4,18,3006.5552744177594
SSA,F4,19,2691.0711469126622
SSA,F4,20,2226.196851358764
SSA,F4,21,1745.6116480670255
SSA,F4,22,1743.4206472830995
SSA,F4,23,2328.786574074448
SSA,F4,24,4003.194954952201
SSA,F4,25,3139.1438623264303
SSA,F4,26,2542.9340349395957
SSA,F4,27,1665.9873427781868
SSA,F4,28,2890.530475154186
SSA,F4,29,3306.0839325998127
SSA,F4,30,2575.0185774425613
SSA,F5,1,943.349314699632
SSA,F5,2,976.8014182670764
SSA,F5,3,958.563187195312
SSA,F5,4,887.8040735231864
SSA,F5,5,857.7876732945871
SSA,F5,6,872.7428413832972
SSA,F5,7,941.4832731932757
SSA,F5,8,972.9598416702306
SSA,F5,9,1039.9206494473165
SSA,F5,10,1035.705928056841
SSA,F5,11,968.2332688729257
SSA,F5,12,976.3820274958857
SSA,F5,13,932.818577479895
SSA,F5,14,912.1028872842267
SSA,F5,15,1003.0577308533603
SSA,F5,16,969.5089950519888
SSA,F5,17,926.9994055184444
SSA,F5,18,980.8941407284832
SSA,F5,19,851.1882456578271
SSA,F5,20,978.8119027943121
SSA,F5,21,900.3486777896113
SSA,F5,22,975.9046933958169
SSA,F5,23,955.0468138656144
SSA,F5,24,937.3712494257129
SSA,F5,25,950.4872195534211
SSA,F5,26,1049.9244739188237
SSA,F5,27,945.4679798719594
SSA,F5,28,865.3833698432668
SSA,F5,29,893.7264970007333
SSA,F5,30,935.9978412880986
SSA,F6,1,663.5432078132035
SSA,F6,2,661.4122023658917
SSA,F6,3,655.6363283124099
SSA,F6,4,667.3661408530156
SSA,F6,5,682.3538794291642
SSA,F6,6,682.6111834582215
SSA,F6,7,681.8450321276123
SSA,F6,8,671.9920448245896
SSA,F6,9,677.8340106264363
SSA,F6,10,675.9246911451964
SSA,F6,11,674.2339510506414
SSA,F6,12,672.1012913507623
SSA,F6,13,675.1111170540878
SSA,F6,14,681.8714024047267
SSA,F6,15,675.6141562027556
SSA,F6,16,666.0847739952546
SSA,F6,17,680.2630395853319
SSA,F6,18,671.285390449851
SSA,F6,19,669.707922080983
SSA,F6,20,673.2602640138674
SSA,F6,21,685.6495121141918
SSA,F6,22,686.5362062975555
SSA,F6,23,671.1327920520762
SSA,F6,24,681.7613363082352
SSA,F6,25,669.7226254669255
SSA,F6,26,667.7844256386223
SSA,F6,27,655.0564561709242
SSA,F6,28,678.1867246196001
SSA,F6,29,679.3402495437948
SSA,F6,30,674.2679434324577
SSA,F7,1,1464.549485920247
SSA,F7,2,1458.5130515354597
SSA,F7,3,1775.833321320497
SSA,F7,4,1434.5327286483148
SSA,F7,5,1706.7529051260094
SSA,F7,6,1645.820290212857
SSA,F7,7,1816.5810197306275
SSA,F7,8,1493.388287951875
SSA,F7,9,1762.9623182959708
SSA,F7,10,2010.2922637200747
SSA,F7,11,1650.958807615826
SSA,F7,12,1615.9532036737462
SSA,F7,13,1767.966322670525
SSA,F7,14,1950.1194630595157
SSA,F7,15,2046.0032123510152
SSA,F7,16,1776.6325717939076
SSA,F7,17,1934.2153264186804
SSA,F7,18,1783.7917693603692
SSA,F7,19,2081.1466641406523
SSA,F7,20,1635.5299087602732
SSA,F7,21,1725.3123200263008
SSA,F7,22,1525.6099920822219
SSA,F7,23,1876.841028285884
SSA,F7,24,1684.8819738141756
SSA,F7,25,1479.732091252838
SSA,F7,26,1647.5242103896844
SSA,F7,27,1608.4331799243982
SSA,F7,28,1922.1480273080836
SSA,F7,29,2041.645655826187
SSA,F7,30,1809.857175060336
SSA,F8,1,1265.8447060474186
SSA,F8,2,1286.8258560619029
SSA,F8,3,1238.6900927713377
SSA,F8,4,1285.3831527405366
SSA,F8,5,1279.8809274261312
SSA,F8,6,1246.0264659644731
SSA,F8,7,1270.9950612013035
SSA,F8,8,1291.1368925521347
SSA,F8,9,1315.343692743541
SSA,F8,10,1273.6304441460593
SSA,F8,11,1336.0549929404326
SSA,F8,12,1259.698005496751
SSA,F8,13,1245.2064118364285
SSA,F8,14,1336.2175505792288
SSA,F8,15,1227.3759653388206
SSA,F8,16,1267.3511654197155
SSA,F8,17,1376.6720253608705
SSA,F8,18,1261.184824564795
SSA,F8,19,1185.5178339151637
SSA,F8,20,1300.1902230172252
SSA,F8,21,1332.8193470834854
SSA,F8,22,1235.8552858224755
SSA,F8,23,1371.1161323269525
SSA,F8,24,1321.416406657147
SSA,F8,25,1235.0005363159762
SSA,F8,26,1244.3846927541206
SSA,F8,27,1169.960556133913
SSA,F8,28,1261.2564367645643
SSA,F8,29,1156.178995749934
SSA,F8,30,1183.217735492334
SSA,F9,1,11342.766292951148
SSA,F9,2,21011.49978259256
SSA,F9,3,21918.347636398303
SSA,F9,4,14888.805642497038
SSA,F9,5,15404.794482169735
SSA,F9,6,20749.60471384394
SSA,F9,7,15358.721268381953
SSA,F9,8,17786.61454522943
SSA,F9,9,17178.936442402322
SSA,F9,10,21964.26451357665
SSA,F9,11,22121.03555730731
SSA,F9,12,17319.163454734786
SSA,F9,13,21169.203287404103
SSA,F9,14,17896.186225073416
SSA,F9,15,26010.873387564057
SSA,F9,16,15726.488673958029
SSA,F9,17,20342.86565272011
SSA,F9,18,23340.447281200853
SSA,F9,19,19927.72192219416
SSA,F9,20,16300.611190660862
SSA,F9,21,18170.439751675738
SSA,F9,22,18578.168708918332
SSA,F9,23,18067.0151750322
SSA,F9,24,23424.574801196988
SSA,F9,25,21329.98461249853
SSA,F9,26,26271.254547070155
SSA,F9,27,21045.01559244702
SSA,F9,28,20138.249327976213
SSA,F9,29,18605.792481101624
SSA,F9,30,24923.771758199957
SSA,F10,1,9927.774684638573
SSA,F10,2,9025.634054892573
SSA,F10,3,10858.176222563221
SSA,F10,4,11556.160513301287
SSA,F10,5,10465.919224842606
SSA,F10,6,9963.475814679401
SSA,F10,7,9651.90249020922
SSA,F10,8,11965.684979145013
SSA,F10,9,9415.008273971715
SSA,F10,10,10590.781617236185
SSA,F10,11,9665.591635484425
SSA,F10,12,9801.495666970266
SSA,F10,13,11096.473862718049
SSA,F10,14,8349.88824813106
SSA,F10,15,7832.026109661552
SSA,F10,16,8007.948297439238
SSA,F10,17,9501.51292825337
SSA,F10,18,11510.906469541169
SSA,F10,19,8780.112679541735
SSA,F10,20,9124.939705741877
SSA,F10,21,10607.362276770542
SSA,F10,22,10863.03510199927
SSA,F10,23,10266.250696965792
SSA,F10,24,10864.913025898022
SSA,F10,25,10964.521310986687
SSA,F10,26,11326.893262045547
SSA,F10,27,10163.62833452487
SSA,F10,28,9917.538548419085
SSA,F10,29,11453.19994937629
SSA,F10,30,11114.618575574606
SSA,F11,1,8427.104050976875
SSA,F11,2,5672.932099787505
SSA,F11,3,8739.019826867596
SSA,F11,4,5314.0810010142995
SSA,F11,5,8783.213043255808
SSA,F11,6,5928.893404374755
SSA,F11,7,8985.900849677877
SSA,F11,8,4830.885111608381
SSA,F11,9,7347.657216749949
SSA,F11,10,4158.120731903794
SSA,F11,11,8211.096135648444
SSA,F11,12,8181.218600915287
SSA,F11,13,9984.951909737958
SSA,F11,14,7755.680337430175
SSA,F11,15,4935.85463020844
SSA,F11,16,6383.642864151294
SSA,F11,17,12989.819378197973
SSA,F11,18,6966.879865844133
SSA,F11,19,5554.011186946688
SSA,F11,20,7455.165692272421
SSA,F11,21,5756.137894061792
SSA,F11,22,6861.566575502805
SSA,F11,23,11055.494608626272
SSA,F11,24,3496.0605140308594
SSA,F11,25,10614.066884188731
SSA,F11,26,4355.627910108894
SSA,F11,27,6692.888379993396
SSA,F11,28,6329.930446503406
SSA,F11,29,6696.368480398831
SSA,F11,30,10169.898893661068
SSA,F12,1,711794999.0160195
SSA,F12,2,1020366864.7028717
SSA,F12,3,685938440.7545813
SSA,F12,4,967301493.3719441
SSA,F12,5,411677468.45666254
SSA,F12,6,210451280.63053575
SSA,F12,7,1287330020.3445816
SSA,F12,8,1331938513.635404
SSA,F12,9,762917206.5040766
SSA,F12,10,575856399.5399657
SSA,F12,11,447664948.9951365
SSA,F12,12,281882731.2901648
SSA,F12,13,1097821744.8499138
SSA,F12,14,436017004.6818695
SSA,F12,15,972254807.0771892
SSA,F12,16,925644328.0302193
SSA,F12,17,301213081.9059633
SSA,F12,18,1608793989.1636755
SSA,F12,19,311388823.5863098
SSA,F12,20,750175167.518909
SSA,F12,21,515555553.51880455
SSA,F12,22,796132230.9666929
SSA,F12,23,974367210.7723765
SSA,F12,24,832687595.6646558
SSA,F12,25,463189298.8118153
SSA,F12,26,897073712.3974143
SSA,F12,27,1001929708.9213055
SSA,F12,28,2116297010.248674
SSA,F12,29,280952280.7818188
SSA,F12,30,970769986.4717221
SSA,F13,1,2227229.7276396854
SSA,F13,2,88016.63008788583
SSA,F13,3,1253260.3911460487
SSA,F13,4,97151.3712282132
SSA,F13,5,225792.20151694978
SSA,F13,6,2803400.5459493557
SSA,F13,7,184383.229105544
SSA,F13,8,98953.28734534307
SSA,F13,9,16840367.434634257
SSA,F13,10,2734390.473986461
SSA,F13,11,222439.4169838567
SSA,F13,12,502780.4799570206
SSA,F13,13,219741.89296855612
SSA,F13,14,802078.7466378089
SSA,F13,15,7779052.500805106
SSA,F13,16,98065.99924017476
SSA,F13,17,88853.19626997632
SSA,F13,18,1471287.2979056635
SSA,F13,19,172369.0629388946
SSA,F13,20,6676761.4157266235
SSA,F13,21,1589035.1440735988
SSA,F13,22,3391248.3721683444
SSA,F13,23,851748.0435717404
SSA,F13,24,228154.95624891718
SSA,F13,25,219538.700950211
SSA,F13,26,893510.2251168833
SSA,F13,27,411456.72579783585
SSA,F13,28,496184.47911502403
SSA,F13,29,244935.23592155043
SSA,F13,30,1397235.2703424941
SSA,F14,1,1004589.5896374643
SSA,F14,2,2133715.3675599457
SSA,F14,3,4854658.9574216325
SSA,F14,4,809764.8532506127
SSA,F14,5,281603.9231784452
SSA,F14,6,4296085.60269755
SSA,F14,7,4548774.733029661
SSA,F14,8,1668196.8011390101
SSA,F14,9,2124989.118009096
SSA,F14,10,1692521.912780127
SSA,F14,11,184610.12611053904
SSA,F14,12,217123.1947538831
SSA,F14,13,245569.0890463421
SSA,F14,14,197647.43615713323
SSA,F14,15,3220997.566022826
SSA,F14,16,2104382.142345777
SSA,F14,17,465724.7517555745
SSA,F14,18,1975518.3975785268
SSA,F14,19,1725634.1050341483
SSA,F14,20,1739821.1230117045
SSA,F14,21,2006593.8176116424
SSA,F14,22,1387410.9307795956
SSA,F14,23,586379.2151519427
SSA,F14,24,2391076.978138466
SSA,F14,25,332799.62648162676
SSA,F14,26,567378.236292982
SSA,F14,27,2378976.928626474
SSA,F14,28,1020273.1140301918
SSA,F14,29,2173745.3509881184
SSA,F14,30,2169439.930676586
SSA,F15,1,48352.611190776624
SSA,F15,2,10700.030310720242
SSA,F15,3,53436.70666868347
SSA,F15,4,9045.182837321594
SSA,F15,5,66228.45851429859
SSA,F15,6,38752.820802581045
SSA,F15,7,17231.576895943617
SSA,F15,8,35920.27588592609
SSA,F15,9,36526.661094163755
SSA,F15,10,25049.43962091517
SSA,F15,11,11288.439159721229
SSA,F15,12,36271.415150443725
SSA,F15,13,42670.89082267767
SSA,F15,14,25934.763312823165
SSA,F15,15,70789.37448935233
SSA,F15,16,7449.635137348825
SSA,F15,17,34900.37791740953
SSA,F15,18,84444.45698142736
SSA,F15,19,101622.29353496569
SSA,F15,20,21730.96178526301
SSA,F15,21,93346.47007681592
SSA,F15,22,46317.356430450374
SSA,F15,23,25865.789344945304
SSA,F15,24,14337.57123188252
SSA,F15,25,13451.570794942038
SSA,F15,26,9836.786254684775
SSA,F15,27,28101.046962306038
SSA,F15,28,18159.784084451345
SSA,F15,29,56295.99160592443
SSA,F15,30,50392.821199538186
SSA,F16,1,4696.147110140979
SSA,F16,2,5192.762546650557
SSA,F16,3,5538.3598945161975
SSA,F16,4,3970.648195020013
SSA,F16,5,3995.0748070020163
SSA,F16,6,4277.355002813261
SSA,F16,7,5189.4423780782145
SSA,F16,8,4460.613397031063
SSA,F16,9,5211.05807497094
SSA,F16,10,3905.0031781584125
SSA,F16,11,4575.358509515897
SSA,F16,12,3433.763283908345
SSA,F16,13,4899.448627405136
SSA,F16,14,4043.090120030119
SSA,F16,15,4313.355366984066
SSA,F16,16,4969.042388135165
SSA,F16,17,4978.481924556423
SSA,F16,18,4005.3563159865753
SSA,F16,19,5003.1185972387275
SSA,F16,20,5360.469523917067
SSA,F16,21,4810.898030568256
SSA,F16,22,5246.207919778312
SSA,F16,23,4854.524605604787
SSA,F16,24,4169.027103064872
SSA,F16,25,4342.716537411107
SSA,F16,26,4833.350223906397
SSA,F16,27,4246.866459089213
SSA,F16,28,5072.127741686192
SSA,F16,29,3277.5351632228208
SSA,F16,30,4676.1861423179225
SSA,F17,1,3780.955373708629
SSA,F17,2,3577.3364569909895
SSA,F17,3,3910.605553161585
SSA,F17,4,3183.210073984059
SSA,F17,5,3105.009997999347
SSA,F17,6,4032.820287811676
SSA,F17,7,4002.588204916976
SSA,F17,8,3420.137908774976
SSA,F17,9,4174.944689063314
SSA,F17,10,3445.5788442109283
SSA,F17,11,3970.0750889092697
SSA,F17,12,4078.373707726209
SSA,F17,13,4060.1042886509563
SSA,F17,14,3936.195486035329
SSA,F17,15,3047.152584676503
SSA,F17,16,3326.7396592633295
SSA,F17,17,3451.845950470941
SSA,F17,18,4215.248284882491
SSA,F17,19,3879.06642089665
SSA,F17,20,3375.0561612885617
SSA,F17,21,3625.316076495081
SSA,F17,22,3281.1192924954207
SSA,F17,23,3909.3171817177144
SSA,F17,24,3472.7007155352717
SSA,F17,25,3594.742615077451
SSA,F17,26,3278.0698752031144
SSA,F17,27,3288.7939523816995
SSA,F17,28,3907.582910076847
SSA,F17,29,3382.3999661229564
SSA,F17,30,4367.758783997671
SSA,F18,1,25138619.21858767
SSA,F18,2,15002094.443742918
SSA,F18,3,36782832.298257984
SSA,F18,4,21823662.402823735
SSA,F18,5,30056371.57988211
SSA,F18,6,29365722.12020438
SSA,F18,7,13461887.634245222
SSA,F18,8,5224916.905071057
SSA,F18,9,10635475.741518637
SSA,F18,10,6821817.113670531
SSA,F18,11,8705323.467637243
SSA,F18,12,7926938.5478419475
SSA,F18,13,13953735.909236994
SSA,F18,14,10968024.652651904
SSA,F18,15,11592739.486695727
SSA,F18,16,26121388.211465545
SSA,F18,17,5634669.444570542
SSA,F18,18,11994327.062298162
SSA,F18,19,18343681.574095845
SSA,F18,20,20434956.56754664
SSA,F18,21,32365951.733360443
SSA,F18,22,22664185.83548774
SSA,F18,23,24701745.682188626
SSA,F18,24,20165057.781949274
SSA,F18,25,14002455.125822073
SSA,F18,26,7410957.088482317
SSA,F18,27,18696672.183351394
SSA,F18,28,15466662.945835112
SSA,F18,29,12299023.848651413
SSA,F18,30,18340976.441045236
SSA,F19,1,54125518.82317853
SSA,F19,2,2848015.2872589473
SSA,F19,3,408933.6686627249
SSA,F19,4,41391609.16057648
SSA,F19,5,431214.0239210755
SSA,F19,6,1375723.5741421506
SSA,F19,7,3563900.8389159595
SSA,F19,8,4547339.003808146
SSA,F19,9,21733385.306125198
SSA,F19,10,148361.9756340405
SSA,F19,11,7187224.557109962
SSA,F19,12,822633.1032247844
SSA,F19,13,6120366.685418305
SSA,F19,14,34403562.52771311
SSA,F19,15,5835404.591538526
SSA,F19,16,1002551.9748725297
SSA,F19,17,5148916.625572127
SSA,F19,18,3794763.0795707307
SSA,F19,19,9323255.701110931
SSA,F19,20,53246.08971129557
SSA,F19,21,296820.66543598863
SSA,F19,22,675689.8640132775
SSA,F19,23,5382950.380548348
SSA,F19,24,10343688.58431192
SSA,F19,25,1134026.5286271048
SSA,F19,26,7519845.4954970395
SSA,F19,27,3813268.9981587785
SSA,F19,28,1498049.4378751381
SSA,F19,29,15209023.156894661
SSA,F19,30,46641889.08298548
SSA,F20,1,3866.1018390397544
SSA,F20,2,3487.1371903332647
SSA,F20,3,3340.232830259373
SSA,F20,4,3398.3900909058952
SSA,F20,5,2819.9034913827554
SSA,F20,6,3195.334744482111
SSA,F20,7,3028.282934500431
SSA,F20,8,3220.4042530036663
SSA,F20,9,3482.4184519643477
SSA,F20,10,3217.0793125100945
SSA,F20,11,3229.223753092278
SSA,F20,12,3295.5577412221264
SSA,F20,13,3767.5219251570234
SSA,F20,14,2946.0665736390397
SSA,F20,15,3889.721210292796
SSA,F20,16,3550.1741371280436
SSA,F20,17,3150.9784576532056
SSA,F20,18,3584.8531837568826
SSA,F20,19,3652.3262103184725
SSA,F20,20,3514.870383680809
SSA,F20,21,3979.3472975256773
SSA,F20,22,3754.2588417907696
SSA,F20,23,3402.322092615214
SSA,F20,24,3395.205523076427
SSA,F20,25,2980.5502375818414
SSA,F20,26,3396.538222541668
SSA,F20,27,3074.6063301188733
SSA,F20,28,2990.0498338907832
SSA,F20,29,3348.875199056342
SSA,F20,30,3079.409277043019
SSA,F21,1,2795.4939801229875
SSA,F21,2,2824.0100524798213
SSA,F21,3,2755.60054211539
SSA,F21,4,2817.1394964649353
SSA,F21,5,2726.0221051191115
SSA,F21,6,2869.7532084575487
SSA,F21,7,2751.499914593384
SSA,F21,8,2693.3765639887733
SSA,F21,9,2761.482688493087
SSA,F21,10,2795.5334983743874
SSA,F21,11,2694.677937939128
SSA,F21,12,2790.21544913238
SSA,F21,13,2866.1121326594402
SSA,F21,14,2856.447191614595
SSA,F21,15,2751.147550277329
SSA,F21,16,2759.643283065659
SSA,F21,17,2678.159756784853
SSA,F21,18,2699.8952238434354
SSA,F21,19,2769.7275176690246
SSA,F21,20,2716.8250960340542
SSA,F21,21,2792.639556076705
SSA,F21,22,2846.811167991638
SSA,F21,23,2583.217808592483
SSA,F21,24,2756.9981388913707
SSA,F21,25,2679.996764253153
SSA,F21,26,2831.622657594582
SSA,F21,27,2631.0763886417044
SSA,F21,28,2828.3753514101713
SSA,F21,29,2721.334798690049
SSA,F21,30,2831.4103667537365
SSA,F22,1,11859.606869995214
SSA,F22,2,14621.946651753267
SSA,F22,3,14159.967737019095
SSA,F22,4,13073.165697919121
SSA,F22,5,13106.04237503119
SSA,F22,6,12085.34548557663
SSA,F22,7,12665.727807227657
SSA,F22,8,11899.640299306971
SSA,F22,9,13388.972229223953
SSA,F22,10,3808.7442608351757
SSA,F22,11,13231.26385002552
SSA,F22,12,12016.401516832488
SSA,F22,13,14781.05275248332
SSA,F22,14,11149.07164851394
SSA,F22,15,12507.042342798188
SSA,F22,16,12489.614040863904
SSA,F22,17,12868.888259868385
SSA,F22,18,11727.23462859915
SSA,F22,19,13534.421983510623
SSA,F22,20,11817.351766188853
SSA,F22,21,11358.63461012068
SSA,F22,22,13096.631235672123
SSA,F22,23,13490.413542438242
SSA,F22,24,13287.866191570592
SSA,F22,25,14635.424307858606
SSA,F22,26,12243.676874016723
SSA,F22,27,11778.991621464476
SSA,F22,28,11994.706756297277
SSA,F22,29,13166.332168316903
SSA,F22,30,12827.944311041992
SSA,F23,1,3354.393512764524
SSA,F23,2,3702.6337557586926
SSA,F23,3,3320.441713281061
SSA,F23,4,3377.9741606248235
SSA,F23,5,3294.4065649827917
SSA,F23,6,3516.179595329929
SSA,F23,7,3556.5537872383757
SSA,F23,8,3395.642074404659
SSA,F23,9,3212.8577442809697
SSA,F23,10,3250.809240001524
SSA,F23,11,3577.693244077137
SSA,F23,12,3408.727661691884
SSA,F23,13,3448.340487786646
SSA,F23,14,3415.296109761119
SSA,F23,15,3448.18758774505
SSA,F23,16,3420.6211087383736
SSA,F23,17,3413.4443744897967
SSA,F23,18,3448.8839171141653
SSA,F23,19,3364.0169483447025
SSA,F23,20,3385.827963123225
SSA,F23,21,3317.9795227104505
SSA,F23,22,3432.1188378427596
SSA,F23,23,3395.0642772016627
SSA,F23,24,3409.442840121566
SSA,F23,25,3179.707713695993
SSA,F23,26,3427.255116461265
SSA,F23,27,3315.2066336398425
SSA,F23,28,3433.3037119517276
SSA,F23,29,3369.2389603672154
SSA,F23,30,3234.028320355683
SSA,F24,1,3530.468366475386
SSA,F24,2,3783.1905386985054
SSA,F24,3,3570.2753007523834
SSA,F24,4,3481.8334483119497
SSA,F24,5,3343.4029474351382
SSA,F24,6,3476.5358482595248
SSA,F24,7,3424.7106470165854
SSA,F24,8,3399.8874410179883
SSA,F24,9,3577.7020156308613
SSA,F24,10,3715.449725304552
SSA,F24,11,3416.7354469028287
SSA,F24,12,3335.181390027291
SSA,F24,13,3489.149644737052
SSA,F24,14,3677.1098612794717
SSA,F24,15,3508.3865957166763
SSA,F24,16,3513.750942264016
SSA,F24,17,3513.0219637249675
SSA,F24,18,3509.2492051898553
SSA,F24,19,3715.9743129728527
SSA,F24,20,3412.1177338630096
SSA,F24,21,3328.7153589540176
SSA,F24,22,3529.4870973857082
SSA,F24,23,3519.347571253878
SSA,F24,24,3349.3079072073488
SSA,F24,25,3356.1599753137903
SSA,F24,26,3300.7344452450416
SSA,F24,27,3690.143889014402
SSA,F24,28,3446.975779726753
SSA,F24,29,3642.3320882256676
SSA,F24,30,3434.7477580707973
SSA,F25,1,4529.750768532414
SSA,F25,2,3855.8571895761884
SSA,F25,3,4505.917026701582
SSA,F25,4,4013.1477231429653
SSA,F25,5,4358.580515155025
SSA,F25,6,4601.144649880395
SSA,F25,7,4773.872685369917
SSA,F25,8,4513.778649768112
SSA,F25,9,5144.1047149563365
SSA,F25,10,4068.1074209528415
SSA,F25,11,4634.1441648172895
SSA,F25,12,4933.454601857635
SSA,F25,13,4254.075317286911
SSA,F25,14,4494.048187270584
SSA,F25,15,4781.025643237808
SSA,F25,16,4312.88726427003
SSA,F25,17,5306.482923290443
SSA,F25,18,4254.578734546739
SSA,F25,19,4956.824103638726
SSA,F25,20,5201.482166927801
SSA,F25,21,5293.279044402361
SSA,F25,22,4379.867637816866
SSA,F25,23,6554.818213775353
SSA,F25,24,4485.567941030342
SSA,F25,25,5450.875720809698
SSA,F25,26,4528.800166642301
SSA,F25,27,5473.382953688682
SSA,F25,28,4257.630145276358
SSA,F25,29,5300.976253913579
SSA,F25,30,4951.1231617203075
SSA,F26,1,13652.762968691884
SSA,F26,2,13591.60283072626
SSA,F26,3,8713.142483513238
SSA,F26,4,6825.162360295695
SSA,F26,5,12537.957290618479
SSA,F26,6,14893.524774546157
SSA,F26,7,10568.876372535615
SSA,F26,8,12966.726885353008
SSA,F26,9,12269.64843553802
SSA,F26,10,7821.831316215313
SSA,F26,11,9331.706389442092
SSA,F26,12,9233.996127084702
SSA,F26,13,5367.29319408189
SSA,F26,14,13558.462374709768
SSA,F26,15,6559.022545023531
SSA,F26,16,12180.682591565788
SSA,F26,17,11506.04414172431
SSA,F26,18,11455.035634057756
SSA,F26,19,11698.389433088128
SSA,F26,20,8791.303190640247
SSA,F26,21,12266.168267941532
SSA,F26,22,11204.793137710083
SSA,F26,23,7093.075028603533
SSA,F26,24,14057.821700379878
SSA,F26,25,6990.414007780933
SSA,F26,26,12067.702427116687
SSA,F26,27,12392.819500560625
SSA,F26,28,12775.036559637232
SSA,F26,29,9482.923693597199
SSA,F26,30,8977.327023465657
SSA,F27,1,4184.2602369717515
SSA,F27,2,4259.156713199831
SSA,F27,3,4194.215278593079
SSA,F27,4,4181.247284418439
SSA,F27,5,4210.74731062677
SSA,F27,6,4331.723318487511
SSA,F27,7,4786.162154772854
SSA,F27,8,4474.3433989236355
SSA,F27,9,3893.6555904112774
SSA,F27,10,4119.582218198106
SSA,F27,11,4074.757927288413
SSA,F27,12,3986.5231256177876
SSA,F27,13,3818.218919701435
SSA,F27,14,4321.8950677398625
SSA,F27,15,3942.3426070344667
SSA,F27,16,4077.766177884403
SSA,F27,17,4973.355590020756
SSA,F27,18,4750.35658178737
SSA,F27,19,4392.487927935415
SSA,F27,20,4039.6389916445733
SSA,F27,21,4494.157436106944
SSA,F27,22,3905.4454046620385
SSA,F27,23,4418.063822651615
SSA,F27,24,4162.0803318090175
SSA,F27,25,5738.672663392987
SSA,F27,26,4281.361236972106
SSA,F27,27,4098.977673578693
SSA,F27,28,4815.786361110027
SSA,F27,29,4115.37608612364
SSA,F27,30,4270.344788014443
SSA,F28,1,5632.54142820029
SSA,F28,2,4942.9611373322405
SSA,F28,3,4548.329767785867
SSA,F28,4,5492.954260597683
SSA,F28,5,5023.891803164578
SSA,F28,6,6075.052491008965
SSA,F28,7,4046.5452279214715
SSA,F28,8,5369.178163271576
SSA,F28,9,5208.55216256416
SSA,F28,10,5572.852821436067
SSA,F28,11,6999.025534863338
SSA,F28,12,5266.300533882166
SSA,F28,13,6137.203904264894
SSA,F28,14,4772.925520717402
SSA,F28,15,4507.268557077617
SSA,F28,16,4868.967880535011
SSA,F28,17,5030.915510566401
SSA,F28,18,4744.460813292484
SSA,F28,19,4937.65052374975
SSA,F28,20,5446.896934309151
SSA,F28,21,5456.225322196688
SSA,F28,22,5061.1052703298055
SSA,F28,23,5164.843043210225
SSA,F28,24,4267.493789885121
SSA,F28,25,6453.247563200966
SSA,F28,26,5642.783291157151
SSA,F28,27,5641.42530636593
SSA,F28,28,5861.011176254251
SSA,F28,29,5540.632094491588
SSA,F28,30,5772.903337809794
SSA,F29,1,7332.765251695262
SSA,F29,2,7327.995860508656
SSA,F29,3,6447.7057258471295
SSA,F29,4,6711.621879405166
SSA,F29,5,6526.41789094575
SSA,F29,6,7436.846799061768
SSA,F29,7,6332.115103917782
SSA,F29,8,5776.373800943649
SSA,F29,9,6733.697176913047
SSA,F29,10,7206.137329719362
SSA,F29,11,7608.720711008914
SSA,F29,12,7563.494969344592
SSA,F29,13,8639.602173336785
SSA,F29,14,7392.332924340788
SSA,F29,15,7036.469429811532
SSA,F29,16,6887.058260389306
SSA,F29,17,6321.815863110508
SSA,F29,18,7324.229471867068
SSA,F29,19,6238.8157545428385
SSA,F29,20,7906.70186774552
SSA,F29,21,8783.680330421823
SSA,F29,22,6872.68732742548
SSA,F29,23,6417.520734291746
SSA,F29,24,7158.089114316161
SSA,F29,25,6849.442756233261
SSA,F29,26,7098.700733778373
SSA,F29,27,6750.392582186002
SSA,F29,28,6455.78342791846
SSA,F29,29,6985.556498494188
SSA,F29,30,5546.256229483542
SSA,F30,1,192515181.28645995
SSA,F30,2,245356482.3038411
SSA,F30,3,191009062.32053503
SSA,F30,4,263862161.805837
SSA,F30,5,257856676.75146237
SSA,F30,6,282756043.26281136
SSA,F30,7,167522173.4814074
SSA,F30,8,130262617.76299213
SSA,F30,9,201516988.691799
SSA,F30,10,298561215.7566776
SSA,F30,11,242680952.99019605
SSA,F30,12,140292218.6940414
SSA,F30,13,355656654.70491076
SSA,F30,14,161991406.5304472
SSA,F30,15,109310666.25977688
SSA,F30,16,337245106.65051746
SSA,F30,17,343193395.7233643
SSA,F30,18,246640218.68281832
SSA,F30,19,219281339.71852195
SSA,F30,20,236218484.89261293
SSA,F30,21,300058019.8437927
SSA,F30,22,277806514.9264037
SSA,F30,23,202980756.22409636
SSA,F30,24,207937047.23471516
SSA,F30,25,119932022.13945873
SSA,F30,26,343250493.9077213
SSA,F30,27,187099087.44888747
SSA,F30,28,147611889.23778296
SSA,F30,29,300701388.9495696
SSA,F30,30,244652218.673481
TLBO,F1,1,1147161949.121598
TLBO,F1,2,4789276546.526743
TLBO,F1,3,1297525537.2562375
TLBO,F1,4,2941831273.1744156
TLBO,F1,5,349859626.66087115
TLBO,F1,6,2267014613.6486897
TLBO,F1,7,1880307198.350062
TLBO,F1,8,1000649670.8873857
TLBO,F1,9,1725320495.8927572
TLBO,F1,10,1547953175.2004044
TLBO,F1,11,1972132568.5847137
TLBO,F1,12,808839392.8530041
TLBO,F1,13,2685472686.6391644
TLBO,F1,14,2367681935.888358
TLBO,F1,15,681640534.3954337
TLBO,F1,16,2624851997.9402943
TLBO,F1,17,453765132.9920805
TLBO,F1,18,691436766.1765536
TLBO,F1,19,399953641.04728556
TLBO,F1,20,1233134578.4203193
TLBO,F1,21,1076548940.195447
TLBO,F1,22,887023023.531784
TLBO,F1,23,967965780.7219915
TLBO,F1,24,2416159953.6311264
TLBO,F1,25,5041468897.981185
TLBO,F1,26,1940907032.6966794
TLBO,F1,27,2291435926.2437577
TLBO,F1,28,722355984.7421684
TLBO,F1,29,5435812173.267331
TLBO,F1,30,1608042551.4578352
TLBO,F3,1,177444.444448825
TLBO,F3,2,206652.70372226744
TLBO,F3,3,215912.30663004547
TLBO,F3,4,171620.5756429637
TLBO,F3,5,120712.97829473608
TLBO,F3,6,153305.20018649488
TLBO,F3,7,178175.4198752806
TLBO,F3,8,150103.55361226972
TLBO,F3,9,181913.70725452644
TLBO,F3,10,214942.63883715507
TLBO,F3,11,176841.04550793816
TLBO,F3,12,147254.45992377054
TLBO,F3,13,185671.40201823757
TLBO,F3,14,183466.8466593247
TLBO,F3,15,157039.1660225895
TLBO,F3,16,214932.50372881428
TLBO,F3,17,130224.67864763462
TLBO,F3,18,212422.36397856928
TLBO,F3,19,211587.55170298216
TLBO,F3,20,179090.96242711108
TLBO,F3,21,180580.94438112254
TLBO,F3,22,183145.26014353448
TLBO,F3,23,179750.83475868442
TLBO,F3,24,199697.93624341665
TLBO,F3,25,134201.429389397
TLBO,F3,26,183947.00783255222
TLBO,F3,27,148866.00449029388
TLBO,F3,28,177126.62517151985
TLBO,F3,29,212223.724861238
TLBO,F3,30,200189.87406414107
TLBO,F4,1,681.4608131007229
TLBO,F4,2,818.6066050349104
TLBO,F4,3,1077.152295521476
TLBO,F4,4,1067.4488143739577
TLBO,F4,5,975.0827102896418
TLBO,F4,6,816.4322201335822
TLBO,F4,7,1029.08429893856
TLBO,F4,8,984.0077170206799
TLBO,F4,9,671.8925923210716
TLBO,F4,10,1263.9922772232367
TLBO,F4,11,795.2180407143173
TLBO,F4,12,838.2011316814726
TLBO,F4,13,2155.3838948284706
TLBO,F4,14,1227.7499546661688
TLBO,F4,15,881.3634410943164
TLBO,F4,16,1267.448750152264
TLBO,F4,17,1053.1056040609385
TLBO,F4,18,995.9232776005247
TLBO,F4,19,1117.388473927211
TLBO,F4,20,700.278071655112
TLBO,F4,21,805.0655372721303
TLBO,F4,22,923.1465527208474
TLBO,F4,23,1066.1460333043337
TLBO,F4,24,754.2717607630045
TLBO,F4,25,1075.6495834458842
TLBO,F4,26,1043.990376820193
TLBO,F4,27,976.9382040636169
TLBO,F4,28,818.5225744439479
TLBO,F4,29,1151.5917973538455
TLBO,F4,30,1002.3109164126323
TLBO,F5,1,704.5565172214649
TLBO,F5,2,806.2497915056504
TLBO,F5,3,763.8445828104503
TLBO,F5,4,746.0358568629061
TLBO,F5,5,730.2131246802445
TLBO,F5,6,758.9800462874505
TLBO,F5,7,735.1790635026284
TLBO,F5,8,774.1265816402667
TLBO,F5,9,813.5858421625603
TLBO,F5,10,833.126506854178
TLBO,F5,11,752.2577070302514
TLBO,F5,12,809.5984060196524
TLBO,F5,13,744.3371411113337
TLBO,F5,14,769.7295621040278
TLBO,F5,15,745.3648844656661
TLBO,F5,16,729.9242771584148
TLBO,F5,17,770.0988770370072
TLBO,F5,18,825.2374332600684
TLBO,F5,19,779.3609895435831
TLBO,F5,20,718.8229707308371
TLBO,F5,21,772.3231107290092
TLBO,F5,22,778.7295184483461
TLBO,F5,23,712.2389461708583
TLBO,F5,24,699.2636738205374
TLBO,F5,25,701.882294341122
TLBO,F5,26,759.2990380367416
TLBO,F5,27,734.4438683345375
TLBO,F5,28,750.5589270079729
TLBO,F5,29,779.363001157662
TLBO,F5,30,836.3371222781986
TLBO,F6,1,641.9315673516011
TLBO,F6,2,635.664048550364
TLBO,F6,3,624.7786110801667
TLBO,F6,4,632.8263941943592
TLBO,F6,5,639.1698209666276
TLBO,F6,6,636.2213085108098
TLBO,F6,7,630.7157302152302
TLBO,F6,8,638.0436426494637
TLBO,F6,9,651.0597921240253
TLBO,F6,10,622.1343519277352
TLBO,F6,11,631.9071898827901
TLBO,F6,12,642.8756169785162
TLBO,F6,13,633.1168200597799
TLBO,F6,14,629.1579736079136
TLBO,F6,15,626.2514397673453
TLBO,F6,16,629.9528139665639
TLBO,F6,17,633.7475542606329
TLBO,F6,18,622.5763221779093
TLBO,F6,19,623.0839928654634
TLBO,F6,20,627.3627794874917
TLBO,F6,21,636.9718813776374
TLBO,F6,22,637.3740348210515
TLBO,F6,23,634.2039645290348
TLBO,F6,24,638.8216683434446
TLBO,F6,25,620.9475397904621
TLBO,F6,26,629.3485178209048
TLBO,F6,27,629.7392844614781
TLBO,F6,28,623.2203159568388
TLBO,F6,29,631.9981172684269
TLBO,F6,30,626.1528589811068
TLBO,F7,1,1353.2251402974593
TLBO,F7,2,1077.83470082174
TLBO,F7,3,1356.3033096452102
TLBO,F7,4,1292.464827495956
TLBO,F7,5,1256.8744743901937
TLBO,F7,6,1418.5812766072816
TLBO,F7,7,1209.924119987557
TLBO,F7,8,1220.6349152128546
TLBO,F7,9,1080.2022358358017
TLBO,F7,10,1348.6058041730148
TLBO,F7,11,1329.5405596791607
TLBO,F7,12,1214.7792154331921
TLBO,F7,13,1186.536620164884
TLBO,F7,14,1164.8918838610148
TLBO,F7,15,1075.530829825253
TLBO,F7,16,1216.3784071778105
TLBO,F7,17,1067.977059411094
TLBO,F7,18,1285.204488332075
TLBO,F7,19,1210.3077757975013
TLBO,F7,20,1146.3557683534978
TLBO,F7,21,1267.7644127443903
TLBO,F7,22,1360.8164799840874
TLBO,F7,23,1079.5502579761553
TLBO,F7,24,1296.9792458272123
TLBO,F7,25,1202.6271950669445
TLBO,F7,26,1127.5045124201101
TLBO,F7,27,1355.1769395142273
TLBO,F7,28,1185.359216941839
TLBO,F7,29,1417.110389436778
TLBO,F7,30,1342.9819984400438
TLBO,F8,1,1028.1687134125302
TLBO,F8,2,1075.3551987452418
TLBO,F8,3,1105.469347322416
TLBO,F8,4,1080.6464328470042
TLBO,F8,5,1125.4841647930828
TLBO,F8,6,1036.0015666707948
TLBO,F8,7,1117.9154980097396
TLBO,F8,8,1151.6818699576693
TLBO,F8,9,1119.1194556874311
TLBO,F8,10,1072.7035579975254
TLBO,F8,11,1025.8504628247229
TLBO,F8,12,1040.5800321212687
TLBO,F8,13,1032.5635219556557
TLBO,F8,14,1056.89820930226
TLBO,F8,15,1082.831329374684
TLBO,F8,16,1043.4751778615998
TLBO,F8,17,1006.0953438016999
TLBO,F8,18,1039.4913873069083
TLBO,F8,19,1025.3367781154147
TLBO,F8,20,1031.9541684708752
TLBO,F8,21,1041.9881027993365
TLBO,F8,22,1056.3584132662238
TLBO,F8,23,1127.599511408185
TLBO,F8,24,1076.9990162621575
TLBO,F8,25,1049.242934702467
TLBO,F8,26,1142.3583042959365
TLBO,F8,27,1061.0788931245065
TLBO,F8,28,1005.5334363877147
TLBO,F8,29,1102.6320778433922
TLBO,F8,30,1058.5302816761714
TLBO,F9,1,8493.047933298
TLBO,F9,2,16666.980204562642
TLBO,F9,3,14040.145993492079
TLBO,F9,4,11415.921106321483
TLBO,F9,5,14946.025753547485
TLBO,F9,6,13175.956773192365
TLBO,F9,7,18839.33066254032
TLBO,F9,8,11492.762769929288
TLBO,F9,9,21590.35899223293
TLBO,F9,10,10497.746337731816
TLBO,F9,11,17589.475261401858
TLBO,F9,12,17889.97366352402
TLBO,F9,13,15102.98009589358
TLBO,F9,14,13151.50131186571
TLBO,F9,15,13929.298472418455
TLBO,F9,16,8504.722208929537
TLBO,F9,17,11477.158398649404
TLBO,F9,18,9979.473687191334
TLBO,F9,19,19739.094787147205
TLBO,F9,20,13210.08954989528
TLBO,F9,21,16293.73683454197
TLBO,F9,22,12437.754381923005
TLBO,F9,23,20904.19504112924
TLBO,F9,24,10284.213940056106
TLBO,F9,25,9454.85468565541
TLBO,F9,26,6469.143897713919
TLBO,F9,27,13482.42274436942
TLBO,F9,28,5110.3856431532095
TLBO,F9,29,9915.090198238438
TLBO,F9,30,16509.99585201122
TLBO,F10,1,14245.55621064351
TLBO,F10,2,15068.56838869079
TLBO,F10,3,14547.260693637547
TLBO,F10,4,14755.345575654235
TLBO,F10,5,14579.261323709008
TLBO,F10,6,15361.76985750653
TLBO,F10,7,13370.745814610476
TLBO,F10,8,15624.691497500804
TLBO,F10,9,15018.605230120007
TLBO,F10,10,14612.158543177831
TLBO,F10,11,14603.016611400413
TLBO,F10,12,14833.24679161029
TLBO,F10,13,14803.740873037292
TLBO,F10,14,15481.544084650466
TLBO,F10,15,15081.077539249389
TLBO,F10,16,14811.617478127788
TLBO,F10,17,14989.084403029043
TLBO,F10,18,15125.925299679402
TLBO,F10,19,14936.3851534979
TLBO,F10,20,14873.526848638056
TLBO,F10,21,15185.61679780755
TLBO,F10,22,14719.834916910811
TLBO,F10,23,14835.431035875405
TLBO,F10,24,14728.818954964772
TLBO,F10,25,15612.884171138085
TLBO,F10,26,15429.042213733237
TLBO,F10,27,15052.908544786449
TLBO,F10,28,15325.270885615426
TLBO,F10,29,14502.371664956983
TLBO,F10,30,14951.249636333621
TLBO,F11,1,1625.5273185037806
TLBO,F11,2,1585.1322070260155
TLBO,F11,3,1459.0374227998066
TLBO,F11,4,1505.1228311113543
TLBO,F11,5,1579.814095223958
TLBO,F11,6,1330.3843894746142
TLBO,F11,7,1497.3546225657205
TLBO,F11,8,1413.4258779697057
TLBO,F11,9,1649.7803480699579
TLBO,F11,10,1948.3416881352878
TLBO,F11,11,1423.3176422437377
TLBO,F11,12,1475.4066228452998
TLBO,F11,13,1655.5047536341183
TLBO,F11,14,1482.614800225961
TLBO,F11,15,1471.3173343461972
TLBO,F11,16,1484.3204829039887
TLBO,F11,17,1340.5092595352903
TLBO,F11,18,1371.5688461005834
TLBO,F11,19,1396.7378368096447
TLBO,F11,20,1449.4369766166462
TLBO,F11,21,1429.8784714708108
TLBO,F11,22,1714.0519655094743
TLBO,F11,23,1555.5875161219672
TLBO,F11,24,1485.50313973429
TLBO,F11,25,1567.8333259722262
TLBO,F11,26,1648.8268014355122
TLBO,F11,27,1606.6109347340598
TLBO,F11,28,1418.1562291577002
TLBO,F11,29,1400.7233346068938
TLBO,F11,30,1486.8115466795907
TLBO,F12,1,5636727.676618854
TLBO,F12,2,18637414.5982755
TLBO,F12,3,82345054.93809985
TLBO,F12,4,17045785.57598187
TLBO,F12,5,8839414.83585475
TLBO,F12,6,17014186.042314507
TLBO,F12,7,6113604.345286459
TLBO,F12,8,26123700.15245963
TLBO,F12,9,7584986.392959965
TLBO,F12,10,21085705.784703854
TLBO,F12,11,38742648.22211512
TLBO,F12,12,30537677.865255304
TLBO,F12,13,42256892.03324844
TLBO,F12,14,19657326.84911044
TLBO,F12,15,32327842.587373406
TLBO,F12,16,27787753.31723267
TLBO,F12,17,3736220.540351387
TLBO,F12,18,20136400.272024747
TLBO,F12,19,43797952.43369429
TLBO,F12,20,68162501.98451035
TLBO,F12,21,15690678.397117775
TLBO,F12,22,14926454.133441951
TLBO,F12,23,10740352.278482398
TLBO,F12,24,5747912.990760794
TLBO,F12,25,41161879.97848507
TLBO,F12,26,10397335.859481823
TLBO,F12,27,12320484.391856523
TLBO,F12,28,11842991.87255529
TLBO,F12,29,35007100.37915704
TLBO,F12,30,12910587.160135247
TLBO,F13,1,25345.914795498396
TLBO,F13,2,14944.756143171755
TLBO,F13,3,6805.520547433729
TLBO,F13,4,12859.8353611544
TLBO,F13,5,24324.981867932547
TLBO,F13,6,34714.65260608726
TLBO,F13,7,8792.32175507748
TLBO,F13,8,9739.899395424973
TLBO,F13,9,34896.19328033059
TLBO,F13,10,19800.503633043856
TLBO,F13,11,199839.84838638647
TLBO,F13,12,11783.360393858326
TLBO,F13,13,14706.917901156201
TLBO,F13,14,34454.16893779442
TLBO,F13,15,13857.111645185572
TLBO,F13,16,9257.748147771505
TLBO,F13,17,13589.2741138776
TLBO,F13,18,11259.104552278135
TLBO,F13,19,16653.43088972097
TLBO,F13,20,15039.128071452691
TLBO,F13,21,15268.328166582414
TLBO,F13,22,14065.418007898568
TLBO,F13,23,6278.525357537657
TLBO,F13,24,13537.746108939618
TLBO,F13,25,24851.47494220044
TLBO,F13,26,12008.131264651516
TLBO,F13,27,9320417.913527006
TLBO,F13,28,20371.460408326064
TLBO,F13,29,26223.77629530578
TLBO,F13,30,15411.323399736997
TLBO,F14,1,230850.11245116583
TLBO,F14,2,350456.97100723186
TLBO,F14,3,535605.8889637016
TLBO,F14,4,216895.9077466479
TLBO,F14,5,138117.18358393817
TLBO,F14,6,215855.924328925
TLBO,F14,7,55644.07235383717
TLBO,F14,8,252535.22155629224
TLBO,F14,9,187302.29255219924
TLBO,F14,10,220056.57649702864
TLBO,F14,11,234653.9635278472
TLBO,F14,12,393336.1565631
TLBO,F14,13,174071.5588378265
TLBO,F14,14,102625.6812181284
TLBO,F14,15,440156.70788003306
TLBO,F14,16,135351.82788480597
TLBO,F14,17,350739.504437321
TLBO,F14,18,111734.6028041164
TLBO,F14,19,373535.42701169447
TLBO,F14,20,91712.90003935555
TLBO,F14,21,376452.0959220444
TLBO,F14,22,190892.63341535087
TLBO,F14,23,133242.46473042865
TLBO,F14,24,310443.3003542135
TLBO,F14,25,125707.08926419348
TLBO,F14,26,47945.67773152127
TLBO,F14,27,67922.39563359719
TLBO,F14,28,578181.4189644839
TLBO,F14,29,237861.90561798436
TLBO,F14,30,519632.3424443393
TLBO,F15,1,13839.950717508746
TLBO,F15,2,6058.507726548849
TLBO,F15,3,20156.57458425686
TLBO,F15,4,5029.667029517914
TLBO,F15,5,20532.668430501286
TLBO,F15,6,19901.16400857323
TLBO,F15,7,17403.975180341164
TLBO,F15,8,15929.198046071015
TLBO,F15,9,10148.789664841142
TLBO,F15,10,18654.478913386534
TLBO,F15,11,4697.403910203882
TLBO,F15,12,14426.469069349501
TLBO,F15,13,12924.509060826636
TLBO,F15,14,3512.121804169819
TLBO,F15,15,20114.574983438015
TLBO,F15,16,10273.408240407862
TLBO,F15,17,16400.856089655124
TLBO,F15,18,8640.27768780712
TLBO,F15,19,20357.422552713175
TLBO,F15,20,11912.564818911933
TLBO,F15,21,7627.816471659119
TLBO,F15,22,4641.216577249762
TLBO,F15,23,17742.782211956357
TLBO,F15,24,16141.308713318243
TLBO,F15,25,20484.054925710916
TLBO,F15,26,7785.416886104541
TLBO,F15,27,24863.674311178158
TLBO,F15,28,7369.13018658238
TLBO,F15,29,16993.470168885993
TLBO,F15,30,2411.8405505760893
TLBO,F16,1,3636.8065391787354
TLBO,F16,2,3766.5678595142035
TLBO,F16,3,3136.488683839436
TLBO,F16,4,3054.9336128818977
TLBO,F16,5,3268.5064305391415
TLBO,F16,6,2921.7629936986796
TLBO,F16,7,3325.977865722711
TLBO,F16,8,2499.1937449586553
TLBO,F16,9,3147.1144457701535
TLBO,F16,10,3291.1943365333445
TLBO,F16,11,3310.2421706343334
TLBO,F16,12,3297.3787255994
TLBO,F16,13,4090.0964998164277
TLBO,F16,14,2852.705893947647
TLBO,F16,15,3582.8755116915145
TLBO,F16,16,3154.7965772481684
TLBO,F16,17,2794.1833439771917
TLBO,F16,18,3496.1790221226834
TLBO,F16,19,4545.022454706216
TLBO,F16,20,3316.558191938512
TLBO,F16,21,2709.8863751102735
TLBO,F16,22,4226.968531566132
TLBO,F16,23,3229.409894375336
TLBO,F16,24,3980.1889416880767
TLBO,F16,25,2961.6938158641788
TLBO,F16,26,3472.9614211563035
TLBO,F16,27,3210.778262892769
TLBO,F16,28,3642.0277523081604
TLBO,F16,29,2841.2895441647142
TLBO,F16,30,2713.664113297724
TLBO,F17,1,3134.3048149395045
TLBO,F17,2,2945.588420859227
TLBO,F17,3,3202.322184512795
TLBO,F17,4,3119.1000497550967
TLBO,F17,5,3358.6646916071045
TLBO,F17,6,2848.3392009616427
TLBO,F17,7,2712.8475390281856
TLBO,F17,8,2691.744132454328
TLBO,F17,9,2756.05181997247
TLBO,F17,10,2673.2383241101975
TLBO,F17,11,3084.0422801095015
TLBO,F17,12,2954.9427716810724
TLBO,F17,13,3160.8717200963993
TLBO,F17,14,2449.3868623432754
TLBO,F17,15,2860.566443359963
TLBO,F17,16,3285.0122603765985
TLBO,F17,17,3234.726050224779
TLBO,F17,18,3104.398148855813
TLBO,F17,19,3031.02917628481
TLBO,F17,20,3406.066020374753
TLBO,F17,21,2620.380549808484
TLBO,F17,22,2866.129438299781
TLBO,F17,23,2724.015140035307
TLBO,F17,24,3495.0931394398717
TLBO,F17,25,3551.194715743449
TLBO,F17,26,3080.7684248999353
TLBO,F17,27,3162.868808982156
TLBO,F17,28,3164.956253871544
TLBO,F17,29,2988.8033649871745
TLBO,F17,30,2848.2587220480605
TLBO,F18,1,1512682.092790404
TLBO,F18,2,2100172.524243021
TLBO,F18,3,4858195.143411946
TLBO,F18,4,737443.5404619834
TLBO,F18,5,1801656.2151845717
TLBO,F18,6,608056.2785810924
TLBO,F18,7,1934542.238586982
TLBO,F18,8,2332555.043326069
TLBO,F18,9,2516676.893229372
TLBO,F18,10,652209.0266433147
TLBO,F18,11,3874603.129778396
TLBO,F18,12,2366519.880293757
TLBO,F18,13,2017104.2215810597
TLBO,F18,14,3577431.965480189
TLBO,F18,15,921145.9755497882
TLBO,F18,16,866908.6476955039
TLBO,F18,17,2590694.473508273
TLBO,F18,18,3189660.7988560316
TLBO,F18,19,769773.6129162902
TLBO,F18,20,1163871.795491292
TLBO,F18,21,1847106.8479090924
TLBO,F18,22,2240425.4636071115
TLBO,F18,23,3433810.8465664205
TLBO,F18,24,1164617.8286880285
TLBO,F18,25,10471347.236280238
TLBO,F18,26,4135584.9365741317
TLBO,F18,27,1387367.2812569442
TLBO,F18,28,1007500.248642432
TLBO,F18,29,9202076.600783901
TLBO,F18,30,1870837.958175326
TLBO,F19,1,36696.17433015707
TLBO,F19,2,16396.17442533189
TLBO,F19,3,31741.303523356557
TLBO,F19,4,15637.913226127966
TLBO,F19,5,29399.559788404706
TLBO,F19,6,36132.029442027095
TLBO,F19,7,17141.804869822547
TLBO,F19,8,25032.25221210055
TLBO,F19,9,15254.610671928594
TLBO,F19,10,14478.92156235159
TLBO,F19,11,4258.612134759109
TLBO,F19,12,12991.549763724805
TLBO,F19,13,10976.402860555218
TLBO,F19,14,35778.912881633514
TLBO,F19,15,5866.125814700785
TLBO,F19,16,7730.116521092725
TLBO,F19,17,6686.3938341081
TLBO,F19,18,15095.024469372747
TLBO,F19,19,21477.09714489369
TLBO,F19,20,16227.024655347188
TLBO,F19,21,8656.368742894214
TLBO,F19,22,35286.995743268104
TLBO,F19,23,22208.18979253437
TLBO,F19,24,31927.484621154
TLBO,F19,25,20849.52105172364
TLBO,F19,26,22113.271286386786
TLBO,F19,27,13616.356743589777
TLBO,F19,28,14443.17378822191
TLBO,F19,29,15453.271100285252
TLBO,F19,30,16959.368636450818
TLBO,F20,1,3629.248944395585
TLBO,F20,2,3787.8073873056
TLBO,F20,3,3819.1622098180733
TLBO,F20,4,3135.8136847408323
TLBO,F20,5,3856.1926949932954
TLBO,F20,6,4006.3896121975904
TLBO,F20,7,3701.453253369411
TLBO,F20,8,3970.7450872075947
TLBO,F20,9,3409.107674926165
TLBO,F20,10,3938.03506446791
TLBO,F20,11,3917.71247374599
TLBO,F20,12,3533.355566613396
TLBO,F20,13,3866.946200684846
TLBO,F20,14,4089.5659569729396
TLBO,F20,15,3912.850955649199
TLBO,F20,16,3864.960687972887
TLBO,F20,17,3230.4361559405424
TLBO,F20,18,3647.4490878758415
TLBO,F20,19,3947.379956049616
TLBO,F20,20,3120.6593625330675
TLBO,F20,21,3953.9545192486776
TLBO,F20,22,3833.5949564466946
TLBO,F20,23,3476.5176375785622
TLBO,F20,24,3785.264106707204
TLBO,F20,25,3887.062134198535
TLBO,F20,26,3985.8720145501393
TLBO,F20,27,3892.4578866240463
TLBO,F20,28,4054.707594394274
TLBO,F20,29,3867.6847774512703
TLBO,F20,30,3201.9672317066816
TLBO,F21,1,2564.666178690119
TLBO,F21,2,2558.766900862601
TLBO,F21,3,2621.328369896565
TLBO,F21,4,2554.380629020303
TLBO,F21,5,2481.936927006504
TLBO,F21,6,2600.754392797762
TLBO,F21,7,2597.632459547839
TLBO,F21,8,2511.178360745261
TLBO,F21,9,2540.46053068558
TLBO,F21,10,2557.3870109802424
TLBO,F21,11,2605.0681576435536
TLBO,F21,12,2538.236016047709
TLBO,F21,13,2593.5128694826303
TLBO,F21,14,2514.8618454256425
TLBO,F21,15,2568.092788837909
TLBO,F21,16,2575.9407377555644
TLBO,F21,17,2596.6953021393233
TLBO,F21,18,2605.9618186670723
TLBO,F21,19,2538.569880665409
TLBO,F21,20,2518.5345189816344
TLBO,F21,21,2513.936703754356
TLBO,F21,22,2556.4462760540496
TLBO,F21,23,2612.5070401288476
TLBO,F21,24,2579.63901680007
TLBO,F21,25,2581.008400245479
TLBO,F21,26,2520.804712523338
TLBO,F21,27,2538.4490157442324
TLBO,F21,28,2524.504145571105
TLBO,F21,29,2520.015713595166
TLBO,F21,30,2527.788013879258
TLBO,F22,1,3761.1630727562565
TLBO,F22,2,16270.626964815501
TLBO,F22,3,15908.162724034562
TLBO,F22,4,16195.921695477242
TLBO,F22,5,16494.9124629946
TLBO,F22,6,7380.176665893488
TLBO,F22,7,13592.347939456582
TLBO,F22,8,16305.013182988116
TLBO,F22,9,16422.409455132627
TLBO,F22,10,16629.05774680843
TLBO,F22,11,5190.456725254055
TLBO,F22,12,16819.550382844456
TLBO,F22,13,17012.058027531843
TLBO,F22,14,16130.18183399276
TLBO,F22,15,3160.134921930733
TLBO,F22,16,14989.150117979334
TLBO,F22,17,3687.8249758324405
TLBO,F22,18,16195.456633752683
TLBO,F22,19,15835.214404417586
TLBO,F22,20,15540.821424657406
TLBO,F22,21,16313.878588842244
TLBO,F22,22,16688.190819895663
TLBO,F22,23,16368.612093996473
TLBO,F22,24,15825.117638833417
TLBO,F22,25,16718.964325657023
TLBO,F22,26,2819.5318377024864
TLBO,F22,27,16686.850316067095
TLBO,F22,28,16912.99134216644
TLBO,F22,29,2806.4591527883003
TLBO,F22,30,16931.29903404888
TLBO,F23,1,3021.94027968687
TLBO,F23,2,3189.037427503561
TLBO,F23,3,3087.5884467185133
TLBO,F23,4,3274.5065592022693
TLBO,F23,5,3115.5186096580737
TLBO,F23,6,3110.2411445276584
TLBO,F23,7,3131.6697734486065
TLBO,F23,8,3152.5109641574336
TLBO,F23,9,3202.6675962308673
TLBO,F23,10,3306.689859510832
TLBO,F23,11,3094.7711889092093
TLBO,F23,12,3164.507730466015
TLBO,F23,13,3225.759869277594
TLBO,F23,14,3100.8961983708673
TLBO,F23,15,3099.212743227435
TLBO,F23,16,3278.2173659666623
TLBO,F23,17,3280.8290904900628
TLBO,F23,18,3093.5337187550313
TLBO,F23,19,2966.9223128039275
TLBO,F23,20,3111.5545078097775
TLBO,F23,21,3126.6869646862574
TLBO,F23,22,3172.2816781345564
TLBO,F23,23,3032.6385775131484
TLBO,F23,24,3149.4397561569754
TLBO,F23,25,3262.5975443255948
TLBO,F23,26,3105.9708612358445
TLBO,F23,27,3063.5742399963483
TLBO,F23,28,3137.885292983769
TLBO,F23,29,3060.65430142608
TLBO,F23,30,3164.0439168865955
TLBO,F24,1,3234.013229887229
TLBO,F24,2,3308.6750524073104
TLBO,F24,3,3370.2359990517516
TLBO,F24,4,3266.325012447516
TLBO,F24,5,3174.1833030555526
TLBO,F24,6,3305.685529829736
TLBO,F24,7,3164.7428504145078
TLBO,F24,8,3304.622012051642
TLBO,F24,9,3282.3574713456787
TLBO,F24,10,3229.359459824744
TLBO,F24,11,3316.715368599981
TLBO,F24,12,3279.3240518735774
TLBO,F24,13,3306.9896839265202
TLBO,F24,14,3234.387401182293
TLBO,F24,15,3209.1139535105635
TLBO,F24,16,3154.6684690617476
TLBO,F24,17,3200.523447800564
TLBO,F24,18,3366.8795471851286
TLBO,F24,19,3415.634275235515
TLBO,F24,20,3268.382783039987
TLBO,F24,21,3371.4982510532654
TLBO,F24,22,3224.9278546002442
TLBO,F24,23,3274.944330738962
TLBO,F24,24,3172.295159820285
TLBO,F24,25,3261.980676115484
TLBO,F24,26,3229.161666037032
TLBO,F24,27,3268.7468989128183
TLBO,F24,28,3145.044764982298
TLBO,F24,29,3181.820066816127
TLBO,F24,30,3220.4564293656094
TLBO,F25,1,3542.6942735754665
TLBO,F25,2,3389.503820352773
TLBO,F25,3,3262.701638110788
TLBO,F25,4,3393.747692977327
TLBO,F25,5,3459.970305406538
TLBO,F25,6,3795.471684313283
TLBO,F25,7,3286.2456928584643
TLBO,F25,8,3251.13443808811
TLBO,F25,9,3565.2074483865445
TLBO,F25,10,3285.5278706743616
TLBO,F25,11,3261.8592727366504
TLBO,F25,12,3321.7941493952612
TLBO,F25,13,3341.807197111224
TLBO,F25,14,3312.268244857167
TLBO,F25,15,3334.4211126919417
TLBO,F25,16,3270.9834783348756
TLBO,F25,17,3563.9971939931484
TLBO,F25,18,3272.947429013784
TLBO,F25,19,3488.9887264652652
TLBO,F25,20,3251.949782672809
TLBO,F25,21,3226.5628361088484
TLBO,F25,22,3375.157362526197
TLBO,F25,23,3899.3311307693853
TLBO,F25,24,3490.2041744587505
TLBO,F25,25,3332.771370220293
TLBO,F25,26,3374.492284017624
TLBO,F25,27,3908.399873127665
TLBO,F25,28,3133.1115920163106
TLBO,F25,29,3308.0742993489976
TLBO,F25,30,3358.299052047243
TLBO,F26,1,10333.157979386233
TLBO,F26,2,10989.597950343283
TLBO,F26,3,8484.000748909348
TLBO,F26,4,6515.739285393742
TLBO,F26,5,9513.477161655323
TLBO,F26,6,11350.183024975242
TLBO,F26,7,10011.748712427201
TLBO,F26,8,10241.406061104643
TLBO,F26,9,9314.983162544313
TLBO,F26,10,11924.604591436859
TLBO,F26,11,11090.360745520504
TLBO,F26,12,9925.92059769682
TLBO,F26,13,8252.218845352274
TLBO,F26,14,11166.646734898392
TLBO,F26,15,11309.373207519833
TLBO,F26,16,11729.239804919842
TLBO,F26,17,10842.770757757473
TLBO,F26,18,4073.336867283252
TLBO,F26,19,7160.396945910471
TLBO,F26,20,12142.631292182501
TLBO,F26,21,9017.45427963575
TLBO,F26,22,5370.581630934323
TLBO,F26,23,10769.74498095329
TLBO,F26,24,7343.934028844542
TLBO,F26,25,9487.054111775293
TLBO,F26,26,10358.479642530734
TLBO,F26,27,8467.900511678785
TLBO,F26,28,11320.278543256545
TLBO,F26,29,8088.715333249258
TLBO,F26,30,10708.974462698214
TLBO,F27,1,3548.412649182445
TLBO,F27,2,3738.032144611406
TLBO,F27,3,3645.615550109558
TLBO,F27,4,3786.1277128008705
TLBO,F27,5,3497.823820349034
TLBO,F27,6,3759.4010109435276
TLBO,F27,7,3931.4352623586165
TLBO,F27,8,3719.123438829127
TLBO,F27,9,3762.918816470178
TLBO,F27,10,3491.495045653346
TLBO,F27,11,3685.9390798476957
TLBO,F27,12,3503.4523083707086
TLBO,F27,13,4266.16549057112
TLBO,F27,14,3637.533452392687
TLBO,F27,15,3533.4624368125087
TLBO,F27,16,3674.046828111183
TLBO,F27,17,3908.7320186466786
TLBO,F27,18,3813.940404639612
TLBO,F27,19,3590.78070629679
TLBO,F27,20,3828.005924002264
TLBO,F27,21,3759.5661664546014
TLBO,F27,22,3964.2379481157327
TLBO,F27,23,3896.0841033264196
TLBO,F27,24,3613.2244802620503
TLBO,F27,25,3761.5150112789006
TLBO,F27,26,3997.7192941403628
TLBO,F27,27,3892.1884162619817
TLBO,F27,28,3610.972477413081
TLBO,F27,29,3646.476212998433
TLBO,F27,30,3622.194439300166
TLBO,F28,1,3952.9340863365583
TLBO,F28,2,3993.679799257162
TLBO,F28,3,4104.533170501683
TLBO,F28,4,3756.2651221280817
TLBO,F28,5,3780.1629383043864
TLBO,F28,6,3736.6147534466345
TLBO,F28,7,3794.8464730493206
TLBO,F28,8,4185.230928164962
TLBO,F28,9,4260.1922478416045
TLBO,F28,10,3808.8121930255966
TLBO,F28,11,3805.462637589085
TLBO,F28,12,3866.2039343783786
TLBO,F28,13,3819.5434159721294
TLBO,F28,14,3810.5525800273235
TLBO,F28,15,3704.43432548829
TLBO,F28,16,3704.3886460930785
TLBO,F28,17,3889.4328372320133
TLBO,F28,18,3876.5020437653075
TLBO,F28,19,3867.437103111688
TLBO,F28,20,4660.379594377358
TLBO,F28,21,3757.246873216486
TLBO,F28,22,3801.94701847692
TLBO,F28,23,3758.001502765833
TLBO,F28,24,4082.783425488491
TLBO,F28,25,3823.4185351760484
TLBO,F28,26,3486.760857383672
TLBO,F28,27,4068.1654877530245
TLBO,F28,28,3532.056926436986
TLBO,F28,29,4123.285897128277
TLBO,F28,30,3957.094316787833
TLBO,F29,1,5173.341706603183
TLBO,F29,2,5272.802346596036
TLBO,F29,3,3785.442643694323
TLBO,F29,4,4914.195958139964
TLBO,F29,5,5341.1793513748225
TLBO,F29,6,4495.03941937668
TLBO,F29,7,5334.808981655853
TLBO,F29,8,4845.9345549983955
TLBO,F29,9,5386.6325098568595
TLBO,F29,10,5972.450567162287
TLBO,F29,11,4804.94956415039
TLBO,F29,12,4590.844290704199
TLBO,F29,13,5487.710895087719
TLBO,F29,14,5364.874090326491
TLBO,F29,15,4274.57839400257
TLBO,F29,16,5389.091893754756
TLBO,F29,17,4290.781284827053
TLBO,F29,18,5188.049767948173
TLBO,F29,19,4697.618505400071
TLBO,F29,20,4939.356278475583
TLBO,F29,21,4704.175661814086
TLBO,F29,22,5235.739451620484
TLBO,F29,23,4617.651714927773
TLBO,F29,24,4195.099473627235
TLBO,F29,25,4871.2943699437
TLBO,F29,26,5767.116414052241
TLBO,F29,27,5010.043931596284
TLBO,F29,28,3783.259971507468
TLBO,F29,29,5127.854174120841
TLBO,F29,30,5352.927312043983
TLBO,F30,1,1401479.9631179408
TLBO,F30,2,1723582.800055701
TLBO,F30,3,2147822.955173431
TLBO,F30,4,1351994.3275177642
TLBO,F30,5,926064.5329866356
TLBO,F30,6,1227206.8734878688
TLBO,F30,7,979672.1039305187
TLBO,F30,8,1056488.8069440722
TLBO,F30,9,891727.9011544087
TLBO,F30,10,1146626.4109439407
TLBO,F30,11,1071102.5026105356
TLBO,F30,12,1307196.7648235648
TLBO,F30,13,1383856.8153700212
TLBO,F30,14,1532274.9254780663
TLBO,F30,15,1351704.4318027457
TLBO,F30,16,1889942.0059626536
TLBO,F30,17,1030217.2700399722
TLBO,F30,18,988947.1476588203
TLBO,F30,19,1614017.9103361396
TLBO,F30,20,2933995.2206672896
TLBO,F30,21,2580651.2153337942
TLBO,F30,22,4281314.652601967
TLBO,F30,23,1019671.4084919869
TLBO,F30,24,1639659.4578107223
TLBO,F30,25,1446416.9098381728
TLBO,F30,26,971510.1538858373
TLBO,F30,27,2181683.486708967
TLBO,F30,28,1022055.5843922308
TLBO,F30,29,1220709.4957897407
TLBO,F30,30,1215563.5515873986
WOA,F1,1,73704355681.96773
WOA,F1,2,83789918097.31221
WOA,F1,3,71353888296.147
WOA,F1,4,83248278359.6273
WOA,F1,5,62168672648.17477
WOA,F1,6,74625194440.33514
WOA,F1,7,75731614985.9614
WOA,F1,8,81418519113.80286
WOA,F1,9,79897638936.00395
WOA,F1,10,100984630265.21373
WOA,F1,11,64620017301.925064
WOA,F1,12,106656061937.74065
WOA,F1,13,71065020060.49313
WOA,F1,14,61161723580.23487
WOA,F1,15,73655764201.43822
WOA,F1,16,83940430657.73206
WOA,F1,17,66787483974.80392
WOA,F1,18,49511578496.083664
WOA,F1,19,88648803461.01924
WOA,F1,20,62261464093.277374
WOA,F1,21,71474163651.77458
WOA,F1,22,55275882062.44864
WOA,F1,23,74596776834.95343
WOA,F1,24,74134285537.77171
WOA,F1,25,79122491786.4069
WOA,F1,26,70665201993.46268
WOA,F1,27,68449094994.32338
WOA,F1,28,101320381019.3613
WOA,F1,29,75603883127.53963
WOA,F1,30,91357945418.08572
WOA,F3,1,430279.3797360778
WOA,F3,2,195055.815288623
WOA,F3,3,402551.92315208423
WOA,F3,4,277282.5975778158
WOA,F3,5,206706.30426866733
WOA,F3,6,540272.0356859554
WOA,F3,7,263567.62350150006
WOA,F3,8,225106.03204927992
WOA,F3,9,331539.8654240392
WOA,F3,10,501484.04765148484
WOA,F3,11,210557.9183273992
WOA,F3,12,227211.51843883214
WOA,F3,13,217942.10932492884
WOA,F3,14,482195.76872560015
WOA,F3,15,377444.4247940537
WOA,F3,16,286349.79768619465
WOA,F3,17,213634.20737032438
WOA,F3,18,318861.41119369026
WOA,F3,19,166023.59541772344
WOA,F3,20,224854.83972310234
WOA,F3,21,211760.8328889492
WOA,F3,22,228219.13193594533
WOA,F3,23,346262.17929125414
WOA,F3,24,303965.71803514985
WOA,F3,25,166428.08712545442
WOA,F3,26,388971.31806415145
WOA,F3,27,284986.46215666516
WOA,F3,28,368515.49599231995
WOA,F3,29,270610.48940421926
WOA,F3,30,258266.83211293147
WOA,F4,1,15216.107003105059
WOA,F4,2,12381.570587678912
WOA,F4,3,13556.234429886825
WOA,F4,4,18541.43064781503
WOA,F4,5,20042.49093441551
WOA,F4,6,26546.560949046274
WOA,F4,7,19623.880902676286
WOA,F4,8,27435.696469294617
WOA,F4,9,21058.36522000957
WOA,F4,10,14775.960116889673
WOA,F4,11,18937.048268626146
WOA,F4,12,13999.99631678294
WOA,F4,13,39392.3405920692
WOA,F4,14,23423.118160771206
WOA,F4,15,23837.02959223558
WOA,F4,16,19240.700916900507
WOA,F4,17,21754.86208213362
WOA,F4,18,13694.234691368216
WOA,F4,19,22419.837170580155
WOA,F4,20,28250.860147084215
WOA,F4,21,31060.1530859849
WOA,F4,22,19264.503450573728
WOA,F4,23,11533.96339524867
WOA,F4,24,17321.443091667472
WOA,F4,25,19910.220723779046
WOA,F4,26,27610.123934519972
WOA,F4,27,16591.367035705764
WOA,F4,28,14088.410648423986
WOA,F4,29,15967.0995810234
WOA,F4,30,14126.946094895256
WOA,F5,1,1247.9399745078003
WOA,F5,2,1187.3840585746598
WOA,F5,3,1211.755764886485
WOA,F5,4,1224.842739747115
WOA,F5,5,1149.4424616274364
WOA,F5,6,1184.2976749989466
WOA,F5,7,1126.0144139078616
WOA,F5,8,1139.9924988383154
WOA,F5,9,1283.316520978448
WOA,F5,10,1210.1450650183933
WOA,F5,11,1221.9112070684796
WOA,F5,12,1226.6935034970768
WOA,F5,13,1202.256646241229
WOA,F5,14,1204.83329850782
WOA,F5,15,1198.96094509047
WOA,F5,16,1200.2539860803577
WOA,F5,17,1118.2768920182407
WOA,F5,18,1213.1375449483005
WOA,F5,19,1194.123807334467
WOA,F5,20,1194.8699754650938
WOA,F5,21,1081.852581221482
WOA,F5,22,1134.9229390107084
WOA,F5,23,1191.1105866485163
WOA,F5,24,1136.0306967535043
WOA,F5,25,1213.9669887309258
WOA,F5,26,1149.462003844856
WOA,F5,27,1177.8275550475305
WOA,F5,28,1181.609783118138
WOA,F5,29,1168.5081019350298
WOA,F5,30,1175.9437292725315
WOA,F6,1,713.9454460333533
WOA,F6,2,699.3353372875196
WOA,F6,3,688.1383939050212
WOA,F6,4,707.6663974250738
WOA,F6,5,696.9792992047637
WOA,F6,6,694.4830297194937
WOA,F6,7,706.263099542594
WOA,F6,8,703.2758767076466
WOA,F6,9,698.3085351940678
WOA,F6,10,692.5724330658892
WOA,F6,11,701.140381793491
WOA,F6,12,690.709895043874
WOA,F6,13,709.4526398016646
WOA,F6,14,709.7678295415033
WOA,F6,15,704.4318340981963
WOA,F6,16,700.1142175656028
WOA,F6,17,709.9339680100903
WOA,F6,18,691.0744933110767
WOA,F6,19,704.4153300149494
WOA,F6,20,693.3947105982219
WOA,F6,21,701.9548527894784
WOA,F6,22,697.904805021279
WOA,F6,23,695.6506378533716
WOA,F6,24,699.7975029134993
WOA,F6,25,692.0640987681616
WOA,F6,26,702.1877464252425
WOA,F6,27,708.6347101961644
WOA,F6,28,706.4986985298751
WOA,F6,29,697.8251622641745
WOA,F6,30,694.7353483157709
WOA,F7,1,2050.3683690981898
WOA,F7,2,2115.2980667970432
WOA,F7,3,2016.831804325087
WOA,F7,4,2110.9352773376936
WOA,F7,5,2069.2152878244474
WOA,F7,6,2028.1759282533383
WOA,F7,7,1944.9026278083857
WOA,F7,8,1956.669373815314
WOA,F7,9,2135.758893044589
WOA,F7,10,1995.2772643580824
WOA,F7,11,2057.236425681629
WOA,F7,12,2123.275925626786
WOA,F7,13,2034.8722083910725
WOA,F7,14,1973.3652248047133
WOA,F7,15,2083.1569624950034
WOA,F7,16,2033.9670304367337
WOA,F7,17,1974.120853488089
WOA,F7,18,2139.4587850076878
WOA,F7,19,2006.495220981697
WOA,F7,20,2049.968870705562
WOA,F7,21,2099.19519609188
WOA,F7,22,2090.5044266723926
WOA,F7,23,2137.797597001336
WOA,F7,24,1834.767325611565
WOA,F7,25,2001.8197654252926
WOA,F7,26,1944.5981690951999
WOA,F7,27,1962.2621451287828
WOA,F7,28,2054.0686194461896
WOA,F7,29,2042.741133146717
WOA,F7,30,1994.5684482602376
WOA,F8,1,1505.680371593774
WOA,F8,2,1548.7399613794923
WOA,F8,3,1494.636614145947
WOA,F8,4,1503.1444716227356
WOA,F8,5,1431.4668750391343
WOA,F8,6,1545.997514073168
WOA,F8,7,1517.8216627041663
WOA,F8,8,1475.1676689654487
WOA,F8,9,1429.1320395594885
WOA,F8,10,1429.7606227778474
WOA,F8,11,1441.3170382938251
WOA,F8,12,1382.2406518625162
WOA,F8,13,1446.7301436534312
WOA,F8,14,1499.2764938198543
WOA,F8,15,1436.001100500168
WOA,F8,16,1466.9372396410165
WOA,F8,17,1509.5423879103896
WOA,F8,18,1472.2126616792857
WOA,F8,19,1467.236572168838
WOA,F8,20,1418.8722795222293
WOA,F8,21,1467.146128869248
WOA,F8,22,1474.5921480846764
WOA,F8,23,1447.5005250863358
WOA,F8,24,1425.0439953366754
WOA,F8,25,1510.4697731696037
WOA,F8,26,1530.600950614727
WOA,F8,27,1471.9437832781718
WOA,F8,28,1401.2662826718115
WOA,F8,29,1409.044370744124
WOA,F8,30,1438.338334758952
WOA,F9,1,37123.77063786671
WOA,F9,2,37436.96520631537
WOA,F9,3,48758.218777274196
WOA,F9,4,31126.893225747026
WOA,F9,5,29582.61749987879
WOA,F9,6,36065.61764151654
WOA,F9,7,34151.907900053266
WOA,F9,8,39572.2432731136
WOA,F9,9,40974.931308617946
WOA,F9,10,32412.64633804333
WOA,F9,11,39788.27535838421
WOA,F9,12,37986.96545756735
WOA,F9,13,36101.26837489305
WOA,F9,14,38922.85236021964
WOA,F9,15,38279.09194683106
WOA,F9,16,38088.83305545749
WOA,F9,17,31328.184470825236
WOA,F9,18,39225.23124460006
WOA,F9,19,32064.88811246266
WOA,F9,20,39023.7778074181
WOA,F9,21,33156.16146428642
WOA,F9,22,35948.80133533916
WOA,F9,23,38920.72462758623
WOA,F9,24,40629.83807025161
WOA,F9,25,33237.6332610095
WOA,F9,26,43093.789724220595
WOA,F9,27,41730.82314698338
WOA,F9,28,44814.94735155176
WOA,F9,29,35012.8785403413
WOA,F9,30,40734.62821247941
WOA,F10,1,13961.88890670444
WOA,F10,2,14741.460333621108
WOA,F10,3,13902.021800730981
WOA,F10,4,15216.09287818394
WOA,F10,5,15818.327900035529
WOA,F10,6,15146.664438402146
WOA,F10,7,12523.153050253335
WOA,F10,8,14891.906932662307
WOA,F10,9,15377.945596003763
WOA,F10,10,14531.414039736072
WOA,F10,11,15718.558831033526
WOA,F10,12,14905.67450485353
WOA,F10,13,14033.65216781994
WOA,F10,14,13782.173028460937
WOA,F10,15,16011.444506333115
WOA,F10,16,14742.399355912068
WOA,F10,17,14092.895320309435
WOA,F10,18,12650.279913568651
WOA,F10,19,14333.326751561506
WOA,F10,20,15501.304556207866
WOA,F10,21,14866.886142996755
WOA,F10,22,14319.13461936438
WOA,F10,23,14763.134676182992
WOA,F10,24,13056.989814504988
WOA,F10,25,14377.662962761358
WOA,F10,26,12655.97693167224
WOA,F10,27,14141.588189900689
WOA,F10,28,14176.219890648874
WOA,F10,29,14587.53269577517
WOA,F10,30,14601.327816071986
WOA,F11,1,21978.397035916194
WOA,F11,2,17548.213545874158
WOA,F11,3,23456.111697374123
WOA,F11,4,20355.470686115907
WOA,F11,5,17998.541197461134
WOA,F11,6,16028.538481542699
WOA,F11,7,18617.300334958265
WOA,F11,8,17969.43321064674
WOA,F11,9,18935.54911165904
WOA,F11,10,18518.308699867037
WOA,F11,11,18366.349590462727
WOA,F11,12,11005.657746446755
WOA,F11,13,15098.912265146602
WOA,F11,14,18848.944298568098
WOA,F11,15,21121.91320107662
WOA,F11,16,17534.52698649549
WOA,F11,17,20739.135550426683
WOA,F11,18,14755.965475162788
WOA,F11,19,18009.780634399158
WOA,F11,20,18267.685143285475
WOA,F11,21,16798.65192203436
WOA,F11,22,12970.777124522612
WOA,F11,23,16221.536296366581
WOA,F11,24,21156.6267072814
WOA,F11,25,9169.000537018852
WOA,F11,26,14882.113684229622
WOA,F11,27,13544.035632331022
WOA,F11,28,12925.288356866551
WOA,F11,29,21229.220738520402
WOA,F11,30,21695.58075250963
WOA,F12,1,37911510858.08658
WOA,F12,2,32628823821.207752
WOA,F12,3,18544182029.766785
WOA,F12,4,35812283913.80917
WOA,F12,5,48616977025.84478
WOA,F12,6,31870653919.256
WOA,F12,7,24343469036.89164
WOA,F12,8,26248908110.487038
WOA,F12,9,39825035377.157745
WOA,F12,10,22887114570.774384
WOA,F12,11,30278507925.45855
WOA,F12,12,61797366727.35384
WOA,F12,13,31857632980.747665
WOA,F12,14,16954817300.121553
WOA,F12,15,30028556618.146088
WOA,F12,16,17470256737.021313
WOA,F12,17,21179255097.993687
WOA,F12,18,47643373556.90718
WOA,F12,19,28850225804.553513
WOA,F12,20,13916027012.000027
WOA,F12,21,34082077971.55082
WOA,F12,22,35095365959.50858
WOA,F12,23,13507446071.60365
WOA,F12,24,24305436814.737988
WOA,F12,25,25799605808.78867
WOA,F12,26,36334670577.87804
WOA,F12,27,21461980569.561146
WOA,F12,28,10370080033.120327
WOA,F12,29,37063390656.51051
WOA,F12,30,21002365637.17891
WOA,F13,1,10876647822.074188
WOA,F13,2,7066358927.84039
WOA,F13,3,6270160812.013927
WOA,F13,4,12560683422.944712
WOA,F13,5,6766328999.25123
WOA,F13,6,10151972880.888401
WOA,F13,7,1951765755.7406344
WOA,F13,8,4071327480.6291995
WOA,F13,9,3922289131.9443707
WOA,F13,10,5959473843.402812
WOA,F13,11,3973716954.713719
WOA,F13,12,5587342595.956218
WOA,F13,13,10162192467.616695
WOA,F13,14,4294131372.4546766
WOA,F13,15,5490811064.851982
WOA,F13,16,7028312024.692594
WOA,F13,17,3872444721.585086
WOA,F13,18,7577723991.128079
WOA,F13,19,5591063318.993261
WOA,F13,20,5270424933.1256485
WOA,F13,21,7974760205.855656
WOA,F13,22,1076183129.4188702
WOA,F13,23,2785726289.870094
WOA,F13,24,6855161605.381815
WOA,F13,25,6671009348.237756
WOA,F13,26,11535743900.845272
WOA,F13,27,4792887312.36374
WOA,F13,28,11874911499.094484
WOA,F13,29,7951941289.926864
WOA,F13,30,8211513861.066881
WOA,F14,1,16733354.881284986
WOA,F14,2,6343605.4043240165
WOA,F14,3,5501950.81594706
WOA,F14,4,13147290.181510093
WOA,F14,5,63917436.82075298
WOA,F14,6,19389595.04766513
WOA,F14,7,32536615.313530773
WOA,F14,8,111905246.4080738
WOA,F14,9,1431929.2346022099
WOA,F14,10,4306625.471583687
WOA,F14,11,78520467.07467304
WOA,F14,12,51643711.19974643
WOA,F14,13,7949197.53170726
WOA,F14,14,2304484.643844237
WOA,F14,15,12727424.929770948
WOA,F14,16,21743233.960710987
WOA,F14,17,69189618.94384845
WOA,F14,18,7740593.568488127
WOA,F14,19,3206905.807489542
WOA,F14,20,531303.5140241918
WOA,F14,21,16517833.741737878
WOA,F14,22,6285068.379649829
WOA,F14,23,8220735.609477004
WOA,F14,24,24676980.897224505
WOA,F14,25,29118955.31448777
WOA,F14,26,29302857.86153856
WOA,F14,27,25457169.14872356
WOA,F14,28,11254340.659656659
WOA,F14,29,5454077.723737941
WOA,F14,30,39463660.46257172
WOA,F15,1,3438595593.34252
WOA,F15,2,2680982399.8558884
WOA,F15,3,785172655.4206089
WOA,F15,4,251302160.89748406
WOA,F15,5,2521696322.8733554
WOA,F15,6,2513446667.9690223
WOA,F15,7,414404044.40401053
WOA,F15,8,332815665.5301395
WOA,F15,9,1720687893.028492
WOA,F15,10,3292688962.969987
WOA,F15,11,446939897.30880606
WOA,F15,12,492862487.68286425
WOA,F15,13,2397864970.089549
WOA,F15,14,1527323312.3041425
WOA,F15,15,1842156764.9273849
WOA,F15,16,882052776.7345933
WOA,F15,17,2939016622.5163417
WOA,F15,18,209255855.8838263
WOA,F15,19,497034797.89518434
WOA,F15,20,2118816336.950732
WOA,F15,21,2468003567.5606117
WOA,F15,22,158480830.8600476
WOA,F15,23,373901006.3709149
WOA,F15,24,897295652.9924307
WOA,F15,25,1390815186.3998964
WOA,F15,26,511585155.3055004
WOA,F15,27,3069640263.530644
WOA,F15,28,259852346.36915404
WOA,F15,29,581763827.6810218
WOA,F15,30,1683336301.1094794
WOA,F16,1,8035.667009321729
WOA,F16,2,6973.249620337967
WOA,F16,3,6686.496622999261
WOA,F16,4,5935.63890539196
WOA,F16,5,9711.317297302196
WOA,F16,6,10067.159208204775
WOA,F16,7,6524.063163296691
WOA,F16,8,6394.522284575785
WOA,F16,9,7919.750448897683
WOA,F16,10,9186.774090327002
WOA,F16,11,6452.158341006226
WOA,F16,12,6468.478605510273
WOA,F16,13,6542.211193352428
WOA,F16,14,7093.147860945757
WOA,F16,15,8365.398485187765
WOA,F16,16,12446.555662026934
WOA,F16,17,8436.484194487673
WOA,F16,18,9311.82534152082
WOA,F16,19,8774.225689445564
WOA,F16,20,8925.620436651268
WOA,F16,21,10690.744643137137
WOA,F16,22,6551.692499206532
WOA,F16,23,11873.681613763008
WOA,F16,24,6191.102148507637
WOA,F16,25,6858.234000419374
WOA,F16,26,9385.280261450593
WOA,F16,27,6535.686152615784
WOA,F16,28,7489.961986603163
WOA,F16,29,10568.695272416295
WOA,F16,30,10817.750953681352
WOA,F17,1,5725.07286259409
WOA,F17,2,6358.612225817437
WOA,F17,3,4126.106979875272
WOA,F17,4,14152.59978040036
WOA,F17,5,5396.3628576673
WOA,F17,6,4565.204175627961
WOA,F17,7,4607.316274826468
WOA,F17,8,9335.884302477898
WOA,F17,9,4860.834856309354
WOA,F17,10,7298.9702081531605
WOA,F17,11,6903.700269698088
WOA,F17,12,7964.243833039896
WOA,F17,13,4472.50129219261
WOA,F17,14,6540.450230996359
WOA,F17,15,8797.390017606966
WOA,F17,16,5217.663342275069
WOA,F17,17,6233.394825340265
WOA,F17,18,4753.759969176528
WOA,F17,19,5953.251313267649
WOA,F17,20,4372.178980544901
WOA,F17,21,8826.07115575836
WOA,F17,22,5018.399152982585
WOA,F17,23,6809.724507877307
WOA,F17,24,6087.613578543073
WOA,F17,25,5612.960482193068
WOA,F17,26,4595.882140406576
WOA,F17,27,4673.666419497627
WOA,F17,28,10905.424087744494
WOA,F17,29,5716.142242200708
WOA,F17,30,6304.90323389196
WOA,F18,1,113150952.45322825
WOA,F18,2,234086587.75737238
WOA,F18,3,22423526.409604434
WOA,F18,4,118048187.29274766
WOA,F18,5,109126729.95960534
WOA,F18,6,116321344.88443865
WOA,F18,7,61962187.18988775
WOA,F18,8,104275615.72624858
WOA,F18,9,23133322.540306468
WOA,F18,10,65088246.15129619
WOA,F18,11,389399363.8621225
WOA,F18,12,287576971.3574221
WOA,F18,13,47667892.56493539
WOA,F18,14,78035210.98616952
WOA,F18,15,43698396.78165175
WOA,F18,16,137800925.54750702
WOA,F18,17,227352791.63121873
WOA,F18,18,111387180.96976428
WOA,F18,19,63456454.02548485
WOA,F18,20,38364470.66429039
WOA,F18,21,184831140.1165035
WOA,F18,22,28067581.606739685
WOA,F18,23,22736760.300238296
WOA,F18,24,100720735.25249799
WOA,F18,25,434682247.03546727
WOA,F18,26,26305047.024113785
WOA,F18,27,50772407.89549605
WOA,F18,28,10444694.8951452
WOA,F18,29,50595646.98419114
WOA,F18,30,199255998.91282138
WOA,F19,1,1529712812.4782057
WOA,F19,2,268362039.51348284
WOA,F19,3,1318683381.1730316
WOA,F19,4,162366244.5955822
WOA,F19,5,228488716.42683098
WOA,F19,6,123275061.15283673
WOA,F19,7,369574765.8113038
WOA,F19,8,261526698.93849674
WOA,F19,9,226316411.9511266
WOA,F19,10,66557481.178422876
WOA,F19,11,241785346.62019762
WOA,F19,12,2474536005.839314
WOA,F19,13,718201042.9228369
WOA,F19,14,172487063.18387428
WOA,F19,15,1164690524.797664
WOA,F19,16,189758108.0067261
WOA,F19,17,1058791778.0138476
WOA,F19,18,121765831.33161816
WOA,F19,19,265856725.40164855
WOA,F19,20,711732379.2704037
WOA,F19,21,820819582.6836951
WOA,F19,22,205235761.42409682
WOA,F19,23,147074111.6085632
WOA,F19,24,497894515.38386494
WOA,F19,25,1369702668.7308452
WOA,F19,26,436967921.5459808
WOA,F19,27,922312358.490612
WOA,F19,28,689265600.349346
WOA,F19,29,316532447.95174223
WOA,F19,30,246484897.0872961
WOA,F20,1,3917.6447143956348
WOA,F20,2,4311.617965719434
WOA,F20,3,3823.8202727945154
WOA,F20,4,4207.575571754973
WOA,F20,5,4280.259633597779
WOA,F20,6,4796.56718718015
WOA,F20,7,4176.487292018054
WOA,F20,8,4174.817479217671
WOA,F20,9,3561.0520526863825
WOA,F20,10,3994.95877789037
WOA,F20,11,4371.43782868293
WOA,F20,12,3878.3050981127953
WOA,F20,13,3503.7986138819742
WOA,F20,14,4275.820499880966
WOA,F20,15,4248.026259041226
WOA,F20,16,4710.172669899004
WOA,F20,17,4029.3400102425953
WOA,F20,18,4187.4873807186705
WOA,F20,19,4070.206721776047
WOA,F20,20,4402.64551559517
WOA,F20,21,4015.498680975136
WOA,F20,22,4169.2680337809925
WOA,F20,23,3825.657311071931
WOA,F20,24,4108.203533188351
WOA,F20,25,4069.363039859686
WOA,F20,26,4054.6697430759546
WOA,F20,27,3957.4992609089477
WOA,F20,28,4204.075203189204
WOA,F20,29,4158.218429917602
WOA,F20,30,4073.9276409750287
WOA,F21,1,3410.83536063595
WOA,F21,2,3149.06676247629
WOA,F21,3,3352.2724272369005
WOA,F21,4,3277.176310082865
WOA,F21,5,3054.0642240611423
WOA,F21,6,3266.2029579819264
WOA,F21,7,3201.0877252222517
WOA,F21,8,3157.0930826801605
WOA,F21,9,3134.079772141703
WOA,F21,10,3213.401646895661
WOA,F21,11,3363.300475047109
WOA,F21,12,3109.1224085996446
WOA,F21,13,3340.642891611995
WOA,F21,14,3262.7808130968733
WOA,F21,15,3245.907958526181
WOA,F21,16,3159.1110287921815
WOA,F21,17,3288.6248526420763
WOA,F21,18,3140.804887781441
WOA,F21,19,3167.347301507667
WOA,F21,20,3237.318815799782
WOA,F21,21,3216.6749876111576
WOA,F21,22,3152.6860231007668
WOA,F21,23,3116.947506165284
WOA,F21,24,3286.857193523668
WOA,F21,25,3191.684801042251
WOA,F21,26,3043.544953102648
WOA,F21,27,3352.69125475536
WOA,F21,28,3068.7638146786376
WOA,F21,29,3074.6173866301788
WOA,F21,30,3054.3411676877777
WOA,F22,1,15690.56930565367
WOA,F22,2,15852.300504297045
WOA,F22,3,16466.786912449097
WOA,F22,4,15834.165658708902
WOA,F22,5,17579.76608299681
WOA,F22,6,16510.929205638233
WOA,F22,7,15551.593563718961
WOA,F22,8,18110.68083842309
WOA,F22,9,16749.00279052881
WOA,F22,10,15633.777661039256
WOA,F22,11,14565.719673417532
WOA,F22,12,16594.237247259058
WOA,F22,13,15035.400659703364
WOA,F22,14,16871.942586135876
WOA,F22,15,14945.381047488914
WOA,F22,16,15819.84431222987
WOA,F22,17,16811.276174150335
WOA,F22,18,16274.283973150013
WOA,F22,19,16541.850185762178
WOA,F22,20,15353.657725754238
WOA,F22,21,15250.963261440971
WOA,F22,22,15299.988302390251
WOA,F22,23,14772.533465856948
WOA,F22,24,16071.449814173553
WOA,F22,25,17437.923571480984
WOA,F22,26,16419.642603709777
WOA,F22,27,16616.37828269143
WOA,F22,28,15178.53459135745
WOA,F22,29,15981.832263991078
WOA,F22,30,17011.86478531782
WOA,F23,1,4134.375666875383
WOA,F23,2,4136.780735818022
WOA,F23,3,4440.305859793181
WOA,F23,4,4896.70029165849
WOA,F23,5,4415.422718948897
WOA,F23,6,4658.282239349426
WOA,F23,7,3936.647806865708
WOA,F23,8,4666.7005295295885
WOA,F23,9,4374.580089015664
WOA,F23,10,4002.897453127659
WOA,F23,11,4798.472424657147
WOA,F23,12,4146.19709720384
WOA,F23,13,4590.5532485462845
WOA,F23,14,4680.955289705356
WOA,F23,15,4728.594013594193
WOA,F23,16,3868.272266965978
WOA,F23,17,4076.307969229665
WOA,F23,18,4253.1260706965195
WOA,F23,19,4618.481264914921
WOA,F23,20,4247.549629850904
WOA,F23,21,4258.159232041656
WOA,F23,22,4460.260229408688
WOA,F23,23,4506.056092078374
WOA,F23,24,4969.303128509028
WOA,F23,25,4161.1299305036855
WOA,F23,26,4105.138542381261
WOA,F23,27,4854.910305550932
WOA,F23,28,4127.409523869199
WOA,F23,29,4631.531737094629
WOA,F23,30,4106.2630763351335
WOA,F24,1,4785.3055033955425
WOA,F24,2,4633.252348848962
WOA,F24,3,5028.823032307022
WOA,F24,4,4351.6503672501385
WOA,F24,5,4426.502888551422
WOA,F24,6,3977.54537918039
WOA,F24,7,4640.101298619868
WOA,F24,8,4126.6410509303
WOA,F24,9,4200.626684099678
WOA,F24,10,3818.373548810672
WOA,F24,11,4517.438696038891
WOA,F24,12,5712.733354069813
WOA,F24,13,4349.893985889717
WOA,F24,14,3885.171504508113
WOA,F24,15,4307.518375662221
WOA,F24,16,4391.685159770659
WOA,F24,17,4474.935543330249
WOA,F24,18,4107.493423434064
WOA,F24,19,3906.994220360325
WOA,F24,20,4738.301878725359
WOA,F24,21,4513.092454418467
WOA,F24,22,4242.879772660124
WOA,F24,23,4188.197987216807
WOA,F24,24,5022.942076846921
WOA,F24,25,4611.770231484909
WOA,F24,26,4212.997950267612
WOA,F24,27,4339.162517463122
WOA,F24,28,4879.368009124179
WOA,F24,29,4051.4001817641247
WOA,F24,30,3945.4632382108775
WOA,F25,1,9299.49341626007
WOA,F25,2,10783.463872184955
WOA,F25,3,10550.720703669427
WOA,F25,4,11019.028073362633
WOA,F25,5,10626.931744903342
WOA,F25,6,12580.68846538661
WOA,F25,7,9823.460987964574
WOA,F25,8,9702.480950673124
WOA,F25,9,11405.398000128334
WOA,F25,10,12259.33623830352
WOA,F25,11,11684.67390315177
WOA,F25,12,8686.04715542923
WOA,F25,13,10486.308112403845
WOA,F25,14,14981.073874847154
WOA,F25,15,12537.834568589915
WOA,F25,16,9992.302754331886
WOA,F25,17,13075.277914886576
WOA,F25,18,10560.204645843605
WOA,F25,19,10362.402031369535
WOA,F25,20,8832.094679929953
WOA,F25,21,8193.941621366212
WOA,F25,22,12534.397836956874
WOA,F25,23,11959.073341603384
WOA,F25,24,11097.999764756541
WOA,F25,25,9583.8706006128
WOA,F25,26,8075.265600436716
WOA,F25,27,11658.317418437564
WOA,F25,28,8554.726255607988
WOA,F25,29,11455.974768467588
WOA,F25,30,10105.446661343576
WOA,F26,1,17807.696071526538
WOA,F26,2,16617.362466965453
WOA,F26,3,17513.3396590425
WOA,F26,4,16152.480091289053
WOA,F26,5,17771.006952111424
WOA,F26,6,16773.332087948074
WOA,F26,7,17493.483952631348
WOA,F26,8,17558.79594513741
WOA,F26,9,17591.554447421346
WOA,F26,10,15748.44037625259
WOA,F26,11,16108.617311957147
WOA,F26,12,16856.15622721752
WOA,F26,13,17358.73343870244
WOA,F26,14,17803.759617768756
WOA,F26,15,18552.141858734874
WOA,F26,16,16547.233040719722
WOA,F26,17,17094.59449575431
WOA,F26,18,16452.228628082215
WOA,F26,19,19390.564958850046
WOA,F26,20,15065.34393318443
WOA,F26,21,16145.442704603784
WOA,F26,22,16809.800871551663
WOA,F26,23,14709.50143898723
WOA,F26,24,17043.543154859675
WOA,F26,25,17521.92042587847
WOA,F26,26,17566.668182967034
WOA,F26,27,18563.405783881663
WOA,F26,28,14301.246755482342
WOA,F26,29,18281.627424877035
WOA,F26,30,16481.05849197458
WOA,F27,1,4544.84425406485
WOA,F27,2,5087.617987958038
WOA,F27,3,6658.8757563532
WOA,F27,4,4934.646504866787
WOA,F27,5,6775.23416668272
WOA,F27,6,5442.946138520716
WOA,F27,7,7610.334701003091
WOA,F27,8,5634.64995482566
WOA,F27,9,7710.604894836419
WOA,F27,10,6023.829899360613
WOA,F27,11,5492.336483623309
WOA,F27,12,4235.667538874081
WOA,F27,13,7013.2516897044625
WOA,F27,14,7584.263839603092
WOA,F27,15,6273.440415017121
WOA,F27,16,7301.902141744043
WOA,F27,17,7529.564616467691
WOA,F27,18,6299.412292838782
WOA,F27,19,4589.573195642453
WOA,F27,20,8480.047267973448
WOA,F27,21,5472.809004599386
WOA,F27,22,5996.986811928422
WOA,F27,23,6840.460694777501
WOA,F27,24,6608.954508522109
WOA,F27,25,5193.928263800431
WOA,F27,26,5666.878508350101
WOA,F27,27,6937.092317486057
WOA,F27,28,8589.028300608945
WOA,F27,29,6512.652818993733
WOA,F27,30,8037.065030404904
WOA,F28,1,10177.81207654572
WOA,F28,2,11231.154868047848
WOA,F28,3,11273.25816171778
WOA,F28,4,9529.492261465914
WOA,F28,5,8582.351210501542
WOA,F28,6,8209.95377645989
WOA,F28,7,10519.0770638429
WOA,F28,8,9413.170889299026
WOA,F28,9,10527.109474129524
WOA,F28,10,7700.698675260917
WOA,F28,11,8227.430572192707
WOA,F28,12,10507.541469221193
WOA,F28,13,9980.671449059366
WOA,F28,14,8217.12592398051
WOA,F28,15,10450.317722324085
WOA,F28,16,10027.481315747296
WOA,F28,17,9357.006811455449
WOA,F28,18,8568.33025838645
WOA,F28,19,12297.240425684391
WOA,F28,20,9156.395915439498
WOA,F28,21,9823.641697928488
WOA,F28,22,8170.1615976318535
WOA,F28,23,9419.03328994142
WOA,F28,24,8764.946079551995
WOA,F28,25,8218.868261024902
WOA,F28,26,7003.0660427704315
WOA,F28,27,9324.744863321215
WOA,F28,28,9237.085692177712
WOA,F28,29,9128.00894016982
WOA,F28,30,10287.171884235748
WOA,F29,1,13087.145482181033
WOA,F29,2,9342.403399354318
WOA,F29,3,11004.116421640601
WOA,F29,4,18808.154795406677
WOA,F29,5,16430.465310198288
WOA,F29,6,19271.534469352515
WOA,F29,7,14176.426323597452
WOA,F29,8,13439.04325147319
WOA,F29,9,11943.164067915495
WOA,F29,10,11173.154975788286
WOA,F29,11,9943.636392957105
WOA,F29,12,13744.01864275267
WOA,F29,13,10290.385519198393
WOA,F29,14,16760.81647204791
WOA,F29,15,25046.307297575644
WOA,F29,16,15294.233402629263
WOA,F29,17,14262.48046443992
WOA,F29,18,12318.258163074632
WOA,F29,19,18085.109857636984
WOA,F29,20,10501.313841699959
WOA,F29,21,13266.034605407935
WOA,F29,22,9251.716679709272
WOA,F29,23,12784.642079878868
WOA,F29,24,9821.987514254826
WOA,F29,25,77391.66657577468
WOA,F29,26,26527.65306907375
WOA,F29,27,11156.453673453336
WOA,F29,28,16469.76188143533
WOA,F29,29,19371.638918124994
WOA,F29,30,10884.176349497317
WOA,F30,1,1198471332.7823515
WOA,F30,2,1688282561.1812377
WOA,F30,3,1620852610.004428
WOA,F30,4,1490251630.26989
WOA,F30,5,1345714126.0031154
WOA,F30,6,2993652436.23947
WOA,F30,7,1362489937.5492437
WOA,F30,8,2571220483.2960377
WOA,F30,9,1120057250.0294275
WOA,F30,10,1267270438.8603156
WOA,F30,11,1294346371.1248264
WOA,F30,12,3213207996.0786247
WOA,F30,13,737429703.0822257
WOA,F30,14,1217636715.3609295
WOA,F30,15,1307747486.769445
WOA,F30,16,2247685432.302187
WOA,F30,17,2231667863.148561
WOA,F30,18,884416777.6749961
WOA,F30,19,532754469.78026986
WOA,F30,20,1298796695.9337475
WOA,F30,21,2966260325.323716
WOA,F30,22,1729724507.082259
WOA,F30,23,915659628.0929164
WOA,F30,24,3809017703.6049356
WOA,F30,25,908975183.4918606
WOA,F30,26,2008025139.6207056
WOA,F30,27,1478778228.4517
WOA,F30,28,985742535.1500113
WOA,F30,29,1025810416.277305
WOA,F30,30,949096218.1208762
BHO,F1,1,13844663.152614072
BHO,F1,2,3945952.370379433
BHO,F1,3,8578612.665984014
BHO,F1,4,10162167.02267604
BHO,F1,5,18412045.37563297
BHO,F1,6,15886277.658171322
BHO,F1,7,6260400.573126953
BHO,F1,8,6154043.558441746
BHO,F1,9,7187258.117338714
BHO,F1,10,15015744.079755777
BHO,F1,11,17424114.4887628
BHO,F1,12,10065926.15404256
BHO,F1,13,16855137.19699904
BHO,F1,14,4126672.98446554
BHO,F1,15,8004733.948623123
BHO,F1,16,11546926.066480532
BHO,F1,17,25547985.19260152
BHO,F1,18,8160902.162476055
BHO,F1,19,7397499.260611817
BHO,F1,20,19368537.546660654
BHO,F1,21,76439559.296604
BHO,F1,22,10958003.456726272
BHO,F1,23,8715136.866687061
BHO,F1,24,3703462.033982283
BHO,F1,25,18352050.548630938
BHO,F1,26,13034749.059543215
BHO,F1,27,4305060.7099551335
BHO,F1,28,1765119.3414943176
BHO,F1,29,4856198.523566772
BHO,F1,30,6782617.057321058
BHO,F3,1,74214.45225835212
BHO,F3,2,37140.18349170628
BHO,F3,3,57960.75217932261
BHO,F3,4,71499.61412135347
BHO,F3,5,66159.97629794921
BHO,F3,6,32070.5556492499
BHO,F3,7,96199.05824412727
BHO,F3,8,60265.73704123468
BHO,F3,9,69531.44593476651
BHO,F3,10,40046.116181115976
BHO,F3,11,87884.94484431007
BHO,F3,12,59847.75982842844
BHO,F3,13,48594.53929939238
BHO,F3,14,46307.408984103284
BHO,F3,15,50043.06357689865
BHO,F3,16,134019.87088436208
BHO,F3,17,88338.08426278233
BHO,F3,18,88681.70581739162
BHO,F3,19,94649.04529431158
BHO,F3,20,53645.6301965034
BHO,F3,21,59587.67770199063
BHO,F3,22,63659.335137211165
BHO,F3,23,68347.10995452042
BHO,F3,24,69085.80054806438
BHO,F3,25,77989.78279760292
BHO,F3,26,121681.28516061277
BHO,F3,27,37478.664844157574
BHO,F3,28,102897.0198739388
BHO,F3,29,38207.322214398
BHO,F3,30,105793.32518574565
BHO,F4,1,576.6507412460408
BHO,F4,2,659.4847822605345
BHO,F4,3,619.1677492825955
BHO,F4,4,687.2430587052999
BHO,F4,5,777.0240436437875
BHO,F4,6,699.631920222613
BHO,F4,7,563.8645997949513
BHO,F4,8,577.5896633542849
BHO,F4,9,658.6789658224463
BHO,F4,10,710.587324527858
BHO,F4,11,582.3132767045964
BHO,F4,12,636.7063850643823
BHO,F4,13,570.448636143519
BHO,F4,14,708.5613098317184
BHO,F4,15,697.0743371314123
BHO,F4,16,566.8612511385852
BHO,F4,17,661.7289766448046
BHO,F4,18,640.8926198170795
BHO,F4,19,679.5449833169046
BHO,F4,20,600.5734621369057
BHO,F4,21,584.7706705531456
BHO,F4,22,684.8438371412739
BHO,F4,23,625.2701644116859
BHO,F4,24,608.9102920453954
BHO,F4,25,599.1033570511518
BHO,F4,26,631.7016700734329
BHO,F4,27,601.6154668256318
BHO,F4,28,563.3818309166462
BHO,F4,29,559.5338977920444
BHO,F4,30,605.4630835836143
BHO,F5,1,683.6333522496707
BHO,F5,2,704.6018456852642
BHO,F5,3,728.8734059281583
BHO,F5,4,692.9204721494611
BHO,F5,5,712.4914736234037
BHO,F5,6,775.9519981792623
BHO,F5,7,688.607861347455
BHO,F5,8,693.6198908142644
BHO,F5,9,694.6808412580439
BHO,F5,10,765.7421067983573
BHO,F5,11,673.4789135160825
BHO,F5,12,749.7950426546826
BHO,F5,13,702.2629038114345
BHO,F5,14,691.5879683951905
BHO,F5,15,671.2187121466224
BHO,F5,16,691.8272688655436
BHO,F5,17,694.5673795826591
BHO,F5,18,711.4759484377976
BHO,F5,19,727.2754578225226
BHO,F5,20,709.4771216276223
BHO,F5,21,712.8915519614648
BHO,F5,22,711.5160305835357
BHO,F5,23,734.6895279070263
BHO,F5,24,751.1321663343906
BHO,F5,25,726.4266737269564
BHO,F5,26,709.9036146730142
BHO,F5,27,703.0913192844034
BHO,F5,28,688.9683487461344
BHO,F5,29,687.9599576333652
BHO,F5,30,698.9364420762126
BHO,F6,1,613.9179232615326
BHO,F6,2,603.0583731435092
BHO,F6,3,613.4034856442005
BHO,F6,4,616.1625752032791
BHO,F6,5,617.8191273054664
BHO,F6,6,610.4736382529378
BHO,F6,7,614.9737462398109
BHO,F6,8,613.1847887722806
BHO,F6,9,609.9298618692648
BHO,F6,10,616.8606760687697
BHO,F6,11,610.8408853377272
BHO,F6,12,615.9742731199506
BHO,F6,13,621.3608639336684
BHO,F6,14,614.6268471287904
BHO,F6,15,612.7682257097747
BHO,F6,16,610.9969283188635
BHO,F6,17,612.3166555505085
BHO,F6,18,617.6802335943574
BHO,F6,19,611.154137567211
BHO,F6,20,607.7858544206003
BHO,F6,21,612.8749655047716
BHO,F6,22,620.7423982902606
BHO,F6,23,611.7798132538312
BHO,F6,24,614.4204314814544
BHO,F6,25,614.8957291156054
BHO,F6,26,619.9028171470303
BHO,F6,27,607.6086312210673
BHO,F6,28,613.3926462913897
BHO,F6,29,612.097080221931
BHO,F6,30,615.6653793189291
BHO,F7,1,984.2227640853619
BHO,F7,2,1039.6133037811733
BHO,F7,3,1060.6528041373538
BHO,F7,4,999.4012257396237
BHO,F7,5,1071.0988937522593
BHO,F7,6,1012.040216485296
BHO,F7,7,1101.6972829849794
BHO,F7,8,1091.2790831306409
BHO,F7,9,955.6805567237518
BHO,F7,10,1104.4622951752954
BHO,F7,11,995.5688786050923
BHO,F7,12,1022.826587453262
BHO,F7,13,1023.1435430671643
BHO,F7,14,1052.7208765332884
BHO,F7,15,1272.148100273408
BHO,F7,16,1146.5527915314115
BHO,F7,17,1087.7935405850415
BHO,F7,18,1149.8971798132939
BHO,F7,19,1071.9890587081031
BHO,F7,20,1136.1991715866732
BHO,F7,21,1007.9975215895544
BHO,F7,22,1101.644583335326
BHO,F7,23,1097.5962211078363
BHO,F7,24,1052.481148526983
BHO,F7,25,1271.0802734741078
BHO,F7,26,1022.2760827634257
BHO,F7,27,1033.1528840483995
BHO,F7,28,1043.1355878104673
BHO,F7,29,1093.347556841678
BHO,F7,30,1077.868538079127
BHO,F8,1,1009.1088207036371
BHO,F8,2,1006.8168342169436
BHO,F8,3,979.7866978257432
BHO,F8,4,1031.1156767104371
BHO,F8,5,1019.9198927171124
BHO,F8,6,992.0784470014385
BHO,F8,7,1051.3031669294446
BHO,F8,8,1008.4633519451619
BHO,F8,9,1007.070688712568
BHO,F8,10,987.5134512450818
BHO,F8,11,1015.8219117364933
BHO,F8,12,1058.00016749941
BHO,F8,13,999.2977735757734
BHO,F8,14,972.9248395241032
BHO,F8,15,997.5454565465951
BHO,F8,16,1022.0886885271639
BHO,F8,17,978.848894272719
BHO,F8,18,1025.1518566636269
BHO,F8,19,1018.2325378562592
BHO,F8,20,992.5503631109721
BHO,F8,21,1034.1068509134484
BHO,F8,22,922.1700716817721
BHO,F8,23,984.8570164798465
BHO,F8,24,1007.6503037661307
BHO,F8,25,1017.8048835590887
BHO,F8,26,1004.4469392995193
BHO,F8,27,995.329657176526
BHO,F8,28,1021.7903639983377
BHO,F8,29,1011.6080277852058
BHO,F8,30,1032.856969400728
BHO,F9,1,5644.33887179094
BHO,F9,2,8199.063121090447
BHO,F9,3,3593.5785552044067
BHO,F9,4,9616.865243239215
BHO,F9,5,4711.072697148895
BHO,F9,6,4892.491700192575
BHO,F9,7,3677.9762976873667
BHO,F9,8,5072.642799308971
BHO,F9,9,2661.1707820469965
BHO,F9,10,8987.852758389372
BHO,F9,11,5516.1713319658575
BHO,F9,12,9182.224798401832
BHO,F9,13,4502.14605283054
BHO,F9,14,4826.203861349484
BHO,F9,15,5944.94824481504
BHO,F9,16,5041.532814436742
BHO,F9,17,6539.42092779573
BHO,F9,18,3385.6209563274642
BHO,F9,19,10799.702136695343
BHO,F9,20,6065.7848027591035
BHO,F9,21,6431.5526970817655
BHO,F9,22,2813.9671128350687
BHO,F9,23,8663.522770758838
BHO,F9,24,2795.842320250699
BHO,F9,25,11763.103602391631
BHO,F9,26,3975.2819928683457
BHO,F9,27,4865.320898947499
BHO,F9,28,3787.9181161432693
BHO,F9,29,3434.2049277578417
BHO,F9,30,6810.51419061123
BHO,F10,1,9207.905691404776
BHO,F10,2,8380.516570202815
BHO,F10,3,8099.73180390704
BHO,F10,4,6609.088762481639
BHO,F10,5,6895.9343145506555
BHO,F10,6,7317.313861650882
BHO,F10,7,7998.116454669653
BHO,F10,8,9474.091055008435
BHO,F10,9,8609.969123243798
BHO,F10,10,7249.478291608128
BHO,F10,11,8614.348372036482
BHO,F10,12,10357.894085872136
BHO,F10,13,9451.733908740414
BHO,F10,14,9238.146158166806
BHO,F10,15,8770.051739707636
BHO,F10,16,8090.425385184442
BHO,F10,17,8254.48348516487
BHO,F10,18,7791.061759750684
BHO,F10,19,8408.884476361161
BHO,F10,20,8122.430186707779
BHO,F10,21,8207.95208813296
BHO,F10,22,7713.472503014584
BHO,F10,23,9372.266253401984
BHO,F10,24,8543.831565719804
BHO,F10,25,8262.738939315717
BHO,F10,26,7998.738626553319
BHO,F10,27,9450.044577109187
BHO,F10,28,8582.154713488288
BHO,F10,29,8941.176305584926
BHO,F10,30,9522.462306317055
BHO,F11,1,1791.9053592578123
BHO,F11,2,1619.117671333166
BHO,F11,3,1504.5850630092816
BHO,F11,4,1550.4955727126726
BHO,F11,5,1444.0693805700107
BHO,F11,6,1536.5905945848053
BHO,F11,7,1441.501111992503
BHO,F11,8,1427.5895326745585
BHO,F11,9,1514.704790946568
BHO,F11,10,1388.0511009138047
BHO,F11,11,1496.996815952898
BHO,F11,12,1541.342239495164
BHO,F11,13,1535.8872407745694
BHO,F11,14,1574.7936488722567
BHO,F11,15,1357.4223991599467
BHO,F11,16,1470.2506759425512
BHO,F11,17,1365.4287117481008
BHO,F11,18,1498.7528994518082
BHO,F11,19,1323.4407635956065
BHO,F11,20,1544.5504831431094
BHO,F11,21,1446.400691588268
BHO,F11,22,1436.1457680078322
BHO,F11,23,1361.6700191545015
BHO,F11,24,1356.628987149346
BHO,F11,25,1647.5916004283183
BHO,F11,26,1482.966268832974
BHO,F11,27,1480.255005124129
BHO,F11,28,1442.64336196608
BHO,F11,29,1290.9017211384034
BHO,F11,30,1417.328904468945
BHO,F12,1,2861845.7659932156
BHO,F12,2,6584928.560279795
BHO,F12,3,9296946.722697813
BHO,F12,4,736102.0312332115
BHO,F12,5,1221285.193678194
BHO,F12,6,5342422.509083356
BHO,F12,7,13730398.567391708
BHO,F12,8,8348352.797891282
BHO,F12,9,6082014.132393657
BHO,F12,10,1456561.2315735393
BHO,F12,11,1534868.7309076332
BHO,F12,12,2031358.55479477
BHO,F12,13,2894760.9615055406
BHO,F12,14,765106.046410348
BHO,F12,15,8053650.8036425235
BHO,F12,16,4185823.523532841
BHO,F12,17,19380704.88729753
BHO,F12,18,14090412.0792487
BHO,F12,19,5388417.621311293
BHO,F12,20,830782.0114425872
BHO,F12,21,13282378.7301864
BHO,F12,22,3439324.7746940795
BHO,F12,23,3146194.4330526805
BHO,F12,24,4059976.81396289
BHO,F12,25,1096513.19696288
BHO,F12,26,4501369.005934793
BHO,F12,27,3828177.9325124193
BHO,F12,28,13323780.528623015
BHO,F12,29,9924052.60235143
BHO,F12,30,3193070.574924904
BHO,F13,1,13654.105560311069
BHO,F13,2,15183.207118832372
BHO,F13,3,16321.745954358334
BHO,F13,4,29181.738879371907
BHO,F13,5,24551.582331088834
BHO,F13,6,53868.28245012283
BHO,F13,7,29398.81535289629
BHO,F13,8,45885.778063815385
BHO,F13,9,33870.926549823
BHO,F13,10,52920.640520756024
BHO,F13,11,14105.233775014376
BHO,F13,12,41608.05488983186
BHO,F13,13,42170.67150625693
BHO,F13,14,9184.952741971229
BHO,F13,15,37047.5344989129
BHO,F13,16,21947.211472815317
BHO,F13,17,22761.228571027572
BHO,F13,18,28709.25280833001
BHO,F13,19,17701.21827458184
BHO,F13,20,11441.047229092597
BHO,F13,21,25424.638352437112
BHO,F13,22,28770.7600125709
BHO,F13,23,22962.13806055901
BHO,F13,24,17759.798050560887
BHO,F13,25,36707.93408273838
BHO,F13,26,11136.039650306382
BHO,F13,27,19840.298119602045
BHO,F13,28,12199.366394336279
BHO,F13,29,57003.475781627
BHO,F13,30,23170.827383674103
BHO,F14,1,3943.657970238768
BHO,F14,2,11745.186813882268
BHO,F14,3,4459.761924409612
BHO,F14,4,2595.1339021664644
BHO,F14,5,19911.085748854748
BHO,F14,6,4476.537645944159
BHO,F14,7,4695.375260656284
BHO,F14,8,3534.3138612189828
BHO,F14,9,3493.604754699293
BHO,F14,10,13821.85659781626
BHO,F14,11,6208.279055691913
BHO,F14,12,7130.359764344601
BHO,F14,13,4464.384923321144
BHO,F14,14,20418.37359850199
BHO,F14,15,4212.547850522928
BHO,F14,16,2606.039003283402
BHO,F14,17,4625.2415925221485
BHO,F14,18,12245.759418049394
BHO,F14,19,2176.158063149394
BHO,F14,20,6746.721145266882
BHO,F14,21,3127.1141490625496
BHO,F14,22,4200.229179146785
BHO,F14,23,17616.529882246745
BHO,F14,24,51461.31367377746
BHO,F14,25,8755.087629580124
BHO,F14,26,3760.07416251036
BHO,F14,27,2137.468905858526
BHO,F14,28,30266.94239914595
BHO,F14,29,12868.120277452359
BHO,F14,30,2873.041499220577
BHO,F15,1,5116.519930727676
BHO,F15,2,6264.547331798371
BHO,F15,3,5375.021074625418
BHO,F15,4,11421.527831830666
BHO,F15,5,14526.05512088239
BHO,F15,6,4356.300046484934
BHO,F15,7,19483.126081581177
BHO,F15,8,11656.863076002852
BHO,F15,9,13990.485429553566
BHO,F15,10,6284.549647775883
BHO,F15,11,3466.452751253422
BHO,F15,12,6820.597420696124
BHO,F15,13,3313.097557827438
BHO,F15,14,18208.367385054582
BHO,F15,15,9104.678929724556
BHO,F15,16,9624.900654536625
BHO,F15,17,16801.12255437524
BHO,F15,18,11300.582041245594
BHO,F15,19,4151.310989077324
BHO,F15,20,4706.747385653627
BHO,F15,21,4605.54005460737
BHO,F15,22,11089.843771590597
BHO,F15,23,15215.088410729342
BHO,F15,24,5193.324684346388
BHO,F15,25,10149.140021366566
BHO,F15,26,6942.22573833683
BHO,F15,27,15443.891227592023
BHO,F15,28,12331.272517325484
BHO,F15,29,5403.7182485508565
BHO,F15,30,7831.3796657325565
BHO,F16,1,3311.781323887155
BHO,F16,2,3156.653884798433
BHO,F16,3,2596.208559482112
BHO,F16,4,3289.6080182489336
BHO,F16,5,2836.6568963448226
BHO,F16,6,3651.9045554351533
BHO,F16,7,3252.681070128243
BHO,F16,8,2881.101623686897
BHO,F16,9,3102.4484281613177
BHO,F16,10,2860.6336343366984
BHO,F16,11,3191.631134564941
BHO,F16,12,3058.1463708435426
BHO,F16,13,3235.7381940435907
BHO,F16,14,2779.7795435059707
BHO,F16,15,3397.148339359569
BHO,F16,16,2395.156932947659
BHO,F16,17,3117.1619381371293
BHO,F16,18,3277.967500468576
BHO,F16,19,2982.3796653207482
BHO,F16,20,2763.251011620574
BHO,F16,21,2454.8759587234485
BHO,F16,22,2404.9966163063173
BHO,F16,23,3309.0130167569246
BHO,F16,24,2943.516038843612
BHO,F16,25,2907.4267065946487
BHO,F16,26,3059.1294157567863
BHO,F16,27,3093.255419033315
BHO,F16,28,2727.7916654225196
BHO,F16,29,2842.838751613841
BHO,F16,30,3042.239013763487
BHO,F17,1,3008.3011400469504
BHO,F17,2,2439.8671379638763
BHO,F17,3,2925.2566339453447
BHO,F17,4,2713.505378792314
BHO,F17,5,2806.461532527354
BHO,F17,6,2495.510641432358
BHO,F17,7,2697.584803364013
BHO,F17,8,2968.4434301342117
BHO,F17,9,2977.7944855737132
BHO,F17,10,3378.6763195960293
BHO,F17,11,2804.603770714479
BHO,F17,12,3120.385789704165
BHO,F17,13,2619.6306894359527
BHO,F17,14,2924.7561951813823
BHO,F17,15,2756.688172568462
BHO,F17,16,3617.8944966360477
BHO,F17,17,2872.8586897529804
BHO,F17,18,3784.394907970842
BHO,F17,19,2871.528845695204
BHO,F17,20,2923.2953207689666
BHO,F17,21,2697.496195290307
BHO,F17,22,3232.0841393325145
BHO,F17,23,2654.7359013139558
BHO,F17,24,2492.4706249186393
BHO,F17,25,2904.075292864052
BHO,F17,26,2463.1798732799343
BHO,F17,27,2630.3365304591794
BHO,F17,28,2654.2308901361816
BHO,F17,29,2908.682903547522
BHO,F17,30,3740.2606302299882
BHO,F18,1,15808.212735225541
BHO,F18,2,154915.94500819666
BHO,F18,3,133579.36583403134
BHO,F18,4,66691.22879276189
BHO,F18,5,37773.10100657794
BHO,F18,6,118430.62881664782
BHO,F18,7,107075.0316470597
BHO,F18,8,53140.226602322015
BHO,F18,9,54840.02805718382
BHO,F18,10,182532.32158236747
BHO,F18,11,29559.473624581628
BHO,F18,12,51446.95341716831
BHO,F18,13,68542.51980230655
BHO,F18,14,255069.17810088533
BHO,F18,15,79240.5308618002
BHO,F18,16,132517.75126529724
BHO,F18,17,437851.10501321225
BHO,F18,18,89776.638115848
BHO,F18,19,58803.29493134768
BHO,F18,20,20131.60547898946
BHO,F18,21,62155.30689529894
BHO,F18,22,111570.19114846499
BHO,F18,23,15467.552328755693
BHO,F18,24,144164.77826946985
BHO,F18,25,109531.92839784507
BHO,F18,26,173879.25459699798
BHO,F18,27,29129.866242141215
BHO,F18,28,345823.05976338865
BHO,F18,29,201035.32051127963
BHO,F18,30,54117.2232629918
BHO,F19,1,2246.4655701397737
BHO,F19,2,5652.316960742093
BHO,F19,3,2502.6478806600817
BHO,F19,4,20486.88473905426
BHO,F19,5,2943.1556388254667
BHO,F19,6,2410.5079731971077
BHO,F19,7,2874.354199938159
BHO,F19,8,3314.6969737463814
BHO,F19,9,5192.531029969807
BHO,F19,10,2768.9013494007577
BHO,F19,11,2263.1737955367003
BHO,F19,12,9031.09634099874
BHO,F19,13,2151.919393562214
BHO,F19,14,26553.672594379575
BHO,F19,15,2144.423049132867
BHO,F19,16,2484.410708514341
BHO,F19,17,7327.868930094398
BHO,F19,18,2747.7006172015444
BHO,F19,19,2372.0634918488163
BHO,F19,20,4705.017306522914
BHO,F19,21,2243.759255846254
BHO,F19,22,25499.162930781364
BHO,F19,23,14918.131338434425
BHO,F19,24,22808.98670993623
BHO,F19,25,2423.3207082358203
BHO,F19,26,2603.3814337060953
BHO,F19,27,10316.533513371316
BHO,F19,28,9207.10560271031
BHO,F19,29,28958.347451649603
BHO,F19,30,5912.608003348852
BHO,F20,1,3500.8504992724393
BHO,F20,2,2939.1142088615384
BHO,F20,3,3100.441819673996
BHO,F20,4,2662.365456580427
BHO,F20,5,2492.2631180381845
BHO,F20,6,2906.1497043207223
BHO,F20,7,2762.2812383472574
BHO,F20,8,3373.0005010170926
BHO,F20,9,2717.1977420835415
BHO,F20,10,3037.479441832045
BHO,F20,11,2945.881780981149
BHO,F20,12,2974.8411376140025
BHO,F20,13,2613.280432620671
BHO,F20,14,2893.5044661233833
BHO,F20,15,2527.1802953719584
BHO,F20,16,2882.9974785920494
BHO,F20,17,2823.167770891917
BHO,F20,18,2956.269836268316
BHO,F20,19,2981.9576287372247
BHO,F20,20,2800.295430775921
BHO,F20,21,2982.250063616292
BHO,F20,22,3647.92043034953
BHO,F20,23,2910.54850742733
BHO,F20,24,3102.2075537575647
BHO,F20,25,2876.134824093848
BHO,F20,26,2493.353830969663
BHO,F20,27,2973.109950134677
BHO,F20,28,2705.8800521521716
BHO,F20,29,2496.3942992965062
BHO,F20,30,2724.827276145923
BHO,F21,1,2514.403267626906
BHO,F21,2,2479.830918689681
BHO,F21,3,2609.248900591028
BHO,F21,4,2509.6258694012663
BHO,F21,5,2495.385179175769
BHO,F21,6,2444.4924413013855
BHO,F21,7,2498.457165747173
BHO,F21,8,2499.614658296658
BHO,F21,9,2477.6698667231794
BHO,F21,10,2496.5339452056646
BHO,F21,11,2464.7063822739774
BHO,F21,12,2500.954576304418
BHO,F21,13,2530.9549044739224
BHO,F21,14,2465.7763668039324
BHO,F21,15,2489.2758413255233
BHO,F21,16,2474.1559149141035
BHO,F21,17,2535.7679040737253
BHO,F21,18,2504.063802031928
BHO,F21,19,2545.4855171734957
BHO,F21,20,2511.1750332877027
BHO,F21,21,2509.773444146953
BHO,F21,22,2449.486061621566
BHO,F21,23,2520.1047957447568
BHO,F21,24,2527.2685128221347
BHO,F21,25,2481.3244102186754
BHO,F21,26,2412.857534808883
BHO,F21,27,2488.802284984721
BHO,F21,28,2462.345172364982
BHO,F21,29,2483.758805584993
BHO,F21,30,2506.91035643633
BHO,F22,1,9136.271698882334
BHO,F22,2,11048.081586139451
BHO,F22,3,10272.31273314999
BHO,F22,4,10953.729532069125
BHO,F22,5,11044.750537952217
BHO,F22,6,10678.757091338008
BHO,F22,7,10667.442930807461
BHO,F22,8,12127.384557442356
BHO,F22,9,5130.616108220188
BHO,F22,10,10897.281564634477
BHO,F22,11,3297.1895518638303
BHO,F22,12,9368.42616793645
BHO,F22,13,11335.313983930379
BHO,F22,14,9267.4498880721
BHO,F22,15,9753.952933893117
BHO,F22,16,9993.912537542597
BHO,F22,17,11185.32259654499
BHO,F22,18,6518.641529961019
BHO,F22,19,10193.798678656407
BHO,F22,20,11812.190067392889
BHO,F22,21,4050.855708642557
BHO,F22,22,10899.869500850646
BHO,F22,23,3629.95024414584
BHO,F22,24,10470.208147974372
BHO,F22,25,3139.6331763466633
BHO,F22,26,9819.127521213906
BHO,F22,27,10093.243412185677
BHO,F22,28,2877.846251900975
BHO,F22,29,2854.643860828106
BHO,F22,30,2382.409724491049
BHO,F23,1,3005.9637141414105
BHO,F23,2,3057.509607283992
BHO,F23,3,3017.1559138555676
BHO,F23,4,3018.343035784317
BHO,F23,5,3010.645080685871
BHO,F23,6,2960.123241689803
BHO,F23,7,2972.7856547804854
BHO,F23,8,2941.200029064099
BHO,F23,9,3067.9590714754095
BHO,F23,10,2996.341068743401
BHO,F23,11,2944.6527949601873
BHO,F23,12,2873.9630840430027
BHO,F23,13,2971.568054689955
BHO,F23,14,3016.311215523561
BHO,F23,15,2976.467554141823
BHO,F23,16,2950.84835838219
BHO,F23,17,2988.911650961558
BHO,F23,18,2990.9108418149303
BHO,F23,19,3074.617583731085
BHO,F23,20,2966.077704725719
BHO,F23,21,3017.889592160452
BHO,F23,22,2979.545005064144
BHO,F23,23,3026.867977346883
BHO,F23,24,2967.009668196998
BHO,F23,25,2897.433288786991
BHO,F23,26,2945.7360974833887
BHO,F23,27,3004.212539366547
BHO,F23,28,2998.2622713194733
BHO,F23,29,2927.7775467252136
BHO,F23,30,3102.511013569687
BHO,F24,1,3132.727903544585
BHO,F24,2,3125.3362083539414
BHO,F24,3,3123.815764215532
BHO,F24,4,3173.104501212814
BHO,F24,5,3112.2306298058384
BHO,F24,6,3179.381053806007
BHO,F24,7,3134.1267248453623
BHO,F24,8,3170.663954196185
BHO,F24,9,3137.3603397690945
BHO,F24,10,3087.9032297739277
BHO,F24,11,3079.0802858032876
BHO,F24,12,3110.679814428391
BHO,F24,13,3130.3157379962413
BHO,F24,14,3063.308884279045
BHO,F24,15,3172.830297718807
BHO,F24,16,3085.211183718552
BHO,F24,17,3108.8355381204346
BHO,F24,18,3115.5189896809634
BHO,F24,19,3089.677196674593
BHO,F24,20,3157.778618631777
BHO,F24,21,3191.624700754731
BHO,F24,22,3157.372864154652
BHO,F24,23,3152.870526114817
BHO,F24,24,3127.90124413322
BHO,F24,25,3113.86412967687
BHO,F24,26,3168.9919804315086
BHO,F24,27,3124.1760870846856
BHO,F24,28,3069.391958551821
BHO,F24,29,3131.927676141606
BHO,F24,30,3150.7189282873587
BHO,F25,1,3066.075067135525
BHO,F25,2,3096.3899707730097
BHO,F25,3,3174.086873536878
BHO,F25,4,3149.511892842373
BHO,F25,5,3044.985369860901
BHO,F25,6,3130.320435370354
BHO,F25,7,3077.292942708192
BHO,F25,8,3117.6807179606776
BHO,F25,9,3063.854866030158
BHO,F25,10,3081.126399939818
BHO,F25,11,3092.883498109105
BHO,F25,12,3122.6645882407392
BHO,F25,13,3116.8841678835643
BHO,F25,14,3118.600502647474
BHO,F25,15,3190.743418114238
BHO,F25,16,3122.6484257506613
BHO,F25,17,3115.410411656735
BHO,F25,18,3098.937544390111
BHO,F25,19,3115.870352005444
BHO,F25,20,3101.891064278225
BHO,F25,21,3059.5766216786456
BHO,F25,22,3107.2058367560617
BHO,F25,23,3122.3415782408265
BHO,F25,24,3082.8055216716143
BHO,F25,25,3114.831080697635
BHO,F25,26,3124.733885788596
BHO,F25,27,3087.8229706275165
BHO,F25,28,3101.0402596545455
BHO,F25,29,3154.5856472079045
BHO,F25,30,3035.799899534529
BHO,F26,1,6271.312128372056
BHO,F26,2,5816.948350821045
BHO,F26,3,4021.337403713982
BHO,F26,4,5414.743925290078
BHO,F26,5,5957.9648784977135
BHO,F26,6,6075.508981466504
BHO,F26,7,6879.724283681426
BHO,F26,8,5874.844775389694
BHO,F26,9,5670.132309932162
BHO,F26,10,6500.011706399966
BHO,F26,11,5228.392463969721
BHO,F26,12,4471.442049667514
BHO,F26,13,6457.659452846943
BHO,F26,14,6433.867859146392
BHO,F26,15,5932.637448621672
BHO,F26,16,6556.551607674904
BHO,F26,17,6500.3875967081485
BHO,F26,18,5898.425482109085
BHO,F26,19,4869.763322823406
BHO,F26,20,6208.133524530088
BHO,F26,21,6519.348007688392
BHO,F26,22,5830.388867284334
BHO,F26,23,4541.434144771084
BHO,F26,24,7601.733936952212
BHO,F26,25,6558.819928085395
BHO,F26,26,5666.662753707351
BHO,F26,27,6600.881055530061
BHO,F26,28,7034.813024238155
BHO,F26,29,6391.56724320062
BHO,F26,30,6577.809862684007
BHO,F27,1,3377.7614262372836
BHO,F27,2,3587.114225436465
BHO,F27,3,3426.703241087844
BHO,F27,4,3656.7786929745876
BHO,F27,5,3445.9585002116123
BHO,F27,6,3633.6093403221357
BHO,F27,7,3657.0166682750587
BHO,F27,8,3559.3889418885587
BHO,F27,9,3351.4641257560384
BHO,F27,10,3315.010383124679
BHO,F27,11,3629.534112593955
BHO,F27,12,3554.6279202283436
BHO,F27,13,3485.772291935786
BHO,F27,14,3485.7830038037837
BHO,F27,15,3521.459375448512
BHO,F27,16,3590.7146526553147
BHO,F27,17,3608.1601077106334
BHO,F27,18,3507.863833126512
BHO,F27,19,3471.3334068374415
BHO,F27,20,3560.9791765252758
BHO,F27,21,3569.595430990798
BHO,F27,22,3694.8678786353257
BHO,F27,23,3495.7794837867277
BHO,F27,24,3711.0652352643847
BHO,F27,25,3672.35328392512
BHO,F27,26,3609.8783383869322
BHO,F27,27,3597.159017165901
BHO,F27,28,3558.394509601974
BHO,F27,29,3572.2870260960494
BHO,F27,30,3516.6580629839323
BHO,F28,1,3431.4717076745487
BHO,F28,2,3391.3002372533556
BHO,F28,3,3455.681785296927
BHO,F28,4,3388.721254271797
BHO,F28,5,3526.7228584417726
BHO,F28,6,3430.9134562689737
BHO,F28,7,3415.3420213882755
BHO,F28,8,3391.399057564009
BHO,F28,9,3452.8148909179645
BHO,F28,10,3451.543654586
BHO,F28,11,3406.4132912137807
BHO,F28,12,3470.2708240820793
BHO,F28,13,3495.417929634017
BHO,F28,14,3511.2188734995607
BHO,F28,15,3474.8209772580176
BHO,F28,16,3429.674763753726
BHO,F28,17,3494.155037130431
BHO,F28,18,3543.525500720686
BHO,F28,19,3333.229482721464
BHO,F28,20,3409.2446154792383
BHO,F28,21,3395.8455293449783
BHO,F28,22,3380.47756506547
BHO,F28,23,3380.036549012442
BHO,F28,24,3378.63625026191
BHO,F28,25,3417.6973371442264
BHO,F28,26,3373.9327751489204
BHO,F28,27,3389.7850783983695
BHO,F28,28,3420.643884081928
BHO,F28,29,3462.0734889296527
BHO,F28,30,3416.3269512399206
BHO,F29,1,4831.466742457349
BHO,F29,2,4539.061515780546
BHO,F29,3,4046.371017188966
BHO,F29,4,3968.8483712748653
BHO,F29,5,4799.719437803965
BHO,F29,6,4503.483375942277
BHO,F29,7,4011.72245919498
BHO,F29,8,4346.777875185297
BHO,F29,9,4323.730547198758
BHO,F29,10,4226.377145892592
BHO,F29,11,4220.208841591683
BHO,F29,12,4889.637298520796
BHO,F29,13,4866.601890326272
BHO,F29,14,4133.944112350507
BHO,F29,15,4794.356346420284
BHO,F29,16,4173.60466051837
BHO,F29,17,4465.9553211531165
BHO,F29,18,4376.9079477417545
BHO,F29,19,4436.971586736808
BHO,F29,20,4506.202219015506
BHO,F29,21,4764.508058988438
BHO,F29,22,4272.282625314351
BHO,F29,23,4410.209038393971
BHO,F29,24,4753.735908215187
BHO,F29,25,4184.935970773728
BHO,F29,26,3862.1251691792995
BHO,F29,27,4490.406978555609
BHO,F29,28,3757.148739365577
BHO,F29,29,4333.219641382721
BHO,F29,30,4330.456714286539
BHO,F30,1,1128426.5255506714
BHO,F30,2,2314844.10619291
BHO,F30,3,4211772.387810129
BHO,F30,4,1420960.4553845143
BHO,F30,5,2124200.7298675273
BHO,F30,6,2798715.4603839694
BHO,F30,7,2753859.8320952132
BHO,F30,8,4197914.350400865
BHO,F30,9,2850792.7366408836
BHO,F30,10,1819868.0591829936
BHO,F30,11,2101862.443806567
BHO,F30,12,2477041.894572124
BHO,F30,13,5320505.444732716
BHO,F30,14,2520595.719739014
BHO,F30,15,3527750.2544052815
BHO,F30,16,3092604.678091843
BHO,F30,17,2341845.663928767
BHO,F30,18,2786311.077746916
BHO,F30,19,3929559.4422174445
BHO,F30,20,2705154.630691421
BHO,F30,21,2944502.5049686036
BHO,F30,22,1981749.278977305
BHO,F30,23,5862495.941123339
BHO,F30,24,1791068.359402181
BHO,F30,25,4537446.81003375
BHO,F30,26,3787920.4769888436
BHO,F30,27,2688051.1508163507
BHO,F30,28,2951589.2633973756
BHO,F30,29,2890854.9960325914
BHO,F30,30,2456461.446859541
ESTA,F1,1,4270.777189123099
ESTA,F1,2,6994.319940054972
ESTA,F1,3,2808.203501433017
ESTA,F1,4,4110.9276755938245
ESTA,F1,5,4755.17322298232
ESTA,F1,6,2809.0651112763135
ESTA,F1,7,9158.639825417926
ESTA,F1,8,3746.876017591384
ESTA,F1,9,7589.338973899334
ESTA,F1,10,21085.468140273068
ESTA,F1,11,26762.14735524325
ESTA,F1,12,6511.689108920171
ESTA,F1,13,9305.618092553428
ESTA,F1,14,19657.279880684237
ESTA,F1,15,4303.049173907882
ESTA,F1,16,1524.2006679842732
ESTA,F1,17,7077.432309323624
ESTA,F1,18,8143.997271382053
ESTA,F1,19,3147.9426127955558
ESTA,F1,20,19701.997566465514
ESTA,F1,21,17539.115008560075
ESTA,F1,22,2107.2146426202103
ESTA,F1,23,26654.06204233525
ESTA,F1,24,6668.2788692298245
ESTA,F1,25,4103.110801018251
ESTA,F1,26,6041.585204373246
ESTA,F1,27,13259.027092629036
ESTA,F1,28,12954.007176077337
ESTA,F1,29,774.9696296142959
ESTA,F1,30,2143.8317611880875
ESTA,F3,1,11459.869577153173
ESTA,F3,2,22335.44767036994
ESTA,F3,3,21147.069718496703
ESTA,F3,4,23024.55251620415
ESTA,F3,5,9225.047599174904
ESTA,F3,6,18789.09681834551
ESTA,F3,7,14677.477440300818
ESTA,F3,8,23539.48105133703
ESTA,F3,9,14893.20367563029
ESTA,F3,10,27144.965647467638
ESTA,F3,11,17074.087464345575
ESTA,F3,12,28882.078203487854
ESTA,F3,13,10276.515284734523
ESTA,F3,14,7499.275329674543
ESTA,F3,15,27481.96530319907
ESTA,F3,16,28137.635674598045
ESTA,F3,17,13092.900845250224
ESTA,F3,18,16461.687203158028
ESTA,F3,19,13472.55073103113
ESTA,F3,20,26911.44212203802
ESTA,F3,21,29319.983337224974
ESTA,F3,22,27795.11991737135
ESTA,F3,23,38189.629970052454
ESTA,F3,24,52678.32781093216
ESTA,F3,25,14449.145131832383
ESTA,F3,26,22538.18459445748
ESTA,F3,27,19517.05782653679
ESTA,F3,28,21798.757093912067
ESTA,F3,29,37364.50169637073
ESTA,F3,30,6543.23395452008
ESTA,F4,1,550.6442436169192
ESTA,F4,2,535.2002451403722
ESTA,F4,3,598.6699066674361
ESTA,F4,4,607.2687147138616
ESTA,F4,5,437.62509949388254
ESTA,F4,6,547.0752013607264
ESTA,F4,7,537.0811463743464
ESTA,F4,8,476.10454210497653
ESTA,F4,9,608.989029469589
ESTA,F4,10,557.9801524944934
ESTA,F4,11,619.8663701122098
ESTA,F4,12,612.4232914841673
ESTA,F4,13,448.5760460456466
ESTA,F4,14,631.8025402454094
ESTA,F4,15,534.8741333000355
ESTA,F4,16,554.4859499732087
ESTA,F4,17,598.1081556657597
ESTA,F4,18,529.8239480770595
ESTA,F4,19,540.132322818968
ESTA,F4,20,511.09156107130053
ESTA,F4,21,616.8818465184953
ESTA,F4,22,622.0663434770066
ESTA,F4,23,602.1194594850646
ESTA,F4,24,535.6306736164167
ESTA,F4,25,544.8227621534811
ESTA,F4,26,554.386134409084
ESTA,F4,27,439.4367435487709
ESTA,F4,28,570.365295026916
ESTA,F4,29,539.4036073998866
ESTA,F4,30,443.7850039322499
ESTA,F5,1,837.2875785812594
ESTA,F5,2,910.9144088437215
ESTA,F5,3,791.5908986144395
ESTA,F5,4,824.3539314627424
ESTA,F5,5,801.470148729898
ESTA,F5,6,937.7892795022068
ESTA,F5,7,836.1009766640393
ESTA,F5,8,915.8881668133959
ESTA,F5,9,873.1050585133665
ESTA,F5,10,873.1215664076448
ESTA,F5,11,811.4384582874517
ESTA,F5,12,775.6021162864574
ESTA,F5,13,854.2031030342097
ESTA,F5,14,932.155355929237
ESTA,F5,15,788.4019627643047
ESTA,F5,16,759.6942060111326
ESTA,F5,17,840.2823341728608
ESTA,F5,18,909.9171099650539
ESTA,F5,19,792.5158633592337
ESTA,F5,20,731.8294976932348
ESTA,F5,21,877.0906780127261
ESTA,F5,22,819.3947232191424
ESTA,F5,23,887.0366282003724
ESTA,F5,24,940.7699515319396
ESTA,F5,25,936.8339130173824
ESTA,F5,26,777.6003606520339
ESTA,F5,27,821.369554988714
ESTA,F5,28,974.5912164821291
ESTA,F5,29,783.5790864578792
ESTA,F5,30,921.8576397661859
ESTA,F6,1,601.5033454101559
ESTA,F6,2,606.2871249454788
ESTA,F6,3,606.5538508597729
ESTA,F6,4,607.499998416687
ESTA,F6,5,603.4082086833597
ESTA,F6,6,603.6650639875046
ESTA,F6,7,604.8120680694012
ESTA,F6,8,607.0446489639435
ESTA,F6,9,605.3812651803385
ESTA,F6,10,610.8246896640355
ESTA,F6,11,601.8018910183522
ESTA,F6,12,610.7810111471899
ESTA,F6,13,607.3089395474275
ESTA,F6,14,604.5419547156289
ESTA,F6,15,611.2317098549512
ESTA,F6,16,602.9989244180304
ESTA,F6,17,603.7914194296154
ESTA,F6,18,604.3733596735956
ESTA,F6,19,603.3396380289637
ESTA,F6,20,604.1967589446565
ESTA,F6,21,605.9844645703984
ESTA,F6,22,604.2026421305305
ESTA,F6,23,603.9952926917359
ESTA,F6,24,604.3432608614163
ESTA,F6,25,603.3829942995417
ESTA,F6,26,605.4581749500103
ESTA,F6,27,609.2539026628566
ESTA,F6,28,606.1320849779778
ESTA,F6,29,602.6249429401867
ESTA,F6,30,602.1749859645429
ESTA,F7,1,1335.0618694181726
ESTA,F7,2,1335.629107658931
ESTA,F7,3,1230.9696930000355
ESTA,F7,4,1276.5733929687988
ESTA,F7,5,1265.2486208875962
ESTA,F7,6,1279.695002190028
ESTA,F7,7,1175.7775713865267
ESTA,F7,8,1315.7276568512125
ESTA,F7,9,1313.3723245106341
ESTA,F7,10,1249.8604193712365
ESTA,F7,11,1114.6184569114816
ESTA,F7,12,1339.0909261176762
ESTA,F7,13,1305.2852726884098
ESTA,F7,14,1159.5185869911902
ESTA,F7,15,1353.66020266462
ESTA,F7,16,1335.5084310886523
ESTA,F7,17,1196.6728133918891
ESTA,F7,18,1241.9759136963035
ESTA,F7,19,1308.1489038418167
ESTA,F7,20,1145.1385204246174
ESTA,F7,21,1164.9040401812874
ESTA,F7,22,1283.4538173645115
ESTA,F7,23,1269.878046938076
ESTA,F7,24,1370.1534759230794
ESTA,F7,25,1435.7368883855897
ESTA,F7,26,1328.2346978014207
ESTA,F7,27,1225.9410383718418
ESTA,F7,28,1263.6310748958927
ESTA,F7,29,1334.6510723684323
ESTA,F7,30,1390.1183433542055
ESTA,F8,1,1249.717372937916
ESTA,F8,2,1158.184883796695
ESTA,F8,3,1030.8297611645771
ESTA,F8,4,1124.3940575142904
ESTA,F8,5,1188.0308182936278
ESTA,F8,6,1125.9792760982398
ESTA,F8,7,1031.839995291032
ESTA,F8,8,1308.4169726736327
ESTA,F8,9,1161.4820607387746
ESTA,F8,10,1062.8163183765791
ESTA,F8,11,1213.0579593199054
ESTA,F8,12,1140.2763297610925
ESTA,F8,13,1269.6168784885467
ESTA,F8,14,1236.808625535904
ESTA,F8,15,1239.9240607291795
ESTA,F8,16,1064.6773262327763
ESTA,F8,17,1088.5367111471862
ESTA,F8,18,995.0450436058346
ESTA,F8,19,1248.7228416420228
ESTA,F8,20,1181.065981523121
ESTA,F8,21,1120.5319536062584
ESTA,F8,22,1153.1776192341856
ESTA,F8,23,1188.0300315028721
ESTA,F8,24,1104.2921524363958
ESTA,F8,25,1155.197550087584
ESTA,F8,26,1193.0043934174425
ESTA,F8,27,1204.9433333361962
ESTA,F8,28,1179.100861639084
ESTA,F8,29,1236.7818089632362
ESTA,F8,30,1193.0321849121412
ESTA,F9,1,15216.581933705444
ESTA,F9,2,12050.373417789157
ESTA,F9,3,13222.548127870183
ESTA,F9,4,9890.108975788107
ESTA,F9,5,8953.359976677384
ESTA,F9,6,11737.004911966385
ESTA,F9,7,9708.860325591615
ESTA,F9,8,9885.81135298377
ESTA,F9,9,8679.600297169069
ESTA,F9,10,12272.310701105498
ESTA,F9,11,15454.082655301829
ESTA,F9,12,23164.6410421022
ESTA,F9,13,19564.456422167626
ESTA,F9,14,9561.378921561056
ESTA,F9,15,7713.062741464623
ESTA,F9,16,16107.533243644551
ESTA,F9,17,18524.696113011058
ESTA,F9,18,12212.533901546518
ESTA,F9,19,15891.302387293023
ESTA,F9,20,17288.612603835852
ESTA,F9,21,12372.712890425268
ESTA,F9,22,13390.700801858708
ESTA,F9,23,5639.077870930317
ESTA,F9,24,18057.70635793486
ESTA,F9,25,11536.394206249797
ESTA,F9,26,15170.554298482612
ESTA,F9,27,12781.54618903844
ESTA,F9,28,15065.112264308707
ESTA,F9,29,17003.2730031756
ESTA,F9,30,12758.675819220623
ESTA,F10,1,6550.150132477818
ESTA,F10,2,8159.004471990516
ESTA,F10,3,7756.000137964993
ESTA,F10,4,5914.262225914921
ESTA,F10,5,7630.246702344546
ESTA,F10,6,5902.9553330435865
ESTA,F10,7,6568.553639342463
ESTA,F10,8,6638.8585798553795
ESTA,F10,9,6081.674388821299
ESTA,F10,10,7460.754899802054
ESTA,F10,11,7242.384822792954
ESTA,F10,12,5866.8409809581335
ESTA,F10,13,6550.390308338019
ESTA,F10,14,5544.757202242436
ESTA,F10,15,8212.52708091987
ESTA,F10,16,6364.742052269421
ESTA,F10,17,6846.7076735384435
ESTA,F10,18,7405.292630746482
ESTA,F10,19,8349.824738708423
ESTA,F10,20,7446.858941525414
ESTA,F10,21,6980.925748785396
ESTA,F10,22,8035.110266757356
ESTA,F10,23,7498.479997184088
ESTA,F10,24,7211.262886683302
ESTA,F10,25,6126.578203418438
ESTA,F10,26,7496.279948379895
ESTA,F10,27,6747.308044598962
ESTA,F10,28,7783.309799215218
ESTA,F10,29,5690.800071922255
ESTA,F10,30,6897.898472460471
ESTA,F11,1,1322.6136201700056
ESTA,F11,2,1263.0892881999155
ESTA,F11,3,1355.553601488732
ESTA,F11,4,1275.8578719222703
ESTA,F11,5,1325.576370319415
ESTA,F11,6,1326.4108727638804
ESTA,F11,7,1319.8347343613455
ESTA,F11,8,1356.7097400186667
ESTA,F11,9,1250.8763824062153
ESTA,F11,10,1422.7060631780175
ESTA,F11,11,1307.7152214103273
ESTA,F11,12,1268.669567174135
ESTA,F11,13,1242.6495557448839
ESTA,F11,14,1352.89593107075
ESTA,F11,15,1387.0460604048526
ESTA,F11,16,1312.9254741891136
ESTA,F11,17,1290.8549329209488
ESTA,F11,18,1383.3146609385192
ESTA,F11,19,1255.236261756964
ESTA,F11,20,1236.1139279664162
ESTA,F11,21,1219.219266759293
ESTA,F11,22,1287.6130034457299
ESTA,F11,23,1289.7976187888426
ESTA,F11,24,1210.2263662371588
ESTA,F11,25,1314.8871537973828
ESTA,F11,26,1292.6845334615812
ESTA,F11,27,1224.4321610468317
ESTA,F11,28,1194.8236251734465
ESTA,F11,29,1209.1226170907512
ESTA,F11,30,1230.6083180396004
ESTA,F12,1,1976048.0910424958
ESTA,F12,2,1807865.041106731
ESTA,F12,3,3953724.512952139
ESTA,F12,4,5913571.744356028
ESTA,F12,5,1581495.440356665
ESTA,F12,6,3990427.8460269636
ESTA,F12,7,2063888.312644611
ESTA,F12,8,3711966.7860854873
ESTA,F12,9,4897498.513201376
ESTA,F12,10,8067815.398694657
ESTA,F12,11,1410160.6915704708
ESTA,F12,12,5988025.757578221
ESTA,F12,13,1130146.1881204674
ESTA,F12,14,1845349.347627038
ESTA,F12,15,1674363.856912771
ESTA,F12,16,1397617.1219937664
ESTA,F12,17,3148065.8808125663
ESTA,F12,18,8166179.26139783
ESTA,F12,19,1228681.2700847038
ESTA,F12,20,3314518.3347013737
ESTA,F12,21,2874208.3958109184
ESTA,F12,22,5294037.572482032
ESTA,F12,23,2351164.387552287
ESTA,F12,24,3710260.042700401
ESTA,F12,25,1571850.5463635013
ESTA,F12,26,4451218.164764164
ESTA,F12,27,2770990.378373209
ESTA,F12,28,1487097.545381361
ESTA,F12,29,1289245.4499679273
ESTA,F12,30,2544675.3216399727
ESTA,F13,1,19028.00999051949
ESTA,F13,2,2214.383093421241
ESTA,F13,3,2595.0320522790544
ESTA,F13,4,14350.340317841177
ESTA,F13,5,15846.581909947612
ESTA,F13,6,20416.635218770105
ESTA,F13,7,14674.405446472943
ESTA,F13,8,2445.7537385557644
ESTA,F13,9,1745.0993817776753
ESTA,F13,10,26056.13960527967
ESTA,F13,11,2109.5077508057557
ESTA,F13,12,15186.539404317724
ESTA,F13,13,2225.220336429522
ESTA,F13,14,4315.701044481354
ESTA,F13,15,19096.71472062945
ESTA,F13,16,30390.315525878388
ESTA,F13,17,39120.12781509192
ESTA,F13,18,17692.957651134515
ESTA,F13,19,4878.755716397834
ESTA,F13,20,3722.8101902005874
ESTA,F13,21,3550.079033898688
ESTA,F13,22,10015.968121485344
ESTA,F13,23,2366.884791244988
ESTA,F13,24,18183.412902370077
ESTA,F13,25,2818.462135782121
ESTA,F13,26,8319.618195767449
ESTA,F13,27,2154.260288895896
ESTA,F13,28,10310.74385686649
ESTA,F13,29,25523.23977429229
ESTA,F13,30,5524.716543980072
ESTA,F14,1,21438.241599539808
ESTA,F14,2,6668.505675718007
ESTA,F14,3,2250.9697774784327
ESTA,F14,4,10136.11476739743
ESTA,F14,5,7350.554223937584
ESTA,F14,6,2255.740660435658
ESTA,F14,7,13890.52321929792
ESTA,F14,8,8899.310699834514
ESTA,F14,9,34967.979105277984
ESTA,F14,10,3291.329196296596
ESTA,F14,11,12498.752616080332
ESTA,F14,12,2500.4785273803413
ESTA,F14,13,34299.344838830395
ESTA,F14,14,7306.967905538654
ESTA,F14,15,15827.83917834477
ESTA,F14,16,36019.51369950262
ESTA,F14,17,6509.73514581531
ESTA,F14,18,6361.429660601292
ESTA,F14,19,23216.499593680153
ESTA,F14,20,72898.22917999486
ESTA,F14,21,39208.17943507847
ESTA,F14,22,7765.570112423253
ESTA,F14,23,13036.03901163247
ESTA,F14,24,35991.110601337976
ESTA,F14,25,10478.287996143607
ESTA,F14,26,77945.42866667094
ESTA,F14,27,7147.310790660998
ESTA,F14,28,10805.613559929123
ESTA,F14,29,26781.46326219893
ESTA,F14,30,1861.0758555579744
ESTA,F15,1,12691.136554638146
ESTA,F15,2,9367.387383054833
ESTA,F15,3,17671.864906656192
ESTA,F15,4,19614.69067225862
ESTA,F15,5,3002.7373883712635
ESTA,F15,6,5670.013348247915
ESTA,F15,7,18010.69110302761
ESTA,F15,8,2499.3505096848353
ESTA,F15,9,9361.046082102494
ESTA,F15,10,1831.832073385581
ESTA,F15,11,16392.326307741263
ESTA,F15,12,19566.02507877399
ESTA,F15,13,10700.425703363406
ESTA,F15,14,9862.808380710921
ESTA,F15,15,19472.254443665734
ESTA,F15,16,1772.4574883876894
ESTA,F15,17,19379.38078977962
ESTA,F15,18,6804.80732467386
ESTA,F15,19,14773.525816731895
ESTA,F15,20,6420.354285668676
ESTA,F15,21,11776.736244756195
ESTA,F15,22,18628.172106364735
ESTA,F15,23,17570.24135228365
ESTA,F15,24,16211.95957027811
ESTA,F15,25,18133.100824160654
ESTA,F15,26,18475.727259086212
ESTA,F15,27,15455.54855824056
ESTA,F15,28,8920.934280807773
ESTA,F15,29,10068.463255656672
ESTA,F15,30,14531.618485024248
ESTA,F16,1,3909.023739254201
ESTA,F16,2,2806.603187417304
ESTA,F16,3,3824.929301688779
ESTA,F16,4,3329.6685136261076
ESTA,F16,5,4783.802517461829
ESTA,F16,6,3119.109253260294
ESTA,F16,7,3652.3193280161945
ESTA,F16,8,4085.347874707305
ESTA,F16,9,3787.938067002417
ESTA,F16,10,4036.794896143533
ESTA,F16,11,3636.5889838574813
ESTA,F16,12,4523.76093015464
ESTA,F16,13,3173.5921351913603
ESTA,F16,14,4007.964523065408
ESTA,F16,15,3854.347738711665
ESTA,F16,16,4377.835899937425
ESTA,F16,17,4503.786377825261
ESTA,F16,18,4199.641101822474
ESTA,F16,19,3558.755255524261
ESTA,F16,20,4702.768968832611
ESTA,F16,21,3880.5834792080227
ESTA,F16,22,4215.792834678941
ESTA,F16,23,3276.750360850275
ESTA,F16,24,3535.597075892945
ESTA,F16,25,3889.028400394267
ESTA,F16,26,4666.446569243021
ESTA,F16,27,4145.421684388224
ESTA,F16,28,3809.3305023112007
ESTA,F16,29,3846.696579701331
ESTA,F16,30,4047.1904671296716
ESTA,F17,1,3392.6172169233187
ESTA,F17,2,3905.2775830111245
ESTA,F17,3,3526.2155414096796
ESTA,F17,4,3216.1360431565017
ESTA,F17,5,3230.9882906486214
ESTA,F17,6,3737.4475750225856
ESTA,F17,7,3457.894312003668
ESTA,F17,8,2810.7898365855635
ESTA,F17,9,3466.9524104361317
ESTA,F17,10,3642.1062772768773
ESTA,F17,11,3624.01747695862
ESTA,F17,12,3003.121646806636
ESTA,F17,13,3582.7380891110447
ESTA,F17,14,2975.4296139208554
ESTA,F17,15,3683.915925398492
ESTA,F17,16,3682.1244941411037
ESTA,F17,17,3337.918391327341
ESTA,F17,18,3066.7710458215593
ESTA,F17,19,3010.414656282561
ESTA,F17,20,3439.9846374186905
ESTA,F17,21,3718.8243080480743
ESTA,F17,22,3180.533765410385
ESTA,F17,23,2759.4917945276757
ESTA,F17,24,3947.512146471088
ESTA,F17,25,3069.4909188612473
ESTA,F17,26,3595.960951855747
ESTA,F17,27,3593.5732705991854
ESTA,F17,28,3443.1947203811205
ESTA,F17,29,3206.173094206072
ESTA,F17,30,3533.8473828008323
ESTA,F18,1,97332.2311079251
ESTA,F18,2,108926.49925802575
ESTA,F18,3,269299.75899615866
ESTA,F18,4,79956.23675291949
ESTA,F18,5,100658.61920458883
ESTA,F18,6,101133.50846652803
ESTA,F18,7,168468.6545609678
ESTA,F18,8,104318.72930025202
ESTA,F18,9,109636.0333780126
ESTA,F18,10,165184.20819681996
ESTA,F18,11,324026.7364229189
ESTA,F18,12,58968.94803784157
ESTA,F18,13,140675.84686476528
ESTA,F18,14,182905.57632013573
ESTA,F18,15,281304.1098123704
ESTA,F18,16,209512.28293197448
ESTA,F18,17,66950.8062725994
ESTA,F18,18,191002.94362365277
ESTA,F18,19,252985.85282457256
ESTA,F18,20,104600.78678384703
ESTA,F18,21,159432.40420291247
ESTA,F18,22,278486.9581769685
ESTA,F18,23,64348.88365445222
ESTA,F18,24,290750.05972648546
ESTA,F18,25,101369.38556346289
ESTA,F18,26,247056.30856675332
ESTA,F18,27,202241.43109250074
ESTA,F18,28,114075.77745441088
ESTA,F18,29,72204.8514935199
ESTA,F18,30,109547.6775921356
ESTA,F19,1,15337.811070300953
ESTA,F19,2,13723.154805182352
ESTA,F19,3,2384.6795380136614
ESTA,F19,4,17810.08783623428
ESTA,F19,5,30525.888601053073
ESTA,F19,6,4941.852588330812
ESTA,F19,7,28132.282067574066
ESTA,F19,8,40004.68687475853
ESTA,F19,9,13886.466846713016
ESTA,F19,10,16512.681842267957
ESTA,F19,11,2937.8871555494325
ESTA,F19,12,4945.410858214162
ESTA,F19,13,24398.9948466064
ESTA,F19,14,9203.13568180196
ESTA,F19,15,2529.920365162992
ESTA,F19,16,35611.739574263454
ESTA,F19,17,31466.06019338469
ESTA,F19,18,42873.37562749285
ESTA,F19,19,19788.292839115897
ESTA,F19,20,33422.98770105665
ESTA,F19,21,26135.829678967
ESTA,F19,22,4354.865909648247
ESTA,F19,23,27978.516551818255
ESTA,F19,24,34558.99226765747
ESTA,F19,25,25172.158102677673
ESTA,F19,26,21364.7318163919
ESTA,F19,27,11664.303631951076
ESTA,F19,28,10276.730721324544
ESTA,F19,29,12548.299597099682
ESTA,F19,30,19904.4992539189
ESTA,F20,1,3270.678953069825
ESTA,F20,2,3451.8252277967313
ESTA,F20,3,3582.908775505115
ESTA,F20,4,3515.3361075061603
ESTA,F20,5,3778.1525051388157
ESTA,F20,6,3249.9135970292746
ESTA,F20,7,3933.314773541142
ESTA,F20,8,3714.964719554132
ESTA,F20,9,3770.26470356739
ESTA,F20,10,3871.793203211735
ESTA,F20,11,3453.289752454315
ESTA,F20,12,3912.6376461987475
ESTA,F20,13,3616.5086162840716
ESTA,F20,14,4002.3156076209275
ESTA,F20,15,3002.1694629332574
ESTA,F20,16,3185.127536546878
ESTA,F20,17,3523.5202796827693
ESTA,F20,18,3490.566919307683
ESTA,F20,19,3174.889728665452
ESTA,F20,20,3037.719924712021
ESTA,F20,21,3177.3801744442717
ESTA,F20,22,4074.252025575924
ESTA,F20,23,3523.384344680285
ESTA,F20,24,3516.150650703973
ESTA,F20,25,3692.7025148757793
ESTA,F20,26,3575.3143794410726
ESTA,F20,27,3797.8732486364233
ESTA,F20,28,3531.707949366403
ESTA,F20,29,3610.818501570763
ESTA,F20,30,3385.446093716173
ESTA,F21,1,2667.1610134408675
ESTA,F21,2,2682.1940043041677
ESTA,F21,3,2642.62613342434
ESTA,F21,4,2543.0667806788256
ESTA,F21,5,2740.1317062218754
ESTA,F21,6,2610.942068456271
ESTA,F21,7,2681.397170131364
ESTA,F21,8,2666.0573574293644
ESTA,F21,9,2629.681881965745
ESTA,F21,10,2658.456097630243
ESTA,F21,11,2591.011272525723
ESTA,F21,12,2639.609248726061
ESTA,F21,13,2627.965482299485
ESTA,F21,14,2618.4457858659975
ESTA,F21,15,2670.530980613196
ESTA,F21,16,2672.7435716740883
ESTA,F21,17,2745.686218735536
ESTA,F21,18,2640.4459978980103
ESTA,F21,19,2634.5945658271853
ESTA,F21,20,2688.993142532264
ESTA,F21,21,2734.310529686233
ESTA,F21,22,2655.323757586224
ESTA,F21,23,2757.1373765675125
ESTA,F21,24,2661.662188614792
ESTA,F21,25,2726.076024110863
ESTA,F21,26,2654.838048366154
ESTA,F21,27,2652.8105838458364
ESTA,F21,28,2631.380956170045
ESTA,F21,29,2837.0131095053794
ESTA,F21,30,2611.7360627456496
ESTA,F22,1,9323.655786987154
ESTA,F22,2,10374.277449491314
ESTA,F22,3,11239.108159932955
ESTA,F22,4,9210.948504472835
ESTA,F22,5,10245.011363266869
ESTA,F22,6,9183.728212593627
ESTA,F22,7,10569.944023993075
ESTA,F22,8,9590.630538761743
ESTA,F22,9,8008.814706331256
ESTA,F22,10,8783.688755585152
ESTA,F22,11,9490.92567939327
ESTA,F22,12,10039.201441083711
ESTA,F22,13,7472.457191022552
ESTA,F22,14,8686.926498174273
ESTA,F22,15,8597.688731805105
ESTA,F22,16,8059.827130092656
ESTA,F22,17,9522.465159307101
ESTA,F22,18,10808.866307112412
ESTA,F22,19,10775.974856398729
ESTA,F22,20,9207.661143787398
ESTA,F22,21,8479.911581466793
ESTA,F22,22,11417.954433608575
ESTA,F22,23,8136.161091306996
ESTA,F22,24,10630.961776618713
ESTA,F22,25,8071.218251610377
ESTA,F22,26,8677.073467262288
ESTA,F22,27,7205.798205593676
ESTA,F22,28,9715.454527523814
ESTA,F22,29,10174.325151747356
ESTA,F22,30,9466.446769490642
ESTA,F23,1,3196.493549015723
ESTA,F23,2,3396.9277881110297
ESTA,F23,3,3411.9247593084665
ESTA,F23,4,3162.2504835198597
ESTA,F23,5,3378.0660446630804
ESTA,F23,6,3225.8642902225474
ESTA,F23,7,3173.6142827439553
ESTA,F23,8,3225.1830270148303
ESTA,F23,9,3140.216369030714
ESTA,F23,10,3029.0744349792812
ESTA,F23,11,3456.5349673077785
ESTA,F23,12,3397.0577490291666
ESTA,F23,13,3334.1375601081327
ESTA,F23,14,3335.160488176105
ESTA,F23,15,3280.5766852387387
ESTA,F23,16,3537.7172294971597
ESTA,F23,17,3220.025172575446
ESTA,F23,18,3469.465314463733
ESTA,F23,19,3371.819493568683
ESTA,F23,20,3205.535787469068
ESTA,F23,21,3147.6523453653963
ESTA,F23,22,3273.769721116851
ESTA,F23,23,3271.290388832804
ESTA,F23,24,3243.686168038508
ESTA,F23,25,3235.8297412691454
ESTA,F23,26,3326.8275214499263
ESTA,F23,27,3128.9873768261014
ESTA,F23,28,3408.3662804276887
ESTA,F23,29,3269.826773523487
ESTA,F23,30,3275.6376096457916
ESTA,F24,1,3630.491972744682
ESTA,F24,2,3683.376626144496
ESTA,F24,3,4184.306599671222
ESTA,F24,4,3809.7967625625315
ESTA,F24,5,3807.504238625068
ESTA,F24,6,3778.88548895026
ESTA,F24,7,3540.6869973677785
ESTA,F24,8,4079.5060491222052
ESTA,F24,9,3662.5113905910735
ESTA,F24,10,3925.939028152761
ESTA,F24,11,3920.9623371541916
ESTA,F24,12,3934.264446610333
ESTA,F24,13,3710.439373621009
ESTA,F24,14,3937.110852051618
ESTA,F24,15,3867.066447610693
ESTA,F24,16,3745.2182438613236
ESTA,F24,17,4073.724223203792
ESTA,F24,18,3625.8307239307405
ESTA,F24,19,3776.5931172928517
ESTA,F24,20,3879.9405345239534
ESTA,F24,21,4049.0941128942272
ESTA,F24,22,3587.326366411049
ESTA,F24,23,4066.652506088872
ESTA,F24,24,3563.6138621232913
ESTA,F24,25,3658.546215502435
ESTA,F24,26,3942.424115939321
ESTA,F24,27,3978.692464623005
ESTA,F24,28,3987.620841011969
ESTA,F24,29,4086.855111897606
ESTA,F24,30,3910.9700403919232
ESTA,F25,1,3092.635566370631
ESTA,F25,2,3082.9288751647364
ESTA,F25,3,3022.393042292762
ESTA,F25,4,3085.1213350389726
ESTA,F25,5,3031.168047265209
ESTA,F25,6,3032.669526304638
ESTA,F25,7,3058.510567759375
ESTA,F25,8,3080.2680382630037
ESTA,F25,9,3018.801519117059
ESTA,F25,10,3081.8292552912944
ESTA,F25,11,3075.5581469072754
ESTA,F25,12,2997.94453639085
ESTA,F25,13,3062.630859037986
ESTA,F25,14,3069.79991845962
ESTA,F25,15,3071.5275928484125
ESTA,F25,16,3027.366003617226
ESTA,F25,17,3090.3089151224362
ESTA,F25,18,3074.4747877721784
ESTA,F25,19,3072.5910114027047
ESTA,F25,20,3055.3560548285946
ESTA,F25,21,3085.0571506490733
ESTA,F25,22,3110.4224136867424
ESTA,F25,23,3095.1469536206214
ESTA,F25,24,3073.404976249065
ESTA,F25,25,3044.593301154097
ESTA,F25,26,3074.7925586096417
ESTA,F25,27,3077.665895236522
ESTA,F25,28,3042.450762457725
ESTA,F25,29,3074.011406685079
ESTA,F25,30,3072.3888214021763
ESTA,F26,1,8592.982901742496
ESTA,F26,2,9272.327083282602
ESTA,F26,3,8766.121625204702
ESTA,F26,4,8486.768777887057
ESTA,F26,5,10632.512520306556
ESTA,F26,6,8691.049852449803
ESTA,F26,7,10414.104920878679
ESTA,F26,8,11648.637695535052
ESTA,F26,9,8256.907640716614
ESTA,F26,10,8605.440823534418
ESTA,F26,11,8438.561997022116
ESTA,F26,12,9306.198842171238
ESTA,F26,13,9353.45983450517
ESTA,F26,14,10813.978298221678
ESTA,F26,15,9766.190304976486
ESTA,F26,16,8960.20087417225
ESTA,F26,17,8816.383743575352
ESTA,F26,18,8869.032216729083
ESTA,F26,19,9686.981624225435
ESTA,F26,20,7188.15121964013
ESTA,F26,21,9650.675949482042
ESTA,F26,22,9986.526120654284
ESTA,F26,23,10704.177818233014
ESTA,F26,24,9851.045833824677
ESTA,F26,25,10058.113533639174
ESTA,F26,26,8433.02373495
ESTA,F26,27,8054.557670702319
ESTA,F26,28,9948.711561084085
ESTA,F26,29,4820.834824562816
ESTA,F26,30,7765.5505947403135
ESTA,F27,1,4490.32226563015
ESTA,F27,2,4056.9054416974545
ESTA,F27,3,3999.273471901344
ESTA,F27,4,3654.6035545268237
ESTA,F27,5,3604.118411297659
ESTA,F27,6,3894.973096169891
ESTA,F27,7,3844.990081487921
ESTA,F27,8,3702.118199305377
ESTA,F27,9,3880.6427511145316
ESTA,F27,10,4021.2727219558374
ESTA,F27,11,3541.3718736456613
ESTA,F27,12,3786.698385576074
ESTA,F27,13,4091.2288472873097
ESTA,F27,14,3887.918680880096
ESTA,F27,15,4032.584600540248
ESTA,F27,16,4617.430457552442
ESTA,F27,17,3997.260421958424
ESTA,F27,18,3783.7667015747543
ESTA,F27,19,3721.906527999455
ESTA,F27,20,3926.692601568613
ESTA,F27,21,4264.976236454876
ESTA,F27,22,4033.4058140025736
ESTA,F27,23,4428.251501291019
ESTA,F27,24,3796.8237615758726
ESTA,F27,25,3947.369840427878
ESTA,F27,26,3975.8559184847827
ESTA,F27,27,4132.044333407717
ESTA,F27,28,3698.6856226550663
ESTA,F27,29,3745.035199785518
ESTA,F27,30,3695.2156062642025
ESTA,F28,1,3332.464027994146
ESTA,F28,2,3271.637584342812
ESTA,F28,3,3322.447612900359
ESTA,F28,4,3345.0675365478546
ESTA,F28,5,3309.5468393004094
ESTA,F28,6,3308.4743295794733
ESTA,F28,7,3350.208022024679
ESTA,F28,8,3375.563209666959
ESTA,F28,9,3334.3256658344126
ESTA,F28,10,3377.0404190024233
ESTA,F28,11,3329.43005711846
ESTA,F28,12,3321.006041378208
ESTA,F28,13,3406.520848365938
ESTA,F28,14,3314.746115323814
ESTA,F28,15,3318.2542895586507
ESTA,F28,16,3314.7446259406697
ESTA,F28,17,3313.1074328444247
ESTA,F28,18,3301.9287265949692
ESTA,F28,19,3311.225400262345
ESTA,F28,20,3268.2369170148013
ESTA,F28,21,3338.074378433557
ESTA,F28,22,3262.885339784264
ESTA,F28,23,3313.690233764549
ESTA,F28,24,3313.2078995440424
ESTA,F28,25,3331.7735770213426
ESTA,F28,26,3282.393872708578
ESTA,F28,27,3361.8967553299276
ESTA,F28,28,3308.9112107442725
ESTA,F28,29,3320.765450984052
ESTA,F28,30,3272.1858629188514
ESTA,F29,1,4643.07496780646
ESTA,F29,2,4140.204294556857
ESTA,F29,3,4512.617901487194
ESTA,F29,4,4531.233621455778
ESTA,F29,5,4542.2561452633645
ESTA,F29,6,4758.212305328907
ESTA,F29,7,4815.5935513869035
ESTA,F29,8,5190.856506335773
ESTA,F29,9,5417.298327721802
ESTA,F29,10,4126.496871857028
ESTA,F29,11,5247.581722858666
ESTA,F29,12,4952.504694785077
ESTA,F29,13,5009.250344420102
ESTA,F29,14,4729.504635179674
ESTA,F29,15,4674.249926022198
ESTA,F29,16,4568.803586662061
ESTA,F29,17,4370.306105646796
ESTA,F29,18,4633.357968931686
ESTA,F29,19,4899.561859484998
ESTA,F29,20,4916.296229633299
ESTA,F29,21,4025.848910183772
ESTA,F29,22,4884.483130135803
ESTA,F29,23,4851.460497996497
ESTA,F29,24,4846.27943070633
ESTA,F29,25,4764.869877477075
ESTA,F29,26,4439.973700258216
ESTA,F29,27,5184.235002514128
ESTA,F29,28,4277.053236370113
ESTA,F29,29,4722.4266135225735
ESTA,F29,30,4082.9266932498576
ESTA,F30,1,817132.9463604738
ESTA,F30,2,1676070.379202653
ESTA,F30,3,856881.0618765757
ESTA,F30,4,1126588.9113151832
ESTA,F30,5,993417.4686100954
ESTA,F30,6,1394321.113258463
ESTA,F30,7,1074855.4517061138
ESTA,F30,8,1269370.8505140706
ESTA,F30,9,959434.1918054585
ESTA,F30,10,1014921.6973604222
ESTA,F30,11,1147386.599769086
ESTA,F30,12,1166559.3374887973
ESTA,F30,13,920651.4728912014
ESTA,F30,14,746801.0927263087
ESTA,F30,15,780970.8206176455
ESTA,F30,16,934853.5613710862
ESTA,F30,17,1299327.3237999429
ESTA,F30,18,1457633.5716484103
ESTA,F30,19,1009611.1390183384
ESTA,F30,20,1145885.7498282467
ESTA,F30,21,691027.7416750183
ESTA,F30,22,977290.2765006587
ESTA,F30,23,1335401.7021323997
ESTA,F30,24,1244528.4349604088
ESTA,F30,25,962431.59231482
ESTA,F30,26,980826.8238270762
ESTA,F30,27,859727.0336480279
ESTA,F30,28,1126092.9414981767
ESTA,F30,29,758114.0042080893
ESTA,F30,30,1015113.6049583384
ZOA,F1,1,5472.42644956466
ZOA,F1,2,8615.752551284935
ZOA,F1,3,2186.6514228016244
ZOA,F1,4,2953.625729906812
ZOA,F1,5,5572.729210710002
ZOA,F1,6,3857.916493603787
ZOA,F1,7,8456.337887743304
ZOA,F1,8,15789.285784713125
ZOA,F1,9,7679.4369836777
ZOA,F1,10,10968.526397033951
ZOA,F1,11,4537.246524763924
ZOA,F1,12,10396.121087071253
ZOA,F1,13,6703.865029498159
ZOA,F1,14,1612.162743885296
ZOA,F1,15,4467.508221790213
ZOA,F1,16,4866.095891610964
ZOA,F1,17,1617.0664858993193
ZOA,F1,18,11664.482250623458
ZOA,F1,19,17333.2242399704
ZOA,F1,20,20889.68531095198
ZOA,F1,21,6451.1049424392
ZOA,F1,22,12796.95125986556
ZOA,F1,23,40611.80592395291
ZOA,F1,24,3126.4776193275497
ZOA,F1,25,9256.969476830189
ZOA,F1,26,10510.616319314282
ZOA,F1,27,6244.582437779613
ZOA,F1,28,5191.870092775393
ZOA,F1,29,3088.234468183095
ZOA,F1,30,41586.420686752856
ZOA,F3,1,151034.04081378444
ZOA,F3,2,118239.93535579703
ZOA,F3,3,132248.64123560538
ZOA,F3,4,165267.56625501852
ZOA,F3,5,141431.72905824624
ZOA,F3,6,161983.7590078348
ZOA,F3,7,199678.10772391653
ZOA,F3,8,112722.43597605462
ZOA,F3,9,164994.62600914956
ZOA,F3,10,142982.66779125825
ZOA,F3,11,173164.6590029581
ZOA,F3,12,147689.83975054667
ZOA,F3,13,140232.26152155575
ZOA,F3,14,151208.9069267642
ZOA,F3,15,180291.55069561483
ZOA,F3,16,110350.49474706277
ZOA,F3,17,180872.99059678355
ZOA,F3,18,149524.06144569986
ZOA,F3,19,109952.27501338234
ZOA,F3,20,109998.79158855825
ZOA,F3,21,135314.12929964313
ZOA,F3,22,166642.58962475474
ZOA,F3,23,132458.55968519807
ZOA,F3,24,144102.74381292166
ZOA,F3,25,180876.7300589055
ZOA,F3,26,148767.90585883587
ZOA,F3,27,131760.55582816413
ZOA,F3,28,119250.36090859203
ZOA,F3,29,116128.7393667758
ZOA,F3,30,117332.90215842197
ZOA,F4,1,559.2902981480735
ZOA,F4,2,540.2759869932619
ZOA,F4,3,511.40625206017876
ZOA,F4,4,528.2240682751957
ZOA,F4,5,600.3544371643256
ZOA,F4,6,606.1084383279448
ZOA,F4,7,662.3747281039409
ZOA,F4,8,621.9837881140675
ZOA,F4,9,663.3163333840035
ZOA,F4,10,607.947549259779
ZOA,F4,11,647.8797069277666
ZOA,F4,12,651.4285730408524
ZOA,F4,13,582.1553330337824
ZOA,F4,14,665.6682801976135
ZOA,F4,15,630.4874285697132
ZOA,F4,16,638.4070060297994
ZOA,F4,17,549.8334195406031
ZOA,F4,18,564.1320095991991
ZOA,F4,19,578.3371420795145
ZOA,F4,20,555.7905354841895
ZOA,F4,21,612.4533338994689
ZOA,F4,22,624.1191695476534
ZOA,F4,23,504.1638147461377
ZOA,F4,24,472.6619788745456
ZOA,F4,25,486.58837375220634
ZOA,F4,26,656.5579355455711
ZOA,F4,27,710.6492558766635
ZOA,F4,28,572.2930084084156
ZOA,F4,29,587.33787110988
ZOA,F4,30,605.5948680520833
ZOA,F5,1,783.5628675236823
ZOA,F5,2,798.4967465635772
ZOA,F5,3,752.721225105347
ZOA,F5,4,823.3720206192527
ZOA,F5,5,844.2582088385734
ZOA,F5,6,813.420063108621
ZOA,F5,7,888.0344410930392
ZOA,F5,8,800.4822784746627
ZOA,F5,9,753.7182805438948
ZOA,F5,10,921.8594807669133
ZOA,F5,11,741.3467044539993
ZOA,F5,12,720.8814490305938
ZOA,F5,13,756.7008033279858
ZOA,F5,14,789.5384757260522
ZOA,F5,15,762.6688274361586
ZOA,F5,16,740.7814352628218
ZOA,F5,17,783.5633839612449
ZOA,F5,18,807.4624799953159
ZOA,F5,19,897.9862645813857
ZOA,F5,20,854.2074559334717
ZOA,F5,21,687.0533260085637
ZOA,F5,22,758.6921741540698
ZOA,F5,23,787.5443240957534
ZOA,F5,24,739.7853510699116
ZOA,F5,25,784.5608897686399
ZOA,F5,26,868.1392436000151
ZOA,F5,27,888.0369861066122
ZOA,F5,28,761.6738759934301
ZOA,F5,29,855.2127332590354
ZOA,F5,30,814.4158427582081
ZOA,F6,1,648.4452688370493
ZOA,F6,2,619.434865341746
ZOA,F6,3,625.3293805548819
ZOA,F6,4,623.8469681931606
ZOA,F6,5,611.7884068787029
ZOA,F6,6,638.4338811195654
ZOA,F6,7,637.16423278248
ZOA,F6,8,640.205577677464
ZOA,F6,9,631.4187334616038
ZOA,F6,10,631.7163990511298
ZOA,F6,11,620.0352145760983
ZOA,F6,12,609.9991949274454
ZOA,F6,13,624.6423650955569
ZOA,F6,14,617.2110167552539
ZOA,F6,15,613.1626527649365
ZOA,F6,16,632.1651621415335
ZOA,F6,17,618.3155669219759
ZOA,F6,18,620.6141652127758
ZOA,F6,19,613.804174470043
ZOA,F6,20,645.5601924475047
ZOA,F6,21,633.4995624127007
ZOA,F6,22,618.190510772162
ZOA,F6,23,628.9430432073016
ZOA,F6,24,622.600980796915
ZOA,F6,25,647.3258639567439
ZOA,F6,26,626.8881091769354
ZOA,F6,27,622.1126002567742
ZOA,F6,28,641.6115756708037
ZOA,F6,29,623.4466011540159
ZOA,F6,30,619.9600898024964
ZOA,F7,1,1152.3888171342905
ZOA,F7,2,1374.4870668259123
ZOA,F7,3,1136.8168122362163
ZOA,F7,4,1092.099321695979
ZOA,F7,5,977.0612519732525
ZOA,F7,6,1139.451627509398
ZOA,F7,7,1168.085504744577
ZOA,F7,8,1009.4240388358652
ZOA,F7,9,1091.7344924436168
ZOA,F7,10,1119.9272814088806
ZOA,F7,11,1092.849296303666
ZOA,F7,12,1124.7759651787708
ZOA,F7,13,1043.4229085776053
ZOA,F7,14,1124.3704793943166
ZOA,F7,15,1024.092872604062
ZOA,F7,16,1092.7663154346778
ZOA,F7,17,1207.1508017979268
ZOA,F7,18,1188.8380962267777
ZOA,F7,19,1248.9898582048022
ZOA,F7,20,1098.6434121513082
ZOA,F7,21,1054.122323389112
ZOA,F7,22,1103.043367482293
ZOA,F7,23,1125.3361728979899
ZOA,F7,24,1151.2867113908146
ZOA,F7,25,1153.6891970588918
ZOA,F7,26,1213.5752720887656
ZOA,F7,27,1054.5199530828845
ZOA,F7,28,1178.4247452659968
ZOA,F7,29,1215.4700876252402
ZOA,F7,30,1127.121452584665
ZOA,F8,1,1146.2453956145375
ZOA,F8,2,1063.6782683618612
ZOA,F8,3,1090.5326863832745
ZOA,F8,4,1186.0531318090873
ZOA,F8,5,1093.513818025601
ZOA,F8,6,1112.42121246744
ZOA,F8,7,1160.1735003492984
ZOA,F8,8,1067.6438735710094
ZOA,F8,9,1090.5604812364759
ZOA,F8,10,1081.5724232572704
ZOA,F8,11,1144.255822171713
ZOA,F8,12,996.0076097630963
ZOA,F8,13,1051.7427794315008
ZOA,F8,14,1031.8252823807813
ZOA,F8,15,1113.4167916350805
ZOA,F8,16,1130.3278391601152
ZOA,F8,17,1142.2668487491687
ZOA,F8,18,1166.1452101636585
ZOA,F8,19,1112.420395346753
ZOA,F8,20,1203.9574028087507
ZOA,F8,21,1116.395914299466
ZOA,F8,22,1102.4725760786632
ZOA,F8,23,1050.729803247609
ZOA,F8,24,1117.4116643106622
ZOA,F8,25,1040.7836576403633
ZOA,F8,26,1070.6313082549295
ZOA,F8,27,1059.7104490216575
ZOA,F8,28,1121.3746566356608
ZOA,F8,29,1043.7693227466443
ZOA,F8,30,1099.4932948565502
ZOA,F9,1,8100.697021800193
ZOA,F9,2,8875.266948503162
ZOA,F9,3,12566.640251726729
ZOA,F9,4,13816.853088662694
ZOA,F9,5,8486.147068515693
ZOA,F9,6,9575.977212060878
ZOA,F9,7,11459.52786697464
ZOA,F9,8,6097.326442224112
ZOA,F9,9,17143.048449249378
ZOA,F9,10,9121.191442589226
ZOA,F9,11,7695.439488321623
ZOA,F9,12,10852.386330176352
ZOA,F9,13,8497.587357438453
ZOA,F9,14,9894.832295446584
ZOA,F9,15,14302.774541558278
ZOA,F9,16,10629.600956672572
ZOA,F9,17,10770.502265902118
ZOA,F9,18,11840.85986291781
ZOA,F9,19,4423.034550541205
ZOA,F9,20,8920.647032716355
ZOA,F9,21,10812.143515225904
ZOA,F9,22,6834.376604777569
ZOA,F9,23,7114.738255823484
ZOA,F9,24,11547.7516431557
ZOA,F9,25,11340.431366018633
ZOA,F9,26,8002.997951533306
ZOA,F9,27,8729.360985213705
ZOA,F9,28,9004.30481735034
ZOA,F9,29,11208.914680961374
ZOA,F9,30,10224.382768393752
ZOA,F10,1,7667.132775756299
ZOA,F10,2,7292.085995903844
ZOA,F10,3,8128.703428114031
ZOA,F10,4,8254.768549270375
ZOA,F10,5,8428.516414522359
ZOA,F10,6,7703.0281772302715
ZOA,F10,7,7557.1199426435705
ZOA,F10,8,8438.971839518645
ZOA,F10,9,8772.6823541348
ZOA,F10,10,7133.816646818488
ZOA,F10,11,8453.601802193063
ZOA,F10,12,7302.134851315272
ZOA,F10,13,8235.47736043388
ZOA,F10,14,5792.888234086675
ZOA,F10,15,5552.977961865818
ZOA,F10,16,6232.837831316136
ZOA,F10,17,8986.29490610033
ZOA,F10,18,7892.69108935757
ZOA,F10,19,6010.976848298114
ZOA,F10,20,8629.22716337689
ZOA,F10,21,8276.024771230519
ZOA,F10,22,7592.209720061179
ZOA,F10,23,9003.984755928383
ZOA,F10,24,8068.6365369616415
ZOA,F10,25,9000.840903611448
ZOA,F10,26,7409.312822264821
ZOA,F10,27,7110.926425569114
ZOA,F10,28,7675.8603452331845
ZOA,F10,29,8018.713746622752
ZOA,F10,30,7927.471854999114
ZOA,F11,1,2963.052003157064
ZOA,F11,2,1757.2375030213643
ZOA,F11,3,1734.7320567712522
ZOA,F11,4,2776.083174485514
ZOA,F11,5,1960.349598411946
ZOA,F11,6,1310.4195656078687
ZOA,F11,7,1733.625969316961
ZOA,F11,8,2229.5910421083026
ZOA,F11,9,1381.4768299116233
ZOA,F11,10,1971.7743772709114
ZOA,F11,11,1320.929840485363
ZOA,F11,12,3813.7923169665164
ZOA,F11,13,1536.0274074876825
ZOA,F11,14,1517.9729761549672
ZOA,F11,15,1492.8556266900803
ZOA,F11,16,2057.2890431606006
ZOA,F11,17,1414.5278591729063
ZOA,F11,18,1576.4931328219127
ZOA,F11,19,1554.365871618807
ZOA,F11,20,2184.6052733858933
ZOA,F11,21,2095.754187699835
ZOA,F11,22,1984.244763316403
ZOA,F11,23,1476.084153771801
ZOA,F11,24,3141.93746689567
ZOA,F11,25,1401.809030235513
ZOA,F11,26,1528.3068739883545
ZOA,F11,27,2443.870484525414
ZOA,F11,28,1846.4045193189734
ZOA,F11,29,1439.9946170539665
ZOA,F11,30,3100.1705369730735
ZOA,F12,1,6929518.075937203
ZOA,F12,2,10191584.882882297
ZOA,F12,3,2630188.8229768933
ZOA,F12,4,6025655.034238145
ZOA,F12,5,6737544.652889324
ZOA,F12,6,2005760.089568282
ZOA,F12,7,9111272.018632697
ZOA,F12,8,5419355.287834311
ZOA,F12,9,4838487.773404332
ZOA,F12,10,10562622.38025239
ZOA,F12,11,3970039.095418195
ZOA,F12,12,2905504.600827731
ZOA,F12,13,7254713.058728088
ZOA,F12,14,4157893.348327225
ZOA,F12,15,6158199.127904219
ZOA,F12,16,5473022.717277162
ZOA,F12,17,3583645.8941727616
ZOA,F12,18,1474491.1448176384
ZOA,F12,19,4598046.178979258
ZOA,F12,20,3111202.3994157575
ZOA,F12,21,3814460.6052737334
ZOA,F12,22,8425294.27322757
ZOA,F12,23,10155593.983701244
ZOA,F12,24,4456558.539185525
ZOA,F12,25,2801648.378457469
ZOA,F12,26,15453858.140401062
ZOA,F12,27,17260885.429829124
ZOA,F12,28,6392609.661293765
ZOA,F12,29,5593709.627343701
ZOA,F12,30,10598940.472102743
ZOA,F13,1,8395.959407735176
ZOA,F13,2,8338.719449474735
ZOA,F13,3,9673.679241594733
ZOA,F13,4,8771.176954234783
ZOA,F13,5,10623.340974636661
ZOA,F13,6,10612.13417111423
ZOA,F13,7,32512.270187751794
ZOA,F13,8,8562.148058231698
ZOA,F13,9,13284.19023060659
ZOA,F13,10,17367.91606559256
ZOA,F13,11,9849.80635409064
ZOA,F13,12,9227.776981064155
ZOA,F13,13,8890.111682016704
ZOA,F13,14,11352.032643281682
ZOA,F13,15,18858.32386783559
ZOA,F13,16,17758.128476638223
ZOA,F13,17,11202.588118824373
ZOA,F13,18,9376.21123121013
ZOA,F13,19,31413.373626466033
ZOA,F13,20,12960.255336601616
ZOA,F13,21,19396.247442671433
ZOA,F13,22,18535.31910837923
ZOA,F13,23,9686.940017489445
ZOA,F13,24,11149.113818049453
ZOA,F13,25,13823.141143096136
ZOA,F13,26,9794.67066431163
ZOA,F13,27,9036.200283717924
ZOA,F13,28,8795.579619849574
ZOA,F13,29,12332.010226826416
ZOA,F13,30,11452.397058277442
ZOA,F14,1,1112111.7282405957
ZOA,F14,2,2376510.0775832157
ZOA,F14,3,893976.7329561765
ZOA,F14,4,3498154.4249442327
ZOA,F14,5,2304027.969700415
ZOA,F14,6,651141.0216595862
ZOA,F14,7,4721367.067719446
ZOA,F14,8,1176236.8467674567
ZOA,F14,9,168881.67676109262
ZOA,F14,10,5397786.335497325
ZOA,F14,11,341986.7441432315
ZOA,F14,12,228813.79359402086
ZOA,F14,13,2536136.5233780523
ZOA,F14,14,115738.55003379408
ZOA,F14,15,1167193.543698778
ZOA,F14,16,425794.5919046133
ZOA,F14,17,477093.31320044503
ZOA,F14,18,1551031.963745351
ZOA,F14,19,166602.40843128995
ZOA,F14,20,2086200.5407821306
ZOA,F14,21,655799.0052173262
ZOA,F14,22,878612.1583845497
ZOA,F14,23,688177.1903232555
ZOA,F14,24,34577.18168560001
ZOA,F14,25,248991.7850531461
ZOA,F14,26,246752.04595936675
ZOA,F14,27,1986862.3663306076
ZOA,F14,28,2020239.9167069271
ZOA,F14,29,883431.1253039746
ZOA,F14,30,881207.3140003561
ZOA,F15,1,2755.5116476715402
ZOA,F15,2,3799.719351482201
ZOA,F15,3,20506.173578815014
ZOA,F15,4,10599.00377438806
ZOA,F15,5,21498.101559408537
ZOA,F15,6,3813.6109818457876
ZOA,F15,7,15339.653490267256
ZOA,F15,8,4509.1809387496
ZOA,F15,9,4678.9276716364075
ZOA,F15,10,4745.1267424129255
ZOA,F15,11,5239.38345597255
ZOA,F15,12,3191.240276484289
ZOA,F15,13,3387.573129261217
ZOA,F15,14,5328.675098249975
ZOA,F15,15,7563.537675434365
ZOA,F15,16,2251.2545471454914
ZOA,F15,17,22283.373903010317
ZOA,F15,18,4094.2995214337857
ZOA,F15,19,2841.2772606399103
ZOA,F15,20,3498.1902086087916
ZOA,F15,21,5600.734658431419
ZOA,F15,22,9955.22122168764
ZOA,F15,23,2709.615164663474
ZOA,F15,24,3167.13544884315
ZOA,F15,25,13729.662178349829
ZOA,F15,26,4527.046095303559
ZOA,F15,27,12342.920038386852
ZOA,F15,28,3737.8537972078966
ZOA,F15,29,20114.16407829862
ZOA,F15,30,18974.684249559203
ZOA,F16,1,3117.3394224538206
ZOA,F16,2,3315.4036443277196
ZOA,F16,3,2910.18239274356
ZOA,F16,4,3681.6046701495834
ZOA,F16,5,3261.224267563758
ZOA,F16,6,2893.656692253801
ZOA,F16,7,3232.61780438389
ZOA,F16,8,3194.731887957068
ZOA,F16,9,2220.357135924525
ZOA,F16,10,3124.9157581784684
ZOA,F16,11,3391.604476351254
ZOA,F16,12,3298.836726974144
ZOA,F16,13,4252.086378432497
ZOA,F16,14,4147.838862621954
ZOA,F16,15,3587.368379486018
ZOA,F16,16,3654.1043774630834
ZOA,F16,17,3675.1734426084085
ZOA,F16,18,3810.349583769702
ZOA,F16,19,4062.96843132099
ZOA,F16,20,3533.1065218778667
ZOA,F16,21,3270.5701948549295
ZOA,F16,22,3894.114319037166
ZOA,F16,23,3301.527131095013
ZOA,F16,24,3230.8072740600837
ZOA,F16,25,2930.9487978702164
ZOA,F16,26,3048.085793090843
ZOA,F16,27,3455.4104194091497
ZOA,F16,28,2995.0911167234294
ZOA,F16,29,3982.679660816452
ZOA,F16,30,3080.5663838083756
ZOA,F17,1,3057.3140599543135
ZOA,F17,2,2644.8467809236954
ZOA,F17,3,2997.0732304404232
ZOA,F17,4,3043.524487037517
ZOA,F17,5,3300.5724874946054
ZOA,F17,6,2555.071802232038
ZOA,F17,7,3025.759534961101
ZOA,F17,8,2932.1842923227487
ZOA,F17,9,3523.6919894607963
ZOA,F17,10,2402.6490515399546
ZOA,F17,11,3144.3031386347066
ZOA,F17,12,2986.3355050051755
ZOA,F17,13,3157.049502207849
ZOA,F17,14,2806.7606540492056
ZOA,F17,15,2925.2247341143766
ZOA,F17,16,2227.3290194473702
ZOA,F17,17,2781.396847998628
ZOA,F17,18,2715.1284381339715
ZOA,F17,19,2644.8963935410375
ZOA,F17,20,2658.6717182688753
ZOA,F17,21,3004.9313975342857
ZOA,F17,22,2959.0390729397086
ZOA,F17,23,3080.964749303066
ZOA,F17,24,2775.443688319093
ZOA,F17,25,3047.1569239208875
ZOA,F17,26,2728.2278071854676
ZOA,F17,27,2857.174738266318
ZOA,F17,28,3432.6990228940404
ZOA,F17,29,2899.751303524291
ZOA,F17,30,2347.1833128184844
ZOA,F18,1,2544104.8831289858
ZOA,F18,2,4112271.855732908
ZOA,F18,3,6237453.453229975
ZOA,F18,4,2747348.512864352
ZOA,F18,5,2067801.616706272
ZOA,F18,6,371759.0258857573
ZOA,F18,7,1316003.493291758
ZOA,F18,8,3199692.1027519023
ZOA,F18,9,672578.6654650087
ZOA,F18,10,769348.3369697221
ZOA,F18,11,1839192.3339840407
ZOA,F18,12,4224679.451183347
ZOA,F18,13,3049430.3328692983
ZOA,F18,14,293832.2271644411
ZOA,F18,15,1017280.2488936946
ZOA,F18,16,5142302.020101556
ZOA,F18,17,1713802.1766449579
ZOA,F18,18,6146888.010234501
ZOA,F18,19,4079585.0443443162
ZOA,F18,20,790424.0764914503
ZOA,F18,21,1195455.8545624542
ZOA,F18,22,3932126.600351015
ZOA,F18,23,2480424.262972444
ZOA,F18,24,1100669.077902277
ZOA,F18,25,558941.091108312
ZOA,F18,26,2305016.4682463873
ZOA,F18,27,6821829.463700716
ZOA,F18,28,2715316.5652480437
ZOA,F18,29,2918227.534788461
ZOA,F18,30,2270647.4040044406
ZOA,F19,1,4919.84655390543
ZOA,F19,2,16790.69749585844
ZOA,F19,3,23262.357462205062
ZOA,F19,4,39367.293729577235
ZOA,F19,5,9555.00500488959
ZOA,F19,6,11653.811835620161
ZOA,F19,7,15059.422832585975
ZOA,F19,8,28229.78080388701
ZOA,F19,9,13047.15539710812
ZOA,F19,10,21134.822504102318
ZOA,F19,11,22799.66078930878
ZOA,F19,12,18181.303988059517
ZOA,F19,13,13358.709849196452
ZOA,F19,14,16666.45384641106
ZOA,F19,15,5918.046469271176
ZOA,F19,16,16929.97580431641
ZOA,F19,17,10695.121319989394
ZOA,F19,18,25488.829433780855
ZOA,F19,19,14334.309353884066
ZOA,F19,20,13817.674246889948
ZOA,F19,21,30714.482419668497
ZOA,F19,22,3975.453045060184
ZOA,F19,23,21835.35874385954
ZOA,F19,24,8988.592819169553
ZOA,F19,25,16562.304762091775
ZOA,F19,26,19650.614230367628
ZOA,F19,27,9655.654598892275
ZOA,F19,28,16883.671772299414
ZOA,F19,29,17192.733631378636
ZOA,F19,30,16445.23003971641
ZOA,F20,1,2969.6788047155105
ZOA,F20,2,3153.648678708431
ZOA,F20,3,2888.989135042259
ZOA,F20,4,3531.5100245620715
ZOA,F20,5,3321.615745998305
ZOA,F20,6,3449.425003839996
ZOA,F20,7,2743.2017892308313
ZOA,F20,8,2664.6995785399886
ZOA,F20,9,3573.6856289159705
ZOA,F20,10,2958.764902243067
ZOA,F20,11,3643.543893471919
ZOA,F20,12,3069.519834420196
ZOA,F20,13,3617.073407300125
ZOA,F20,14,3102.5016476528526
ZOA,F20,15,2538.397154080183
ZOA,F20,16,3498.8827983805395
ZOA,F20,17,3558.0085975771926
ZOA,F20,18,3827.844356850892
ZOA,F20,19,3564.1645425706456
ZOA,F20,20,2988.6898124464738
ZOA,F20,21,3474.5457221781526
ZOA,F20,22,2725.7636332636703
ZOA,F20,23,3220.2469004913846
ZOA,F20,24,3584.262963927477
ZOA,F20,25,3517.6636586822433
ZOA,F20,26,3321.919133291123
ZOA,F20,27,3564.973337920219
ZOA,F20,28,3732.3416452821175
ZOA,F20,29,2952.3161210358808
ZOA,F20,30,3336.9724694818347
ZOA,F21,1,2558.109980586038
ZOA,F21,2,2610.770491917764
ZOA,F21,3,2513.367031651147
ZOA,F21,4,2537.880292738354
ZOA,F21,5,2593.3810283420476
ZOA,F21,6,2555.149247874328
ZOA,F21,7,2516.1435914351187
ZOA,F21,8,2553.8068645068565
ZOA,F21,9,2519.945690422611
ZOA,F21,10,2636.496385332855
ZOA,F21,11,2540.595768665992
ZOA,F21,12,2559.2742687035
ZOA,F21,13,2622.261398327737
ZOA,F21,14,2534.3245624974875
ZOA,F21,15,2610.42953556613
ZOA,F21,16,2506.893013516961
ZOA,F21,17,2585.2951613430832
ZOA,F21,18,2584.4520309542554
ZOA,F21,19,2529.5929913854025
ZOA,F21,20,2610.5467846196343
ZOA,F21,21,2486.6647751543896
ZOA,F21,22,2632.4804223433407
ZOA,F21,23,2482.389057382564
ZOA,F21,24,2702.3719961210045
ZOA,F21,25,2536.2759228731325
ZOA,F21,26,2519.778675548784
ZOA,F21,27,2563.517986661228
ZOA,F21,28,2550.979840757427
ZOA,F21,29,2464.7913754010565
ZOA,F21,30,2573.821679334832
ZOA,F22,1,10393.100567452484
ZOA,F22,2,9739.130452612804
ZOA,F22,3,10027.46674986308
ZOA,F22,4,9361.270496974324
ZOA,F22,5,2300.523939666121
ZOA,F22,6,9271.76673988524
ZOA,F22,7,10290.91007348543
ZOA,F22,8,2620.5355070020923
ZOA,F22,9,10063.60162139735
ZOA,F22,10,2353.0099113160513
ZOA,F22,11,9790.52679886312
ZOA,F22,12,9986.493968733701
ZOA,F22,13,8843.969207661776
ZOA,F22,14,8515.189703744592
ZOA,F22,15,9551.743513844825
ZOA,F22,16,10075.278678824703
ZOA,F22,17,11312.941504568807
ZOA,F22,18,11670.834559707426
ZOA,F22,19,10507.503274702653
ZOA,F22,20,2388.868275476874
ZOA,F22,21,10038.880785382331
ZOA,F22,22,9166.623824075348
ZOA,F22,23,10298.839528084165
ZOA,F22,24,9900.691511781688
ZOA,F22,25,10005.736436511148
ZOA,F22,26,2300.5513359729175
ZOA,F22,27,2657.366720090543
ZOA,F22,28,9316.84613371019
ZOA,F22,29,9111.604782056787
ZOA,F22,30,11094.111020624752
ZOA,F23,1,3282.885984497124
ZOA,F23,2,3219.586956013915
ZOA,F23,3,3152.1525440650635
ZOA,F23,4,3161.160295326235
ZOA,F23,5,3367.1600178748918
ZOA,F23,6,3193.309866642995
ZOA,F23,7,3176.4384451999085
ZOA,F23,8,3193.923309420353
ZOA,F23,9,3365.8503486684067
ZOA,F23,10,3226.9799876556704
ZOA,F23,11,3124.358953998771
ZOA,F23,12,3051.6498823739257
ZOA,F23,13,3138.985566526251
ZOA,F23,14,3090.3695289133207
ZOA,F23,15,3303.3561876304043
ZOA,F23,16,3134.2043103349
ZOA,F23,17,3051.84168954204
ZOA,F23,18,3171.348817885238
ZOA,F23,19,3065.6107260814506
ZOA,F23,20,3129.79462660181
ZOA,F23,21,3169.3892229426556
ZOA,F23,22,3162.1308085008154
ZOA,F23,23,3142.5659248000356
ZOA,F23,24,3052.829686096579
ZOA,F23,25,2987.840728112656
ZOA,F23,26,3157.882691299864
ZOA,F23,27,3150.2124294106807
ZOA,F23,28,3083.6982781294378
ZOA,F23,29,3148.3044739482484
ZOA,F23,30,3301.5180554032095
ZOA,F24,1,3431.8570637915354
ZOA,F24,2,3429.853814742464
ZOA,F24,3,3406.1627758722634
ZOA,F24,4,3339.2353494656963
ZOA,F24,5,3474.1081089726167
ZOA,F24,6,3381.5538714032637
ZOA,F24,7,3544.884149528281
ZOA,F24,8,3324.113988103328
ZOA,F24,9,3336.3566675570382
ZOA,F24,10,3432.524856365718
ZOA,F24,11,3503.955749307999
ZOA,F24,12,3384.558100016381
ZOA,F24,13,3343.991363651008
ZOA,F24,14,3520.171539745106
ZOA,F24,15,3449.073405617153
ZOA,F24,16,3262.5842323673983
ZOA,F24,17,3296.6142369768318
ZOA,F24,18,3518.8445322621983
ZOA,F24,19,3405.290198000085
ZOA,F24,20,3237.888747886776
ZOA,F24,21,3345.737028760149
ZOA,F24,22,3437.007855419317
ZOA,F24,23,3377.022117439983
ZOA,F24,24,3293.5550391046354
ZOA,F24,25,3468.466938821835
ZOA,F24,26,3318.675214558827
ZOA,F24,27,3445.3641511108435
ZOA,F24,28,3467.940639850528
ZOA,F24,29,3359.009433828037
ZOA,F24,30,3374.7974806933703
ZOA,F25,1,3097.4417755378017
ZOA,F25,2,3115.602026246766
ZOA,F25,3,3123.0436947777844
ZOA,F25,4,3097.319505376272
ZOA,F25,5,3080.7186745545873
ZOA,F25,6,3120.032944504361
ZOA,F25,7,3163.378087179286
ZOA,F25,8,3116.9179139059856
ZOA,F25,9,3129.9851198933766
ZOA,F25,10,3126.7500481146863
ZOA,F25,11,3086.5105595823816
ZOA,F25,12,3114.977058629315
ZOA,F25,13,3093.26783769122
ZOA,F25,14,3113.7010518340976
ZOA,F25,15,3099.1608987360323
ZOA,F25,16,3115.4376165144604
ZOA,F25,17,3099.8600337717153
ZOA,F25,18,3077.905221543667
ZOA,F25,19,3108.1014279504343
ZOA,F25,20,3105.6249085496975
ZOA,F25,21,3093.715612285312
ZOA,F25,22,3110.162285185833
ZOA,F25,23,3106.018139041587
ZOA,F25,24,3093.401311351556
ZOA,F25,25,3095.714078801308
ZOA,F25,26,3146.0782553351373
ZOA,F25,27,3123.5302688710717
ZOA,F25,28,3173.2068306375063
ZOA,F25,29,3095.412564209574
ZOA,F25,30,3082.9705880778447
ZOA,F26,1,9324.028772783815
ZOA,F26,2,8388.652597215338
ZOA,F26,3,9435.490852058429
ZOA,F26,4,8823.693927314202
ZOA,F26,5,6519.217823856006
ZOA,F26,6,10624.648952972668
ZOA,F26,7,11851.962737380942
ZOA,F26,8,8576.254282568963
ZOA,F26,9,9584.992644428068
ZOA,F26,10,9920.159525967496
ZOA,F26,11,10395.941770006571
ZOA,F26,12,9488.994883241912
ZOA,F26,13,9925.5367154134
ZOA,F26,14,10351.175072115795
ZOA,F26,15,10304.346691348494
ZOA,F26,16,10185.926531514993
ZOA,F26,17,8400.082133200507
ZOA,F26,18,7639.7482646333265
ZOA,F26,19,9445.062477969577
ZOA,F26,20,9344.964734630359
ZOA,F26,21,10797.848087240222
ZOA,F26,22,10884.944246326375
ZOA,F26,23,11000.393853928716
ZOA,F26,24,8074.363817336996
ZOA,F26,25,10095.511952140103
ZOA,F26,26,10577.14256275402
ZOA,F26,27,9875.995722388197
ZOA,F26,28,3263.1156176119257
ZOA,F26,29,9414.206082818018
ZOA,F26,30,9563.291788120463
ZOA,F27,1,3932.6457816925035
ZOA,F27,2,3809.4997223597675
ZOA,F27,3,3680.378554730921
ZOA,F27,4,3731.51043943082
ZOA,F27,5,3956.0721464427925
ZOA,F27,6,3896.608533487077
ZOA,F27,7,3992.455846310233
ZOA,F27,8,3939.4106265723417
ZOA,F27,9,3872.6974893434435
ZOA,F27,10,3874.5360582887442
ZOA,F27,11,3893.1385081602316
ZOA,F27,12,3914.6134092915963
ZOA,F27,13,3765.3943199939085
ZOA,F27,14,3842.809090505662
ZOA,F27,15,3909.524012755658
ZOA,F27,16,3795.8379586783717
ZOA,F27,17,3976.5933853392607
ZOA,F27,18,4110.221775113907
ZOA,F27,19,3847.360141598223
ZOA,F27,20,3938.7956022414983
ZOA,F27,21,3717.300058126991
ZOA,F27,22,3904.2700965164513
ZOA,F27,23,4041.7549689661337
ZOA,F27,24,3927.051055633153
ZOA,F27,25,3567.309525006369
ZOA,F27,26,3819.2105673955402
ZOA,F27,27,3675.1978411248824
ZOA,F27,28,3803.3326390660295
ZOA,F27,29,3768.265721695322
ZOA,F27,30,3599.780261986123
ZOA,F28,1,3426.2736594978987
ZOA,F28,2,3460.2617747170616
ZOA,F28,3,3424.4837051070535
ZOA,F28,4,3491.4600905640064
ZOA,F28,5,3475.790445179936
ZOA,F28,6,3391.804174006986
ZOA,F28,7,3425.650369760645
ZOA,F28,8,3373.515421640848
ZOA,F28,9,3348.4545602094513
ZOA,F28,10,3470.8637636813205
ZOA,F28,11,3484.16342551245
ZOA,F28,12,3520.5164520669236
ZOA,F28,13,3416.388995682041
ZOA,F28,14,3382.329196052795
ZOA,F28,15,3445.5039967717184
ZOA,F28,16,3349.061338660602
ZOA,F28,17,3365.919525600504
ZOA,F28,18,3411.8417626003925
ZOA,F28,19,3450.056180850851
ZOA,F28,20,3373.7555650380677
ZOA,F28,21,3403.3235583051905
ZOA,F28,22,3487.2092055144476
ZOA,F28,23,3477.3738521656774
ZOA,F28,24,3388.1450864293065
ZOA,F28,25,3415.471767404599
ZOA,F28,26,3422.0870992391283
ZOA,F28,27,3392.4796342541667
ZOA,F28,28,3456.1326545912516
ZOA,F28,29,3345.8931030106046
ZOA,F28,30,3389.4995149607666
ZOA,F29,1,5195.615169831274
ZOA,F29,2,4623.86921945379
ZOA,F29,3,4816.550154111651
ZOA,F29,4,5166.7872439361145
ZOA,F29,5,4538.953971724637
ZOA,F29,6,4306.308944502643
ZOA,F29,7,5251.861434686087
ZOA,F29,8,4331.856246194503
ZOA,F29,9,4620.589092622712
ZOA,F29,10,4779.58090244072
ZOA,F29,11,4684.442615759352
ZOA,F29,12,5307.744202168416
ZOA,F29,13,4964.328857740818
ZOA,F29,14,5441.774392266454
ZOA,F29,15,4412.011390757979
ZOA,F29,16,4386.5134479627795
ZOA,F29,17,5499.603182496345
ZOA,F29,18,4716.184850150285
ZOA,F29,19,4785.796742130565
ZOA,F29,20,4772.613323110114
ZOA,F29,21,5533.406579111943
ZOA,F29,22,5224.924533678894
ZOA,F29,23,4844.291812761556
ZOA,F29,24,4221.267904965572
ZOA,F29,25,4379.4503280928775
ZOA,F29,26,5201.734661559367
ZOA,F29,27,5150.978572467813
ZOA,F29,28,4985.342636225207
ZOA,F29,29,5072.489474291549
ZOA,F29,30,4204.452835786581
ZOA,F30,1,1667341.6443078397
ZOA,F30,2,3707738.9984966577
ZOA,F30,3,1719326.7329424184
ZOA,F30,4,1972155.072847154
ZOA,F30,5,1574505.3375196983
ZOA,F30,6,1405773.4709703706
ZOA,F30,7,1817463.276362339
ZOA,F30,8,1998894.8104017582
ZOA,F30,9,1499890.4737722555
ZOA,F30,10,2485427.375515374
ZOA,F30,11,1189724.5822917963
ZOA,F30,12,2084826.2404679828
ZOA,F30,13,1999134.1965911542
ZOA,F30,14,2422992.5445324383
ZOA,F30,15,1936797.8415975922
ZOA,F30,16,1306295.2848739254
ZOA,F30,17,6599553.60375137
ZOA,F30,18,1507058.7532127223
ZOA,F30,19,1769851.5165971152
ZOA,F30,20,1458277.8857048373
ZOA,F30,21,2357547.9169546864
ZOA,F30,22,1459529.8402829156
ZOA,F30,23,1343613.2920244993
ZOA,F30,24,2151110.131439925
ZOA,F30,25,1489616.470193181
ZOA,F30,26,1307468.0520166985
ZOA,F30,27,2685325.550067531
ZOA,F30,28,2135549.4207036626
ZOA,F30,29,1956533.0802381104
ZOA,F30,30,2192567.3219301845
GRO,F1,1,8795962.242272496
GRO,F1,2,5462804.210087782
GRO,F1,3,6820939.525492197
GRO,F1,4,13514120.596844256
GRO,F1,5,7738389.389170326
GRO,F1,6,10426176.404176727
GRO,F1,7,3765173.705352644
GRO,F1,8,14536205.489491679
GRO,F1,9,4132502.357537372
GRO,F1,10,20851134.287283275
GRO,F1,11,7788985.362008409
GRO,F1,12,17117615.326453436
GRO,F1,13,10648977.44466192
GRO,F1,14,3599394.641601769
GRO,F1,15,8129866.1684938
GRO,F1,16,7758986.192686816
GRO,F1,17,19366985.12935598
GRO,F1,18,32792723.316130027
GRO,F1,19,22098835.66135534
GRO,F1,20,8690506.77412387
GRO,F1,21,12469431.554788206
GRO,F1,22,35855281.03235615
GRO,F1,23,4565129.209679626
GRO,F1,24,11926461.863548122
GRO,F1,25,12687132.319683863
GRO,F1,26,6363363.494778176
GRO,F1,27,5704886.456236574
GRO,F1,28,3332405.965806459
GRO,F1,29,3647573.9846191844
GRO,F1,30,4393697.152068927
GRO,F3,1,132045.40171229877
GRO,F3,2,138373.71761522192
GRO,F3,3,114855.31236530415
GRO,F3,4,148076.10682893643
GRO,F3,5,142955.20962749084
GRO,F3,6,136860.9820318283
GRO,F3,7,138184.65455258443
GRO,F3,8,133061.42515445032
GRO,F3,9,133363.64660035056
GRO,F3,10,126045.2973461345
GRO,F3,11,107101.00027844176
GRO,F3,12,137898.49177309262
GRO,F3,13,118559.06536057842
GRO,F3,14,149084.11808010406
GRO,F3,15,121508.14039709762
GRO,F3,16,155219.95382346233
GRO,F3,17,141929.8509769673
GRO,F3,18,131901.06118500573
GRO,F3,19,123500.5304273848
GRO,F3,20,165215.06563435294
GRO,F3,21,156783.67457960008
GRO,F3,22,148309.89545749684
GRO,F3,23,157268.61041099878
GRO,F3,24,116021.07791259128
GRO,F3,25,123768.72694227727
GRO,F3,26,125151.79615856282
GRO,F3,27,149481.2556424746
GRO,F3,28,146464.20444285776
GRO,F3,29,123672.02486209398
GRO,F3,30,159993.39376472207
GRO,F4,1,563.9886966934105
GRO,F4,2,653.1051919889767
GRO,F4,3,447.83575158527447
GRO,F4,4,589.8125893489552
GRO,F4,5,582.9146994786674
GRO,F4,6,652.634315034137
GRO,F4,7,641.1524567190945
GRO,F4,8,736.8628387206852
GRO,F4,9,570.1976713340365
GRO,F4,10,635.4559526122291
GRO,F4,11,573.5119906318698
GRO,F4,12,572.5257177367541
GRO,F4,13,637.017350613198
GRO,F4,14,645.6517983992239
GRO,F4,15,596.3819408044315
GRO,F4,16,594.8898911910156
GRO,F4,17,537.2501918850825
GRO,F4,18,627.272663274352
GRO,F4,19,598.8031857438402
GRO,F4,20,627.5267233616496
GRO,F4,21,582.9063646067084
GRO,F4,22,623.2081649715756
GRO,F4,23,569.5405437984593
GRO,F4,24,485.0173952386169
GRO,F4,25,666.399482250652
GRO,F4,26,604.8783053636673
GRO,F4,27,566.9125886444423
GRO,F4,28,607.5813372555124
GRO,F4,29,601.6374702132651
GRO,F4,30,574.826560509865
GRO,F5,1,829.6075630799373
GRO,F5,2,850.5306172891085
GRO,F5,3,963.8509956319606
GRO,F5,4,892.5938420704547
GRO,F5,5,807.5955092673287
GRO,F5,6,940.9122553309057
GRO,F5,7,819.3931872777089
GRO,F5,8,937.9200073588493
GRO,F5,9,889.8748148685567
GRO,F5,10,691.9658364733233
GRO,F5,11,782.3573876224591
GRO,F5,12,924.9041904975144
GRO,F5,13,762.4772508038222
GRO,F5,14,975.908291727244
GRO,F5,15,911.9199331083744
GRO,F5,16,872.024068828551
GRO,F5,17,977.9749867352548
GRO,F5,18,859.9435101292328
GRO,F5,19,828.3234787637157
GRO,F5,20,820.161241742092
GRO,F5,21,852.845236993562
GRO,F5,22,903.6909155101924
GRO,F5,23,949.3105078783329
GRO,F5,24,837.0091797012846
GRO,F5,25,931.5729553662022
GRO,F5,26,949.4802566419507
GRO,F5,27,891.1837089334113
GRO,F5,28,782.8723690021269
GRO,F5,29,978.5473181717507
GRO,F5,30,830.379672059816
GRO,F6,1,601.3711831764499
GRO,F6,2,602.4527170055093
GRO,F6,3,606.9323856198665
GRO,F6,4,603.7093017802654
GRO,F6,5,602.2004833530258
GRO,F6,6,602.3694404758965
GRO,F6,7,601.8312164096161
GRO,F6,8,602.9954135518236
GRO,F6,9,602.2095789675782
GRO,F6,10,602.3576839708854
GRO,F6,11,605.9010294716951
GRO,F6,12,603.0800181225273
GRO,F6,13,603.0232164566729
GRO,F6,14,601.3356413292307
GRO,F6,15,602.6141298372658
GRO,F6,16,602.7510588456144
GRO,F6,17,602.5127983730914
GRO,F6,18,603.7152657060998
GRO,F6,19,601.2973173890612
GRO,F6,20,601.7997299501391
GRO,F6,21,604.5316935210703
GRO,F6,22,602.3476775079488
GRO,F6,23,604.8373693318724
GRO,F6,24,601.6969337761432
GRO,F6,25,605.2531762252934
GRO,F6,26,605.5509895929883
GRO,F6,27,604.8005392378598
GRO,F6,28,604.2347176276865
GRO,F6,29,603.1175321529734
GRO,F6,30,604.5986314734513
GRO,F7,1,1216.0024802619128
GRO,F7,2,1268.9216510342303
GRO,F7,3,1234.6964038730666
GRO,F7,4,1325.245287456423
GRO,F7,5,1165.1609471518427
GRO,F7,6,1002.5041141580695
GRO,F7,7,1222.1112514668216
GRO,F7,8,1160.995750042032
GRO,F7,9,1252.23971846818
GRO,F7,10,1231.4873002493619
GRO,F7,11,1238.3857869712608
GRO,F7,12,1120.088341079615
GRO,F7,13,1187.122837095385
GRO,F7,14,1273.9718801276817
GRO,F7,15,1239.2916437979616
GRO,F7,16,1061.8763199078874
GRO,F7,17,1243.9587626918014
GRO,F7,18,1087.2535141237704
GRO,F7,19,1189.0693103804506
GRO,F7,20,1298.944063801222
GRO,F7,21,1199.9395704523722
GRO,F7,22,1254.5053927346526
GRO,F7,23,1156.2765749809291
GRO,F7,24,1262.947443365138
GRO,F7,25,1224.607649319035
GRO,F7,26,1204.4145452675193
GRO,F7,27,1351.5215425382262
GRO,F7,28,1274.404607101924
GRO,F7,29,1231.0143308423585
GRO,F7,30,1172.504315114661
GRO,F8,1,1015.8356771885433
GRO,F8,2,1272.8925204142631
GRO,F8,3,1152.7473223013485
GRO,F8,4,1293.8266120144176
GRO,F8,5,1214.3893729242473
GRO,F8,6,1028.9308094128849
GRO,F8,7,1265.3264054580463
GRO,F8,8,1118.1758606585868
GRO,F8,9,1088.9448719263519
GRO,F8,10,1238.634117292233
GRO,F8,11,1237.8407705249379
GRO,F8,12,1039.7425479861188
GRO,F8,13,1197.6887347286945
GRO,F8,14,1152.2001809409478
GRO,F8,15,1213.9777933090422
GRO,F8,16,1145.868207906259
GRO,F8,17,1243.0279499589008
GRO,F8,18,971.5421367672734
GRO,F8,19,1104.19684086944
GRO,F8,20,1163.3478743311707
GRO,F8,21,1070.9625670499659
GRO,F8,22,1211.4115279425087
GRO,F8,23,1106.4836241297344
GRO,F8,24,1288.1542872346179
GRO,F8,25,1098.066869787013
GRO,F8,26,1179.236644463997
GRO,F8,27,1099.0870202821302
GRO,F8,28,1160.1324394414596
GRO,F8,29,1175.4938902074236
GRO,F8,30,1086.84656816167
GRO,F9,1,2382.9358026635264
GRO,F9,2,4233.4369576232875
GRO,F9,3,2386.6434653397987
GRO,F9,4,3244.4581729328925
GRO,F9,5,7250.7412945343585
GRO,F9,6,3771.6396753020713
GRO,F9,7,1531.4886258690929
GRO,F9,8,3047.9063861544128
GRO,F9,9,3912.3446010468124
GRO,F9,10,1550.3433433309515
GRO,F9,11,8019.760680741904
GRO,F9,12,3685.3214932168944
GRO,F9,13,1540.8541578626382
GRO,F9,14,1609.8492922751693
GRO,F9,15,6925.461079841335
GRO,F9,16,5741.342135792389
GRO,F9,17,3809.8898103229853
GRO,F9,18,2299.9916959074317
GRO,F9,19,4448.320775146217
GRO,F9,20,1613.7566036445676
GRO,F9,21,6179.547252941149
GRO,F9,22,3025.7785063684914
GRO,F9,23,6327.697072243983
GRO,F9,24,1638.8166892286936
GRO,F9,25,1233.7571451117715
GRO,F9,26,3387.900666160802
GRO,F9,27,4583.864011483754
GRO,F9,28,4345.18016317565
GRO,F9,29,7768.148719704709
GRO,F9,30,2392.3598392536987
GRO,F10,1,14363.403663322148
GRO,F10,2,9167.693283385866
GRO,F10,3,13460.460602540406
GRO,F10,4,14943.472701904862
GRO,F10,5,14418.512157479452
GRO,F10,6,14413.971415487154
GRO,F10,7,14969.604273814688
GRO,F10,8,13878.562746660387
GRO,F10,9,14506.56848100606
GRO,F10,10,12455.107236030211
GRO,F10,11,14234.44838056135
GRO,F10,12,14033.32494612812
GRO,F10,13,13381.901904605067
GRO,F10,14,10449.841757603514
GRO,F10,15,14232.648750662487
GRO,F10,16,12693.067446627585
GRO,F10,17,14460.491486643768
GRO,F10,18,14704.466235103959
GRO,F10,19,14357.223199930006
GRO,F10,20,14795.289015731909
GRO,F10,21,14028.794769564105
GRO,F10,22,12548.960701689706
GRO,F10,23,14239.044741940761
GRO,F10,24,14317.053105256535
GRO,F10,25,14583.37416809933
GRO,F10,26,14570.071932220866
GRO,F10,27,14789.46683955174
GRO,F10,28,14480.238956934905
GRO,F10,29,13169.592714588502
GRO,F10,30,12202.808788901284
GRO,F11,1,1570.8452999267008
GRO,F11,2,1888.5330705444223
GRO,F11,3,1464.911687742339
GRO,F11,4,1669.419189469212
GRO,F11,5,1556.1003298802952
GRO,F11,6,1671.119706138454
GRO,F11,7,1509.1796781858993
GRO,F11,8,1717.316969856558
GRO,F11,9,1400.843070518549
GRO,F11,10,1496.8163573415752
GRO,F11,11,1603.604456498351
GRO,F11,12,1526.6268280704498
GRO,F11,13,1542.0496425515698
GRO,F11,14,1559.2657357896992
GRO,F11,15,1512.8949309458371
GRO,F11,16,1594.8023987288639
GRO,F11,17,1452.1208188994096
GRO,F11,18,1618.63737008192
GRO,F11,19,1540.223159233356
GRO,F11,20,1874.7045489155478
GRO,F11,21,1474.8103715439765
GRO,F11,22,1616.3978804406252
GRO,F11,23,1515.6144639734869
GRO,F11,24,1783.0139808928875
GRO,F11,25,1562.8329583484372
GRO,F11,26,1979.2359660734473
GRO,F11,27,1466.3984021085362
GRO,F11,28,1477.1144047412347
GRO,F11,29,1534.3263181764119
GRO,F11,30,1545.7171398534194
GRO,F12,1,5880313.350486331
GRO,F12,2,3515064.1396630146
GRO,F12,3,3596450.1357095325
GRO,F12,4,15879181.155768692
GRO,F12,5,8382555.4203753155
GRO,F12,6,8026976.1579157235
GRO,F12,7,5148512.671598414
GRO,F12,8,6288530.508728636
GRO,F12,9,13092516.692381123
GRO,F12,10,10287366.478199594
GRO,F12,11,6247586.556296555
GRO,F12,12,5573850.548697483
GRO,F12,13,5556406.498429497
GRO,F12,14,7527022.768371413
GRO,F12,15,5871566.054379221
GRO,F12,16,3062891.9332048222
GRO,F12,17,7508790.287445034
GRO,F12,18,12514356.48176125
GRO,F12,19,3992444.4204396033
GRO,F12,20,9903638.2623151
GRO,F12,21,11946237.894779038
GRO,F12,22,3342132.361505408
GRO,F12,23,4339130.50600563
GRO,F12,24,4301434.744335426
GRO,F12,25,2774020.126415163
GRO,F12,26,2510469.50766765
GRO,F12,27,10874928.126947138
GRO,F12,28,15956220.792903572
GRO,F12,29,4404903.093819931
GRO,F12,30,5020102.786665832
GRO,F13,1,4667.39647169918
GRO,F13,2,3487.4743609088473
GRO,F13,3,6738.722549742048
GRO,F13,4,3198.3883547866762
GRO,F13,5,16771.532780765603
GRO,F13,6,9307.763895377413
GRO,F13,7,16487.72019589475
GRO,F13,8,5367.10328919546
GRO,F13,9,2563.628769110205
GRO,F13,10,5642.364036694839
GRO,F13,11,3532.169296288975
GRO,F13,12,3076.7519874996897
GRO,F13,13,10605.935952947186
GRO,F13,14,1801.6124254470647
GRO,F13,15,2153.7353815396195
GRO,F13,16,3504.0926307604655
GRO,F13,17,1896.228138994773
GRO,F13,18,8897.07186231103
GRO,F13,19,1832.0340436924089
GRO,F13,20,12525.32747701971
GRO,F13,21,2056.725318591266
GRO,F13,22,3610.7895646250404
GRO,F13,23,2388.280500237723
GRO,F13,24,1920.8868763784244
GRO,F13,25,3751.4204958226383
GRO,F13,26,2974.7542279002937
GRO,F13,27,3596.726612029711
GRO,F13,28,10051.40706352361
GRO,F13,29,2347.839204277021
GRO,F13,30,15434.090844037259
GRO,F14,1,299647.74797614035
GRO,F14,2,469222.17220597353
GRO,F14,3,270242.7784204771
GRO,F14,4,466195.1463558554
GRO,F14,5,599782.1567913993
GRO,F14,6,374714.0570988743
GRO,F14,7,238441.8881249273
GRO,F14,8,590800.296820568
GRO,F14,9,480020.87590090313
GRO,F14,10,536686.2137424066
GRO,F14,11,348292.05265804764
GRO,F14,12,382631.8992089519
GRO,F14,13,851246.844239461
GRO,F14,14,1215671.2511675225
GRO,F14,15,426628.71239428414
GRO,F14,16,413484.5268072232
GRO,F14,17,201472.4270367073
GRO,F14,18,287925.3145863123
GRO,F14,19,347396.96793645807
GRO,F14,20,345395.0146093766
GRO,F14,21,253082.38328046448
GRO,F14,22,408880.19748436974
GRO,F14,23,73218.58708719657
GRO,F14,24,257527.41842554085
GRO,F14,25,568437.8275849588
GRO,F14,26,423767.82612497604
GRO,F14,27,540453.5836580095
GRO,F14,28,430647.1520945502
GRO,F14,29,434837.00273595005
GRO,F14,30,363432.97293504333
GRO,F15,1,3444.0450294555294
GRO,F15,2,11477.286327925223
GRO,F15,3,13659.23915836696
GRO,F15,4,9702.293820212617
GRO,F15,5,13021.640468281637
GRO,F15,6,13189.393445682232
GRO,F15,7,4417.696043981376
GRO,F15,8,17459.07062818466
GRO,F15,9,15932.707201765177
GRO,F15,10,14885.926233908343
GRO,F15,11,18051.268819968678
GRO,F15,12,2225.197736650898
GRO,F15,13,4270.83130355943
GRO,F15,14,10744.141868744693
GRO,F15,15,15557.416142267428
GRO,F15,16,3249.677939376181
GRO,F15,17,18244.752885237584
GRO,F15,18,1779.786101010609
GRO,F15,19,12874.980439348345
GRO,F15,20,6292.693200523775
GRO,F15,21,6638.563123913147
GRO,F15,22,14999.655709734252
GRO,F15,23,16276.04685017971
GRO,F15,24,2733.4249438047154
GRO,F15,25,12297.691059547824
GRO,F15,26,13741.049948590067
GRO,F15,27,6910.609198581931
GRO,F15,28,3052.1333326876047
GRO,F15,29,7635.815473752266
GRO,F15,30,16341.24594352353
GRO,F16,1,4313.035330693039
GRO,F16,2,3324.2241988016954
GRO,F16,3,4514.3415481076145
GRO,F16,4,3074.5224743585563
GRO,F16,5,3313.6244908266926
GRO,F16,6,3141.405462282931
GRO,F16,7,5043.772118492097
GRO,F16,8,3400.520351605419
GRO,F16,9,3187.3021894298636
GRO,F16,10,2499.728343228358
GRO,F16,11,4050.884749449628
GRO,F16,12,4145.8256890375615
GRO,F16,13,4635.159226672582
GRO,F16,14,3031.1848962333365
GRO,F16,15,3146.7208432918474
GRO,F16,16,3750.4630340876506
GRO,F16,17,4334.823139336524
GRO,F16,18,3395.140263119109
GRO,F16,19,2923.466473909598
GRO,F16,20,4785.539001665846
GRO,F16,21,4520.246999757656
GRO,F16,22,2798.5244484808745
GRO,F16,23,4921.902629644459
GRO,F16,24,4957.8514322380925
GRO,F16,25,4573.362041598182
GRO,F16,26,3064.7922395567794
GRO,F16,27,3568.7448872901787
GRO,F16,28,4836.533771572094
GRO,F16,29,2924.60177689754
GRO,F16,30,4400.699059092452
GRO,F17,1,3855.1704246934637
GRO,F17,2,4032.92859738861
GRO,F17,3,3399.0186369039066
GRO,F17,4,3996.83596214377
GRO,F17,5,3911.2894909483252
GRO,F17,6,3378.4340156411863
GRO,F17,7,3858.6886581924095
GRO,F17,8,4068.177508932025
GRO,F17,9,3624.249392880527
GRO,F17,10,3018.0995915667772
GRO,F17,11,3180.9618710433933
GRO,F17,12,3371.1554113075595
GRO,F17,13,4239.6650049482805
GRO,F17,14,3730.0017291877693
GRO,F17,15,3016.6382982560003
GRO,F17,16,3849.6122831170374
GRO,F17,17,3045.822156482288
GRO,F17,18,3936.9632805046294
GRO,F17,19,3868.86621769282
GRO,F17,20,3410.626269175712
GRO,F17,21,3845.47893112779
GRO,F17,22,3857.0742872233873
GRO,F17,23,3951.061718269576
GRO,F17,24,3736.683313641259
GRO,F17,25,3258.632957227962
GRO,F17,26,3808.6152673731526
GRO,F17,27,3136.2026927562656
GRO,F17,28,3663.8207127774913
GRO,F17,29,3649.5368723452384
GRO,F17,30,3868.442411556701
GRO,F18,1,2738689.4517922993
GRO,F18,2,10067829.838705953
GRO,F18,3,8547510.552640745
GRO,F18,4,4815549.633150869
GRO,F18,5,7846126.108533856
GRO,F18,6,3371925.3179967804
GRO,F18,7,5790664.555047477
GRO,F18,8,6737354.557852777
GRO,F18,9,3790384.172004756
GRO,F18,10,4616618.174682326
GRO,F18,11,3334865.9928893773
GRO,F18,12,1330132.3183311012
GRO,F18,13,4070400.615565909
GRO,F18,14,5144769.459571783
GRO,F18,15,2588937.7833672483
GRO,F18,16,8189864.082044464
GRO,F18,17,3933083.5996355065
GRO,F18,18,2193904.6879883124
GRO,F18,19,1831866.1441188017
GRO,F18,20,2955619.419503384
GRO,F18,21,4625349.224916306
GRO,F18,22,5679964.167814486
GRO,F18,23,7869026.742091301
GRO,F18,24,3372004.4153994713
GRO,F18,25,2053308.199758678
GRO,F18,26,5221115.358466795
GRO,F18,27,7161298.355258739
GRO,F18,28,7662412.270284121
GRO,F18,29,3436389.4779782663
GRO,F18,30,3375762.959224526
GRO,F19,1,25700.565087100073
GRO,F19,2,23281.798771333062
GRO,F19,3,24082.548739591515
GRO,F19,4,21584.68275911266
GRO,F19,5,21185.6621709777
GRO,F19,6,23711.919920703054
GRO,F19,7,17628.101312333652
GRO,F19,8,4372.2885773470125
GRO,F19,9,26923.2210053864
GRO,F19,10,13455.928551566074
GRO,F19,11,11682.819024556833
GRO,F19,12,11387.45518052653
GRO,F19,13,29179.249108447882
GRO,F19,14,29800.95462875698
GRO,F19,15,22594.745129803247
GRO,F19,16,3479.8073618829612
GRO,F19,17,15442.242474205133
GRO,F19,18,29166.315532015222
GRO,F19,19,14098.246489995237
GRO,F19,20,27948.718226685323
GRO,F19,21,6069.920811553188
GRO,F19,22,33131.934621875065
GRO,F19,23,3278.542913663059
GRO,F19,24,40027.12500032922
GRO,F19,25,5944.791665790345
GRO,F19,26,9558.069719009141
GRO,F19,27,2126.0764368035852
GRO,F19,28,8513.139319557136
GRO,F19,29,6741.194658646902
GRO,F19,30,9747.876092261391
GRO,F20,1,3607.450127194494
GRO,F20,2,3853.170015393454
GRO,F20,3,2687.544069402782
GRO,F20,4,3964.3470260848935
GRO,F20,5,3599.3969116203016
GRO,F20,6,3614.6727037059327
GRO,F20,7,4155.834026740014
GRO,F20,8,3658.4211897526757
GRO,F20,9,3502.2957608055362
GRO,F20,10,3408.9506122494754
GRO,F20,11,3454.355873011003
GRO,F20,12,3822.404417218623
GRO,F20,13,3261.768112083637
GRO,F20,14,2951.3018680543214
GRO,F20,15,3758.216821676323
GRO,F20,16,3996.5134144345575
GRO,F20,17,3820.261196498346
GRO,F20,18,3231.399787558622
GRO,F20,19,3671.7014768688614
GRO,F20,20,3391.858963990696
GRO,F20,21,3435.9369762017814
GRO,F20,22,3570.543394199568
GRO,F20,23,3293.1120134605244
GRO,F20,24,3870.53438963492
GRO,F20,25,3525.940931280319
GRO,F20,26,2745.7027879345214
GRO,F20,27,2830.376048148486
GRO,F20,28,3803.7511271710355
GRO,F20,29,3449.37257346844
GRO,F20,30,2740.39121231806
GRO,F21,1,2649.640114149197
GRO,F21,2,2613.953989589036
GRO,F21,3,2599.3947428923334
GRO,F21,4,2710.3134656399156
GRO,F21,5,2593.4444244390056
GRO,F21,6,2738.970281187324
GRO,F21,7,2746.7814670938546
GRO,F21,8,2504.8043068322168
GRO,F21,9,2526.771649167079
GRO,F21,10,2611.1087010545994
GRO,F21,11,2731.073460150099
GRO,F21,12,2703.488511145035
GRO,F21,13,2701.3099339595406
GRO,F21,14,2691.8933166566335
GRO,F21,15,2764.456542830237
GRO,F21,16,2650.0316221016756
GRO,F21,17,2694.0532143152404
GRO,F21,18,2692.0914049778144
GRO,F21,19,2734.8561960395955
GRO,F21,20,2755.4313710208557
GRO,F21,21,2699.4946167200196
GRO,F21,22,2616.4605810745184
GRO,F21,23,2675.8151060865425
GRO,F21,24,2648.9283690195393
GRO,F21,25,2682.044961248825
GRO,F21,26,2556.065504614256
GRO,F21,27,2683.857232651285
GRO,F21,28,2702.2841412678345
GRO,F21,29,2733.38135512025
GRO,F21,30,2751.9631517887287
GRO,F22,1,16777.81624284742
GRO,F22,2,14853.763674104317
GRO,F22,3,14845.004708841014
GRO,F22,4,15572.730174516986
GRO,F22,5,16429.513535713886
GRO,F22,6,2325.278675380682
GRO,F22,7,15820.572520169924
GRO,F22,8,15660.713557972196
GRO,F22,9,16639.582650584438
GRO,F22,10,2340.5092528677687
GRO,F22,11,15617.664255603806
GRO,F22,12,15146.640361193284
GRO,F22,13,2343.9292691395535
GRO,F22,14,14064.49680277266
GRO,F22,15,2594.671462777411
GRO,F22,16,2325.9345863725302
GRO,F22,17,16159.288464991907
GRO,F22,18,15767.898211480651
GRO,F22,19,3725.723808745959
GRO,F22,20,16562.86210612585
GRO,F22,21,2358.1509040873357
GRO,F22,22,2336.7898890321385
GRO,F22,23,15448.862904499962
GRO,F22,24,2328.3994285324475
GRO,F22,25,16181.502160806054
GRO,F22,26,16451.99268001344
GRO,F22,27,2337.9961049505314
GRO,F22,28,14079.066236279647
GRO,F22,29,15789.883277229801
GRO,F22,30,15428.363170132143
GRO,F23,1,2887.1605548471
GRO,F23,2,3037.3369521438385
GRO,F23,3,3033.4228341781327
GRO,F23,4,3179.5577326885405
GRO,F23,5,2966.32712369828
GRO,F23,6,2922.713146595263
GRO,F23,7,3155.935206733243
GRO,F23,8,3045.3794390161893
GRO,F23,9,3134.841341782957
GRO,F23,10,3145.0117762085747
GRO,F23,11,3150.0502093943296
GRO,F23,12,3009.7131937572594
GRO,F23,13,3047.520911788357
GRO,F23,14,3059.2509546105703
GRO,F23,15,3128.2831743133856
GRO,F23,16,3137.2126293110014
GRO,F23,17,3157.2386455802166
GRO,F23,18,3121.457463496633
GRO,F23,19,2949.7906908555133
GRO,F23,20,2908.1155758951036
GRO,F23,21,2957.6522169521645
GRO,F23,22,3068.921415039368
GRO,F23,23,3002.3250415131006
GRO,F23,24,3043.0748740652866
GRO,F23,25,3022.0132190109475
GRO,F23,26,3095.245658377291
GRO,F23,27,3109.669098804301
GRO,F23,28,2987.808640444573
GRO,F23,29,3082.734889371174
GRO,F23,30,3019.708203486712
GRO,F24,1,3169.3045594985147
GRO,F24,2,3128.865424355432
GRO,F24,3,3211.9997603012644
GRO,F24,4,3201.318367046678
GRO,F24,5,3237.4646067050817
GRO,F24,6,3325.8803897063644
GRO,F24,7,3054.6491324141175
GRO,F24,8,3143.9141544534546
GRO,F24,9,3123.8226373191305
GRO,F24,10,3364.1865327886626
GRO,F24,11,3314.9196219186983
GRO,F24,12,3188.7389258696894
GRO,F24,13,3208.0945685695106
GRO,F24,14,3194.2233319578454
GRO,F24,15,3152.8072805469233
GRO,F24,16,3219.5839040142155
GRO,F24,17,3306.4655482883045
GRO,F24,18,3326.61010421639
GRO,F24,19,3188.465468987529
GRO,F24,20,3116.515369672737
GRO,F24,21,3157.417739845559
GRO,F24,22,3166.213938309984
GRO,F24,23,3272.2633352869257
GRO,F24,24,3141.0172210858036
GRO,F24,25,3154.5853757985205
GRO,F24,26,3198.179186266194
GRO,F24,27,3236.818634691562
GRO,F24,28,3275.451004393487
GRO,F24,29,3252.720420950627
GRO,F24,30,3132.667718560918
GRO,F25,1,3087.692075529675
GRO,F25,2,3150.022346233118
GRO,F25,3,3120.429577074839
GRO,F25,4,3105.217915755249
GRO,F25,5,3088.745385383373
GRO,F25,6,3207.86077498885
GRO,F25,7,3169.863231691319
GRO,F25,8,3174.855610679383
GRO,F25,9,3149.0823186838943
GRO,F25,10,3097.8230877176447
GRO,F25,11,3075.468570316418
GRO,F25,12,3083.3896188465815
GRO,F25,13,3127.482443893767
GRO,F25,14,3084.3912789417236
GRO,F25,15,3141.861312386422
GRO,F25,16,3128.436951523685
GRO,F25,17,3134.2618701031533
GRO,F25,18,3166.215493775505
GRO,F25,19,3163.494708384349
GRO,F25,20,3140.742745960304
GRO,F25,21,3055.3403373716387
GRO,F25,22,3085.47091386693
GRO,F25,23,3138.395077365303
GRO,F25,24,3123.949873716837
GRO,F25,25,3106.627489412409
GRO,F25,26,3196.7024673946594
GRO,F25,27,3137.219677712171
GRO,F25,28,3172.6770390668416
GRO,F25,29,3189.0833017735413
GRO,F25,30,3210.1013857981925
GRO,F26,1,8309.957581283092
GRO,F26,2,8552.411032537622
GRO,F26,3,7693.221145613176
GRO,F26,4,7331.999486675124
GRO,F26,5,7895.506128666766
GRO,F26,6,3111.2934945126763
GRO,F26,7,3167.7922396337844
GRO,F26,8,6693.245550170104
GRO,F26,9,8273.146550905938
GRO,F26,10,3069.4818608045443
GRO,F26,11,3487.800432860324
GRO,F26,12,7116.379425835672
GRO,F26,13,6366.70497866611
GRO,F26,14,7281.49046675155
GRO,F26,15,3371.2961621386144
GRO,F26,16,3575.307600328778
GRO,F26,17,3288.0280441689174
GRO,F26,18,3410.084449858553
GRO,F26,19,7276.6583819285
GRO,F26,20,7366.643929449691
GRO,F26,21,6357.117646004297
GRO,F26,22,8114.676257273728
GRO,F26,23,5718.602306973526
GRO,F26,24,3440.4113043156835
GRO,F26,25,7567.659197837866
GRO,F26,26,3297.4734244019023
GRO,F26,27,3406.9897047005375
GRO,F26,28,7263.3520003217445
GRO,F26,29,8580.418120404393
GRO,F26,30,3543.2621909712466
GRO,F27,1,3685.280180294262
GRO,F27,2,3604.350253149096
GRO,F27,3,3750.6688203866597
GRO,F27,4,3619.4247090507433
GRO,F27,5,3581.2828291323494
GRO,F27,6,3427.3132770578054
GRO,F27,7,3750.5084570592994
GRO,F27,8,3523.6075832013294
GRO,F27,9,3458.6464165393363
GRO,F27,10,3963.3591426363832
GRO,F27,11,3649.579889748029
GRO,F27,12,3924.583996592637
GRO,F27,13,3898.1393981589263
GRO,F27,14,3732.614839006709
GRO,F27,15,3540.980876509321
GRO,F27,16,3417.94957508397
GRO,F27,17,3731.750004415273
GRO,F27,18,3571.1239113938936
GRO,F27,19,3841.4897615775753
GRO,F27,20,3581.2108196749573
GRO,F27,21,3574.1787208876945
GRO,F27,22,3800.46420127015
GRO,F27,23,3507.0978317729596
GRO,F27,24,4103.048080590999
GRO,F27,25,3635.2784962268593
GRO,F27,26,3635.6705580458542
GRO,F27,27,3513.9052533195677
GRO,F27,28,3548.018831877953
GRO,F27,29,3435.1018054146634
GRO,F27,30,3614.8826389067917
GRO,F28,1,3412.774660260076
GRO,F28,2,3463.9388232189076
GRO,F28,3,3367.546233291336
GRO,F28,4,3360.42458358154
GRO,F28,5,3380.1407496494985
GRO,F28,6,3456.42391797641
GRO,F28,7,3405.915662051645
GRO,F28,8,3414.0451851218477
GRO,F28,9,3525.526131405948
GRO,F28,10,3475.479578872453
GRO,F28,11,3360.4098590585513
GRO,F28,12,3395.052940151256
GRO,F28,13,3401.974859241509
GRO,F28,14,3452.668015801604
GRO,F28,15,3477.9083129378632
GRO,F28,16,3487.3475817249277
GRO,F28,17,3517.7875166194603
GRO,F28,18,3459.2351183003548
GRO,F28,19,3378.4114081578095
GRO,F28,20,3429.8827281416393
GRO,F28,21,3429.6159734831854
GRO,F28,22,3339.7884509585547
GRO,F28,23,3383.699424968468
GRO,F28,24,3399.00375895236
GRO,F28,25,3429.942476693973
GRO,F28,26,3496.9742074295127
GRO,F28,27,3411.5745516273987
GRO,F28,28,3420.1526738325038
GRO,F28,29,3505.1753056625967
GRO,F28,30,3468.5666650708918
GRO,F29,1,5192.440091719651
GRO,F29,2,5439.774224072886
GRO,F29,3,5139.120303036585
GRO,F29,4,3891.3190577788737
GRO,F29,5,3930.84529221331
GRO,F29,6,4373.5534728638695
GRO,F29,7,5590.235243826798
GRO,F29,8,4744.681832951375
GRO,F29,9,4884.61379732183
GRO,F29,10,5171.632958554865
GRO,F29,11,5203.967919847379
GRO,F29,12,4519.5935313544405
GRO,F29,13,3870.85403160501
GRO,F29,14,5528.348106171842
GRO,F29,15,4512.749266102899
GRO,F29,16,5347.882423243501
GRO,F29,17,4684.407806022642
GRO,F29,18,4610.5933486960985
GRO,F29,19,4512.45034745082
GRO,F29,20,4079.606357962925
GRO,F29,21,5013.547424437444
GRO,F29,22,4477.29888373914
GRO,F29,23,4141.332615417529
GRO,F29,24,5358.958072199797
GRO,F29,25,4130.353819376944
GRO,F29,26,4594.036512381255
GRO,F29,27,4988.2396770377145
GRO,F29,28,4556.505207176492
GRO,F29,29,4668.137801198885
GRO,F29,30,4963.98669146817
GRO,F30,1,23841070.610637937
GRO,F30,2,2866684.268740678
GRO,F30,3,8817700.465830844
GRO,F30,4,1434185.0996293598
GRO,F30,5,4454797.634529419
GRO,F30,6,1116658.9070010898
GRO,F30,7,14585803.116327658
GRO,F30,8,1493134.9239385147
GRO,F30,9,3043107.1962807374
GRO,F30,10,4921737.930951881
GRO,F30,11,2261380.225036535
GRO,F30,12,2388142.1102453712
GRO,F30,13,12178354.670989491
GRO,F30,14,8777745.83339643
GRO,F30,15,1389644.6767632528
GRO,F30,16,3660316.15719918
GRO,F30,17,9840950.416866984
GRO,F30,18,2431479.939954739
GRO,F30,19,2331974.0462649884
GRO,F30,20,2364681.474580679
GRO,F30,21,3550878.8374577337
GRO,F30,22,8023907.659959718
GRO,F30,23,12766761.005758096
GRO,F30,24,4868916.770434855
GRO,F30,25,2068142.7144213219
GRO,F30,26,7172551.975834258
GRO,F30,27,2525520.8608752955
GRO,F30,28,1467077.393806044
GRO,F30,29,2162543.925923992
GRO,F30,30,3442523.3497776105
MO,F1,1,82013474739.00433
MO,F1,2,78322464194.07191
MO,F1,3,70356764512.51682
MO,F1,4,59981862061.29395
MO,F1,5,56060986926.41314
MO,F1,6,64486348904.89825
MO,F1,7,53227462536.305435
MO,F1,8,65741168976.74532
MO,F1,9,63271860001.602425
MO,F1,10,78404538100.18259
MO,F1,11,61489608354.4467
MO,F1,12,71458962123.3518
MO,F1,13,49515479573.61956
MO,F1,14,60797595103.641426
MO,F1,15,85333317821.8856
MO,F1,16,64442804875.379555
MO,F1,17,57891472533.91093
MO,F1,18,73821464052.18327
MO,F1,19,69683396509.63297
MO,F1,20,81387770105.03496
MO,F1,21,76939471937.18954
MO,F1,22,81647243439.7128
MO,F1,23,60751338349.34246
MO,F1,24,76924383967.78581
MO,F1,25,67663585475.90227
MO,F1,26,64321920660.36074
MO,F1,27,73634278040.9494
MO,F1,28,64114309301.796776
MO,F1,29,64111972724.075035
MO,F1,30,54036651420.97085
MO,F3,1,300941.2296725679
MO,F3,2,233684.40729035946
MO,F3,3,279490.97070789745
MO,F3,4,176428.7806756488
MO,F3,5,186840.90755271772
MO,F3,6,263445.4238318026
MO,F3,7,190985.9229903782
MO,F3,8,182952.2410196402
MO,F3,9,215020.51308995337
MO,F3,10,151211.082314862
MO,F3,11,237377.3707480149
MO,F3,12,227927.72664890616
MO,F3,13,228889.9273186433
MO,F3,14,194816.98027555653
MO,F3,15,211729.02799425856
MO,F3,16,215821.77256865829
MO,F3,17,203899.01818068908
MO,F3,18,206517.8566173762
MO,F3,19,191080.22356416972
MO,F3,20,205490.3925844893
MO,F3,21,275140.5452346245
MO,F3,22,242514.95901635094
MO,F3,23,270066.4673570686
MO,F3,24,235003.5365134195
MO,F3,25,198108.11209513183
MO,F3,26,164318.6533506585
MO,F3,27,333444.27437483805
MO,F3,28,166012.90901631798
MO,F3,29,186350.92975218483
MO,F3,30,229609.57744867195
MO,F4,1,9586.749994691714
MO,F4,2,15275.056236689887
MO,F4,3,14834.27352753226
MO,F4,4,13263.417344885465
MO,F4,5,11171.004113723173
MO,F4,6,18600.43642284563
MO,F4,7,8279.6431743207
MO,F4,8,15029.21211441252
MO,F4,9,9999.437545584815
MO,F4,10,25851.000256694642
MO,F4,11,15651.072888562288
MO,F4,12,12686.581200293014
MO,F4,13,11822.091787511245
MO,F4,14,13086.24856368307
MO,F4,15,14760.491519714713
MO,F4,16,21720.812735112002
MO,F4,17,15422.748469551141
MO,F4,18,20255.446238014876
MO,F4,19,6521.498228309744
MO,F4,20,16316.970964721928
MO,F4,21,13355.236792372485
MO,F4,22,18591.62507875488
MO,F4,23,13054.130050981166
MO,F4,24,19180.86383073152
MO,F4,25,10173.919003412102
MO,F4,26,14030.43772577489
MO,F4,27,13302.492293476149
MO,F4,28,8113.327718291963
MO,F4,29,11457.019115016728
MO,F4,30,9403.632927646791
MO,F5,1,1139.7159169744004
MO,F5,2,1060.2007471285226
MO,F5,3,1068.733974129115
MO,F5,4,1046.1189252046263
MO,F5,5,1060.8837253878228
MO,F5,6,1115.6385764300953
MO,F5,7,1041.4427798543647
MO,F5,8,1019.0496310208484
MO,F5,9,1095.9284966649755
MO,F5,10,1056.1234538780486
MO,F5,11,1053.5505136119066
MO,F5,12,979.6007810279343
MO,F5,13,1106.1909528899077
MO,F5,14,1076.4403060116415
MO,F5,15,1096.9246747954585
MO,F5,16,1088.1956533442492
MO,F5,17,1084.8943400085298
MO,F5,18,1036.2041344630652
MO,F5,19,1066.8160448920444
MO,F5,20,1139.3791791753324
MO,F5,21,1109.9491186377913
MO,F5,22,1056.9509943388316
MO,F5,23,1087.6718700336328
MO,F5,24,1062.2256552626156
MO,F5,25,943.0502312693745
MO,F5,26,1103.9240670529734
MO,F5,27,1064.085606835725
MO,F5,28,991.1631762667727
MO,F5,29,1094.3865446839693
MO,F5,30,1136.6097393640448
MO,F6,1,691.548387157592
MO,F6,2,691.2924835432797
MO,F6,3,690.6228196378702
MO,F6,4,691.498553906866
MO,F6,5,690.6165920490326
MO,F6,6,693.4741378938679
MO,F6,7,701.9492778882094
MO,F6,8,686.4391198489529
MO,F6,9,692.5096151715453
MO,F6,10,686.4826184048558
MO,F6,11,677.837016861802
MO,F6,12,679.428745795459
MO,F6,13,683.833902705743
MO,F6,14,669.0423904740288
MO,F6,15,683.1264416855901
MO,F6,16,686.2725844907654
MO,F6,17,687.5993911236243
MO,F6,18,697.2003877706919
MO,F6,19,694.5623967452851
MO,F6,20,690.2047036173094
MO,F6,21,692.6268869407018
MO,F6,22,696.9009666977735
MO,F6,23,685.6846912405722
MO,F6,24,678.8495527813618
MO,F6,25,680.945883412014
MO,F6,26,690.0144951167118
MO,F6,27,679.1017095854831
MO,F6,28,689.123825001409
MO,F6,29,680.821585431971
MO,F6,30,683.001965371421
MO,F7,1,1882.9628021542
MO,F7,2,1779.5635247777905
MO,F7,3,1967.9366698802814
MO,F7,4,1619.134133370983
MO,F7,5,1988.9937533633165
MO,F7,6,1755.4454205718828
MO,F7,7,1780.3622756713526
MO,F7,8,1776.5835426252188
MO,F7,9,2014.8135576897594
MO,F7,10,1861.225907727464
MO,F7,11,1859.6855980219755
MO,F7,12,1900.932145403563
MO,F7,13,1847.7490087023418
MO,F7,14,1793.2452482697454
MO,F7,15,1740.645787770116
MO,F7,16,1890.0655132425477
MO,F7,17,1779.5246028037895
MO,F7,18,1817.5138207787222
MO,F7,19,1677.639447498332
MO,F7,20,1807.1736085571863
MO,F7,21,1846.2474342202697
MO,F7,22,1983.1924040856263
MO,F7,23,1620.5001283785655
MO,F7,24,1766.153131559238
MO,F7,25,1993.1019408007867
MO,F7,26,1876.0121656637243
MO,F7,27,1945.8291482312761
MO,F7,28,1884.6734502117565
MO,F7,29,1927.04497630413
MO,F7,30,1891.9526628589933
MO,F8,1,1374.8452084541796
MO,F8,2,1400.3839087303725
MO,F8,3,1413.9801872815901
MO,F8,4,1453.3752994899437
MO,F8,5,1377.0689422708542
MO,F8,6,1344.5874556497092
MO,F8,7,1374.0220123265844
MO,F8,8,1402.0216578754837
MO,F8,9,1426.9771084371237
MO,F8,10,1396.5859965262666
MO,F8,11,1359.3821474288588
MO,F8,12,1344.6700223222833
MO,F8,13,1408.8089940842037
MO,F8,14,1470.8086271986167
MO,F8,15,1395.6909661107147
MO,F8,16,1440.378029567542
MO,F8,17,1392.7549727627497
MO,F8,18,1350.4390504030357
MO,F8,19,1328.2253521398716
MO,F8,20,1372.370681591591
MO,F8,21,1420.7497001805782
MO,F8,22,1427.5736965326284
MO,F8,23,1349.018797769042
MO,F8,24,1395.7474360339936
MO,F8,25,1280.8758865858526
MO,F8,26,1397.8978681319797
MO,F8,27,1411.4899633365837
MO,F8,28,1338.1883189012349
MO,F8,29,1444.7740671152505
MO,F8,30,1291.0515168561888
MO,F9,1,25393.110742639226
MO,F9,2,15073.64977068851
MO,F9,3,25659.567437975482
MO,F9,4,20544.94352949148
MO,F9,5,24388.448845596013
MO,F9,6,28777.950708669825
MO,F9,7,22508.06397397265
MO,F9,8,24821.210133814533
MO,F9,9,18537.552101984336
MO,F9,10,18191.528001294628
MO,F9,11,16568.39145054551
MO,F9,12,15583.903675035695
MO,F9,13,16736.43869529094
MO,F9,14,19834.931258254597
MO,F9,15,18538.636175271895
MO,F9,16,18004.09537826765
MO,F9,17,26436.849038991582
MO,F9,18,20755.942611342718
MO,F9,19,26384.234786469933
MO,F9,20,24493.3111390924
MO,F9,21,21693.9427864299
MO,F9,22,17586.304158019244
MO,F9,23,22426.365651887547
MO,F9,24,18688.383237913647
MO,F9,25,22629.562388005335
MO,F9,26,22720.886509072938
MO,F9,27,23435.842587320156
MO,F9,28,21248.84433090453
MO,F9,29,23016.362308847176
MO,F9,30,22029.477462372022
MO,F10,1,11854.155341522604
MO,F10,2,12543.288008161013
MO,F10,3,13022.754109883614
MO,F10,4,15480.780992041527
MO,F10,5,14096.005384177239
MO,F10,6,12135.133448973651
MO,F10,7,14728.542551556497
MO,F10,8,12585.504817450603
MO,F10,9,11482.103425091938
MO,F10,10,11540.427481279625
MO,F10,11,12327.419201544782
MO,F10,12,10853.714347536654
MO,F10,13,13637.121142866645
MO,F10,14,12813.073344567492
MO,F10,15,12278.744438017735
MO,F10,16,14175.022759875696
MO,F10,17,13360.609613748826
MO,F10,18,12692.550380037574
MO,F10,19,12799.608276000105
MO,F10,20,14001.884154413056
MO,F10,21,12944.35367108133
MO,F10,22,14208.696974009321
MO,F10,23,15659.17492804542
MO,F10,24,13854.164005285997
MO,F10,25,13210.46955057066
MO,F10,26,11263.69353489873
MO,F10,27,12736.692957377874
MO,F10,28,14378.393413256177
MO,F10,29,13683.455977569538
MO,F10,30,13063.32286852637
MO,F11,1,20208.718208823982
MO,F11,2,19613.52485769545
MO,F11,3,19495.198813501527
MO,F11,4,14335.419328286998
MO,F11,5,15898.073255057488
MO,F11,6,13217.133872389964
MO,F11,7,19011.70017693625
MO,F11,8,19336.97485160366
MO,F11,9,18919.32313931791
MO,F11,10,22103.86166316533
MO,F11,11,13762.041807028852
MO,F11,12,18278.239076663824
MO,F11,13,21386.067742062627
MO,F11,14,22040.77476316489
MO,F11,15,20167.638416512465
MO,F11,16,22899.227288255723
MO,F11,17,19628.787519277234
MO,F11,18,20028.166387295634
MO,F11,19,17679.82272692052
MO,F11,20,22650.33227072075
MO,F11,21,24262.900239679104
MO,F11,22,17307.428154223002
MO,F11,23,18232.93583686593
MO,F11,24,25949.675473338513
MO,F11,25,13498.204219943997
MO,F11,26,15231.598969261813
MO,F11,27,15145.849883209406
MO,F11,28,23895.588137382838
MO,F11,29,22866.089818883192
MO,F11,30,14610.585877130436
MO,F12,1,20172279002.583385
MO,F12,2,30996054584.93443
MO,F12,3,25434641448.253075
MO,F12,4,17637688715.231167
MO,F12,5,14229291901.858612
MO,F12,6,27474378853.71709
MO,F12,7,25823330574.003
MO,F12,8,17116865844.095547
MO,F12,9,26945599878.703026
MO,F12,10,31822384314.705334
MO,F12,11,24913639553.465096
MO,F12,12,15427291712.431217
MO,F12,13,15954929029.650969
MO,F12,14,33157080562.85635
MO,F12,15,15551241212.3506
MO,F12,16,23060193281.896393
MO,F12,17,16827723534.332245
MO,F12,18,33044791985.963875
MO,F12,19,15517153227.067898
MO,F12,20,24304777975.01644
MO,F12,21,19654953404.18574
MO,F12,22,26402481431.477497
MO,F12,23,11746887752.235947
MO,F12,24,16837812407.207006
MO,F12,25,12365098832.306938
MO,F12,26,34419425655.444214
MO,F12,27,28152244545.296223
MO,F12,28,13359288752.68756
MO,F12,29,21319414648.923813
MO,F12,30,12680470160.818665
MO,F13,1,5852282085.722169
MO,F13,2,3021929288.4553976
MO,F13,3,7982002625.345332
MO,F13,4,4320829631.171815
MO,F13,5,4025995413.3770757
MO,F13,6,2469696158.432757
MO,F13,7,3384335267.809391
MO,F13,8,2957256577.6099415
MO,F13,9,2180233300.239273
MO,F13,10,9885990095.67163
MO,F13,11,2457332327.2237215
MO,F13,12,3156844699.1916165
MO,F13,13,5139847206.496272
MO,F13,14,3374488829.50069
MO,F13,15,4254153515.1064587
MO,F13,16,8633617112.718094
MO,F13,17,2694119556.914903
MO,F13,18,28412312988.838158
MO,F13,19,10652358514.767239
MO,F13,20,4883756011.037303
MO,F13,21,12514700016.868397
MO,F13,22,12752385461.790035
MO,F13,23,2897465335.7591
MO,F13,24,4512402640.446691
MO,F13,25,1160534042.882391
MO,F13,26,6743792824.632603
MO,F13,27,3309009574.7394505
MO,F13,28,6104775285.268318
MO,F13,29,3256227566.430787
MO,F13,30,1713342130.6605632
MO,F14,1,1150294.84305249
MO,F14,2,10218097.900243904
MO,F14,3,18028157.41578523
MO,F14,4,15624473.19636403
MO,F14,5,6343022.150762674
MO,F14,6,17084861.909885444
MO,F14,7,29771452.6433196
MO,F14,8,24731396.725191
MO,F14,9,12942603.594438098
MO,F14,10,11130197.881880883
MO,F14,11,9089653.674776213
MO,F14,12,3456797.898103531
MO,F14,13,13716669.875924632
MO,F14,14,1720746.0691402662
MO,F14,15,22124689.895004075
MO,F14,16,6997609.769015114
MO,F14,17,3166697.0233275257
MO,F14,18,3474593.4252363252
MO,F14,19,2421172.14093459
MO,F14,20,11262081.349099947
MO,F14,21,30574218.84236142
MO,F14,22,54590302.79152299
MO,F14,23,2108997.336851246
MO,F14,24,21867518.794885166
MO,F14,25,11730735.868933046
MO,F14,26,17879714.853781626
MO,F14,27,11311972.271223573
MO,F14,28,5901588.862943492
MO,F14,29,4114769.263809708
MO,F14,30,11605824.10380708
MO,F15,1,82157970.98435743
MO,F15,2,204719575.32306448
MO,F15,3,1215374949.8968859
MO,F15,4,370919926.642109
MO,F15,5,1616401268.1386027
MO,F15,6,576678654.092065
MO,F15,7,12528251.935696835
MO,F15,8,224377238.39411357
MO,F15,9,4641595296.50001
MO,F15,10,1296106097.3037581
MO,F15,11,613827676.9718287
MO,F15,12,18729207.128619596
MO,F15,13,326901095.32923454
MO,F15,14,556221607.8173596
MO,F15,15,880681196.1606462
MO,F15,16,21561651.289775465
MO,F15,17,102143656.44242492
MO,F15,18,1517377126.018876
MO,F15,19,1284421071.582777
MO,F15,20,1611440135.4367573
MO,F15,21,578410393.485707
MO,F15,22,918694995.4058671
MO,F15,23,1188039730.8351238
MO,F15,24,1043053305.0609453
MO,F15,25,102982048.0431012
MO,F15,26,132798898.0327732
MO,F15,27,1991501183.621423
MO,F15,28,1613167427.4500406
MO,F15,29,1040932456.2898815
MO,F15,30,1134892767.439379
MO,F16,1,5798.861550636106
MO,F16,2,6297.732263598724
MO,F16,3,5402.1307487742315
MO,F16,4,6708.477843448896
MO,F16,5,6730.713904425169
MO,F16,6,5699.00325886244
MO,F16,7,6486.224208131033
MO,F16,8,6646.100042544243
MO,F16,9,5341.40161161258
MO,F16,10,6015.774813802011
MO,F16,11,5823.93020411258
MO,F16,12,6229.975213632027
MO,F16,13,5859.411956786807
MO,F16,14,7214.726108152817
MO,F16,15,6775.253170020484
MO,F16,16,5540.329182051526
MO,F16,17,5908.755683591872
MO,F16,18,5655.714378078503
MO,F16,19,6949.288123950688
MO,F16,20,6415.700581594013
MO,F16,21,5586.406460604341
MO,F16,22,6008.60726396151
MO,F16,23,5334.565486763753
MO,F16,24,5705.983915158288
MO,F16,25,6006.0363631894415
MO,F16,26,6784.452629533205
MO,F16,27,6782.086016338979
MO,F16,28,6962.721931229271
MO,F16,29,7896.526318459366
MO,F16,30,6234.870615460504
MO,F17,1,4420.051689736849
MO,F17,2,5865.806949639695
MO,F17,3,4244.988672974306
MO,F17,4,4218.534141501464
MO,F17,5,3984.4388653924807
MO,F17,6,4592.600073924677
MO,F17,7,4074.3572945452265
MO,F17,8,4991.679302367182
MO,F17,9,3952.9732274344424
MO,F17,10,3823.0978947235235
MO,F17,11,5922.468045253075
MO,F17,12,3961.1792958903015
MO,F17,13,4391.5399386623385
MO,F17,14,5040.418835459645
MO,F17,15,4331.962235651152
MO,F17,16,4051.3237756192602
MO,F17,17,4652.5548539853335
MO,F17,18,5752.0683942806145
MO,F17,19,4182.94881695433
MO,F17,20,5028.401037361418
MO,F17,21,5965.96538875161
MO,F17,22,4699.966703898079
MO,F17,23,4528.44343373256
MO,F17,24,5417.469059404841
MO,F17,25,4176.528848848383
MO,F17,26,4810.943061789871
MO,F17,27,6137.374674631595
MO,F17,28,5599.228895513454
MO,F17,29,4894.069235263174
MO,F17,30,4260.714992978466
MO,F18,1,63858655.687738575
MO,F18,2,167678722.01677147
MO,F18,3,10718581.860263268
MO,F18,4,16392595.451158466
MO,F18,5,146347746.43508437
MO,F18,6,57054321.85300974
MO,F18,7,6080378.877431156
MO,F18,8,89994092.44882798
MO,F18,9,30225382.200803116
MO,F18,10,55825761.48965034
MO,F18,11,94989330.44679262
MO,F18,12,30801106.51811589
MO,F18,13,18979117.877534702
MO,F18,14,64000919.77828165
MO,F18,15,84442375.35723159
MO,F18,16,55918056.12083537
MO,F18,17,11224991.86023502
MO,F18,18,55761620.399653174
MO,F18,19,28887746.955392376
MO,F18,20,71881279.44792558
MO,F18,21,27705344.15927177
MO,F18,22,41417166.986519545
MO,F18,23,35352441.86771517
MO,F18,24,62086723.23800571
MO,F18,25,33107293.693366017
MO,F18,26,21008007.771570884
MO,F18,27,97663737.39263074
MO,F18,28,9908392.844587296
MO,F18,29,41385696.803710446
MO,F18,30,106708058.21865393
MO,F19,1,14346778.585724475
MO,F19,2,2023680278.856343
MO,F19,3,214110909.47802964
MO,F19,4,447006978.7246424
MO,F19,5,366556705.7599488
MO,F19,6,171007795.69298056
MO,F19,7,40106474.23511473
MO,F19,8,405925795.6201194
MO,F19,9,108629846.75240709
MO,F19,10,361834361.7350516
MO,F19,11,630627560.5947206
MO,F19,12,3716664216.1398277
MO,F19,13,216376729.67403167
MO,F19,14,2937660765.3158164
MO,F19,15,298598924.54695475
MO,F19,16,510353462.18795675
MO,F19,17,329313569.66560704
MO,F19,18,2012965256.109309
MO,F19,19,83493410.17400672
MO,F19,20,2375460397.167352
MO,F19,21,890701105.3369555
MO,F19,22,577466832.3205266
MO,F19,23,25468217.209872607
MO,F19,24,32778714.269739848
MO,F19,25,30248815.096341707
MO,F19,26,124516111.32013258
MO,F19,27,1321723859.103468
MO,F19,28,31428277.25330406
MO,F19,29,492597543.1072936
MO,F19,30,85993449.29602762
MO,F20,1,3806.089871143652
MO,F20,2,3571.228931679867
MO,F20,3,3723.8815466661463
MO,F20,4,4066.077879939685
MO,F20,5,3619.553159983639
MO,F20,6,4027.8091017056577
MO,F20,7,3859.360717366866
MO,F20,8,3832.1769363101516
MO,F20,9,3678.169923430431
MO,F20,10,3624.985767796523
MO,F20,11,4013.4429264125724
MO,F20,12,3646.15455907914
MO,F20,13,3056.3251174559214
MO,F20,14,3683.8247861651316
MO,F20,15,3748.223556785346
MO,F20,16,4181.7886621583
MO,F20,17,2901.8185403165276
MO,F20,18,3879.633771374525
MO,F20,19,3989.000761128189
MO,F20,20,3730.636946425071
MO,F20,21,3657.9533848240044
MO,F20,22,4291.30689043212
MO,F20,23,3969.957277947607
MO,F20,24,3469.5509459571886
MO,F20,25,4172.7795234411615
MO,F20,26,4075.7885053544296
MO,F20,27,3352.998036944974
MO,F20,28,3758.508437425776
MO,F20,29,4170.707055862108
MO,F20,30,3509.464546250364
MO,F21,1,2935.6708243436365
MO,F21,2,3084.2239682989753
MO,F21,3,2988.779000549722
MO,F21,4,2963.0708256623593
MO,F21,5,2928.1595955122875
MO,F21,6,3026.1086603157983
MO,F21,7,3020.877605443644
MO,F21,8,3069.1144464377576
MO,F21,9,2947.2082046161872
MO,F21,10,2857.348118464306
MO,F21,11,3006.177896369528
MO,F21,12,3036.44817092187
MO,F21,13,3000.88688161115
MO,F21,14,3043.4799937566418
MO,F21,15,3097.422105212147
MO,F21,16,2997.747146544133
MO,F21,17,2900.441252744492
MO,F21,18,2959.555688067391
MO,F21,19,2949.4641822677922
MO,F21,20,2978.0576714117124
MO,F21,21,2974.8965775953216
MO,F21,22,3108.853834093651
MO,F21,23,2989.665799334022
MO,F21,24,2890.7379491511106
MO,F21,25,2807.415563512676
MO,F21,26,2932.9999930664253
MO,F21,27,2903.0218367696034
MO,F21,28,3084.872004847208
MO,F21,29,3055.9188408390733
MO,F21,30,2837.662398496319
MO,F22,1,13861.910762449237
MO,F22,2,15913.043430481304
MO,F22,3,14697.644527521788
MO,F22,4,17102.14994442381
MO,F22,5,14949.867312965502
MO,F22,6,16298.515521301131
MO,F22,7,14680.752206175912
MO,F22,8,15116.66840216544
MO,F22,9,15084.010929239057
MO,F22,10,14694.911757356509
MO,F22,11,14376.790917681246
MO,F22,12,15328.160200811357
MO,F22,13,13796.436338367184
MO,F22,14,14084.720170432445
MO,F22,15,15280.229885650808
MO,F22,16,15194.496688386856
MO,F22,17,15441.187720796557
MO,F22,18,15756.533575318776
MO,F22,19,15869.638391053202
MO,F22,20,15245.828529451604
MO,F22,21,15064.352634605988
MO,F22,22,15934.848122942787
MO,F22,23,14143.268230602742
MO,F22,24,14641.7925874561
MO,F22,25,14381.820103479173
MO,F22,26,15761.680423210963
MO,F22,27,15524.182602060377
MO,F22,28,16710.937334226906
MO,F22,29,14911.571703884376
MO,F22,30,13429.832120082789
MO,F23,1,4224.972419290625
MO,F23,2,3993.503924467847
MO,F23,3,3993.2937956588703
MO,F23,4,3798.6071254301332
MO,F23,5,3793.64395471015
MO,F23,6,3898.505491977169
MO,F23,7,3786.0710839158833
MO,F23,8,3531.9343414002237
MO,F23,9,3959.5231840638867
MO,F23,10,3820.3048453761603
MO,F23,11,3936.970348776448
MO,F23,12,3554.150070966828
MO,F23,13,3819.1910687338946
MO,F23,14,3743.5262335125817
MO,F23,15,3746.2236722266234
MO,F23,16,3724.6862735610052
MO,F23,17,3921.066352639526
MO,F23,18,4004.5922625005624
MO,F23,19,3783.424950415522
MO,F23,20,4003.3656758455936
MO,F23,21,3523.9139574381966
MO,F23,22,3740.7318138455985
MO,F23,23,3897.954920112563
MO,F23,24,3877.937299514383
MO,F23,25,3649.3321535902855
MO,F23,26,4136.596836636119
MO,F23,27,4012.3263786522057
MO,F23,28,3926.599109741986
MO,F23,29,3834.0317660133105
MO,F23,30,3650.7514085328344
MO,F24,1,4430.034660176025
MO,F24,2,3984.0514269079695
MO,F24,3,3853.3383518133605
MO,F24,4,4077.901690998488
MO,F24,5,3858.2917514889696
MO,F24,6,4325.836093725589
MO,F24,7,4117.980155462656
MO,F24,8,4164.802057983508
MO,F24,9,3803.3740839272004
MO,F24,10,3846.793911525513
MO,F24,11,3757.932176930959
MO,F24,12,3673.1340972235275
MO,F24,13,3834.157456456338
MO,F24,14,4202.126160746118
MO,F24,15,3872.608850160491
MO,F24,16,4109.898004818479
MO,F24,17,3820.966070185974
MO,F24,18,3990.798548756939
MO,F24,19,4072.2158518116235
MO,F24,20,3925.773262523065
MO,F24,21,4187.027326275315
MO,F24,22,3775.5443081666817
MO,F24,23,4058.3786805612617
MO,F24,24,4205.909800788086
MO,F24,25,3864.093573296939
MO,F24,26,3992.105708374824
MO,F24,27,3921.3464744947473
MO,F24,28,4035.827479990153
MO,F24,29,3902.661837345836
MO,F24,30,3750.876177833687
MO,F25,1,8046.110765972041
MO,F25,2,9326.597290119476
MO,F25,3,9908.493828832468
MO,F25,4,8994.150275033806
MO,F25,5,6452.92274102854
MO,F25,6,8481.684924696412
MO,F25,7,9043.932975795677
MO,F25,8,9256.11799482427
MO,F25,9,10340.243907336204
MO,F25,10,10243.390280179012
MO,F25,11,11381.281375794186
MO,F25,12,9431.008634900547
MO,F25,13,6648.126097206981
MO,F25,14,7566.668777515756
MO,F25,15,10445.187819567247
MO,F25,16,8686.437598629074
MO,F25,17,10054.95584988147
MO,F25,18,10084.491032720322
MO,F25,19,8429.887802206627
MO,F25,20,12928.401670059022
MO,F25,21,11621.446186083575
MO,F25,22,10780.354233276285
MO,F25,23,7181.149813332775
MO,F25,24,8880.814865307606
MO,F25,25,6967.911380931853
MO,F25,26,6607.7563960080815
MO,F25,27,13340.021639192952
MO,F25,28,7433.753037847983
MO,F25,29,9152.990755990293
MO,F25,30,6725.783255053991
MO,F26,1,15819.600905944337
MO,F26,2,14629.668805171328
MO,F26,3,14414.137210339724
MO,F26,4,15245.359766613397
MO,F26,5,15198.157665932347
MO,F26,6,13217.622658728633
MO,F26,7,15325.703544814924
MO,F26,8,14321.97042352081
MO,F26,9,13813.85236317066
MO,F26,10,13071.895486888672
MO,F26,11,15107.571654016565
MO,F26,12,15405.515237551721
MO,F26,13,14155.26197409269
MO,F26,14,15711.521181666392
MO,F26,15,13165.264155284358
MO,F26,16,16484.089690674624
MO,F26,17,14950.83313938606
MO,F26,18,13770.820489858219
MO,F26,19,11335.443274409197
MO,F26,20,15091.617291809322
MO,F26,21,16292.440585838194
MO,F26,22,16504.202186581424
MO,F26,23,13429.398933791712
MO,F26,24,14914.206521714683
MO,F26,25,16031.892631082064
MO,F26,26,13260.634113176162
MO,F26,27,14022.5524193583
MO,F26,28,14785.88007698948
MO,F26,29,15848.770657513905
MO,F26,30,15433.633429286232
MO,F27,1,5124.409196957361
MO,F27,2,4762.811435511354
MO,F27,3,4443.300479049436
MO,F27,4,4910.585590751753
MO,F27,5,4646.693183861492
MO,F27,6,4730.641016744579
MO,F27,7,4839.36982629268
MO,F27,8,4689.1642945182575
MO,F27,9,4214.919442331407
MO,F27,10,5037.539857552236
MO,F27,11,4879.5532037272715
MO,F27,12,4449.594150776637
MO,F27,13,4961.021893734234
MO,F27,14,5329.898320334047
MO,F27,15,4299.657663835524
MO,F27,16,5158.028133984182
MO,F27,17,4748.747520464174
MO,F27,18,5055.22593663756
MO,F27,19,4446.521464511131
MO,F27,20,5104.1893656375305
MO,F27,21,4768.700462235382
MO,F27,22,5252.222586124637
MO,F27,23,5010.963504494043
MO,F27,24,4731.974428188885
MO,F27,25,4221.734090172082
MO,F27,26,5561.583141309744
MO,F27,27,5131.6348613412365
MO,F27,28,4551.114406304695
MO,F27,29,4399.370223069545
MO,F27,30,4996.893381242144
MO,F28,1,9146.676902199622
MO,F28,2,9432.143841303376
MO,F28,3,9011.13109424151
MO,F28,4,8613.175182839139
MO,F28,5,7421.6534687040585
MO,F28,6,7760.907338413791
MO,F28,7,6859.738973911775
MO,F28,8,7649.529168463775
MO,F28,9,9479.352249547988
MO,F28,10,9173.668628119969
MO,F28,11,9669.03117014595
MO,F28,12,8818.041761044027
MO,F28,13,9889.54979191553
MO,F28,14,8771.83669649158
MO,F28,15,9142.071912308513
MO,F28,16,10630.30030174831
MO,F28,17,8789.68686191938
MO,F28,18,8609.809009811908
MO,F28,19,6581.366675974115
MO,F28,20,9466.334117124661
MO,F28,21,8537.508951139853
MO,F28,22,8453.620330413592
MO,F28,23,9027.59468446649
MO,F28,24,7938.4679232022045
MO,F28,25,7847.041614765
MO,F28,26,8738.542124760985
MO,F28,27,9294.986832329669
MO,F28,28,8302.656841226635
MO,F28,29,8978.717862326677
MO,F28,30,8417.385558349217
MO,F29,1,11091.439720586734
MO,F29,2,8656.194426674112
MO,F29,3,10339.044627169555
MO,F29,4,8972.644368335534
MO,F29,5,13025.571629469463
MO,F29,6,9282.034546807838
MO,F29,7,7115.176902629732
MO,F29,8,9310.73010492614
MO,F29,9,9079.484387276902
MO,F29,10,15174.249677674787
MO,F29,11,9709.860517541721
MO,F29,12,7513.6504029838725
MO,F29,13,11719.438198040973
MO,F29,14,13088.100321872673
MO,F29,15,12008.4220352958
MO,F29,16,12141.406809855553
MO,F29,17,10438.022689548368
MO,F29,18,18139.652351299002
MO,F29,19,14546.710981011953
MO,F29,20,17436.534205024815
MO,F29,21,11993.151530907828
MO,F29,22,10023.121734952483
MO,F29,23,9915.341040393841
MO,F29,24,10455.31975673524
MO,F29,25,9042.107989839305
MO,F29,26,11965.62613740861
MO,F29,27,10615.044163938623
MO,F29,28,8381.16326020052
MO,F29,29,13720.150476087216
MO,F29,30,9753.133269248734
MO,F30,1,258079215.06746078
MO,F30,2,1284971972.5876794
MO,F30,3,2636059889.3573465
MO,F30,4,412399848.2456199
MO,F30,5,476369514.83203816
MO,F30,6,831155049.5728936
MO,F30,7,420061343.5998106
MO,F30,8,2981713229.794115
MO,F30,9,669105893.6083577
MO,F30,10,437913617.2999567
MO,F30,11,1465825733.5860887
MO,F30,12,1087270263.5119085
MO,F30,13,707838845.5859997
MO,F30,14,981364546.2228477
MO,F30,15,325589102.85245824
MO,F30,16,1366305080.7646608
MO,F30,17,677899634.9176862
MO,F30,18,794546750.555029
MO,F30,19,574013460.0607283
MO,F30,20,794819276.4200226
MO,F30,21,1221467202.891468
MO,F30,22,1299888052.1882222
MO,F30,23,579310624.8531024
MO,F30,24,773121168.4035821
MO,F30,25,476295600.2021678
MO,F30,26,782525436.0144774
MO,F30,27,470940706.84927404
MO,F30,28,401081979.8335248
MO,F30,29,486170286.3084284
MO,F30,30,1187543453.4872227
NDO,F1,1,178764260.631587
NDO,F1,2,188686122.92916822
NDO,F1,3,100663480.78499497
NDO,F1,4,579816084.5151321
NDO,F1,5,217237050.10266307
NDO,F1,6,1209130387.4342766
NDO,F1,7,225972615.33426255
NDO,F1,8,2276713103.526509
NDO,F1,9,142546704.37524334
NDO,F1,10,888657892.2259666
NDO,F1,11,171101721.7414925
NDO,F1,12,235620128.86470497
NDO,F1,13,756136577.6780534
NDO,F1,14,4281818752.690625
NDO,F1,15,725195661.4104337
NDO,F1,16,411057073.0443057
NDO,F1,17,317738889.2161562
NDO,F1,18,81647463.07459673
NDO,F1,19,214750419.6997628
NDO,F1,20,248419032.84326223
NDO,F1,21,246274703.50272536
NDO,F1,22,343147826.892915
NDO,F1,23,50912238.34433124
NDO,F1,24,43233150.16743592
NDO,F1,25,199321464.6457214
NDO,F1,26,146582747.74976683
NDO,F1,27,75292156.93321593
NDO,F1,28,54387988.062512584
NDO,F1,29,115979083.35899924
NDO,F1,30,42748487.49184453
NDO,F3,1,230661.42607305106
NDO,F3,2,222308.02721381697
NDO,F3,3,205410.67919480705
NDO,F3,4,168580.88649046855
NDO,F3,5,230664.50797664598
NDO,F3,6,259420.7035647011
NDO,F3,7,237432.32598476013
NDO,F3,8,247057.6422618638
NDO,F3,9,249766.60362366308
NDO,F3,10,246020.15035232462
NDO,F3,11,246385.0560619014
NDO,F3,12,215186.9008164945
NDO,F3,13,294778.2770924116
NDO,F3,14,339055.88147996995
NDO,F3,15,203397.59296981327
NDO,F3,16,189682.59836799893
NDO,F3,17,251509.1780347877
NDO,F3,18,253954.34765657136
NDO,F3,19,248452.90104296835
NDO,F3,20,247167.0997039263
NDO,F3,21,217765.53356269386
NDO,F3,22,188286.9752541681
NDO,F3,23,232892.4934040581
NDO,F3,24,216070.6870395099
NDO,F3,25,231025.8608989826
NDO,F3,26,240993.05576083882
NDO,F3,27,192249.22544344066
NDO,F3,28,248468.79627836047
NDO,F3,29,180675.99385948124
NDO,F3,30,280674.6213715031
NDO,F4,1,678.9623912204368
NDO,F4,2,684.6608440407758
NDO,F4,3,681.2330104321612
NDO,F4,4,790.9524978958261
NDO,F4,5,804.5678161788528
NDO,F4,6,627.3197758276601
NDO,F4,7,865.7382882169754
NDO,F4,8,687.9018684409706
NDO,F4,9,619.5147570815907
NDO,F4,10,686.5907505760526
NDO,F4,11,660.6942066347829
NDO,F4,12,699.958838804635
NDO,F4,13,697.5577611620774
NDO,F4,14,741.6988510599156
NDO,F4,15,998.1013388266409
NDO,F4,16,806.069546368829
NDO,F4,17,706.669905783783
NDO,F4,18,765.2301523772363
NDO,F4,19,673.1786841558551
NDO,F4,20,703.372843655756
NDO,F4,21,679.9231954149446
NDO,F4,22,847.4541298919862
NDO,F4,23,914.9451400469934
NDO,F4,24,701.0278261607097
NDO,F4,25,702.5041143128087
NDO,F4,26,675.5327900808361
NDO,F4,27,1101.2703187224035
NDO,F4,28,639.8551820314392
NDO,F4,29,742.2950780900785
NDO,F4,30,744.7939844712587
NDO,F5,1,690.7870448007219
NDO,F5,2,790.6663872831627
NDO,F5,3,804.5971704683291
NDO,F5,4,675.9719730552712
NDO,F5,5,792.8153987128036
NDO,F5,6,749.2387990632908
NDO,F5,7,694.4775423896026
NDO,F5,8,724.4167919122062
NDO,F5,9,686.1594301408595
NDO,F5,10,756.9863580027084
NDO,F5,11,784.7220319938176
NDO,F5,12,681.2901498138241
NDO,F5,13,766.6510388898965
NDO,F5,14,791.972932817793
NDO,F5,15,712.1411902628747
NDO,F5,16,705.9225584498665
NDO,F5,17,797.0593826574834
NDO,F5,18,1005.7209340420496
NDO,F5,19,704.2179893465661
NDO,F5,20,921.7332003657457
NDO,F5,21,726.857094189124
NDO,F5,22,808.6897417012674
NDO,F5,23,745.5745416740884
NDO,F5,24,745.1017470775238
NDO,F5,25,816.347816658498
NDO,F5,26,823.3520707227451
NDO,F5,27,775.9754011381542
NDO,F5,28,767.2440867995706
NDO,F5,29,683.6166198982282
NDO,F5,30,700.8031795215179
NDO,F6,1,625.1750446662755
NDO,F6,2,630.0599568950709
NDO,F6,3,633.3434984461501
NDO,F6,4,627.2158896458808
NDO,F6,5,618.4554178200648
NDO,F6,6,627.3019650875311
NDO,F6,7,614.1085843982914
NDO,F6,8,616.4272121474118
NDO,F6,9,616.8712774656693
NDO,F6,10,622.1183601589611
NDO,F6,11,613.2935066211184
NDO,F6,12,618.3450003898098
NDO,F6,13,623.6864016096214
NDO,F6,14,626.3930291412677
NDO,F6,15,630.3451205529066
NDO,F6,16,613.1324498299435
NDO,F6,17,625.7797352236087
NDO,F6,18,619.7329383946933
NDO,F6,19,625.3421315409253
NDO,F6,20,620.7206715339719
NDO,F6,21,622.4021023120089
NDO,F6,22,616.6740041557988
NDO,F6,23,614.357294415523
NDO,F6,24,615.4094429910833
NDO,F6,25,616.236053501404
NDO,F6,26,627.6445987051113
NDO,F6,27,621.7397396283267
NDO,F6,28,628.5085440852536
NDO,F6,29,618.1712351230451
NDO,F6,30,616.6985242385696
NDO,F7,1,989.2657969299742
NDO,F7,2,1291.6551094059141
NDO,F7,3,1149.9483240293348
NDO,F7,4,1129.2455883008968
NDO,F7,5,1103.3220383341968
NDO,F7,6,1170.1735281854776
NDO,F7,7,1174.9731673617066
NDO,F7,8,1291.010013009657
NDO,F7,9,1213.9330831966884
NDO,F7,10,1120.4287272377703
NDO,F7,11,1135.4819312439251
NDO,F7,12,1093.750870969809
NDO,F7,13,1198.6118308184614
NDO,F7,14,1224.2708365455414
NDO,F7,15,1282.608432007424
NDO,F7,16,1249.0055240818024
NDO,F7,17,1080.4135177777678
NDO,F7,18,1191.8348637662161
NDO,F7,19,1131.8702727662312
NDO,F7,20,1034.5439566753287
NDO,F7,21,1147.810380004128
NDO,F7,22,1289.7016507184985
NDO,F7,23,1296.388016224541
NDO,F7,24,1121.70067083096
NDO,F7,25,1146.8482956470762
NDO,F7,26,1299.445635634238
NDO,F7,27,1087.9204473444775
NDO,F7,28,1196.1019385327202
NDO,F7,29,1271.445092323685
NDO,F7,30,1191.595100088242
NDO,F8,1,1157.832731198939
NDO,F8,2,1097.6698472777325
NDO,F8,3,1016.0656385312922
NDO,F8,4,1032.6267051367763
NDO,F8,5,1092.3064976554335
NDO,F8,6,1073.6667506458325
NDO,F8,7,1001.1128049116078
NDO,F8,8,1066.981388402416
NDO,F8,9,1062.5938326873238
NDO,F8,10,1017.4120081849292
NDO,F8,11,1131.7115222905122
NDO,F8,12,1013.8184037057765
NDO,F8,13,1011.8001584939102
NDO,F8,14,1073.9963254075706
NDO,F8,15,1038.9902889463112
NDO,F8,16,1137.3156600271527
NDO,F8,17,1005.2848677542145
NDO,F8,18,1208.261144180527
NDO,F8,19,1191.1663320123853
NDO,F8,20,1082.3702886508472
NDO,F8,21,1117.8190226165077
NDO,F8,22,980.3458686659193
NDO,F8,23,1086.5216281565126
NDO,F8,24,1047.7761595084035
NDO,F8,25,1077.7838871493627
NDO,F8,26,1029.361387266326
NDO,F8,27,1032.4324892851034
NDO,F8,28,1073.812422829468
NDO,F8,29,1013.7050108895073
NDO,F8,30,1035.0021181679028
NDO,F9,1,11259.069799862802
NDO,F9,2,11423.472448065908
NDO,F9,3,18804.313617886106
NDO,F9,4,5426.587956629992
NDO,F9,5,12141.780580083536
NDO,F9,6,12315.034946307424
NDO,F9,7,14746.87564688247
NDO,F9,8,13885.25650635713
NDO,F9,9,10269.258168108641
NDO,F9,10,7141.612680979992
NDO,F9,11,6344.667330650067
NDO,F9,12,20554.5672193668
NDO,F9,13,11950.936212187373
NDO,F9,14,6435.601743840778
NDO,F9,15,5663.111132221011
NDO,F9,16,7424.842005619865
NDO,F9,17,7019.7588729663
NDO,F9,18,15700.42523009666
NDO,F9,19,10222.937188922146
NDO,F9,20,16976.331284664033
NDO,F9,21,8517.366467736992
NDO,F9,22,9667.554114347897
NDO,F9,23,21836.33230072101
NDO,F9,24,5201.292617313116
NDO,F9,25,14131.253024379042
NDO,F9,26,15789.893584285459
NDO,F9,27,9813.16537635857
NDO,F9,28,15856.388295415178
NDO,F9,29,19437.415008974167
NDO,F9,30,10349.138496580403
NDO,F10,1,12345.014144965873
NDO,F10,2,14392.461948152002
NDO,F10,3,10450.289671937471
NDO,F10,4,11418.772928281169
NDO,F10,5,11390.969005478919
NDO,F10,6,8661.844700406638
NDO,F10,7,13582.292914641044
NDO,F10,8,14291.078631332086
NDO,F10,9,11314.852427931472
NDO,F10,10,12391.641043575342
NDO,F10,11,15529.922088276737
NDO,F10,12,12741.966941687737
NDO,F10,13,11246.14401768059
NDO,F10,14,11997.853662729694
NDO,F10,15,13868.228089613456
NDO,F10,16,14353.644698422198
NDO,F10,17,12808.887679055859
NDO,F10,18,13704.044815461233
NDO,F10,19,14158.330338081258
NDO,F10,20,14454.698693535374
NDO,F10,21,10582.249738107903
NDO,F10,22,9692.61975751855
NDO,F10,23,9088.259755049405
NDO,F10,24,14542.88510261037
NDO,F10,25,14183.784621276533
NDO,F10,26,13940.826136402204
NDO,F10,27,13512.866375629505
NDO,F10,28,8185.141099422799
NDO,F10,29,11189.014774621377
NDO,F10,30,9220.216391346396
NDO,F11,1,1686.4981915880178
NDO,F11,2,2284.782185483333
NDO,F11,3,2002.632804941796
NDO,F11,4,1994.7282047520296
NDO,F11,5,1844.8820886517653
NDO,F11,6,2646.3785715417207
NDO,F11,7,2072.4636861681156
NDO,F11,8,2193.499850370279
NDO,F11,9,2202.1601177433504
NDO,F11,10,3667.574515775696
NDO,F11,11,1816.7114741357216
NDO,F11,12,1723.7758647846551
NDO,F11,13,1868.248081095736
NDO,F11,14,1916.334545228879
NDO,F11,15,1846.0142135553924
NDO,F11,16,3604.1665065040766
NDO,F11,17,4129.67614026867
NDO,F11,18,2820.7794701072744
NDO,F11,19,1844.1321500381218
NDO,F11,20,2768.2433817995616
NDO,F11,21,3350.047510193758
NDO,F11,22,2071.0587005587395
NDO,F11,23,2587.4763674681617
NDO,F11,24,3014.4295140140484
NDO,F11,25,2115.171535763099
NDO,F11,26,2199.7233801460334
NDO,F11,27,2408.590774980713
NDO,F11,28,2229.041332534486
NDO,F11,29,2332.4159805432555
NDO,F11,30,1817.044340859699
NDO,F12,1,16267976.735717556
NDO,F12,2,36953237.99824363
NDO,F12,3,9086200.387233406
NDO,F12,4,8809323.92173329
NDO,F12,5,16894543.629198458
NDO,F12,6,27852851.67288391
NDO,F12,7,9860797.299198335
NDO,F12,8,19418356.009153962
NDO,F12,9,11865225.661172688
NDO,F12,10,26427447.027672485
NDO,F12,11,23609721.816992335
NDO,F12,12,17342765.41033879
NDO,F12,13,8876776.98537714
NDO,F12,14,11992621.522179443
NDO,F12,15,8490878.027487002
NDO,F12,16,17065371.37367303
NDO,F12,17,18178620.34556071
NDO,F12,18,9029217.155013734
NDO,F12,19,38403453.61677245
NDO,F12,20,39197611.49385011
NDO,F12,21,15098949.50305838
NDO,F12,22,7186072.947711016
NDO,F12,23,15529796.154854627
NDO,F12,24,4731924.683435895
NDO,F12,25,10123121.71039519
NDO,F12,26,21624266.60542077
NDO,F12,27,5985907.925241995
NDO,F12,28,17929604.000761803
NDO,F12,29,37252398.36850461
NDO,F12,30,19505466.30554002
NDO,F13,1,9806.647855782581
NDO,F13,2,10391.865605787683
NDO,F13,3,8621.654856966823
NDO,F13,4,9777.085314054293
NDO,F13,5,4644.975490417016
NDO,F13,6,4323.291757000476
NDO,F13,7,5344.498705765575
NDO,F13,8,21356.908126912313
NDO,F13,9,10565.351725782311
NDO,F13,10,49045.762406069305
NDO,F13,11,8667.140655979341
NDO,F13,12,14557.324872640456
NDO,F13,13,8364.45171380168
NDO,F13,14,6694.748589099288
NDO,F13,15,17621.446461990417
NDO,F13,16,14887.189551972577
NDO,F13,17,14919.771344390985
NDO,F13,18,4329.316649343784
NDO,F13,19,13810.52845550903
NDO,F13,20,11174.584617732913
NDO,F13,21,24683.740706226727
NDO,F13,22,6500.859370920077
NDO,F13,23,3818.683425057402
NDO,F13,24,13439.835211558877
NDO,F13,25,7590.733782786352
NDO,F13,26,24154.73100183319
NDO,F13,27,5582.317031617814
NDO,F13,28,19440.388647848424
NDO,F13,29,3375.159869105949
NDO,F13,30,6844.08631390347
NDO,F14,1,618100.9968318171
NDO,F14,2,50615.55670546769
NDO,F14,3,369216.12887143285
NDO,F14,4,674486.2669678722
NDO,F14,5,1328406.7096779393
NDO,F14,6,283559.60530317895
NDO,F14,7,65918.83355334337
NDO,F14,8,780285.178029244
NDO,F14,9,454075.1615099126
NDO,F14,10,136554.65271647772
NDO,F14,11,1021331.6848923173
NDO,F14,12,265898.2385005762
NDO,F14,13,223713.54446360059
NDO,F14,14,290302.4961941874
NDO,F14,15,1812187.2004446525
NDO,F14,16,270367.94954026234
NDO,F14,17,446123.3269293532
NDO,F14,18,434713.8172729975
NDO,F14,19,149780.93108114103
NDO,F14,20,593306.9050719411
NDO,F14,21,447502.87003261293
NDO,F14,22,800202.8544224944
NDO,F14,23,29943.276733297775
NDO,F14,24,87479.7232307988
NDO,F14,25,227363.59408165584
NDO,F14,26,197998.07094826418
NDO,F14,27,476306.6428458414
NDO,F14,28,261549.6121491792
NDO,F14,29,127949.80985305857
NDO,F14,30,72987.0627010149
NDO,F15,1,12851.752008797715
NDO,F15,2,3889.3952646881094
NDO,F15,3,3276.2924169820785
NDO,F15,4,8547.759980592466
NDO,F15,5,5750.041836162916
NDO,F15,6,4644.148106601995
NDO,F15,7,2340.1415714665077
NDO,F15,8,5176.127647472055
NDO,F15,9,19960.209155837576
NDO,F15,10,20395.20891665423
NDO,F15,11,6675.914086057267
NDO,F15,12,11316.839328972324
NDO,F15,13,26851.00414935881
NDO,F15,14,2250.7722000572912
NDO,F15,15,18768.326220392224
NDO,F15,16,6017.0919710872795
NDO,F15,17,2039.2002646898345
NDO,F15,18,10396.463677511367
NDO,F15,19,6133.809964828582
NDO,F15,20,2401.3012720812667
NDO,F15,21,11309.014967986495
NDO,F15,22,18291.667247884514
NDO,F15,23,3790.2084602221153
NDO,F15,24,17941.29908530069
NDO,F15,25,1994.125907817047
NDO,F15,26,18051.155056866417
NDO,F15,27,4282.434583332562
NDO,F15,28,11275.223835229715
NDO,F15,29,7645.187583267277
NDO,F15,30,2432.4116182999096
NDO,F16,1,3301.5272693699553
NDO,F16,2,3459.339651712471
NDO,F16,3,3633.962935313268
NDO,F16,4,3310.5946598986975
NDO,F16,5,3701.290694106271
NDO,F16,6,3375.7191203361126
NDO,F16,7,3298.253348012684
NDO,F16,8,3318.4333891796473
NDO,F16,9,3558.3452212678962
NDO,F16,10,3409.117725086446
NDO,F16,11,2747.41678290538
NDO,F16,12,4065.1192487547087
NDO,F16,13,3412.1225694610075
NDO,F16,14,3948.8053482802193
NDO,F16,15,2923.0288572131813
NDO,F16,16,3862.547626180452
NDO,F16,17,3693.2110804264744
NDO,F16,18,3569.1884161979156
NDO,F16,19,3468.5090958549754
NDO,F16,20,2421.741749642625
NDO,F16,21,3095.6172385155933
NDO,F16,22,3110.352280425349
NDO,F16,23,3226.281495882281
NDO,F16,24,3108.0843686127805
NDO,F16,25,3380.1335915601467
NDO,F16,26,3302.636725420901
NDO,F16,27,3690.541327459138
NDO,F16,28,2947.0135171185225
NDO,F16,29,4372.579328789476
NDO,F16,30,2890.3246663087466
NDO,F17,1,2756.290440685017
NDO,F17,2,2932.1355664006815
NDO,F17,3,2749.528485237012
NDO,F17,4,3013.2093974226177
NDO,F17,5,4473.438868669179
NDO,F17,6,4192.606265944516
NDO,F17,7,4426.695799593113
NDO,F17,8,2718.625058367325
NDO,F17,9,3262.2464296190883
NDO,F17,10,3790.7560025246394
NDO,F17,11,2902.5381879139686
NDO,F17,12,2917.981822246168
NDO,F17,13,2635.859251884714
NDO,F17,14,3245.5010688739494
NDO,F17,15,2918.944127272979
NDO,F17,16,2889.6237756942646
NDO,F17,17,3920.1753073970044
NDO,F17,18,3124.2487364379326
NDO,F17,19,2945.346232586572
NDO,F17,20,3223.4513878280814
NDO,F17,21,3473.5531739432827
NDO,F17,22,3059.1152139553374
NDO,F17,23,3258.8519376744125
NDO,F17,24,3587.6615679043985
NDO,F17,25,2752.380250396488
NDO,F17,26,2896.5404183823325
NDO,F17,27,2923.767718500243
NDO,F17,28,3085.827634707476
NDO,F17,29,2932.7148219508745
NDO,F17,30,3024.099978675791
NDO,F18,1,4915152.533800956
NDO,F18,2,15784174.813614877
NDO,F18,3,1528399.7203617808
NDO,F18,4,4873004.886014135
NDO,F18,5,5577929.130487291
NDO,F18,6,1281044.6015611584
NDO,F18,7,13312282.756231617
NDO,F18,8,10149604.649756648
NDO,F18,9,4430253.864900321
NDO,F18,10,1907614.561937613
NDO,F18,11,3758539.255528772
NDO,F18,12,2926316.8440511003
NDO,F18,13,4915834.484066619
NDO,F18,14,2846431.2293922654
NDO,F18,15,1683271.934475607
NDO,F18,16,11124677.184444066
NDO,F18,17,2614883.319733178
NDO,F18,18,2599176.7725567133
NDO,F18,19,4655827.854745157
NDO,F18,20,2908434.674450891
NDO,F18,21,3314822.912191636
NDO,F18,22,1484402.9644599056
NDO,F18,23,714440.5926404174
NDO,F18,24,11601831.004599141
NDO,F18,25,1706093.2361241507
NDO,F18,26,3465763.5670137163
NDO,F18,27,4225287.719002225
NDO,F18,28,8474542.360614799
NDO,F18,29,1373728.4390554887
NDO,F18,30,2882869.9769332353
NDO,F19,1,33512.98048349559
NDO,F19,2,14789.134195192857
NDO,F19,3,33318.419598842884
NDO,F19,4,42887.6684536753
NDO,F19,5,7326.411040468375
NDO,F19,6,17604.298598105637
NDO,F19,7,12689.10385802731
NDO,F19,8,7858.863113114117
NDO,F19,9,18834.855918658173
NDO,F19,10,3684.566145038083
NDO,F19,11,10617.791952963062
NDO,F19,12,10639.2810268343
NDO,F19,13,8233.454010731115
NDO,F19,14,8622.871236385137
NDO,F19,15,16049.251298489264
NDO,F19,16,25194.60568990342
NDO,F19,17,17150.753407063974
NDO,F19,18,28485.428403360358
NDO,F19,19,35262.031698940424
NDO,F19,20,23928.42340015484
NDO,F19,21,27925.204228493934
NDO,F19,22,39642.37333495959
NDO,F19,23,33845.13407743139
NDO,F19,24,20135.199116149153
NDO,F19,25,22565.096007130764
NDO,F19,26,37352.17718674536
NDO,F19,27,30695.040639214156
NDO,F19,28,34279.961369551485
NDO,F19,29,20407.151796604336
NDO,F19,30,15067.732816424392
NDO,F20,1,3099.9111945900345
NDO,F20,2,3643.9830129739066
NDO,F20,3,3667.6598829420245
NDO,F20,4,3714.3134547322074
NDO,F20,5,3159.862636084301
NDO,F20,6,3781.6299049292193
NDO,F20,7,3482.773579032666
NDO,F20,8,3664.785493569476
NDO,F20,9,3482.508528690807
NDO,F20,10,3841.1835065844143
NDO,F20,11,3215.6952218414717
NDO,F20,12,3269.2356521278566
NDO,F20,13,3331.9353147779625
NDO,F20,14,3368.527820810118
NDO,F20,15,3629.1213870741894
NDO,F20,16,3393.349603599762
NDO,F20,17,3437.906699907061
NDO,F20,18,3165.2139239471194
NDO,F20,19,3540.999576903044
NDO,F20,20,2774.4828784808615
NDO,F20,21,2956.0197776540067
NDO,F20,22,3389.558780106746
NDO,F20,23,2687.4142013050405
NDO,F20,24,3494.5622292077983
NDO,F20,25,3511.706775933635
NDO,F20,26,3510.5211482128093
NDO,F20,27,3727.1641196108276
NDO,F20,28,3097.008860492291
NDO,F20,29,3831.411600855922
NDO,F20,30,3618.3224142156373
NDO,F21,1,2615.0064243657384
NDO,F21,2,2505.150514196884
NDO,F21,3,2528.030143860763
NDO,F21,4,2520.078504771973
NDO,F21,5,2559.9479854589094
NDO,F21,6,2499.2273105663903
NDO,F21,7,2549.3146331315174
NDO,F21,8,2522.1202404413593
NDO,F21,9,2473.439251219512
NDO,F21,10,2621.2269538997857
NDO,F21,11,2628.1377683710707
NDO,F21,12,2584.6384964837803
NDO,F21,13,2530.9463895040885
NDO,F21,14,2496.501145403083
NDO,F21,15,2533.7951760363135
NDO,F21,16,2538.120878002451
NDO,F21,17,2518.9081627803043
NDO,F21,18,2461.709264556665
NDO,F21,19,2528.727936574917
NDO,F21,20,2573.715403317252
NDO,F21,21,2506.9290192222916
NDO,F21,22,2514.432251533612
NDO,F21,23,2522.817508283153
NDO,F21,24,2573.837716772928
NDO,F21,25,2458.711899673921
NDO,F21,26,2467.5239474427603
NDO,F21,27,2679.639032597111
NDO,F21,28,2563.8341901265344
NDO,F21,29,2542.157989888289
NDO,F21,30,2444.3085456737394
NDO,F22,1,15568.59711538236
NDO,F22,2,15574.712804901628
NDO,F22,3,12898.230735433346
NDO,F22,4,13135.900758334066
NDO,F22,5,15842.772180262693
NDO,F22,6,8602.346246170833
NDO,F22,7,15502.40071441533
NDO,F22,8,14884.58477620283
NDO,F22,9,15353.80217986993
NDO,F22,10,15347.43688097982
NDO,F22,11,11274.499814538598
NDO,F22,12,14214.482199724633
NDO,F22,13,14873.501350054712
NDO,F22,14,14492.077455205417
NDO,F22,15,13153.245511514146
NDO,F22,16,14814.154049915402
NDO,F22,17,11829.29288985471
NDO,F22,18,13618.008080880989
NDO,F22,19,16889.811851270642
NDO,F22,20,14943.357322493002
NDO,F22,21,15459.886294162858
NDO,F22,22,13249.757486499944
NDO,F22,23,14673.508902834492
NDO,F22,24,15581.689737059245
NDO,F22,25,15141.775593433948
NDO,F22,26,11181.11945494819
NDO,F22,27,11765.737240635286
NDO,F22,28,15866.026646847233
NDO,F22,29,15029.697387861059
NDO,F22,30,12095.164401798287
NDO,F23,1,3012.9555986394703
NDO,F23,2,3067.999751814171
NDO,F23,3,2963.3847783623232
NDO,F23,4,2978.874818119535
NDO,F23,5,3127.715960204685
NDO,F23,6,2971.7689060748967
NDO,F23,7,3017.983055508278
NDO,F23,8,3091.8105589494985
NDO,F23,9,2970.5298032398946
NDO,F23,10,3044.5324126536825
NDO,F23,11,3165.151198448365
NDO,F23,12,3031.0349941760555
NDO,F23,13,3047.7362538070847
NDO,F23,14,2998.9490269292546
NDO,F23,15,3111.443316055028
NDO,F23,16,3071.826301653562
NDO,F23,17,3003.568298362658
NDO,F23,18,3064.740898479755
NDO,F23,19,3095.195488852335
NDO,F23,20,2999.2622913995515
NDO,F23,21,2971.510680089894
NDO,F23,22,3027.2651628344565
NDO,F23,23,3044.055784936938
NDO,F23,24,3035.660446993802
NDO,F23,25,2888.1098788781173
NDO,F23,26,3025.3977554511866
NDO,F23,27,2959.994548482098
NDO,F23,28,3034.543886056974
NDO,F23,29,2987.123241472521
NDO,F23,30,2963.960783001452
NDO,F24,1,3127.257584606669
NDO,F24,2,3184.3064067002033
NDO,F24,3,3111.3663040531806
NDO,F24,4,3154.449263927056
NDO,F24,5,3117.1729170972603
NDO,F24,6,3280.4338590151146
NDO,F24,7,3358.3121569295854
NDO,F24,8,3341.957259119453
NDO,F24,9,3200.7635907453837
NDO,F24,10,3182.2653456080534
NDO,F24,11,3235.557439994922
NDO,F24,12,3383.7718441446914
NDO,F24,13,3242.1219230927354
NDO,F24,14,3317.6252680900407
NDO,F24,15,3256.2914937766
NDO,F24,16,3177.747519607566
NDO,F24,17,3188.123929054027
NDO,F24,18,3278.513119998857
NDO,F24,19,3329.1581614989245
NDO,F24,20,3210.4195232439133
NDO,F24,21,3204.2618467358875
NDO,F24,22,3261.0517349203687
NDO,F24,23,3239.2065831464934
NDO,F24,24,3229.2818896535227
NDO,F24,25,3351.3300126503173
NDO,F24,26,3386.76755115948
NDO,F24,27,3192.679387977847
NDO,F24,28,3249.9641319419416
NDO,F24,29,3449.3777055257897
NDO,F24,30,3257.9812747855194
NDO,F25,1,3098.4143563282887
NDO,F25,2,3254.4445641393877
NDO,F25,3,3297.356247585009
NDO,F25,4,3200.750120589279
NDO,F25,5,3264.3828288705035
NDO,F25,6,3276.0253181369194
NDO,F25,7,3315.7619235718134
NDO,F25,8,3476.6096125294875
NDO,F25,9,3143.909729232797
NDO,F25,10,3255.816210774512
NDO,F25,11,3255.7563583748906
NDO,F25,12,3351.9794148795518
NDO,F25,13,3248.4065381979826
NDO,F25,14,3242.889443344913
NDO,F25,15,3248.442416142267
NDO,F25,16,3209.134293307434
NDO,F25,17,3189.546259657574
NDO,F25,18,3286.2470695421807
NDO,F25,19,3225.9333836084843
NDO,F25,20,3220.5058068181
NDO,F25,21,3335.2482732477406
NDO,F25,22,3194.3438752961565
NDO,F25,23,3203.08758059066
NDO,F25,24,3266.1225633637587
NDO,F25,25,3517.0832465541507
NDO,F25,26,3235.325353334446
NDO,F25,27,3338.1028545098243
NDO,F25,28,3316.6816585991046
NDO,F25,29,3197.6589712648615
NDO,F25,30,3230.791736919731
NDO,F26,1,8180.404124188866
NDO,F26,2,7175.595820136534
NDO,F26,3,8206.186144340925
NDO,F26,4,5153.75502502354
NDO,F26,5,8225.079351272803
NDO,F26,6,6933.646563304234
NDO,F26,7,6688.0131233023985
NDO,F26,8,4183.416098875785
NDO,F26,9,7750.047538022003
NDO,F26,10,5519.020101068484
NDO,F26,11,6571.830252587225
NDO,F26,12,7882.665694842807
NDO,F26,13,8188.43250339392
NDO,F26,14,6046.189719188892
NDO,F26,15,7487.489803859329
NDO,F26,16,7108.337368858626
NDO,F26,17,7261.789250673975
NDO,F26,18,7924.473149051953
NDO,F26,19,6981.303914507853
NDO,F26,20,7448.783556220991
NDO,F26,21,7004.726974384592
NDO,F26,22,6861.375963392945
NDO,F26,23,7386.369827630262
NDO,F26,24,6308.198667672867
NDO,F26,25,6966.638557473522
NDO,F26,26,7079.704749817397
NDO,F26,27,7677.984971920052
NDO,F26,28,6822.460363786338
NDO,F26,29,6852.273671227463
NDO,F26,30,7547.3188672340075
NDO,F27,1,3693.361442799154
NDO,F27,2,3829.288088915235
NDO,F27,3,3539.7406473443507
NDO,F27,4,3683.9564001229205
NDO,F27,5,3612.6706726193825
NDO,F27,6,3680.5443054141288
NDO,F27,7,3574.005982789456
NDO,F27,8,3896.1073600836057
NDO,F27,9,3781.6464524705207
NDO,F27,10,3644.760290243943
NDO,F27,11,3676.930713598055
NDO,F27,12,3632.3071516903356
NDO,F27,13,3781.895013223296
NDO,F27,14,3596.0510334911573
NDO,F27,15,3650.3131854698922
NDO,F27,16,3824.368060616159
NDO,F27,17,3543.9417370123897
NDO,F27,18,3500.5160109299
NDO,F27,19,3720.687136689146
NDO,F27,20,3648.9700905505647
NDO,F27,21,3695.4782907252966
NDO,F27,22,3877.0037283425195
NDO,F27,23,3503.153854959307
NDO,F27,24,3824.4633145514954
NDO,F27,25,3687.165890058063
NDO,F27,26,3610.8770066145667
NDO,F27,27,3681.1293474010304
NDO,F27,28,3512.1269493250493
NDO,F27,29,3802.5293848850074
NDO,F27,30,3821.971069815394
NDO,F28,1,3799.2353795715107
NDO,F28,2,3572.7322342664256
NDO,F28,3,3741.9757438530355
NDO,F28,4,3860.012878913014
NDO,F28,5,3607.140236754861
NDO,F28,6,4018.924406289181
NDO,F28,7,3493.9756309842633
NDO,F28,8,3742.903377894329
NDO,F28,9,3631.244255592787
NDO,F28,10,3492.1537190386534
NDO,F28,11,3527.800645443632
NDO,F28,12,3887.4616481539565
NDO,F28,13,3642.02775767376
NDO,F28,14,4035.2495831374627
NDO,F28,15,3722.683331961857
NDO,F28,16,3523.6477524968427
NDO,F28,17,3523.218700174745
NDO,F28,18,4266.240353565614
NDO,F28,19,3688.6424668704963
NDO,F28,20,3512.4382658412405
NDO,F28,21,3686.9021945843274
NDO,F28,22,3575.3975417544802
NDO,F28,23,3746.8333932455403
NDO,F28,24,3627.045873570866
NDO,F28,25,3516.8787543881244
NDO,F28,26,3599.1653774628135
NDO,F28,27,3524.7993016726787
NDO,F28,28,3660.8095872414124
NDO,F28,29,3972.589214912262
NDO,F28,30,3575.3058894137757
NDO,F29,1,4501.432741233287
NDO,F29,2,4283.4286117815445
NDO,F29,3,5842.74832080682
NDO,F29,4,5046.754225157713
NDO,F29,5,4804.87235132969
NDO,F29,6,4073.036073180164
NDO,F29,7,4706.210679174092
NDO,F29,8,4130.782059865537
NDO,F29,9,4390.017666307517
NDO,F29,10,3954.2181269449193
NDO,F29,11,4621.804376516733
NDO,F29,12,3720.799684635469
NDO,F29,13,4189.6874662920645
NDO,F29,14,4754.713900868546
NDO,F29,15,4261.541945488689
NDO,F29,16,4871.48834768151
NDO,F29,17,4186.711308876442
NDO,F29,18,4277.870327604261
NDO,F29,19,4261.469237179926
NDO,F29,20,5055.0349223169
NDO,F29,21,4378.386293587854
NDO,F29,22,4028.9190851902945
NDO,F29,23,4999.336931470853
NDO,F29,24,3926.9666856906697
NDO,F29,25,4671.561832939016
NDO,F29,26,4065.1139319425147
NDO,F29,27,4226.252219074557
NDO,F29,28,3910.1053018370885
NDO,F29,29,3947.900855613112
NDO,F29,30,4546.999306462199
NDO,F30,1,10688073.276073888
NDO,F30,2,3333485.2628039434
NDO,F30,3,3992485.8352742027
NDO,F30,4,4761447.803556403
NDO,F30,5,2280699.3394914186
NDO,F30,6,10485171.421654861
NDO,F30,7,6979836.709350316
NDO,F30,8,4998723.102738993
NDO,F30,9,6241177.832007148
NDO,F30,10,2754937.6962337275
NDO,F30,11,4922355.680537014
NDO,F30,12,5370277.944171579
NDO,F30,13,4164059.832624872
NDO,F30,14,6568382.822848629
NDO,F30,15,4573846.012217774
NDO,F30,16,4895042.303088469
NDO,F30,17,5158047.18170785
NDO,F30,18,10191846.097983923
NDO,F30,19,5467025.392030382
NDO,F30,20,5923863.674420721
NDO,F30,21,7461352.462507492
NDO,F30,22,6427147.781797094
NDO,F30,23,6828906.341013681
NDO,F30,24,4446105.072184579
NDO,F30,25,4948154.4677569065
NDO,F30,26,43890046.124165446
NDO,F30,27,8433879.46344393
NDO,F30,28,7844782.207074554
NDO,F30,29,5770676.262452487
NDO,F30,30,3445798.4069177946
NGO,F1,1,9178206639.839779
NGO,F1,2,15632842845.969395
NGO,F1,3,13622352783.476273
NGO,F1,4,11744202006.26213
NGO,F1,5,7279393619.734407
NGO,F1,6,10502989919.728813
NGO,F1,7,9412717510.72658
NGO,F1,8,10948584207.587727
NGO,F1,9,10520227171.48043
NGO,F1,10,10228838835.537022
NGO,F1,11,13369812702.529816
NGO,F1,12,5772026277.09507
NGO,F1,13,15335056762.278032
NGO,F1,14,9432500518.92622
NGO,F1,15,2448823400.2576075
NGO,F1,16,2883585445.173871
NGO,F1,17,11842505164.706095
NGO,F1,18,5145190153.991506
NGO,F1,19,16213974166.790564
NGO,F1,20,4936967689.645945
NGO,F1,21,7275568741.453606
NGO,F1,22,16000486698.025877
NGO,F1,23,11844247134.24652
NGO,F1,24,7878273132.021516
NGO,F1,25,7181855745.763856
NGO,F1,26,10372384380.831148
NGO,F1,27,3434089839.555747
NGO,F1,28,7448868850.479649
NGO,F1,29,23632218028.97545
NGO,F1,30,8467960001.4734
NGO,F3,1,187869.18190785177
NGO,F3,2,176162.89320520937
NGO,F3,3,141136.3672829664
NGO,F3,4,171141.3407041885
NGO,F3,5,165338.10845457044
NGO,F3,6,196098.4819999403
NGO,F3,7,175516.23742499243
NGO,F3,8,142246.04823348767
NGO,F3,9,168512.45825025206
NGO,F3,10,157763.89673550625
NGO,F3,11,169769.22194837252
NGO,F3,12,179331.9970703637
NGO,F3,13,140421.20821237488
NGO,F3,14,181342.70939283888
NGO,F3,15,166979.85821781764
NGO,F3,16,153697.03523962668
NGO,F3,17,167313.96349298564
NGO,F3,18,185863.61429017666
NGO,F3,19,148760.55069523657
NGO,F3,20,153884.02053551463
NGO,F3,21,161276.71598716846
NGO,F3,22,168190.99099662912
NGO,F3,23,146967.66729074426
NGO,F3,24,175555.5484851319
NGO,F3,25,170355.78863129482
NGO,F3,26,150536.83994142752
NGO,F3,27,177182.0786704254
NGO,F3,28,166141.96597788337
NGO,F3,29,183037.2368171392
NGO,F3,30,192879.1914043184
NGO,F4,1,935.5449772108342
NGO,F4,2,1559.2186059855485
NGO,F4,3,873.1942008321171
NGO,F4,4,1422.3122018629383
NGO,F4,5,1595.3252082586803
NGO,F4,6,1395.0267636994558
NGO,F4,7,1422.0590973485716
NGO,F4,8,1612.7764080009604
NGO,F4,9,1299.3519638005262
NGO,F4,10,1167.768771208007
NGO,F4,11,1447.2452331097359
NGO,F4,12,1660.3450746463795
NGO,F4,13,1598.9489737962385
NGO,F4,14,1515.1772571876186
NGO,F4,15,1730.8369448258052
NGO,F4,16,906.0923754182437
NGO,F4,17,1073.1841949154768
NGO,F4,18,1840.1697707070862
NGO,F4,19,1163.0426004697329
NGO,F4,20,1270.9275750391407
NGO,F4,21,1870.720413155388
NGO,F4,22,859.3246957401043
NGO,F4,23,1039.5846322029277
NGO,F4,24,2028.8797668353748
NGO,F4,25,1675.3593934149387
NGO,F4,26,1039.0952678412405
NGO,F4,27,1491.8360559049472
NGO,F4,28,962.027134024194
NGO,F4,29,1204.1928441429477
NGO,F4,30,1025.9753818772624
NGO,F5,1,897.6470451029586
NGO,F5,2,884.4025879924042
NGO,F5,3,888.6682932601193
NGO,F5,4,885.6104943666551
NGO,F5,5,889.1061326416467
NGO,F5,6,906.9063169400249
NGO,F5,7,920.5637244179886
NGO,F5,8,905.5938339474092
NGO,F5,9,889.1302013390267
NGO,F5,10,917.8963375131432
NGO,F5,11,901.6603754901587
NGO,F5,12,888.8627679430117
NGO,F5,13,894.4139808690561
NGO,F5,14,918.3676005040995
NGO,F5,15,870.5563402260464
NGO,F5,16,929.0547251122003
NGO,F5,17,885.424261065562
NGO,F5,18,865.2864230188296
NGO,F5,19,875.0695297632906
NGO,F5,20,909.3511402611934
NGO,F5,21,872.9916179422478
NGO,F5,22,905.1694235947341
NGO,F5,23,911.9271323964433
NGO,F5,24,880.6822170650064
NGO,F5,25,917.8028768903175
NGO,F5,26,866.4237639183768
NGO,F5,27,895.4046802457422
NGO,F5,28,908.7234588060139
NGO,F5,29,887.7596829613481
NGO,F5,30,895.8243282348167
NGO,F6,1,635.8647687419192
NGO,F6,2,658.5854356313599
NGO,F6,3,662.8671357220476
NGO,F6,4,634.1586174560598
NGO,F6,5,664.1104995843349
NGO,F6,6,619.6864633487485
NGO,F6,7,650.7661753630836
NGO,F6,8,646.4661668336032
NGO,F6,9,643.1471926068851
NGO,F6,10,641.4951642610828
NGO,F6,11,669.4223014952638
NGO,F6,12,667.0998463503832
NGO,F6,13,641.425149945566
NGO,F6,14,631.2303882007212
NGO,F6,15,663.9569031730962
NGO,F6,16,636.8173362995752
NGO,F6,17,655.4537303595521
NGO,F6,18,659.7092469816811
NGO,F6,19,643.4104583465753
NGO,F6,20,655.5127235693004
NGO,F6,21,660.583572913485
NGO,F6,22,662.9732330398939
NGO,F6,23,661.7310037637095
NGO,F6,24,660.3746199912681
NGO,F6,25,660.8023000148596
NGO,F6,26,654.6577693105005
NGO,F6,27,655.9209230351321
NGO,F6,28,662.9240899451555
NGO,F6,29,662.2412322602114
NGO,F6,30,656.9870211383578
NGO,F7,1,1365.8399443726712
NGO,F7,2,1449.182805057394
NGO,F7,3,1320.388097025761
NGO,F7,4,1489.1529445940773
NGO,F7,5,1395.0078895793376
NGO,F7,6,1374.2213740351092
NGO,F7,7,1513.5057848547076
NGO,F7,8,1272.9176743950711
NGO,F7,9,1564.5697076276
NGO,F7,10,1201.8016840985338
NGO,F7,11,1391.0169419938643
NGO,F7,12,1354.6305822071943
NGO,F7,13,1586.482632548657
NGO,F7,14,1360.5272332234053
NGO,F7,15,1455.562742203578
NGO,F7,16,1434.7277480224159
NGO,F7,17,1396.8761001131247
NGO,F7,18,1408.2803215633503
NGO,F7,19,1374.7733606856093
NGO,F7,20,1491.1172692665593
NGO,F7,21,1370.0118657006296
NGO,F7,22,1353.0436495886415
NGO,F7,23,1429.9408588284505
NGO,F7,24,1229.444602903682
NGO,F7,25,1411.086266770957
NGO,F7,26,1399.272396236371
NGO,F7,27,1365.3098512297395
NGO,F7,28,1330.6064167375816
NGO,F7,29,1256.238589526959
NGO,F7,30,1278.5858695952488
NGO,F8,1,1214.979871637976
NGO,F8,2,1238.8992327630133
NGO,F8,3,1239.082601929806
NGO,F8,4,1230.302034775553
NGO,F8,5,1209.4881884661986
NGO,F8,6,1223.0820954495293
NGO,F8,7,1260.2671727837956
NGO,F8,8,1231.5815902338938
NGO,F8,9,1198.3623627625204
NGO,F8,10,1220.3378053645934
NGO,F8,11,1195.788002577215
NGO,F8,12,1221.8181260636638
NGO,F8,13,1249.0067597060076
NGO,F8,14,1217.291964970129
NGO,F8,15,1208.8191764297558
NGO,F8,16,1159.3674219242612
NGO,F8,17,1171.2117480324835
NGO,F8,18,1165.795049847553
NGO,F8,19,1221.3712435411458
NGO,F8,20,1205.3475643932745
NGO,F8,21,1199.406282382858
NGO,F8,22,1229.3395811345622
NGO,F8,23,1186.3861972445025
NGO,F8,24,1203.8317777651932
NGO,F8,25,1202.2218290962328
NGO,F8,26,1203.9705465259713
NGO,F8,27,1177.2757995564798
NGO,F8,28,1161.054992710474
NGO,F8,29,1180.9934543458965
NGO,F8,30,1181.7602532557398
NGO,F9,1,15832.947805784523
NGO,F9,2,12805.373885703344
NGO,F9,3,17656.79262094796
NGO,F9,4,11295.63782551745
NGO,F9,5,12344.4829512431
NGO,F9,6,13043.074484890096
NGO,F9,7,14485.976551804508
NGO,F9,8,18307.93490803628
NGO,F9,9,16484.275688575486
NGO,F9,10,13708.218363534825
NGO,F9,11,16323.01620171397
NGO,F9,12,16533.949817623456
NGO,F9,13,17346.14542365938
NGO,F9,14,12357.767500377106
NGO,F9,15,14021.769414335755
NGO,F9,16,14469.602725490406
NGO,F9,17,11676.758965303998
NGO,F9,18,15019.213502995603
NGO,F9,19,16742.351675614187
NGO,F9,20,17444.734474657205
NGO,F9,21,13727.04041451538
NGO,F9,22,9072.368545690306
NGO,F9,23,11730.793356693863
NGO,F9,24,9795.98374610963
NGO,F9,25,12128.0970570745
NGO,F9,26,17854.25390218626
NGO,F9,27,13689.464442848743
NGO,F9,28,14624.169019194826
NGO,F9,29,9837.723405441848
NGO,F9,30,18591.523834136464
NGO,F10,1,9709.690694871504
NGO,F10,2,10172.274262495946
NGO,F10,3,9714.991474621944
NGO,F10,4,10426.1001667602
NGO,F10,5,11047.621491261436
NGO,F10,6,10318.731083408835
NGO,F10,7,10374.815074243092
NGO,F10,8,9596.786820567984
NGO,F10,9,11044.18200632222
NGO,F10,10,10150.986049445843
NGO,F10,11,10400.32789392747
NGO,F10,12,10405.095766776194
NGO,F10,13,9973.624970405795
NGO,F10,14,9084.57412668772
NGO,F10,15,10432.92883228732
NGO,F10,16,10224.072096048676
NGO,F10,17,10499.0860276306
NGO,F10,18,9647.68024789443
NGO,F10,19,10258.126294457632
NGO,F10,20,9008.921655001164
NGO,F10,21,9588.13517249508
NGO,F10,22,9623.849788568585
NGO,F10,23,10185.25424293719
NGO,F10,24,9909.968705505544
NGO,F10,25,10383.451662110276
NGO,F10,26,10618.681022628549
NGO,F10,27,10329.090368929976
NGO,F10,28,8843.676576455395
NGO,F10,29,9645.594420141231
NGO,F10,30,9756.933809371349
NGO,F11,1,1808.7591115509151
NGO,F11,2,1842.7838328059456
NGO,F11,3,2288.0202084748785
NGO,F11,4,1619.0196616426738
NGO,F11,5,1686.176296401843
NGO,F11,6,1904.202528820969
NGO,F11,7,1641.6112283740663
NGO,F11,8,2051.92808562722
NGO,F11,9,1892.9671784081847
NGO,F11,10,2332.876480889878
NGO,F11,11,1617.6631218121809
NGO,F11,12,1946.1952691668118
NGO,F11,13,1714.2458305372566
NGO,F11,14,2135.7461037718526
NGO,F11,15,1603.984766360932
NGO,F11,16,1988.4240872939984
NGO,F11,17,1793.6913098309926
NGO,F11,18,1727.576684089124
NGO,F11,19,1760.1561846987615
NGO,F11,20,1594.2897684589875
NGO,F11,21,2019.4724382714428
NGO,F11,22,1850.27920791336
NGO,F11,23,1901.9712744016365
NGO,F11,24,2218.6433196962034
NGO,F11,25,2033.8419165908758
NGO,F11,26,3842.9563124045185
NGO,F11,27,1827.2140845302736
NGO,F11,28,1990.0455198408622
NGO,F11,29,1703.4129639659227
NGO,F11,30,1542.5872724045344
NGO,F12,1,122656062.47640674
NGO,F12,2,287864165.4294654
NGO,F12,3,106788070.71041755
NGO,F12,4,43932910.973801576
NGO,F12,5,20188148.088833913
NGO,F12,6,29811637.11074129
NGO,F12,7,123314824.4805502
NGO,F12,8,109002384.82242736
NGO,F12,9,92231078.67386723
NGO,F12,10,67016235.310696684
NGO,F12,11,46377893.3718552
NGO,F12,12,23487932.813709605
NGO,F12,13,25215300.716242384
NGO,F12,14,113316203.06351429
NGO,F12,15,38062765.194348566
NGO,F12,16,180354054.50558046
NGO,F12,17,42343588.08347719
NGO,F12,18,40022336.47448526
NGO,F12,19,61121640.1188418
NGO,F12,20,18041905.92295896
NGO,F12,21,34012594.47954178
NGO,F12,22,104215492.84916094
NGO,F12,23,57106514.49473442
NGO,F12,24,75708997.0508755
NGO,F12,25,41646569.323517665
NGO,F12,26,27723057.415992744
NGO,F12,27,182483403.74198672
NGO,F12,28,93134036.82700893
NGO,F12,29,75406942.11663425
NGO,F12,30,23219284.655772477
NGO,F13,1,87965.93066694506
NGO,F13,2,57531.17077977314
NGO,F13,3,19735.817033758463
NGO,F13,4,75806.02638718762
NGO,F13,5,29643.88063644019
NGO,F13,6,58919.66220871261
NGO,F13,7,35870.99072242833
NGO,F13,8,20733.75391888387
NGO,F13,9,26165.32504579675
NGO,F13,10,77009.9687994578
NGO,F13,11,35786.2891175776
NGO,F13,12,28678.016453872897
NGO,F13,13,36862.116179865974
NGO,F13,14,75192.16190528337
NGO,F13,15,8671.340454596464
NGO,F13,16,21531.915221422532
NGO,F13,17,17276.574300241584
NGO,F13,18,13605.376231704424
NGO,F13,19,22923.543886897023
NGO,F13,20,51940.695426075654
NGO,F13,21,314739.35524856905
NGO,F13,22,54298.04178116134
NGO,F13,23,34982.24876283052
NGO,F13,24,26349.467093440457
NGO,F13,25,13330.532990867929
NGO,F13,26,35336.33804056562
NGO,F13,27,30103.44462178864
NGO,F13,28,144374.77517034323
NGO,F13,29,14338.723107598293
NGO,F13,30,19616.331638301104
NGO,F14,1,299354.75001500006
NGO,F14,2,107571.4179412892
NGO,F14,3,848367.1226033384
NGO,F14,4,104265.03076243943
NGO,F14,5,191443.53318541386
NGO,F14,6,176053.68566872293
NGO,F14,7,103762.42097451382
NGO,F14,8,126831.11958646044
NGO,F14,9,918898.2388252578
NGO,F14,10,742651.3175274098
NGO,F14,11,474738.37361509
NGO,F14,12,101817.21423822473
NGO,F14,13,101024.41282581276
NGO,F14,14,240657.66406320754
NGO,F14,15,180629.05299594626
NGO,F14,16,209562.86317837622
NGO,F14,17,65614.67369576338
NGO,F14,18,45806.6817637986
NGO,F14,19,370050.86563095974
NGO,F14,20,154158.0544709143
NGO,F14,21,606081.457856861
NGO,F14,22,31155.96995174304
NGO,F14,23,91308.26488710937
NGO,F14,24,390190.73555619153
NGO,F14,25,334409.7459809374
NGO,F14,26,325395.4420016959
NGO,F14,27,65305.184032358346
NGO,F14,28,220535.59899149332
NGO,F14,29,543353.8321816219
NGO,F14,30,304468.8301497519
NGO,F15,1,12868.178904754785
NGO,F15,2,20157.26229497529
NGO,F15,3,17297.556912675427
NGO,F15,4,16034.843864370667
NGO,F15,5,18043.660015278296
NGO,F15,6,21699.080200796107
NGO,F15,7,20755.37440727126
NGO,F15,8,19304.84343555439
NGO,F15,9,8669.35223773251
NGO,F15,10,17695.206650087686
NGO,F15,11,8601.659856543924
NGO,F15,12,21074.03494839911
NGO,F15,13,7987.8061172518355
NGO,F15,14,20953.238443572725
NGO,F15,15,19784.339701286914
NGO,F15,16,20409.025880006604
NGO,F15,17,20697.920440449478
NGO,F15,18,20585.615921694287
NGO,F15,19,19435.96257840983
NGO,F15,20,20661.1628949826
NGO,F15,21,5783.295562764285
NGO,F15,22,19256.655489819885
NGO,F15,23,20818.886299541307
NGO,F15,24,18002.90442162767
NGO,F15,25,21205.966642973697
NGO,F15,26,20182.24667655727
NGO,F15,27,18908.19261074384
NGO,F15,28,11704.173196293275
NGO,F15,29,20429.426723554414
NGO,F15,30,4920.0957659128535
NGO,F16,1,3642.9723734859977
NGO,F16,2,2869.3954559094536
NGO,F16,3,3095.831250330129
NGO,F16,4,3460.510793496639
NGO,F16,5,3586.587035951844
NGO,F16,6,3509.695110803989
NGO,F16,7,3656.287720320083
NGO,F16,8,3394.6131748034286
NGO,F16,9,3572.025244352325
NGO,F16,10,3799.655887391815
NGO,F16,11,3608.0297272499156
NGO,F16,12,3793.6782653392315
NGO,F16,13,3515.833784916959
NGO,F16,14,3596.2062092803512
NGO,F16,15,3357.802271529529
NGO,F16,16,3834.303780468589
NGO,F16,17,3093.6368731403822
NGO,F16,18,3024.398336969721
NGO,F16,19,3847.2862169562054
NGO,F16,20,2953.8724174016124
NGO,F16,21,3554.8451568704004
NGO,F16,22,3850.2584762649312
NGO,F16,23,3952.6231052423946
NGO,F16,24,3659.9941434009506
NGO,F16,25,2739.1447762385915
NGO,F16,26,4011.281682157453
NGO,F16,27,3066.62170480984
NGO,F16,28,3543.890621644668
NGO,F16,29,3303.265430681887
NGO,F16,30,3465.5121180647993
NGO,F17,1,2602.935966654781
NGO,F17,2,3555.482390766602
NGO,F17,3,3110.352498151816
NGO,F17,4,3032.7888906276485
NGO,F17,5,2944.631387662598
NGO,F17,6,3134.5374992442994
NGO,F17,7,3252.0846872474353
NGO,F17,8,3518.2611161118175
NGO,F17,9,3130.4556333346327
NGO,F17,10,3047.9909787964116
NGO,F17,11,3112.9470561853323
NGO,F17,12,2892.4765226581344
NGO,F17,13,3082.7754175080036
NGO,F17,14,2915.016411124746
NGO,F17,15,2969.0008055317585
NGO,F17,16,3392.1127405713437
NGO,F17,17,3107.4206113208984
NGO,F17,18,3021.9820475556035
NGO,F17,19,2991.70075144954
NGO,F17,20,2937.0773154456056
NGO,F17,21,2900.7704411810128
NGO,F17,22,3328.7232511510774
NGO,F17,23,3280.2071532912705
NGO,F17,24,3230.800958933478
NGO,F17,25,2752.580013995739
NGO,F17,26,3027.5862679263037
NGO,F17,27,3071.629572126133
NGO,F17,28,2989.217398668987
NGO,F17,29,3171.4917832979154
NGO,F17,30,3205.066128355327
NGO,F18,1,750040.6455288412
NGO,F18,2,1532060.830187158
NGO,F18,3,1809665.2628115835
NGO,F18,4,1417396.055330825
NGO,F18,5,4278793.952391034
NGO,F18,6,247901.2992752588
NGO,F18,7,1870798.88467763
NGO,F18,8,1830470.0037419673
NGO,F18,9,425374.2314585057
NGO,F18,10,1535809.351976149
NGO,F18,11,470892.98314120586
NGO,F18,12,4471605.112451514
NGO,F18,13,1307158.4542311865
NGO,F18,14,2376106.4665031815
NGO,F18,15,540529.6761562579
NGO,F18,16,1859026.5513417765
NGO,F18,17,2623148.496641785
NGO,F18,18,874251.1098954856
NGO,F18,19,433757.5944242636
NGO,F18,20,700240.3036186512
NGO,F18,21,514874.55329735443
NGO,F18,22,795290.6827213276
NGO,F18,23,498775.2674260023
NGO,F18,24,3937764.7017807723
NGO,F18,25,1323645.631928124
NGO,F18,26,3070836.300853185
NGO,F18,27,1053711.7645108895
NGO,F18,28,2173867.328104348
NGO,F18,29,1138297.3060285335
NGO,F18,30,2240410.4514043317
NGO,F19,1,30745.19932955862
NGO,F19,2,20132.15988352405
NGO,F19,3,13375.850949489814
NGO,F19,4,35104.36725830085
NGO,F19,5,17745.418667975602
NGO,F19,6,32256.648641579737
NGO,F19,7,29534.067458487538
NGO,F19,8,22305.75623844458
NGO,F19,9,17696.810225035537
NGO,F19,10,12201.649744526614
NGO,F19,11,19969.750631729028
NGO,F19,12,43149.24474501065
NGO,F19,13,16402.221532618434
NGO,F19,14,21728.97556094758
NGO,F19,15,27528.377769180242
NGO,F19,16,13409.688300709651
NGO,F19,17,23100.396258876306
NGO,F19,18,16157.875864376287
NGO,F19,19,20243.097237349535
NGO,F19,20,13794.78809522137
NGO,F19,21,20578.230316270867
NGO,F19,22,11532.067594574806
NGO,F19,23,24871.16730690371
NGO,F19,24,31557.270651883176
NGO,F19,25,31462.87053052495
NGO,F19,26,21534.715056473033
NGO,F19,27,15008.934519702909
NGO,F19,28,15813.15102506413
NGO,F19,29,10551.295035893965
NGO,F19,30,20730.278757959135
NGO,F20,1,2913.0383425408268
NGO,F20,2,3128.0505251536224
NGO,F20,3,3039.247496065848
NGO,F20,4,3089.369902245616
NGO,F20,5,2912.0087042024625
NGO,F20,6,2709.901967868176
NGO,F20,7,3016.0263911959682
NGO,F20,8,2949.2960592146333
NGO,F20,9,3536.379020275654
NGO,F20,10,3078.1032033343354
NGO,F20,11,2913.727005918129
NGO,F20,12,3242.684507086217
NGO,F20,13,3155.540806131273
NGO,F20,14,3035.254380426797
NGO,F20,15,3096.8647936585608
NGO,F20,16,3171.2634405070207
NGO,F20,17,3018.935550564125
NGO,F20,18,3403.43101346595
NGO,F20,19,3289.1391498058515
NGO,F20,20,2786.9284538569486
NGO,F20,21,3124.3280829927467
NGO,F20,22,3078.657802544406
NGO,F20,23,3075.6548216502297
NGO,F20,24,3128.0098457693375
NGO,F20,25,2855.7497752358368
NGO,F20,26,3006.492400088266
NGO,F20,27,3086.0954914300196
NGO,F20,28,2881.005602654034
NGO,F20,29,2872.1255936179314
NGO,F20,30,3193.7150563915675
NGO,F21,1,2687.8945627447943
NGO,F21,2,2652.6475842024424
NGO,F21,3,2706.9525139468337
NGO,F21,4,2670.807852097507
NGO,F21,5,2616.3469804691895
NGO,F21,6,2674.2067682150937
NGO,F21,7,2646.7205075281827
NGO,F21,8,2622.3758066133687
NGO,F21,9,2629.4419602371477
NGO,F21,10,2689.479648048719
NGO,F21,11,2683.646235894032
NGO,F21,12,2650.5554470428146
NGO,F21,13,2737.496999175698
NGO,F21,14,2671.6855390118694
NGO,F21,15,2681.8873977788303
NGO,F21,16,2651.403987973872
NGO,F21,17,2680.924284755062
NGO,F21,18,2666.2894391417517
NGO,F21,19,2705.4853849956557
NGO,F21,20,2715.959738252299
NGO,F21,21,2664.292027119378
NGO,F21,22,2657.9155809968897
NGO,F21,23,2650.4898632301424
NGO,F21,24,2665.550212461298
NGO,F21,25,2712.0924047819058
NGO,F21,26,2640.1987956044613
NGO,F21,27,2678.363220264021
NGO,F21,28,2643.1288775628277
NGO,F21,29,2660.679666557244
NGO,F21,30,2666.7306961995337
NGO,F22,1,2889.6561193689677
NGO,F22,2,12474.255935897187
NGO,F22,3,11860.02293105653
NGO,F22,4,11857.938943631638
NGO,F22,5,11624.552495762338
NGO,F22,6,11522.012380731057
NGO,F22,7,11343.910590261507
NGO,F22,8,12103.468513697275
NGO,F22,9,12102.04495944259
NGO,F22,10,12249.737244240052
NGO,F22,11,11823.529405897752
NGO,F22,12,11676.77433764013
NGO,F22,13,12392.17963744065
NGO,F22,14,12710.165300342429
NGO,F22,15,11906.584740141005
NGO,F22,16,11235.620011493262
NGO,F22,17,12335.128593890951
NGO,F22,18,3095.698607805434
NGO,F22,19,11590.43696472541
NGO,F22,20,3017.8076574900488
NGO,F22,21,11883.148059970887
NGO,F22,22,11253.992151356582
NGO,F22,23,12497.741805344376
NGO,F22,24,2788.01283683328
NGO,F22,25,11700.992569456272
NGO,F22,26,11841.138024169859
NGO,F22,27,3953.184639547207
NGO,F22,28,2850.3240056724817
NGO,F22,29,3405.1931032392117
NGO,F22,30,5096.365420468301
NGO,F23,1,3067.1379108009314
NGO,F23,2,3119.003291469624
NGO,F23,3,3075.14183425797
NGO,F23,4,3185.9982130685366
NGO,F23,5,3056.5030123114657
NGO,F23,6,3102.8709419788893
NGO,F23,7,3145.81969930829
NGO,F23,8,3026.1262285680677
NGO,F23,9,3229.958547951169
NGO,F23,10,3123.988743383955
NGO,F23,11,3165.06429770765
NGO,F23,12,3081.1033293438113
NGO,F23,13,3067.523848135496
NGO,F23,14,3058.0073355731292
NGO,F23,15,3074.2282486805816
NGO,F23,16,3185.397821620304
NGO,F23,17,3142.5889941960313
NGO,F23,18,3186.338185466667
NGO,F23,19,3172.9354796968896
NGO,F23,20,3191.1979037006786
NGO,F23,21,3070.097154997287
NGO,F23,22,3031.595170119929
NGO,F23,23,3158.1325050726455
NGO,F23,24,3198.2509587766717
NGO,F23,25,3109.6215043969887
NGO,F23,26,3223.659667110026
NGO,F23,27,3185.5420750753456
NGO,F23,28,3114.7452811935245
NGO,F23,29,3096.067861712205
NGO,F23,30,3252.070998812791
NGO,F24,1,3302.5960129786076
NGO,F24,2,3301.032191761249
NGO,F24,3,3342.724038041968
NGO,F24,4,3292.1383605903766
NGO,F24,5,3271.810627550007
NGO,F24,6,3297.347618566443
NGO,F24,7,3387.642107598294
NGO,F24,8,3291.760507690827
NGO,F24,9,3296.7637260943693
NGO,F24,10,3297.4662058711665
NGO,F24,11,3313.4819846423425
NGO,F24,12,3315.901044538441
NGO,F24,13,3255.2497051214045
NGO,F24,14,3311.37812593226
NGO,F24,15,3248.4319404128837
NGO,F24,16,3286.120302841102
NGO,F24,17,3312.00928198978
NGO,F24,18,3229.7934772660788
NGO,F24,19,3285.706049098771
NGO,F24,20,3277.2160467613767
NGO,F24,21,3365.255678059927
NGO,F24,22,3228.0296562406866
NGO,F24,23,3250.7995929045187
NGO,F24,24,3181.440098513051
NGO,F24,25,3380.587127495036
NGO,F24,26,3276.595859214127
NGO,F24,27,3274.3366653226285
NGO,F24,28,3300.501694555594
NGO,F24,29,3337.6799309144717
NGO,F24,30,3253.66073903127
NGO,F25,1,3559.243871973295
NGO,F25,2,4504.863874520997
NGO,F25,3,3644.039722423679
NGO,F25,4,3648.732581854023
NGO,F25,5,3792.216855423526
NGO,F25,6,3636.25135357409
NGO,F25,7,3779.196882599562
NGO,F25,8,3764.5828912976517
NGO,F25,9,3527.807623598186
NGO,F25,10,3706.141749270436
NGO,F25,11,3685.8912516411765
NGO,F25,12,3549.268420198714
NGO,F25,13,3583.598626324354
NGO,F25,14,4043.9397808995495
NGO,F25,15,4104.692601413134
NGO,F25,16,3505.3981809071483
NGO,F25,17,3966.028095708054
NGO,F25,18,3717.0207360361665
NGO,F25,19,3544.5718650520594
NGO,F25,20,3508.5685996298666
NGO,F25,21,3783.2796245205163
NGO,F25,22,3358.0435278043115
NGO,F25,23,3634.6478101093544
NGO,F25,24,3660.8811352844705
NGO,F25,25,3664.253624088048
NGO,F25,26,3660.3548894664873
NGO,F25,27,3520.5201569776336
NGO,F25,28,3586.634757912067
NGO,F25,29,3613.5921189373703
NGO,F25,30,3626.8210555953674
NGO,F26,1,9302.901987769825
NGO,F26,2,12211.147358743176
NGO,F26,3,10393.528205536793
NGO,F26,4,9792.337406295905
NGO,F26,5,5110.202480728876
NGO,F26,6,11407.576097483063
NGO,F26,7,8028.365809797073
NGO,F26,8,7650.188757945252
NGO,F26,9,7295.14317586192
NGO,F26,10,11707.866312563228
NGO,F26,11,9550.174568847253
NGO,F26,12,9779.369693175295
NGO,F26,13,9612.501436431066
NGO,F26,14,10500.89273229571
NGO,F26,15,10034.679171370088
NGO,F26,16,10853.572591955133
NGO,F26,17,10176.774971061437
NGO,F26,18,11364.140937090997
NGO,F26,19,11550.978720246181
NGO,F26,20,9956.858956404456
NGO,F26,21,10067.172053568938
NGO,F26,22,10417.633588805304
NGO,F26,23,11208.754282484093
NGO,F26,24,8280.534020633597
NGO,F26,25,11608.220267171984
NGO,F26,26,10300.111744015208
NGO,F26,27,11684.673730061328
NGO,F26,28,10419.44968542336
NGO,F26,29,5710.679546661816
NGO,F26,30,7896.75515035922
NGO,F27,1,3580.610020198197
NGO,F27,2,3513.5106328059483
NGO,F27,3,3557.621808837769
NGO,F27,4,3561.6554651009983
NGO,F27,5,3563.3907811003724
NGO,F27,6,3406.889842335153
NGO,F27,7,3605.1408369898454
NGO,F27,8,3364.9598070538113
NGO,F27,9,3563.5474476841887
NGO,F27,10,3492.801584478135
NGO,F27,11,3553.0136248798517
NGO,F27,12,3402.3675089198177
NGO,F27,13,3544.0645685380596
NGO,F27,14,3658.4672100340395
NGO,F27,15,3536.694456314757
NGO,F27,16,3474.6607825546303
NGO,F27,17,3583.7517498017687
NGO,F27,18,3496.9660043304593
NGO,F27,19,3398.9304554310647
NGO,F27,20,3498.438256631466
NGO,F27,21,3483.619687749534
NGO,F27,22,3437.2140764518617
NGO,F27,23,3515.119766462291
NGO,F27,24,3478.5687683009824
NGO,F27,25,3440.5499346743186
NGO,F27,26,3461.518980797614
NGO,F27,27,3482.8732745573398
NGO,F27,28,3426.0176761540797
NGO,F27,29,3431.684785888103
NGO,F27,30,3405.588210743015
NGO,F28,1,4424.003265396951
NGO,F28,2,4283.274268804602
NGO,F28,3,4282.081283287358
NGO,F28,4,4790.102666144354
NGO,F28,5,4015.0751500366573
NGO,F28,6,4011.9779204349343
NGO,F28,7,4301.656196277047
NGO,F28,8,4416.407346612211
NGO,F28,9,4596.60402641748
NGO,F28,10,4051.2737055725383
NGO,F28,11,4653.5753674194475
NGO,F28,12,4235.87698466726
NGO,F28,13,4499.175280998605
NGO,F28,14,4007.335258394016
NGO,F28,15,4570.062303138657
NGO,F28,16,4333.342197926815
NGO,F28,17,4076.0457608138195
NGO,F28,18,3928.1537883639276
NGO,F28,19,4160.92460562878
NGO,F28,20,4411.282188334846
NGO,F28,21,4348.725014279911
NGO,F28,22,4316.112453424054
NGO,F28,23,4182.816657873354
NGO,F28,24,4416.801338415116
NGO,F28,25,4160.917387912276
NGO,F28,26,4137.5006753551515
NGO,F28,27,4119.098279449603
NGO,F28,28,4573.6388299571345
NGO,F28,29,4369.962312847671
NGO,F28,30,5284.929704610486
NGO,F29,1,4929.785954138884
NGO,F29,2,5447.661177582649
NGO,F29,3,5028.793879847352
NGO,F29,4,4973.696994301352
NGO,F29,5,5095.132869516129
NGO,F29,6,5851.847436298484
NGO,F29,7,4923.456794163445
NGO,F29,8,5235.249471372013
NGO,F29,9,5460.333514622353
NGO,F29,10,4928.700813085055
NGO,F29,11,4968.553033816997
NGO,F29,12,4304.609411638481
NGO,F29,13,5712.300355053083
NGO,F29,14,4994.0065907005455
NGO,F29,15,5410.400164901924
NGO,F29,16,5238.559397537276
NGO,F29,17,5444.337420878814
NGO,F29,18,5159.680401144027
NGO,F29,19,5526.797895473606
NGO,F29,20,5009.522518763014
NGO,F29,21,5184.678676531545
NGO,F29,22,4687.879371107674
NGO,F29,23,5322.8826335672975
NGO,F29,24,5230.79921065147
NGO,F29,25,4777.021740424078
NGO,F29,26,5070.0366966965385
NGO,F29,27,5822.63646000915
NGO,F29,28,4800.818148126371
NGO,F29,29,4882.443840339514
NGO,F29,30,5255.357287844217
NGO,F30,1,3105827.885296002
NGO,F30,2,1610859.8223312497
NGO,F30,3,2017996.4364648783
NGO,F30,4,3335236.2322885348
NGO,F30,5,2478862.9864759366
NGO,F30,6,1652385.6222149997
NGO,F30,7,3420963.5627135406
NGO,F30,8,2927017.587468788
NGO,F30,9,3042161.1814203695
NGO,F30,10,3104825.3103995905
NGO,F30,11,3136441.756312701
NGO,F30,12,3473490.5857785903
NGO,F30,13,2105163.291484826
NGO,F30,14,1928634.4063712966
NGO,F30,15,1615649.5473526914
NGO,F30,16,2624659.3652135585
NGO,F30,17,3507059.4064370673
NGO,F30,18,2160017.641208344
NGO,F30,19,3385232.921637567
NGO,F30,20,5079052.206127406
NGO,F30,21,1475789.1331990021
NGO,F30,22,2100371.624492193
NGO,F30,23,6320356.995580227
NGO,F30,24,3021906.37748831
NGO,F30,25,2872607.387087278
NGO,F30,26,2022080.7412439191
NGO,F30,27,1868730.7459838479
NGO,F30,28,3499414.0521459174
NGO,F30,29,2247432.325763586
NGO,F30,30,2692184.959551829
OOA,F1,1,3446726352.6089454
OOA,F1,2,7626911797.897821
OOA,F1,3,4858193370.85024
OOA,F1,4,5387929022.320767
OOA,F1,5,667103841.8336284
OOA,F1,6,8114133069.651547
OOA,F1,7,3719616561.120599
OOA,F1,8,3839422429.202143
OOA,F1,9,5349003029.940448
OOA,F1,10,7046160249.610106
OOA,F1,11,5814645343.9233055
OOA,F1,12,4905738497.801548
OOA,F1,13,7381061132.605961
OOA,F1,14,6205219359.429744
OOA,F1,15,4609015737.94748
OOA,F1,16,152680628.5202475
OOA,F1,17,4306191467.715408
OOA,F1,18,8403040721.557052
OOA,F1,19,2280634128.440608
OOA,F1,20,7096049322.564881
OOA,F1,21,5672012154.694336
OOA,F1,22,5255164465.874289
OOA,F1,23,105116284.48781516
OOA,F1,24,3218728795.111042
OOA,F1,25,6657831114.984281
OOA,F1,26,4846628788.545289
OOA,F1,27,7313057032.93395
OOA,F1,28,6180053160.695864
OOA,F1,29,6531100372.873475
OOA,F1,30,7704705393.974386
OOA,F3,1,114992.67628274977
OOA,F3,2,160618.32883009085
OOA,F3,3,149673.83316698598
OOA,F3,4,167321.20426301885
OOA,F3,5,147902.446456544
OOA,F3,6,140352.06938584248
OOA,F3,7,153354.53462749097
OOA,F3,8,165452.92923345492
OOA,F3,9,161912.7802675973
OOA,F3,10,154813.80942932106
OOA,F3,11,172663.0265022676
OOA,F3,12,161202.45470138662
OOA,F3,13,170055.13812126537
OOA,F3,14,141004.05993197425
OOA,F3,15,157449.90572182363
OOA,F3,16,165925.3958241011
OOA,F3,17,126770.568265434
OOA,F3,18,167848.11136606944
OOA,F3,19,139790.48809902256
OOA,F3,20,175582.00230420285
OOA,F3,21,161944.42310907654
OOA,F3,22,153905.25911353124
OOA,F3,23,133840.29355257863
OOA,F3,24,155128.86005269163
OOA,F3,25,157112.16521611143
OOA,F3,26,132541.093629211
OOA,F3,27,133066.4902156428
OOA,F3,28,157606.91609330973
OOA,F3,29,165621.86699738682
OOA,F3,30,166840.20618690512
OOA,F4,1,1177.5976511070007
OOA,F4,2,854.3441760722603
OOA,F4,3,1287.8448905694613
OOA,F4,4,1318.5422835588067
OOA,F4,5,946.8308493899955
OOA,F4,6,1395.3284765284852
OOA,F4,7,1363.924805687493
OOA,F4,8,978.1857362246035
OOA,F4,9,1274.1989021774502
OOA,F4,10,1486.1740713569482
OOA,F4,11,977.9089801031062
OOA,F4,12,1068.0380563112865
OOA,F4,13,1523.3381094251704
OOA,F4,14,983.947353480277
OOA,F4,15,1302.7162489527968
OOA,F4,16,1350.2691315902407
OOA,F4,17,1156.712559377649
OOA,F4,18,1279.5823492620352
OOA,F4,19,1373.2482685764041
OOA,F4,20,1251.4755589002139
OOA,F4,21,1330.1175308176985
OOA,F4,22,1691.690384890132
OOA,F4,23,1117.9841104676839
OOA,F4,24,1058.265852424733
OOA,F4,25,1303.3331260989628
OOA,F4,26,1330.478964861289
OOA,F4,27,958.8932353433219
OOA,F4,28,1294.7571909276407
OOA,F4,29,995.561002929112
OOA,F4,30,1294.7537073150156
OOA,F5,1,952.2059394156213
OOA,F5,2,943.5283797557556
OOA,F5,3,817.4093017117912
OOA,F5,4,939.0608300590493
OOA,F5,5,953.2059662814395
OOA,F5,6,923.2191136745744
OOA,F5,7,918.3529043259329
OOA,F5,8,963.2806994110717
OOA,F5,9,951.5266099423122
OOA,F5,10,992.823935452911
OOA,F5,11,942.137353947383
OOA,F5,12,949.9161031306148
OOA,F5,13,925.6141308829361
OOA,F5,14,917.6132151821682
OOA,F5,15,927.9320089951074
OOA,F5,16,956.5510143824619
OOA,F5,17,889.2617202396248
OOA,F5,18,912.8853970037335
OOA,F5,19,916.9046427864973
OOA,F5,20,948.9712721637482
OOA,F5,21,944.672738771741
OOA,F5,22,967.172637783216
OOA,F5,23,949.2006081242799
OOA,F5,24,955.6746600418654
OOA,F5,25,963.1505249684824
OOA,F5,26,956.6388430696398
OOA,F5,27,939.3083694994391
OOA,F5,28,934.2986118796969
OOA,F5,29,939.4348142951687
OOA,F5,30,968.5283619787917
OOA,F6,1,629.2447855943435
OOA,F6,2,627.9354380857036
OOA,F6,3,620.447023874476
OOA,F6,4,627.023083900365
OOA,F6,5,621.1131680644668
OOA,F6,6,629.7051035740448
OOA,F6,7,629.9208318275585
OOA,F6,8,628.0711364050705
OOA,F6,9,626.8278599777342
OOA,F6,10,629.3835717207355
OOA,F6,11,625.2357461904676
OOA,F6,12,626.2242279702441
OOA,F6,13,621.2921667628698
OOA,F6,14,616.3989386663626
OOA,F6,15,626.9789006102117
OOA,F6,16,632.1758346956896
OOA,F6,17,630.4784293040051
OOA,F6,18,631.5332244930283
OOA,F6,19,621.2924049738208
OOA,F6,20,625.2512169863721
OOA,F6,21,628.6828473372062
OOA,F6,22,622.2188165622971
OOA,F6,23,623.4425624696063
OOA,F6,24,619.3510175530555
OOA,F6,25,625.5889907886715
OOA,F6,26,630.4422256011935
OOA,F6,27,630.2629710372224
OOA,F6,28,629.092920281917
OOA,F6,29,629.1057644773482
OOA,F6,30,632.9333775669508
OOA,F7,1,1600.1626377272373
OOA,F7,2,1397.2982514458583
OOA,F7,3,1308.631013479166
OOA,F7,4,1303.8275313555805
OOA,F7,5,1178.5621842998257
OOA,F7,6,1347.4580477010159
OOA,F7,7,1324.6828089099135
OOA,F7,8,1357.425575470464
OOA,F7,9,1336.9768185588966
OOA,F7,10,1259.855718265289
OOA,F7,11,1343.9356862117038
OOA,F7,12,1343.7003092181753
OOA,F7,13,1297.4622017553522
OOA,F7,14,1272.1189510134416
OOA,F7,15,1399.4764666467568
OOA,F7,16,1328.9452786989991
OOA,F7,17,1288.7484458664508
OOA,F7,18,1357.7223462723875
OOA,F7,19,1304.3269151098687
OOA,F7,20,1362.124255115969
OOA,F7,21,1312.1649074413963
OOA,F7,22,1347.9190924596655
OOA,F7,23,1352.633642557172
OOA,F7,24,1210.516431117669
OOA,F7,25,1293.9455014024993
OOA,F7,26,1434.979250262802
OOA,F7,27,1386.8432845953498
OOA,F7,28,1309.5793382896568
OOA,F7,29,1256.4597961645827
OOA,F7,30,1363.3007069273142
OOA,F8,1,1240.1430076012416
OOA,F8,2,1237.0277398137932
OOA,F8,3,1227.111295225801
OOA,F8,4,1229.7871350524674
OOA,F8,5,1230.8318280816964
OOA,F8,6,1227.0940729452377
OOA,F8,7,1228.4591609817621
OOA,F8,8,1209.875182024276
OOA,F8,9,1234.2614436472738
OOA,F8,10,1243.5127411716503
OOA,F8,11,1219.7922893916414
OOA,F8,12,1235.201320282382
OOA,F8,13,1234.2334145782165
OOA,F8,14,1246.5718200244771
OOA,F8,15,1224.1953496482793
OOA,F8,16,1257.297046398366
OOA,F8,17,1242.5044119145925
OOA,F8,18,1237.7667042323346
OOA,F8,19,1234.5860910661465
OOA,F8,20,1242.640559100666
OOA,F8,21,1211.9745951640032
OOA,F8,22,1245.824595567508
OOA,F8,23,1224.093145012117
OOA,F8,24,1210.4118052168
OOA,F8,25,1255.9135610864114
OOA,F8,26,1244.879967258682
OOA,F8,27,1231.489947207887
OOA,F8,28,1238.664197618465
OOA,F8,29,1246.2164653391287
OOA,F8,30,1276.6618534579172
OOA,F9,1,4597.941911458659
OOA,F9,2,4493.343863427339
OOA,F9,3,4585.029950327107
OOA,F9,4,4523.228394823453
OOA,F9,5,3446.617440264087
OOA,F9,6,4480.744064407891
OOA,F9,7,5925.978739981528
OOA,F9,8,5027.069366668542
OOA,F9,9,4111.531986215905
OOA,F9,10,4390.891315066844
OOA,F9,11,3909.582375137947
OOA,F9,12,4514.932511508402
OOA,F9,13,5771.227079841763
OOA,F9,14,4615.291590746412
OOA,F9,15,5532.190744574951
OOA,F9,16,4111.525286409117
OOA,F9,17,3570.2575452308015
OOA,F9,18,5499.608065638303
OOA,F9,19,3704.3660740991227
OOA,F9,20,4841.495526536704
OOA,F9,21,4078.1464799928963
OOA,F9,22,4006.953682628402
OOA,F9,23,3806.569906939836
OOA,F9,24,4432.605640725062
OOA,F9,25,5271.725499329185
OOA,F9,26,4285.03350350379
OOA,F9,27,4954.4413753538265
OOA,F9,28,4157.347598471046
OOA,F9,29,2904.9838100544457
OOA,F9,30,4814.834042850254
OOA,F10,1,11160.328827856032
OOA,F10,2,13173.432042456701
OOA,F10,3,14397.505057372891
OOA,F10,4,10033.565462279777
OOA,F10,5,14610.325734730768
OOA,F10,6,13820.442887098925
OOA,F10,7,11050.837204828194
OOA,F10,8,14666.919733457573
OOA,F10,9,12835.111460554892
OOA,F10,10,10688.703732460282
OOA,F10,11,12576.174528875114
OOA,F10,12,12171.508476266989
OOA,F10,13,14240.095211201893
OOA,F10,14,13649.439377459747
OOA,F10,15,13842.798799322038
OOA,F10,16,13679.521354545896
OOA,F10,17,12788.750718763185
OOA,F10,18,15032.476675867949
OOA,F10,19,14213.693153990358
OOA,F10,20,13107.78147830336
OOA,F10,21,14149.397476926822
OOA,F10,22,11686.969120875658
OOA,F10,23,14713.005735669061
OOA,F10,24,11860.488302062606
OOA,F10,25,12683.875179217088
OOA,F10,26,15078.680752456363
OOA,F10,27,12802.516563100193
OOA,F10,28,14567.46723041682
OOA,F10,29,14122.46843278169
OOA,F10,30,14253.608050663326
OOA,F11,1,15296.069887705858
OOA,F11,2,11860.97625190305
OOA,F11,3,10067.740041828258
OOA,F11,4,12455.525857939754
OOA,F11,5,13823.425136542792
OOA,F11,6,13725.571558739026
OOA,F11,7,10896.358186877162
OOA,F11,8,11716.917568058616
OOA,F11,9,11859.598805403584
OOA,F11,10,9691.209331345295
OOA,F11,11,10151.246934096984
OOA,F11,12,12666.299523217327
OOA,F11,13,13095.998263916528
OOA,F11,14,7506.630085801471
OOA,F11,15,14420.155473117762
OOA,F11,16,16050.218627173437
OOA,F11,17,11838.104385367113
OOA,F11,18,12203.213125602206
OOA,F11,19,14283.999106796453
OOA,F11,20,11192.335548738083
OOA,F11,21,13840.861681565404
OOA,F11,22,13607.215905889161
OOA,F11,23,10803.030016548539
OOA,F11,24,14465.770863497226
OOA,F11,25,8345.726531126309
OOA,F11,26,11066.796973838716
OOA,F11,27,9080.499758178452
OOA,F11,28,12039.37184035931
OOA,F11,29,7880.6908648804865
OOA,F11,30,11724.420201471048
OOA,F12,1,95318908.14418015
OOA,F12,2,68842838.93344761
OOA,F12,3,66736993.605339676
OOA,F12,4,506375421.67961186
OOA,F12,5,28362833.169215128
OOA,F12,6,31970098.71750886
OOA,F12,7,71874585.78375623
OOA,F12,8,82395643.41499446
OOA,F12,9,457831637.89775276
OOA,F12,10,158351614.2314751
OOA,F12,11,102727735.55600959
OOA,F12,12,71740988.09639886
OOA,F12,13,74462694.93697426
OOA,F12,14,85394265.35857555
OOA,F12,15,110015342.04351899
OOA,F12,16,57726256.92638183
OOA,F12,17,554559961.588169
OOA,F12,18,289866969.73678493
OOA,F12,19,8307026.520159433
OOA,F12,20,112235377.55408101
OOA,F12,21,42450748.45154511
OOA,F12,22,25137366.16801107
OOA,F12,23,21395067.237454455
OOA,F12,24,63355217.261600345
OOA,F12,25,206519117.9365108
OOA,F12,26,11676861.84136707
OOA,F12,27,87550449.48500949
OOA,F12,28,264534284.66189337
OOA,F12,29,13532918.049699133
OOA,F12,30,152687374.67843992
OOA,F13,1,6302.211581153262
OOA,F13,2,11097.66493478082
OOA,F13,3,6503.288182274387
OOA,F13,4,10224.479955507548
OOA,F13,5,6639.628938245963
OOA,F13,6,6242.685575207857
OOA,F13,7,7235.511545655606
OOA,F13,8,11171.518248236021
OOA,F13,9,6650.931739608707
OOA,F13,10,6506.868530748123
OOA,F13,11,5696.95302050782
OOA,F13,12,10745.242343656437
OOA,F13,13,7676.430832055259
OOA,F13,14,12861.051955894745
OOA,F13,15,8868.881716941461
OOA,F13,16,8730.115179327882
OOA,F13,17,9702.057938326989
OOA,F13,18,10090.895834213352
OOA,F13,19,5348.18239583352
OOA,F13,20,9179.779031106435
OOA,F13,21,18045.597340377255
OOA,F13,22,6594.184846751847
OOA,F13,23,4511.274646705252
OOA,F13,24,4254.965614049746
OOA,F13,25,6765.423966902851
OOA,F13,26,8443.69355989515
OOA,F13,27,5698.855016550298
OOA,F13,28,8193.211486241125
OOA,F13,29,5503.643105219098
OOA,F13,30,3708.9145305736192
OOA,F14,1,342920.5391423647
OOA,F14,2,1016620.0566429655
OOA,F14,3,540460.1702187087
OOA,F14,4,669173.4289224591
OOA,F14,5,864141.1439897062
OOA,F14,6,611688.0436934016
OOA,F14,7,742973.5856494581
OOA,F14,8,1365525.3271763867
OOA,F14,9,633155.1959925558
OOA,F14,10,658252.2467507477
OOA,F14,11,1622270.4847118456
OOA,F14,12,1461304.4886470514
OOA,F14,13,1357434.1738035681
OOA,F14,14,245732.38616976122
OOA,F14,15,599687.2133903266
OOA,F14,16,531394.5809019444
OOA,F14,17,2880722.061453343
OOA,F14,18,1374058.3082187488
OOA,F14,19,289773.48040621943
OOA,F14,20,279607.51267143275
OOA,F14,21,600927.6966563914
OOA,F14,22,893885.2191874114
OOA,F14,23,1288234.1174984267
OOA,F14,24,1683054.6116386931
OOA,F14,25,885072.6122858289
OOA,F14,26,1721063.4372598117
OOA,F14,27,622930.8855985345
OOA,F14,28,448387.8134923641
OOA,F14,29,441964.912747558
OOA,F14,30,676027.9257959513
OOA,F15,1,3205.512235831311
OOA,F15,2,6403.476783137842
OOA,F15,3,6101.4774842849365
OOA,F15,4,5106.85864481422
OOA,F15,5,11343.145075538083
OOA,F15,6,10820.903707764028
OOA,F15,7,10213.127241451273
OOA,F15,8,4664.545986627864
OOA,F15,9,8259.442515168332
OOA,F15,10,11220.234874763117
OOA,F15,11,10794.794457606286
OOA,F15,12,9995.2429561254
OOA,F15,13,4364.735902288901
OOA,F15,14,14797.392292479539
OOA,F15,15,15477.5343481096
OOA,F15,16,4076.8035805132436
OOA,F15,17,15706.876441699183
OOA,F15,18,7715.216816667303
OOA,F15,19,8519.42441692269
OOA,F15,20,12641.734298921376
OOA,F15,21,15250.866933031124
OOA,F15,22,12364.477266143504
OOA,F15,23,8976.359901562271
OOA,F15,24,2656.232477165639
OOA,F15,25,5616.802956118716
OOA,F15,26,13717.272129181058
OOA,F15,27,14006.710996205282
OOA,F15,28,17977.452735746847
OOA,F15,29,14265.414221506691
OOA,F15,30,2556.2361445213223
OOA,F16,1,5373.096423985076
OOA,F16,2,5078.412157202946
OOA,F16,3,4997.392349175756
OOA,F16,4,4446.196693855237
OOA,F16,5,5274.505546966253
OOA,F16,6,4269.415148119189
OOA,F16,7,5088.128419072506
OOA,F16,8,4689.240308377957
OOA,F16,9,5271.07471376869
OOA,F16,10,4788.02377636824
OOA,F16,11,4927.547337726151
OOA,F16,12,4610.971705610235
OOA,F16,13,4319.238940265963
OOA,F16,14,4795.240319802209
OOA,F16,15,5150.504003990076
OOA,F16,16,5023.898166508763
OOA,F16,17,5027.723308132949
OOA,F16,18,5090.255382600314
OOA,F16,19,5092.416181235859
OOA,F16,20,5093.519472966367
OOA,F16,21,4617.272461099632
OOA,F16,22,5074.546647460691
OOA,F16,23,5353.110439819531
OOA,F16,24,5394.488933925798
OOA,F16,25,5038.832623482038
OOA,F16,26,4924.195600483476
OOA,F16,27,5107.393146499208
OOA,F16,28,4697.549847637783
OOA,F16,29,5070.609101420596
OOA,F16,30,5027.461811314102
OOA,F17,1,4193.201730387394
OOA,F17,2,3928.709080943054
OOA,F17,3,4159.929600963349
OOA,F17,4,4022.7823923651476
OOA,F17,5,4135.737108167515
OOA,F17,6,3963.847821553126
OOA,F17,7,3823.593534988187
OOA,F17,8,4176.888640215233
OOA,F17,9,4004.0312099629346
OOA,F17,10,3881.2933239544204
OOA,F17,11,4248.467074653505
OOA,F17,12,4143.044305692516
OOA,F17,13,4053.5035090282945
OOA,F17,14,4032.077215864689
OOA,F17,15,3869.3364348097316
OOA,F17,16,3649.2178273404625
OOA,F17,17,3858.504856593186
OOA,F17,18,4183.312850828908
OOA,F17,19,3605.712346657945
OOA,F17,20,3645.452278229681
OOA,F17,21,3716.6138170330623
OOA,F17,22,3922.861245264638
OOA,F17,23,4225.024344640349
OOA,F17,24,3828.8960153606317
OOA,F17,25,3863.4213688218742
OOA,F17,26,4006.2865335699053
OOA,F17,27,4063.2118762198993
OOA,F17,28,3534.296296364387
OOA,F17,29,4096.1560975808015
OOA,F17,30,4021.043595011023
OOA,F18,1,11425912.6457717
OOA,F18,2,7922095.544680047
OOA,F18,3,5627503.018724411
OOA,F18,4,6828004.381942336
OOA,F18,5,8240471.286462987
OOA,F18,6,6050219.45683853
OOA,F18,7,10063843.24049872
OOA,F18,8,10759606.719225472
OOA,F18,9,6166428.925056519
OOA,F18,10,16308405.146453824
OOA,F18,11,8070205.576168468
OOA,F18,12,7025414.780893708
OOA,F18,13,12175465.519003995
OOA,F18,14,3447850.2596649965
OOA,F18,15,10804371.045852738
OOA,F18,16,8679649.86105904
OOA,F18,17,6877496.451471756
OOA,F18,18,7573879.120063186
OOA,F18,19,8301998.784610774
OOA,F18,20,8673646.817958562
OOA,F18,21,5476160.198111084
OOA,F18,22,3681473.135283234
OOA,F18,23,9245604.987030454
OOA,F18,24,5625825.744601914
OOA,F18,25,6699752.454867659
OOA,F18,26,12483943.476521855
OOA,F18,27,7417856.015337547
OOA,F18,28,7990844.201454968
OOA,F18,29,4204332.922565042
OOA,F18,30,9287069.589097772
OOA,F19,1,7000.943260778248
OOA,F19,2,15329.903830445906
OOA,F19,3,4215.240776162755
OOA,F19,4,16375.305517942355
OOA,F19,5,23308.218984074134
OOA,F19,6,9617.818153653545
OOA,F19,7,11166.594071116022
OOA,F19,8,27833.028756162585
OOA,F19,9,15964.392282729093
OOA,F19,10,14265.326379999686
OOA,F19,11,28222.707100455493
OOA,F19,12,28091.259826213896
OOA,F19,13,24111.605306258098
OOA,F19,14,20496.116650658965
OOA,F19,15,16377.24800048231
OOA,F19,16,15936.342934038537
OOA,F19,17,19194.23502310584
OOA,F19,18,6739.702498735301
OOA,F19,19,6183.657050991372
OOA,F19,20,11120.705547805623
OOA,F19,21,2232.890228731747
OOA,F19,22,14506.631875286286
OOA,F19,23,20964.421733095038
OOA,F19,24,10982.684622165661
OOA,F19,25,6404.953041231094
OOA,F19,26,11865.318871868158
OOA,F19,27,11270.887370718667
OOA,F19,28,11335.473594508157
OOA,F19,29,12999.520481391106
OOA,F19,30,8275.211079427605
OOA,F20,1,3581.5681580135115
OOA,F20,2,3143.242711414144
OOA,F20,3,2937.3550323041673
OOA,F20,4,3694.3800446901478
OOA,F20,5,2969.7663145212728
OOA,F20,6,3142.3968707483914
OOA,F20,7,3495.27777387025
OOA,F20,8,3579.2906145695706
OOA,F20,9,3929.3451471345074
OOA,F20,10,4059.347069233064
OOA,F20,11,3743.5590258966777
OOA,F20,12,4279.306348904145
OOA,F20,13,3871.9211160797527
OOA,F20,14,4068.7904604866562
OOA,F20,15,2976.3597162278343
OOA,F20,16,2636.9848953111195
OOA,F20,17,3897.15822109584
OOA,F20,18,3665.9183299865836
OOA,F20,19,3130.7832936886407
OOA,F20,20,3909.5332859843147
OOA,F20,21,3907.5506607862644
OOA,F20,22,3113.6235546775574
OOA,F20,23,4096.659080079444
OOA,F20,24,3171.2615921310226
OOA,F20,25,3953.1820700895705
OOA,F20,26,2991.2977731707706
OOA,F20,27,3986.987358457126
OOA,F20,28,3866.728818743848
OOA,F20,29,3306.2049886313316
OOA,F20,30,2998.487294508117
OOA,F21,1,2709.7596023236665
OOA,F21,2,2751.2586066114923
OOA,F21,3,2704.992525253444
OOA,F21,4,2724.288484466885
OOA,F21,5,2713.589531939349
OOA,F21,6,2688.4209591120557
OOA,F21,7,2717.6263120351196
OOA,F21,8,2719.901634962304
OOA,F21,9,2708.2231841139533
OOA,F21,10,2739.3822697556266
OOA,F21,11,2699.595577854092
OOA,F21,12,2712.1681122482364
OOA,F21,13,2691.7292477919345
OOA,F21,14,2719.7621728630415
OOA,F21,15,2701.343875260005
OOA,F21,16,2690.388750295549
OOA,F21,17,2693.8254300597537
OOA,F21,18,2678.9462411440004
OOA,F21,19,2717.2202233150274
OOA,F21,20,2740.0268745666212
OOA,F21,21,2715.2301151053653
OOA,F21,22,2736.056709273282
OOA,F21,23,2689.879156144335
OOA,F21,24,2702.3952967763726
OOA,F21,25,2713.0520946963543
OOA,F21,26,2724.0064768519464
OOA,F21,27,2748.9667811670793
OOA,F21,28,2726.146717839011
OOA,F21,29,2721.2944799801
OOA,F21,30,2726.1611990451383
OOA,F22,1,3050.873922542737
OOA,F22,2,3273.851014760447
OOA,F22,3,3033.9478102234084
OOA,F22,4,3025.3955376614535
OOA,F22,5,2646.0965205006614
OOA,F22,6,3013.277162919383
OOA,F22,7,3514.6477332859827
OOA,F22,8,3145.051912801905
OOA,F22,9,3116.5775932029755
OOA,F22,10,2943.3417369841445
OOA,F22,11,3022.6652748568295
OOA,F22,12,3239.6388037766005
OOA,F22,13,3045.840375980558
OOA,F22,14,3243.726217596724
OOA,F22,15,2790.5421436335846
OOA,F22,16,2750.381610489521
OOA,F22,17,3188.0358451627726
OOA,F22,18,3286.9354621528
OOA,F22,19,2715.003445038612
OOA,F22,20,2749.4002915534693
OOA,F22,21,2834.997451955704
OOA,F22,22,2359.5432749469037
OOA,F22,23,2755.271548968786
OOA,F22,24,2655.196931001842
OOA,F22,25,3509.0613645551057
OOA,F22,26,2366.4740474600367
OOA,F22,27,2982.3224747907525
OOA,F22,28,3353.335233457041
OOA,F22,29,2342.1196992777436
OOA,F22,30,3551.8490009381994
OOA,F23,1,3136.28866526213
OOA,F23,2,3170.8125323169024
OOA,F23,3,3153.7466286014587
OOA,F23,4,3182.771410073915
OOA,F23,5,3146.2889826420255
OOA,F23,6,3174.880898596435
OOA,F23,7,3189.945603467374
OOA,F23,8,3163.332879908135
OOA,F23,9,3131.869889853196
OOA,F23,10,3167.115965826493
OOA,F23,11,3170.5742784405275
OOA,F23,12,3173.1177386017916
OOA,F23,13,3163.3529233564122
OOA,F23,14,3162.1683396090602
OOA,F23,15,3169.149267712211
OOA,F23,16,3146.551518543305
OOA,F23,17,3139.48376864453
OOA,F23,18,3174.539145541208
OOA,F23,19,3158.826479821967
OOA,F23,20,3181.705733085335
OOA,F23,21,3159.3362769316545
OOA,F23,22,3161.0559792733275
OOA,F23,23,3136.023328644367
OOA,F23,24,3169.113668703719
OOA,F23,25,3204.799587165214
OOA,F23,26,3165.618577571384
OOA,F23,27,3161.8848195731
OOA,F23,28,3161.682294617179
OOA,F23,29,3123.67369685459
OOA,F23,30,3162.1262945290637
OOA,F24,1,3302.3881956637038
OOA,F24,2,3328.13815960348
OOA,F24,3,3320.1157463961645
OOA,F24,4,3300.284101187819
OOA,F24,5,3314.632373288043
OOA,F24,6,3314.4914515483765
OOA,F24,7,3310.430104608701
OOA,F24,8,3343.794570332087
OOA,F24,9,3291.4978583697152
OOA,F24,10,3305.838790155979
OOA,F24,11,3315.4706031629667
OOA,F24,12,3286.65926303747
OOA,F24,13,3303.104150378179
OOA,F24,14,3287.8882586817617
OOA,F24,15,3299.46809546005
OOA,F24,16,3319.723938390471
OOA,F24,17,3311.41708461082
OOA,F24,18,3307.8635029819884
OOA,F24,19,3332.946121381753
OOA,F24,20,3337.076824742244
OOA,F24,21,3270.6515655427293
OOA,F24,22,3310.419309288294
OOA,F24,23,3293.1642018653574
OOA,F24,24,3264.3357159902816
OOA,F24,25,3323.3872132494093
OOA,F24,26,3304.789012954848
OOA,F24,27,3311.2403948664414
OOA,F24,28,3322.867433740327
OOA,F24,29,3296.686108426686
OOA,F24,30,3272.318790571056
OOA,F25,1,3563.0728553777753
OOA,F25,2,3804.7804558392786
OOA,F25,3,3535.908214099116
OOA,F25,4,3876.665965999111
OOA,F25,5,3503.860837286636
OOA,F25,6,3613.2205698548396
OOA,F25,7,3881.5091910291467
OOA,F25,8,3753.651178383061
OOA,F25,9,3961.584992015677
OOA,F25,10,3613.575187027232
OOA,F25,11,3369.6682871376684
OOA,F25,12,3761.523891083827
OOA,F25,13,3823.4376268035303
OOA,F25,14,3476.943891235956
OOA,F25,15,3827.372825475212
OOA,F25,16,3580.1390934780884
OOA,F25,17,3617.1386963001187
OOA,F25,18,3949.6860693055464
OOA,F25,19,3453.1095294213346
OOA,F25,20,3655.201904121834
OOA,F25,21,3723.5672007549274
OOA,F25,22,3685.155825086366
OOA,F25,23,3635.1364285322993
OOA,F25,24,3779.9997516658327
OOA,F25,25,3853.17341863453
OOA,F25,26,3938.8940776275012
OOA,F25,27,3763.8776066145506
OOA,F25,28,3798.3279472031163
OOA,F25,29,3759.8673450709684
OOA,F25,30,3709.619426013346
OOA,F26,1,7806.33269377467
OOA,F26,2,4280.224534647367
OOA,F26,3,8000.868843061626
OOA,F26,4,8057.260959567932
OOA,F26,5,8062.820960802204
OOA,F26,6,8223.81118642695
OOA,F26,7,8039.036608066048
OOA,F26,8,5398.858753944007
OOA,F26,9,5034.332807216164
OOA,F26,10,4533.974914721181
OOA,F26,11,8267.690316746688
OOA,F26,12,4959.7834285064255
OOA,F26,13,4524.952138166689
OOA,F26,14,8095.0419180380095
OOA,F26,15,8168.136222301219
OOA,F26,16,7756.4914055344925
OOA,F26,17,7845.651077238021
OOA,F26,18,7301.180692830543
OOA,F26,19,4565.968121623262
OOA,F26,20,5491.424786899957
OOA,F26,21,7860.310179800377
OOA,F26,22,5635.33267217199
OOA,F26,23,5159.577094602629
OOA,F26,24,8232.09902358879
OOA,F26,25,8135.609415607792
OOA,F26,26,7582.606856000635
OOA,F26,27,5220.78831502834
OOA,F26,28,8043.279616437408
OOA,F26,29,5073.9915762124765
OOA,F26,30,8109.211109192847
OOA,F27,1,3658.215330377238
OOA,F27,2,3793.9086255604684
OOA,F27,3,3514.2132890443954
OOA,F27,4,3658.339049202603
OOA,F27,5,3738.208026370494
OOA,F27,6,3671.4028454494173
OOA,F27,7,3695.3093031011704
OOA,F27,8,3794.0739522713175
OOA,F27,9,3612.5906963449333
OOA,F27,10,3720.709888509004
OOA,F27,11,3664.069446423163
OOA,F27,12,3678.477534222365
OOA,F27,13,3614.015991253946
OOA,F27,14,3536.5694450796304
OOA,F27,15,3580.648850224627
OOA,F27,16,3651.9785885057427
OOA,F27,17,3687.9500396377393
OOA,F27,18,3901.5107422087194
OOA,F27,19,3633.3190764220662
OOA,F27,20,3557.1308982751643
OOA,F27,21,3732.643828773579
OOA,F27,22,3914.3964691357646
OOA,F27,23,3577.7319986742914
OOA,F27,24,3603.7982761523153
OOA,F27,25,3750.3495987468773
OOA,F27,26,3595.207714945608
OOA,F27,27,3535.850185499112
OOA,F27,28,3634.5099912359683
OOA,F27,29,3539.917901928061
OOA,F27,30,3839.774929800313
OOA,F28,1,3755.1905605089255
OOA,F28,2,4061.7844118723137
OOA,F28,3,3738.613857758292
OOA,F28,4,3837.9343091894934
OOA,F28,5,3639.7363501560253
OOA,F28,6,4126.632478220811
OOA,F28,7,3907.8808170264
OOA,F28,8,3898.315338284225
OOA,F28,9,3895.109982178952
OOA,F28,10,3712.984377835017
OOA,F28,11,4043.2264758663855
OOA,F28,12,3727.693084664241
OOA,F28,13,3893.5484252557494
OOA,F28,14,3770.0826981273667
OOA,F28,15,3699.24732872284
OOA,F28,16,3712.536399867631
OOA,F28,17,3922.919624401664
OOA,F28,18,3966.2917081352207
OOA,F28,19,3426.736886222904
OOA,F28,20,4000.8716089013924
OOA,F28,21,3907.389258088231
OOA,F28,22,3751.70755990331
OOA,F28,23,4002.587634795166
OOA,F28,24,3721.8861810040216
OOA,F28,25,3869.2169549810906
OOA,F28,26,4196.3548272101825
OOA,F28,27,3794.148488687003
OOA,F28,28,3913.0777428518722
OOA,F28,29,3688.8713071917064
OOA,F28,30,3816.862227797542
OOA,F29,1,6124.76171057521
OOA,F29,2,5743.440997513664
OOA,F29,3,6101.14556103155
OOA,F29,4,5639.516819175907
OOA,F29,5,5397.614924997815
OOA,F29,6,5145.559280400772
OOA,F29,7,5498.268820929153
OOA,F29,8,5925.658202797924
OOA,F29,9,5258.555074330379
OOA,F29,10,5737.460337578568
OOA,F29,11,6058.411879144027
OOA,F29,12,5764.2064294904185
OOA,F29,13,6394.833179401108
OOA,F29,14,5725.768382260293
OOA,F29,15,5838.190647060141
OOA,F29,16,5438.59125091993
OOA,F29,17,5571.727462553816
OOA,F29,18,6042.024498240003
OOA,F29,19,6486.981722254941
OOA,F29,20,6035.053024453823
OOA,F29,21,5963.552565491267
OOA,F29,22,5870.401994137223
OOA,F29,23,5781.5093144531065
OOA,F29,24,5576.459160867472
OOA,F29,25,5402.590647192335
OOA,F29,26,5658.184241350678
OOA,F29,27,5305.35922798295
OOA,F29,28,5560.3970049864365
OOA,F29,29,5571.976990229296
OOA,F29,30,5958.589315944605
OOA,F30,1,7681424.840788307
OOA,F30,2,9004504.23599543
OOA,F30,3,5895665.705807019
OOA,F30,4,11229203.719966449
OOA,F30,5,4861935.260681627
OOA,F30,6,6398346.592283633
OOA,F30,7,11349585.786399154
OOA,F30,8,8065541.36010682
OOA,F30,9,24484423.528797112
OOA,F30,10,12390669.01873565
OOA,F30,11,3308418.879644358
OOA,F30,12,8495552.677164089
OOA,F30,13,5735640.4141453225
OOA,F30,14,5581315.985281939
OOA,F30,15,41999822.98622949
OOA,F30,16,6351279.979258156
OOA,F30,17,6655820.330530347
OOA,F30,18,49651944.01448456
OOA,F30,19,2757691.9967605723
OOA,F30,20,6986971.424614895
OOA,F30,21,9449266.036960863
OOA,F30,22,8522253.162291843
OOA,F30,23,8713537.346279679
OOA,F30,24,11263027.358411647
OOA,F30,25,9268968.67279068
OOA,F30,26,6481126.9432510855
OOA,F30,27,6787357.82411724
OOA,F30,28,10091389.48487354
OOA,F30,29,9542625.930929827
OOA,F30,30,8296003.06960105
WOO,F1,1,504461235.6042332
WOO,F1,2,695646008.009665
WOO,F1,3,505051123.5496205
WOO,F1,4,642019802.75402
WOO,F1,5,849216325.1484677
WOO,F1,6,421290732.02742213
WOO,F1,7,697427125.070323
WOO,F1,8,595866313.9567267
WOO,F1,9,614062923.5162747
WOO,F1,10,519273642.26431787
WOO,F1,11,730093064.1574258
WOO,F1,12,457796436.6534674
WOO,F1,13,500801993.13580006
WOO,F1,14,577087094.9364346
WOO,F1,15,597733957.0161308
WOO,F1,16,618748901.7335161
WOO,F1,17,480582706.8114835
WOO,F1,18,673566736.6836251
WOO,F1,19,594913521.0278072
WOO,F1,20,533148035.84733516
WOO,F1,21,621352158.1691387
WOO,F1,22,487685914.3913652
WOO,F1,23,698624018.3379524
WOO,F1,24,511973327.4286268
WOO,F1,25,483625013.46351564
WOO,F1,26,778043150.3455641
WOO,F1,27,575472426.1556435
WOO,F1,28,569427582.0299361
WOO,F1,29,606253066.8407154
WOO,F1,30,579771817.6848731
WOO,F3,1,111527.85740116327
WOO,F3,2,97543.49635540138
WOO,F3,3,94297.55391179131
WOO,F3,4,122266.93326939706
WOO,F3,5,114845.12437673473
WOO,F3,6,98679.29413640726
WOO,F3,7,151256.6039374547
WOO,F3,8,114755.76448183092
WOO,F3,9,78140.45008253351
WOO,F3,10,101339.50875833946
WOO,F3,11,88645.75892103463
WOO,F3,12,101468.14513527
WOO,F3,13,92693.66004347157
WOO,F3,14,108318.25579814297
WOO,F3,15,113842.63233640144
WOO,F3,16,106574.6488257634
WOO,F3,17,84362.09260068722
WOO,F3,18,101707.64688386215
WOO,F3,19,104140.76207534084
WOO,F3,20,129772.24690457685
WOO,F3,21,114846.95058593898
WOO,F3,22,112348.27965811596
WOO,F3,23,104467.28100272943
WOO,F3,24,75296.15262990893
WOO,F3,25,118486.39845783042
WOO,F3,26,87121.99685077457
WOO,F3,27,105717.27800733637
WOO,F3,28,132405.44576929315
WOO,F3,29,103171.42918110015
WOO,F3,30,115586.02490919735
WOO,F4,1,812.8762521266083
WOO,F4,2,846.4009930614662
WOO,F4,3,822.7104544128879
WOO,F4,4,921.0239080541742
WOO,F4,5,748.7008426123741
WOO,F4,6,809.4441443652793
WOO,F4,7,812.1843323600635
WOO,F4,8,817.8603110201987
WOO,F4,9,871.2649663180296
WOO,F4,10,946.4750748102379
WOO,F4,11,830.2921581581418
WOO,F4,12,816.63928021835
WOO,F4,13,839.8609889043063
WOO,F4,14,864.1113894393125
WOO,F4,15,893.4014547998263
WOO,F4,16,836.9752657790307
WOO,F4,17,876.1583620440285
WOO,F4,18,890.114295180819
WOO,F4,19,820.4406805380265
WOO,F4,20,880.3603088178932
WOO,F4,21,799.689140115311
WOO,F4,22,821.1903431743128
WOO,F4,23,835.06063490112
WOO,F4,24,845.5321302583387
WOO,F4,25,823.6972758596471
WOO,F4,26,841.1325070580616
WOO,F4,27,811.3661970920981
WOO,F4,28,799.4336067897832
WOO,F4,29,777.4587466290579
WOO,F4,30,869.8014113557633
WOO,F5,1,994.0238924791257
WOO,F5,2,954.0074281807927
WOO,F5,3,979.6919569987774
WOO,F5,4,942.439000675465
WOO,F5,5,974.1778282655193
WOO,F5,6,910.6095305559606
WOO,F5,7,936.137093445196
WOO,F5,8,947.4656314528277
WOO,F5,9,954.7530302286275
WOO,F5,10,972.9329967151415
WOO,F5,11,964.981564122191
WOO,F5,12,990.2769745121655
WOO,F5,13,966.0610780132848
WOO,F5,14,982.051177583304
WOO,F5,15,952.8865167270507
WOO,F5,16,948.1999461558747
WOO,F5,17,973.9029172298198
WOO,F5,18,941.5729683099454
WOO,F5,19,981.2708901351225
WOO,F5,20,955.8763111334387
WOO,F5,21,945.325254492833
WOO,F5,22,898.7114238760187
WOO,F5,23,948.3356758881303
WOO,F5,24,968.9038791161952
WOO,F5,25,951.1307330199438
WOO,F5,26,960.8802967827323
WOO,F5,27,913.1367952781357
WOO,F5,28,912.4178902200151
WOO,F5,29,972.8965513062969
WOO,F5,30,975.4529420311341
WOO,F6,1,639.6826868642603
WOO,F6,2,640.4398241465838
WOO,F6,3,638.9765617898495
WOO,F6,4,642.0966500106404
WOO,F6,5,642.3079733885609
WOO,F6,6,640.7883504034568
WOO,F6,7,649.0598925667805
WOO,F6,8,641.8975043653118
WOO,F6,9,637.7924000310445
WOO,F6,10,643.663687758831
WOO,F6,11,641.1342159104506
WOO,F6,12,647.275929225068
WOO,F6,13,644.8534635798508
WOO,F6,14,638.9516444736606
WOO,F6,15,642.7931239332511
WOO,F6,16,646.8847046176284
WOO,F6,17,637.4867715418216
WOO,F6,18,639.1577216784387
WOO,F6,19,644.971345551198
WOO,F6,20,648.7680457155985
WOO,F6,21,630.0557691927048
WOO,F6,22,641.589455795112
WOO,F6,23,637.2006958116632
WOO,F6,24,639.1959020657478
WOO,F6,25,646.2006102515372
WOO,F6,26,637.178205912
WOO,F6,27,645.3249071862838
WOO,F6,28,647.4669817625538
WOO,F6,29,641.1617222515206
WOO,F6,30,642.7924727492101
WOO,F7,1,1248.5071370859257
WOO,F7,2,1209.3671850687645
WOO,F7,3,1232.4457090378203
WOO,F7,4,1246.3279639245598
WOO,F7,5,1239.9697091648313
WOO,F7,6,1202.9646051283669
WOO,F7,7,1248.7574547386012
WOO,F7,8,1216.6379687814563
WOO,F7,9,1293.0423867142056
WOO,F7,10,1255.793241865339
WOO,F7,11,1217.2366101637951
WOO,F7,12,1243.5845530368392
WOO,F7,13,1231.3733221218677
WOO,F7,14,1234.7576869256127
WOO,F7,15,1236.9617539475018
WOO,F7,16,1195.2345723240094
WOO,F7,17,1207.811454126011
WOO,F7,18,1223.0837745224271
WOO,F7,19,1212.615074376958
WOO,F7,20,1210.9174331156469
WOO,F7,21,1223.0291423328072
WOO,F7,22,1252.2065015202074
WOO,F7,23,1209.4862204975739
WOO,F7,24,1209.260623275406
WOO,F7,25,1258.3814238710795
WOO,F7,26,1223.4225809909844
WOO,F7,27,1205.7468114100798
WOO,F7,28,1210.1540664843646
WOO,F7,29,1218.2399396837504
WOO,F7,30,1212.4343581784326
WOO,F8,1,1277.2458891143544
WOO,F8,2,1229.0154717896266
WOO,F8,3,1227.3745114672229
WOO,F8,4,1289.2081779110242
WOO,F8,5,1268.1131043543805
WOO,F8,6,1256.6725999198864
WOO,F8,7,1241.6554512366151
WOO,F8,8,1267.8522154494808
WOO,F8,9,1188.3737384547262
WOO,F8,10,1225.5485013240548
WOO,F8,11,1235.0788518020804
WOO,F8,12,1264.0670603476165
WOO,F8,13,1289.617385256174
WOO,F8,14,1247.9497402924935
WOO,F8,15,1233.5381807324604
WOO,F8,16,1297.3310403453088
WOO,F8,17,1260.7666441911845
WOO,F8,18,1270.9300478014309
WOO,F8,19,1276.5074437859776
WOO,F8,20,1287.9540839663418
WOO,F8,21,1276.6548706348462
WOO,F8,22,1252.1503469349907
WOO,F8,23,1235.5879619425514
WOO,F8,24,1300.4855761100407
WOO,F8,25,1199.619624155901
WOO,F8,26,1266.9435362926001
WOO,F8,27,1225.7171372888229
WOO,F8,28,1242.581818508499
WOO,F8,29,1272.9738048793051
WOO,F8,30,1258.334770420713
WOO,F9,1,10199.595661574733
WOO,F9,2,10674.583598842171
WOO,F9,3,12276.28697446064
WOO,F9,4,9149.292418558054
WOO,F9,5,12127.264548320463
WOO,F9,6,11075.844838355853
WOO,F9,7,12921.849139685493
WOO,F9,8,13572.631648354916
WOO,F9,9,14145.760333782357
WOO,F9,10,14259.936444194042
WOO,F9,11,9946.26774228378
WOO,F9,12,13919.93851055406
WOO,F9,13,18458.211397702828
WOO,F9,14,11232.11152041699
WOO,F9,15,20650.099193517723
WOO,F9,16,14001.080548553196
WOO,F9,17,17863.293542008436
WOO,F9,18,13018.70119544009
WOO,F9,19,12556.284068213106
WOO,F9,20,8958.749073569594
WOO,F9,21,11037.240964993085
WOO,F9,22,12441.251328651446
WOO,F9,23,15264.381990146798
WOO,F9,24,14698.097300910193
WOO,F9,25,10864.920295055688
WOO,F9,26,14071.787212650448
WOO,F9,27,12046.924061882712
WOO,F9,28,8700.735940283048
WOO,F9,29,15747.545663939738
WOO,F9,30,13270.388487732092
WOO,F10,1,13948.866452676582
WOO,F10,2,13530.626007308343
WOO,F10,3,13585.368694557534
WOO,F10,4,13885.870253494984
WOO,F10,5,13436.677884740737
WOO,F10,6,13956.3486012585
WOO,F10,7,12845.984192090973
WOO,F10,8,13334.772216683596
WOO,F10,9,13851.59909552268
WOO,F10,10,13592.042102073156
WOO,F10,11,13230.51027390114
WOO,F10,12,13767.682805514007
WOO,F10,13,13270.445959146076
WOO,F10,14,14035.173413430177
WOO,F10,15,14278.454981193678
WOO,F10,16,13729.245530924703
WOO,F10,17,13870.806707178988
WOO,F10,18,13949.454301205791
WOO,F10,19,14220.842780643787
WOO,F10,20,13260.125488795728
WOO,F10,21,13476.073408733633
WOO,F10,22,13974.848279876176
WOO,F10,23,14084.337443261262
WOO,F10,24,13411.447684417673
WOO,F10,25,13744.281153202284
WOO,F10,26,13852.742409988889
WOO,F10,27,14015.374497049985
WOO,F10,28,13504.283572932996
WOO,F10,29,13884.650995364365
WOO,F10,30,13304.040208981085
WOO,F11,1,2038.4304553656784
WOO,F11,2,2074.4984650493598
WOO,F11,3,2024.3602829360368
WOO,F11,4,2041.0293120263702
WOO,F11,5,1812.5950811276489
WOO,F11,6,2047.1153186179308
WOO,F11,7,2121.9444040133203
WOO,F11,8,1742.0729459192473
WOO,F11,9,1818.630032379436
WOO,F11,10,1970.147541984169
WOO,F11,11,1789.8467665259748
WOO,F11,12,1654.364513344302
WOO,F11,13,1905.9597669126754
WOO,F11,14,1803.4130866705038
WOO,F11,15,2277.5818796121816
WOO,F11,16,1803.4922465403931
WOO,F11,17,2032.3574094896778
WOO,F11,18,1717.000575125089
WOO,F11,19,1720.937695836437
WOO,F11,20,1740.3676865984426
WOO,F11,21,2022.5471487398422
WOO,F11,22,2087.1796318972847
WOO,F11,23,1913.3355147833076
WOO,F11,24,1681.518805553384
WOO,F11,25,1753.934468783556
WOO,F11,26,2218.041862947262
WOO,F11,27,1794.5005279522195
WOO,F11,28,2111.33704036124
WOO,F11,29,1838.6688379950174
WOO,F11,30,2144.280400231799
WOO,F12,1,52273608.39004379
WOO,F12,2,50135512.888608515
WOO,F12,3,71563494.66343531
WOO,F12,4,68838087.76744789
WOO,F12,5,70521865.47118777
WOO,F12,6,49327478.39242683
WOO,F12,7,85847371.99185905
WOO,F12,8,41624061.19302884
WOO,F12,9,35632351.23074494
WOO,F12,10,74202315.60247411
WOO,F12,11,59893463.45944418
WOO,F12,12,77112705.58650187
WOO,F12,13,90515637.85400778
WOO,F12,14,68784192.84761703
WOO,F12,15,63704275.53243677
WOO,F12,16,61115581.46966663
WOO,F12,17,61519587.46531503
WOO,F12,18,92871623.92614645
WOO,F12,19,85792724.35547215
WOO,F12,20,52532264.3834567
WOO,F12,21,69418562.18683606
WOO,F12,22,61333050.357399285
WOO,F12,23,64545704.31026514
WOO,F12,24,71341772.64461958
WOO,F12,25,125904116.10558596
WOO,F12,26,59899134.99113889
WOO,F12,27,62502541.633129746
WOO,F12,28,98285506.32413441
WOO,F12,29,89269123.38900319
WOO,F12,30,60665411.14571773
WOO,F13,1,1043360.6920300846
WOO,F13,2,525373.9361296389
WOO,F13,3,1298054.6158247266
WOO,F13,4,355850.8346483586
WOO,F13,5,474104.5656701738
WOO,F13,6,911492.2978103192
WOO,F13,7,622098.611635497
WOO,F13,8,1139112.2419350916
WOO,F13,9,1941598.7142064702
WOO,F13,10,627581.3638845223
WOO,F13,11,994430.2887458778
WOO,F13,12,1517761.7556885043
WOO,F13,13,291463.3561194574
WOO,F13,14,349083.1916821042
WOO,F13,15,1436174.4682403675
WOO,F13,16,1100476.448523169
WOO,F13,17,1619963.3746725197
WOO,F13,18,1884034.5374956515
WOO,F13,19,553114.966581305
WOO,F13,20,421102.5521217534
WOO,F13,21,970505.414210042
WOO,F13,22,858200.9315034014
WOO,F13,23,879110.1069586691
WOO,F13,24,612048.9271990806
WOO,F13,25,548465.1672263115
WOO,F13,26,294641.5019891778
WOO,F13,27,339919.61742343154
WOO,F13,28,1482307.326321743
WOO,F13,29,146567.2928667473
WOO,F13,30,1028866.3408323841
WOO,F14,1,35808.94702710187
WOO,F14,2,6971.0919622110605
WOO,F14,3,41940.12128214425
WOO,F14,4,13342.781388142434
WOO,F14,5,17160.103928034587
WOO,F14,6,15933.9350303466
WOO,F14,7,13315.425572649026
WOO,F14,8,14624.308266655953
WOO,F14,9,24333.001330261137
WOO,F14,10,12309.061791802123
WOO,F14,11,21047.7611750247
WOO,F14,12,39552.664840637764
WOO,F14,13,40219.95950864585
WOO,F14,14,22843.148549138845
WOO,F14,15,13157.618303031044
WOO,F14,16,27085.40990782807
WOO,F14,17,19052.962914222568
WOO,F14,18,19708.277544277553
WOO,F14,19,20207.22277812519
WOO,F14,20,69954.80544400752
WOO,F14,21,18937.831166046017
WOO,F14,22,28621.533331067163
WOO,F14,23,14425.379877001453
WOO,F14,24,49340.67619916577
WOO,F14,25,18328.26308250181
WOO,F14,26,28411.97431463667
WOO,F14,27,29682.781934419287
WOO,F14,28,7081.334179331635
WOO,F14,29,26239.08887963479
WOO,F14,30,18452.371644095096
WOO,F15,1,32344.0351395561
WOO,F15,2,29131.649738083368
WOO,F15,3,50146.9974376756
WOO,F15,4,47638.61404305693
WOO,F15,5,79185.2329912174
WOO,F15,6,22564.07709119012
WOO,F15,7,31061.584847396938
WOO,F15,8,52143.69787978292
WOO,F15,9,35105.17241955804
WOO,F15,10,28021.65015363039
WOO,F15,11,48346.07656387873
WOO,F15,12,67363.93205550886
WOO,F15,13,100539.64802526808
WOO,F15,14,35934.93529101741
WOO,F15,15,74592.16052573563
WOO,F15,16,30147.44214984171
WOO,F15,17,34448.51252842869
WOO,F15,18,42701.41735699684
WOO,F15,19,50250.698583522
WOO,F15,20,52591.614017924185
WOO,F15,21,90451.42376227016
WOO,F15,22,77645.92544551103
WOO,F15,23,40584.43842550754
WOO,F15,24,39650.30509115147
WOO,F15,25,20667.289793110955
WOO,F15,26,16465.753797536407
WOO,F15,27,34250.5596013905
WOO,F15,28,58447.422732096034
WOO,F15,29,66325.1769022854
WOO,F15,30,30586.98572122836
WOO,F16,1,4501.997486717148
WOO,F16,2,4712.7233467612305
WOO,F16,3,5170.957696917212
WOO,F16,4,4705.050545293719
WOO,F16,5,4898.790317289477
WOO,F16,6,4567.716152293444
WOO,F16,7,5022.291847923885
WOO,F16,8,5091.488037882338
WOO,F16,9,5008.093825633105
WOO,F16,10,4417.7691927254855
WOO,F16,11,4868.131382435856
WOO,F16,12,4683.992997900108
WOO,F16,13,4608.050387509693
WOO,F16,14,4646.801643813606
WOO,F16,15,4850.950171748033
WOO,F16,16,4513.026720295143
WOO,F16,17,4715.978846535897
WOO,F16,18,4636.4920617684265
WOO,F16,19,4710.140370960861
WOO,F16,20,4879.853722175646
WOO,F16,21,4690.575169855606
WOO,F16,22,4884.698697158186
WOO,F16,23,4634.751287966949
WOO,F16,24,4841.948470995643
WOO,F16,25,5150.049660581817
WOO,F16,26,4150.081821509222
WOO,F16,27,4275.400592540152
WOO,F16,28,5036.237573526073
WOO,F16,29,4145.230724735311
WOO,F16,30,4595.922417192593
WOO,F17,1,3823.9089708777083
WOO,F17,2,3695.5427241134385
WOO,F17,3,3755.1009143898227
WOO,F17,4,3426.033026939027
WOO,F17,5,3890.27025673514
WOO,F17,6,3549.0222979941427
WOO,F17,7,3592.083442719112
WOO,F17,8,3642.19918558087
WOO,F17,9,3717.2358800507386
WOO,F17,10,3452.6840572075907
WOO,F17,11,3651.788222665993
WOO,F17,12,3730.2889134397074
WOO,F17,13,3582.520020024768
WOO,F17,14,3668.4373126317137
WOO,F17,15,3856.3408383092574
WOO,F17,16,3549.9515727218286
WOO,F17,17,3513.197416571079
WOO,F17,18,3415.242078879203
WOO,F17,19,3880.02686631739
WOO,F17,20,3724.2778526684115
WOO,F17,21,3589.504057726808
WOO,F17,22,3770.717709287514
WOO,F17,23,3716.8073914015004
WOO,F17,24,3723.4470466781595
WOO,F17,25,3719.7469783912156
WOO,F17,26,3840.276138394252
WOO,F17,27,3577.8078695597997
WOO,F17,28,3847.253348151598
WOO,F17,29,3882.4585036658427
WOO,F17,30,3765.1401397661493
WOO,F18,1,357155.6085120634
WOO,F18,2,829622.1561976364
WOO,F18,3,207884.98522741767
WOO,F18,4,540661.6435316759
WOO,F18,5,756770.6432153735
WOO,F18,6,609194.1172864127
WOO,F18,7,404169.8740202368
WOO,F18,8,957870.1962378202
WOO,F18,9,732424.1439015948
WOO,F18,10,599782.9040245236
WOO,F18,11,383506.5928084228
WOO,F18,12,536898.5123076034
WOO,F18,13,468170.24886748963
WOO,F18,14,798866.8635506276
WOO,F18,15,503607.9942966752
WOO,F18,16,621832.5972971347
WOO,F18,17,762402.46033768
WOO,F18,18,747907.380244408
WOO,F18,19,476014.6994015422
WOO,F18,20,422249.7964746489
WOO,F18,21,366593.4442171961
WOO,F18,22,370494.55703107035
WOO,F18,23,668591.6649187418
WOO,F18,24,1407920.1491449906
WOO,F18,25,444494.14269928995
WOO,F18,26,708240.7474564664
WOO,F18,27,582025.0011602786
WOO,F18,28,1009580.1400834518
WOO,F18,29,794188.3569243026
WOO,F18,30,998458.8024728785
WOO,F19,1,54899.02747585381
WOO,F19,2,39144.93126952871
WOO,F19,3,66503.7674975169
WOO,F19,4,36826.69744336619
WOO,F19,5,27735.627189263996
WOO,F19,6,35185.22316558867
WOO,F19,7,20794.115535049517
WOO,F19,8,34868.462729148625
WOO,F19,9,54819.44711934223
WOO,F19,10,36655.297682009106
WOO,F19,11,53856.640343656516
WOO,F19,12,56614.73544410381
WOO,F19,13,56872.43472432593
WOO,F19,14,63091.00635204801
WOO,F19,15,36486.41658927344
WOO,F19,16,35338.70524567178
WOO,F19,17,47730.15753088925
WOO,F19,18,49264.57429518822
WOO,F19,19,79538.83148503826
WOO,F19,20,53634.69804126796
WOO,F19,21,57022.01227503012
WOO,F19,22,58222.06032456944
WOO,F19,23,43974.97665642795
WOO,F19,24,69655.7638165583
WOO,F19,25,39654.628159169806
WOO,F19,26,74889.240629133
WOO,F19,27,79375.16055581198
WOO,F19,28,111644.44800095969
WOO,F19,29,38434.070688577085
WOO,F19,30,48803.61831613225
WOO,F20,1,3688.9848768204038
WOO,F20,2,3800.5096730861615
WOO,F20,3,3676.7716658894637
WOO,F20,4,3695.4984922145604
WOO,F20,5,3540.134974049557
WOO,F20,6,3803.6327816674193
WOO,F20,7,3129.887141914919
WOO,F20,8,3746.153170127272
WOO,F20,9,3888.3064136370945
WOO,F20,10,3668.1682963171456
WOO,F20,11,3759.9449796934737
WOO,F20,12,3623.226623441767
WOO,F20,13,3772.0484043576644
WOO,F20,14,3423.0510053594608
WOO,F20,15,3479.3991184416514
WOO,F20,16,3889.4045234485166
WOO,F20,17,3498.9641150259818
WOO,F20,18,3707.9469358367514
WOO,F20,19,3604.9842473246463
WOO,F20,20,3676.5081869709934
WOO,F20,21,3712.6297954185166
WOO,F20,22,3542.4011335539917
WOO,F20,23,3718.0204576374936
WOO,F20,24,3717.303400311582
WOO,F20,25,3550.4938961809994
WOO,F20,26,3463.8407882795964
WOO,F20,27,3684.2413966594086
WOO,F20,28,3561.348449401237
WOO,F20,29,3528.693229558833
WOO,F20,30,3786.731029398832
WOO,F21,1,2765.8826910369853
WOO,F21,2,2787.570326353184
WOO,F21,3,2752.1754905335893
WOO,F21,4,2735.5918650616068
WOO,F21,5,2750.0396782544017
WOO,F21,6,2738.2438678657495
WOO,F21,7,2784.843206852524
WOO,F21,8,2773.2315199146706
WOO,F21,9,2737.738001761393
WOO,F21,10,2728.422104581726
WOO,F21,11,2723.4304909474995
WOO,F21,12,2768.363642228437
WOO,F21,13,2760.3786775719987
WOO,F21,14,2749.9714955218815
WOO,F21,15,2755.010176157124
WOO,F21,16,2757.3052268049146
WOO,F21,17,2750.8579143223797
WOO,F21,18,2773.925280768915
WOO,F21,19,2802.6738296028093
WOO,F21,20,2754.230597547538
WOO,F21,21,2747.8338850801747
WOO,F21,22,2752.434845041507
WOO,F21,23,2785.6416539505076
WOO,F21,24,2769.8164332471792
WOO,F21,25,2705.0153644987995
WOO,F21,26,2731.9604233555942
WOO,F21,27,2756.6644268426276
WOO,F21,28,2768.329490928549
WOO,F21,29,2781.7443797689757
WOO,F21,30,2754.6066223614835
WOO,F22,1,16029.151948477276
WOO,F22,2,15484.943435685265
WOO,F22,3,15873.938934590793
WOO,F22,4,14829.517482078836
WOO,F22,5,15050.312861882403
WOO,F22,6,15260.789639010785
WOO,F22,7,6958.8409518232875
WOO,F22,8,13550.489681966532
WOO,F22,9,15254.728992560604
WOO,F22,10,15683.654596288185
WOO,F22,11,15687.95146697168
WOO,F22,12,15410.615390429739
WOO,F22,13,15023.664148467798
WOO,F22,14,15631.680794629163
WOO,F22,15,14965.875814511946
WOO,F22,16,15158.613141971466
WOO,F22,17,6766.377111086655
WOO,F22,18,15279.259750783945
WOO,F22,19,15401.332704929993
WOO,F22,20,15845.65060383121
WOO,F22,21,15752.556067022128
WOO,F22,22,15803.844313454167
WOO,F22,23,14798.202676515539
WOO,F22,24,13387.00012076425
WOO,F22,25,15592.240713597488
WOO,F22,26,15579.934157613194
WOO,F22,27,14823.679246135429
WOO,F22,28,15868.70605535377
WOO,F22,29,15265.83260495247
WOO,F22,30,15742.137668870511
WOO,F23,1,3280.055439391671
WOO,F23,2,3270.502052126844
WOO,F23,3,3197.773097681207
WOO,F23,4,3219.1602744691145
WOO,F23,5,3225.401545294609
WOO,F23,6,3213.9323721398255
WOO,F23,7,3239.1922546222213
WOO,F23,8,3240.731289902844
WOO,F23,9,3235.8490188279293
WOO,F23,10,3301.391956635616
WOO,F23,11,3261.81359089964
WOO,F23,12,3213.1208707715673
WOO,F23,13,3217.3651393932605
WOO,F23,14,3228.8770197303256
WOO,F23,15,3277.0134064241715
WOO,F23,16,3222.9198966801005
WOO,F23,17,3249.4110974097403
WOO,F23,18,3250.51491131034
WOO,F23,19,3289.037272088144
WOO,F23,20,3236.6983038630938
WOO,F23,21,3238.1604390765583
WOO,F23,22,3204.4556393433663
WOO,F23,23,3246.6947702493426
WOO,F23,24,3216.7299969528726
WOO,F23,25,3242.4504948102685
WOO,F23,26,3291.613483071144
WOO,F23,27,3232.6307889968502
WOO,F23,28,3265.463747793903
WOO,F23,29,3221.156692910491
WOO,F23,30,3236.9391466423713
WOO,F24,1,3438.791505654446
WOO,F24,2,3387.899743963872
WOO,F24,3,3401.198623565405
WOO,F24,4,3407.278521174819
WOO,F24,5,3419.5238067536757
WOO,F24,6,3372.047504004293
WOO,F24,7,3424.0438938999578
WOO,F24,8,3444.5222180519795
WOO,F24,9,3436.0154373020996
WOO,F24,10,3398.0678345766732
WOO,F24,11,3404.477720776411
WOO,F24,12,3394.680718839494
WOO,F24,13,3375.4452121124223
WOO,F24,14,3414.6051093926917
WOO,F24,15,3431.0217039336158
WOO,F24,16,3386.011598023354
WOO,F24,17,3379.2224453164945
WOO,F24,18,3488.2261816195446
WOO,F24,19,3380.486638833668
WOO,F24,20,3395.0083956477306
WOO,F24,21,3340.0646064864372
WOO,F24,22,3394.0159138765607
WOO,F24,23,3361.155685880919
WOO,F24,24,3381.972033872419
WOO,F24,25,3436.853331932997
WOO,F24,26,3369.2668102710522
WOO,F24,27,3405.7458966369877
WOO,F24,28,3401.745701506873
WOO,F24,29,3368.5049260926153
WOO,F24,30,3390.7643741105862
WOO,F25,1,3291.4698497804206
WOO,F25,2,3354.6100105179867
WOO,F25,3,3265.773265545218
WOO,F25,4,3264.6380495994067
WOO,F25,5,3236.3980361891854
WOO,F25,6,3283.8881977344745
WOO,F25,7,3261.307851380704
WOO,F25,8,3272.3849455860336
WOO,F25,9,3273.1530282165713
WOO,F25,10,3329.0740693137273
WOO,F25,11,3300.1511131276748
WOO,F25,12,3327.2380077984017
WOO,F25,13,3331.899501259752
WOO,F25,14,3288.3192245185965
WOO,F25,15,3337.256849115015
WOO,F25,16,3286.7166106973355
WOO,F25,17,3285.269838162383
WOO,F25,18,3341.656667680005
WOO,F25,19,3228.8536124084003
WOO,F25,20,3261.1026613584827
WOO,F25,21,3241.5120270141697
WOO,F25,22,3221.8732593438517
WOO,F25,23,3280.54484047545
WOO,F25,24,3267.4969691332935
WOO,F25,25,3294.97461455776
WOO,F25,26,3224.3847324799517
WOO,F25,27,3323.494956723088
WOO,F25,28,3287.150300483263
WOO,F25,29,3293.8982419652666
WOO,F25,30,3283.836264069566
WOO,F26,1,8872.348120970732
WOO,F26,2,8660.512195607924
WOO,F26,3,8862.187244698263
WOO,F26,4,8377.304068688667
WOO,F26,5,8842.200040125532
WOO,F26,6,8615.35147141126
WOO,F26,7,8043.42422956186
WOO,F26,8,8677.71414979755
WOO,F26,9,7618.438740730222
WOO,F26,10,8363.464750595695
WOO,F26,11,8767.59047972568
WOO,F26,12,8573.173603439162
WOO,F26,13,8235.222210636204
WOO,F26,14,9036.193136156886
WOO,F26,15,9036.708940761528
WOO,F26,16,9013.775690829658
WOO,F26,17,8570.125083127263
WOO,F26,18,7806.02171162528
WOO,F26,19,8459.714352123632
WOO,F26,20,8841.90820697153
WOO,F26,21,6066.135949090489
WOO,F26,22,8110.532946700888
WOO,F26,23,6784.500858338231
WOO,F26,24,8498.854815782948
WOO,F26,25,8334.140408553814
WOO,F26,26,8908.61602784638
WOO,F26,27,7113.596929430102
WOO,F26,28,8639.397391904306
WOO,F26,29,8416.981058799898
WOO,F26,30,8699.380313461364
WOO,F27,1,3857.4203190630387
WOO,F27,2,4026.748079441164
WOO,F27,3,3930.9330784234667
WOO,F27,4,3921.348232855571
WOO,F27,5,3830.9303862889947
WOO,F27,6,3995.578387463179
WOO,F27,7,3934.207148720342
WOO,F27,8,3831.188089883962
WOO,F27,9,4008.7580145154006
WOO,F27,10,3912.9099769676654
WOO,F27,11,3949.0633404599052
WOO,F27,12,3965.145666020545
WOO,F27,13,4032.484883994307
WOO,F27,14,3926.5667445097106
WOO,F27,15,3915.2598186471114
WOO,F27,16,3924.6837428394592
WOO,F27,17,4006.79128048811
WOO,F27,18,3990.7028575425647
WOO,F27,19,3980.5515318388343
WOO,F27,20,3792.179312187249
WOO,F27,21,3925.798313591941
WOO,F27,22,3931.5862762238366
WOO,F27,23,3854.681560764701
WOO,F27,24,3961.317338374673
WOO,F27,25,3934.454190328326
WOO,F27,26,3985.923400128198
WOO,F27,27,3925.880250265733
WOO,F27,28,3937.1877688729123
WOO,F27,29,4005.2466774272025
WOO,F27,30,3953.534714324351
WOO,F28,1,3728.6214549158844
WOO,F28,2,3651.8820743334804
WOO,F28,3,3653.2569538157127
WOO,F28,4,3686.0105532959815
WOO,F28,5,3726.54608993618
WOO,F28,6,3672.621121438083
WOO,F28,7,3579.440121401204
WOO,F28,8,3623.4107235269607
WOO,F28,9,3749.418307141836
WOO,F28,10,3696.5348560102557
WOO,F28,11,3874.41345531792
WOO,F28,12,3628.7108737158583
WOO,F28,13,3790.380340303851
WOO,F28,14,3691.5731567567964
WOO,F28,15,3597.5970917305513
WOO,F28,16,3721.6761995967086
WOO,F28,17,3753.9585706109924
WOO,F28,18,3618.820668434114
WOO,F28,19,3616.205333490323
WOO,F28,20,3864.120580191716
WOO,F28,21,3602.0617369573188
WOO,F28,22,3751.409533926793
WOO,F28,23,3674.1756390135115
WOO,F28,24,3635.124169890926
WOO,F28,25,3586.081763576275
WOO,F28,26,3565.1729671666335
WOO,F28,27,3634.2067456078626
WOO,F28,28,3745.6168666084122
WOO,F28,29,3729.3685276190954
WOO,F28,30,3720.315383314457
WOO,F29,1,5319.49154612833
WOO,F29,2,5398.030031421302
WOO,F29,3,5579.49920109467
WOO,F29,4,5318.096494624096
WOO,F29,5,5732.365193667447
WOO,F29,6,5192.358963933203
WOO,F29,7,5907.5289625457735
WOO,F29,8,5264.887050078138
WOO,F29,9,5403.305717389249
WOO,F29,10,5566.9234941962195
WOO,F29,11,5853.178012616894
WOO,F29,12,5485.8147490473875
WOO,F29,13,5809.970820660068
WOO,F29,14,5281.624495474648
WOO,F29,15,5767.356009776957
WOO,F29,16,5485.503319850917
WOO,F29,17,5380.828057830632
WOO,F29,18,5620.817805696153
WOO,F29,19,5459.324656311613
WOO,F29,20,5452.729669805383
WOO,F29,21,5746.028990639688
WOO,F29,22,5545.350612331253
WOO,F29,23,5551.688634647851
WOO,F29,24,5413.07451168719
WOO,F29,25,5426.487878676757
WOO,F29,26,5480.446012589219
WOO,F29,27,5551.021717735454
WOO,F29,28,5203.299021962839
WOO,F29,29,5350.535974072773
WOO,F29,30,5628.742383022694
WOO,F30,1,16917708.654088628
WOO,F30,2,18988808.541816816
WOO,F30,3,19963617.862976998
WOO,F30,4,22501682.556403175
WOO,F30,5,21401154.69439145
WOO,F30,6,23730773.1823207
WOO,F30,7,19519735.080962256
WOO,F30,8,17921946.27499178
WOO,F30,9,18202784.85097061
WOO,F30,10,21107954.250561025
WOO,F30,11,28185065.248579144
WOO,F30,12,33426123.430225164
WOO,F30,13,16961101.19040095
WOO,F30,14,20898363.715643004
WOO,F30,15,18257431.797677726
WOO,F30,16,19201459.22581748
WOO,F30,17,19829021.06704301
WOO,F30,18,24311792.603106678
WOO,F30,19,22802569.078506418
WOO,F30,20,24766765.1472958
WOO,F30,21,23743524.638461206
WOO,F30,22,18071941.844523415
WOO,F30,23,16861857.460158397
WOO,F30,24,20237613.631412983
WOO,F30,25,21865008.126164403
WOO,F30,26,24789040.07314597
WOO,F30,27,28388775.593791142
WOO,F30,28,18321320.74655751
WOO,F30,29,26288807.24341537
WOO,F30,30,17359441.532200027
GLO,F1,1,11202310633.714533
GLO,F1,2,8840864494.650871
GLO,F1,3,11307074676.252762
GLO,F1,4,16979446078.803074
GLO,F1,5,11422684179.039963
GLO,F1,6,14023532035.715788
GLO,F1,7,16090542448.195875
GLO,F1,8,12012808345.123869
GLO,F1,9,14732985215.73585
GLO,F1,10,5816667102.47146
GLO,F1,11,16645601708.783176
GLO,F1,12,14794568625.406322
GLO,F1,13,12264732127.482105
GLO,F1,14,8873500298.857359
GLO,F1,15,15433049703.021511
GLO,F1,16,8174194976.216192
GLO,F1,17,11307844288.90618
GLO,F1,18,10331769145.184679
GLO,F1,19,13539381710.024454
GLO,F1,20,13956378068.853195
GLO,F1,21,13624184231.67856
GLO,F1,22,17341991278.069626
GLO,F1,23,7241747260.254398
GLO,F1,24,12228553486.263144
GLO,F1,25,14582378514.152264
GLO,F1,26,14357185525.959778
GLO,F1,27,11116983090.64505
GLO,F1,28,8834142441.898155
GLO,F1,29,13808351453.26989
GLO,F1,30,13454726922.867369
GLO,F3,1,158759.61825680532
GLO,F3,2,172991.81539700984
GLO,F3,3,168429.18188753296
GLO,F3,4,182941.20097555203
GLO,F3,5,170676.13033270682
GLO,F3,6,192072.782156553
GLO,F3,7,166043.5244566183
GLO,F3,8,160279.97807586932
GLO,F3,9,164892.51598807157
GLO,F3,10,172643.0171502523
GLO,F3,11,189462.80249445044
GLO,F3,12,182584.18844527443
GLO,F3,13,193205.23012705854
GLO,F3,14,170920.22505489862
GLO,F3,15,180082.92434272513
GLO,F3,16,180311.33986738778
GLO,F3,17,173626.77773594167
GLO,F3,18,188150.35815075872
GLO,F3,19,162201.03775405194
GLO,F3,20,170427.16988525796
GLO,F3,21,187070.04803012707
GLO,F3,22,175771.90110630993
GLO,F3,23,177580.53006573382
GLO,F3,24,169531.79504664443
GLO,F3,25,182335.2848120823
GLO,F3,26,177401.0986939938
GLO,F3,27,176737.17958590848
GLO,F3,28,159986.4074494254
GLO,F3,29,171355.2148839967
GLO,F3,30,175493.52952975148
GLO,F4,1,1456.1703674288867
GLO,F4,2,1529.1667500158628
GLO,F4,3,1369.8497414774179
GLO,F4,4,1729.5279035778844
GLO,F4,5,1788.376676064337
GLO,F4,6,1667.7676955174986
GLO,F4,7,1531.6540538732922
GLO,F4,8,1692.6705090368825
GLO,F4,9,2016.3096409675156
GLO,F4,10,1211.3562326019544
GLO,F4,11,1581.939173583773
GLO,F4,12,2660.5119567414476
GLO,F4,13,1533.421684032875
GLO,F4,14,1495.719428432585
GLO,F4,15,1986.9268796239198
GLO,F4,16,976.0594086624018
GLO,F4,17,2143.8745655869607
GLO,F4,18,2045.5906688123102
GLO,F4,19,1592.9179888111885
GLO,F4,20,2286.6055915052875
GLO,F4,21,1407.1980537206314
GLO,F4,22,2271.6562995750837
GLO,F4,23,1292.6874710929724
GLO,F4,24,1445.9187770685637
GLO,F4,25,1388.4353412674436
GLO,F4,26,3909.851719451408
GLO,F4,27,1091.432660672027
GLO,F4,28,2139.3655372958237
GLO,F4,29,1718.05783706226
GLO,F4,30,1825.2265998777907
GLO,F5,1,1018.427321135497
GLO,F5,2,1120.653896384125
GLO,F5,3,1125.261037800606
GLO,F5,4,1121.808529361575
GLO,F5,5,1107.6185628617977
GLO,F5,6,1114.7812537614655
GLO,F5,7,1132.9468281938302
GLO,F5,8,1094.2700042696508
GLO,F5,9,1065.8535783416783
GLO,F5,10,1087.9953835750016
GLO,F5,11,1125.6235049441952
GLO,F5,12,1094.473450656505
GLO,F5,13,1123.8975863654891
GLO,F5,14,1130.780818506822
GLO,F5,15,1055.2731357595294
GLO,F5,16,1081.342371036663
GLO,F5,17,1069.6777579696886
GLO,F5,18,1136.1318297624935
GLO,F5,19,1087.0231058156573
GLO,F5,20,1086.2510092763632
GLO,F5,21,1134.4849228859816
GLO,F5,22,1076.1012883194571
GLO,F5,23,1094.6777599042744
GLO,F5,24,1075.43241160145
GLO,F5,25,1087.7104444639149
GLO,F5,26,1032.4379298860217
GLO,F5,27,1084.390347069766
GLO,F5,28,1103.300818131297
GLO,F5,29,1037.3429459232389
GLO,F5,30,1125.8212093663583
GLO,F6,1,648.580205197143
GLO,F6,2,632.2843458179904
GLO,F6,3,644.0030766687167
GLO,F6,4,636.0025733554226
GLO,F6,5,634.668450464862
GLO,F6,6,640.8503460011265
GLO,F6,7,642.1381019925566
GLO,F6,8,657.5632118602404
GLO,F6,9,643.5216156060114
GLO,F6,10,649.4292482562065
GLO,F6,11,637.9973366408728
GLO,F6,12,648.3223112723692
GLO,F6,13,635.987227570453
GLO,F6,14,641.5737680934308
GLO,F6,15,651.3440172101182
GLO,F6,16,651.972564844364
GLO,F6,17,643.6834036372674
GLO,F6,18,632.0757738267118
GLO,F6,19,647.7805176907888
GLO,F6,20,649.7219482738235
GLO,F6,21,643.98087448034
GLO,F6,22,639.935766996359
GLO,F6,23,640.7795099256618
GLO,F6,24,641.0184016968324
GLO,F6,25,644.1341943104562
GLO,F6,26,644.6233805643288
GLO,F6,27,640.4879710762224
GLO,F6,28,649.090846142777
GLO,F6,29,642.9735830227453
GLO,F6,30,656.8913543890864
GLO,F7,1,1481.5616989875325
GLO,F7,2,1498.6757067389499
GLO,F7,3,1483.032721630947
GLO,F7,4,1660.4272212722362
GLO,F7,5,1538.4814962386624
GLO,F7,6,1671.5419399088748
GLO,F7,7,1493.578021899118
GLO,F7,8,1636.3764522960437
GLO,F7,9,1616.7309575504648
GLO,F7,10,1551.8915676554611
GLO,F7,11,1568.602761829441
GLO,F7,12,1606.9210644526072
GLO,F7,13,1441.4467905332322
GLO,F7,14,1620.3049963333283
GLO,F7,15,1578.3009443425876
GLO,F7,16,1379.1883831044076
GLO,F7,17,1576.4040072968924
GLO,F7,18,1481.6915285563105
GLO,F7,19,1449.2848504853644
GLO,F7,20,1688.1232069084704
GLO,F7,21,1526.279470492056
GLO,F7,22,1455.444577641852
GLO,F7,23,1432.026556238366
GLO,F7,24,1614.4002376985677
GLO,F7,25,1437.5491654653251
GLO,F7,26,1540.408842277809
GLO,F7,27,1559.9313116732626
GLO,F7,28,1598.372003978437
GLO,F7,29,1596.5814610754271
GLO,F7,30,1537.9664345996125
GLO,F8,1,1352.470474925596
GLO,F8,2,1426.4989627616435
GLO,F8,3,1354.7146203992284
GLO,F8,4,1392.526739026188
GLO,F8,5,1327.2538706089076
GLO,F8,6,1388.1192919845976
GLO,F8,7,1349.5970400768692
GLO,F8,8,1400.785770590121
GLO,F8,9,1409.0136193785015
GLO,F8,10,1343.129567358876
GLO,F8,11,1423.0224751935332
GLO,F8,12,1356.4383107190442
GLO,F8,13,1392.8928772315257
GLO,F8,14,1387.9549777289524
GLO,F8,15,1388.9503458334052
GLO,F8,16,1354.1764415602272
GLO,F8,17,1392.5054215099078
GLO,F8,18,1341.2257047854669
GLO,F8,19,1410.530759755131
GLO,F8,20,1385.2520689424114
GLO,F8,21,1339.122239899269
GLO,F8,22,1402.6172529549922
GLO,F8,23,1321.1965867195931
GLO,F8,24,1394.5419782788322
GLO,F8,25,1389.4153875519842
GLO,F8,26,1397.6707910083157
GLO,F8,27,1424.9246068260397
GLO,F8,28,1420.4158032814203
GLO,F8,29,1436.900554468823
GLO,F8,30,1390.2285110354092
GLO,F9,1,32357.96955258433
GLO,F9,2,33412.831938854775
GLO,F9,3,32725.57031958318
GLO,F9,4,22515.157609466045
GLO,F9,5,28308.0602609236
GLO,F9,6,15164.405016228258
GLO,F9,7,33582.10005467379
GLO,F9,8,22549.805251533242
GLO,F9,9,14634.197549045688
GLO,F9,10,23161.98448190622
GLO,F9,11,27325.31902731613
GLO,F9,12,34070.1393859606
GLO,F9,13,24966.757292029488
GLO,F9,14,29615.787827196633
GLO,F9,15,23857.246337006887
GLO,F9,16,32109.126076239885
GLO,F9,17,34191.25884880226
GLO,F9,18,36036.07000930854
GLO,F9,19,27893.537569861932
GLO,F9,20,22769.582186660646
GLO,F9,21,20380.077792725366
GLO,F9,22,20931.052775069627
GLO,F9,23,34929.51652336597
GLO,F9,24,30322.568563649296
GLO,F9,25,14278.295124148739
GLO,F9,26,34477.27086459777
GLO,F9,27,19561.984947525023
GLO,F9,28,32476.046897986595
GLO,F9,29,17916.277283449883
GLO,F9,30,25842.588242878344
GLO,F10,1,15411.890709139108
GLO,F10,2,14812.929363056071
GLO,F10,3,15879.454585303269
GLO,F10,4,14839.760106372403
GLO,F10,5,13661.46091247387
GLO,F10,6,14492.791830878488
GLO,F10,7,15196.2984670673
GLO,F10,8,15209.226111518718
GLO,F10,9,14746.801148071318
GLO,F10,10,14891.930996649313
GLO,F10,11,14517.979957184005
GLO,F10,12,14411.726771601067
GLO,F10,13,14144.404698478927
GLO,F10,14,13954.498905164097
GLO,F10,15,15478.351289866612
GLO,F10,16,14736.867498970127
GLO,F10,17,13948.985841451908
GLO,F10,18,15321.8832480154
GLO,F10,19,15143.47526188114
GLO,F10,20,14342.620996729984
GLO,F10,21,14062.79446689425
GLO,F10,22,15082.965255424446
GLO,F10,23,15055.502358876545
GLO,F10,24,14951.922590029539
GLO,F10,25,14904.550414508027
GLO,F10,26,14415.960035498056
GLO,F10,27,15514.495421380376
GLO,F10,28,14640.20943578739
GLO,F10,29,15537.431748897618
GLO,F10,30,13880.825831954167
GLO,F11,1,9355.390730117888
GLO,F11,2,6792.361999895506
GLO,F11,3,10620.941250317137
GLO,F11,4,7792.990210460022
GLO,F11,5,6020.519369834204
GLO,F11,6,8852.171633742055
GLO,F11,7,8737.396576975701
GLO,F11,8,9893.376216504004
GLO,F11,9,8257.795113780317
GLO,F11,10,7539.35360395731
GLO,F11,11,10774.211616050803
GLO,F11,12,7100.076746565152
GLO,F11,13,6761.203432519467
GLO,F11,14,8585.85459626985
GLO,F11,15,10317.758937015677
GLO,F11,16,10076.078098851476
GLO,F11,17,10749.422300344357
GLO,F11,18,8243.111467534029
GLO,F11,19,11444.695717754366
GLO,F11,20,7283.2763447552215
GLO,F11,21,7076.046663179418
GLO,F11,22,10680.313416071129
GLO,F11,23,11234.208786771647
GLO,F11,24,10390.24171726241
GLO,F11,25,9703.102203746588
GLO,F11,26,6572.990825769863
GLO,F11,27,5636.687502915501
GLO,F11,28,7333.459390015009
GLO,F11,29,10389.426384713172
GLO,F11,30,6932.97088262668
GLO,F12,1,776660918.7769322
GLO,F12,2,969743143.4844639
GLO,F12,3,808059620.534617
GLO,F12,4,909180315.180227
GLO,F12,5,923674725.1931291
GLO,F12,6,780950885.8631166
GLO,F12,7,642418977.292426
GLO,F12,8,1198684195.0804136
GLO,F12,9,400707873.96279037
GLO,F12,10,922311671.3808815
GLO,F12,11,485850081.2762623
GLO,F12,12,405763682.4573208
GLO,F12,13,726957533.7521324
GLO,F12,14,882516008.6441746
GLO,F12,15,375515488.26567066
GLO,F12,16,577841155.7689745
GLO,F12,17,1744371282.407464
GLO,F12,18,663175241.8558754
GLO,F12,19,821453191.3017514
GLO,F12,20,560416345.8560344
GLO,F12,21,1786674599.1418595
GLO,F12,22,384222357.43482745
GLO,F12,23,664962514.0705363
GLO,F12,24,1438814510.5298972
GLO,F12,25,400957338.49975467
GLO,F12,26,837352941.4022771
GLO,F12,27,807890880.2802137
GLO,F12,28,757905251.8057017
GLO,F12,29,1198597917.7103138
GLO,F12,30,625658684.935031
GLO,F13,1,2041119.883551652
GLO,F13,2,703776.0088053303
GLO,F13,3,2038489.3415629468
GLO,F13,4,1244797.022417013
GLO,F13,5,4190593.996618694
GLO,F13,6,5412323.238902379
GLO,F13,7,799117.0627281456
GLO,F13,8,5301069.343706165
GLO,F13,9,21122494.465459064
GLO,F13,10,1603912.776594954
GLO,F13,11,9356885.345867125
GLO,F13,12,2629007.8563429457
GLO,F13,13,6630908.122244288
GLO,F13,14,966359.0107542995
GLO,F13,15,1776734.2721044403
GLO,F13,16,487317.0331985065
GLO,F13,17,4131011.5243112054
GLO,F13,18,4501384.676302791
GLO,F13,19,14796832.25712627
GLO,F13,20,1816320.5084990915
GLO,F13,21,3576694.156424707
GLO,F13,22,2514070.985810257
GLO,F13,23,1262728.8438952907
GLO,F13,24,9874620.074208643
GLO,F13,25,6584490.325094226
GLO,F13,26,7242394.566123516
GLO,F13,27,1143499.037748416
GLO,F13,28,11092089.802704457
GLO,F13,29,3971635.1947458084
GLO,F13,30,1376200.4071727218
GLO,F14,1,1216078.6381433203
GLO,F14,2,752172.1866128085
GLO,F14,3,1627720.4819438946
GLO,F14,4,1984921.112731474
GLO,F14,5,2122451.0409521563
GLO,F14,6,1509548.9460386147
GLO,F14,7,3874069.567090921
GLO,F14,8,982570.8246896977
GLO,F14,9,1038542.7916646145
GLO,F14,10,1526525.3678249991
GLO,F14,11,2895838.6844016737
GLO,F14,12,6321829.387286401
GLO,F14,13,3733172.886526992
GLO,F14,14,1159549.170957432
GLO,F14,15,1061999.8980695733
GLO,F14,16,2143548.5410332507
GLO,F14,17,997132.0861364695
GLO,F14,18,954186.3910511658
GLO,F14,19,2088408.087162805
GLO,F14,20,2666469.3102274146
GLO,F14,21,2026503.8687117267
GLO,F14,22,1817941.1963287438
GLO,F14,23,2154561.7266552085
GLO,F14,24,1199859.269702704
GLO,F14,25,2101919.2753834627
GLO,F14,26,4088514.4682182684
GLO,F14,27,1123612.0870982711
GLO,F14,28,893141.1996538606
GLO,F14,29,8188432.922069743
GLO,F14,30,3245583.4652626473
GLO,F15,1,45411.74646392652
GLO,F15,2,98688.05018063371
GLO,F15,3,25639.587163858236
GLO,F15,4,29740.378437910917
GLO,F15,5,50177.09018668027
GLO,F15,6,29084.655097002378
GLO,F15,7,57810.2686552349
GLO,F15,8,62208.319874849396
GLO,F15,9,1962841.3305339094
GLO,F15,10,92857.29753244037
GLO,F15,11,58132.358638351856
GLO,F15,12,26135.944705187427
GLO,F15,13,58770.455722261904
GLO,F15,14,23832.477475102445
GLO,F15,15,30384.549156649962
GLO,F15,16,31937.136782311365
GLO,F15,17,25892.750139401905
GLO,F15,18,117301.24780876002
GLO,F15,19,101687.31333887583
GLO,F15,20,30691.406001237236
GLO,F15,21,134968.6317678971
GLO,F15,22,53832.64912386785
GLO,F15,23,39859.37097844359
GLO,F15,24,45030.34479035398
GLO,F15,25,56345.648693371535
GLO,F15,26,58003.108721440374
GLO,F15,27,52441.696452660704
GLO,F15,28,72270.53755086738
GLO,F15,29,38749.583564384244
GLO,F15,30,91019.11136256978
GLO,F16,1,5396.619368404576
GLO,F16,2,4990.42354744397
GLO,F16,3,5323.822716335833
GLO,F16,4,5358.29881618763
GLO,F16,5,5524.218141636678
GLO,F16,6,6029.857017823016
GLO,F16,7,5556.48195499199
GLO,F16,8,5217.928215126254
GLO,F16,9,5285.801796820442
GLO,F16,10,5477.260152452212
GLO,F16,11,5527.352626511662
GLO,F16,12,5387.790341026234
GLO,F16,13,5638.381053453189
GLO,F16,14,5533.8095431275815
GLO,F16,15,5457.4258522964155
GLO,F16,16,5148.397510132241
GLO,F16,17,5028.346790882604
GLO,F16,18,5523.838471238863
GLO,F16,19,5743.944302846018
GLO,F16,20,5177.871813935794
GLO,F16,21,5640.217478690346
GLO,F16,22,4953.4724877503995
GLO,F16,23,5528.19165769257
GLO,F16,24,5584.508760361494
GLO,F16,25,4696.812140988275
GLO,F16,26,5459.48421572503
GLO,F16,27,5781.532342451917
GLO,F16,28,5415.508478021465
GLO,F16,29,5591.649599291783
GLO,F16,30,5722.151000231361
GLO,F17,1,4063.766743766439
GLO,F17,2,4245.067127277649
GLO,F17,3,4450.199168816684
GLO,F17,4,4210.225019922735
GLO,F17,5,4147.874771589969
GLO,F17,6,4653.191686160804
GLO,F17,7,3983.4905498464364
GLO,F17,8,4233.716754506287
GLO,F17,9,4496.68272965703
GLO,F17,10,4715.139145862845
GLO,F17,11,4131.8942361744
GLO,F17,12,4305.778114530012
GLO,F17,13,4681.202488253302
GLO,F17,14,3904.327238898376
GLO,F17,15,4209.246469443793
GLO,F17,16,4313.5131693592875
GLO,F17,17,4477.368900497768
GLO,F17,18,4607.438166941769
GLO,F17,19,4367.308545017342
GLO,F17,20,4349.839820678555
GLO,F17,21,4499.333732931818
GLO,F17,22,4271.054734352933
GLO,F17,23,4226.8438890677035
GLO,F17,24,4716.693820113351
GLO,F17,25,4616.265399654309
GLO,F17,26,4430.597615490051
GLO,F17,27,4636.247181911045
GLO,F17,28,4441.206320751819
GLO,F17,29,4685.951480778342
GLO,F17,30,4590.783826960529
GLO,F18,1,24298988.323910262
GLO,F18,2,16292907.878112905
GLO,F18,3,7307642.980331228
GLO,F18,4,11748401.22555966
GLO,F18,5,3260261.600560164
GLO,F18,6,17622047.13018759
GLO,F18,7,20483980.591922294
GLO,F18,8,23644278.074621737
GLO,F18,9,6807716.3017994445
GLO,F18,10,31743754.23732867
GLO,F18,11,23072563.20856326
GLO,F18,12,20918143.516007718
GLO,F18,13,7379603.666023719
GLO,F18,14,7784516.1152467495
GLO,F18,15,15234813.246260444
GLO,F18,16,16984679.00757037
GLO,F18,17,32163675.28975051
GLO,F18,18,39060321.38095601
GLO,F18,19,35827936.65715934
GLO,F18,20,9575708.363064444
GLO,F18,21,26547252.473631557
GLO,F18,22,19673639.194820773
GLO,F18,23,21255916.18355575
GLO,F18,24,25911576.44321138
GLO,F18,25,16861993.002580952
GLO,F18,26,23608683.724395435
GLO,F18,27,41963663.66011427
GLO,F18,28,4337726.891169801
GLO,F18,29,25322048.323171448
GLO,F18,30,18394562.43558634
GLO,F19,1,213906.38312571106
GLO,F19,2,49010.12211485096
GLO,F19,3,54731.136175934065
GLO,F19,4,72934.52588326155
GLO,F19,5,158746.07253408132
GLO,F19,6,16921.463104150054
GLO,F19,7,49791.23668749674
GLO,F19,8,33054.33230731322
GLO,F19,9,99214.82262300706
GLO,F19,10,35861.77768440742
GLO,F19,11,17983.159224519753
GLO,F19,12,62550.60963508396
GLO,F19,13,343863.32153206813
GLO,F19,14,54669.35158339196
GLO,F19,15,257436.2300121996
GLO,F19,16,27973.072583219644
GLO,F19,17,72925.36520242195
GLO,F19,18,120164.04242635057
GLO,F19,19,18754.577766941908
GLO,F19,20,210081.00117014957
GLO,F19,21,32223.54471852946
GLO,F19,22,40662.85550296618
GLO,F19,23,49619.5356598274
GLO,F19,24,111996.66061573503
GLO,F19,25,42383.39795859366
GLO,F19,26,39830.927334426895
GLO,F19,27,104444.8809684727
GLO,F19,28,22546.667579216737
GLO,F19,29,92384.84184945752
GLO,F19,30,65629.09563571026
GLO,F20,1,3922.99140265652
GLO,F20,2,3710.7265682622483
GLO,F20,3,4120.89754085748
GLO,F20,4,3478.3282332129165
GLO,F20,5,3858.381843671048
GLO,F20,6,3932.935518639678
GLO,F20,7,3793.864480589027
GLO,F20,8,4335.8188163548075
GLO,F20,9,4209.708129361507
GLO,F20,10,4084.963445599381
GLO,F20,11,4188.6512966571045
GLO,F20,12,3459.4497037826177
GLO,F20,13,4082.588640088254
GLO,F20,14,3689.7222322577163
GLO,F20,15,3972.2690440718725
GLO,F20,16,4202.615216058417
GLO,F20,17,4113.6668815190305
GLO,F20,18,4063.8951432616886
GLO,F20,19,3919.005362371763
GLO,F20,20,3826.2981785005027
GLO,F20,21,3848.8644010959815
GLO,F20,22,3752.408828953671
GLO,F20,23,3603.1591756396965
GLO,F20,24,4108.460911864391
GLO,F20,25,3512.0758602085193
GLO,F20,26,3856.797168187376
GLO,F20,27,3129.111161467853
GLO,F20,28,3749.0147174110994
GLO,F20,29,3934.393713875458
GLO,F20,30,3788.090568560735
GLO,F21,1,2851.3483768908545
GLO,F21,2,2803.7807006595303
GLO,F21,3,2858.3860526425283
GLO,F21,4,2844.832713070408
GLO,F21,5,2878.0943258158354
GLO,F21,6,2868.405743728707
GLO,F21,7,2854.9138886112232
GLO,F21,8,2900.3191493962036
GLO,F21,9,2794.15051590051
GLO,F21,10,2830.749779081772
GLO,F21,11,2838.1122899997627
GLO,F21,12,2868.3712267522
GLO,F21,13,2783.211873147759
GLO,F21,14,2825.60158007659
GLO,F21,15,2844.6526187563686
GLO,F21,16,2816.8099803157056
GLO,F21,17,2801.8328057546382
GLO,F21,18,2863.0042983228495
GLO,F21,19,2859.3827976997563
GLO,F21,20,2845.9474529164445
GLO,F21,21,2824.450168587579
GLO,F21,22,2873.3265469945622
GLO,F21,23,2851.6466594350945
GLO,F21,24,2858.2364050670826
GLO,F21,25,2830.7375648765874
GLO,F21,26,2836.0834991310885
GLO,F21,27,2828.908121824648
GLO,F21,28,2811.099505132154
GLO,F21,29,2828.9078750061435
GLO,F21,30,2889.0639951948406
GLO,F22,1,3569.3961919751105
GLO,F22,2,3452.043732269497
GLO,F22,3,5038.310305447374
GLO,F22,4,4443.747553111534
GLO,F22,5,4218.83644419677
GLO,F22,6,3528.203538132012
GLO,F22,7,3930.501984143508
GLO,F22,8,3816.74142119931
GLO,F22,9,15874.676270187918
GLO,F22,10,3660.171538903933
GLO,F22,11,3757.131721417983
GLO,F22,12,15965.92233538566
GLO,F22,13,16108.13792366744
GLO,F22,14,16444.05539573144
GLO,F22,15,16479.837032470397
GLO,F22,16,17179.189026267915
GLO,F22,17,3827.0603140529583
GLO,F22,18,4328.471795637425
GLO,F22,19,4150.088003783732
GLO,F22,20,16670.318856505743
GLO,F22,21,4418.603404577298
GLO,F22,22,4301.395493945043
GLO,F22,23,5407.396667988103
GLO,F22,24,4210.4617646939305
GLO,F22,25,4987.957413567467
GLO,F22,26,6352.702239249979
GLO,F22,27,16741.603593227286
GLO,F22,28,4078.758805646511
GLO,F22,29,15405.232932140949
GLO,F22,30,3690.005008495128
GLO,F23,1,3226.4552074574294
GLO,F23,2,3226.1201840650037
GLO,F23,3,3271.591780983765
GLO,F23,4,3274.337271753514
GLO,F23,5,3276.775424618587
GLO,F23,6,3229.7451467883043
GLO,F23,7,3253.6080912575408
GLO,F23,8,3266.3656386039925
GLO,F23,9,3263.755358761397
GLO,F23,10,3243.187666084519
GLO,F23,11,3288.437694509652
GLO,F23,12,3226.0572353174475
GLO,F23,13,3269.4231683548624
GLO,F23,14,3296.988531819618
GLO,F23,15,3287.2539371358785
GLO,F23,16,3226.0630063367817
GLO,F23,17,3208.476066013697
GLO,F23,18,3209.1317793416392
GLO,F23,19,3249.8674132000374
GLO,F23,20,3261.510462884844
GLO,F23,21,3219.3078304349965
GLO,F23,22,3259.0328015302443
GLO,F23,23,3220.8655640479683
GLO,F23,24,3273.7886347469516
GLO,F23,25,3260.6932803312225
GLO,F23,26,3243.1523009006
GLO,F23,27,3233.1093693849293
GLO,F23,28,3227.5762679894096
GLO,F23,29,3235.4744508798876
GLO,F23,30,3268.076869046595
GLO,F24,1,3343.2030237232907
GLO,F24,2,3349.577749461067
GLO,F24,3,3386.2139047497094
GLO,F24,4,3333.4387020426248
GLO,F24,5,3405.1289072842824
GLO,F24,6,3363.050558278066
GLO,F24,7,3328.818861345741
GLO,F24,8,3400.4794349156396
GLO,F24,9,3359.418772846758
GLO,F24,10,3345.7664496702155
GLO,F24,11,3419.3244902554306
GLO,F24,12,3424.40957859418
GLO,F24,13,3325.322081791751
GLO,F24,14,3317.982398630401
GLO,F24,15,3362.2512858292985
GLO,F24,16,3362.81457642539
GLO,F24,17,3361.670660775152
GLO,F24,18,3393.337572491482
GLO,F24,19,3366.0520366473993
GLO,F24,20,3383.37880678965
GLO,F24,21,3401.0015439268823
GLO,F24,22,3329.077495081487
GLO,F24,23,3400.425233258946
GLO,F24,24,3355.8055265437733
GLO,F24,25,3371.5244051771997
GLO,F24,26,3376.5114064697696
GLO,F24,27,3345.963883339701
GLO,F24,28,3344.764070842217
GLO,F24,29,3346.1011727267087
GLO,F24,30,3384.9078421063223
GLO,F25,1,4606.683077016725
GLO,F25,2,4334.515041019631
GLO,F25,3,4941.30496330733
GLO,F25,4,4725.652482721104
GLO,F25,5,4534.238276719978
GLO,F25,6,4138.206238466508
GLO,F25,7,4107.862695747044
GLO,F25,8,4329.8878467095665
GLO,F25,9,5353.958511919197
GLO,F25,10,4148.945644759246
GLO,F25,11,4468.244721339004
GLO,F25,12,3964.345968415131
GLO,F25,13,4984.631483107217
GLO,F25,14,5089.270486799908
GLO,F25,15,5048.924714419711
GLO,F25,16,3638.917992408077
GLO,F25,17,4296.326758746485
GLO,F25,18,3999.6660668688864
GLO,F25,19,3848.4404634462353
GLO,F25,20,4556.884571920493
GLO,F25,21,3615.848683266059
GLO,F25,22,4548.014723078484
GLO,F25,23,4199.490717051233
GLO,F25,24,4825.434305596569
GLO,F25,25,4044.604061573404
GLO,F25,26,4043.448641286089
GLO,F25,27,4911.342437975014
GLO,F25,28,4657.666133399038
GLO,F25,29,4555.3337825361405
GLO,F25,30,3955.3578469481445
GLO,F26,1,5737.435156068276
GLO,F26,2,6974.561627587102
GLO,F26,3,12845.762914439478
GLO,F26,4,6923.798271591795
GLO,F26,5,6857.5772524312015
GLO,F26,6,5758.167162408074
GLO,F26,7,6182.062495703275
GLO,F26,8,5573.870352676058
GLO,F26,9,6902.424032715094
GLO,F26,10,6513.458580854569
GLO,F26,11,9490.528301297534
GLO,F26,12,6470.137966519152
GLO,F26,13,5725.313168899461
GLO,F26,14,7064.807775653398
GLO,F26,15,7286.127294384838
GLO,F26,16,6285.086042606393
GLO,F26,17,6669.745558332755
GLO,F26,18,6687.694417674151
GLO,F26,19,6773.192020990651
GLO,F26,20,5961.647660997995
GLO,F26,21,6989.590221006637
GLO,F26,22,6157.258482952633
GLO,F26,23,5874.172521184673
GLO,F26,24,6348.963735490233
GLO,F26,25,6624.359110537476
GLO,F26,26,6290.95961208171
GLO,F26,27,6623.274172266247
GLO,F26,28,9107.912014146608
GLO,F26,29,5695.495363507313
GLO,F26,30,6558.217957584959
GLO,F27,1,3620.4086480824612
GLO,F27,2,3771.8376566018933
GLO,F27,3,3451.9739463917585
GLO,F27,4,3475.491655323335
GLO,F27,5,3474.6993726978185
GLO,F27,6,3724.4529165815866
GLO,F27,7,3678.190354850198
GLO,F27,8,3590.841545597469
GLO,F27,9,3636.316948185659
GLO,F27,10,3602.4806227806134
GLO,F27,11,3479.8244257577617
GLO,F27,12,3525.5742477290914
GLO,F27,13,3544.646701036857
GLO,F27,14,3587.4034045001763
GLO,F27,15,3690.966538929639
GLO,F27,16,3528.747364727872
GLO,F27,17,3542.3993396656715
GLO,F27,18,3655.329907660212
GLO,F27,19,3633.8499057473637
GLO,F27,20,3677.6004027002964
GLO,F27,21,3638.6412381426044
GLO,F27,22,3560.5946575037865
GLO,F27,23,3491.9539578762688
GLO,F27,24,3476.986684795311
GLO,F27,25,3491.5406173837964
GLO,F27,26,3543.946291226534
GLO,F27,27,3625.391967933966
GLO,F27,28,3459.7771860080848
GLO,F27,29,3681.242384338809
GLO,F27,30,3580.686352064452
GLO,F28,1,4694.5565471319915
GLO,F28,2,3766.1794895933867
GLO,F28,3,4429.796832453075
GLO,F28,4,5040.6671103087465
GLO,F28,5,4680.785638812627
GLO,F28,6,4160.316203232309
GLO,F28,7,5085.777727807625
GLO,F28,8,4019.5333781112327
GLO,F28,9,5683.733674073166
GLO,F28,10,3731.4114711601
GLO,F28,11,5134.691036198874
GLO,F28,12,3857.6797700293464
GLO,F28,13,4159.480559788376
GLO,F28,14,4786.4770295335275
GLO,F28,15,4000.672258795177
GLO,F28,16,4483.263609856007
GLO,F28,17,4901.648201529731
GLO,F28,18,4708.703163229116
GLO,F28,19,5528.697388957894
GLO,F28,20,4985.364473254089
GLO,F28,21,4976.267371713393
GLO,F28,22,5106.266946959458
GLO,F28,23,4139.411332785755
GLO,F28,24,3734.698711300356
GLO,F28,25,4242.10680140552
GLO,F28,26,4564.43753152837
GLO,F28,27,4387.870018926934
GLO,F28,28,4153.053955068332
GLO,F28,29,3979.851684603982
GLO,F28,30,4027.1608775787454
GLO,F29,1,5364.749859278376
GLO,F29,2,6331.822217403222
GLO,F29,3,5574.405891520807
GLO,F29,4,5976.816643710855
GLO,F29,5,5999.915117830945
GLO,F29,6,5948.405417395174
GLO,F29,7,5520.869396194281
GLO,F29,8,5898.903039806679
GLO,F29,9,6083.297345144318
GLO,F29,10,6479.383758927845
GLO,F29,11,5667.139264177771
GLO,F29,12,5746.23939882182
GLO,F29,13,6020.521749028833
GLO,F29,14,5789.980461549274
GLO,F29,15,5963.620766228014
GLO,F29,16,5168.495509701691
GLO,F29,17,5511.138810417125
GLO,F29,18,6410.827083362326
GLO,F29,19,5685.38642349345
GLO,F29,20,4986.651386329053
GLO,F29,21,5626.86662248434
GLO,F29,22,6195.062299719371
GLO,F29,23,6237.15451852165
GLO,F29,24,5938.620384642018
GLO,F29,25,5995.801346906404
GLO,F29,26,6470.529958253232
GLO,F29,27,6381.264612325012
GLO,F29,28,5090.298344985263
GLO,F29,29,6298.3035649080075
GLO,F29,30,5892.137988853365
GLO,F30,1,34826196.914277725
GLO,F30,2,4278770.980706263
GLO,F30,3,11117833.929561747
GLO,F30,4,24950784.506112784
GLO,F30,5,6696752.794716619
GLO,F30,6,6899172.952043921
GLO,F30,7,8210177.084336031
GLO,F30,8,63961142.62752002
GLO,F30,9,44039219.5070555
GLO,F30,10,54632111.61735131
GLO,F30,11,7696666.88964957
GLO,F30,12,86883921.1045017
GLO,F30,13,32664548.9669135
GLO,F30,14,50528430.574839264
GLO,F30,15,56532673.49913846
GLO,F30,16,11997197.400251048
GLO,F30,17,13517041.291906845
GLO,F30,18,8924659.82810175
GLO,F30,19,35256510.86624115
GLO,F30,20,54002904.98204726
GLO,F30,21,16772572.472216088
GLO,F30,22,26091670.41717002
GLO,F30,23,8751755.628711537
GLO,F30,24,37877305.16210801
GLO,F30,25,7862839.481373941
GLO,F30,26,14112634.83146922
GLO,F30,27,31471068.722685844
GLO,F30,28,24228869.482676975
GLO,F30,29,11696190.138724068
GLO,F30,30,5236808.43029198
AOO,F1,1,11010120202.71702
AOO,F1,2,18566654083.716393
AOO,F1,3,20309251250.637978
AOO,F1,4,19820061840.840656
AOO,F1,5,20425568594.84382
AOO,F1,6,15215869186.313654
AOO,F1,7,20293960329.346363
AOO,F1,8,15067888721.76668
AOO,F1,9,15451481664.953632
AOO,F1,10,15063049520.286184
AOO,F1,11,20488689271.70987
AOO,F1,12,16791594419.40763
AOO,F1,13,19095415268.884987
AOO,F1,14,11915222774.303965
AOO,F1,15,18002426489.23553
AOO,F1,16,18909989151.220158
AOO,F1,17,17168757917.463718
AOO,F1,18,18496347974.67897
AOO,F1,19,17679795166.25974
AOO,F1,20,16490995178.03916
AOO,F1,21,17364390219.99547
AOO,F1,22,14680252589.537054
AOO,F1,23,18412212065.053215
AOO,F1,24,15004460446.831293
AOO,F1,25,18975176000.24466
AOO,F1,26,19022787823.31944
AOO,F1,27,15918052079.12219
AOO,F1,28,15553160813.032305
AOO,F1,29,16977147112.46495
AOO,F1,30,19203264991.276955
AOO,F3,1,128234.22946515908
AOO,F3,2,191303.1726966655
AOO,F3,3,165166.65791196882
AOO,F3,4,192332.60103273275
AOO,F3,5,159425.30342342475
AOO,F3,6,159336.43785721436
AOO,F3,7,116397.02017797851
AOO,F3,8,136532.55101420326
AOO,F3,9,195200.9233997391
AOO,F3,10,165494.3344826306
AOO,F3,11,127110.91548473456
AOO,F3,12,126814.98089426603
AOO,F3,13,110157.39654988119
AOO,F3,14,109154.24725588349
AOO,F3,15,112591.88909179793
AOO,F3,16,159371.0543318859
AOO,F3,17,152748.23635608595
AOO,F3,18,158014.56974105106
AOO,F3,19,156589.42468045466
AOO,F3,20,179014.090033208
AOO,F3,21,163186.27558736678
AOO,F3,22,152734.48982494033
AOO,F3,23,181251.4004854307
AOO,F3,24,130625.92431477444
AOO,F3,25,108818.69833844142
AOO,F3,26,152118.71198152794
AOO,F3,27,145647.6851738127
AOO,F3,28,187950.32552174042
AOO,F3,29,173671.1141707294
AOO,F3,30,118246.80334696564
AOO,F4,1,1907.472635622277
AOO,F4,2,2204.718747526286
AOO,F4,3,1718.0171537989515
AOO,F4,4,1779.3802569359239
AOO,F4,5,1912.1425851075878
AOO,F4,6,1928.3191739440051
AOO,F4,7,2620.3886725719035
AOO,F4,8,2204.928983454458
AOO,F4,9,2318.926207716268
AOO,F4,10,2230.3608986726013
AOO,F4,11,1777.37705178317
AOO,F4,12,1717.56296232562
AOO,F4,13,1950.2236111903667
AOO,F4,14,2062.3135514130604
AOO,F4,15,1773.0637043299494
AOO,F4,16,1928.3818912899796
AOO,F4,17,1628.5971777973814
AOO,F4,18,2625.124179628446
AOO,F4,19,3043.4057056126994
AOO,F4,20,2288.7609961611715
AOO,F4,21,1605.3682815619516
AOO,F4,22,1886.8161417145068
AOO,F4,23,2216.971049963538
AOO,F4,24,1882.2345124069707
AOO,F4,25,2698.2280857417168
AOO,F4,26,2250.815251298201
AOO,F4,27,1947.8701974254263
AOO,F4,28,1746.9143054040883
AOO,F4,29,1565.4461626934203
AOO,F4,30,1635.7952463658564
AOO,F5,1,1174.811059390057
AOO,F5,2,1113.2712125242538
AOO,F5,3,1088.64880592485
AOO,F5,4,1055.438962383678
AOO,F5,5,1034.718084620637
AOO,F5,6,1069.3573270772033
AOO,F5,7,1023.1205013684483
AOO,F5,8,1049.998662776889
AOO,F5,9,1043.9655478768514
AOO,F5,10,1020.2216352205405
AOO,F5,11,1005.4043861585762
AOO,F5,12,1040.1662019096002
AOO,F5,13,1074.7925932640599
AOO,F5,14,1086.16441515424
AOO,F5,15,1029.067686146116
AOO,F5,16,1054.5549735336697
AOO,F5,17,1113.141933279895
AOO,F5,18,1001.6120587360799
AOO,F5,19,1069.978326388194
AOO,F5,20,1140.7558811134083
AOO,F5,21,1059.7838265614935
AOO,F5,22,1083.7065234545066
AOO,F5,23,1072.6415951030722
AOO,F5,24,1047.8097271022084
AOO,F5,25,1108.776696180668
AOO,F5,26,1125.4076121463713
AOO,F5,27,1054.0807433703617
AOO,F5,28,1031.1517547330157
AOO,F5,29,1089.7528838449057
AOO,F5,30,1066.4220301123976
AOO,F6,1,668.8813075314697
AOO,F6,2,674.180456277123
AOO,F6,3,704.3625264387858
AOO,F6,4,662.7380299218413
AOO,F6,5,662.1882839768
AOO,F6,6,662.06699135109
AOO,F6,7,639.0784864769216
AOO,F6,8,661.9890271343432
AOO,F6,9,681.3836275052792
AOO,F6,10,676.9554724990103
AOO,F6,11,672.5216933081956
AOO,F6,12,668.5825276923513
AOO,F6,13,676.1140177487312
AOO,F6,14,689.0621298317942
AOO,F6,15,654.9864968051655
AOO,F6,16,660.0336618763184
AOO,F6,17,661.2199050498366
AOO,F6,18,666.3159216790697
AOO,F6,19,648.9741927875978
AOO,F6,20,676.1399056900268
AOO,F6,21,659.9951922817155
AOO,F6,22,674.8157956432226
AOO,F6,23,670.4815271518152
AOO,F6,24,653.7139345384533
AOO,F6,25,666.0363624619711
AOO,F6,26,659.7508614772877
AOO,F6,27,655.9072484678182
AOO,F6,28,655.6519974559751
AOO,F6,29,666.3826607629857
AOO,F6,30,640.8935000885795
AOO,F7,1,1717.7129215003254
AOO,F7,2,1740.6179798820394
AOO,F7,3,1665.2959982235736
AOO,F7,4,1630.0296036293864
AOO,F7,5,1794.7208349713242
AOO,F7,6,1675.3598312684578
AOO,F7,7,1611.998489426327
AOO,F7,8,1601.7241671862741
AOO,F7,9,1654.8829789655776
AOO,F7,10,1589.1868909004668
AOO,F7,11,1604.3317231311767
AOO,F7,12,1691.8149692691304
AOO,F7,13,1625.5671765368015
AOO,F7,14,1724.880383907015
AOO,F7,15,1737.1150280262523
AOO,F7,16,1776.9204098930586
AOO,F7,17,1549.5099040130328
AOO,F7,18,1645.299475041498
AOO,F7,19,1615.0948857914727
AOO,F7,20,1769.9890801627457
AOO,F7,21,1713.9317094016305
AOO,F7,22,1813.9581831952164
AOO,F7,23,1734.4613240749127
AOO,F7,24,1600.6487155774407
AOO,F7,25,1632.1542241336542
AOO,F7,26,1607.633426605561
AOO,F7,27,1601.377757884672
AOO,F7,28,1612.4227844913044
AOO,F7,29,1655.6677274989431
AOO,F7,30,1632.6193940237215
AOO,F8,1,1354.3556982723053
AOO,F8,2,1356.8911264733822
AOO,F8,3,1370.772314209928
AOO,F8,4,1294.141797665151
AOO,F8,5,1299.049251281477
AOO,F8,6,1395.422085198707
AOO,F8,7,1327.6223058582302
AOO,F8,8,1372.9459978181044
AOO,F8,9,1408.0369054028486
AOO,F8,10,1405.0073775411167
AOO,F8,11,1310.7313694969498
AOO,F8,12,1461.6769069694406
AOO,F8,13,1333.4965473483435
AOO,F8,14,1368.4419657816597
AOO,F8,15,1349.562236934722
AOO,F8,16,1365.1151505605258
AOO,F8,17,1330.7885639670544
AOO,F8,18,1401.7372838407605
AOO,F8,19,1346.562610332424
AOO,F8,20,1398.3457275412018
AOO,F8,21,1408.9479463619668
AOO,F8,22,1367.8545624487338
AOO,F8,23,1436.7893699407418
AOO,F8,24,1292.590738042997
AOO,F8,25,1392.887243632647
AOO,F8,26,1391.8646114494413
AOO,F8,27,1362.4019277644525
AOO,F8,28,1430.3826493741985
AOO,F8,29,1388.348865500511
AOO,F8,30,1356.7681461776147
AOO,F9,1,26776.889726343405
AOO,F9,2,20044.641712978188
AOO,F9,3,18184.9930853694
AOO,F9,4,18381.395283379243
AOO,F9,5,18952.910113783717
AOO,F9,6,28559.44462787894
AOO,F9,7,18270.523605419123
AOO,F9,8,21315.639650582358
AOO,F9,9,34241.51821351419
AOO,F9,10,14864.908630738879
AOO,F9,11,19353.007040592955
AOO,F9,12,12534.472828020464
AOO,F9,13,24859.027953956378
AOO,F9,14,22885.8920678761
AOO,F9,15,47843.66270970905
AOO,F9,16,32900.92069742817
AOO,F9,17,25725.601004549393
AOO,F9,18,16504.406429124352
AOO,F9,19,33727.33527358861
AOO,F9,20,25116.535215920576
AOO,F9,21,36670.32697438471
AOO,F9,22,33566.36136644392
AOO,F9,23,20117.927546915576
AOO,F9,24,20706.36651343435
AOO,F9,25,26502.120936213665
AOO,F9,26,17089.145885525417
AOO,F9,27,15027.124505887065
AOO,F9,28,23606.88372216774
AOO,F9,29,16150.500052920263
AOO,F9,30,28987.561518037608
AOO,F10,1,15121.584343492716
AOO,F10,2,15268.738620731025
AOO,F10,3,15101.414689852641
AOO,F10,4,15574.563719584627
AOO,F10,5,14957.48987719782
AOO,F10,6,15050.993818534771
AOO,F10,7,15592.927861146967
AOO,F10,8,15309.460854221026
AOO,F10,9,15313.074330970947
AOO,F10,10,15129.599016102087
AOO,F10,11,15278.133418308851
AOO,F10,12,15607.759191627301
AOO,F10,13,15328.403573751379
AOO,F10,14,14850.102639146786
AOO,F10,15,15217.26705245124
AOO,F10,16,15447.543806121455
AOO,F10,17,15837.253159587293
AOO,F10,18,14983.259610032295
AOO,F10,19,15434.056273641545
AOO,F10,20,15446.045321523052
AOO,F10,21,14765.85215090365
AOO,F10,22,15267.065153125743
AOO,F10,23,15379.387581690573
AOO,F10,24,13916.837953279286
AOO,F10,25,14158.045534548091
AOO,F10,26,15600.281347060623
AOO,F10,27,15054.418749437367
AOO,F10,28,15378.956408866057
AOO,F10,29,15783.757137353325
AOO,F10,30,15312.539342779713
AOO,F11,1,5334.219758632333
AOO,F11,2,4389.939826926016
AOO,F11,3,4804.121014149505
AOO,F11,4,4090.5087427226977
AOO,F11,5,5178.163752092147
AOO,F11,6,5897.242728363112
AOO,F11,7,5123.420819736975
AOO,F11,8,4558.62635557121
AOO,F11,9,5051.322042502632
AOO,F11,10,5170.027530162043
AOO,F11,11,3508.660500160687
AOO,F11,12,4708.63643973101
AOO,F11,13,4927.333527194366
AOO,F11,14,4814.904300358148
AOO,F11,15,5044.135676290098
AOO,F11,16,4186.810760844771
AOO,F11,17,4176.517433117504
AOO,F11,18,5932.93008290925
AOO,F11,19,5335.416847181818
AOO,F11,20,8538.82417035976
AOO,F11,21,4419.2408923113935
AOO,F11,22,6517.427156388885
AOO,F11,23,4091.750208945456
AOO,F11,24,4439.454759065555
AOO,F11,25,4297.743922635093
AOO,F11,26,5713.205761327872
AOO,F11,27,4986.512095263664
AOO,F11,28,4492.232986535168
AOO,F11,29,4058.5782403544367
AOO,F11,30,4546.267644788047
AOO,F12,1,5069477357.510022
AOO,F12,2,4549794189.634761
AOO,F12,3,4932535222.899021
AOO,F12,4,5091394116.911942
AOO,F12,5,5362331306.852652
AOO,F12,6,3724170898.9370804
AOO,F12,7,4276835946.373374
AOO,F12,8,4083135310.8890843
AOO,F12,9,3644150336.9603376
AOO,F12,10,4672014917.918941
AOO,F12,11,3268265689.8741307
AOO,F12,12,4214867194.6787
AOO,F12,13,4585313605.08465
AOO,F12,14,5687437411.206768
AOO,F12,15,2685286263.3612876
AOO,F12,16,4825486673.790045
AOO,F12,17,4075594692.4458923
AOO,F12,18,2985080746.096678
AOO,F12,19,3956795815.7946863
AOO,F12,20,4477546783.810069
AOO,F12,21,5017832642.162929
AOO,F12,22,3797839846.714655
AOO,F12,23,3559694423.9984303
AOO,F12,24,4335558784.781051
AOO,F12,25,3833975076.6365366
AOO,F12,26,4871742747.900051
AOO,F12,27,4568060371.952395
AOO,F12,28,2968848675.7136974
AOO,F12,29,4744280700.871929
AOO,F12,30,5815218944.369793
AOO,F13,1,1832131246.5180867
AOO,F13,2,2094251740.207166
AOO,F13,3,1892763934.9276893
AOO,F13,4,1527570374.856467
AOO,F13,5,2167057980.6880713
AOO,F13,6,1239265744.6463127
AOO,F13,7,1528085178.2659187
AOO,F13,8,1234485391.7936091
AOO,F13,9,2084126025.9866793
AOO,F13,10,1589556031.8410137
AOO,F13,11,2005609038.2220747
AOO,F13,12,1667325658.9574254
AOO,F13,13,1530630547.1940267
AOO,F13,14,989847668.9469255
AOO,F13,15,1336079807.8650174
AOO,F13,16,1679018707.485607
AOO,F13,17,2027378947.276531
AOO,F13,18,1287640986.954949
AOO,F13,19,1475258671.9058294
AOO,F13,20,2420901822.5284305
AOO,F13,21,2119678880.1558118
AOO,F13,22,1623523411.8300743
AOO,F13,23,1301345377.6117086
AOO,F13,24,1645405432.1301873
AOO,F13,25,1377982507.9500082
AOO,F13,26,1689871051.052371
AOO,F13,27,1952239742.4337888
AOO,F13,28,1425039849.3373623
AOO,F13,29,1867340204.3035367
AOO,F13,30,1660651289.9532757
AOO,F14,1,2436402.6431668284
AOO,F14,2,5650135.77798114
AOO,F14,3,2529759.356079477
AOO,F14,4,4230620.877122224
AOO,F14,5,3444465.0905597038
AOO,F14,6,2173361.2251665853
AOO,F14,7,2285655.5658497107
AOO,F14,8,1656338.3074445778
AOO,F14,9,3385274.646804228
AOO,F14,10,1339419.7601436495
AOO,F14,11,2849061.4437463903
AOO,F14,12,1062251.6756797093
AOO,F14,13,528969.3557968157
AOO,F14,14,1702392.014463822
AOO,F14,15,1517366.2263358615
AOO,F14,16,997941.3794763369
AOO,F14,17,3033117.872483114
AOO,F14,18,1199433.8066539778
AOO,F14,19,577887.559355267
AOO,F14,20,2460260.743981102
AOO,F14,21,1917684.7587307913
AOO,F14,22,1997827.1532655568
AOO,F14,23,2660023.035321046
AOO,F14,24,2199466.19533353
AOO,F14,25,1794935.3303786407
AOO,F14,26,1403066.845047883
AOO,F14,27,1006377.6491110811
AOO,F14,28,1748918.192446635
AOO,F14,29,2367209.630744913
AOO,F14,30,1830711.1600675508
AOO,F15,1,693431465.971926
AOO,F15,2,485584567.9870315
AOO,F15,3,469379357.5482908
AOO,F15,4,354273358.1023852
AOO,F15,5,619543348.1784598
AOO,F15,6,594619831.5316441
AOO,F15,7,349152075.55397135
AOO,F15,8,420026436.6492091
AOO,F15,9,556845303.6938722
AOO,F15,10,447055697.93607116
AOO,F15,11,364539969.2034515
AOO,F15,12,331026142.57412994
AOO,F15,13,547770190.038589
AOO,F15,14,248001523.66786548
AOO,F15,15,443332864.9325477
AOO,F15,16,713154395.160599
AOO,F15,17,527147419.3680864
AOO,F15,18,518115773.35140896
AOO,F15,19,501665632.8651646
AOO,F15,20,350708881.12668127
AOO,F15,21,653510483.0945475
AOO,F15,22,531794524.02186584
AOO,F15,23,383636215.88014126
AOO,F15,24,264382125.25003928
AOO,F15,25,601608578.1836205
AOO,F15,26,376377132.69833094
AOO,F15,27,439696617.7224139
AOO,F15,28,216061349.84946156
AOO,F15,29,550479569.5035223
AOO,F15,30,520420226.3843477
AOO,F16,1,5713.875033060199
AOO,F16,2,5008.890801675789
AOO,F16,3,5242.876466079757
AOO,F16,4,5898.184602627875
AOO,F16,5,5688.782299406163
AOO,F16,6,4844.855568458042
AOO,F16,7,5245.453134065102
AOO,F16,8,5455.669214848406
AOO,F16,9,4868.073021102767
AOO,F16,10,5494.825353026372
AOO,F16,11,5294.539288624997
AOO,F16,12,5732.895783503472
AOO,F16,13,5671.641788478307
AOO,F16,14,5100.650438107365
AOO,F16,15,5993.219997256995
AOO,F16,16,5355.427987200317
AOO,F16,17,5591.522514693694
AOO,F16,18,4885.335975521122
AOO,F16,19,5425.103379973572
AOO,F16,20,6004.789689647513
AOO,F16,21,5369.342159081063
AOO,F16,22,5531.028837917007
AOO,F16,23,5250.517861278683
AOO,F16,24,5814.200244476882
AOO,F16,25,5268.924807814586
AOO,F16,26,5644.978869706643
AOO,F16,27,5310.31890739374
AOO,F16,28,5362.061977806001
AOO,F16,29,5515.125042923073
AOO,F16,30,5192.147233974456
AOO,F17,1,5284.981961519741
AOO,F17,2,3842.7302065111517
AOO,F17,3,4850.836217645123
AOO,F17,4,4750.893424591042
AOO,F17,5,4781.383424329384
AOO,F17,6,4319.836582701484
AOO,F17,7,4411.943675881466
AOO,F17,8,4715.441335531563
AOO,F17,9,4972.622135841981
AOO,F17,10,4585.422387814058
AOO,F17,11,4904.408192757327
AOO,F17,12,4646.410937974012
AOO,F17,13,4557.180893417875
AOO,F17,14,4678.928299644287
AOO,F17,15,4119.606146863391
AOO,F17,16,5102.472846554585
AOO,F17,17,4403.554634124752
AOO,F17,18,4975.524654848615
AOO,F17,19,4643.618461435677
AOO,F17,20,4914.232971689302
AOO,F17,21,4486.739836091791
AOO,F17,22,4267.863949656578
AOO,F17,23,5278.696836326716
AOO,F17,24,4001.917404971131
AOO,F17,25,4531.564312700415
AOO,F17,26,4254.436912832565
AOO,F17,27,4858.536186040677
AOO,F17,28,4975.27241089177
AOO,F17,29,4813.838932111982
AOO,F17,30,4479.635424929494
AOO,F18,1,29279662.122146383
AOO,F18,2,14102649.772078505
AOO,F18,3,7377039.543977886
AOO,F18,4,13876531.13994519
AOO,F18,5,11295132.016221818
AOO,F18,6,18889987.32460848
AOO,F18,7,12719257.51070321
AOO,F18,8,11675560.014224945
AOO,F18,9,9318051.36069204
AOO,F18,10,11199667.419397242
AOO,F18,11,10889384.662587214
AOO,F18,12,16463775.9444138
AOO,F18,13,24782497.765002772
AOO,F18,14,15460360.44114776
AOO,F18,15,10843919.334296921
AOO,F18,16,9817447.925752116
AOO,F18,17,8753844.380133023
AOO,F18,18,15315169.620841647
AOO,F18,19,14087425.382945523
AOO,F18,20,11545384.929982528
AOO,F18,21,24839530.49464316
AOO,F18,22,12850126.29954228
AOO,F18,23,15663474.070393402
AOO,F18,24,16998514.34735595
AOO,F18,25,8225915.484296933
AOO,F18,26,18589537.226578392
AOO,F18,27,12559544.48967925
AOO,F18,28,7893014.379509168
AOO,F18,29,18693971.663096648
AOO,F18,30,18563272.002625376
AOO,F19,1,175104401.61259887
AOO,F19,2,150761561.8899338
AOO,F19,3,309110098.1372611
AOO,F19,4,279024443.82889813
AOO,F19,5,278469766.10203344
AOO,F19,6,309980342.70738775
AOO,F19,7,309881415.1025902
AOO,F19,8,167160299.01981586
AOO,F19,9,254783092.76118574
AOO,F19,10,129364251.62727049
AOO,F19,11,304632881.38910794
AOO,F19,12,210551032.91082406
AOO,F19,13,206328130.4405807
AOO,F19,14,377200081.80286103
AOO,F19,15,198787876.51359192
AOO,F19,16,141821058.2095522
AOO,F19,17,351198607.8395888
AOO,F19,18,300365979.4602447
AOO,F19,19,277976787.0900449
AOO,F19,20,247071315.7324663
AOO,F19,21,200659194.76062974
AOO,F19,22,240490792.97390047
AOO,F19,23,235415743.3352636
AOO,F19,24,212422288.05935192
AOO,F19,25,217528712.89641657
AOO,F19,26,229307879.37201306
AOO,F19,27,219893645.08646372
AOO,F19,28,226806453.285535
AOO,F19,29,177691459.73469085
AOO,F19,30,114804255.69262971
AOO,F20,1,4444.055982128151
AOO,F20,2,4191.947001997529
AOO,F20,3,4306.236241897439
AOO,F20,4,4124.75062984905
AOO,F20,5,4370.572563713292
AOO,F20,6,3833.042506670584
AOO,F20,7,3908.2383747695903
AOO,F20,8,3913.0464975311265
AOO,F20,9,3950.534025353016
AOO,F20,10,3537.7571650524474
AOO,F20,11,4290.207123699726
AOO,F20,12,4115.841717899939
AOO,F20,13,4195.290993276796
AOO,F20,14,3816.777089010955
AOO,F20,15,4274.965651401872
AOO,F20,16,4190.1107767877675
AOO,F20,17,4279.349338823405
AOO,F20,18,3948.7142675036284
AOO,F20,19,4229.4527373314595
AOO,F20,20,3927.097764285725
AOO,F20,21,4000.091815094226
AOO,F20,22,4267.374804123547
AOO,F20,23,4167.526262513922
AOO,F20,24,4414.318476798784
AOO,F20,25,4072.1557697933836
AOO,F20,26,4024.02671257717
AOO,F20,27,4097.408964646838
AOO,F20,28,4366.827670900965
AOO,F20,29,4021.2592305071203
AOO,F20,30,4158.69918881979
AOO,F21,1,2791.871065864635
AOO,F21,2,2855.100577634803
AOO,F21,3,2814.764521515422
AOO,F21,4,2841.2961028821687
AOO,F21,5,2850.930971397404
AOO,F21,6,2811.9900874828913
AOO,F21,7,2895.51574992778
AOO,F21,8,2923.5183137871645
AOO,F21,9,2780.3797797169673
AOO,F21,10,2925.7049739409367
AOO,F21,11,2834.0634245802794
AOO,F21,12,2825.6562363535054
AOO,F21,13,2872.3645762550823
AOO,F21,14,2810.5637759230895
AOO,F21,15,2804.4770027504596
AOO,F21,16,2812.587497485737
AOO,F21,17,2813.8357726215218
AOO,F21,18,2793.2758302485527
AOO,F21,19,2810.3940230597773
AOO,F21,20,2839.3035028262607
AOO,F21,21,2841.7400036957956
AOO,F21,22,2825.8438637814156
AOO,F21,23,2776.933267557314
AOO,F21,24,2826.114446618947
AOO,F21,25,2831.8744657828543
AOO,F21,26,2861.7203149124866
AOO,F21,27,2859.664439221453
AOO,F21,28,2880.1473638965153
AOO,F21,29,2869.6108091769624
AOO,F21,30,2823.956054259902
AOO,F22,1,16135.191188385863
AOO,F22,2,17335.35838219166
AOO,F22,3,16704.857417050334
AOO,F22,4,16829.829799796327
AOO,F22,5,17171.23249739738
AOO,F22,6,16722.956458749843
AOO,F22,7,16428.554110080702
AOO,F22,8,17202.13558972047
AOO,F22,9,16837.489728026398
AOO,F22,10,17071.332707501082
AOO,F22,11,15976.970469694876
AOO,F22,12,16879.83109724259
AOO,F22,13,16254.398083504644
AOO,F22,14,16221.710626944901
AOO,F22,15,16325.397784472627
AOO,F22,16,16713.08730213896
AOO,F22,17,16825.608248838333
AOO,F22,18,16350.906093997308
AOO,F22,19,17195.858488525562
AOO,F22,20,16845.05146572768
AOO,F22,21,16172.694812551197
AOO,F22,22,16850.918562782033
AOO,F22,23,16348.08317261944
AOO,F22,24,16186.931136151248
AOO,F22,25,16410.49213096172
AOO,F22,26,17018.569786968776
AOO,F22,27,15652.316526379787
AOO,F22,28,16422.92427641803
AOO,F22,29,16687.00257276038
AOO,F22,30,16614.40315497577
AOO,F23,1,3308.528858671732
AOO,F23,2,3413.158228570104
AOO,F23,3,3270.867215016683
AOO,F23,4,3358.6179864138835
AOO,F23,5,3419.0099986544287
AOO,F23,6,3258.3014648676844
AOO,F23,7,3330.1222088868954
AOO,F23,8,3344.8905883234515
AOO,F23,9,3338.017454767215
AOO,F23,10,3374.355030866931
AOO,F23,11,3291.089715087478
AOO,F23,12,3297.9913782901226
AOO,F23,13,3290.7292483022247
AOO,F23,14,3382.554829717881
AOO,F23,15,3325.0485449125645
AOO,F23,16,3459.199090205506
AOO,F23,17,3367.072196803112
AOO,F23,18,3280.9648528702946
AOO,F23,19,3266.5632541719096
AOO,F23,20,3304.5899856289584
AOO,F23,21,3350.6115661557496
AOO,F23,22,3281.0071163653274
AOO,F23,23,3332.2996314640136
AOO,F23,24,3309.8851489031294
AOO,F23,25,3373.8840739699867
AOO,F23,26,3279.4998919519608
AOO,F23,27,3441.643615267297
AOO,F23,28,3343.755859263946
AOO,F23,29,3292.4248553097927
AOO,F23,30,3328.742491207355
AOO,F24,1,3542.1855483364543
AOO,F24,2,3463.7707730743814
AOO,F24,3,3447.803284849834
AOO,F24,4,3555.117928491415
AOO,F24,5,3503.7147442554797
AOO,F24,6,3484.2783702968427
AOO,F24,7,3448.152345540313
AOO,F24,8,3519.8830823141525
AOO,F24,9,3490.409722882342
AOO,F24,10,3517.778710653787
AOO,F24,11,3371.4726754978487
AOO,F24,12,3452.8685623216015
AOO,F24,13,3471.6976596718177
AOO,F24,14,3385.9782008982643
AOO,F24,15,3387.0370888531725
AOO,F24,16,3512.3868207658634
AOO,F24,17,3532.4523752752584
AOO,F24,18,3500.226456404703
AOO,F24,19,3408.964781388953
AOO,F24,20,3368.526141983216
AOO,F24,21,3444.161040953155
AOO,F24,22,3481.1711518620896
AOO,F24,23,3492.7852531136905
AOO,F24,24,3518.7781504336526
AOO,F24,25,3515.1312878715676
AOO,F24,26,3678.434200761718
AOO,F24,27,3410.33895913581
AOO,F24,28,3458.301710207673
AOO,F24,29,3430.730730483899
AOO,F24,30,3416.382747747436
AOO,F25,1,4206.15353324955
AOO,F25,2,4145.941125808388
AOO,F25,3,4116.465079892597
AOO,F25,4,5033.585479607919
AOO,F25,5,4600.403038313023
AOO,F25,6,4217.638252539897
AOO,F25,7,4431.347714853821
AOO,F25,8,5356.05872094728
AOO,F25,9,4377.868971146876
AOO,F25,10,4500.026893815419
AOO,F25,11,4407.96670004855
AOO,F25,12,4487.006176977689
AOO,F25,13,4548.896185597305
AOO,F25,14,4379.877911401906
AOO,F25,15,4287.042333223251
AOO,F25,16,4240.145715263549
AOO,F25,17,4175.158993174443
AOO,F25,18,4020.771838634072
AOO,F25,19,3967.888807329706
AOO,F25,20,3981.9625907578647
AOO,F25,21,4583.231126530254
AOO,F25,22,4452.330422529725
AOO,F25,23,4547.164523478825
AOO,F25,24,4329.955101680442
AOO,F25,25,4060.691060290632
AOO,F25,26,4303.724669456153
AOO,F25,27,3872.1289237079436
AOO,F25,28,4576.173853824446
AOO,F25,29,4050.4355029446133
AOO,F25,30,4380.471669595924
AOO,F26,1,8993.001581808043
AOO,F26,2,10526.482930464857
AOO,F26,3,8800.814524086736
AOO,F26,4,5861.512655655111
AOO,F26,5,9878.91749083115
AOO,F26,6,10412.219659312435
AOO,F26,7,9616.610917705575
AOO,F26,8,5993.0452266187895
AOO,F26,9,10034.547829495952
AOO,F26,10,9249.25300507036
AOO,F26,11,5736.0174316193825
AOO,F26,12,9267.283969594835
AOO,F26,13,9109.251967193133
AOO,F26,14,5478.636490149022
AOO,F26,15,9430.805938890164
AOO,F26,16,9406.894357868689
AOO,F26,17,10574.172314068213
AOO,F26,18,8634.673488658778
AOO,F26,19,9735.864055085909
AOO,F26,20,9616.015838082545
AOO,F26,21,9606.422666374592
AOO,F26,22,9316.707681990054
AOO,F26,23,9476.80144129541
AOO,F26,24,10599.59698731772
AOO,F26,25,9523.015138249622
AOO,F26,26,9318.64571356572
AOO,F26,27,9669.146381242137
AOO,F26,28,9613.529999863242
AOO,F26,29,10558.303533502181
AOO,F26,30,9286.81217002105
AOO,F27,1,3659.16028591255
AOO,F27,2,3702.0891454846414
AOO,F27,3,3885.0756589103107
AOO,F27,4,3726.5838189261663
AOO,F27,5,3636.9414318655154
AOO,F27,6,3912.8105409281625
AOO,F27,7,3631.371148296059
AOO,F27,8,3720.80729683856
AOO,F27,9,3811.9356447454848
AOO,F27,10,3660.1609993457887
AOO,F27,11,3784.3646729349207
AOO,F27,12,3659.0017342077927
AOO,F27,13,3722.3566230202437
AOO,F27,14,3815.1408576756257
AOO,F27,15,3888.6251828987006
AOO,F27,16,3782.517595195548
AOO,F27,17,3752.861533426259
AOO,F27,18,3939.1283094235396
AOO,F27,19,3849.620291012685
AOO,F27,20,3727.4312989932696
AOO,F27,21,3699.9795094535953
AOO,F27,22,3642.3174799565195
AOO,F27,23,3833.0671713851916
AOO,F27,24,3948.4480179863613
AOO,F27,25,3793.2852463252557
AOO,F27,26,3752.5500020427276
AOO,F27,27,3599.695602810888
AOO,F27,28,3810.5961737487946
AOO,F27,29,3773.7767979763676
AOO,F27,30,3733.9419792042972
AOO,F28,1,4008.1412500524375
AOO,F28,2,3979.781737914417
AOO,F28,3,4303.016591477626
AOO,F28,4,4305.297740692598
AOO,F28,5,4281.086465918179
AOO,F28,6,3858.401879232587
AOO,F28,7,4096.912455708836
AOO,F28,8,3989.6965199272336
AOO,F28,9,4030.8971576659837
AOO,F28,10,4235.022095595878
AOO,F28,11,4645.712154721456
AOO,F28,12,4020.697774979649
AOO,F28,13,4573.33047680279
AOO,F28,14,4017.1635029124236
AOO,F28,15,4403.433685565759
AOO,F28,16,4319.042221155034
AOO,F28,17,3836.260305538017
AOO,F28,18,4089.1719947218844
AOO,F28,19,4179.348126378573
AOO,F28,20,4079.332795315936
AOO,F28,21,4053.1757583646922
AOO,F28,22,4436.835987141854
AOO,F28,23,4867.415657716939
AOO,F28,24,4456.663999727323
AOO,F28,25,4118.814740419789
AOO,F28,26,3933.3311206951958
AOO,F28,27,4324.172090358419
AOO,F28,28,4182.808847243747
AOO,F28,29,4243.06311969054
AOO,F28,30,4082.890694710947
AOO,F29,1,6441.700625738719
AOO,F29,2,6595.087627973588
AOO,F29,3,6738.892686047226
AOO,F29,4,6554.930576617758
AOO,F29,5,6028.790784168474
AOO,F29,6,7835.245756105909
AOO,F29,7,6871.59209248608
AOO,F29,8,7108.123630459862
AOO,F29,9,6760.629439342278
AOO,F29,10,6716.683337281389
AOO,F29,11,7388.9222156014175
AOO,F29,12,6974.529422824878
AOO,F29,13,5869.398358251119
AOO,F29,14,6321.43242934284
AOO,F29,15,5975.945460036857
AOO,F29,16,6848.930028982482
AOO,F29,17,5860.8331713931975
AOO,F29,18,6267.301631647439
AOO,F29,19,6796.0152144589665
AOO,F29,20,6904.727187326716
AOO,F29,21,6041.368254928911
AOO,F29,22,6897.324208470214
AOO,F29,23,6643.271019419801
AOO,F29,24,7139.549377104404
AOO,F29,25,6377.0316644309805
AOO,F29,26,6640.744104354
AOO,F29,27,6588.835166976622
AOO,F29,28,6538.683253530942
AOO,F29,29,7726.335434990159
AOO,F29,30,6317.2135161303495
AOO,F30,1,668519438.1536651
AOO,F30,2,732709324.676544
AOO,F30,3,806226736.9781387
AOO,F30,4,458725079.22439826
AOO,F30,5,717854765.0616894
AOO,F30,6,570173786.6355723
AOO,F30,7,667822467.1525846
AOO,F30,8,563736343.9066331
AOO,F30,9,579294304.7675351
AOO,F30,10,584715205.27002
AOO,F30,11,984618117.9976771
AOO,F30,12,523418799.04419136
AOO,F30,13,577127863.1557198
AOO,F30,14,382207156.3269625
AOO,F30,15,452248460.4270804
AOO,F30,16,735214131.0754082
AOO,F30,17,328333010.61007756
AOO,F30,18,336364444.93119335
AOO,F30,19,550638270.1792965
AOO,F30,20,382481158.27002275
AOO,F30,21,623244621.58069
AOO,F30,22,751594550.0169427
AOO,F30,23,366461357.4993174
AOO,F30,24,392252986.65718603
AOO,F30,25,567383564.9398068
AOO,F30,26,572432739.7281295
AOO,F30,27,747644428.9968481
AOO,F30,28,458413627.78694785
AOO,F30,29,474245945.2976215
AOO,F30,30,582620573.1575062
BKA,F1,1,31820209426.42177
BKA,F1,2,49676915529.79007
BKA,F1,3,19459001896.82871
BKA,F1,4,112277689873.15439
BKA,F1,5,31770350634.27423
BKA,F1,6,24290264509.912292
BKA,F1,7,17133809438.384594
BKA,F1,8,42891556272.42797
BKA,F1,9,33479710512.843143
BKA,F1,10,15586641012.415947
BKA,F1,11,31185110754.104866
BKA,F1,12,32644643564.023006
BKA,F1,13,13248010358.555912
BKA,F1,14,25468565900.35912
BKA,F1,15,27858304144.475533
BKA,F1,16,28373617450.815033
BKA,F1,17,33988658729.07123
BKA,F1,18,27420460324.168446
BKA,F1,19,53023326658.26605
BKA,F1,20,42395111243.16023
BKA,F1,21,51921825644.72721
BKA,F1,22,30597933338.223057
BKA,F1,23,35254207026.467255
BKA,F1,24,80332390207.89777
BKA,F1,25,39719220713.5113
BKA,F1,26,48882097836.07124
BKA,F1,27,27351578086.97957
BKA,F1,28,25538872365.991657
BKA,F1,29,43954956723.191216
BKA,F1,30,19246867898.19172
BKA,F3,1,87339.5608151725
BKA,F3,2,102890.4427142688
BKA,F3,3,73301.13851463085
BKA,F3,4,224827.69417621533
BKA,F3,5,94304.88636120842
BKA,F3,6,93120.66412695494
BKA,F3,7,95587.67053641577
BKA,F3,8,79263.57904993516
BKA,F3,9,87587.6842062507
BKA,F3,10,92168.59911276965
BKA,F3,11,90493.42736329668
BKA,F3,12,78417.3298606239
BKA,F3,13,104155.16756864548
BKA,F3,14,109077.49682912356
BKA,F3,15,76882.0991403364
BKA,F3,16,78454.21412847929
BKA,F3,17,70815.26196029165
BKA,F3,18,92444.41589759458
BKA,F3,19,76416.09504770521
BKA,F3,20,92591.54318028445
BKA,F3,21,105395.43934146827
BKA,F3,22,86823.82353295879
BKA,F3,23,135444.36349183932
BKA,F3,24,163225.31817691046
BKA,F3,25,80889.30613124152
BKA,F3,26,60343.12270857218
BKA,F3,27,76370.27030697223
BKA,F3,28,63726.932096299155
BKA,F3,29,77205.85159071964
BKA,F3,30,85074.1944441444
BKA,F4,1,2627.6879693019832
BKA,F4,2,8460.680285726226
BKA,F4,3,5108.359558593855
BKA,F4,4,28543.64349455923
BKA,F4,5,3025.0826248597837
BKA,F4,6,7356.7504067979735
BKA,F4,7,5976.453378246747
BKA,F4,8,7378.448241130332
BKA,F4,9,8818.5886844274
BKA,F4,10,7792.308250298144
BKA,F4,11,2195.6272926587135
BKA,F4,12,3276.197551170293
BKA,F4,13,6575.641300241375
BKA,F4,14,4551.297564162999
BKA,F4,15,11953.38309210554
BKA,F4,16,5189.6496550719585
BKA,F4,17,4383.165399260535
BKA,F4,18,5237.737592173946
BKA,F4,19,2747.708596004419
BKA,F4,20,8281.860738131742
BKA,F4,21,3036.670223173832
BKA,F4,22,2667.3459902475524
BKA,F4,23,4458.40534065957
BKA,F4,24,35250.374977724336
BKA,F4,25,4027.405583734261
BKA,F4,26,5421.714990534887
BKA,F4,27,5465.438006416139
BKA,F4,28,3824.803090738679
BKA,F4,29,8244.43121061227
BKA,F4,30,6770.83445663001
BKA,F5,1,895.3201083539382
BKA,F5,2,872.5614407897702
BKA,F5,3,924.2872651641426
BKA,F5,4,1131.986262542413
BKA,F5,5,869.092176640615
BKA,F5,6,906.6800383254047
BKA,F5,7,881.375179835509
BKA,F5,8,880.3560772944247
BKA,F5,9,921.9739071449072
BKA,F5,10,1005.6570786631561
BKA,F5,11,956.6414206801442
BKA,F5,12,913.8447794131657
BKA,F5,13,899.8141058257918
BKA,F5,14,983.910465503204
BKA,F5,15,831.4074599459839
BKA,F5,16,827.6058743357386
BKA,F5,17,897.0016327179926
BKA,F5,18,905.1256307617242
BKA,F5,19,946.5364671774286
BKA,F5,20,893.5883911457412
BKA,F5,21,872.5249330851357
BKA,F5,22,901.0058266442835
BKA,F5,23,941.3594219320454
BKA,F5,24,1137.5199589910972
BKA,F5,25,864.1971056798451
BKA,F5,26,854.1146585265409
BKA,F5,27,895.499011885867
BKA,F5,28,870.784863466572
BKA,F5,29,970.495192382507
BKA,F5,30,916.1700585501219
BKA,F6,1,660.3604493025888
BKA,F6,2,674.8415889916937
BKA,F6,3,674.3471779821388
BKA,F6,4,683.3581782748436
BKA,F6,5,663.9476352580746
BKA,F6,6,662.7816793622919
BKA,F6,7,674.1456024553819
BKA,F6,8,669.7194265729321
BKA,F6,9,673.3280796691713
BKA,F6,10,669.6634967578966
BKA,F6,11,674.7743051703884
BKA,F6,12,674.64010710561
BKA,F6,13,675.108408854174
BKA,F6,14,675.1271201770135
BKA,F6,15,678.474209177865
BKA,F6,16,667.0657201576673
BKA,F6,17,671.659073312648
BKA,F6,18,668.0068499737533
BKA,F6,19,670.3463195786396
BKA,F6,20,669.0729524778301
BKA,F6,21,668.1950884341527
BKA,F6,22,663.4246647895299
BKA,F6,23,665.8091859828133
BKA,F6,24,691.379791152244
BKA,F6,25,659.0274603722061
BKA,F6,26,666.3081985756718
BKA,F6,27,677.7570466173997
BKA,F6,28,676.4487986442268
BKA,F6,29,666.898410909981
BKA,F6,30,676.0983308284858
BKA,F7,1,1632.648632079734
BKA,F7,2,1657.6828786773654
BKA,F7,3,1843.116449043226
BKA,F7,4,2043.4291032185704
BKA,F7,5,1753.0599009332188
BKA,F7,6,1732.1424839138272
BKA,F7,7,1639.1202163947542
BKA,F7,8,1663.5381382274816
BKA,F7,9,1762.1429592454485
BKA,F7,10,1755.2194275103866
BKA,F7,11,1762.6114679164414
BKA,F7,12,1708.3894999131949
BKA,F7,13,1657.8692189576536
BKA,F7,14,1817.2072590544083
BKA,F7,15,1731.339838428732
BKA,F7,16,1771.856310089482
BKA,F7,17,1695.0220345896935
BKA,F7,18,1671.3175250202496
BKA,F7,19,1661.8814572798597
BKA,F7,20,1706.470138021173
BKA,F7,21,1656.8142783402018
BKA,F7,22,1689.7725145772097
BKA,F7,23,1750.4055720439476
BKA,F7,24,1836.3154174696322
BKA,F7,25,1833.6377097293937
BKA,F7,26,1726.36656853748
BKA,F7,27,1614.88596313994
BKA,F7,28,1702.7010758570432
BKA,F7,29,1685.0682128057992
BKA,F7,30,1637.2550161760926
BKA,F8,1,1240.517245242029
BKA,F8,2,1225.3952891510066
BKA,F8,3,1275.5274838317987
BKA,F8,4,1406.6086680315664
BKA,F8,5,1201.4414152205973
BKA,F8,6,1280.2845274288231
BKA,F8,7,1232.8894347235419
BKA,F8,8,1214.002192843823
BKA,F8,9,1182.280963370698
BKA,F8,10,1169.9238275947055
BKA,F8,11,1215.6852207744962
BKA,F8,12,1259.130133853756
BKA,F8,13,1297.430861970423
BKA,F8,14,1212.3608105888507
BKA,F8,15,1243.4445389455877
BKA,F8,16,1180.3334415802333
BKA,F8,17,1221.5660185481456
BKA,F8,18,1210.6674360602035
BKA,F8,19,1245.9408665162618
BKA,F8,20,1162.7183050997396
BKA,F8,21,1232.3649393073508
BKA,F8,22,1189.2312620495763
BKA,F8,23,1134.2559417655345
BKA,F8,24,1436.753866049996
BKA,F8,25,1178.275527641873
BKA,F8,26,1200.526030161442
BKA,F8,27,1132.4798768865264
BKA,F8,28,1172.5609730472129
BKA,F8,29,1261.606875247092
BKA,F8,30,1269.318760437661
BKA,F9,1,14319.40686448517
BKA,F9,2,16792.981243804068
BKA,F9,3,15060.665217082376
BKA,F9,4,35671.57871104801
BKA,F9,5,17490.897926232894
BKA,F9,6,17559.00608267466
BKA,F9,7,15022.83132732728
BKA,F9,8,17380.198228315166
BKA,F9,9,18265.234625093974
BKA,F9,10,16217.318212823098
BKA,F9,11,14229.139981739754
BKA,F9,12,18028.507081171792
BKA,F9,13,17821.607067874815
BKA,F9,14,20125.259599162997
BKA,F9,15,17710.731015860576
BKA,F9,16,18398.978517580166
BKA,F9,17,17595.24554746383
BKA,F9,18,14984.995991884343
BKA,F9,19,15189.6894904709
BKA,F9,20,15753.346268134324
BKA,F9,21,16429.916903394398
BKA,F9,22,15603.37884388119
BKA,F9,23,18428.79151090695
BKA,F9,24,42144.12498581192
BKA,F9,25,14607.220646196149
BKA,F9,26,15234.012191318632
BKA,F9,27,16705.78773032437
BKA,F9,28,18391.776442405346
BKA,F9,29,15327.735386371203
BKA,F9,30,13443.06053614374
BKA,F10,1,7790.880299041497
BKA,F10,2,10139.821445976459
BKA,F10,3,7654.442391339111
BKA,F10,4,15213.682666459626
BKA,F10,5,7790.615778869824
BKA,F10,6,8347.504920563648
BKA,F10,7,8168.135443707737
BKA,F10,8,9064.44330653088
BKA,F10,9,9487.930023120489
BKA,F10,10,9095.200388469162
BKA,F10,11,8461.634032962147
BKA,F10,12,8472.750827421061
BKA,F10,13,9388.108103369144
BKA,F10,14,9915.659268862646
BKA,F10,15,8464.67435039261
BKA,F10,16,8730.350859906952
BKA,F10,17,8630.497308603713
BKA,F10,18,9966.400272076906
BKA,F10,19,9511.527344445594
BKA,F10,20,8810.503632119988
BKA,F10,21,7579.885474237528
BKA,F10,22,9311.551208469271
BKA,F10,23,8435.023685121467
BKA,F10,24,13853.165136552216
BKA,F10,25,10003.023425796493
BKA,F10,26,8197.760516362026
BKA,F10,27,8932.1759524585
BKA,F10,28,9436.007544563832
BKA,F10,29,8289.954828236569
BKA,F10,30,8588.966581817524
BKA,F11,1,3907.5123734776257
BKA,F11,2,2889.1008931111155
BKA,F11,3,8946.76761690892
BKA,F11,4,22297.468559254823
BKA,F11,5,2990.482267610045
BKA,F11,6,5818.447696020629
BKA,F11,7,2908.9181410153233
BKA,F11,8,5582.672636379565
BKA,F11,9,3220.8143498264444
BKA,F11,10,7632.253683905881
BKA,F11,11,2617.1096769976116
BKA,F11,12,4313.551512809347
BKA,F11,13,7246.5396560388845
BKA,F11,14,2112.804521453496
BKA,F11,15,2625.3840580909045
BKA,F11,16,2572.3330372980345
BKA,F11,17,4268.413888998337
BKA,F11,18,5157.865656420701
BKA,F11,19,5608.560471811193
BKA,F11,20,6095.106815435929
BKA,F11,21,2570.359788518268
BKA,F11,22,4347.931666565701
BKA,F11,23,3954.40147834978
BKA,F11,24,21065.005352606535
BKA,F11,25,8833.256792440094
BKA,F11,26,4219.259833571256
BKA,F11,27,4104.873174962197
BKA,F11,28,6360.773563044748
BKA,F11,29,3151.9044938612906
BKA,F11,30,7893.713044571548
BKA,F12,1,2681476462.9070015
BKA,F12,2,3021638269.117575
BKA,F12,3,2248416412.358205
BKA,F12,4,67030583445.2199
BKA,F12,5,2293702774.3816624
BKA,F12,6,1288423836.35536
BKA,F12,7,1249474109.7626877
BKA,F12,8,7569816897.317284
BKA,F12,9,3254025695.2480397
BKA,F12,10,3871621360.522677
BKA,F12,11,2920769399.5755787
BKA,F12,12,1790549184.8388438
BKA,F12,13,7628545575.083071
BKA,F12,14,237263587.81450653
BKA,F12,15,6605424729.99011
BKA,F12,16,6407694391.303007
BKA,F12,17,1675736712.7958484
BKA,F12,18,11158723544.429026
BKA,F12,19,4493382817.858685
BKA,F12,20,359981515.43658274
BKA,F12,21,746479494.6217062
BKA,F12,22,2288214050.9094067
BKA,F12,23,1037168378.4528732
BKA,F12,24,43384941431.36255
BKA,F12,25,11231252498.87067
BKA,F12,26,2186944329.8993506
BKA,F12,27,2859486550.061573
BKA,F12,28,7516862786.638609
BKA,F12,29,8279897925.414453
BKA,F12,30,6033548601.2611885
BKA,F13,1,119042689.09429073
BKA,F13,2,8762701.068857484
BKA,F13,3,96198067.62902957
BKA,F13,4,15581701021.4698
BKA,F13,5,17182996.13713173
BKA,F13,6,10893535.665673407
BKA,F13,7,45472225.934292674
BKA,F13,8,35039163.05398717
BKA,F13,9,11362478.277800806
BKA,F13,10,1770063.7395527293
BKA,F13,11,86347044.5477297
BKA,F13,12,12234819.664768877
BKA,F13,13,20970810.1109606
BKA,F13,14,10493968.498654624
BKA,F13,15,1972019.2777406592
BKA,F13,16,19614147.894776262
BKA,F13,17,1116211.3514124874
BKA,F13,18,11947834.256405633
BKA,F13,19,14479980.261427369
BKA,F13,20,1121984.6379808844
BKA,F13,21,1243160.106477438
BKA,F13,22,210721014.81977624
BKA,F13,23,20564220.669613115
BKA,F13,24,18540292442.09955
BKA,F13,25,2471570.555100809
BKA,F13,26,30584352.748658877
BKA,F13,27,4200209.870590175
BKA,F13,28,1411209.1679482362
BKA,F13,29,531350664.1357441
BKA,F13,30,20443262.239547722
BKA,F14,1,144625.60665937694
BKA,F14,2,88516.30277418254
BKA,F14,3,249257.14997812413
BKA,F14,4,2340686.566640447
BKA,F14,5,330614.9229363059
BKA,F14,6,137381.2006533823
BKA,F14,7,47742.159538137515
BKA,F14,8,127060.84281763605
BKA,F14,9,100248.01634938904
BKA,F14,10,93973.6604734885
BKA,F14,11,50484.6879823659
BKA,F14,12,36552.78452155851
BKA,F14,13,171650.00809542477
BKA,F14,14,136314.01941781375
BKA,F14,15,71020.76810795927
BKA,F14,16,24195.23745926501
BKA,F14,17,44914.04685330421
BKA,F14,18,39429.021294863225
BKA,F14,19,58847.24947248931
BKA,F14,20,41554.67478522294
BKA,F14,21,100534.78632137112
BKA,F14,22,185173.75605846467
BKA,F14,23,346149.3441283746
BKA,F14,24,33221544.936207056
BKA,F14,25,83980.26897749511
BKA,F14,26,71171.8905035842
BKA,F14,27,142047.24646653465
BKA,F14,28,164188.2478810068
BKA,F14,29,156991.06524818786
BKA,F14,30,471005.735021574
BKA,F15,1,1340082.3524196208
BKA,F15,2,48880.9648444541
BKA,F15,3,49854.05767700353
BKA,F15,4,5450072180.603727
BKA,F15,5,173844.55348392593
BKA,F15,6,189615.91237044387
BKA,F15,7,49343.73319399997
BKA,F15,8,7735193.28748114
BKA,F15,9,66994.75008784168
BKA,F15,10,2969231.203410701
BKA,F15,11,159576.04078934182
BKA,F15,12,718477.6683917096
BKA,F15,13,701274.5334043432
BKA,F15,14,44501.252165831575
BKA,F15,15,100873.49121826563
BKA,F15,16,104356.94999114005
BKA,F15,17,70092.73928344394
BKA,F15,18,169271.3805124628
BKA,F15,19,13604286.092863897
BKA,F15,20,93040.17515515737
BKA,F15,21,69833.21492820093
BKA,F15,22,79077.90853874758
BKA,F15,23,120064.24506483576
BKA,F15,24,886422165.5919566
BKA,F15,25,99648.86066463354
BKA,F15,26,39566.87001301134
BKA,F15,27,96387.34975920402
BKA,F15,28,463281.8342495745
BKA,F15,29,53751.198589936306
BKA,F15,30,3484555.021916568
BKA,F16,1,3897.4200130174777
BKA,F16,2,4358.870866411386
BKA,F16,3,3971.1462359894995
BKA,F16,4,6775.679833301896
BKA,F16,5,4394.022743179659
BKA,F16,6,4421.412283365804
BKA,F16,7,4224.569982218605
BKA,F16,8,3854.147132248141
BKA,F16,9,5284.230113242846
BKA,F16,10,3833.947035676498
BKA,F16,11,5986.190544192945
BKA,F16,12,4578.387362797305
BKA,F16,13,4677.476097469483
BKA,F16,14,4375.504023369177
BKA,F16,15,4541.92041874197
BKA,F16,16,3988.528806094463
BKA,F16,17,4902.179139877432
BKA,F16,18,4041.970648273065
BKA,F16,19,4709.8388629392175
BKA,F16,20,4966.343934145656
BKA,F16,21,3882.1786906354855
BKA,F16,22,3621.430342577695
BKA,F16,23,4732.05188473968
BKA,F16,24,6087.7435149316425
BKA,F16,25,4033.134527908708
BKA,F16,26,4997.043557603729
BKA,F16,27,3454.241823815816
BKA,F16,28,3800.8614664068277
BKA,F16,29,5688.658715657859
BKA,F16,30,3443.323224650693
BKA,F17,1,3528.006886032056
BKA,F17,2,3231.3911729156907
BKA,F17,3,3343.7888563052798
BKA,F17,4,6973.369287740842
BKA,F17,5,3418.1399865684825
BKA,F17,6,3440.709428545062
BKA,F17,7,4025.4319982556553
BKA,F17,8,4359.1786411161975
BKA,F17,9,3465.0594338223314
BKA,F17,10,3449.712439102611
BKA,F17,11,3407.08475831106
BKA,F17,12,3849.3903507609066
BKA,F17,13,3370.500557307566
BKA,F17,14,3813.9636806182175
BKA,F17,15,3580.2962810784793
BKA,F17,16,3797.4943602999556
BKA,F17,17,2943.5232130986615
BKA,F17,18,3453.6014475415554
BKA,F17,19,3997.0028856697154
BKA,F17,20,3312.5067083749
BKA,F17,21,3591.878586572684
BKA,F17,22,2930.5577310753915
BKA,F17,23,3367.150988092672
BKA,F17,24,6451.30825604893
BKA,F17,25,4086.104371668762
BKA,F17,26,3654.2328877904665
BKA,F17,27,3658.1025467255413
BKA,F17,28,3685.3611864138743
BKA,F17,29,3769.162300817594
BKA,F17,30,3725.861434359371
BKA,F18,1,2492790.8294778853
BKA,F18,2,11589964.10406641
BKA,F18,3,2038221.9105786062
BKA,F18,4,44611277.924312055
BKA,F18,5,1654979.1001830902
BKA,F18,6,2554078.452022423
BKA,F18,7,556242.1566937306
BKA,F18,8,569926.951011003
BKA,F18,9,1700249.5111554924
BKA,F18,10,1277104.197891476
BKA,F18,11,810820.7284552947
BKA,F18,12,1017202.8478973412
BKA,F18,13,1675509.9227653902
BKA,F18,14,1040544.1949709781
BKA,F18,15,1869798.0559526097
BKA,F18,16,2231036.1404451085
BKA,F18,17,3275157.997031889
BKA,F18,18,1095985.6551972057
BKA,F18,19,3364930.649889999
BKA,F18,20,396787.7890261747
BKA,F18,21,2430174.2292931494
BKA,F18,22,797546.8091689149
BKA,F18,23,1688447.889322728
BKA,F18,24,29243370.893188607
BKA,F18,25,2610926.69471985
BKA,F18,26,753644.5591195574
BKA,F18,27,570471.7057123665
BKA,F18,28,469933.72658030246
BKA,F18,29,907701.1734492593
BKA,F18,30,2425131.5938809086
BKA,F19,1,2811796.4932656456
BKA,F19,2,3231298.469219508
BKA,F19,3,385685.6398018004
BKA,F19,4,2235182666.112321
BKA,F19,5,1667361.1301007674
BKA,F19,6,1938267.5165008698
BKA,F19,7,3110418.219498672
BKA,F19,8,493908.63589262916
BKA,F19,9,2057481.9927687738
BKA,F19,10,2744598.645925362
BKA,F19,11,268677.1733146662
BKA,F19,12,843055.0336014446
BKA,F19,13,871121.6944673407
BKA,F19,14,2259602.335689996
BKA,F19,15,732987.4388949187
BKA,F19,16,310014.06418299244
BKA,F19,17,1020447.1801442999
BKA,F19,18,1194117.2740490374
BKA,F19,19,429974.11507670226
BKA,F19,20,2227490.263677184
BKA,F19,21,1089064.252934574
BKA,F19,22,650531.3836906941
BKA,F19,23,826991.8572988152
BKA,F19,24,861643452.6714432
BKA,F19,25,612383.3208058053
BKA,F19,26,1628177.2869842567
BKA,F19,27,2477577.9208653504
BKA,F19,28,172781.20914317758
BKA,F19,29,1132159.3956417101
BKA,F19,30,1872075.1209382631
BKA,F20,1,2876.9010275546066
BKA,F20,2,3254.999763118787
BKA,F20,3,2710.640740799732
BKA,F20,4,4194.605631416693
BKA,F20,5,3365.5946753561498
BKA,F20,6,3210.9493394743054
BKA,F20,7,3198.5208138877115
BKA,F20,8,2708.8219660828654
BKA,F20,9,3028.237073851367
BKA,F20,10,3439.787832133162
BKA,F20,11,3078.228397466108
BKA,F20,12,3281.265612308321
BKA,F20,13,3338.8021066039196
BKA,F20,14,3140.6744798209893
BKA,F20,15,3653.280705646645
BKA,F20,16,2810.3187175554194
BKA,F20,17,3198.202504853619
BKA,F20,18,3515.276967035676
BKA,F20,19,2762.5232597486747
BKA,F20,20,3205.1272954894584
BKA,F20,21,3282.7626415410596
BKA,F20,22,2726.270360415106
BKA,F20,23,3300.2090286476473
BKA,F20,24,3816.2586401161034
BKA,F20,25,3246.7937213091977
BKA,F20,26,3427.4623225499677
BKA,F20,27,3552.068688652059
BKA,F20,28,3154.788947341637
BKA,F20,29,3086.7052988104315
BKA,F20,30,3035.545343884053
BKA,F21,1,2841.784679428946
BKA,F21,2,2779.1658531963385
BKA,F21,3,2919.4508998488386
BKA,F21,4,3241.9537543885026
BKA,F21,5,2808.296857750813
BKA,F21,6,2914.0647361526535
BKA,F21,7,2837.0877066560415
BKA,F21,8,2751.0227004890776
BKA,F21,9,2860.192102888216
BKA,F21,10,2738.9391127115105
BKA,F21,11,2812.538952077496
BKA,F21,12,2749.5231649050593
BKA,F21,13,2947.719135072381
BKA,F21,14,2848.3298230588916
BKA,F21,15,2891.363338415147
BKA,F21,16,2635.3001471047583
BKA,F21,17,2913.939681333839
BKA,F21,18,2874.5170457841627
BKA,F21,19,2900.6601375406376
BKA,F21,20,2733.490169191633
BKA,F21,21,2932.7783692756416
BKA,F21,22,2793.3466471606926
BKA,F21,23,2702.24315615913
BKA,F21,24,3174.1003614044794
BKA,F21,25,2860.334256386789
BKA,F21,26,2799.999537314397
BKA,F21,27,2696.16127737284
BKA,F21,28,2763.101089066252
BKA,F21,29,2977.2144010268667
BKA,F21,30,2718.4345586566606
BKA,F22,1,10325.182398648794
BKA,F22,2,9908.623459404494
BKA,F22,3,11001.117467731892
BKA,F22,4,16923.411648859248
BKA,F22,5,11125.888634641513
BKA,F22,6,9751.035563765885
BKA,F22,7,11657.306053088241
BKA,F22,8,11396.985416791398
BKA,F22,9,10620.5122167049
BKA,F22,10,10024.946482999221
BKA,F22,11,10747.291257862074
BKA,F22,12,10717.744598167743
BKA,F22,13,10614.069270998136
BKA,F22,14,10812.222031942565
BKA,F22,15,11026.9366574977
BKA,F22,16,10888.68888215788
BKA,F22,17,11149.3345553761
BKA,F22,18,9840.77755636171
BKA,F22,19,10872.7990245511
BKA,F22,20,10465.30437710624
BKA,F22,21,10745.886986943598
BKA,F22,22,10594.39807794717
BKA,F22,23,9957.890692388903
BKA,F22,24,16150.231907865564
BKA,F22,25,11502.192260652451
BKA,F22,26,10833.513400323029
BKA,F22,27,11160.652925021757
BKA,F22,28,10584.767012091263
BKA,F22,29,10583.177058558336
BKA,F22,30,10913.577389101409
BKA,F23,1,3573.854178341988
BKA,F23,2,3844.7764497254284
BKA,F23,3,3863.34538391834
BKA,F23,4,4572.131991391939
BKA,F23,5,4050.846026372613
BKA,F23,6,3743.406945502765
BKA,F23,7,3723.8779309143883
BKA,F23,8,3686.024114202113
BKA,F23,9,3898.931556965027
BKA,F23,10,3581.3732922396057
BKA,F23,11,3749.6009779264805
BKA,F23,12,3905.837346685814
BKA,F23,13,3592.3498733300457
BKA,F23,14,3875.832758571688
BKA,F23,15,3927.113661432762
BKA,F23,16,3679.213665297877
BKA,F23,17,3815.1029329338753
BKA,F23,18,3862.2643998003696
BKA,F23,19,3837.515194196253
BKA,F23,20,4086.133204185886
BKA,F23,21,3879.547036504765
BKA,F23,22,3567.9922350531947
BKA,F23,23,3822.536199128367
BKA,F23,24,4038.9086128548684
BKA,F23,25,3712.572279344621
BKA,F23,26,3853.1512053479796
BKA,F23,27,3706.7525127623094
BKA,F23,28,3896.093552396357
BKA,F23,29,4060.9580215553215
BKA,F23,30,3881.387877607908
BKA,F24,1,4001.8515438847207
BKA,F24,2,4040.1927496725175
BKA,F24,3,3916.104641833183
BKA,F24,4,4333.253626810194
BKA,F24,5,3721.7846153907185
BKA,F24,6,3814.5651291252725
BKA,F24,7,3923.1352835491953
BKA,F24,8,3938.168346638512
BKA,F24,9,3765.943272936269
BKA,F24,10,3805.915953035823
BKA,F24,11,4173.098464784144
BKA,F24,12,3796.3177008471866
BKA,F24,13,3759.83137856011
BKA,F24,14,3607.6289208726985
BKA,F24,15,3806.609596037716
BKA,F24,16,3647.283497695165
BKA,F24,17,3940.3474630443234
BKA,F24,18,3889.475505276479
BKA,F24,19,3895.710315205649
BKA,F24,20,4146.376993871634
BKA,F24,21,4022.6869636749984
BKA,F24,22,3955.98420054572
BKA,F24,23,3910.6982517005354
BKA,F24,24,4115.844867910331
BKA,F24,25,4086.47667586077
BKA,F24,26,3878.9812404662316
BKA,F24,27,3950.4154878842464
BKA,F24,28,4181.782819205409
BKA,F24,29,3740.7728542257696
BKA,F24,30,3696.5250707359155
BKA,F25,1,6288.938352435513
BKA,F25,2,4720.477198331777
BKA,F25,3,6011.250218724477
BKA,F25,4,14889.816124360746
BKA,F25,5,6168.41915254056
BKA,F25,6,6356.682924815717
BKA,F25,7,4273.133434517751
BKA,F25,8,6871.694529444524
BKA,F25,9,5204.4018262496775
BKA,F25,10,5647.773336588037
BKA,F25,11,5858.1667375646475
BKA,F25,12,4860.5340781495715
BKA,F25,13,5712.756873789435
BKA,F25,14,5697.430430814216
BKA,F25,15,7517.937424211422
BKA,F25,16,4494.691091573496
BKA,F25,17,6637.705311738724
BKA,F25,18,5027.377261097585
BKA,F25,19,4958.586497384159
BKA,F25,20,4496.69056028177
BKA,F25,21,5991.159337414862
BKA,F25,22,6385.217932023678
BKA,F25,23,5875.596792396198
BKA,F25,24,14445.01882570496
BKA,F25,25,6277.141642458142
BKA,F25,26,5114.601576447574
BKA,F25,27,6918.3897634917685
BKA,F25,28,6408.132566447448
BKA,F25,29,5029.853472869263
BKA,F25,30,5194.1201332917035
BKA,F26,1,12046.494679043733
BKA,F26,2,13604.998966499976
BKA,F26,3,14260.254202246724
BKA,F26,4,17635.944349832967
BKA,F26,5,9744.456118613196
BKA,F26,6,13677.140366696778
BKA,F26,7,13688.530326541317
BKA,F26,8,13187.184772270713
BKA,F26,9,14808.098090409107
BKA,F26,10,12574.379161384732
BKA,F26,11,13954.867957350101
BKA,F26,12,12919.746489608322
BKA,F26,13,13402.023123793662
BKA,F26,14,11749.415087707874
BKA,F26,15,14163.173536374374
BKA,F26,16,12425.260786073732
BKA,F26,17,13283.845409510508
BKA,F26,18,13125.670306823962
BKA,F26,19,10904.778573283662
BKA,F26,20,12090.614032816147
BKA,F26,21,13232.61065260982
BKA,F26,22,9772.546342270807
BKA,F26,23,13372.116460956102
BKA,F26,24,17273.194297291182
BKA,F26,25,13458.499958453087
BKA,F26,26,13854.918566367067
BKA,F26,27,13782.955008590467
BKA,F26,28,12019.408223563038
BKA,F26,29,11599.875464960303
BKA,F26,30,13961.619506296094
BKA,F27,1,4089.2753186960044
BKA,F27,2,4181.441536245693
BKA,F27,3,4354.829085094289
BKA,F27,4,5152.639541947576
BKA,F27,5,3897.7780680773308
BKA,F27,6,3921.1714128485046
BKA,F27,7,4193.676155739832
BKA,F27,8,4156.6930667143615
BKA,F27,9,4111.360102459782
BKA,F27,10,4736.136163128729
BKA,F27,11,4493.000678906584
BKA,F27,12,4440.845617968027
BKA,F27,13,3875.0922344057403
BKA,F27,14,4063.5275915555208
BKA,F27,15,4059.818338980429
BKA,F27,16,3999.8965935506108
BKA,F27,17,4343.224925134862
BKA,F27,18,3859.9743314577845
BKA,F27,19,4132.060585346044
BKA,F27,20,3621.936790392133
BKA,F27,21,3913.740870942135
BKA,F27,22,4240.734650373806
BKA,F27,23,3965.7374563383664
BKA,F27,24,4448.977436984296
BKA,F27,25,3878.555461998193
BKA,F27,26,3992.6659627223207
BKA,F27,27,3957.3314373950047
BKA,F27,28,4482.400725566586
BKA,F27,29,4284.956425678941
BKA,F27,30,4298.145059514195
BKA,F28,1,6175.092647936077
BKA,F28,2,5496.370445861831
BKA,F28,3,7196.3130498059145
BKA,F28,4,10522.242849106577
BKA,F28,5,5176.235333953779
BKA,F28,6,6120.040924749514
BKA,F28,7,6209.841354758619
BKA,F28,8,6339.6031401811815
BKA,F28,9,5154.499574914418
BKA,F28,10,5011.602206289198
BKA,F28,11,5195.396279567569
BKA,F28,12,5536.975032157791
BKA,F28,13,6688.3966654000615
BKA,F28,14,4931.985484520282
BKA,F28,15,4851.317410003099
BKA,F28,16,5859.851614773439
BKA,F28,17,5611.394882283792
BKA,F28,18,6125.578659120181
BKA,F28,19,5614.914112252163
BKA,F28,20,7002.296728607683
BKA,F28,21,5512.38361315656
BKA,F28,22,5823.738561020563
BKA,F28,23,5729.558185184713
BKA,F28,24,12642.45711174288
BKA,F28,25,5397.582813252415
BKA,F28,26,4587.718254032735
BKA,F28,27,5791.262639172899
BKA,F28,28,5674.6645340313535
BKA,F28,29,6914.610328984764
BKA,F28,30,5214.335390898103
BKA,F29,1,7525.4012822248005
BKA,F29,2,6576.971278397271
BKA,F29,3,7691.223219100149
BKA,F29,4,54747.99659919516
BKA,F29,5,8846.54483276794
BKA,F29,6,6925.050924183237
BKA,F29,7,6643.480734636334
BKA,F29,8,6963.616704832544
BKA,F29,9,7467.627878127497
BKA,F29,10,6219.725377363878
BKA,F29,11,6175.1355731921
BKA,F29,12,6217.576898568028
BKA,F29,13,7207.183542958801
BKA,F29,14,5722.971505070146
BKA,F29,15,7676.683046751536
BKA,F29,16,5395.312186191044
BKA,F29,17,6691.237864647584
BKA,F29,18,6671.483663966123
BKA,F29,19,6386.694704518589
BKA,F29,20,6749.190071048735
BKA,F29,21,7091.890242214258
BKA,F29,22,6221.093856961803
BKA,F29,23,6507.159332862729
BKA,F29,24,16035.987988487233
BKA,F29,25,6514.596557820038
BKA,F29,26,5977.684318530088
BKA,F29,27,7207.274848511826
BKA,F29,28,5943.044072603231
BKA,F29,29,6408.169469780391
BKA,F29,30,5745.707151846328
BKA,F30,1,31154117.266608763
BKA,F30,2,90650980.66109955
BKA,F30,3,65661551.06847752
BKA,F30,4,3724507950.7006893
BKA,F30,5,70895340.980564
BKA,F30,6,44563743.579275936
BKA,F30,7,51959148.25077374
BKA,F30,8,34426108.98617231
BKA,F30,9,53645391.08694451
BKA,F30,10,79364187.75703259
BKA,F30,11,106266854.02185501
BKA,F30,12,53225273.77993757
BKA,F30,13,65097181.45090261
BKA,F30,14,47598587.05591216
BKA,F30,15,55383888.904836446
BKA,F30,16,43426132.56195935
BKA,F30,17,69334785.6943355
BKA,F30,18,38462487.78267695
BKA,F30,19,76361648.23999697
BKA,F30,20,93223006.19597994
BKA,F30,21,74848225.80165473
BKA,F30,22,34738158.258130744
BKA,F30,23,113495783.69632496
BKA,F30,24,2501880689.8596015
BKA,F30,25,25538565.097750504
BKA,F30,26,57938518.54913698
BKA,F30,27,51304253.06123963
BKA,F30,28,43241274.858641565
BKA,F30,29,89937962.79841918
BKA,F30,30,36158501.64119448
HROA,F1,1,30638610702.547615
HROA,F1,2,34138814999.590057
HROA,F1,3,32263962346.27418
HROA,F1,4,28677474063.648468
HROA,F1,5,29293748281.394493
HROA,F1,6,29972553510.467056
HROA,F1,7,25663599829.866543
HROA,F1,8,32827875408.823086
HROA,F1,9,28163475094.150696
HROA,F1,10,30095348178.499203
HROA,F1,11,27978465254.139614
HROA,F1,12,28540263285.6135
HROA,F1,13,30796697371.082363
HROA,F1,14,26128827318.22339
HROA,F1,15,27239539401.731873
HROA,F1,16,33355944355.768772
HROA,F1,17,29390798572.540504
HROA,F1,18,26815736498.31792
HROA,F1,19,33073195518.58032
HROA,F1,20,30825616246.53425
HROA,F1,21,28939782311.214626
HROA,F1,22,28180091447.86956
HROA,F1,23,31289678131.382965
HROA,F1,24,29882074688.95987
HROA,F1,25,26323352470.291794
HROA,F1,26,21268614698.56289
HROA,F1,27,45090724070.82766
HROA,F1,28,30010748298.72833
HROA,F1,29,31184283653.19315
HROA,F1,30,26771896989.29368
HROA,F3,1,150164.77569882313
HROA,F3,2,276862.2998731683
HROA,F3,3,196026.1251955321
HROA,F3,4,179114.5606205971
HROA,F3,5,190142.89431898514
HROA,F3,6,162328.33631399265
HROA,F3,7,218393.32070271528
HROA,F3,8,209253.95391444795
HROA,F3,9,146296.6197265277
HROA,F3,10,189232.19910314202
HROA,F3,11,223055.25678304269
HROA,F3,12,166138.9586536877
HROA,F3,13,203083.34915848513
HROA,F3,14,240772.4938649145
HROA,F3,15,179335.97210946865
HROA,F3,16,193282.938936822
HROA,F3,17,178532.0451859848
HROA,F3,18,252846.57798061034
HROA,F3,19,181356.6436322101
HROA,F3,20,189517.46326029213
HROA,F3,21,235280.54668581623
HROA,F3,22,249249.46191587095
HROA,F3,23,184383.96630323914
HROA,F3,24,173196.67695228895
HROA,F3,25,194441.47630602744
HROA,F3,26,208519.51093964573
HROA,F3,27,195089.40741932587
HROA,F3,28,158972.60815208845
HROA,F3,29,194055.44492068654
HROA,F3,30,235265.13580593126
HROA,F4,1,5150.061323029268
HROA,F4,2,4299.239195820137
HROA,F4,3,4800.287270700744
HROA,F4,4,5389.470577774784
HROA,F4,5,4103.998990747037
HROA,F4,6,4540.715494523917
HROA,F4,7,6909.309060748007
HROA,F4,8,4248.031624297618
HROA,F4,9,4398.031795829611
HROA,F4,10,5372.509892430642
HROA,F4,11,4916.2619585948905
HROA,F4,12,6439.8138451043615
HROA,F4,13,7202.583393546448
HROA,F4,14,5016.591247224985
HROA,F4,15,5933.549101569733
HROA,F4,16,4798.201695508723
HROA,F4,17,3640.8369206588677
HROA,F4,18,5065.225088832039
HROA,F4,19,4494.973097687161
HROA,F4,20,4788.47626775486
HROA,F4,21,6396.760753374117
HROA,F4,22,4684.47921634069
HROA,F4,23,5642.5773462364505
HROA,F4,24,5275.253188258333
HROA,F4,25,3603.87480296604
HROA,F4,26,5928.442314775524
HROA,F4,27,6385.949609366258
HROA,F4,28,4734.925730038438
HROA,F4,29,6136.371276144271
HROA,F4,30,5707.759877704438
HROA,F5,1,981.2870267944115
HROA,F5,2,919.8874836878979
HROA,F5,3,942.984548302692
HROA,F5,4,934.5938981622808
HROA,F5,5,946.1294873985177
HROA,F5,6,921.0761805291171
HROA,F5,7,920.574329892449
HROA,F5,8,920.9476607819136
HROA,F5,9,940.302486264175
HROA,F5,10,917.0076849961408
HROA,F5,11,900.2534900622281
HROA,F5,12,917.8304767426143
HROA,F5,13,962.9594503056808
HROA,F5,14,960.688907051059
HROA,F5,15,935.1744930044392
HROA,F5,16,905.8367962818334
HROA,F5,17,962.9369271018959
HROA,F5,18,928.4661479733185
HROA,F5,19,916.7748569898538
HROA,F5,20,966.5939247084443
HROA,F5,21,936.9560315381798
HROA,F5,22,929.191573103373
HROA,F5,23,905.7355211665467
HROA,F5,24,946.7969004050454
HROA,F5,25,949.0495614294598
HROA,F5,26,948.6576457407014
HROA,F5,27,910.0637464484024
HROA,F5,28,976.1058764593053
HROA,F5,29,947.9369689028947
HROA,F5,30,962.6619402263407
HROA,F6,1,654.2963336627391
HROA,F6,2,653.951557062037
HROA,F6,3,654.2006305337954
HROA,F6,4,652.1430259758821
HROA,F6,5,654.7519270990437
HROA,F6,6,653.1149861922378
HROA,F6,7,666.9113181341773
HROA,F6,8,659.2154970998993
HROA,F6,9,653.9101270847511
HROA,F6,10,654.1028033876712
HROA,F6,11,651.3433406961659
HROA,F6,12,652.5710741181489
HROA,F6,13,664.1763609352668
HROA,F6,14,654.6168536610451
HROA,F6,15,667.4133002915206
HROA,F6,16,656.3609729504938
HROA,F6,17,660.2754909819953
HROA,F6,18,657.378776455167
HROA,F6,19,657.3374611656948
HROA,F6,20,655.7712010099574
HROA,F6,21,660.3657583150807
HROA,F6,22,653.2666553488057
HROA,F6,23,659.0099492808661
HROA,F6,24,650.5653610988204
HROA,F6,25,656.7105559351603
HROA,F6,26,655.9494183062
HROA,F6,27,659.891799282705
HROA,F6,28,663.2860859953314
HROA,F6,29,661.1118442824743
HROA,F6,30,654.4059043264735
HROA,F7,1,1443.179831608924
HROA,F7,2,1352.1955353141168
HROA,F7,3,1484.52581840192
HROA,F7,4,1379.7930791885178
HROA,F7,5,1452.2598647985437
HROA,F7,6,1364.4712424532083
HROA,F7,7,1470.8903167157591
HROA,F7,8,1370.6275914812934
HROA,F7,9,1463.1849131010915
HROA,F7,10,1548.2783774404447
HROA,F7,11,1394.9306049773443
HROA,F7,12,1443.8146010195433
HROA,F7,13,1282.728752363931
HROA,F7,14,1460.9190849325896
HROA,F7,15,1439.8089718391175
HROA,F7,16,1429.911501400094
HROA,F7,17,1530.8839524097941
HROA,F7,18,1425.8117317161855
HROA,F7,19,1461.4806464418837
HROA,F7,20,1454.7075746118073
HROA,F7,21,1511.4624657711643
HROA,F7,22,1426.4661452701093
HROA,F7,23,1458.5117587541283
HROA,F7,24,1384.1720265580173
HROA,F7,25,1334.3784116751385
HROA,F7,26,1387.6617679541087
HROA,F7,27,1401.402469347898
HROA,F7,28,1427.8217551445466
HROA,F7,29,1429.3586650804268
HROA,F7,30,1491.446917478931
HROA,F8,1,1258.3078538753161
HROA,F8,2,1242.4796121628192
HROA,F8,3,1234.5931518736309
HROA,F8,4,1259.707882947344
HROA,F8,5,1262.0443897093735
HROA,F8,6,1285.729964504252
HROA,F8,7,1222.005586797697
HROA,F8,8,1240.8422188077852
HROA,F8,9,1268.153439738261
HROA,F8,10,1285.6877631858445
HROA,F8,11,1198.4730189249533
HROA,F8,12,1248.121981158123
HROA,F8,13,1258.5519845199453
HROA,F8,14,1239.9167314805957
HROA,F8,15,1246.16341871988
HROA,F8,16,1284.2877899890686
HROA,F8,17,1225.278675247545
HROA,F8,18,1213.4199543870395
HROA,F8,19,1184.567440265671
HROA,F8,20,1277.0517335662453
HROA,F8,21,1266.818630108387
HROA,F8,22,1268.041290804756
HROA,F8,23,1252.900379418238
HROA,F8,24,1215.0212074005217
HROA,F8,25,1214.0206930942566
HROA,F8,26,1226.591789475236
HROA,F8,27,1269.103831754617
HROA,F8,28,1226.077450919628
HROA,F8,29,1219.0706495320126
HROA,F8,30,1237.8814953642227
HROA,F9,1,13116.59962517574
HROA,F9,2,16372.039123858227
HROA,F9,3,22085.072955806532
HROA,F9,4,17961.13526360654
HROA,F9,5,15069.236171229963
HROA,F9,6,16188.376881342256
HROA,F9,7,15116.43408386328
HROA,F9,8,17574.409746661786
HROA,F9,9,18839.222277977624
HROA,F9,10,16762.03661987725
HROA,F9,11,17439.922938223775
HROA,F9,12,18361.6891229943
HROA,F9,13,21391.712017044447
HROA,F9,14,18430.909185635293
HROA,F9,15,17509.269346683814
HROA,F9,16,16785.499034213695
HROA,F9,17,17899.2213909494
HROA,F9,18,20774.434857817785
HROA,F9,19,14657.871671018385
HROA,F9,20,15157.795948743737
HROA,F9,21,18174.106139045725
HROA,F9,22,14727.520169258734
HROA,F9,23,12897.881748283313
HROA,F9,24,16587.970625861977
HROA,F9,25,14905.490931532522
HROA,F9,26,13302.103151216385
HROA,F9,27,18134.120050007627
HROA,F9,28,14460.803329140605
HROA,F9,29,17843.113976617347
HROA,F9,30,16126.14036812782
HROA,F10,1,11854.305652938456
HROA,F10,2,11990.313047890624
HROA,F10,3,11277.441249625654
HROA,F10,4,11851.730105745997
HROA,F10,5,10906.743746604634
HROA,F10,6,12135.33247627294
HROA,F10,7,12742.114995102464
HROA,F10,8,11265.346554653828
HROA,F10,9,10976.549152017544
HROA,F10,10,12156.04895693131
HROA,F10,11,11851.614236769721
HROA,F10,12,11739.719727092495
HROA,F10,13,11379.008500224369
HROA,F10,14,11896.619362963318
HROA,F10,15,12241.719792663502
HROA,F10,16,11733.84861411508
HROA,F10,17,11122.74805013926
HROA,F10,18,11244.166389665274
HROA,F10,19,11880.7509701913
HROA,F10,20,10982.734016152857
HROA,F10,21,11223.633869541638
HROA,F10,22,11092.102347774677
HROA,F10,23,10204.492949473193
HROA,F10,24,10799.027309940331
HROA,F10,25,11836.53495866764
HROA,F10,26,11523.332006066059
HROA,F10,27,11377.023447626418
HROA,F10,28,12495.184505490643
HROA,F10,29,11601.041575585014
HROA,F10,30,11486.430544863197
HROA,F11,1,8069.236428792016
HROA,F11,2,11145.671528092984
HROA,F11,3,5227.234742224643
HROA,F11,4,9885.666621248836
HROA,F11,5,9565.481521599118
HROA,F11,6,9546.932343416844
HROA,F11,7,12974.114395067485
HROA,F11,8,9021.736370584622
HROA,F11,9,10798.20195431191
HROA,F11,10,6857.942257892278
HROA,F11,11,8074.330020358916
HROA,F11,12,7968.791609866099
HROA,F11,13,9451.785330065428
HROA,F11,14,9511.12636347262
HROA,F11,15,13529.44946117194
HROA,F11,16,8546.874491372035
HROA,F11,17,7570.868250206948
HROA,F11,18,13409.686436866832
HROA,F11,19,10549.705291810982
HROA,F11,20,9424.386771505058
HROA,F11,21,11249.126576795179
HROA,F11,22,9276.901294223246
HROA,F11,23,8534.19632377969
HROA,F11,24,12767.74706236172
HROA,F11,25,13538.266896111541
HROA,F11,26,8542.628794071848
HROA,F11,27,8946.112741311978
HROA,F11,28,7996.062950524499
HROA,F11,29,8329.410660746415
HROA,F11,30,16061.129544120331
HROA,F12,1,5657575853.274567
HROA,F12,2,3374694227.896929
HROA,F12,3,1997075215.7958922
HROA,F12,4,4178593558.8217516
HROA,F12,5,2282868211.017806
HROA,F12,6,2344854115.9292903
HROA,F12,7,3612768247.336577
HROA,F12,8,3727930476.9578333
HROA,F12,9,5255026294.1866045
HROA,F12,10,3931661156.0764084
HROA,F12,11,4424273819.52456
HROA,F12,12,3475868898.1686606
HROA,F12,13,5785695032.287773
HROA,F12,14,3241362763.03183
HROA,F12,15,4023985447.737663
HROA,F12,16,2491192276.917136
HROA,F12,17,5150590163.859768
HROA,F12,18,2772792128.045762
HROA,F12,19,3892618357.170796
HROA,F12,20,2824703824.4387956
HROA,F12,21,3256538380.2088394
HROA,F12,22,1574864577.1061063
HROA,F12,23,5161144537.084597
HROA,F12,24,4696694091.336081
HROA,F12,25,2532005399.4908137
HROA,F12,26,3185825991.8215804
HROA,F12,27,4610684082.325162
HROA,F12,28,3976045664.5220222
HROA,F12,29,3681045444.5878196
HROA,F12,30,4036001367.7469263
HROA,F13,1,377147394.11136883
HROA,F13,2,393158228.4764985
HROA,F13,3,305019160.83644456
HROA,F13,4,496098897.00909895
HROA,F13,5,180506485.38327578
HROA,F13,6,142592702.93730256
HROA,F13,7,96131897.80749436
HROA,F13,8,177421066.9556327
HROA,F13,9,283974778.57623225
HROA,F13,10,195273831.99580538
HROA,F13,11,154958457.77993432
HROA,F13,12,468792564.3432523
HROA,F13,13,386323925.4372308
HROA,F13,14,252309913.2589382
HROA,F13,15,251840373.82975864
HROA,F13,16,131990671.41721427
HROA,F13,17,455003831.3871606
HROA,F13,18,381394233.92759573
HROA,F13,19,229042706.44156015
HROA,F13,20,247576446.85594574
HROA,F13,21,225186872.6259007
HROA,F13,22,447041647.3529687
HROA,F13,23,622163941.3728145
HROA,F13,24,323075323.7933248
HROA,F13,25,392986390.5553135
HROA,F13,26,258507870.41750523
HROA,F13,27,300378144.36806387
HROA,F13,28,704494664.1215944
HROA,F13,29,269615865.81029665
HROA,F13,30,448046847.80310935
HROA,F14,1,2068492.1929107
HROA,F14,2,3976542.5495606526
HROA,F14,3,4249262.607832315
HROA,F14,4,1794304.1723792544
HROA,F14,5,1073967.5439955494
HROA,F14,6,8729707.52870123
HROA,F14,7,882102.6712902642
HROA,F14,8,3609687.351550514
HROA,F14,9,10971331.915436283
HROA,F14,10,4024568.273057041
HROA,F14,11,2989669.458621006
HROA,F14,12,11992209.2536223
HROA,F14,13,1182599.6154299271
HROA,F14,14,2880332.9891252075
HROA,F14,15,6665158.944006527
HROA,F14,16,2864878.868881011
HROA,F14,17,5513393.559801387
HROA,F14,18,10321887.679909749
HROA,F14,19,3424755.073423218
HROA,F14,20,376890.3806159811
HROA,F14,21,8185345.633416555
HROA,F14,22,996320.8964411871
HROA,F14,23,5503961.945374114
HROA,F14,24,5494815.7093439875
HROA,F14,25,404003.35752185393
HROA,F14,26,5244478.754148587
HROA,F14,27,3803434.299771893
HROA,F14,28,2395065.101787669
HROA,F14,29,979513.7284290324
HROA,F14,30,3743225.8980151336
HROA,F15,1,11168650.65375954
HROA,F15,2,9363378.099694468
HROA,F15,3,9634744.201529535
HROA,F15,4,15816791.21001303
HROA,F15,5,4680457.672291395
HROA,F15,6,7651511.643028407
HROA,F15,7,2334652.0657361676
HROA,F15,8,21999949.52825313
HROA,F15,9,13312313.986117156
HROA,F15,10,18936339.05428548
HROA,F15,11,9169413.350663409
HROA,F15,12,8534582.167455317
HROA,F15,13,3397704.4075968093
HROA,F15,14,40107725.50317988
HROA,F15,15,43577207.6171953
HROA,F15,16,28496447.960887626
HROA,F15,17,14964727.826239362
HROA,F15,18,32177530.647363696
HROA,F15,19,20853253.642881557
HROA,F15,20,14984927.549647521
HROA,F15,21,21608606.03886238
HROA,F15,22,65971524.60208038
HROA,F15,23,16757069.691085331
HROA,F15,24,8150443.533878031
HROA,F15,25,24461362.160709877
HROA,F15,26,71796348.17507845
HROA,F15,27,6874720.237160767
HROA,F15,28,58860884.00348455
HROA,F15,29,14686233.271346392
HROA,F15,30,40132856.26749898
HROA,F16,1,5027.080872192051
HROA,F16,2,5472.1597310566285
HROA,F16,3,5373.583367959528
HROA,F16,4,4790.442525693341
HROA,F16,5,5048.332194413867
HROA,F16,6,4939.523731799405
HROA,F16,7,5053.980559535388
HROA,F16,8,4757.787321538666
HROA,F16,9,4878.587778071827
HROA,F16,10,4691.933660345386
HROA,F16,11,5124.886154042665
HROA,F16,12,4754.6058961338695
HROA,F16,13,4868.520791132779
HROA,F16,14,5210.93373625931
HROA,F16,15,5393.862966589464
HROA,F16,16,5028.68676837945
HROA,F16,17,5152.7469572250375
HROA,F16,18,5063.009484106518
HROA,F16,19,5119.028255809461
HROA,F16,20,5078.867431595227
HROA,F16,21,4662.860855864585
HROA,F16,22,5006.043068289302
HROA,F16,23,4927.5150742430305
HROA,F16,24,3986.2710392453264
HROA,F16,25,4651.939740209552
HROA,F16,26,4977.023884055354
HROA,F16,27,4578.5375554346265
HROA,F16,28,4862.8890082616745
HROA,F16,29,5108.62009451335
HROA,F16,30,4837.37755787692
HROA,F17,1,4206.524790782618
HROA,F17,2,4154.577805892184
HROA,F17,3,4167.481954218114
HROA,F17,4,4177.773901656807
HROA,F17,5,4101.640044789221
HROA,F17,6,3984.4534497654845
HROA,F17,7,4266.61631668251
HROA,F17,8,4249.718064832467
HROA,F17,9,3803.30375525209
HROA,F17,10,4284.629446221768
HROA,F17,11,4012.078688202748
HROA,F17,12,4099.469113268823
HROA,F17,13,4069.69633002488
HROA,F17,14,4227.895757993181
HROA,F17,15,4254.14762473326
HROA,F17,16,3935.153052748389
HROA,F17,17,3924.665687830015
HROA,F17,18,4029.527471135442
HROA,F17,19,4145.956323297549
HROA,F17,20,3930.05194427747
HROA,F17,21,3519.642123033065
HROA,F17,22,4177.699345487434
HROA,F17,23,4020.522242634509
HROA,F17,24,4291.436882576906
HROA,F17,25,4076.041664267469
HROA,F17,26,3810.8662338591776
HROA,F17,27,4087.0650052877613
HROA,F17,28,4196.466541713331
HROA,F17,29,4061.968898894469
HROA,F17,30,4125.278780708815
HROA,F18,1,6793240.222157194
HROA,F18,2,6526766.673063364
HROA,F18,3,4703219.96840149
HROA,F18,4,13000450.95076837
HROA,F18,5,11065475.20871435
HROA,F18,6,3392496.801845403
HROA,F18,7,6882162.734909958
HROA,F18,8,4508137.026174927
HROA,F18,9,11335196.638069866
HROA,F18,10,12796106.74831865
HROA,F18,11,5303024.500461794
HROA,F18,12,17604884.88080996
HROA,F18,13,5011571.86544914
HROA,F18,14,6497919.2203846695
HROA,F18,15,5735266.752675261
HROA,F18,16,5190594.056743723
HROA,F18,17,4430366.546142981
HROA,F18,18,10794947.773925625
HROA,F18,19,4255461.392188485
HROA,F18,20,33189616.803598378
HROA,F18,21,4053596.3693657373
HROA,F18,22,9446998.6475563
HROA,F18,23,11312261.449995598
HROA,F18,24,13172465.915529834
HROA,F18,25,4528447.189646931
HROA,F18,26,5252230.761398416
HROA,F18,27,3201032.9434350533
HROA,F18,28,12268613.657182805
HROA,F18,29,11202960.267330343
HROA,F18,30,1118285.7001796952
HROA,F19,1,5647934.539810039
HROA,F19,2,7257282.733654467
HROA,F19,3,5377859.041961081
HROA,F19,4,5050117.851906227
HROA,F19,5,2453327.016559024
HROA,F19,6,7810110.546233463
HROA,F19,7,8150416.065995972
HROA,F19,8,4993599.904518102
HROA,F19,9,13401744.434754545
HROA,F19,10,5596587.059895817
HROA,F19,11,4101254.0615599416
HROA,F19,12,39649707.12999063
HROA,F19,13,2050429.5826465308
HROA,F19,14,8933319.418357167
HROA,F19,15,6837665.925243236
HROA,F19,16,5792222.386309879
HROA,F19,17,5475137.22421813
HROA,F19,18,8528989.229791231
HROA,F19,19,33043913.507273816
HROA,F19,20,23758130.961005144
HROA,F19,21,30599620.22378656
HROA,F19,22,41728755.26960021
HROA,F19,23,5326469.6580287125
HROA,F19,24,4661863.053634401
HROA,F19,25,4301400.606856545
HROA,F19,26,10949878.819702204
HROA,F19,27,6736582.8904474415
HROA,F19,28,16320926.80457408
HROA,F19,29,4644307.494569564
HROA,F19,30,3831863.1783853765
HROA,F20,1,4251.131463546348
HROA,F20,2,3741.6762107278305
HROA,F20,3,3963.4230076586828
HROA,F20,4,4151.339349322997
HROA,F20,5,4285.340602497584
HROA,F20,6,3910.22012028659
HROA,F20,7,4343.99544280252
HROA,F20,8,4244.395563546647
HROA,F20,9,4164.564577658191
HROA,F20,10,4189.948238637553
HROA,F20,11,4224.901603483888
HROA,F20,12,4072.9841773152293
HROA,F20,13,3826.0581125924355
HROA,F20,14,4096.7924767742525
HROA,F20,15,4241.618532712564
HROA,F20,16,3881.049240872273
HROA,F20,17,4253.310432334055
HROA,F20,18,4214.471555934684
HROA,F20,19,4084.6906077167314
HROA,F20,20,4160.569699169665
HROA,F20,21,4205.526053960679
HROA,F20,22,3805.74424356078
HROA,F20,23,3864.2320437928906
HROA,F20,24,3762.0338571663415
HROA,F20,25,4007.8452576801155
HROA,F20,26,4037.3672322449847
HROA,F20,27,3648.081420453314
HROA,F20,28,3911.514531675505
HROA,F20,29,3572.8918356683307
HROA,F20,30,3963.6965303227375
HROA,F21,1,2681.946501331849
HROA,F21,2,2764.468950994026
HROA,F21,3,2720.437452004083
HROA,F21,4,2735.970596189669
HROA,F21,5,2737.5501438771867
HROA,F21,6,2822.695441007873
HROA,F21,7,2707.4387384657857
HROA,F21,8,2733.497275475662
HROA,F21,9,2714.2328967308413
HROA,F21,10,2760.9159510314166
HROA,F21,11,2723.5944991587858
HROA,F21,12,2799.3704827961974
HROA,F21,13,2743.558668010656
HROA,F21,14,2760.2231527421745
HROA,F21,15,2726.5826426447115
HROA,F21,16,2680.6217690151334
HROA,F21,17,2736.955437365119
HROA,F21,18,2788.5884012306205
HROA,F21,19,2728.9164028397636
HROA,F21,20,2725.1857392430347
HROA,F21,21,2724.6824067133607
HROA,F21,22,2808.6264658303844
HROA,F21,23,2748.8527210165958
HROA,F21,24,2741.5691769475125
HROA,F21,25,2734.0110457122196
HROA,F21,26,2743.8329129324584
HROA,F21,27,2737.723240660791
HROA,F21,28,2724.103645032327
HROA,F21,29,2743.156101497272
HROA,F21,30,2734.768370347741
HROA,F22,1,14082.806407314074
HROA,F22,2,13888.658681839364
HROA,F22,3,13491.02428562215
HROA,F22,4,12936.165140742847
HROA,F22,5,13599.317070561605
HROA,F22,6,12909.06907676846
HROA,F22,7,13203.939688556591
HROA,F22,8,14353.304333261218
HROA,F22,9,13532.72472157328
HROA,F22,10,12315.96019999258
HROA,F22,11,13505.609276709358
HROA,F22,12,13281.182842222572
HROA,F22,13,13476.975760327843
HROA,F22,14,13586.52997551891
HROA,F22,15,13600.474119706792
HROA,F22,16,13227.53142879286
HROA,F22,17,13499.637084486483
HROA,F22,18,13023.840824713396
HROA,F22,19,13492.930025459176
HROA,F22,20,12826.991668746798
HROA,F22,21,13370.29330888926
HROA,F22,22,13395.953495707214
HROA,F22,23,9015.546168554483
HROA,F22,24,13277.95674849911
HROA,F22,25,13180.305762077769
HROA,F22,26,12971.462392123594
HROA,F22,27,13801.35895449041
HROA,F22,28,13141.77779838026
HROA,F22,29,13078.715354933951
HROA,F22,30,13464.253026156539
HROA,F23,1,3365.8948545627527
HROA,F23,2,3328.7377666034326
HROA,F23,3,3377.066455553461
HROA,F23,4,3302.291898694909
HROA,F23,5,3330.3482374153496
HROA,F23,6,3272.765315706859
HROA,F23,7,3259.4641484813637
HROA,F23,8,3307.063680602538
HROA,F23,9,3350.328633103435
HROA,F23,10,3368.9545471803885
HROA,F23,11,3253.4240081284806
HROA,F23,12,3360.0403210063937
HROA,F23,13,3350.8261980730813
HROA,F23,14,3238.5968871529094
HROA,F23,15,3342.5868744651343
HROA,F23,16,3368.814651373402
HROA,F23,17,3325.942796295343
HROA,F23,18,3473.343257973794
HROA,F23,19,3387.1094624520965
HROA,F23,20,3286.781718177561
HROA,F23,21,3481.3101688394927
HROA,F23,22,3278.7128551808833
HROA,F23,23,3396.307503078838
HROA,F23,24,3334.36810943628
HROA,F23,25,3360.596826684905
HROA,F23,26,3332.9239168009344
HROA,F23,27,3381.469307702412
HROA,F23,28,3373.47920778237
HROA,F23,29,3303.739856849297
HROA,F23,30,3401.9710922027944
HROA,F24,1,3715.431788442604
HROA,F24,2,3691.8360833753395
HROA,F24,3,3780.9616826516676
HROA,F24,4,3669.048667319611
HROA,F24,5,3604.2294972353075
HROA,F24,6,3581.2507364647554
HROA,F24,7,3629.334207253928
HROA,F24,8,3683.085796589364
HROA,F24,9,3544.426082364842
HROA,F24,10,3566.905890799946
HROA,F24,11,3658.9326813208436
HROA,F24,12,3624.1080670459232
HROA,F24,13,3688.0944018829864
HROA,F24,14,3640.351895639756
HROA,F24,15,3683.1860554733794
HROA,F24,16,3628.496551635928
HROA,F24,17,3618.254499271084
HROA,F24,18,3652.6226716634737
HROA,F24,19,3547.825576180407
HROA,F24,20,3573.358303416002
HROA,F24,21,3618.3708477204345
HROA,F24,22,3643.4595615355106
HROA,F24,23,3556.267968606883
HROA,F24,24,3574.837769749147
HROA,F24,25,3654.7912138600213
HROA,F24,26,3714.4209074449755
HROA,F24,27,3676.75594080714
HROA,F24,28,3578.879225387341
HROA,F24,29,3529.387994744353
HROA,F24,30,3650.502090673992
HROA,F25,1,6191.435101636924
HROA,F25,2,5739.188622891274
HROA,F25,3,7284.428492978702
HROA,F25,4,5707.539049332767
HROA,F25,5,6048.522042030452
HROA,F25,6,6433.153361702909
HROA,F25,7,5398.3100283755575
HROA,F25,8,5207.023316092143
HROA,F25,9,5422.248417978792
HROA,F25,10,6047.571657761786
HROA,F25,11,5228.215826816318
HROA,F25,12,6006.363517365299
HROA,F25,13,6762.928385786537
HROA,F25,14,6090.373655118816
HROA,F25,15,6945.431130308066
HROA,F25,16,5866.51285596319
HROA,F25,17,5970.07171654181
HROA,F25,18,5609.521972441859
HROA,F25,19,5864.29017509533
HROA,F25,20,6823.414736818376
HROA,F25,21,6412.040141728192
HROA,F25,22,6340.451096850582
HROA,F25,23,6810.835552684951
HROA,F25,24,5485.326965826505
HROA,F25,25,5587.256609052289
HROA,F25,26,6034.024791477474
HROA,F25,27,7241.518730068438
HROA,F25,28,5764.782956526551
HROA,F25,29,5768.026682504727
HROA,F25,30,5299.963770098524
HROA,F26,1,11333.37397117104
HROA,F26,2,10118.997266356313
HROA,F26,3,11320.675383703587
HROA,F26,4,10500.167602010919
HROA,F26,5,11879.448667475077
HROA,F26,6,10565.053786314304
HROA,F26,7,10599.32916456894
HROA,F26,8,10292.318706927068
HROA,F26,9,10851.476959461177
HROA,F26,10,11044.042952223277
HROA,F26,11,11233.64174557618
HROA,F26,12,11276.791204638681
HROA,F26,13,11452.163011127865
HROA,F26,14,10729.789699093451
HROA,F26,15,11743.323071876675
HROA,F26,16,10971.779260076786
HROA,F26,17,11971.781924337027
HROA,F26,18,10723.270894852978
HROA,F26,19,10604.803456588292
HROA,F26,20,11546.267743855435
HROA,F26,21,11095.71916040955
HROA,F26,22,11477.858055911018
HROA,F26,23,10243.366534460736
HROA,F26,24,12071.454847765446
HROA,F26,25,11078.291009685992
HROA,F26,26,10237.10176003588
HROA,F26,27,12300.860942361927
HROA,F26,28,10490.476648518754
HROA,F26,29,11073.612463029272
HROA,F26,30,12383.731913572206
HROA,F27,1,4132.660616574112
HROA,F27,2,3989.8158869369163
HROA,F27,3,4125.251316670429
HROA,F27,4,3985.1636436290464
HROA,F27,5,4119.645519942988
HROA,F27,6,4113.222528850847
HROA,F27,7,4022.521229528953
HROA,F27,8,4005.1535269421884
HROA,F27,9,4234.6659501800705
HROA,F27,10,4035.826983371332
HROA,F27,11,4093.2592760432344
HROA,F27,12,4075.4280199693267
HROA,F27,13,4164.967928775921
HROA,F27,14,4027.963835686641
HROA,F27,15,4090.903308484769
HROA,F27,16,4026.6102180255375
HROA,F27,17,3976.6584866507974
HROA,F27,18,4107.204851940567
HROA,F27,19,3980.4455078591327
HROA,F27,20,4210.765227419659
HROA,F27,21,4018.2322899122364
HROA,F27,22,3966.2346482603375
HROA,F27,23,4006.7390954375614
HROA,F27,24,4152.932344216179
HROA,F27,25,3997.7796039282093
HROA,F27,26,4030.6673882977057
HROA,F27,27,4052.3766628533785
HROA,F27,28,4032.707155670837
HROA,F27,29,4019.400642923495
HROA,F27,30,3995.7267984165633
HROA,F28,1,6293.803007779246
HROA,F28,2,6269.170077501138
HROA,F28,3,6750.445636253382
HROA,F28,4,5835.421307453839
HROA,F28,5,6393.591130193763
HROA,F28,6,6694.863950675632
HROA,F28,7,6106.913046660515
HROA,F28,8,6518.243246199973
HROA,F28,9,6245.797900533916
HROA,F28,10,5392.982689521859
HROA,F28,11,6160.100608340386
HROA,F28,12,6501.837506314269
HROA,F28,13,7414.048281901836
HROA,F28,14,6657.383662121572
HROA,F28,15,6133.961457055746
HROA,F28,16,5356.769008211934
HROA,F28,17,5934.237581005209
HROA,F28,18,5822.446332357396
HROA,F28,19,6399.748524093589
HROA,F28,20,6549.356449103519
HROA,F28,21,6482.810259980788
HROA,F28,22,6596.9434964312795
HROA,F28,23,5991.711986958922
HROA,F28,24,6415.720774390571
HROA,F28,25,5710.6440825692025
HROA,F28,26,5680.98145241149
HROA,F28,27,6227.201429747458
HROA,F28,28,6371.913254173576
HROA,F28,29,6121.642825516592
HROA,F28,30,6665.587419428421
HROA,F29,1,6030.263106611245
HROA,F29,2,6222.55247787259
HROA,F29,3,6568.793652424767
HROA,F29,4,5958.990926692636
HROA,F29,5,6033.067495936141
HROA,F29,6,5847.609749883127
HROA,F29,7,6459.159409043706
HROA,F29,8,6044.822903523298
HROA,F29,9,6232.8766779712705
HROA,F29,10,5741.822392785061
HROA,F29,11,5837.089832632689
HROA,F29,12,5668.500407145855
HROA,F29,13,5941.48458171007
HROA,F29,14,5565.877987523143
HROA,F29,15,6679.825422604638
HROA,F29,16,5613.331479099213
HROA,F29,17,6182.31437577623
HROA,F29,18,5938.3123512952525
HROA,F29,19,5884.580073397469
HROA,F29,20,6326.081782408196
HROA,F29,21,5966.7810500015585
HROA,F29,22,5580.865649839862
HROA,F29,23,6311.006613698562
HROA,F29,24,5812.456897522463
HROA,F29,25,6591.785501205592
HROA,F29,26,6261.032949474585
HROA,F29,27,5970.190228419988
HROA,F29,28,6222.703802160941
HROA,F29,29,6003.362910248341
HROA,F29,30,5727.6732193223
HROA,F30,1,139500317.25241685
HROA,F30,2,163284039.93655595
HROA,F30,3,302563018.9655101
HROA,F30,4,156743362.29537243
HROA,F30,5,175507061.87523735
HROA,F30,6,169755563.10754818
HROA,F30,7,212885563.26716307
HROA,F30,8,226486961.0722537
HROA,F30,9,212850108.36415145
HROA,F30,10,179760445.11685035
HROA,F30,11,217999418.715872
HROA,F30,12,140774433.43756896
HROA,F30,13,158951194.85093674
HROA,F30,14,290363350.45154744
HROA,F30,15,114970503.47823097
HROA,F30,16,132208781.06235851
HROA,F30,17,283842786.63738686
HROA,F30,18,170525653.93009007
HROA,F30,19,206558542.03907788
HROA,F30,20,269769750.90653706
HROA,F30,21,198767189.3121162
HROA,F30,22,265217147.2260471
HROA,F30,23,148723290.13233843
HROA,F30,24,198675360.2642159
HROA,F30,25,128197635.41791828
HROA,F30,26,140659217.59109992
HROA,F30,27,175816496.84620193
HROA,F30,28,197645880.75542957
HROA,F30,29,316481781.83555686
HROA,F30,30,228229332.9068879
DBA,F1,1,39274472131.30761
DBA,F1,2,40601099664.269196
DBA,F1,3,46339444774.550095
DBA,F1,4,39866950269.51504
DBA,F1,5,43599670669.52286
DBA,F1,6,45716533507.988464
DBA,F1,7,26129745142.724937
DBA,F1,8,35352212804.46504
DBA,F1,9,39413798974.33001
DBA,F1,10,39744806489.16171
DBA,F1,11,42741010084.69645
DBA,F1,12,35297558421.17647
DBA,F1,13,40291843491.51273
DBA,F1,14,32630431648.954075
DBA,F1,15,44169893547.09106
DBA,F1,16,40864908544.09236
DBA,F1,17,40409152844.229614
DBA,F1,18,43509675699.701706
DBA,F1,19,41882784091.40784
DBA,F1,20,36807325067.9009
DBA,F1,21,41163459831.771545
DBA,F1,22,42001222624.17507
DBA,F1,23,47249304992.16202
DBA,F1,24,43512554846.37145
DBA,F1,25,44517709730.86003
DBA,F1,26,39523051396.99432
DBA,F1,27,45157743023.97635
DBA,F1,28,38122624170.761215
DBA,F1,29,47047001495.733505
DBA,F1,30,33508864107.85468
DBA,F3,1,196131.47224784488
DBA,F3,2,189772.34277226927
DBA,F3,3,197436.79737708825
DBA,F3,4,159874.76847262782
DBA,F3,5,192221.61655666755
DBA,F3,6,215058.7374672785
DBA,F3,7,225376.5131435451
DBA,F3,8,249851.4886193925
DBA,F3,9,158615.10543448405
DBA,F3,10,167145.43972817156
DBA,F3,11,190163.57143791844
DBA,F3,12,218831.74088612667
DBA,F3,13,185160.96728494164
DBA,F3,14,164217.9874902317
DBA,F3,15,177524.63695856408
DBA,F3,16,223738.87304107516
DBA,F3,17,185515.39414269925
DBA,F3,18,189994.7852612286
DBA,F3,19,174264.7570454229
DBA,F3,20,183377.07954728915
DBA,F3,21,198960.8753222036
DBA,F3,22,184609.68389132337
DBA,F3,23,162441.14322564926
DBA,F3,24,167882.22286763796
DBA,F3,25,165749.8497778029
DBA,F3,26,213810.84658782952
DBA,F3,27,204885.78728170725
DBA,F3,28,189562.33989598186
DBA,F3,29,173724.89822724476
DBA,F3,30,199247.8591850666
DBA,F4,1,7007.567055162774
DBA,F4,2,9054.315254470986
DBA,F4,3,10672.302500512387
DBA,F4,4,6884.242193556794
DBA,F4,5,6413.698249452161
DBA,F4,6,10216.669818454173
DBA,F4,7,7964.244090647182
DBA,F4,8,5778.927293633375
DBA,F4,9,8461.50750575319
DBA,F4,10,8599.653006072414
DBA,F4,11,8833.415010034343
DBA,F4,12,7772.112965274878
DBA,F4,13,7715.413073712142
DBA,F4,14,6147.914919664877
DBA,F4,15,9304.550122611596
DBA,F4,16,5701.894193638024
DBA,F4,17,7497.209295433495
DBA,F4,18,10061.896321559272
DBA,F4,19,7752.238044405877
DBA,F4,20,8888.695450372607
DBA,F4,21,7180.93508978945
DBA,F4,22,9377.75431128331
DBA,F4,23,9190.773009022076
DBA,F4,24,8488.51521299045
DBA,F4,25,8332.749153295023
DBA,F4,26,9129.950401048749
DBA,F4,27,10338.23411928535
DBA,F4,28,9060.425570703806
DBA,F4,29,8872.214846761595
DBA,F4,30,8216.373295346453
DBA,F5,1,891.044775989967
DBA,F5,2,873.2281112287781
DBA,F5,3,906.5957097005626
DBA,F5,4,886.3715171697794
DBA,F5,5,905.4917219397903
DBA,F5,6,918.9033599015746
DBA,F5,7,892.1645207791702
DBA,F5,8,908.9191214487323
DBA,F5,9,880.5582673237624
DBA,F5,10,884.4519645594748
DBA,F5,11,879.1691456781132
DBA,F5,12,927.5920172472306
DBA,F5,13,917.6546924062151
DBA,F5,14,896.0640564304957
DBA,F5,15,891.9601364473847
DBA,F5,16,861.1838068386569
DBA,F5,17,901.0165373325483
DBA,F5,18,910.6133338866535
DBA,F5,19,923.6086408122364
DBA,F5,20,902.1646012861513
DBA,F5,21,901.3380971193133
DBA,F5,22,873.674888595652
DBA,F5,23,923.9483634306446
DBA,F5,24,918.9855685922097
DBA,F5,25,921.375464526853
DBA,F5,26,889.9315137513113
DBA,F5,27,890.2331653027991
DBA,F5,28,895.5905221562182
DBA,F5,29,897.1804350910318
DBA,F5,30,889.4396489100209
DBA,F6,1,670.744795154984
DBA,F6,2,679.2998661765638
DBA,F6,3,668.3886797030067
DBA,F6,4,669.4757011434294
DBA,F6,5,675.9130728098478
DBA,F6,6,670.0591113996073
DBA,F6,7,677.3780285905327
DBA,F6,8,672.0512759386178
DBA,F6,9,672.5695841707435
DBA,F6,10,676.5371251032752
DBA,F6,11,669.5809402991606
DBA,F6,12,674.1364663986911
DBA,F6,13,678.4907126808989
DBA,F6,14,682.2403249973629
DBA,F6,15,673.8481788936389
DBA,F6,16,668.8359020082411
DBA,F6,17,681.0585066872975
DBA,F6,18,677.5001699023344
DBA,F6,19,678.4627779395607
DBA,F6,20,671.9360271663799
DBA,F6,21,677.7764222652868
DBA,F6,22,669.966752061541
DBA,F6,23,677.3377255971669
DBA,F6,24,680.8825254674923
DBA,F6,25,674.5557528765385
DBA,F6,26,673.3561082215937
DBA,F6,27,677.1740909546651
DBA,F6,28,668.9558806498528
DBA,F6,29,672.685019817298
DBA,F6,30,676.9981759389809
DBA,F7,1,1925.6676505797573
DBA,F7,2,1954.013754687564
DBA,F7,3,1862.6248800730123
DBA,F7,4,1930.7292168249173
DBA,F7,5,1887.4716820498231
DBA,F7,6,1910.7451143598676
DBA,F7,7,1918.8992667462896
DBA,F7,8,1881.0495400339041
DBA,F7,9,1919.664321528162
DBA,F7,10,1950.4522700067848
DBA,F7,11,1916.5803743788795
DBA,F7,12,1909.1254394869597
DBA,F7,13,1938.8213276066645
DBA,F7,14,1856.7459318842023
DBA,F7,15,1882.1736162873199
DBA,F7,16,1969.2890134873933
DBA,F7,17,1865.3860228157894
DBA,F7,18,1915.5981277089402
DBA,F7,19,1894.567688213353
DBA,F7,20,1905.1485869523572
DBA,F7,21,1933.1598980140545
DBA,F7,22,1860.0628951383853
DBA,F7,23,1935.2347730663018
DBA,F7,24,1895.2389339582728
DBA,F7,25,1874.1238871883097
DBA,F7,26,1813.991574702527
DBA,F7,27,1930.7769431992963
DBA,F7,28,1934.9119344349874
DBA,F7,29,1919.0900081898908
DBA,F7,30,1895.7882019135218
DBA,F8,1,1236.264026668151
DBA,F8,2,1233.2095741361031
DBA,F8,3,1263.7238326644183
DBA,F8,4,1248.9378926189188
DBA,F8,5,1247.0204998466118
DBA,F8,6,1200.3899956359487
DBA,F8,7,1207.8221382991733
DBA,F8,8,1229.6785643998649
DBA,F8,9,1229.4558434714459
DBA,F8,10,1237.4173012187234
DBA,F8,11,1225.2338570990123
DBA,F8,12,1246.29907501813
DBA,F8,13,1204.666049437527
DBA,F8,14,1217.1187707163217
DBA,F8,15,1247.5225204406686
DBA,F8,16,1226.9885932703698
DBA,F8,17,1218.6939185903473
DBA,F8,18,1225.1118594249187
DBA,F8,19,1226.7763677755595
DBA,F8,20,1220.4187416940918
DBA,F8,21,1233.8562601744507
DBA,F8,22,1229.6060272474472
DBA,F8,23,1172.6037937689305
DBA,F8,24,1239.8921567253583
DBA,F8,25,1220.9697794056347
DBA,F8,26,1243.2386838730622
DBA,F8,27,1243.754836700568
DBA,F8,28,1221.0513893508792
DBA,F8,29,1234.428821510132
DBA,F8,30,1231.4433801103492
DBA,F9,1,26255.572941228682
DBA,F9,2,27264.613376806523
DBA,F9,3,27923.049940199533
DBA,F9,4,27872.019551961446
DBA,F9,5,27222.060002525366
DBA,F9,6,27934.11091422071
DBA,F9,7,24991.95119768622
DBA,F9,8,27550.479245872597
DBA,F9,9,27386.5563617019
DBA,F9,10,27434.087181636867
DBA,F9,11,24767.280575511628
DBA,F9,12,27670.424145196197
DBA,F9,13,27707.584620378093
DBA,F9,14,26471.233874450983
DBA,F9,15,25377.427175583034
DBA,F9,16,28061.92689627218
DBA,F9,17,25100.541304786275
DBA,F9,18,26908.524133274
DBA,F9,19,28938.06101730802
DBA,F9,20,28528.704792181197
DBA,F9,21,25867.71946260872
DBA,F9,22,30759.98431874257
DBA,F9,23,30440.53960363939
DBA,F9,24,26104.469548053996
DBA,F9,25,29035.1470518884
DBA,F9,26,24303.441658665233
DBA,F9,27,27733.383724193667
DBA,F9,28,24693.618317880617
DBA,F9,29,30970.16166634785
DBA,F9,30,28733.963588151975
DBA,F10,1,8138.210713604512
DBA,F10,2,8049.915466335649
DBA,F10,3,7290.26038779101
DBA,F10,4,8610.255221537225
DBA,F10,5,9222.345039227366
DBA,F10,6,9092.598098824912
DBA,F10,7,9318.135930738077
DBA,F10,8,8279.790406447546
DBA,F10,9,10430.006847171248
DBA,F10,10,8727.4309651065
DBA,F10,11,9639.302452543347
DBA,F10,12,7354.603719397341
DBA,F10,13,9675.914194967152
DBA,F10,14,8359.88277501671
DBA,F10,15,9660.779009420487
DBA,F10,16,9397.196904690618
DBA,F10,17,10023.275453066492
DBA,F10,18,8921.498333565436
DBA,F10,19,8570.369337186004
DBA,F10,20,9662.18083817609
DBA,F10,21,9024.195058770561
DBA,F10,22,9138.986160452976
DBA,F10,23,8174.277607500624
DBA,F10,24,8596.65607012105
DBA,F10,25,10754.591335926707
DBA,F10,26,8611.59531559175
DBA,F10,27,9970.400499335274
DBA,F10,28,7999.561778850211
DBA,F10,29,9222.941261048225
DBA,F10,30,10536.752531314856
DBA,F11,1,9595.868502551932
DBA,F11,2,8086.213281800026
DBA,F11,3,8263.479766268365
DBA,F11,4,7705.329429992238
DBA,F11,5,5651.606657558064
DBA,F11,6,7985.888060084429
DBA,F11,7,5720.485951397336
DBA,F11,8,6990.615087319093
DBA,F11,9,10376.22179396925
DBA,F11,10,6173.862332965864
DBA,F11,11,5705.403016564849
DBA,F11,12,9898.262074039128
DBA,F11,13,9490.72750168087
DBA,F11,14,5946.5379979499185
DBA,F11,15,8738.693643127259
DBA,F11,16,8677.965187937309
DBA,F11,17,8369.0109604834
DBA,F11,18,6314.7398393834665
DBA,F11,19,7719.931893878593
DBA,F11,20,9133.875169870433
DBA,F11,21,10454.39794092158
DBA,F11,22,6300.55317129137
DBA,F11,23,11508.745719124932
DBA,F11,24,8097.947916600468
DBA,F11,25,7916.538923089233
DBA,F11,26,6100.471584117795
DBA,F11,27,6132.548162861725
DBA,F11,28,8363.139931625032
DBA,F11,29,10491.724487658397
DBA,F11,30,12043.604523362463
DBA,F12,1,12422230715.698189
DBA,F12,2,15465737337.621069
DBA,F12,3,23289280165.70107
DBA,F12,4,13815364096.854267
DBA,F12,5,11496050541.270035
DBA,F12,6,15339596818.217012
DBA,F12,7,16652060229.41483
DBA,F12,8,19329125096.37194
DBA,F12,9,10842401884.572067
DBA,F12,10,19621682365.05309
DBA,F12,11,22298592156.795082
DBA,F12,12,15475479489.22942
DBA,F12,13,10226141112.365038
DBA,F12,14,11547572607.878569
DBA,F12,15,3717830309.8680854
DBA,F12,16,5253940006.016654
DBA,F12,17,13905803810.420889
DBA,F12,18,21577634011.749294
DBA,F12,19,9564283483.804123
DBA,F12,20,6540068335.968278
DBA,F12,21,6090790119.676601
DBA,F12,22,24377740623.09562
DBA,F12,23,22452488288.07193
DBA,F12,24,13319836896.334948
DBA,F12,25,14686718982.68295
DBA,F12,26,17208896223.906876
DBA,F12,27,25678502775.693375
DBA,F12,28,15119541431.44289
DBA,F12,29,8564601113.100005
DBA,F12,30,15758784413.027298
DBA,F13,1,1140329325.0559983
DBA,F13,2,3255027008.2875175
DBA,F13,3,5233831237.349502
DBA,F13,4,4646535428.981191
DBA,F13,5,3081895987.4479365
DBA,F13,6,6533583300.766083
DBA,F13,7,1912480341.231476
DBA,F13,8,3092570672.95008
DBA,F13,9,4021007059.536402
DBA,F13,10,3156977446.8912683
DBA,F13,11,6012232350.74252
DBA,F13,12,6762975036.15901
DBA,F13,13,7818008436.62968
DBA,F13,14,2818755103.35844
DBA,F13,15,2788185420.7213297
DBA,F13,16,592856486.5411936
DBA,F13,17,2274160221.5343843
DBA,F13,18,5436514521.753336
DBA,F13,19,3910909810.610289
DBA,F13,20,238198582.77396548
DBA,F13,21,1650245034.7294798
DBA,F13,22,2140589563.1592214
DBA,F13,23,1717699743.485405
DBA,F13,24,3219261374.287547
DBA,F13,25,4090418579.2218904
DBA,F13,26,1395380778.2597766
DBA,F13,27,3335737807.173704
DBA,F13,28,4067124596.441321
DBA,F13,29,1642179182.7558098
DBA,F13,30,1331888214.5394585
DBA,F14,1,5981433.653192649
DBA,F14,2,5183414.1813110495
DBA,F14,3,17774989.908089086
DBA,F14,4,1447824.9128960639
DBA,F14,5,3702960.657897058
DBA,F14,6,6723416.307008646
DBA,F14,7,3256875.6775610647
DBA,F14,8,4391893.670900211
DBA,F14,9,16109728.001489947
DBA,F14,10,5090441.310857108
DBA,F14,11,10611905.373329297
DBA,F14,12,2088486.1859682114
DBA,F14,13,3676890.162979717
DBA,F14,14,7457684.684245649
DBA,F14,15,4201194.904450968
DBA,F14,16,8985313.26276146
DBA,F14,17,16822821.473530248
DBA,F14,18,5469789.080934772
DBA,F14,19,6696349.162624789
DBA,F14,20,511535.53263325326
DBA,F14,21,29774612.24830714
DBA,F14,22,5322357.596682661
DBA,F14,23,6960573.770498872
DBA,F14,24,4960637.697967187
DBA,F14,25,7134311.276768363
DBA,F14,26,4129714.802096306
DBA,F14,27,1011367.9399555346
DBA,F14,28,3942666.508926494
DBA,F14,29,3759128.3027900686
DBA,F14,30,4615216.253594674
DBA,F15,1,1611327.1096442174
DBA,F15,2,811737.8042506753
DBA,F15,3,11130377.670664826
DBA,F15,4,4801612.187004804
DBA,F15,5,210621.31686133466
DBA,F15,6,346029.56346826645
DBA,F15,7,329694.6512070657
DBA,F15,8,645234.567026786
DBA,F15,9,470482.7259317664
DBA,F15,10,1057013.7363675758
DBA,F15,11,749666.9172339999
DBA,F15,12,582926.8944494325
DBA,F15,13,3517800.467600387
DBA,F15,14,504104.3784066879
DBA,F15,15,1309307.7657004069
DBA,F15,16,424412.29627781134
DBA,F15,17,25524945.110624425
DBA,F15,18,87834138.26968975
DBA,F15,19,2565707.7997214943
DBA,F15,20,618798.2328893503
DBA,F15,21,31146775.798840605
DBA,F15,22,2744110.9236129536
DBA,F15,23,5517294.875114319
DBA,F15,24,893756.1819722708
DBA,F15,25,653801.2906089249
DBA,F15,26,3861006.2689084755
DBA,F15,27,1048814.8558043772
DBA,F15,28,1289726.0487757744
DBA,F15,29,485872.17644468875
DBA,F15,30,1253107.9154819772
DBA,F16,1,4771.841452812634
DBA,F16,2,5079.104865479086
DBA,F16,3,4862.03385485516
DBA,F16,4,5139.97712612852
DBA,F16,5,5000.174902664755
DBA,F16,6,4992.328271079645
DBA,F16,7,4628.465472966849
DBA,F16,8,5501.631221317515
DBA,F16,9,4953.913250228159
DBA,F16,10,4834.248575140417
DBA,F16,11,5167.165260403009
DBA,F16,12,4599.120382622378
DBA,F16,13,4749.963672930421
DBA,F16,14,4907.279042929855
DBA,F16,15,6163.443347369703
DBA,F16,16,5656.94944490799
DBA,F16,17,5230.81236149315
DBA,F16,18,5523.014726891388
DBA,F16,19,4895.876229047315
DBA,F16,20,4995.025031233194
DBA,F16,21,4783.878018441961
DBA,F16,22,4513.891316509097
DBA,F16,23,4658.387618554267
DBA,F16,24,5265.920409130063
DBA,F16,25,4882.622502285543
DBA,F16,26,4866.470334251969
DBA,F16,27,5095.542612559156
DBA,F16,28,4217.432079280934
DBA,F16,29,5829.587871999676
DBA,F16,30,5342.414453165566
DBA,F17,1,3582.044431773576
DBA,F17,2,4041.1369415768136
DBA,F17,3,3937.60888179553
DBA,F17,4,4266.535658001612
DBA,F17,5,4480.2094338420475
DBA,F17,6,3700.804480048295
DBA,F17,7,3571.7827895402174
DBA,F17,8,4551.376745579673
DBA,F17,9,3877.6279334165397
DBA,F17,10,3799.6052193478904
DBA,F17,11,3954.4652583909083
DBA,F17,12,3740.685424578183
DBA,F17,13,3877.349183979421
DBA,F17,14,3683.196505947907
DBA,F17,15,3455.6645680757883
DBA,F17,16,4183.493396220142
DBA,F17,17,4899.871164545946
DBA,F17,18,3839.276985163017
DBA,F17,19,3715.57507471854
DBA,F17,20,3530.5937430919275
DBA,F17,21,4317.546088795779
DBA,F17,22,3486.9432281911536
DBA,F17,23,4257.285080290148
DBA,F17,24,3739.717223740913
DBA,F17,25,4137.865581352418
DBA,F17,26,4536.044004361831
DBA,F17,27,3551.3392547741396
DBA,F17,28,4433.622070208008
DBA,F17,29,4334.743339310932
DBA,F17,30,3819.65971263451
DBA,F18,1,12649614.992003554
DBA,F18,2,18118806.044043325
DBA,F18,3,27989243.423441842
DBA,F18,4,47681012.5397303
DBA,F18,5,26883490.43846389
DBA,F18,6,17166691.8209052
DBA,F18,7,24554588.527130336
DBA,F18,8,14300606.961812679
DBA,F18,9,22254810.282971006
DBA,F18,10,27477901.917457085
DBA,F18,11,25071218.92106846
DBA,F18,12,21826434.69985903
DBA,F18,13,26126624.65388625
DBA,F18,14,7107666.612436492
DBA,F18,15,21945543.330838546
DBA,F18,16,27982078.84394225
DBA,F18,17,21695810.94779805
DBA,F18,18,8996078.859110713
DBA,F18,19,37249093.74203842
DBA,F18,20,30638916.127118424
DBA,F18,21,34473740.805595465
DBA,F18,22,16441281.29762822
DBA,F18,23,18569335.24343045
DBA,F18,24,21815273.212541293
DBA,F18,25,35747857.97086079
DBA,F18,26,15257236.542274117
DBA,F18,27,26868099.670535382
DBA,F18,28,23024196.899713367
DBA,F18,29,24772759.199741725
DBA,F18,30,19076147.251118194
DBA,F19,1,1658371.0938610095
DBA,F19,2,423244.6177969297
DBA,F19,3,6143945.522564138
DBA,F19,4,282099.36998796195
DBA,F19,5,714931.198378896
DBA,F19,6,544429.3900811259
DBA,F19,7,635928.6465104374
DBA,F19,8,369515.94571184507
DBA,F19,9,908649.8412694308
DBA,F19,10,6143958.475891665
DBA,F19,11,600216.5733579653
DBA,F19,12,5528268.411704709
DBA,F19,13,7618777.318327803
DBA,F19,14,680044.3766901101
DBA,F19,15,2988502.3363229586
DBA,F19,16,767591.0468494578
DBA,F19,17,887581.3501762521
DBA,F19,18,482917.08569307305
DBA,F19,19,2690773.109439071
DBA,F19,20,860588.5776026907
DBA,F19,21,3243007.3876521387
DBA,F19,22,1151435.886869345
DBA,F19,23,1426383.2985082958
DBA,F19,24,360819.6180352806
DBA,F19,25,3292028.745122308
DBA,F19,26,2391800.0635310314
DBA,F19,27,1142934.3603934217
DBA,F19,28,2311033.5324682654
DBA,F19,29,452779.61783795827
DBA,F19,30,8653917.436205061
DBA,F20,1,3350.8593070295265
DBA,F20,2,3486.0663252975437
DBA,F20,3,3209.736248684635
DBA,F20,4,3258.261125022115
DBA,F20,5,3276.2292890587946
DBA,F20,6,3517.6929830934896
DBA,F20,7,3235.742233743407
DBA,F20,8,3457.347661767886
DBA,F20,9,2867.7928108602105
DBA,F20,10,2695.162965889867
DBA,F20,11,3407.2723960375333
DBA,F20,12,3699.7127304859087
DBA,F20,13,3514.09506042568
DBA,F20,14,3415.7383080313366
DBA,F20,15,3247.8211824953296
DBA,F20,16,3235.191095309574
DBA,F20,17,3833.1664426256184
DBA,F20,18,3956.639404395774
DBA,F20,19,3660.6057789179295
DBA,F20,20,3399.163137296381
DBA,F20,21,2808.7219569239974
DBA,F20,22,3638.778291234643
DBA,F20,23,3194.580933326306
DBA,F20,24,3335.203194688013
DBA,F20,25,3350.0536108393608
DBA,F20,26,3056.4174042074455
DBA,F20,27,3673.0322384665687
DBA,F20,28,3063.6117261377995
DBA,F20,29,3771.891406164891
DBA,F20,30,3831.855894471303
DBA,F21,1,2920.1499139716243
DBA,F21,2,3007.106975534824
DBA,F21,3,2764.5059840387116
DBA,F21,4,3040.205548110131
DBA,F21,5,2866.176040368029
DBA,F21,6,2841.06499178388
DBA,F21,7,2837.4458313665323
DBA,F21,8,2766.0972308250693
DBA,F21,9,2816.2065948476857
DBA,F21,10,2878.9570888181534
DBA,F21,11,2886.3205925970224
DBA,F21,12,2858.143339503262
DBA,F21,13,2926.8703521002963
DBA,F21,14,2854.6296332505726
DBA,F21,15,2988.683381089669
DBA,F21,16,2906.2817609141257
DBA,F21,17,2835.205543425762
DBA,F21,18,2816.6250185772315
DBA,F21,19,2962.0092868614947
DBA,F21,20,2849.2893239084597
DBA,F21,21,2889.3705602625123
DBA,F21,22,2729.2173508674227
DBA,F21,23,2846.9727032202372
DBA,F21,24,2746.0880008158047
DBA,F21,25,2978.827614305064
DBA,F21,26,2786.247896954964
DBA,F21,27,2875.362910248834
DBA,F21,28,2931.9487837450256
DBA,F21,29,2883.7709835563146
DBA,F21,30,2814.8541780757205
DBA,F22,1,12872.971990375809
DBA,F22,2,12304.63897496817
DBA,F22,3,12493.177446414371
DBA,F22,4,12018.62470922632
DBA,F22,5,11786.402887044742
DBA,F22,6,11552.733788281597
DBA,F22,7,11558.259086866987
DBA,F22,8,12473.421808509174
DBA,F22,9,12351.387397564591
DBA,F22,10,13118.662049082883
DBA,F22,11,13259.694509882356
DBA,F22,12,12340.872003924718
DBA,F22,13,11992.332502545254
DBA,F22,14,12454.28997452333
DBA,F22,15,13016.958489069324
DBA,F22,16,13144.758371222428
DBA,F22,17,11830.188468426459
DBA,F22,18,10779.34726472019
DBA,F22,19,12442.115690521883
DBA,F22,20,10639.5243401234
DBA,F22,21,9617.862005018113
DBA,F22,22,11621.18652051466
DBA,F22,23,11883.950315338187
DBA,F22,24,12173.40629606976
DBA,F22,25,11694.160678614951
DBA,F22,26,10662.158739229999
DBA,F22,27,12420.45915757936
DBA,F22,28,12544.257368028217
DBA,F22,29,12129.726576685245
DBA,F22,30,11027.06132203632
DBA,F23,1,4096.155291307374
DBA,F23,2,4335.417093250815
DBA,F23,3,4448.364713615051
DBA,F23,4,4497.764819114573
DBA,F23,5,4624.298742804641
DBA,F23,6,4762.674137279473
DBA,F23,7,4282.062333616669
DBA,F23,8,4297.110598905825
DBA,F23,9,4274.223002861776
DBA,F23,10,4274.503598844141
DBA,F23,11,4204.215823524817
DBA,F23,12,4263.321617685907
DBA,F23,13,4532.150095985222
DBA,F23,14,4515.3845408045945
DBA,F23,15,4624.769397281194
DBA,F23,16,4011.334675013445
DBA,F23,17,4061.926701345691
DBA,F23,18,4485.038021510124
DBA,F23,19,4580.613263260517
DBA,F23,20,4435.681707207111
DBA,F23,21,4099.775142724502
DBA,F23,22,4167.043505719435
DBA,F23,23,4577.708471674392
DBA,F23,24,4048.4750298237977
DBA,F23,25,4442.788911253354
DBA,F23,26,4285.5767817318065
DBA,F23,27,4246.792856308761
DBA,F23,28,4356.403183299359
DBA,F23,29,4341.985754970755
DBA,F23,30,3773.274964830216
DBA,F24,1,4520.005502863727
DBA,F24,2,4514.331202529684
DBA,F24,3,4707.239106044415
DBA,F24,4,4649.5746719334675
DBA,F24,5,4696.671637607336
DBA,F24,6,4119.726497658937
DBA,F24,7,4451.737072142898
DBA,F24,8,4582.135015841342
DBA,F24,9,4552.907462514418
DBA,F24,10,4687.149098930926
DBA,F24,11,4476.839360410824
DBA,F24,12,4736.853382387717
DBA,F24,13,4841.900622834905
DBA,F24,14,4175.130573050672
DBA,F24,15,4906.233660871389
DBA,F24,16,4681.000808755475
DBA,F24,17,4736.7120001308485
DBA,F24,18,4199.54803939625
DBA,F24,19,4900.1753102638395
DBA,F24,20,4596.671546665162
DBA,F24,21,4536.997184746328
DBA,F24,22,4581.948048289762
DBA,F24,23,4369.029934230506
DBA,F24,24,4443.098636387087
DBA,F24,25,4533.523055893065
DBA,F24,26,4617.943190993579
DBA,F24,27,4474.746461353937
DBA,F24,28,4635.659153419025
DBA,F24,29,4617.323766227197
DBA,F24,30,4237.39285065098
DBA,F25,1,7206.848467764822
DBA,F25,2,6474.5793521332125
DBA,F25,3,6803.748860212826
DBA,F25,4,6057.59243714034
DBA,F25,5,6277.04772630436
DBA,F25,6,6371.245698871406
DBA,F25,7,7658.562842718857
DBA,F25,8,6434.6759882392935
DBA,F25,9,6081.634600589032
DBA,F25,10,6421.3345466049195
DBA,F25,11,5850.817265397852
DBA,F25,12,6609.822098610608
DBA,F25,13,6694.7950119540155
DBA,F25,14,6087.491745120993
DBA,F25,15,6186.711969803674
DBA,F25,16,6308.693093954285
DBA,F25,17,6214.091539760935
DBA,F25,18,6210.857768108526
DBA,F25,19,6843.211083561632
DBA,F25,20,5846.245254723903
DBA,F25,21,6241.0600645003615
DBA,F25,22,6738.420262734171
DBA,F25,23,7335.017477197757
DBA,F25,24,6137.732422666916
DBA,F25,25,6955.505421530463
DBA,F25,26,6812.688469838817
DBA,F25,27,6684.39647073495
DBA,F25,28,6403.627443833426
DBA,F25,29,6243.393861069026
DBA,F25,30,6210.731845472901
DBA,F26,1,13194.793062561615
DBA,F26,2,10802.18255174099
DBA,F26,3,12547.820819466073
DBA,F26,4,12422.64250284738
DBA,F26,5,12759.015880252717
DBA,F26,6,12522.120896541557
DBA,F26,7,13336.68325147091
DBA,F26,8,13490.035081502432
DBA,F26,9,13765.507420286618
DBA,F26,10,13022.3026549881
DBA,F26,11,11158.464685929981
DBA,F26,12,14208.059982018136
DBA,F26,13,11947.365554450436
DBA,F26,14,13334.681764382833
DBA,F26,15,13636.910347390756
DBA,F26,16,13735.760967089926
DBA,F26,17,14370.810290659225
DBA,F26,18,13808.01421222739
DBA,F26,19,13678.652946127626
DBA,F26,20,12739.355858312292
DBA,F26,21,13352.878071824909
DBA,F26,22,13956.748281527305
DBA,F26,23,13235.329607824886
DBA,F26,24,12313.45357636627
DBA,F26,25,13110.064876400947
DBA,F26,26,13267.69985226478
DBA,F26,27,12710.035470305427
DBA,F26,28,12818.797717175503
DBA,F26,29,12745.634728632393
DBA,F26,30,12826.169292191324
DBA,F27,1,6941.494776783117
DBA,F27,2,6214.027731359982
DBA,F27,3,6990.060404026624
DBA,F27,4,7170.547623847157
DBA,F27,5,6158.997536837971
DBA,F27,6,5558.4400547043615
DBA,F27,7,6613.842434658189
DBA,F27,8,5880.7188005726075
DBA,F27,9,7343.387187655108
DBA,F27,10,6546.88161330225
DBA,F27,11,7037.376293417696
DBA,F27,12,6080.089268049769
DBA,F27,13,6280.621965106827
DBA,F27,14,6974.108873621099
DBA,F27,15,7011.060051298658
DBA,F27,16,6831.813955584225
DBA,F27,17,6463.892191813049
DBA,F27,18,6599.407561840701
DBA,F27,19,5202.473665820075
DBA,F27,20,5866.480391725658
DBA,F27,21,7304.126871348487
DBA,F27,22,7176.439927439933
DBA,F27,23,7610.300548992108
DBA,F27,24,6111.129040466434
DBA,F27,25,6047.313687552783
DBA,F27,26,5613.489680161374
DBA,F27,27,6832.947271222892
DBA,F27,28,6047.305788626121
DBA,F27,29,5900.573310711152
DBA,F27,30,7284.229844147721
DBA,F28,1,7346.7961923586845
DBA,F28,2,6927.406185760846
DBA,F28,3,7041.875962742954
DBA,F28,4,6776.624449128021
DBA,F28,5,6520.5860001935225
DBA,F28,6,7150.62682679654
DBA,F28,7,6658.507179404476
DBA,F28,8,7185.118514574729
DBA,F28,9,7114.2731695219945
DBA,F28,10,6309.7680212736195
DBA,F28,11,6642.798475754078
DBA,F28,12,6596.263007587953
DBA,F28,13,6794.036741573758
DBA,F28,14,6924.212098732813
DBA,F28,15,6415.399684538495
DBA,F28,16,6806.460272938468
DBA,F28,17,7069.359805338451
DBA,F28,18,7510.4637412682205
DBA,F28,19,7152.363625557683
DBA,F28,20,6685.069783510318
DBA,F28,21,6769.280182511431
DBA,F28,22,6553.818420966818
DBA,F28,23,7684.621452173116
DBA,F28,24,7781.593558433807
DBA,F28,25,6807.629833069326
DBA,F28,26,6439.370039934751
DBA,F28,27,7044.565223892182
DBA,F28,28,6902.310447792313
DBA,F28,29,7320.287130654318
DBA,F28,30,7159.450117253143
DBA,F29,1,7217.710285952809
DBA,F29,2,10876.72131000314
DBA,F29,3,9933.15196289997
DBA,F29,4,9266.879895366194
DBA,F29,5,9795.954186779541
DBA,F29,6,7746.207626093405
DBA,F29,7,8293.849469011995
DBA,F29,8,7712.263558478766
DBA,F29,9,10437.975657101577
DBA,F29,10,9949.615389910623
DBA,F29,11,9277.846040174587
DBA,F29,12,9806.642724591675
DBA,F29,13,6744.3992765142975
DBA,F29,14,9869.681856687397
DBA,F29,15,8425.968151633098
DBA,F29,16,8311.98616329308
DBA,F29,17,11031.65275503677
DBA,F29,18,8263.0223863633
DBA,F29,19,8617.022407811699
DBA,F29,20,8672.503929570217
DBA,F29,21,9323.665559660898
DBA,F29,22,7052.209382130537
DBA,F29,23,9552.51779431201
DBA,F29,24,10780.302969015327
DBA,F29,25,8991.112827758807
DBA,F29,26,9549.807697376054
DBA,F29,27,10414.061889540939
DBA,F29,28,7739.506292030284
DBA,F29,29,9079.676393018111
DBA,F29,30,10647.79705548342
DBA,F30,1,294439655.0792963
DBA,F30,2,220075134.4990141
DBA,F30,3,316812086.7759801
DBA,F30,4,204815944.54959652
DBA,F30,5,200145495.05611047
DBA,F30,6,196955417.9693046
DBA,F30,7,254701832.07992005
DBA,F30,8,325991878.1784042
DBA,F30,9,189442041.12246558
DBA,F30,10,222572830.30921108
DBA,F30,11,593219177.4472015
DBA,F30,12,252977939.71992683
DBA,F30,13,316049300.20810604
DBA,F30,14,195294168.40815768
DBA,F30,15,294538947.6729674
DBA,F30,16,378191033.07455105
DBA,F30,17,299321118.7959486
DBA,F30,18,481315386.2718843
DBA,F30,19,610480826.5772425
DBA,F30,20,332937058.89122075
DBA,F30,21,169124640.53637686
DBA,F30,22,382549131.25183904
DBA,F30,23,325812318.721137
DBA,F30,24,309432322.4572827
DBA,F30,25,176806816.92417035
DBA,F30,26,865108541.5708631
DBA,F30,27,255437631.93209317
DBA,F30,28,256436745.3995359
DBA,F30,29,501334892.6148623
DBA,F30,30,346153373.8580012
POA,F1,1,99907268147.52942
POA,F1,2,88916504774.1833
POA,F1,3,107625604204.35786
POA,F1,4,88748770633.7545
POA,F1,5,98908250616.20981
POA,F1,6,102043426266.1853
POA,F1,7,99679497381.1993
POA,F1,8,103131679213.1781
POA,F1,9,104154754316.15767
POA,F1,10,91435861516.13234
POA,F1,11,101338115262.54088
POA,F1,12,86286185534.56844
POA,F1,13,92917303169.71805
POA,F1,14,102697274490.47594
POA,F1,15,97798167683.2748
POA,F1,16,95155555398.01506
POA,F1,17,106585459236.62462
POA,F1,18,98552982495.99008
POA,F1,19,112584822057.15462
POA,F1,20,104437101758.94756
POA,F1,21,105110641880.29283
POA,F1,22,102620525787.87338
POA,F1,23,91462896855.84683
POA,F1,24,95423824150.8699
POA,F1,25,94382197927.61778
POA,F1,26,103030265875.54346
POA,F1,27,108247489519.40947
POA,F1,28,100358206103.51572
POA,F1,29,98237125073.754
POA,F1,30,95971684036.2758
POA,F3,1,459078.3111289162
POA,F3,2,436517.99634453957
POA,F3,3,493448.57260000636
POA,F3,4,477332.4888266134
POA,F3,5,496104.0941130261
POA,F3,6,506789.64980931254
POA,F3,7,455052.42304607405
POA,F3,8,573696.2372257017
POA,F3,9,582566.1725427513
POA,F3,10,504411.11964652804
POA,F3,11,588048.8186217821
POA,F3,12,477823.8174983882
POA,F3,13,433367.5199209918
POA,F3,14,457421.33929986233
POA,F3,15,470793.99458577036
POA,F3,16,427624.012431447
POA,F3,17,543287.3203614651
POA,F3,18,472538.094767351
POA,F3,19,440906.44652841834
POA,F3,20,682550.0587893724
POA,F3,21,434959.6362051752
POA,F3,22,493966.06033993984
POA,F3,23,504895.2778205296
POA,F3,24,394966.23053190997
POA,F3,25,522708.5337007558
POA,F3,26,386372.2634876499
POA,F3,27,462923.3365462206
POA,F3,28,379630.6326653128
POA,F3,29,489857.13865734485
POA,F3,30,468508.05464394984
POA,F4,1,12801.787370230566
POA,F4,2,9727.961044006734
POA,F4,3,12827.585716786098
POA,F4,4,13382.661079121282
POA,F4,5,10169.716187674512
POA,F4,6,13758.416044203903
POA,F4,7,11406.432578240654
POA,F4,8,10122.26172677471
POA,F4,9,11105.289787853259
POA,F4,10,11281.858603266171
POA,F4,11,8850.538794582028
POA,F4,12,12303.042813991296
POA,F4,13,9229.856847285175
POA,F4,14,12374.778536961212
POA,F4,15,12133.976300556404
POA,F4,16,12318.145167456098
POA,F4,17,11077.074979168476
POA,F4,18,12768.395084108706
POA,F4,19,10114.541725376557
POA,F4,20,10083.68036839419
POA,F4,21,8818.740760402414
POA,F4,22,11779.4434465076
POA,F4,23,11754.494268620934
POA,F4,24,10198.523114009695
POA,F4,25,9610.947598918123
POA,F4,26,11412.42897289449
POA,F4,27,11757.368522494326
POA,F4,28,13702.411551135197
POA,F4,29,11110.38807121173
POA,F4,30,8547.728474307658
POA,F5,1,1282.3760284336358
POA,F5,2,1265.224297347137
POA,F5,3,1283.2122472266906
POA,F5,4,1295.4099995942252
POA,F5,5,1321.1902044981139
POA,F5,6,1264.1827711283854
POA,F5,7,1286.0225076293118
POA,F5,8,1208.7189151999512
POA,F5,9,1273.8423678226175
POA,F5,10,1313.736895902157
POA,F5,11,1237.427210282095
POA,F5,12,1297.3118664520148
POA,F5,13,1311.384619071503
POA,F5,14,1249.5519020419838
POA,F5,15,1286.366015758104
POA,F5,16,1262.3273617240318
POA,F5,17,1264.0950046367748
POA,F5,18,1202.9716902234704
POA,F5,19,1276.3527011151873
POA,F5,20,1242.4672370542805
POA,F5,21,1232.3656352943963
POA,F5,22,1226.3796801944
POA,F5,23,1241.4872575798795
POA,F5,24,1287.327905461958
POA,F5,25,1310.972475917532
POA,F5,26,1244.0542700055735
POA,F5,27,1246.2280873847383
POA,F5,28,1269.2248728915476
POA,F5,29,1228.2026353344586
POA,F5,30,1259.8735888794758
POA,F6,1,688.7287172132433
POA,F6,2,689.8705594235041
POA,F6,3,686.0468013600891
POA,F6,4,686.0152641181783
POA,F6,5,687.7259118184368
POA,F6,6,690.9554948463065
POA,F6,7,686.0143182020815
POA,F6,8,679.6083025802517
POA,F6,9,691.7099295916157
POA,F6,10,687.2236335178243
POA,F6,11,687.4760590280499
POA,F6,12,687.8715986955721
POA,F6,13,684.4149091661895
POA,F6,14,687.6297593695548
POA,F6,15,683.2847140137881
POA,F6,16,687.6636963864009
POA,F6,17,689.4057824161264
POA,F6,18,691.5469860282257
POA,F6,19,689.8740077664254
POA,F6,20,685.3169584553309
POA,F6,21,680.2361124648145
POA,F6,22,687.790122876759
POA,F6,23,686.3197875956419
POA,F6,24,687.9904638736452
POA,F6,25,684.0901110265567
POA,F6,26,681.4401504849212
POA,F6,27,687.321629931177
POA,F6,28,685.7319997898165
POA,F6,29,680.7547234360027
POA,F6,30,685.2298091430081
POA,F7,1,3833.4739947358366
POA,F7,2,4233.842302929151
POA,F7,3,4360.549601553748
POA,F7,4,4139.853207637312
POA,F7,5,4334.442453165083
POA,F7,6,4105.208711106932
POA,F7,7,4513.304988091707
POA,F7,8,4234.640206216398
POA,F7,9,3923.767092868996
POA,F7,10,3968.1497829712353
POA,F7,11,4336.551709175348
POA,F7,12,4481.97988561827
POA,F7,13,4152.000382080163
POA,F7,14,4627.964687025303
POA,F7,15,3672.2549315172055
POA,F7,16,4223.400794284113
POA,F7,17,4265.003136100425
POA,F7,18,4246.683657405462
POA,F7,19,4353.868750894999
POA,F7,20,4591.902183647966
POA,F7,21,4092.5191586374667
POA,F7,22,4252.2091832033475
POA,F7,23,4206.703693522521
POA,F7,24,4184.60324588541
POA,F7,25,4597.311298216823
POA,F7,26,4298.853318411171
POA,F7,27,4519.40928385083
POA,F7,28,3785.5619084320997
POA,F7,29,4054.204739564336
POA,F7,30,3969.2999265847743
POA,F8,1,1544.3210717814777
POA,F8,2,1580.7415773050914
POA,F8,3,1533.522364368105
POA,F8,4,1539.5795037324738
POA,F8,5,1559.2868604454861
POA,F8,6,1575.5286844669292
POA,F8,7,1534.2878680927165
POA,F8,8,1562.5102282069224
POA,F8,9,1566.5897744855297
POA,F8,10,1638.8499683288032
POA,F8,11,1577.6084834169444
POA,F8,12,1553.0029438460467
POA,F8,13,1601.883905300852
POA,F8,14,1582.403517134444
POA,F8,15,1524.5420822521676
POA,F8,16,1585.4605772808964
POA,F8,17,1577.3571115155553
POA,F8,18,1525.0707983767584
POA,F8,19,1575.2738324291836
POA,F8,20,1574.1350534083547
POA,F8,21,1527.0900250249774
POA,F8,22,1511.8510054419708
POA,F8,23,1530.4403620332978
POA,F8,24,1565.9000344620981
POA,F8,25,1538.136777717044
POA,F8,26,1609.3796121177388
POA,F8,27,1520.7069362221555
POA,F8,28,1560.4331529305948
POA,F8,29,1569.506223989882
POA,F8,30,1528.0863465754887
POA,F9,1,49654.739728466935
POA,F9,2,33690.49436313249
POA,F9,3,50321.794689188064
POA,F9,4,50387.587163224925
POA,F9,5,41008.03428795398
POA,F9,6,45443.95184930627
POA,F9,7,51541.7267956806
POA,F9,8,49904.354639628735
POA,F9,9,49834.667409294656
POA,F9,10,62726.83508020728
POA,F9,11,48093.645818923535
POA,F9,12,43783.915007377254
POA,F9,13,45279.8353401089
POA,F9,14,48264.227631802685
POA,F9,15,38059.74260899755
POA,F9,16,53898.09665060306
POA,F9,17,48907.24132089381
POA,F9,18,45772.259872267925
POA,F9,19,55977.6803880756
POA,F9,20,47176.17699057328
POA,F9,21,49430.15152511921
POA,F9,22,41464.5281814476
POA,F9,23,38641.54921919562
POA,F9,24,60572.66143371571
POA,F9,25,41933.68517839105
POA,F9,26,43144.426422162585
POA,F9,27,41711.58469506165
POA,F9,28,40664.91796478719
POA,F9,29,49499.968056695965
POA,F9,30,44433.95689328835
POA,F10,1,14338.101274223089
POA,F10,2,13440.957930215298
POA,F10,3,14529.032476929844
POA,F10,4,14678.708347700665
POA,F10,5,13415.649415142963
POA,F10,6,13156.826138521654
POA,F10,7,12497.030507019785
POA,F10,8,13464.904671042925
POA,F10,9,14839.029507325877
POA,F10,10,12895.538122431644
POA,F10,11,14761.553096877582
POA,F10,12,13812.310467268826
POA,F10,13,15251.394568138938
POA,F10,14,14714.992665533407
POA,F10,15,13178.167810605139
POA,F10,16,14670.88923447076
POA,F10,17,14271.65778100698
POA,F10,18,14588.34658189625
POA,F10,19,13944.808867226493
POA,F10,20,12986.01911795238
POA,F10,21,15026.03364461532
POA,F10,22,15017.56144568063
POA,F10,23,14210.639761506958
POA,F10,24,13594.172765026475
POA,F10,25,14249.660992416284
POA,F10,26,14374.431314963284
POA,F10,27,13578.384308714794
POA,F10,28,14236.366421657047
POA,F10,29,15145.111166196144
POA,F10,30,14147.816788334123
POA,F11,1,15504.26749032632
POA,F11,2,19455.904213763053
POA,F11,3,19966.325655898287
POA,F11,4,18095.22487155464
POA,F11,5,18236.054448978542
POA,F11,6,23186.800813347163
POA,F11,7,19482.6189078655
POA,F11,8,16079.080936991078
POA,F11,9,17884.97643130315
POA,F11,10,18798.14240780444
POA,F11,11,20647.012811855315
POA,F11,12,19408.29466002464
POA,F11,13,19630.60079937965
POA,F11,14,19514.8335913305
POA,F11,15,21086.82116777196
POA,F11,16,23918.62796393436
POA,F11,17,21848.678456659753
POA,F11,18,19926.12400171493
POA,F11,19,16172.574785245914
POA,F11,20,19278.482317737515
POA,F11,21,16857.16785472598
POA,F11,22,20243.911939166203
POA,F11,23,16779.9631469966
POA,F11,24,15798.937505010908
POA,F11,25,18017.85928328542
POA,F11,26,14446.530332583032
POA,F11,27,21019.993550334693
POA,F11,28,14696.359648374391
POA,F11,29,21456.399186050305
POA,F11,30,18310.77679454374
POA,F12,1,11952713919.739756
POA,F12,2,15715402849.415173
POA,F12,3,12727212509.07839
POA,F12,4,16132095034.898598
POA,F12,5,13936742739.241978
POA,F12,6,13488142264.195704
POA,F12,7,11511932505.355682
POA,F12,8,13602155137.534616
POA,F12,9,16374960122.763643
POA,F12,10,14399647968.685326
POA,F12,11,8470114378.273731
POA,F12,12,16248677475.587122
POA,F12,13,14193024098.255676
POA,F12,14,13243830509.453657
POA,F12,15,12667301650.15982
POA,F12,16,15403578441.649212
POA,F12,17,14423252502.166883
POA,F12,18,10225038344.685001
POA,F12,19,11779619908.977827
POA,F12,20,15668255470.01238
POA,F12,21,13880765591.673094
POA,F12,22,12427596395.198029
POA,F12,23,15068568931.579979
POA,F12,24,12111264701.552864
POA,F12,25,17834149466.28872
POA,F12,26,18854680041.279423
POA,F12,27,15112863988.828936
POA,F12,28,12572385875.541828
POA,F12,29,14927092054.273281
POA,F12,30,13559835176.769318
POA,F13,1,2574063916.402626
POA,F13,2,1546164678.9123518
POA,F13,3,1893622554.2553976
POA,F13,4,2800659449.8759847
POA,F13,5,2090378613.717253
POA,F13,6,2692133411.308177
POA,F13,7,3965261262.8848653
POA,F13,8,3427139396.7685866
POA,F13,9,4656361005.961575
POA,F13,10,2323702558.83558
POA,F13,11,3672424922.414532
POA,F13,12,5075347223.3644
POA,F13,13,1818159095.5833347
POA,F13,14,3377022673.4563403
POA,F13,15,3947357572.0621395
POA,F13,16,2574300262.2073474
POA,F13,17,2177630367.6925116
POA,F13,18,2810733568.59319
POA,F13,19,3472434650.615048
POA,F13,20,2660388973.5050163
POA,F13,21,4916563197.071937
POA,F13,22,4366719471.552484
POA,F13,23,4001701476.312602
POA,F13,24,3851524220.8358684
POA,F13,25,2370803649.360629
POA,F13,26,2748967052.5064607
POA,F13,27,2966306626.5868683
POA,F13,28,4132812706.764627
POA,F13,29,4097235409.9360976
POA,F13,30,1997352108.8804169
POA,F14,1,4393086.417702002
POA,F14,2,5285555.345382614
POA,F14,3,4179405.8220008877
POA,F14,4,6353696.728958006
POA,F14,5,3030790.8175207055
POA,F14,6,2697183.848356906
POA,F14,7,3679185.851364418
POA,F14,8,2335547.917090367
POA,F14,9,3774538.1531235753
POA,F14,10,3412954.0267799115
POA,F14,11,4604126.214031485
POA,F14,12,1619449.260287393
POA,F14,13,2384592.882029451
POA,F14,14,6658870.467545955
POA,F14,15,2495882.288276354
POA,F14,16,1889425.7424442857
POA,F14,17,2966716.6241166797
POA,F14,18,777703.9218157062
POA,F14,19,2389849.4878311106
POA,F14,20,3775029.213999399
POA,F14,21,1257191.7549048187
POA,F14,22,2283399.5819754205
POA,F14,23,2179215.2583683347
POA,F14,24,5023727.860297586
POA,F14,25,4315798.32283289
POA,F14,26,6345261.915183846
POA,F14,27,4927576.813097467
POA,F14,28,2992012.796428091
POA,F14,29,1874115.149379855
POA,F14,30,1082115.0196260714
POA,F15,1,731814204.2611291
POA,F15,2,218131812.5741055
POA,F15,3,497117882.4588841
POA,F15,4,451443352.6495843
POA,F15,5,467980000.4836066
POA,F15,6,344988689.57571924
POA,F15,7,342316340.5382463
POA,F15,8,462479107.8409165
POA,F15,9,276735612.9664777
POA,F15,10,507369740.19321465
POA,F15,11,227370140.94405842
POA,F15,12,290517739.1531691
POA,F15,13,299302780.5567164
POA,F15,14,448688355.0773509
POA,F15,15,202498776.46010405
POA,F15,16,213848170.56049013
POA,F15,17,518356555.98506314
POA,F15,18,519319689.57339424
POA,F15,19,251376114.20842302
POA,F15,20,427801953.34696394
POA,F15,21,365316838.0156599
POA,F15,22,206678032.25698173
POA,F15,23,415978359.66699225
POA,F15,24,320539027.47559357
POA,F15,25,270919025.8810119
POA,F15,26,388938452.2858356
POA,F15,27,331943066.95258576
POA,F15,28,211950684.21872443
POA,F15,29,441872987.0354857
POA,F15,30,444394607.33928365
POA,F16,1,5971.066909756626
POA,F16,2,6754.235407461449
POA,F16,3,5681.447148399549
POA,F16,4,6441.565208125575
POA,F16,5,5567.513624273895
POA,F16,6,6550.587023311209
POA,F16,7,5424.96518287855
POA,F16,8,5586.500931641889
POA,F16,9,5568.903384183828
POA,F16,10,6163.0211774859645
POA,F16,11,5691.885827023767
POA,F16,12,6566.1431417829235
POA,F16,13,6261.412294228474
POA,F16,14,5851.051988319974
POA,F16,15,6021.966425530944
POA,F16,16,5758.020434477989
POA,F16,17,6186.053938944143
POA,F16,18,5924.892816090494
POA,F16,19,5980.044776937405
POA,F16,20,6205.309334353883
POA,F16,21,6086.460906250674
POA,F16,22,6184.310412022169
POA,F16,23,6154.518517363586
POA,F16,24,6915.291095712219
POA,F16,25,5724.2865424982565
POA,F16,26,6436.144236015084
POA,F16,27,5998.836647974119
POA,F16,28,6562.62378366319
POA,F16,29,6013.0796681902275
POA,F16,30,6043.537163765265
POA,F17,1,5814.188376038291
POA,F17,2,5445.0866168403845
POA,F17,3,5568.922790281575
POA,F17,4,5360.699086612788
POA,F17,5,5844.370511083997
POA,F17,6,5604.941821766677
POA,F17,7,5705.877117691104
POA,F17,8,5288.775076393343
POA,F17,9,5265.546826115307
POA,F17,10,5752.387970287359
POA,F17,11,5871.158673772916
POA,F17,12,5182.247302383632
POA,F17,13,5446.627572744223
POA,F17,14,5683.475587536916
POA,F17,15,5862.342101910911
POA,F17,16,5082.586879427762
POA,F17,17,5754.452065885697
POA,F17,18,5541.175444858587
POA,F17,19,4792.461201302309
POA,F17,20,5498.79856473526
POA,F17,21,5372.4642890660525
POA,F17,22,5387.776266037987
POA,F17,23,5498.686958271945
POA,F17,24,5225.0049175162
POA,F17,25,5760.2272652018055
POA,F17,26,5181.348759196003
POA,F17,27,4804.8750944786125
POA,F17,28,5599.24505025246
POA,F17,29,5003.638121549173
POA,F17,30,5732.161070058646
POA,F18,1,11661599.568589801
POA,F18,2,33160046.863553282
POA,F18,3,14597717.349118631
POA,F18,4,26631910.491005313
POA,F18,5,50756980.534784384
POA,F18,6,29481402.13494863
POA,F18,7,32465952.90146801
POA,F18,8,32518760.88485184
POA,F18,9,21505452.976373456
POA,F18,10,61147648.59955653
POA,F18,11,20246416.570972994
POA,F18,12,51737947.16281196
POA,F18,13,34201694.89509332
POA,F18,14,15038567.28396807
POA,F18,15,29062251.744877696
POA,F18,16,34852664.10607394
POA,F18,17,19814352.217663802
POA,F18,18,21108197.577438857
POA,F18,19,79071348.36829814
POA,F18,20,22051131.408489496
POA,F18,21,27513294.903301414
POA,F18,22,24325425.7640799
POA,F18,23,23639006.07927497
POA,F18,24,20977988.07499451
POA,F18,25,61222327.70390907
POA,F18,26,20675662.802181818
POA,F18,27,41167553.38158
POA,F18,28,18392975.998877287
POA,F18,29,32101637.13035429
POA,F18,30,46872417.3642834
POA,F19,1,132777068.92409486
POA,F19,2,66908454.50281713
POA,F19,3,79794719.46641254
POA,F19,4,95715416.44960837
POA,F19,5,87506644.06124008
POA,F19,6,46821069.21774688
POA,F19,7,130706372.14299265
POA,F19,8,339932847.0841769
POA,F19,9,235085143.1882908
POA,F19,10,186401326.44607574
POA,F19,11,91148476.06376684
POA,F19,12,158586281.17599273
POA,F19,13,121371719.27404775
POA,F19,14,317250859.6493168
POA,F19,15,94280775.39873292
POA,F19,16,180708187.9633719
POA,F19,17,263101927.91167986
POA,F19,18,217749494.16194552
POA,F19,19,92190466.7090419
POA,F19,20,206743076.91048864
POA,F19,21,45356272.741140425
POA,F19,22,105069894.07820697
POA,F19,23,106675275.66004203
POA,F19,24,139277267.6615373
POA,F19,25,170168790.30825463
POA,F19,26,42124508.14746689
POA,F19,27,278682426.42994374
POA,F19,28,103123516.00842617
POA,F19,29,134005041.20871851
POA,F19,30,61088136.50192495
POA,F20,1,4207.368367030449
POA,F20,2,3613.6942610269894
POA,F20,3,4141.267367838584
POA,F20,4,4094.097212259578
POA,F20,5,3817.8816859298836
POA,F20,6,4212.39769896869
POA,F20,7,4280.635302318079
POA,F20,8,4178.465954956182
POA,F20,9,3650.3698967431374
POA,F20,10,4030.1068488040555
POA,F20,11,3713.013756975587
POA,F20,12,3877.281703325086
POA,F20,13,3840.050223047665
POA,F20,14,3743.9901066557954
POA,F20,15,4267.853791336317
POA,F20,16,4022.823034807492
POA,F20,17,4129.956208284945
POA,F20,18,4149.736983797688
POA,F20,19,3923.6084393527262
POA,F20,20,3690.3331484201344
POA,F20,21,4091.8654045180283
POA,F20,22,4071.6136418016545
POA,F20,23,3916.1418052150157
POA,F20,24,4219.985989321642
POA,F20,25,4111.372688598551
POA,F20,26,3742.1383009660904
POA,F20,27,4188.1002776839
POA,F20,28,3711.301090481018
POA,F20,29,4079.4070812994933
POA,F20,30,4006.2020488451462
POA,F21,1,3019.311376387793
POA,F21,2,3043.010175143756
POA,F21,3,3015.5825477706776
POA,F21,4,2982.2335005218956
POA,F21,5,3040.327758843705
POA,F21,6,3070.2788873577656
POA,F21,7,2994.0808385249848
POA,F21,8,3063.173015372643
POA,F21,9,2987.079263492762
POA,F21,10,3038.7781079921924
POA,F21,11,3023.365049399465
POA,F21,12,3029.4407420747034
POA,F21,13,3049.4716850858244
POA,F21,14,3111.5448651661627
POA,F21,15,3015.8010306795013
POA,F21,16,2994.9016130685895
POA,F21,17,3034.0295486951677
POA,F21,18,3018.2931083599788
POA,F21,19,3112.902748890734
POA,F21,20,3035.324603437804
POA,F21,21,3036.766043108223
POA,F21,22,3035.372751785655
POA,F21,23,3040.8284855291727
POA,F21,24,3020.4144036519137
POA,F21,25,2928.7175868765344
POA,F21,26,3000.463364601309
POA,F21,27,3015.586097222279
POA,F21,28,3102.450534431683
POA,F21,29,3044.8104101436393
POA,F21,30,2994.538982358426
POA,F22,1,16050.914315532782
POA,F22,2,16006.926771963223
POA,F22,3,15343.01032608093
POA,F22,4,15835.04317144141
POA,F22,5,16039.39419367879
POA,F22,6,15866.065226917066
POA,F22,7,16082.275761337933
POA,F22,8,14925.228582702508
POA,F22,9,16041.970737111698
POA,F22,10,15750.653099956455
POA,F22,11,16259.793346343007
POA,F22,12,15608.56138165086
POA,F22,13,16395.89420272119
POA,F22,14,16336.238237561298
POA,F22,15,15442.019838604796
POA,F22,16,15813.540708780754
POA,F22,17,16689.357682620743
POA,F22,18,16717.394979336474
POA,F22,19,16171.082874883206
POA,F22,20,15780.541912821962
POA,F22,21,16549.028175634947
POA,F22,22,16350.689001544879
POA,F22,23,15813.080016633976
POA,F22,24,15135.05728385269
POA,F22,25,16052.411959716293
POA,F22,26,13988.72784273648
POA,F22,27,16567.27039096815
POA,F22,28,15503.436588695731
POA,F22,29,15385.544223561486
POA,F22,30,16051.491195854383
POA,F23,1,3420.9884139307405
POA,F23,2,3406.5526099369367
POA,F23,3,3374.5777802028565
POA,F23,4,3437.4292073420056
POA,F23,5,3412.7419231128642
POA,F23,6,3408.9320795999633
POA,F23,7,3433.0132895252623
POA,F23,8,3445.941315581456
POA,F23,9,3399.003303005411
POA,F23,10,3409.3154228750764
POA,F23,11,3398.3181169666896
POA,F23,12,3437.313937541855
POA,F23,13,3431.8274618198025
POA,F23,14,3444.623578063106
POA,F23,15,3338.3444774034124
POA,F23,16,3418.6435724984453
POA,F23,17,3421.796750926713
POA,F23,18,3420.9592262209235
POA,F23,19,3474.271984232045
POA,F23,20,3428.0619037339693
POA,F23,21,3484.158761159035
POA,F23,22,3418.3809874598255
POA,F23,23,3428.598840017771
POA,F23,24,3407.2903157001574
POA,F23,25,3457.1052782077077
POA,F23,26,3437.5578225313134
POA,F23,27,3399.031323834341
POA,F23,28,3384.817975620984
POA,F23,29,3433.08392025796
POA,F23,30,3445.0356386715557
POA,F24,1,3474.2354864921867
POA,F24,2,3467.9957779706847
POA,F24,3,3485.4669140004794
POA,F24,4,3457.8847183148837
POA,F24,5,3428.810809647791
POA,F24,6,3474.708060845179
POA,F24,7,3491.954308906067
POA,F24,8,3490.7607016236307
POA,F24,9,3449.2659230278596
POA,F24,10,3479.398659493999
POA,F24,11,3487.9187581445603
POA,F24,12,3460.558243929663
POA,F24,13,3491.862770474583
POA,F24,14,3455.5705214957957
POA,F24,15,3466.029545917874
POA,F24,16,3432.121914840518
POA,F24,17,3484.2815078170684
POA,F24,18,3502.8942185305878
POA,F24,19,3465.1224477121
POA,F24,20,3480.9839662988675
POA,F24,21,3448.5239853059693
POA,F24,22,3472.5401833881633
POA,F24,23,3492.8428436517256
POA,F24,24,3434.922020452189
POA,F24,25,3405.8582681669386
POA,F24,26,3461.1163346934436
POA,F24,27,3485.455279100807
POA,F24,28,3459.7556568909536
POA,F24,29,3419.812406345182
POA,F24,30,3464.627755555596
POA,F25,1,15386.26089450733
POA,F25,2,16011.952611686038
POA,F25,3,23233.232745256933
POA,F25,4,18604.49464761399
POA,F25,5,12276.46535596145
POA,F25,6,18394.218103561958
POA,F25,7,15436.954812192285
POA,F25,8,15396.739578913042
POA,F25,9,9908.590397552092
POA,F25,10,16673.040407504574
POA,F25,11,13932.17765794856
POA,F25,12,20138.38708246253
POA,F25,13,12646.442466274944
POA,F25,14,14281.73705644567
POA,F25,15,15777.145815439457
POA,F25,16,15087.606525965071
POA,F25,17,15825.667390079156
POA,F25,18,11943.532515514533
POA,F25,19,18425.68007217915
POA,F25,20,12163.116643431322
POA,F25,21,13505.984925257912
POA,F25,22,9427.549463689418
POA,F25,23,13137.546264941691
POA,F25,24,11682.099163697398
POA,F25,25,15166.410740797575
POA,F25,26,11805.623250815599
POA,F25,27,15286.251285219321
POA,F25,28,14837.42721839562
POA,F25,29,12121.684190027143
POA,F25,30,23070.374037138656
POA,F26,1,11006.263858591064
POA,F26,2,10320.41105547779
POA,F26,3,11227.002753552002
POA,F26,4,11043.405081579182
POA,F26,5,10419.14494263615
POA,F26,6,10406.063796024522
POA,F26,7,11051.662887826757
POA,F26,8,11129.970563284376
POA,F26,9,10760.508040003406
POA,F26,10,10932.534815402903
POA,F26,11,10779.11865469813
POA,F26,12,10979.56603868488
POA,F26,13,11211.610647418764
POA,F26,14,10837.727425812642
POA,F26,15,11070.676199848574
POA,F26,16,10228.527246252004
POA,F26,17,11157.090997806506
POA,F26,18,10880.65022798271
POA,F26,19,11018.572606163816
POA,F26,20,11196.067347243355
POA,F26,21,10923.711531942334
POA,F26,22,10539.237359011075
POA,F26,23,11196.328533206795
POA,F26,24,10889.67937274745
POA,F26,25,11243.816449765089
POA,F26,26,10920.248438790359
POA,F26,27,10780.213796315653
POA,F26,28,11156.101646925277
POA,F26,29,10571.130724725015
POA,F26,30,10761.208584698223
POA,F27,1,3543.674315294374
POA,F27,2,3682.1145626894418
POA,F27,3,3649.959991557604
POA,F27,4,3607.087973546869
POA,F27,5,3588.1723671581403
POA,F27,6,3766.214795023381
POA,F27,7,3628.1885491296534
POA,F27,8,3607.6571743215973
POA,F27,9,3604.437426099548
POA,F27,10,3573.217033429306
POA,F27,11,3647.911450443291
POA,F27,12,3557.78435387443
POA,F27,13,3561.7872222191363
POA,F27,14,3621.1632597233065
POA,F27,15,3628.6926796297116
POA,F27,16,3487.1822551978466
POA,F27,17,3639.0247422666366
POA,F27,18,3759.989306406459
POA,F27,19,3658.4195044847547
POA,F27,20,3611.3784377980037
POA,F27,21,3587.453187543694
POA,F27,22,3648.935490626076
POA,F27,23,3676.610228582408
POA,F27,24,3584.1982357265024
POA,F27,25,3729.878448229254
POA,F27,26,3531.350387945743
POA,F27,27,3620.4272831798085
POA,F27,28,3658.01711446198
POA,F27,29,3591.6331515497113
POA,F27,30,3524.701035502797
POA,F28,1,8503.229882247866
POA,F28,2,8656.641157642905
POA,F28,3,8948.597232631244
POA,F28,4,8300.967862059355
POA,F28,5,9423.801908045256
POA,F28,6,8378.028060048331
POA,F28,7,8833.106501975859
POA,F28,8,8893.947693825667
POA,F28,9,8400.286143937123
POA,F28,10,8953.227930209321
POA,F28,11,8901.058982665467
POA,F28,12,8898.397066666785
POA,F28,13,8907.090276612009
POA,F28,14,9064.149561866163
POA,F28,15,8704.931471529933
POA,F28,16,8815.369336894933
POA,F28,17,9053.421602406328
POA,F28,18,8988.160228917503
POA,F28,19,9274.74384864673
POA,F28,20,8683.380555713235
POA,F28,21,8536.721860176789
POA,F28,22,8923.224729287766
POA,F28,23,8775.396849094996
POA,F28,24,8484.59660862101
POA,F28,25,8451.380854327439
POA,F28,26,8322.257718693101
POA,F28,27,8513.81396393701
POA,F28,28,8833.48261675433
POA,F28,29,8835.932540713373
POA,F28,30,8415.45929806252
POA,F29,1,6875.238430483199
POA,F29,2,6087.728481472864
POA,F29,3,6145.831574757793
POA,F29,4,6197.561930388098
POA,F29,5,6769.179021539594
POA,F29,6,6815.114194050553
POA,F29,7,6483.243656961057
POA,F29,8,6315.759096170594
POA,F29,9,6417.632869673014
POA,F29,10,6289.264512757622
POA,F29,11,6165.33406606582
POA,F29,12,6947.062581563518
POA,F29,13,6139.0963102682235
POA,F29,14,6560.168917570485
POA,F29,15,6472.129340026075
POA,F29,16,6430.474599615749
POA,F29,17,6874.703413536359
POA,F29,18,7247.398668137719
POA,F29,19,6181.731741495585
POA,F29,20,6558.31898009872
POA,F29,21,6404.111542805867
POA,F29,22,6807.373683492092
POA,F29,23,6934.3299402221155
POA,F29,24,6571.46495192144
POA,F29,25,6961.731293156661
POA,F29,26,6456.273411076488
POA,F29,27,7576.14487415891
POA,F29,28,6316.293239387736
POA,F29,29,6660.068741335233
POA,F29,30,6879.137262330503
POA,F30,1,371621109.2849733
POA,F30,2,194787532.4911255
POA,F30,3,595707790.1804162
POA,F30,4,406695964.36446005
POA,F30,5,243470019.8072094
POA,F30,6,573034870.182883
POA,F30,7,453064698.64750206
POA,F30,8,230771563.74503788
POA,F30,9,505045390.4571126
POA,F30,10,775958706.0468258
POA,F30,11,574493633.3882093
POA,F30,12,647693346.2349005
POA,F30,13,378262255.02143025
POA,F30,14,397184742.1154623
POA,F30,15,356454283.0842267
POA,F30,16,773691185.5469573
POA,F30,17,207766070.16366082
POA,F30,18,497805006.71985614
POA,F30,19,348813869.20891094
POA,F30,20,465035236.12439775
POA,F30,21,702475578.4848341
POA,F30,22,520809656.0127554
POA,F30,23,577788898.2442615
POA,F30,24,747257027.9314696
POA,F30,25,601166022.8470815
POA,F30,26,339465433.3177693
POA,F30,27,521103037.5065942
POA,F30,28,519217417.46187615
POA,F30,29,597682974.447025
POA,F30,30,219470172.66885766
LFO,F1,1,46904859420.752884
LFO,F1,2,36039864640.03086
LFO,F1,3,41870688531.94945
LFO,F1,4,38040031788.251175
LFO,F1,5,42830306912.72113
LFO,F1,6,33368684052.541615
LFO,F1,7,40964701284.97472
LFO,F1,8,48416389259.80059
LFO,F1,9,46465182534.48182
LFO,F1,10,39403074346.91324
LFO,F1,11,36493185202.34856
LFO,F1,12,42123046758.37292
LFO,F1,13,49953728596.1892
LFO,F1,14,40402057896.54634
LFO,F1,15,32174214702.82786
LFO,F1,16,42147917152.56827
LFO,F1,17,26179461046.362186
LFO,F1,18,45202170587.926506
LFO,F1,19,36526930505.300285
LFO,F1,20,34306348020.454643
LFO,F1,21,43436563091.539566
LFO,F1,22,47517224807.79296
LFO,F1,23,35342666723.58218
LFO,F1,24,35399709487.63983
LFO,F1,25,27893081079.27176
LFO,F1,26,43910774414.17639
LFO,F1,27,55173538298.10597
LFO,F1,28,33492869819.499016
LFO,F1,29,43976889846.7082
LFO,F1,30,42964689672.37199
LFO,F3,1,279780.62094902946
LFO,F3,2,188250.99651311763
LFO,F3,3,566719.5682068148
LFO,F3,4,253860.42057002132
LFO,F3,5,285059.47310908604
LFO,F3,6,214195.74192947173
LFO,F3,7,220064.3496464931
LFO,F3,8,199923.95920285292
LFO,F3,9,185422.5224085954
LFO,F3,10,191458.61455093505
LFO,F3,11,649474.0410226759
LFO,F3,12,216814.20269791188
LFO,F3,13,278526.98908420664
LFO,F3,14,201194.62295906778
LFO,F3,15,299135.6196197361
LFO,F3,16,185923.43811950783
LFO,F3,17,174288.53701515056
LFO,F3,18,258794.78839212836
LFO,F3,19,204459.34594393335
LFO,F3,20,166976.41227727302
LFO,F3,21,257340.59177141357
LFO,F3,22,184066.26905450632
LFO,F3,23,207188.81702304888
LFO,F3,24,226721.3641148989
LFO,F3,25,219518.6768369314
LFO,F3,26,195816.73298626416
LFO,F3,27,321517.7607167689
LFO,F3,28,314779.5077857758
LFO,F3,29,330227.0189459369
LFO,F3,30,203147.40717883204
LFO,F4,1,8851.430819205127
LFO,F4,2,9259.997253208825
LFO,F4,3,9703.005609722657
LFO,F4,4,14331.099778971951
LFO,F4,5,13111.237928094457
LFO,F4,6,7861.304974361384
LFO,F4,7,8459.566861577796
LFO,F4,8,7056.535708533693
LFO,F4,9,11062.416010806373
LFO,F4,10,8768.815033985253
LFO,F4,11,9462.471937269394
LFO,F4,12,13704.929639952312
LFO,F4,13,12060.026661028725
LFO,F4,14,6463.2858975697145
LFO,F4,15,11421.118785187422
LFO,F4,16,8109.943575997081
LFO,F4,17,8621.70228468987
LFO,F4,18,8346.19605820933
LFO,F4,19,10749.683210194613
LFO,F4,20,11549.645547946826
LFO,F4,21,7297.211937026199
LFO,F4,22,13142.553659650574
LFO,F4,23,6977.967789129711
LFO,F4,24,9850.222676201298
LFO,F4,25,7223.442351354945
LFO,F4,26,10348.617102752669
LFO,F4,27,12399.558998382447
LFO,F4,28,8501.6854597522
LFO,F4,29,10264.085312714164
LFO,F4,30,7670.122424327682
LFO,F5,1,1094.327011529204
LFO,F5,2,1043.1353184759914
LFO,F5,3,1000.1300491242629
LFO,F5,4,1086.8476753047094
LFO,F5,5,1085.8148750364762
LFO,F5,6,1068.6965445509575
LFO,F5,7,1060.698847135035
LFO,F5,8,1093.157855196297
LFO,F5,9,1079.0258249835147
LFO,F5,10,1044.8958183384088
LFO,F5,11,1115.538138902966
LFO,F5,12,1078.5991041365164
LFO,F5,13,1081.2272105825155
LFO,F5,14,1019.1900280846221
LFO,F5,15,1075.0595255438018
LFO,F5,16,1122.103071611366
LFO,F5,17,1131.9359363882372
LFO,F5,18,1084.2410463717536
LFO,F5,19,1034.599322892913
LFO,F5,20,1093.1101816649505
LFO,F5,21,1072.067024754967
LFO,F5,22,1073.0170016194393
LFO,F5,23,1093.9577977462195
LFO,F5,24,1133.4972258457892
LFO,F5,25,1146.4887662689564
LFO,F5,26,1146.9280139763105
LFO,F5,27,1101.3481476250056
LFO,F5,28,1061.3944651740635
LFO,F5,29,1045.1440558311929
LFO,F5,30,1067.4618701239006
LFO,F6,1,698.6247963168847
LFO,F6,2,692.4049918338028
LFO,F6,3,683.3083938519165
LFO,F6,4,700.0548123510258
LFO,F6,5,691.949330125913
LFO,F6,6,696.7924741013001
LFO,F6,7,697.5139991355927
LFO,F6,8,688.4417124165702
LFO,F6,9,691.9528389877071
LFO,F6,10,685.584064575153
LFO,F6,11,689.8999263083554
LFO,F6,12,701.4217826654176
LFO,F6,13,694.4680590542943
LFO,F6,14,682.2798351161243
LFO,F6,15,675.818290557363
LFO,F6,16,695.7243710362205
LFO,F6,17,683.542486785067
LFO,F6,18,707.9317948335314
LFO,F6,19,700.1453734822632
LFO,F6,20,693.6543122853531
LFO,F6,21,705.3648977981054
LFO,F6,22,686.5792260506009
LFO,F6,23,683.8744711382718
LFO,F6,24,697.686354605419
LFO,F6,25,688.639420605774
LFO,F6,26,684.3740013045131
LFO,F6,27,690.5914467820954
LFO,F6,28,693.2951460340832
LFO,F6,29,691.9517710836152
LFO,F6,30,676.0458115276815
LFO,F7,1,1800.9542551232985
LFO,F7,2,1810.1069388624132
LFO,F7,3,1914.09269696648
LFO,F7,4,1977.2326074830107
LFO,F7,5,2037.53550944328
LFO,F7,6,1991.877280932396
LFO,F7,7,1866.4116337168668
LFO,F7,8,1975.109869800764
LFO,F7,9,2020.980213117143
LFO,F7,10,1872.4839154759625
LFO,F7,11,1919.1053833988626
LFO,F7,12,2002.478971249171
LFO,F7,13,1987.4872967889626
LFO,F7,14,1963.212456830097
LFO,F7,15,1929.5529962275289
LFO,F7,16,1972.5713340608897
LFO,F7,17,2007.273472470209
LFO,F7,18,1925.3610263816868
LFO,F7,19,1934.630481819132
LFO,F7,20,1916.9297583957227
LFO,F7,21,2073.2627442200837
LFO,F7,22,1952.3527324973463
LFO,F7,23,1832.0783034428425
LFO,F7,24,1961.192149352412
LFO,F7,25,1893.8508192366826
LFO,F7,26,1901.7332049499332
LFO,F7,27,1959.91261848239
LFO,F7,28,1897.271661843451
LFO,F7,29,1877.202583367466
LFO,F7,30,2009.712139782518
LFO,F8,1,1433.3196688879957
LFO,F8,2,1446.4737845315972
LFO,F8,3,1448.5567338579494
LFO,F8,4,1500.6410954877695
LFO,F8,5,1516.7972200031309
LFO,F8,6,1358.4221629406607
LFO,F8,7,1380.140478104805
LFO,F8,8,1455.454791358371
LFO,F8,9,1463.966006629249
LFO,F8,10,1395.0066000279944
LFO,F8,11,1409.8561984944017
LFO,F8,12,1377.158951499416
LFO,F8,13,1433.575429418789
LFO,F8,14,1420.20897915681
LFO,F8,15,1384.6946236643803
LFO,F8,16,1364.8701202222817
LFO,F8,17,1421.5539819208366
LFO,F8,18,1465.512927756637
LFO,F8,19,1449.327382094194
LFO,F8,20,1417.739755556057
LFO,F8,21,1475.0347057813017
LFO,F8,22,1456.801122270901
LFO,F8,23,1434.1185285469378
LFO,F8,24,1433.6481525803586
LFO,F8,25,1397.467779002708
LFO,F8,26,1374.3181244666366
LFO,F8,27,1474.3369365856352
LFO,F8,28,1509.414847988593
LFO,F8,29,1409.405136272735
LFO,F8,30,1468.5555138190425
LFO,F9,1,32801.93236254409
LFO,F9,2,26810.7531686817
LFO,F9,3,37651.413717056435
LFO,F9,4,22529.60583420456
LFO,F9,5,29726.76419664251
LFO,F9,6,30694.180233643685
LFO,F9,7,36904.66851030475
LFO,F9,8,31570.649176053616
LFO,F9,9,37520.899654610344
LFO,F9,10,37029.7159271936
LFO,F9,11,31348.91218920295
LFO,F9,12,34408.69092484538
LFO,F9,13,36631.671453145704
LFO,F9,14,34712.4019831132
LFO,F9,15,31085.717777428275
LFO,F9,16,31640.537683974657
LFO,F9,17,33566.59428757122
LFO,F9,18,31850.52250314469
LFO,F9,19,31603.69319504872
LFO,F9,20,33707.23946757635
LFO,F9,21,26017.4728123328
LFO,F9,22,32837.287446169634
LFO,F9,23,33879.787870062275
LFO,F9,24,40108.371477185625
LFO,F9,25,42852.93836397725
LFO,F9,26,32326.58076290131
LFO,F9,27,31529.37509208371
LFO,F9,28,36264.65206785914
LFO,F9,29,27324.01064751194
LFO,F9,30,39238.6965100439
LFO,F10,1,14973.455268452772
LFO,F10,2,14848.888563115417
LFO,F10,3,15891.902914516711
LFO,F10,4,14938.609786425892
LFO,F10,5,15395.756635853471
LFO,F10,6,12579.795806690863
LFO,F10,7,13938.109103648461
LFO,F10,8,14313.882259341894
LFO,F10,9,13518.577694129735
LFO,F10,10,15069.114478141251
LFO,F10,11,15489.283319341594
LFO,F10,12,14521.883854977894
LFO,F10,13,14382.12338671411
LFO,F10,14,14883.276454728504
LFO,F10,15,16829.83878852014
LFO,F10,16,13429.193057388326
LFO,F10,17,14730.276130471955
LFO,F10,18,14381.856002687782
LFO,F10,19,13116.884029412788
LFO,F10,20,15108.883217546023
LFO,F10,21,15070.376703427813
LFO,F10,22,13852.89200587733
LFO,F10,23,15187.129364642216
LFO,F10,24,13526.007173711017
LFO,F10,25,12658.037986691696
LFO,F10,26,14895.561548772603
LFO,F10,27,14455.673045374873
LFO,F10,28,15117.233239975974
LFO,F10,29,15064.743241451119
LFO,F10,30,14178.0320636989
LFO,F11,1,15784.531318196827
LFO,F11,2,17837.002224790973
LFO,F11,3,17442.38415644803
LFO,F11,4,9619.71721978187
LFO,F11,5,9314.179814583611
LFO,F11,6,13439.880216114807
LFO,F11,7,14301.873852130846
LFO,F11,8,16844.89711963445
LFO,F11,9,17572.37709398301
LFO,F11,10,17921.44221402791
LFO,F11,11,17982.787804879983
LFO,F11,12,16061.346996740142
LFO,F11,13,19461.11014193437
LFO,F11,14,14927.76975206011
LFO,F11,15,16973.674637669537
LFO,F11,16,19321.86222523289
LFO,F11,17,18604.819165697758
LFO,F11,18,14469.035410617433
LFO,F11,19,15313.45611352067
LFO,F11,20,18861.63544960096
LFO,F11,21,14968.461664630513
LFO,F11,22,11432.979713767603
LFO,F11,23,11262.18657458919
LFO,F11,24,12117.226316437012
LFO,F11,25,19268.264488505454
LFO,F11,26,15872.737687912266
LFO,F11,27,17881.4474741859
LFO,F11,28,20035.02313625863
LFO,F11,29,12312.08337963368
LFO,F11,30,19412.13723910473
LFO,F12,1,9548046354.50693
LFO,F12,2,8964239521.829128
LFO,F12,3,9868880502.2018
LFO,F12,4,15761347742.11879
LFO,F12,5,7955750174.158637
LFO,F12,6,6481282500.091963
LFO,F12,7,6524343599.30721
LFO,F12,8,23515236146.567097
LFO,F12,9,12515131080.776358
LFO,F12,10,14302000511.991959
LFO,F12,11,6696502644.416624
LFO,F12,12,14086691959.37223
LFO,F12,13,7895792696.426514
LFO,F12,14,3627309749.747853
LFO,F12,15,4475334237.689876
LFO,F12,16,23341210772.66911
LFO,F12,17,15179869083.317163
LFO,F12,18,7178298323.644389
LFO,F12,19,5482245531.52702
LFO,F12,20,7677535075.271364
LFO,F12,21,7483960313.772894
LFO,F12,22,7466097844.649483
LFO,F12,23,8918746991.757559
LFO,F12,24,21336271901.085636
LFO,F12,25,6629910047.400938
LFO,F12,26,8721635955.436821
LFO,F12,27,7313556277.643835
LFO,F12,28,20275427130.99316
LFO,F12,29,7215129653.934804
LFO,F12,30,9981692733.402462
LFO,F13,1,2752253557.3230643
LFO,F13,2,847207606.907814
LFO,F13,3,4349812344.285877
LFO,F13,4,6088403899.262158
LFO,F13,5,1426229149.650673
LFO,F13,6,1418164405.8524706
LFO,F13,7,1359099363.934634
LFO,F13,8,1779420807.9319563
LFO,F13,9,3750402169.9557147
LFO,F13,10,2732418697.8670154
LFO,F13,11,6909724135.405475
LFO,F13,12,5331426863.3918495
LFO,F13,13,1710269715.5706007
LFO,F13,14,1253797492.7163699
LFO,F13,15,1908111658.8591032
LFO,F13,16,2939670099.911878
LFO,F13,17,3911827521.55181
LFO,F13,18,1345090835.063631
LFO,F13,19,1444763088.064173
LFO,F13,20,1580320905.938609
LFO,F13,21,996950388.5066576
LFO,F13,22,1802752248.739146
LFO,F13,23,551552700.926097
LFO,F13,24,8844491005.75506
LFO,F13,25,1696009725.8851252
LFO,F13,26,2338325573.4632792
LFO,F13,27,5912194863.726604
LFO,F13,28,1012090013.7600837
LFO,F13,29,3027174521.765916
LFO,F13,30,4338437556.217017
LFO,F14,1,12349673.221531238
LFO,F14,2,30464128.328741126
LFO,F14,3,7199350.33336462
LFO,F14,4,21127962.472452577
LFO,F14,5,36649307.015460044
LFO,F14,6,21247741.491204202
LFO,F14,7,9886243.34403517
LFO,F14,8,20137650.269191798
LFO,F14,9,5498358.8043564055
LFO,F14,10,25245369.982773203
LFO,F14,11,20198288.97243121
LFO,F14,12,34744917.49214061
LFO,F14,13,36129193.48528419
LFO,F14,14,26039919.575807687
LFO,F14,15,4452266.129938528
LFO,F14,16,8124514.362238987
LFO,F14,17,12425528.459924897
LFO,F14,18,3068811.143617945
LFO,F14,19,11346368.034508739
LFO,F14,20,10575913.903420985
LFO,F14,21,1539746.724062919
LFO,F14,22,2518067.81522664
LFO,F14,23,6127708.169324973
LFO,F14,24,28554516.47335211
LFO,F14,25,13313930.269410776
LFO,F14,26,36539177.6072565
LFO,F14,27,4417264.016646951
LFO,F14,28,24085942.384687454
LFO,F14,29,3062552.778044274
LFO,F14,30,48847261.599049695
LFO,F15,1,250724915.37466794
LFO,F15,2,346666153.74239933
LFO,F15,3,374795632.77864265
LFO,F15,4,73011999.58658071
LFO,F15,5,89945354.40495263
LFO,F15,6,144742654.96149358
LFO,F15,7,678674933.504194
LFO,F15,8,166719270.9847979
LFO,F15,9,164116704.29662114
LFO,F15,10,193052051.67595932
LFO,F15,11,33879830.06175516
LFO,F15,12,583226245.8365749
LFO,F15,13,109968892.31846523
LFO,F15,14,991200191.9349697
LFO,F15,15,74027950.86392216
LFO,F15,16,256805219.89746568
LFO,F15,17,153763415.2725393
LFO,F15,18,102101047.74671215
LFO,F15,19,495700606.42983603
LFO,F15,20,379583197.91066366
LFO,F15,21,42957769.9837768
LFO,F15,22,442004465.3498354
LFO,F15,23,233056413.39500093
LFO,F15,24,72474965.79092605
LFO,F15,25,82983758.99604106
LFO,F15,26,62790334.63268197
LFO,F15,27,99854242.65204687
LFO,F15,28,156654024.889483
LFO,F15,29,181040951.36626518
LFO,F15,30,159176961.88616425
LFO,F16,1,6671.558145988849
LFO,F16,2,5210.418152381972
LFO,F16,3,7844.835333315773
LFO,F16,4,5982.186496351005
LFO,F16,5,6383.132592341088
LFO,F16,6,6455.576976266462
LFO,F16,7,6617.078534096325
LFO,F16,8,7077.6013241414885
LFO,F16,9,5414.186097441392
LFO,F16,10,8178.875912471253
LFO,F16,11,7411.065543201825
LFO,F16,12,6907.722658087592
LFO,F16,13,5355.872050258016
LFO,F16,14,5466.185377111783
LFO,F16,15,8782.290208753078
LFO,F16,16,8006.964158417851
LFO,F16,17,7854.162604476254
LFO,F16,18,5558.3343112567945
LFO,F16,19,6586.5705030828385
LFO,F16,20,6845.276525989651
LFO,F16,21,6604.581203121795
LFO,F16,22,6646.28583625695
LFO,F16,23,5917.843461381978
LFO,F16,24,5403.477439237782
LFO,F16,25,7116.280873191538
LFO,F16,26,7185.558736081452
LFO,F16,27,6194.4564239958345
LFO,F16,28,7369.725036296141
LFO,F16,29,7087.106522213966
LFO,F16,30,7350.949646399852
LFO,F17,1,4717.012727271663
LFO,F17,2,4506.613063203914
LFO,F17,3,4750.4392106687055
LFO,F17,4,4938.7087039778235
LFO,F17,5,3832.974594854896
LFO,F17,6,4421.59035377221
LFO,F17,7,5065.507667350976
LFO,F17,8,4955.183419004348
LFO,F17,9,4853.499967899534
LFO,F17,10,4776.56172543359
LFO,F17,11,4691.646041496302
LFO,F17,12,3718.154043632148
LFO,F17,13,4141.412492042333
LFO,F17,14,4193.714085157497
LFO,F17,15,4727.350548425253
LFO,F17,16,4704.131442193498
LFO,F17,17,3593.8004763575454
LFO,F17,18,3519.0495950752183
LFO,F17,19,4062.2845360105002
LFO,F17,20,4271.7378687412665
LFO,F17,21,5172.175420980033
LFO,F17,22,4432.750303486666
LFO,F17,23,4374.995341461254
LFO,F17,24,4762.101052730401
LFO,F17,25,4926.304100418862
LFO,F17,26,5316.326589498021
LFO,F17,27,5055.053732750271
LFO,F17,28,5757.476531140215
LFO,F17,29,3563.6702873341023
LFO,F17,30,4840.474767192798
LFO,F18,1,48964978.77529107
LFO,F18,2,20777845.019541986
LFO,F18,3,18996994.16485593
LFO,F18,4,80637225.5607746
LFO,F18,5,137298657.68573576
LFO,F18,6,78788145.98132177
LFO,F18,7,85536303.87118971
LFO,F18,8,68562033.3107279
LFO,F18,9,15498312.713742033
LFO,F18,10,34934554.6377212
LFO,F18,11,77343679.43608616
LFO,F18,12,33272624.554261707
LFO,F18,13,46303542.776734665
LFO,F18,14,14993353.355126232
LFO,F18,15,34405339.33159072
LFO,F18,16,53722496.0807396
LFO,F18,17,48594421.75975025
LFO,F18,18,137564839.3091914
LFO,F18,19,32866409.90313695
LFO,F18,20,98739628.70726006
LFO,F18,21,90737921.89947131
LFO,F18,22,110589327.13674954
LFO,F18,23,100694250.63392678
LFO,F18,24,45302405.17765821
LFO,F18,25,74626166.99819975
LFO,F18,26,29382527.82897307
LFO,F18,27,31090849.046854492
LFO,F18,28,40046477.469101034
LFO,F18,29,26547221.253806863
LFO,F18,30,17333986.552758493
LFO,F19,1,48680131.42059608
LFO,F19,2,217780783.02651334
LFO,F19,3,83494972.67412376
LFO,F19,4,22650774.989033613
LFO,F19,5,18369837.684669062
LFO,F19,6,50606058.23652384
LFO,F19,7,176879526.07046607
LFO,F19,8,415414666.31028855
LFO,F19,9,222497940.9270848
LFO,F19,10,93297668.78941667
LFO,F19,11,39457580.61308411
LFO,F19,12,207193297.24848104
LFO,F19,13,86847021.34710138
LFO,F19,14,114015737.91524404
LFO,F19,15,43664855.93687987
LFO,F19,16,325519894.4567867
LFO,F19,17,114366838.97079194
LFO,F19,18,69787938.07440001
LFO,F19,19,53837802.73116795
LFO,F19,20,70750610.04109932
LFO,F19,21,53577170.51156205
LFO,F19,22,224739254.57133934
LFO,F19,23,114930235.44473988
LFO,F19,24,110967256.90857184
LFO,F19,25,43368581.50025468
LFO,F19,26,55745973.88136541
LFO,F19,27,195572218.24195793
LFO,F19,28,116908380.51261678
LFO,F19,29,26828575.959766
LFO,F19,30,32419495.52893559
LFO,F20,1,4357.58095933152
LFO,F20,2,3905.8261956076212
LFO,F20,3,4060.3176817207286
LFO,F20,4,3684.972664186007
LFO,F20,5,3794.098244518442
LFO,F20,6,3874.458716397545
LFO,F20,7,3750.2968029478293
LFO,F20,8,4047.3657241569463
LFO,F20,9,3324.725572161729
LFO,F20,10,4113.411951686969
LFO,F20,11,4115.352191340862
LFO,F20,12,3962.9004904637654
LFO,F20,13,4276.587698338963
LFO,F20,14,3758.766451605813
LFO,F20,15,4056.636870603448
LFO,F20,16,3931.7786379996514
LFO,F20,17,3545.3738949307844
LFO,F20,18,3842.3630526397433
LFO,F20,19,3719.7714897395226
LFO,F20,20,3967.6783677772137
LFO,F20,21,3935.0939177050204
LFO,F20,22,3408.4613475623783
LFO,F20,23,4056.084936898327
LFO,F20,24,4420.049835719396
LFO,F20,25,4104.582135275193
LFO,F20,26,3257.2856313639168
LFO,F20,27,3457.6322847316947
LFO,F20,28,3578.603469249523
LFO,F20,29,4039.8315740534345
LFO,F20,30,4055.0617255634975
LFO,F21,1,3126.7733252370435
LFO,F21,2,3178.7429242231447
LFO,F21,3,2994.469267818421
LFO,F21,4,3052.38506970241
LFO,F21,5,3133.524659454622
LFO,F21,6,3079.2706554217175
LFO,F21,7,2983.061200913195
LFO,F21,8,2887.831366612259
LFO,F21,9,2978.381513140535
LFO,F21,10,3065.7775939146595
LFO,F21,11,2968.449655608792
LFO,F21,12,2953.240979817183
LFO,F21,13,3101.8732015456208
LFO,F21,14,3173.2539900178117
LFO,F21,15,3131.613237493474
LFO,F21,16,3093.0828342027085
LFO,F21,17,3141.7654804050753
LFO,F21,18,3100.6251183845434
LFO,F21,19,2929.019617653569
LFO,F21,20,3133.732138766328
LFO,F21,21,3122.3027815951614
LFO,F21,22,3103.2010244962635
LFO,F21,23,2995.3442732199223
LFO,F21,24,3036.294976940856
LFO,F21,25,2943.0947839798623
LFO,F21,26,3219.042677335408
LFO,F21,27,3069.8366159486286
LFO,F21,28,3070.661233905071
LFO,F21,29,3118.6769421754725
LFO,F21,30,3090.800941306129
LFO,F22,1,16695.378355884444
LFO,F22,2,15976.153612876838
LFO,F22,3,16605.720536474575
LFO,F22,4,16120.435766387662
LFO,F22,5,15197.618435447777
LFO,F22,6,16858.345174482936
LFO,F22,7,16166.410279867761
LFO,F22,8,15540.061950799476
LFO,F22,9,15625.128339146517
LFO,F22,10,14293.96947647194
LFO,F22,11,16197.609334768766
LFO,F22,12,15303.327372149659
LFO,F22,13,15039.916509014092
LFO,F22,14,15951.574559929446
LFO,F22,15,15909.162083969317
LFO,F22,16,16477.309354053632
LFO,F22,17,15632.303890322697
LFO,F22,18,16055.912286709698
LFO,F22,19,16282.690087037898
LFO,F22,20,16986.190948031013
LFO,F22,21,16783.512164913293
LFO,F22,22,15711.077201409269
LFO,F22,23,16237.917619842032
LFO,F22,24,16746.844665186527
LFO,F22,25,16600.0309733343
LFO,F22,26,15535.824352090898
LFO,F22,27,15234.497074988169
LFO,F22,28,15292.56602413506
LFO,F22,29,15053.627554389386
LFO,F22,30,16110.839895246409
LFO,F23,1,3870.0830944700815
LFO,F23,2,3707.1345962432597
LFO,F23,3,3787.545734109959
LFO,F23,4,3887.1662901781565
LFO,F23,5,4027.2780377398394
LFO,F23,6,4050.6417537412167
LFO,F23,7,3864.4714535983494
LFO,F23,8,4117.311500324905
LFO,F23,9,3767.415075566952
LFO,F23,10,3840.2071560891213
LFO,F23,11,3988.6748900409502
LFO,F23,12,4143.631371271333
LFO,F23,13,4001.855054165743
LFO,F23,14,3815.500784896295
LFO,F23,15,3818.519870700217
LFO,F23,16,3926.958295354203
LFO,F23,17,3822.216861939809
LFO,F23,18,4117.670226803999
LFO,F23,19,4019.2111801469746
LFO,F23,20,4023.0988502134396
LFO,F23,21,3950.5790069012755
LFO,F23,22,3747.356462400766
LFO,F23,23,3935.422055288637
LFO,F23,24,3762.9353442608403
LFO,F23,25,3862.6652131091114
LFO,F23,26,3542.1082170434083
LFO,F23,27,3963.061779409927
LFO,F23,28,4055.068748716857
LFO,F23,29,3781.4146518298385
LFO,F23,30,3906.366236774119
LFO,F24,1,3943.5075386849367
LFO,F24,2,3991.484375036156
LFO,F24,3,3835.536136879902
LFO,F24,4,3858.6264112352096
LFO,F24,5,3865.6506699035176
LFO,F24,6,4177.209093394618
LFO,F24,7,3801.5902867716377
LFO,F24,8,4026.893420298238
LFO,F24,9,3965.6707406793876
LFO,F24,10,3933.1215990005476
LFO,F24,11,3997.8817782590286
LFO,F24,12,4135.653786186711
LFO,F24,13,4308.161529185605
LFO,F24,14,4415.807442001702
LFO,F24,15,3932.5330696013198
LFO,F24,16,3979.7564078457785
LFO,F24,17,3948.0794450106796
LFO,F24,18,4406.597973098558
LFO,F24,19,4012.8261729200926
LFO,F24,20,4138.6697527267315
LFO,F24,21,3726.9775915721634
LFO,F24,22,3792.8904979989484
LFO,F24,23,4294.243896699125
LFO,F24,24,4116.387518597774
LFO,F24,25,3821.0405167885165
LFO,F24,26,4153.8034715456415
LFO,F24,27,3843.184619520629
LFO,F24,28,3858.9982904966037
LFO,F24,29,3963.273127123397
LFO,F24,30,4193.056416463232
LFO,F25,1,6115.271882983072
LFO,F25,2,7991.762942638873
LFO,F25,3,7077.604314736993
LFO,F25,4,9519.143682236503
LFO,F25,5,6487.632330766412
LFO,F25,6,7481.930663204565
LFO,F25,7,8396.696970994777
LFO,F25,8,6682.920790594312
LFO,F25,9,7491.664778531812
LFO,F25,10,6274.481968908119
LFO,F25,11,6737.417631100719
LFO,F25,12,7718.437160359211
LFO,F25,13,8222.996435430412
LFO,F25,14,7856.330509437137
LFO,F25,15,6378.735213063861
LFO,F25,16,7269.442590161892
LFO,F25,17,7077.394112613327
LFO,F25,18,5648.962914024514
LFO,F25,19,6454.432303790801
LFO,F25,20,9233.825468986712
LFO,F25,21,7456.824931665154
LFO,F25,22,7284.603302484924
LFO,F25,23,6316.133454512361
LFO,F25,24,7501.464482322359
LFO,F25,25,6429.4745468527335
LFO,F25,26,9381.999777408957
LFO,F25,27,8012.088675800322
LFO,F25,28,7377.542719919045
LFO,F25,29,8770.13996474152
LFO,F25,30,7841.368960081259
LFO,F26,1,16812.768245487296
LFO,F26,2,15926.119442088479
LFO,F26,3,15544.716528754181
LFO,F26,4,17340.603059626268
LFO,F26,5,14618.565153589585
LFO,F26,6,14036.47837529355
LFO,F26,7,15983.342865029865
LFO,F26,8,15801.151587537193
LFO,F26,9,13290.643814579413
LFO,F26,10,12885.70008919526
LFO,F26,11,14010.22189285893
LFO,F26,12,15352.042648276323
LFO,F26,13,15371.892313449696
LFO,F26,14,15743.305567481795
LFO,F26,15,15381.113236726102
LFO,F26,16,14453.92078461796
LFO,F26,17,14820.027285603552
LFO,F26,18,12572.865779958855
LFO,F26,19,9221.107763069776
LFO,F26,20,14155.543369993404
LFO,F26,21,13705.335265766149
LFO,F26,22,16016.680498780563
LFO,F26,23,15179.697366688612
LFO,F26,24,16137.381629354892
LFO,F26,25,16089.184121317736
LFO,F26,26,14969.597163776334
LFO,F26,27,15400.395109562123
LFO,F26,28,14994.865246845671
LFO,F26,29,14317.228323811963
LFO,F26,30,14096.813801439615
LFO,F27,1,4995.958203509759
LFO,F27,2,5074.322247849923
LFO,F27,3,4506.1490936050495
LFO,F27,4,4929.135663946412
LFO,F27,5,4703.248418424226
LFO,F27,6,5286.6778564756105
LFO,F27,7,4299.484728556516
LFO,F27,8,5132.047860957735
LFO,F27,9,5165.89193682789
LFO,F27,10,4713.751560132991
LFO,F27,11,4898.673579334947
LFO,F27,12,5290.530773200201
LFO,F27,13,4438.002828785687
LFO,F27,14,5378.713617866235
LFO,F27,15,5092.716148523047
LFO,F27,16,4455.677328919061
LFO,F27,17,5091.057567900275
LFO,F27,18,4873.5029324362185
LFO,F27,19,5943.5330773100395
LFO,F27,20,5157.495781064141
LFO,F27,21,4423.246610181139
LFO,F27,22,4331.520582913169
LFO,F27,23,4781.702442719394
LFO,F27,24,4178.301961996208
LFO,F27,25,4279.888930230497
LFO,F27,26,5089.7210445849905
LFO,F27,27,4362.204937731269
LFO,F27,28,4182.308872184362
LFO,F27,29,4193.9495751852255
LFO,F27,30,4108.659941929577
LFO,F28,1,8274.930978212535
LFO,F28,2,8384.888520159991
LFO,F28,3,7631.964067808377
LFO,F28,4,7889.315848195481
LFO,F28,5,6679.231332661693
LFO,F28,6,7594.623136082515
LFO,F28,7,8186.327229361493
LFO,F28,8,7789.62366998043
LFO,F28,9,7944.78099448432
LFO,F28,10,7881.360429489747
LFO,F28,11,9010.947549445451
LFO,F28,12,7215.129862333319
LFO,F28,13,8224.572937519122
LFO,F28,14,7191.181175850331
LFO,F28,15,7789.296830221904
LFO,F28,16,6772.0778442402925
LFO,F28,17,7624.87378754803
LFO,F28,18,7002.322190145723
LFO,F28,19,7304.314519067343
LFO,F28,20,7710.52999493089
LFO,F28,21,7312.207600368453
LFO,F28,22,8162.389109663984
LFO,F28,23,6980.274807415193
LFO,F28,24,7949.138631286676
LFO,F28,25,7707.678962104504
LFO,F28,26,7475.522045262184
LFO,F28,27,7614.242123119052
LFO,F28,28,7048.391524620556
LFO,F28,29,7713.851199145766
LFO,F28,30,7447.970687343585
LFO,F29,1,9822.926421338478
LFO,F29,2,10256.378138898195
LFO,F29,3,9156.841341471098
LFO,F29,4,13396.164216857887
LFO,F29,5,12219.218551249689
LFO,F29,6,19000.773975047334
LFO,F29,7,10042.122504436516
LFO,F29,8,10102.670808070958
LFO,F29,9,10960.27653575925
LFO,F29,10,21898.631652063334
LFO,F29,11,9594.83401971216
LFO,F29,12,10739.852041194132
LFO,F29,13,10950.76566868139
LFO,F29,14,22424.926626152715
LFO,F29,15,8398.745812111183
LFO,F29,16,13134.729602405194
LFO,F29,17,9353.18130352
LFO,F29,18,12618.144350846245
LFO,F29,19,10914.709144485001
LFO,F29,20,7533.90997650142
LFO,F29,21,11379.984582319514
LFO,F29,22,9029.778302718367
LFO,F29,23,11268.626541732014
LFO,F29,24,11992.284964747429
LFO,F29,25,16138.142971789075
LFO,F29,26,11870.044542959533
LFO,F29,27,9562.718130526691
LFO,F29,28,13314.855744220438
LFO,F29,29,11586.498997618084
LFO,F29,30,12652.523577846627
LFO,F30,1,466047944.2339437
LFO,F30,2,662760925.4776272
LFO,F30,3,805685113.4269837
LFO,F30,4,700772597.3957851
LFO,F30,5,422550497.0704318
LFO,F30,6,477871257.90375996
LFO,F30,7,556139215.5510266
LFO,F30,8,1152084121.6690242
LFO,F30,9,612029998.4186602
LFO,F30,10,831058372.3869988
LFO,F30,11,671316308.0330317
LFO,F30,12,1481109423.3042793
LFO,F30,13,553292744.2835135
LFO,F30,14,697425010.1704322
LFO,F30,15,1202338885.6917331
LFO,F30,16,561757767.543125
LFO,F30,17,589487546.2310331
LFO,F30,18,550660275.752304
LFO,F30,19,685483669.1035022
LFO,F30,20,634937335.0277326
LFO,F30,21,768851863.6606388
LFO,F30,22,364657560.6772959
LFO,F30,23,965204593.6350882
LFO,F30,24,979420229.5762293
LFO,F30,25,595624519.7344098
LFO,F30,26,892740215.497834
LFO,F30,27,940364857.507921
LFO,F30,28,1113505373.8386006
LFO,F30,29,378336418.4147275
LFO,F30,30,683993713.6993817
AO,F1,1,80902674878.67964
AO,F1,2,101372686239.83783
AO,F1,3,87232768198.98682
AO,F1,4,79239774577.52835
AO,F1,5,74042493543.17625
AO,F1,6,77462850136.02464
AO,F1,7,81551299237.27606
AO,F1,8,72490215064.04883
AO,F1,9,81701428774.54872
AO,F1,10,82885891199.11145
AO,F1,11,82310229049.17862
AO,F1,12,97795984788.59479
AO,F1,13,76361313649.41153
AO,F1,14,77344587340.47119
AO,F1,15,83424842754.68839
AO,F1,16,85488544099.25714
AO,F1,17,74490065062.526
AO,F1,18,75368486422.1371
AO,F1,19,88747985367.45432
AO,F1,20,90806526648.11089
AO,F1,21,80844752099.14162
AO,F1,22,88665461771.30951
AO,F1,23,94176163740.81024
AO,F1,24,85496362123.42763
AO,F1,25,75324340869.51834
AO,F1,26,84509882408.7847
AO,F1,27,87454738309.23517
AO,F1,28,93596129400.32765
AO,F1,29,91536638826.02238
AO,F1,30,74270680304.48122
AO,F3,1,717164.3440831829
AO,F3,2,524173.6094881587
AO,F3,3,441657.48007674626
AO,F3,4,280961.54955439555
AO,F3,5,438064.43274315377
AO,F3,6,642686.863187069
AO,F3,7,576060.7998231851
AO,F3,8,454606.12828895083
AO,F3,9,311464.85007795773
AO,F3,10,644668.0872581423
AO,F3,11,359274.23922441393
AO,F3,12,466272.1101509953
AO,F3,13,348416.5331276481
AO,F3,14,609381.4247877517
AO,F3,15,1027860.4516876604
AO,F3,16,987687.2321592739
AO,F3,17,426233.4870192766
AO,F3,18,529563.6241398451
AO,F3,19,450922.2163773667
AO,F3,20,435835.4322612782
AO,F3,21,745891.2462889246
AO,F3,22,783000.4366471936
AO,F3,23,523580.32692787854
AO,F3,24,922726.3367623076
AO,F3,25,340970.29127161007
AO,F3,26,400112.4845335666
AO,F3,27,463808.2070866782
AO,F3,28,385992.86787967663
AO,F3,29,739110.5048420595
AO,F3,30,705164.7306726985
AO,F4,1,28989.67523603155
AO,F4,2,19929.36606408177
AO,F4,3,24083.347260599632
AO,F4,4,16792.391556306557
AO,F4,5,23179.60312726979
AO,F4,6,21447.0556597056
AO,F4,7,23509.473470242236
AO,F4,8,16088.296437031053
AO,F4,9,22305.155652603164
AO,F4,10,27374.87458240432
AO,F4,11,14836.970240927494
AO,F4,12,29392.3670772811
AO,F4,13,22133.080983326457
AO,F4,14,20858.924121541433
AO,F4,15,19490.014108178304
AO,F4,16,23406.44803252853
AO,F4,17,18590.00761814496
AO,F4,18,18103.305036588787
AO,F4,19,18821.782594278004
AO,F4,20,13199.127682531618
AO,F4,21,18049.10677687447
AO,F4,22,18085.65555640688
AO,F4,23,21993.67890907538
AO,F4,24,27644.184505447352
AO,F4,25,20633.531658163723
AO,F4,26,24755.54966813445
AO,F4,27,20451.306881481443
AO,F4,28,20499.950468960185
AO,F4,29,31542.224445441614
AO,F4,30,20179.805232035633
AO,F5,1,1214.728275719942
AO,F5,2,1172.0402333757906
AO,F5,3,1175.6661577710088
AO,F5,4,1208.5723677712715
AO,F5,5,1218.3640514009921
AO,F5,6,1175.6197624555512
AO,F5,7,1192.58143620132
AO,F5,8,1161.4407627328574
AO,F5,9,1218.4011611845165
AO,F5,10,1204.1625857976137
AO,F5,11,1204.252302996507
AO,F5,12,1220.2410796032234
AO,F5,13,1178.8706858247892
AO,F5,14,1221.1414387432944
AO,F5,15,1170.0197578267641
AO,F5,16,1240.7634880168148
AO,F5,17,1257.083486776091
AO,F5,18,1120.513951539277
AO,F5,19,1192.3377345594936
AO,F5,20,1204.7883166204106
AO,F5,21,1164.0140730902428
AO,F5,22,1163.4342759638334
AO,F5,23,1107.447763293036
AO,F5,24,1152.610559387197
AO,F5,25,1177.6147327718963
AO,F5,26,1181.4098464486476
AO,F5,27,1211.716409904639
AO,F5,28,1197.7731624836315
AO,F5,29,1168.1231203055481
AO,F5,30,1218.0402287578895
AO,F6,1,706.1692762538371
AO,F6,2,706.7140143052753
AO,F6,3,695.7636107601486
AO,F6,4,703.1419725350938
AO,F6,5,708.2256267344276
AO,F6,6,703.6295916652674
AO,F6,7,702.0114984546408
AO,F6,8,691.5964600193138
AO,F6,9,697.6953228754205
AO,F6,10,709.4560847763323
AO,F6,11,693.1790847727005
AO,F6,12,682.1242566301686
AO,F6,13,702.1719667607541
AO,F6,14,693.6430885699054
AO,F6,15,693.1746849126279
AO,F6,16,702.3990244523281
AO,F6,17,705.9933402396161
AO,F6,18,702.225591965661
AO,F6,19,699.0501300225269
AO,F6,20,692.5783730838014
AO,F6,21,702.8352098133995
AO,F6,22,706.8011879591128
AO,F6,23,710.5523673600685
AO,F6,24,708.3156992239046
AO,F6,25,696.654754099694
AO,F6,26,695.3136201510656
AO,F6,27,705.33429433537
AO,F6,28,699.3650066951171
AO,F6,29,707.388862641701
AO,F6,30,702.3977908349669
AO,F7,1,1953.9742022888493
AO,F7,2,1989.5006577640572
AO,F7,3,1997.6951614377451
AO,F7,4,1995.1090762331407
AO,F7,5,2009.5123510466783
AO,F7,6,1991.9442091367298
AO,F7,7,1934.3396435177133
AO,F7,8,1856.9591869157507
AO,F7,9,1941.4904642241622
AO,F7,10,1886.8955977661985
AO,F7,11,2053.555373034833
AO,F7,12,1866.157373497093
AO,F7,13,1916.0522159483696
AO,F7,14,1858.1915083053611
AO,F7,15,1835.7748302055306
AO,F7,16,1940.7207650975365
AO,F7,17,2015.7380951708892
AO,F7,18,2030.4443081769446
AO,F7,19,1929.1319065278512
AO,F7,20,2142.543945385585
AO,F7,21,1928.546516362703
AO,F7,22,1874.6292700478866
AO,F7,23,1929.4226086128915
AO,F7,24,1979.5070229499363
AO,F7,25,1937.9345724910609
AO,F7,26,1890.0270240919476
AO,F7,27,1945.1789914600472
AO,F7,28,1921.672183185291
AO,F7,29,2015.2550829905394
AO,F7,30,1962.53375277463
AO,F8,1,1508.6115956293245
AO,F8,2,1526.0044692472518
AO,F8,3,1522.315959631027
AO,F8,4,1535.252797725456
AO,F8,5,1559.1015292952509
AO,F8,6,1485.881255781383
AO,F8,7,1549.3348253312101
AO,F8,8,1470.885668395878
AO,F8,9,1514.1111718245045
AO,F8,10,1512.4259355105607
AO,F8,11,1558.063701453781
AO,F8,12,1514.748740336586
AO,F8,13,1525.7519296380747
AO,F8,14,1521.6241622844739
AO,F8,15,1574.9728723477517
AO,F8,16,1539.4728035281032
AO,F8,17,1533.0861956604374
AO,F8,18,1478.874136587121
AO,F8,19,1572.9194995676507
AO,F8,20,1593.7376887929531
AO,F8,21,1489.0258102215573
AO,F8,22,1541.7413804556238
AO,F8,23,1513.45367817763
AO,F8,24,1499.9908386085226
AO,F8,25,1498.181751530744
AO,F8,26,1507.7106589843693
AO,F8,27,1463.8140809461684
AO,F8,28,1501.1708313012746
AO,F8,29,1452.7875534104464
AO,F8,30,1552.766091956274
AO,F9,1,36259.282990448184
AO,F9,2,34162.79914705855
AO,F9,3,36647.746083310834
AO,F9,4,41117.634677371134
AO,F9,5,38562.19454561136
AO,F9,6,37748.62431264135
AO,F9,7,30793.336412273045
AO,F9,8,46229.62097431645
AO,F9,9,36522.63246178344
AO,F9,10,34917.70378417923
AO,F9,11,32727.37047895637
AO,F9,12,42700.76005458676
AO,F9,13,35294.66523481116
AO,F9,14,41969.92709884409
AO,F9,15,30876.642216454824
AO,F9,16,39565.83412564537
AO,F9,17,40108.99061950894
AO,F9,18,43273.94817876708
AO,F9,19,39178.35075305596
AO,F9,20,39216.478743903834
AO,F9,21,36384.64114913603
AO,F9,22,35053.1419214332
AO,F9,23,40580.44098510258
AO,F9,24,36914.37056108948
AO,F9,25,37630.39982902266
AO,F9,26,36291.34117408075
AO,F9,27,43620.99468668764
AO,F9,28,31098.912140142747
AO,F9,29,40637.48267668873
AO,F9,30,28807.646969491623
AO,F10,1,15199.56872706631
AO,F10,2,15530.565206751548
AO,F10,3,15641.585470721206
AO,F10,4,14731.976491651898
AO,F10,5,14056.705201459228
AO,F10,6,15693.524305228439
AO,F10,7,15341.703187931515
AO,F10,8,15067.993033828603
AO,F10,9,15180.615878606055
AO,F10,10,15786.81908892257
AO,F10,11,15995.967568280725
AO,F10,12,16090.331619796587
AO,F10,13,16219.29287389412
AO,F10,14,16754.894861787972
AO,F10,15,14865.494426165402
AO,F10,16,14690.395170378859
AO,F10,17,16276.32630296034
AO,F10,18,15649.54500038438
AO,F10,19,14198.175976465096
AO,F10,20,14916.453661377906
AO,F10,21,15722.018143592828
AO,F10,22,15302.699572318372
AO,F10,23,14637.37232573365
AO,F10,24,16218.194955503757
AO,F10,25,15556.356547814692
AO,F10,26,15640.844311136963
AO,F10,27,15453.969119155838
AO,F10,28,15540.323618061208
AO,F10,29,15113.371586928053
AO,F10,30,15538.208875055709
AO,F11,1,24341.058393702635
AO,F11,2,16647.63138584028
AO,F11,3,20023.277693434127
AO,F11,4,16385.413368938203
AO,F11,5,16122.420621496647
AO,F11,6,20197.389477552275
AO,F11,7,30072.158112213037
AO,F11,8,23192.483554684673
AO,F11,9,14599.315461365322
AO,F11,10,21541.963134020167
AO,F11,11,24023.44207742043
AO,F11,12,22943.7182195233
AO,F11,13,18172.2803296167
AO,F11,14,20271.74230432339
AO,F11,15,21295.4520457442
AO,F11,16,18996.371256451002
AO,F11,17,24128.296243262645
AO,F11,18,17720.61851879814
AO,F11,19,18500.34765994796
AO,F11,20,28309.46295902419
AO,F11,21,25522.053814899456
AO,F11,22,32174.627183378725
AO,F11,23,17419.904173902207
AO,F11,24,20326.580483572125
AO,F11,25,15543.5961174661
AO,F11,26,16811.53873486556
AO,F11,27,17163.333551926044
AO,F11,28,11577.006609059692
AO,F11,29,25689.284887527087
AO,F11,30,17385.354023897733
AO,F12,1,50480072106.46082
AO,F12,2,48148397207.26439
AO,F12,3,35433125221.411995
AO,F12,4,42366542440.956375
AO,F12,5,31620611135.679405
AO,F12,6,22649880907.70091
AO,F12,7,42011986053.22871
AO,F12,8,40519779527.644806
AO,F12,9,40471399719.104095
AO,F12,10,27769692627.06537
AO,F12,11,34766277640.57765
AO,F12,12,47787684956.33084
AO,F12,13,41485944377.71702
AO,F12,14,54736023291.93338
AO,F12,15,54023178296.85441
AO,F12,16,40985565773.67337
AO,F12,17,33129956683.124275
AO,F12,18,46760249318.05951
AO,F12,19,52313505470.30715
AO,F12,20,41885875507.10956
AO,F12,21,44208818546.386345
AO,F12,22,20201147363.871384
AO,F12,23,48613781137.00926
AO,F12,24,43935844635.54598
AO,F12,25,39953819162.84066
AO,F12,26,46738211763.70987
AO,F12,27,34492766316.494286
AO,F12,28,50416135586.216934
AO,F12,29,53040407575.66579
AO,F12,30,41329911888.04585
AO,F13,1,20826000349.982635
AO,F13,2,11312894310.28775
AO,F13,3,19374121718.659252
AO,F13,4,14115627872.808168
AO,F13,5,24748178165.937687
AO,F13,6,20326088211.13461
AO,F13,7,20587461159.32935
AO,F13,8,19487494203.699417
AO,F13,9,16322451690.390345
AO,F13,10,16579073289.88786
AO,F13,11,13218827862.025784
AO,F13,12,11743003844.15734
AO,F13,13,19507613882.358044
AO,F13,14,9840042154.955914
AO,F13,15,16246105880.498375
AO,F13,16,23038939646.994
AO,F13,17,6220356841.012487
AO,F13,18,14057911374.221247
AO,F13,19,22858758282.802486
AO,F13,20,16911597865.204382
AO,F13,21,8212789824.090245
AO,F13,22,16150892374.353153
AO,F13,23,19027294220.24283
AO,F13,24,11825542548.655098
AO,F13,25,13725191150.640327
AO,F13,26,16889962514.561075
AO,F13,27,11462075464.789328
AO,F13,28,11002459268.176254
AO,F13,29,16961990055.759634
AO,F13,30,11131143691.782911
AO,F14,1,9134232.789832192
AO,F14,2,6588222.527975463
AO,F14,3,13489000.711539108
AO,F14,4,8827899.541120257
AO,F14,5,28953170.72890151
AO,F14,6,4192518.6817408158
AO,F14,7,3045023.469094263
AO,F14,8,31863633.723694675
AO,F14,9,30073446.11866893
AO,F14,10,12188787.183638496
AO,F14,11,38022982.46699678
AO,F14,12,10899710.840308553
AO,F14,13,12484549.931064814
AO,F14,14,42934116.97702993
AO,F14,15,6258294.144667823
AO,F14,16,13767754.703007724
AO,F14,17,14858121.194327097
AO,F14,18,13021468.818026341
AO,F14,19,14318784.80523229
AO,F14,20,4296101.9550964525
AO,F14,21,10946782.456332901
AO,F14,22,28648855.13152274
AO,F14,23,34278531.1310492
AO,F14,24,14239715.311274873
AO,F14,25,10185249.348421765
AO,F14,26,35010643.15546262
AO,F14,27,33518898.45537768
AO,F14,28,8372120.523436215
AO,F14,29,15161565.660193702
AO,F14,30,40919972.43723935
AO,F15,1,1379565289.4894302
AO,F15,2,1324999725.030461
AO,F15,3,685255464.5614847
AO,F15,4,1218478095.5919077
AO,F15,5,1021112645.1079316
AO,F15,6,2243875021.723494
AO,F15,7,1223822598.131281
AO,F15,8,2147818434.74489
AO,F15,9,662171625.9340116
AO,F15,10,1852050342.6091256
AO,F15,11,884504399.8713715
AO,F15,12,1252177346.0881581
AO,F15,13,1230672322.8271868
AO,F15,14,316979482.86773074
AO,F15,15,827666472.4496466
AO,F15,16,2258203202.506382
AO,F15,17,1069337705.0396261
AO,F15,18,1734873986.5114594
AO,F15,19,1171038402.9810553
AO,F15,20,361923240.95028263
AO,F15,21,1529871761.5171165
AO,F15,22,1092158094.0651956
AO,F15,23,768535666.774222
AO,F15,24,610457730.2386402
AO,F15,25,744205005.7788079
AO,F15,26,1324265314.2181556
AO,F15,27,892869340.8490497
AO,F15,28,888931698.1488713
AO,F15,29,685932344.8462853
AO,F15,30,1297060848.2444494
AO,F16,1,9193.897679580958
AO,F16,2,7619.587633466761
AO,F16,3,8902.27109063969
AO,F16,4,7462.492076051238
AO,F16,5,7614.006194494059
AO,F16,6,7128.314120454442
AO,F16,7,6665.532767573166
AO,F16,8,8484.685338518535
AO,F16,9,5440.090922282132
AO,F16,10,6907.191196802615
AO,F16,11,8898.533394282891
AO,F16,12,6808.070563282707
AO,F16,13,6966.771750372724
AO,F16,14,6862.798880793149
AO,F16,15,6335.784935171315
AO,F16,16,7033.918480353684
AO,F16,17,6577.980161303834
AO,F16,18,6919.4291205138325
AO,F16,19,6658.20281776476
AO,F16,20,8090.220682764907
AO,F16,21,7389.742877175197
AO,F16,22,5919.013186869178
AO,F16,23,6948.426204549029
AO,F16,24,6794.24051836321
AO,F16,25,7123.753592317919
AO,F16,26,7307.120478703406
AO,F16,27,7526.814633656455
AO,F16,28,7217.568028185281
AO,F16,29,6425.87360720419
AO,F16,30,7552.443566253429
AO,F17,1,5236.845589775901
AO,F17,2,6324.318159920264
AO,F17,3,5963.521311936098
AO,F17,4,7154.706452732315
AO,F17,5,7161.578892641108
AO,F17,6,4537.300244925173
AO,F17,7,5194.003783149334
AO,F17,8,6459.810344130794
AO,F17,9,5487.970096615024
AO,F17,10,5540.858597910979
AO,F17,11,4631.339969925621
AO,F17,12,5323.151827345974
AO,F17,13,5333.753050993246
AO,F17,14,5429.1214186433135
AO,F17,15,5462.193034328344
AO,F17,16,5790.166368732102
AO,F17,17,5283.2624682003425
AO,F17,18,4804.266158744056
AO,F17,19,5777.609166007099
AO,F17,20,7349.644359734906
AO,F17,21,4269.272516332772
AO,F17,22,6955.008285396699
AO,F17,23,5299.749997060068
AO,F17,24,5841.04728262481
AO,F17,25,6608.392631759388
AO,F17,26,5209.674259119412
AO,F17,27,4981.495984685688
AO,F17,28,7166.146786029573
AO,F17,29,5750.841961828559
AO,F17,30,5425.203785954644
AO,F18,1,68360181.37524845
AO,F18,2,139329038.88964918
AO,F18,3,153080523.42797357
AO,F18,4,108509960.48423427
AO,F18,5,45903698.646061115
AO,F18,6,71768190.20802937
AO,F18,7,56899136.592782974
AO,F18,8,178653099.59718385
AO,F18,9,63384043.44078641
AO,F18,10,141291062.43935916
AO,F18,11,38865000.56717839
AO,F18,12,73656239.53445834
AO,F18,13,115601174.22089311
AO,F18,14,110011082.63867551
AO,F18,15,19778524.794945486
AO,F18,16,48890255.695884824
AO,F18,17,180989505.08246106
AO,F18,18,115388308.47027537
AO,F18,19,137664129.3149313
AO,F18,20,101555876.39947855
AO,F18,21,108023309.92153215
AO,F18,22,214439944.04394796
AO,F18,23,65358878.77421361
AO,F18,24,181986591.5660089
AO,F18,25,35145540.19029523
AO,F18,26,86276342.80678163
AO,F18,27,105811666.08523269
AO,F18,28,53750248.318458974
AO,F18,29,72559281.24447359
AO,F18,30,139881261.3580652
AO,F19,1,2411009552.4255137
AO,F19,2,733121331.2050102
AO,F19,3,676368517.6066787
AO,F19,4,698384689.3809704
AO,F19,5,1373665733.7507603
AO,F19,6,715221818.8232158
AO,F19,7,965365037.4488236
AO,F19,8,583159996.2941189
AO,F19,9,856967428.6543497
AO,F19,10,1634480617.3020265
AO,F19,11,2500992226.5981727
AO,F19,12,716051388.7020366
AO,F19,13,603639111.4752215
AO,F19,14,842419820.2051425
AO,F19,15,599990341.4529157
AO,F19,16,2807647608.4063883
AO,F19,17,843225932.8409189
AO,F19,18,1611438559.4384494
AO,F19,19,1362531108.5454674
AO,F19,20,2330488151.9412446
AO,F19,21,591488710.1776508
AO,F19,22,1383019008.7039104
AO,F19,23,785379060.1822133
AO,F19,24,1469034556.2115908
AO,F19,25,796635810.9687645
AO,F19,26,893598370.991522
AO,F19,27,1166652389.9522328
AO,F19,28,2935316244.1101437
AO,F19,29,676609428.6695876
AO,F19,30,692427288.5941403
AO,F20,1,4429.845464037422
AO,F20,2,4267.792615121518
AO,F20,3,4369.744520736154
AO,F20,4,4085.6698457477746
AO,F20,5,4659.575593359684
AO,F20,6,4123.359303058454
AO,F20,7,4345.002781341641
AO,F20,8,4247.870125717941
AO,F20,9,4271.4465312375
AO,F20,10,4398.691907601853
AO,F20,11,4759.832329136221
AO,F20,12,4752.662876253973
AO,F20,13,4403.656009662696
AO,F20,14,4205.173967000874
AO,F20,15,4618.8968889386215
AO,F20,16,4336.749826007943
AO,F20,17,4600.058437969746
AO,F20,18,4738.97298250902
AO,F20,19,4475.38640801648
AO,F20,20,4583.586205878289
AO,F20,21,3962.864662531655
AO,F20,22,4331.004046254154
AO,F20,23,4330.3686372528355
AO,F20,24,4571.590181708021
AO,F20,25,4255.464313247096
AO,F20,26,4421.959498608222
AO,F20,27,4413.14813483142
AO,F20,28,4237.642607876109
AO,F20,29,4006.779031433036
AO,F20,30,4700.708507734444
AO,F21,1,3126.62918127626
AO,F21,2,3144.3306630870657
AO,F21,3,3076.438917045507
AO,F21,4,3025.7720619522674
AO,F21,5,3028.5110751206958
AO,F21,6,3034.329781196729
AO,F21,7,3194.247349981005
AO,F21,8,3101.6566171061
AO,F21,9,3051.859044890045
AO,F21,10,3002.4654070943125
AO,F21,11,3032.2723990504905
AO,F21,12,3052.467777930683
AO,F21,13,3085.587507350165
AO,F21,14,3112.11256647151
AO,F21,15,3081.5142293567587
AO,F21,16,3099.624160337956
AO,F21,17,3050.455039345608
AO,F21,18,3124.653249573963
AO,F21,19,3128.9225439194115
AO,F21,20,3083.5764075234774
AO,F21,21,3058.3638433328297
AO,F21,22,3128.9847772934395
AO,F21,23,3113.047247607843
AO,F21,24,3111.2287130610425
AO,F21,25,3102.9936602697244
AO,F21,26,3049.2895841671407
AO,F21,27,3063.1685173169717
AO,F21,28,3103.8431719551595
AO,F21,29,3130.6051122168183
AO,F21,30,2968.034455006681
AO,F22,1,17951.611147089803
AO,F22,2,16713.475664090496
AO,F22,3,15841.490622473277
AO,F22,4,17349.22736823591
AO,F22,5,16889.69513291683
AO,F22,6,17362.661785027045
AO,F22,7,17411.813627786592
AO,F22,8,17412.033675047696
AO,F22,9,15939.516084742816
AO,F22,10,16911.15262386513
AO,F22,11,17426.33606267407
AO,F22,12,17255.140337292483
AO,F22,13,17012.324608485866
AO,F22,14,17861.56067757916
AO,F22,15,17237.624292244516
AO,F22,16,17287.20202252043
AO,F22,17,17474.68823746853
AO,F22,18,17376.85057687732
AO,F22,19,17086.651935196613
AO,F22,20,16507.018363078612
AO,F22,21,16858.55140941163
AO,F22,22,16590.623433525183
AO,F22,23,17924.889516942414
AO,F22,24,16906.943502388014
AO,F22,25,17401.133936669215
AO,F22,26,17553.870429864834
AO,F22,27,17165.961956164254
AO,F22,28,17290.150027198826
AO,F22,29,17065.62571791309
AO,F22,30,16938.656558883948
AO,F23,1,3740.2849298857896
AO,F23,2,3855.2077267411214
AO,F23,3,4024.37092384916
AO,F23,4,3844.1473400925297
AO,F23,5,3894.396386509972
AO,F23,6,3833.5399717389387
AO,F23,7,3895.821471098914
AO,F23,8,3835.0580675574424
AO,F23,9,4028.467694735451
AO,F23,10,3799.589693767242
AO,F23,11,3823.806373835673
AO,F23,12,3936.0155603957783
AO,F23,13,3918.4323867803855
AO,F23,14,4186.64707650558
AO,F23,15,3836.0728219578677
AO,F23,16,3884.4185608636653
AO,F23,17,3988.5044517118326
AO,F23,18,4037.2035389188604
AO,F23,19,4059.0422561380656
AO,F23,20,4063.3843364327186
AO,F23,21,3966.8378735081806
AO,F23,22,3874.8539706092142
AO,F23,23,4052.5119911887696
AO,F23,24,3857.1395118509445
AO,F23,25,3845.1566181489025
AO,F23,26,4012.465917219583
AO,F23,27,3868.827512073274
AO,F23,28,3898.030754638935
AO,F23,29,3855.1522608303694
AO,F23,30,3960.572521163526
AO,F24,1,3893.8534004977087
AO,F24,2,4193.43583298486
AO,F24,3,3968.092004005452
AO,F24,4,4051.7813803608624
AO,F24,5,3949.572484463073
AO,F24,6,3915.698079165514
AO,F24,7,3861.384471655616
AO,F24,8,4029.9539884048418
AO,F24,9,4000.1346065114603
AO,F24,10,3972.2628460340893
AO,F24,11,3961.410470535704
AO,F24,12,4101.4011007374675
AO,F24,13,4162.9924826492
AO,F24,14,4069.9475598609242
AO,F24,15,4041.1766442768367
AO,F24,16,4104.729874585542
AO,F24,17,4080.5535319633373
AO,F24,18,3963.5289395798427
AO,F24,19,3859.057150587525
AO,F24,20,3948.423888569752
AO,F24,21,4141.526242384848
AO,F24,22,4019.3792807707605
AO,F24,23,3949.5308744838276
AO,F24,24,4124.201684045543
AO,F24,25,4050.44541408576
AO,F24,26,4083.3175207543454
AO,F24,27,3917.4405233141188
AO,F24,28,4001.953950876842
AO,F24,29,4118.555497382566
AO,F24,30,3900.7546716638853
AO,F25,1,10418.998981180197
AO,F25,2,10387.785844556947
AO,F25,3,12115.232234433794
AO,F25,4,12063.770042000067
AO,F25,5,12456.757142802931
AO,F25,6,9667.532108641404
AO,F25,7,11618.278301996768
AO,F25,8,10435.585667369221
AO,F25,9,12033.311015710311
AO,F25,10,12206.28371852579
AO,F25,11,13114.075613943398
AO,F25,12,13159.027338577327
AO,F25,13,11257.563615192676
AO,F25,14,11597.416077423504
AO,F25,15,11833.890882024796
AO,F25,16,10709.59247517794
AO,F25,17,12180.031162509555
AO,F25,18,10045.723940104877
AO,F25,19,12293.169287083361
AO,F25,20,13967.578113363867
AO,F25,21,10468.631562019724
AO,F25,22,10845.539191535945
AO,F25,23,8422.170700633862
AO,F25,24,12198.982362506908
AO,F25,25,11899.969315466773
AO,F25,26,11278.276349593589
AO,F25,27,8939.009506575518
AO,F25,28,11834.21199611789
AO,F25,29,9164.827804809733
AO,F25,30,9273.982874312447
AO,F26,1,15939.43937589413
AO,F26,2,14422.570952427941
AO,F26,3,14902.407096732033
AO,F26,4,16192.669735158535
AO,F26,5,14671.339615175766
AO,F26,6,15680.86598644334
AO,F26,7,13474.249080527023
AO,F26,8,14279.97990429696
AO,F26,9,13216.494355840434
AO,F26,10,13002.412331958378
AO,F26,11,12762.210242467117
AO,F26,12,13763.747800375839
AO,F26,13,14898.03589933367
AO,F26,14,12873.564971883357
AO,F26,15,12542.521817307235
AO,F26,16,15553.242830146384
AO,F26,17,14368.048549994854
AO,F26,18,13631.19876130802
AO,F26,19,13459.418085792358
AO,F26,20,13189.24708911866
AO,F26,21,14188.7574008017
AO,F26,22,15122.636184684065
AO,F26,23,15748.560121941911
AO,F26,24,14988.716210767794
AO,F26,25,14265.628206642705
AO,F26,26,14495.314823916962
AO,F26,27,14907.363571500096
AO,F26,28,15236.320352549303
AO,F26,29,15345.480751464525
AO,F26,30,15024.356213922027
AO,F27,1,3200.0121416725938
AO,F27,2,3200.0118605283105
AO,F27,3,3200.0119124402972
AO,F27,4,3200.0121922508347
AO,F27,5,3200.0121657004797
AO,F27,6,3200.012241402942
AO,F27,7,3200.0121927909604
AO,F27,8,3200.012149415821
AO,F27,9,3200.012114754318
AO,F27,10,3200.0120164883847
AO,F27,11,3200.012021860574
AO,F27,12,3200.012143963354
AO,F27,13,3200.012114559563
AO,F27,14,3200.0120955500297
AO,F27,15,3200.0120621142946
AO,F27,16,3200.012134485763
AO,F27,17,3200.0121127252837
AO,F27,18,3200.0121479403297
AO,F27,19,3200.0121237497065
AO,F27,20,3200.012048523447
AO,F27,21,3200.0120188955652
AO,F27,22,3200.01199810848
AO,F27,23,3200.0121006391346
AO,F27,24,3200.012116923336
AO,F27,25,3200.0121039916485
AO,F27,26,3200.0122107010893
AO,F27,27,3200.0120986362544
AO,F27,28,3200.012204239602
AO,F27,29,3200.0119832405776
AO,F27,30,3200.0120654814305
AO,F28,1,3300.0120903530624
AO,F28,2,3300.0074680801686
AO,F28,3,3300.012025899421
AO,F28,4,3300.0121039332284
AO,F28,5,3300.01209579739
AO,F28,6,3300.0119240192917
AO,F28,7,3300.003591393507
AO,F28,8,3300.011985529736
AO,F28,9,3300.012001405525
AO,F28,10,3300.0119070145624
AO,F28,11,3300.0120256931664
AO,F28,12,3300.0119042434135
AO,F28,13,3300.012112250265
AO,F28,14,3300.0119984772496
AO,F28,15,3299.9895640543245
AO,F28,16,3300.0117072497496
AO,F28,17,3299.9818411637643
AO,F28,18,3300.0122418341834
AO,F28,19,3300.012080183575
AO,F28,20,3300.001931078649
AO,F28,21,3300.0121388974635
AO,F28,22,3300.0120204458876
AO,F28,23,3300.011968541056
AO,F28,24,3300.011973443318
AO,F28,25,3300.0119850678493
AO,F28,26,3300.011643036184
AO,F28,27,3300.0118799042502
AO,F28,28,3299.9815435776713
AO,F28,29,3299.9615852231327
AO,F28,30,3300.0120713114234
AO,F29,1,9563.553227843498
AO,F29,2,11546.028916977088
AO,F29,3,9891.733289233063
AO,F29,4,8232.965436110706
AO,F29,5,8705.664411956139
AO,F29,6,9968.928379113644
AO,F29,7,10361.617060016612
AO,F29,8,9375.366891181366
AO,F29,9,9068.649270404214
AO,F29,10,10364.209463803943
AO,F29,11,16125.847871855001
AO,F29,12,10974.257012685886
AO,F29,13,9403.149615900136
AO,F29,14,19431.51081129702
AO,F29,15,7441.372005011201
AO,F29,16,8268.112730115146
AO,F29,17,7866.4042114173135
AO,F29,18,12630.51335804325
AO,F29,19,9706.633911739233
AO,F29,20,10413.562950663896
AO,F29,21,9874.104312196603
AO,F29,22,9296.565091410248
AO,F29,23,13451.603448336908
AO,F29,24,8073.733138338303
AO,F29,25,10779.542933341028
AO,F29,26,13696.726818711462
AO,F29,27,14549.519812354776
AO,F29,28,7891.715720536349
AO,F29,29,9068.15787304808
AO,F29,30,10187.04218381651
AO,F30,1,2070085789.7092435
AO,F30,2,1196049909.1642404
AO,F30,3,1006292269.5882399
AO,F30,4,6671015669.150493
AO,F30,5,1012978994.6519634
AO,F30,6,2910483473.307306
AO,F30,7,3280812365.662156
AO,F30,8,1570738426.963071
AO,F30,9,2022043988.8525703
AO,F30,10,1686619486.0817752
AO,F30,11,2022038553.2916696
AO,F30,12,1676493859.9426382
AO,F30,13,3626354646.6147
AO,F30,14,2470812592.921654
AO,F30,15,2365562359.2103024
AO,F30,16,2447167462.1596947
AO,F30,17,1312945046.8621178
AO,F30,18,1711425119.978649
AO,F30,19,3096771480.1383452
AO,F30,20,1823709957.498415
AO,F30,21,6895354770.293039
AO,F30,22,2363610492.982246
AO,F30,23,2757059370.016082
AO,F30,24,2184615599.2367625
AO,F30,25,2970974203.4257793
AO,F30,26,1769553057.2937987
AO,F30,27,2455410830.0074706
AO,F30,28,2537070320.017088
AO,F30,29,1898610327.3552623
AO,F30,30,2016428611.9252968
FTO,F1,1,91741016777.0641
FTO,F1,2,122809944846.60738
FTO,F1,3,110178820557.03223
FTO,F1,4,105697879477.75662
FTO,F1,5,99386126668.91324
FTO,F1,6,112343413724.85968
FTO,F1,7,103538870092.36166
FTO,F1,8,128834682779.91762
FTO,F1,9,134944603613.24701
FTO,F1,10,103211540335.74419
FTO,F1,11,103871829193.41557
FTO,F1,12,118534290205.36018
FTO,F1,13,84443319487.6143
FTO,F1,14,102200823414.28098
FTO,F1,15,101439294394.05664
FTO,F1,16,127978318869.48581
FTO,F1,17,100462244767.29892
FTO,F1,18,95552324790.34477
FTO,F1,19,128489254932.61406
FTO,F1,20,115379219465.08606
FTO,F1,21,118728280335.57114
FTO,F1,22,112068914835.27325
FTO,F1,23,87752925907.49257
FTO,F1,24,102250599674.61862
FTO,F1,25,110963319019.18411
FTO,F1,26,108835304059.83054
FTO,F1,27,133164961426.78314
FTO,F1,28,126253398012.6513
FTO,F1,29,139714669039.95404
FTO,F1,30,88825390279.95874
FTO,F3,1,340022.56566714327
FTO,F3,2,525568.9431152587
FTO,F3,3,553085.8584798486
FTO,F3,4,598159.1450765555
FTO,F3,5,438064.43274315377
FTO,F3,6,650572.7785905051
FTO,F3,7,682083.6011973768
FTO,F3,8,712435.1769861502
FTO,F3,9,552842.8245646793
FTO,F3,10,507537.0435217268
FTO,F3,11,618520.5439302494
FTO,F3,12,485529.3229133028
FTO,F3,13,661463.9605790138
FTO,F3,14,589795.193575322
FTO,F3,15,573185.3042196507
FTO,F3,16,545681.2282883342
FTO,F3,17,389806.3613046294
FTO,F3,18,779667.3128315134
FTO,F3,19,562497.244724706
FTO,F3,20,626617.2596542229
FTO,F3,21,539965.3675766073
FTO,F3,22,708163.876329118
FTO,F3,23,414889.0959150962
FTO,F3,24,496458.97460396565
FTO,F3,25,637346.9404233691
FTO,F3,26,567965.3699193738
FTO,F3,27,680865.867081512
FTO,F3,28,707314.4321747
FTO,F3,29,538987.9229481008
FTO,F3,30,616938.5522471208
FTO,F4,1,21420.148251960327
FTO,F4,2,32434.44410543446
FTO,F4,3,24269.028050732122
FTO,F4,4,45755.89903131753
FTO,F4,5,37775.507032774716
FTO,F4,6,22555.53438229527
FTO,F4,7,38957.4833979054
FTO,F4,8,33293.120917092965
FTO,F4,9,34049.66834368223
FTO,F4,10,30617.584583085183
FTO,F4,11,30810.913961421462
FTO,F4,12,33124.08217970571
FTO,F4,13,40754.31207462098
FTO,F4,14,23250.104785429805
FTO,F4,15,37168.92353970172
FTO,F4,16,36032.6192460627
FTO,F4,17,37447.75918754212
FTO,F4,18,32307.71855012542
FTO,F4,19,45649.40779692132
FTO,F4,20,37364.646150437526
FTO,F4,21,40535.090287935986
FTO,F4,22,32706.09586850416
FTO,F4,23,24762.510219774256
FTO,F4,24,29582.60817963224
FTO,F4,25,41911.782928886
FTO,F4,26,29219.86505052356
FTO,F4,27,30361.960215334693
FTO,F4,28,32260.01310298932
FTO,F4,29,49413.475395868285
FTO,F4,30,26997.58605049369
FTO,F5,1,1215.1967345226608
FTO,F5,2,1227.6636001542379
FTO,F5,3,1149.213751558892
FTO,F5,4,1202.5587097358812
FTO,F5,5,1280.5105788250112
FTO,F5,6,1278.5721111134003
FTO,F5,7,1191.5597510785915
FTO,F5,8,1188.2312376812747
FTO,F5,9,1222.015089402369
FTO,F5,10,1304.141700218348
FTO,F5,11,1252.7014631519287
FTO,F5,12,1210.5263233172745
FTO,F5,13,1251.4500402699364
FTO,F5,14,1330.6111730782072
FTO,F5,15,1211.4074130946015
FTO,F5,16,1236.1549121797675
FTO,F5,17,1225.3247529707419
FTO,F5,18,1232.0169602390215
FTO,F5,19,1286.872598964619
FTO,F5,20,1246.5732116991073
FTO,F5,21,1233.3548392248265
FTO,F5,22,1357.2001643932435
FTO,F5,23,1233.752599053471
FTO,F5,24,1170.1303654161507
FTO,F5,25,1240.1779038649624
FTO,F5,26,1214.3925005965516
FTO,F5,27,1293.852416929
FTO,F5,28,1269.9384324378775
FTO,F5,29,1290.6331135875334
FTO,F5,30,1300.6422596718598
FTO,F6,1,679.4869842658472
FTO,F6,2,689.3765577280336
FTO,F6,3,685.3258930317588
FTO,F6,4,683.1929128571255
FTO,F6,5,687.6952450709738
FTO,F6,6,679.7337635629981
FTO,F6,7,684.1815855457965
FTO,F6,8,688.679034001745
FTO,F6,9,677.2437075281948
FTO,F6,10,681.8714015001638
FTO,F6,11,695.1551351975493
FTO,F6,12,690.2825838931027
FTO,F6,13,685.8530665196657
FTO,F6,14,689.1630110904737
FTO,F6,15,689.6835135631214
FTO,F6,16,674.3789980718849
FTO,F6,17,694.2986408888452
FTO,F6,18,691.4696566742405
FTO,F6,19,677.7461978060647
FTO,F6,20,674.2596503923323
FTO,F6,21,679.034278729355
FTO,F6,22,685.9732145238991
FTO,F6,23,687.9820693017484
FTO,F6,24,683.745432211811
FTO,F6,25,694.6122079978508
FTO,F6,26,681.3575004438725
FTO,F6,27,687.1746067021608
FTO,F6,28,700.4691520315191
FTO,F6,29,694.1907795798563
FTO,F6,30,683.8933884354823
FTO,F7,1,3368.6101306789587
FTO,F7,2,3268.4083442481415
FTO,F7,3,3141.183788415964
FTO,F7,4,3120.1218915402546
FTO,F7,5,2727.762639622034
FTO,F7,6,2680.445266651003
FTO,F7,7,3068.599451904808
FTO,F7,8,2603.591104111652
FTO,F7,9,2589.9052794819836
FTO,F7,10,2762.6473349106227
FTO,F7,11,2517.5022333672014
FTO,F7,12,2511.6745437472773
FTO,F7,13,2640.1417347603465
FTO,F7,14,2515.8588338899312
FTO,F7,15,2659.948557049377
FTO,F7,16,3302.935176127664
FTO,F7,17,2570.637769777142
FTO,F7,18,2510.019909502149
FTO,F7,19,2547.1873218608443
FTO,F7,20,2713.2717959541415
FTO,F7,21,3064.5278756901916
FTO,F7,22,2915.316059067811
FTO,F7,23,2912.8671292483873
FTO,F7,24,2514.77429227832
FTO,F7,25,2972.188187448576
FTO,F7,26,3116.639474067702
FTO,F7,27,3083.935308529264
FTO,F7,28,3211.6044554979917
FTO,F7,29,2975.06333233638
FTO,F7,30,2644.391688756973
FTO,F8,1,1553.4840771415656
FTO,F8,2,1542.882060745079
FTO,F8,3,1533.4161397168473
FTO,F8,4,1536.1092766364186
FTO,F8,5,1685.779639119458
FTO,F8,6,1663.3858087596063
FTO,F8,7,1472.6333381890702
FTO,F8,8,1515.5851822006762
FTO,F8,9,1625.5277691247438
FTO,F8,10,1610.431305165379
FTO,F8,11,1524.8599742004237
FTO,F8,12,1685.1120743907707
FTO,F8,13,1543.22554354565
FTO,F8,14,1622.862355636384
FTO,F8,15,1530.810405488081
FTO,F8,16,1552.8911625726569
FTO,F8,17,1577.2823416222845
FTO,F8,18,1497.2056440166864
FTO,F8,19,1699.785268015139
FTO,F8,20,1609.281000161749
FTO,F8,21,1562.7405623768468
FTO,F8,22,1612.5331648643187
FTO,F8,23,1553.3362528183006
FTO,F8,24,1532.4130976741465
FTO,F8,25,1656.9821476143575
FTO,F8,26,1724.3932988299136
FTO,F8,27,1571.4488318852382
FTO,F8,28,1631.124171598031
FTO,F8,29,1588.9983036256922
FTO,F8,30,1706.4710211701752
FTO,F9,1,44313.81657552946
FTO,F9,2,50640.53928513122
FTO,F9,3,48500.39708132776
FTO,F9,4,40746.16509075561
FTO,F9,5,45376.28133466965
FTO,F9,6,44742.726153825
FTO,F9,7,37155.06739911302
FTO,F9,8,38580.566675379865
FTO,F9,9,54242.43907754455
FTO,F9,10,47645.542613869286
FTO,F9,11,57022.59075136509
FTO,F9,12,61350.54275915368
FTO,F9,13,46831.595693831136
FTO,F9,14,58026.13699596955
FTO,F9,15,56345.48520857148
FTO,F9,16,39220.51221882138
FTO,F9,17,44456.44200081129
FTO,F9,18,57886.40518614302
FTO,F9,19,38012.49725396249
FTO,F9,20,52319.894300955966
FTO,F9,21,40786.19517578578
FTO,F9,22,55391.100137691516
FTO,F9,23,49389.793313702285
FTO,F9,24,56219.24871264702
FTO,F9,25,53812.33409151473
FTO,F9,26,39673.768051417894
FTO,F9,27,52908.34208807189
FTO,F9,28,46790.50755846244
FTO,F9,29,37504.36573266967
FTO,F9,30,60005.732164583496
FTO,F10,1,16239.983893794699
FTO,F10,2,15718.562499307154
FTO,F10,3,15786.420583947973
FTO,F10,4,14671.014473179726
FTO,F10,5,15682.673321005324
FTO,F10,6,15691.517492396568
FTO,F10,7,15492.320534403247
FTO,F10,8,15309.427222875025
FTO,F10,9,14886.504352424623
FTO,F10,10,15838.051027300135
FTO,F10,11,15531.249062482642
FTO,F10,12,15711.258227043389
FTO,F10,13,14705.553807067525
FTO,F10,14,15045.139228027725
FTO,F10,15,15957.344632093102
FTO,F10,16,16075.379467495975
FTO,F10,17,15950.688654392809
FTO,F10,18,15657.44517501257
FTO,F10,19,15098.605797188142
FTO,F10,20,16287.851135627927
FTO,F10,21,16176.74956559535
FTO,F10,22,16097.511878730964
FTO,F10,23,14965.867455643256
FTO,F10,24,16067.890518837728
FTO,F10,25,15019.11561325743
FTO,F10,26,15310.221148143097
FTO,F10,27,16259.688089067695
FTO,F10,28,16110.614933583984
FTO,F10,29,15054.610060132336
FTO,F10,30,16076.205696147554
FTO,F11,1,44029.67940379081
FTO,F11,2,43467.68447626682
FTO,F11,3,48282.378665826815
FTO,F11,4,63185.483028831746
FTO,F11,5,61955.41998802033
FTO,F11,6,100754.48246613325
FTO,F11,7,74480.33127966282
FTO,F11,8,30133.378806344437
FTO,F11,9,55935.65072933078
FTO,F11,10,48710.59561182866
FTO,F11,11,102851.68002699323
FTO,F11,12,53360.163749615
FTO,F11,13,35995.93054372067
FTO,F11,14,21551.84014392418
FTO,F11,15,58712.02028073767
FTO,F11,16,65800.79138902851
FTO,F11,17,76417.3533116053
FTO,F11,18,57406.69529857418
FTO,F11,19,100039.91328249758
FTO,F11,20,36251.565954350684
FTO,F11,21,49446.136674130554
FTO,F11,22,44454.999048482496
FTO,F11,23,75928.11110092762
FTO,F11,24,88085.43921014131
FTO,F11,25,60878.54593890053
FTO,F11,26,50644.02852198876
FTO,F11,27,40261.50941022128
FTO,F11,28,103686.30599213579
FTO,F11,29,81115.66146582911
FTO,F11,30,99811.81430175848
FTO,F12,1,33204248602.40844
FTO,F12,2,53180436660.50448
FTO,F12,3,53854054825.792015
FTO,F12,4,33087296183.064384
FTO,F12,5,46457490685.84619
FTO,F12,6,30354940362.331436
FTO,F12,7,24598525729.798645
FTO,F12,8,38277647116.69483
FTO,F12,9,43159853073.09832
FTO,F12,10,32888815098.713333
FTO,F12,11,56457832027.49744
FTO,F12,12,48724582578.20762
FTO,F12,13,39507708879.60996
FTO,F12,14,34031528251.75099
FTO,F12,15,34176165784.96913
FTO,F12,16,54325773260.012535
FTO,F12,17,58202347078.44104
FTO,F12,18,46585837885.27966
FTO,F12,19,40285039738.91926
FTO,F12,20,29612124215.468853
FTO,F12,21,24307114415.486145
FTO,F12,22,29634782389.88656
FTO,F12,23,28565278433.944977
FTO,F12,24,44706402676.83353
FTO,F12,25,36254540929.31459
FTO,F12,26,44857862336.43289
FTO,F12,27,49215611159.90627
FTO,F12,28,61336441053.563934
FTO,F12,29,48831308163.01609
FTO,F12,30,53807393302.37198
FTO,F13,1,12183356620.104298
FTO,F13,2,25103270662.41756
FTO,F13,3,26083409941.47485
FTO,F13,4,13943565484.784357
FTO,F13,5,19321731470.561962
FTO,F13,6,18854533739.461216
FTO,F13,7,16060952602.053352
FTO,F13,8,17868485339.02267
FTO,F13,9,25711308338.81427
FTO,F13,10,6992970096.898502
FTO,F13,11,11464078005.444193
FTO,F13,12,26446093535.254395
FTO,F13,13,18057955501.49523
FTO,F13,14,5891056850.009676
FTO,F13,15,11020422828.004692
FTO,F13,16,18525802751.627758
FTO,F13,17,18641703525.182217
FTO,F13,18,9557895137.119728
FTO,F13,19,10659346314.433928
FTO,F13,20,21661570088.65159
FTO,F13,21,23546082209.07157
FTO,F13,22,19249897918.37855
FTO,F13,23,13941817205.553934
FTO,F13,24,24245520806.640232
FTO,F13,25,22954464658.086857
FTO,F13,26,18061766967.167244
FTO,F13,27,32842397446.92007
FTO,F13,28,27171776467.45118
FTO,F13,29,22928737250.1758
FTO,F13,30,23811864907.79061
FTO,F14,1,8120834.916115398
FTO,F14,2,10449552.305399943
FTO,F14,3,34127242.76125216
FTO,F14,4,18116721.384827297
FTO,F14,5,7013152.812578091
FTO,F14,6,21312661.053467315
FTO,F14,7,25545862.092841804
FTO,F14,8,28963184.079096973
FTO,F14,9,53748985.62935985
FTO,F14,10,14831859.644549657
FTO,F14,11,16594758.962702641
FTO,F14,12,8323766.4335587295
FTO,F14,13,27149410.5967467
FTO,F14,14,44090366.04688827
FTO,F14,15,17810407.90111126
FTO,F14,16,43492372.51290279
FTO,F14,17,23965452.68713045
FTO,F14,18,35079245.93309481
FTO,F14,19,11986482.287149336
FTO,F14,20,17743715.793110006
FTO,F14,21,32241921.199637335
FTO,F14,22,23502203.011086542
FTO,F14,23,13268339.008091776
FTO,F14,24,26852635.53513899
FTO,F14,25,23542239.0568596
FTO,F14,26,16466847.40927295
FTO,F14,27,28735279.768386487
FTO,F14,28,27435590.635665756
FTO,F14,29,24006986.259513654
FTO,F14,30,15561503.478654709
FTO,F15,1,1405614609.9356987
FTO,F15,2,6074053026.454473
FTO,F15,3,7036284388.235848
FTO,F15,4,12632163660.682049
FTO,F15,5,5384219722.664949
FTO,F15,6,1129656913.5207052
FTO,F15,7,8134503489.242635
FTO,F15,8,3843664161.4914412
FTO,F15,9,7740443745.26584
FTO,F15,10,8476719024.959751
FTO,F15,11,5635216798.103783
FTO,F15,12,7006679099.801377
FTO,F15,13,6102933989.569626
FTO,F15,14,10706259761.703712
FTO,F15,15,5284628936.621102
FTO,F15,16,5638142605.291276
FTO,F15,17,8779809185.477228
FTO,F15,18,6381604602.810398
FTO,F15,19,11051063864.147602
FTO,F15,20,8102643423.476668
FTO,F15,21,10856512017.903755
FTO,F15,22,6646480181.334649
FTO,F15,23,10804706777.370235
FTO,F15,24,5570260341.930804
FTO,F15,25,11029436765.049921
FTO,F15,26,10508471807.295677
FTO,F15,27,3640262707.5913496
FTO,F15,28,8347929460.031206
FTO,F15,29,8822509404.087952
FTO,F15,30,4640070208.077777
FTO,F16,1,7337.3105872966025
FTO,F16,2,8193.239223020022
FTO,F16,3,7664.770184667618
FTO,F16,4,8013.90068706105
FTO,F16,5,9386.411409958735
FTO,F16,6,9126.729180868555
FTO,F16,7,7997.591696067195
FTO,F16,8,8129.059494551967
FTO,F16,9,8013.399617495488
FTO,F16,10,7374.035664798082
FTO,F16,11,9066.473298811841
FTO,F16,12,8319.267134796775
FTO,F16,13,8459.473886764627
FTO,F16,14,7944.172915877934
FTO,F16,15,7467.090557270469
FTO,F16,16,8062.156053912919
FTO,F16,17,7598.881645466635
FTO,F16,18,7297.009642651616
FTO,F16,19,8675.348445677155
FTO,F16,20,9214.697545713036
FTO,F16,21,8269.858795160832
FTO,F16,22,8629.478111201604
FTO,F16,23,9420.6959644251
FTO,F16,24,8147.806694784042
FTO,F16,25,9389.978129080802
FTO,F16,26,7782.933341820064
FTO,F16,27,8608.520870670527
FTO,F16,28,8697.848727800147
FTO,F16,29,7470.674182954082
FTO,F16,30,8391.518886614083
FTO,F17,1,8829.65048286155
FTO,F17,2,10502.739395605222
FTO,F17,3,14240.997058987332
FTO,F17,4,32111.115837645306
FTO,F17,5,14512.250843295018
FTO,F17,6,12681.253126750316
FTO,F17,7,7125.701401290184
FTO,F17,8,175367.7724997373
FTO,F17,9,7119.580090315006
FTO,F17,10,30838.613119319518
FTO,F17,11,7919.710944685687
FTO,F17,12,7483.852344720914
FTO,F17,13,6557.922372765569
FTO,F17,14,8156.069377562805
FTO,F17,15,14464.931119402276
FTO,F17,16,10388.521423706487
FTO,F17,17,18293.299648684104
FTO,F17,18,7449.5472312016645
FTO,F17,19,8513.172885690647
FTO,F17,20,7691.314885624127
FTO,F17,21,10684.925969853964
FTO,F17,22,23224.540474170015
FTO,F17,23,12060.658145795374
FTO,F17,24,37422.44266604443
FTO,F17,25,28701.688699796585
FTO,F17,26,9132.196735950769
FTO,F17,27,15821.444255384653
FTO,F17,28,31215.669387947295
FTO,F17,29,11559.255562086148
FTO,F17,30,6462.636240786767
FTO,F18,1,146397483.58066237
FTO,F18,2,156565459.24084538
FTO,F18,3,87845556.70574579
FTO,F18,4,384197554.4213381
FTO,F18,5,442606304.55315816
FTO,F18,6,299717099.95742667
FTO,F18,7,240558339.32008645
FTO,F18,8,279472076.91387177
FTO,F18,9,106359210.13397077
FTO,F18,10,232595749.136099
FTO,F18,11,248287599.32131442
FTO,F18,12,125011689.89038251
FTO,F18,13,428811909.03190845
FTO,F18,14,248841656.2441182
FTO,F18,15,245485867.79934
FTO,F18,16,210806622.05548218
FTO,F18,17,348656341.9796991
FTO,F18,18,225063237.55477682
FTO,F18,19,87967932.13221993
FTO,F18,20,346511109.6103611
FTO,F18,21,164225735.1421091
FTO,F18,22,199551115.64028832
FTO,F18,23,149610626.9249155
FTO,F18,24,194104119.65039968
FTO,F18,25,274004305.942235
FTO,F18,26,88522254.66603567
FTO,F18,27,226573005.81517732
FTO,F18,28,116757740.30063322
FTO,F18,29,238781070.93318138
FTO,F18,30,163445800.9594944
FTO,F19,1,3083359958.272489
FTO,F19,2,1784604820.948354
FTO,F19,3,2012904115.2304704
FTO,F19,4,2998187834.3647656
FTO,F19,5,979919801.9497447
FTO,F19,6,1353735191.4173117
FTO,F19,7,3777407660.725242
FTO,F19,8,1199843808.382603
FTO,F19,9,2396506065.8478446
FTO,F19,10,2325582609.0703597
FTO,F19,11,2927340503.3929973
FTO,F19,12,2409785388.2946
FTO,F19,13,2078380002.5409806
FTO,F19,14,3584528150.0452023
FTO,F19,15,2378642053.5229425
FTO,F19,16,3192148746.0564327
FTO,F19,17,3032714650.308135
FTO,F19,18,1543753265.6115208
FTO,F19,19,978778455.9987712
FTO,F19,20,3371005978.166065
FTO,F19,21,1815776466.6397135
FTO,F19,22,1732837644.5107095
FTO,F19,23,1815069396.1317735
FTO,F19,24,2065977918.0998228
FTO,F19,25,2804667852.945741
FTO,F19,26,2312968629.376748
FTO,F19,27,1061179755.3755007
FTO,F19,28,1631385137.159299
FTO,F19,29,2380091623.5954385
FTO,F19,30,2749373798.222513
FTO,F20,1,4890.474651726533
FTO,F20,2,4663.328045554146
FTO,F20,3,4026.829724925741
FTO,F20,4,4629.671871902849
FTO,F20,5,4823.094466394596
FTO,F20,6,5123.5429217713645
FTO,F20,7,4948.778988574213
FTO,F20,8,5086.923429700891
FTO,F20,9,5084.234142817144
FTO,F20,10,4874.745315077087
FTO,F20,11,4841.484708352687
FTO,F20,12,4931.684516376912
FTO,F20,13,4837.562634903395
FTO,F20,14,4872.251631693249
FTO,F20,15,4889.785910723842
FTO,F20,16,4174.147554935622
FTO,F20,17,5084.553743829136
FTO,F20,18,4750.59690401214
FTO,F20,19,4931.869883994139
FTO,F20,20,4700.522562966929
FTO,F20,21,5132.487918387025
FTO,F20,22,5187.530638808004
FTO,F20,23,5247.531698417515
FTO,F20,24,5307.429391649902
FTO,F20,25,4617.279086361443
FTO,F20,26,4501.881216445664
FTO,F20,27,4714.275517692584
FTO,F20,28,4868.924374010072
FTO,F20,29,4938.67949065366
FTO,F20,30,4737.1017090458445
FTO,F21,1,3095.7577921899274
FTO,F21,2,2978.9134664184485
FTO,F21,3,3059.086680454395
FTO,F21,4,2982.1816466776627
FTO,F21,5,3029.349960122004
FTO,F21,6,2986.055815004933
FTO,F21,7,3127.0131140693757
FTO,F21,8,3083.6058746883937
FTO,F21,9,2985.0114222895645
FTO,F21,10,3058.177228959955
FTO,F21,11,3051.560060803013
FTO,F21,12,3080.8515182321757
FTO,F21,13,3074.929397770345
FTO,F21,14,3082.722175217828
FTO,F21,15,3106.9619579064592
FTO,F21,16,3073.483142226094
FTO,F21,17,3045.3222653925477
FTO,F21,18,2927.6913766886646
FTO,F21,19,3118.9684493714594
FTO,F21,20,3036.9245598668467
FTO,F21,21,3015.7536946339187
FTO,F21,22,2999.8359363266613
FTO,F21,23,3006.096091572156
FTO,F21,24,3131.1234439184354
FTO,F21,25,3044.6304717505304
FTO,F21,26,2947.531564932072
FTO,F21,27,3074.127125270109
FTO,F21,28,2985.6155616834853
FTO,F21,29,3079.0455340333133
FTO,F21,30,3006.2119220118643
FTO,F22,1,15835.447579348704
FTO,F22,2,16494.47131781998
FTO,F22,3,16396.915138563065
FTO,F22,4,16797.585974621787
FTO,F22,5,16486.999397531064
FTO,F22,6,15802.855510619667
FTO,F22,7,16486.850456672822
FTO,F22,8,16449.151599382865
FTO,F22,9,17009.953042468274
FTO,F22,10,16297.359434131637
FTO,F22,11,15721.207596370688
FTO,F22,12,16263.596368368153
FTO,F22,13,16992.455945508897
FTO,F22,14,16675.591990016415
FTO,F22,15,16590.871835479105
FTO,F22,16,16686.426435940557
FTO,F22,17,15665.497662937878
FTO,F22,18,17157.109226092136
FTO,F22,19,16152.858883963432
FTO,F22,20,15896.37950099524
FTO,F22,21,16496.055822695984
FTO,F22,22,17331.965784834432
FTO,F22,23,16882.03353542588
FTO,F22,24,16175.618830404654
FTO,F22,25,15344.081024516649
FTO,F22,26,17022.189599772282
FTO,F22,27,16976.551877600265
FTO,F22,28,15643.97060198305
FTO,F22,29,16452.647571955305
FTO,F22,30,16260.008818768369
FTO,F23,1,3815.7537962778138
FTO,F23,2,4013.692444552522
FTO,F23,3,4032.0442300709565
FTO,F23,4,4112.352700521883
FTO,F23,5,4164.44845725585
FTO,F23,6,3889.495921924124
FTO,F23,7,4159.375648036825
FTO,F23,8,4092.083797527654
FTO,F23,9,4020.9383824104207
FTO,F23,10,4092.4113909617936
FTO,F23,11,4151.18481146311
FTO,F23,12,4116.049619943298
FTO,F23,13,4232.131927517705
FTO,F23,14,4071.220931268492
FTO,F23,15,4008.0397419457286
FTO,F23,16,4036.2874608868624
FTO,F23,17,4207.162037355513
FTO,F23,18,4120.722315816524
FTO,F23,19,3809.9128839159303
FTO,F23,20,4027.7916120164446
FTO,F23,21,4064.062446496763
FTO,F23,22,4077.3032844165864
FTO,F23,23,4120.803544744867
FTO,F23,24,3990.003933217454
FTO,F23,25,4022.7538161607613
FTO,F23,26,4067.514194653325
FTO,F23,27,4139.921767617405
FTO,F23,28,4189.070508823138
FTO,F23,29,4043.8968076762994
FTO,F23,30,4023.1251943071375
FTO,F24,1,3948.547695359767
FTO,F24,2,3945.1992687547445
FTO,F24,3,4004.780019453937
FTO,F24,4,3801.6143214581557
FTO,F24,5,3892.3900528195963
FTO,F24,6,3909.990812300498
FTO,F24,7,3837.323266280348
FTO,F24,8,3887.6201783308024
FTO,F24,9,3731.407803014651
FTO,F24,10,3988.5768134397754
FTO,F24,11,3842.3041036762297
FTO,F24,12,3741.27852718607
FTO,F24,13,3935.500127415382
FTO,F24,14,3864.3228999283224
FTO,F24,15,4001.5758872690085
FTO,F24,16,3736.341520602171
FTO,F24,17,3966.2154139807258
FTO,F24,18,3737.3430978089154
FTO,F24,19,3974.7506680232923
FTO,F24,20,4071.772383390504
FTO,F24,21,3954.0442151617362
FTO,F24,22,3899.650565550799
FTO,F24,23,3886.150882844991
FTO,F24,24,3897.160949237947
FTO,F24,25,3937.298814972716
FTO,F24,26,3844.3656088632943
FTO,F24,27,3850.2533841912755
FTO,F24,28,3983.410084281799
FTO,F24,29,3822.81382165156
FTO,F24,30,3910.739473954661
FTO,F25,1,20664.883034739752
FTO,F25,2,23401.346371318097
FTO,F25,3,18535.177922270123
FTO,F25,4,19341.647634882294
FTO,F25,5,20210.540362575208
FTO,F25,6,17404.739759083037
FTO,F25,7,16165.515093792064
FTO,F25,8,21253.815460611364
FTO,F25,9,17300.441477016953
FTO,F25,10,20803.656446349996
FTO,F25,11,15976.559442118934
FTO,F25,12,14925.306904410043
FTO,F25,13,20216.953739847635
FTO,F25,14,17732.60373650892
FTO,F25,15,17426.537407429812
FTO,F25,16,23092.349137452908
FTO,F25,17,20465.005888918906
FTO,F25,18,17860.27405600405
FTO,F25,19,19201.242458403107
FTO,F25,20,18844.500688934575
FTO,F25,21,20809.631292121867
FTO,F25,22,17966.85261343602
FTO,F25,23,20259.386284553984
FTO,F25,24,20403.87645087547
FTO,F25,25,14756.956060896484
FTO,F25,26,20012.76951184371
FTO,F25,27,18749.905937356747
FTO,F25,28,18215.717446312858
FTO,F25,29,12747.84764099721
FTO,F25,30,21998.528414567172
FTO,F26,1,18914.7311140983
FTO,F26,2,19129.328603745922
FTO,F26,3,17657.726093498746
FTO,F26,4,16721.425856245995
FTO,F26,5,17833.162230373942
FTO,F26,6,15438.238470651033
FTO,F26,7,21936.07864507114
FTO,F26,8,17859.757883546503
FTO,F26,9,19343.532964224778
FTO,F26,10,18996.687358169613
FTO,F26,11,17437.994012397736
FTO,F26,12,18659.010775194383
FTO,F26,13,18927.437961159078
FTO,F26,14,18684.202038664975
FTO,F26,15,20482.57026676987
FTO,F26,16,17633.64261010624
FTO,F26,17,18138.962329089947
FTO,F26,18,16478.915868028882
FTO,F26,19,19102.484894384066
FTO,F26,20,21802.986825844204
FTO,F26,21,16706.92789605993
FTO,F26,22,21100.496775604803
FTO,F26,23,18698.87974367554
FTO,F26,24,15828.005864733266
FTO,F26,25,17791.86222919229
FTO,F26,26,20363.796755982614
FTO,F26,27,18374.278767484386
FTO,F26,28,16871.136751000482
FTO,F26,29,18645.73410263599
FTO,F26,30,19782.99920663381
FTO,F27,1,3200.012487940672
FTO,F27,2,3200.0124325726674
FTO,F27,3,4321.1148790381785
FTO,F27,4,3200.012471009791
FTO,F27,5,4344.81546773025
FTO,F27,6,3200.0124748847284
FTO,F27,7,3200.186434955693
FTO,F27,8,3200.015595481564
FTO,F27,9,4164.818448839602
FTO,F27,10,4625.385224617667
FTO,F27,11,3730.1307456897716
FTO,F27,12,3200.012449012527
FTO,F27,13,3200.012496552017
FTO,F27,14,4346.380506341563
FTO,F27,15,4587.068341052808
FTO,F27,16,3522.2703634006402
FTO,F27,17,3563.2884461385183
FTO,F27,18,3851.7508573894315
FTO,F27,19,4277.00382085794
FTO,F27,20,4023.715204404346
FTO,F27,21,3200.0123705333676
FTO,F27,22,3200.0124367978306
FTO,F27,23,3200.0146486212193
FTO,F27,24,4130.201249174303
FTO,F27,25,3213.6694920370887
FTO,F27,26,4392.788119670976
FTO,F27,27,3363.2444275010794
FTO,F27,28,4397.39803519978
FTO,F27,29,4539.358788802519
FTO,F27,30,3245.8310193840884
FTO,F28,1,3304.533324255502
FTO,F28,2,3300.0123024116015
FTO,F28,3,3339.705935042159
FTO,F28,4,3300.0124929528747
FTO,F28,5,3300.027025977911
FTO,F28,6,3300.0124463831917
FTO,F28,7,3531.385087185021
FTO,F28,8,3300.0182751083753
FTO,F28,9,9395.304241899597
FTO,F28,10,3300.0143246163757
FTO,F28,11,3300.018098869517
FTO,F28,12,3300.014824682892
FTO,F28,13,3300.0257101193706
FTO,F28,14,3319.114811922153
FTO,F28,15,3300.5175905633396
FTO,F28,16,3300.0959020362234
FTO,F28,17,3766.5647283682633
FTO,F28,18,3693.033454462723
FTO,F28,19,3300.4108102814325
FTO,F28,20,8855.689604184954
FTO,F28,21,3674.69316420615
FTO,F28,22,3300.0125040831717
FTO,F28,23,3945.6611618631086
FTO,F28,24,3712.1394932314142
FTO,F28,25,3300.0125459265414
FTO,F28,26,8217.244224150703
FTO,F28,27,3811.6718653459593
FTO,F28,28,3705.0322369173637
FTO,F28,29,7820.201195791967
FTO,F28,30,3300.0123893848104
FTO,F29,1,17985.386864853866
FTO,F29,2,9018.205357110026
FTO,F29,3,14039.001431599236
FTO,F29,4,16913.79531591603
FTO,F29,5,23467.03478428413
FTO,F29,6,21627.334780451158
FTO,F29,7,40821.05489593012
FTO,F29,8,24105.35915272379
FTO,F29,9,14909.47905616874
FTO,F29,10,13465.30916422917
FTO,F29,11,15805.769475913796
FTO,F29,12,20112.962136306287
FTO,F29,13,16481.376759104474
FTO,F29,14,17736.405831049367
FTO,F29,15,25438.557332657572
FTO,F29,16,15294.680860689108
FTO,F29,17,17649.933168381882
FTO,F29,18,17163.036266375566
FTO,F29,19,10003.193181528279
FTO,F29,20,19335.768739906736
FTO,F29,21,20893.973470747056
FTO,F29,22,8901.284944357432
FTO,F29,23,12560.844922853168
FTO,F29,24,46896.37949964768
FTO,F29,25,35038.726716556615
FTO,F29,26,24067.534835816085
FTO,F29,27,17079.563889271885
FTO,F29,28,16036.269971845375
FTO,F29,29,12473.525900252309
FTO,F29,30,12517.636892956347
FTO,F30,1,4234555594.8760657
FTO,F30,2,3045248685.058521
FTO,F30,3,3664095346.4563956
FTO,F30,4,2182091322.555542
FTO,F30,5,2468869429.6717
FTO,F30,6,3263778302.6164207
FTO,F30,7,7042679903.364061
FTO,F30,8,2735706920.9086742
FTO,F30,9,3132573444.3738217
FTO,F30,10,4676638437.914237
FTO,F30,11,2481572212.1710024
FTO,F30,12,2556066205.7580276
FTO,F30,13,5218808522.930731
FTO,F30,14,2202899493.674484
FTO,F30,15,5525351603.322446
FTO,F30,16,2450092851.858837
FTO,F30,17,5917159942.514968
FTO,F30,18,3577929386.345827
FTO,F30,19,2723727542.2731495
FTO,F30,20,2964064985.9959693
FTO,F30,21,4991615895.954271
FTO,F30,22,2967465939.7440467
FTO,F30,23,2675027172.783696
FTO,F30,24,1357145583.0024073
FTO,F30,25,5177739936.112939
FTO,F30,26,2798148200.266721
FTO,F30,27,1430535979.3642168
FTO,F30,28,2792015711.546443
FTO,F30,29,4709899336.964272
FTO,F30,30,4913717298.628362
